;FLAVOR:Marlin
;TIME:2880
;Filament used: 2.01937m
;Layer height: 0.2
;MINX:131.2
;MINY:121.2
;MINZ:0.2
;MAXX:168.8
;MAXY:179.8
;MAXZ:21
;TARGET_MACHINE.NAME:Creality K1 Max
;Generated with Cura_SteamEngine 5.10.1
M140 S0
M104 S0 
START_PRINT EXTRUDER_TEMP=230.0 BED_TEMP=45

M82 ;absolute extrusion mode
G92 E0
G92 E0
G1 F2400 E-0.5
;LAYER_COUNT:105
;LAYER:0
M107
G0 F6000 X131.945 Y122.681 Z0.2
;TYPE:SKIRT
G1 F2400 E0
G1 F1200 X132.7 Y121.978 E0.03431
G1 X133.691 Y121.387 E0.07269
G1 X134.671 Y121.225 E0.10573
G1 X165.39 Y121.2 E1.12744
G1 X166.322 Y121.429 E1.15936
G1 X167.319 Y121.945 E1.1967
G1 X168.022 Y122.7 E1.23102
G1 X168.613 Y123.691 E1.26939
G1 X168.775 Y124.671 E1.30243
G1 X168.8 Y155.39 E2.32415
G1 X168.571 Y156.322 E2.35607
G1 X168.055 Y157.319 E2.39341
G1 X167.3 Y158.022 E2.42772
G1 X166.309 Y158.613 E2.4661
G1 X165.329 Y158.775 E2.49913
G1 X161.8 Y158.796 E2.61651
G1 X161.805 Y165.146 E2.82771
G1 X162.819 Y166.128 E2.87466
G1 X163.559 Y167.775 E2.93472
G1 X163.799 Y168.88 E2.97232
G1 X163.796 Y171.545 E3.06096
G1 X163.032 Y173.542 E3.13208
G1 X162.046 Y174.648 E3.18136
G1 X161.804 Y174.865 E3.19217
G1 X161.8 Y176.392 E3.24296
G1 X161.571 Y177.322 E3.27482
G1 X161.055 Y178.319 E3.31215
G1 X160.3 Y179.022 E3.34647
G1 X159.309 Y179.613 E3.38484
G1 X158.329 Y179.775 E3.41788
G1 X153.605 Y179.8 E3.575
G1 X152.688 Y179.576 E3.6064
G1 X151.665 Y179.048 E3.64469
G1 X150.992 Y178.32 E3.67766
G1 X150.446 Y177.408 E3.71302
G1 X150.364 Y177.154 E3.72189
G1 X150.204 Y176.076 E3.75814
G1 X150.194 Y174.851 E3.79889
G1 X150.013 Y174.68 E3.80717
G1 X149.804 Y174.865 E3.81645
G1 X149.8 Y176.392 E3.86724
G1 X149.571 Y177.322 E3.8991
G1 X149.055 Y178.319 E3.93643
G1 X148.3 Y179.022 E3.97075
G1 X147.309 Y179.613 E4.00912
G1 X146.329 Y179.775 E4.04216
G1 X141.605 Y179.8 E4.19928
G1 X140.688 Y179.576 E4.23068
G1 X139.665 Y179.048 E4.26897
G1 X138.992 Y178.32 E4.30194
G1 X138.446 Y177.408 E4.3373
G1 X138.364 Y177.154 E4.34618
G1 X138.204 Y176.076 E4.38242
G1 X138.194 Y174.85 E4.4232
G1 X137.206 Y173.912 E4.46851
G1 X136.45 Y172.262 E4.52888
G1 X136.201 Y171.124 E4.56762
G1 X136.204 Y168.454 E4.65643
G1 X136.854 Y166.753 E4.71699
G1 X137.179 Y166.191 E4.73859
G1 X138.196 Y165.126 E4.78757
G1 X138.2 Y158.8 E4.99797
G1 X134.61 Y158.8 E5.11737
G1 X133.678 Y158.571 E5.14929
G1 X132.681 Y158.055 E5.18663
G1 X131.978 Y157.3 E5.22094
G1 X131.387 Y156.309 E5.25932
G1 X131.225 Y155.329 E5.29236
G1 X131.2 Y124.61 E6.31408
G1 X131.429 Y123.678 E6.346
G1 X131.945 Y122.681 E6.38334
G0 F6000 X132.268 Y122.926
G1 F1200 X132.939 Y122.302 E6.41381
G1 X133.831 Y121.77 E6.44836
G1 X134.736 Y121.62 E6.47887
G1 X165.344 Y121.6 E7.49689
G1 X166.179 Y121.805 E7.52549
G1 X167.074 Y122.268 E7.55901
G1 X167.698 Y122.939 E7.58948
G1 X168.23 Y123.831 E7.62403
G1 X168.38 Y124.736 E7.65454
G1 X168.4 Y155.344 E8.67256
G1 X168.195 Y156.179 E8.70116
G1 X167.732 Y157.074 E8.73468
G1 X167.061 Y157.698 E8.76515
G1 X166.169 Y158.23 E8.7997
G1 X165.264 Y158.38 E8.83021
G1 X161.4 Y158.398 E8.95873
G1 X161.405 Y165.315 E9.18879
G1 X162.485 Y166.361 E9.23879
G1 X163.177 Y167.901 E9.29495
G1 X163.399 Y168.923 E9.32973
G1 X163.396 Y171.47 E9.41444
G1 X162.684 Y173.331 E9.48072
G1 X161.747 Y174.382 E9.52755
G1 X161.404 Y174.684 E9.54275
G1 X161.4 Y176.345 E9.59799
G1 X161.195 Y177.179 E9.62656
G1 X160.732 Y178.074 E9.66007
G1 X160.061 Y178.698 E9.69055
G1 X159.169 Y179.23 E9.72509
G1 X158.264 Y179.38 E9.75561
G1 X153.654 Y179.4 E9.90894
G1 X152.827 Y179.198 E9.93725
G1 X151.913 Y178.726 E9.97146
G1 X151.313 Y178.077 E10.00086
G1 X150.812 Y177.241 E10.03328
G1 X150.76 Y177.095 E10.03843
G1 X150.6 Y176.017 E10.07468
G1 X150.593 Y174.678 E10.11922
G1 X149.992 Y174.107 E10.14679
G1 X149.747 Y174.382 E10.15904
G1 X149.404 Y174.684 E10.17424
G1 X149.4 Y176.345 E10.22948
G1 X149.195 Y177.179 E10.25805
G1 X148.732 Y178.074 E10.29156
G1 X148.061 Y178.698 E10.32204
G1 X147.169 Y179.23 E10.35658
G1 X146.264 Y179.38 E10.3871
G1 X141.654 Y179.4 E10.54043
G1 X140.827 Y179.198 E10.56874
G1 X139.913 Y178.726 E10.60295
G1 X139.313 Y178.077 E10.63235
G1 X138.812 Y177.241 E10.66477
G1 X138.76 Y177.095 E10.66992
G1 X138.6 Y176.017 E10.70617
G1 X138.593 Y174.678 E10.75071
G1 X137.539 Y173.677 E10.79905
G1 X136.832 Y172.134 E10.8555
G1 X136.601 Y171.079 E10.89142
G1 X136.604 Y168.529 E10.97624
G1 X137.228 Y166.896 E11.03438
G1 X137.501 Y166.433 E11.05226
G1 X138.463 Y165.423 E11.09865
G1 X138.596 Y165.312 E11.10441
G1 X138.6 Y158.4 E11.33431
G1 X134.656 Y158.4 E11.46548
G1 X133.821 Y158.195 E11.49408
G1 X132.926 Y157.732 E11.5276
G1 X132.302 Y157.061 E11.55807
G1 X131.77 Y156.169 E11.59262
G1 X131.62 Y155.264 E11.62313
G1 X131.6 Y124.656 E12.64115
G1 X131.805 Y123.821 E12.66975
G1 X132.268 Y122.926 E12.70327
G0 F6000 X132.591 Y123.171
G1 F1200 X133.178 Y122.626 E12.72991
G1 X133.971 Y122.153 E12.76062
G1 X134.802 Y122.015 E12.78864
G1 X165.298 Y122 E13.80294
G1 X166.036 Y122.181 E13.82821
G1 X166.829 Y122.591 E13.8579
G1 X167.374 Y123.178 E13.88454
G1 X167.847 Y123.971 E13.91526
G1 X167.985 Y124.802 E13.94327
G1 X168 Y155.298 E14.95757
G1 X167.819 Y156.036 E14.98285
G1 X167.409 Y156.829 E15.01254
G1 X166.822 Y157.374 E15.03918
G1 X166.029 Y157.847 E15.06989
G1 X165.198 Y157.985 E15.09791
G1 X161 Y157.999 E15.23754
G1 X161.005 Y165.484 E15.48649
G1 X162.151 Y166.594 E15.53955
G1 X162.795 Y168.027 E15.59181
G1 X162.999 Y168.966 E15.62377
G1 X162.996 Y171.395 E15.70456
G1 X162.336 Y173.12 E15.76598
G1 X161.448 Y174.116 E15.81037
G1 X161.011 Y174.496 E15.82963
G1 X161 Y174.75 E15.83808
G1 X161 Y176.298 E15.88957
G1 X160.819 Y177.036 E15.91484
G1 X160.409 Y177.829 E15.94454
G1 X159.822 Y178.374 E15.97118
G1 X159.029 Y178.847 E16.00189
G1 X158.198 Y178.985 E16.02991
G1 X153.703 Y179 E16.17941
G1 X152.964 Y178.819 E16.20472
G1 X152.162 Y178.405 E16.23474
G1 X151.634 Y177.834 E16.2606
G1 X151.155 Y177.035 E16.29159
G1 X151 Y176.015 E16.3259
G1 X150.992 Y174.506 E16.37609
G1 X149.967 Y173.533 E16.4231
G1 X149.448 Y174.116 E16.44906
G1 X149.011 Y174.496 E16.46832
G1 X149 Y174.75 E16.47678
G1 X149 Y176.298 E16.52826
G1 X148.819 Y177.036 E16.55354
G1 X148.409 Y177.829 E16.58323
G1 X147.822 Y178.374 E16.60987
G1 X147.029 Y178.847 E16.64058
G1 X146.198 Y178.985 E16.6686
G1 X141.703 Y179 E16.8181
G1 X140.964 Y178.819 E16.84341
G1 X140.162 Y178.405 E16.87343
G1 X139.634 Y177.834 E16.89929
G1 X139.155 Y177.035 E16.93028
G1 X139 Y176.015 E16.96459
G1 X138.992 Y174.506 E17.01478
G1 X137.872 Y173.442 E17.06616
G1 X137.213 Y172.005 E17.11875
G1 X137.001 Y171.035 E17.15177
G1 X137.004 Y168.604 E17.23262
G1 X137.602 Y167.039 E17.28835
G1 X137.821 Y166.678 E17.30239
G1 X138.753 Y165.699 E17.34735
G1 X138.986 Y165.513 E17.35726
G1 X138.999 Y165.254 E17.36589
G1 X139 Y158 E17.60716
G1 X134.702 Y158 E17.75011
G1 X133.964 Y157.819 E17.77538
G1 X133.171 Y157.409 E17.80508
G1 X132.626 Y156.822 E17.83172
G1 X132.153 Y156.029 E17.86243
G1 X132.015 Y155.198 E17.89045
G1 X132 Y124.702 E18.90475
G1 X132.181 Y123.964 E18.93002
G1 X132.591 Y123.171 E18.95971
G0 F6000 X132.914 Y123.416
G1 F1200 X133.417 Y122.95 E18.98252
G1 X134.111 Y122.536 E19.0094
G1 X134.868 Y122.41 E19.03492
G1 X165.248 Y122.4 E20.04536
G1 X165.897 Y122.559 E20.06759
G1 X166.584 Y122.914 E20.09331
G1 X167.05 Y123.417 E20.11611
G1 X167.464 Y124.111 E20.14299
G1 X167.59 Y124.868 E20.16852
G1 X167.6 Y155.248 E21.17896
G1 X167.441 Y155.897 E21.20118
G1 X167.086 Y156.584 E21.2269
G1 X166.583 Y157.05 E21.24971
G1 X165.889 Y157.464 E21.27659
G1 X165.132 Y157.59 E21.30211
G1 X160.6 Y157.6 E21.45285
G1 X160.605 Y165.411 E21.71264
G1 X160.626 Y165.699 E21.72225
G1 X160.893 Y165.932 E21.73403
G1 X161.817 Y166.827 E21.77682
G1 X162.413 Y168.153 E21.82517
G1 X162.599 Y169.009 E21.85431
G1 X162.596 Y171.32 E21.93117
G1 X161.988 Y172.909 E21.98776
G1 X161.149 Y173.85 E22.02969
G1 X160.618 Y174.306 E22.05297
G1 X160.6 Y174.733 E22.06718
G1 X160.6 Y176.248 E22.11757
G1 X160.441 Y176.897 E22.1398
G1 X160.086 Y177.584 E22.16552
G1 X159.583 Y178.05 E22.18832
G1 X158.889 Y178.464 E22.2152
G1 X158.132 Y178.59 E22.24072
G1 X153.752 Y178.6 E22.3864
G1 X153.103 Y178.441 E22.40863
G1 X152.41 Y178.083 E22.43457
G1 X151.955 Y177.591 E22.45686
G1 X151.538 Y176.896 E22.48382
G1 X151.4 Y176.013 E22.51354
G1 X151.391 Y174.394 E22.56739
G1 X151.345 Y174.29 E22.57117
G1 X150.203 Y173.205 E22.62357
G1 X150.024 Y172.814 E22.63787
G1 X149.939 Y172.964 E22.6436
G1 X149.149 Y173.85 E22.68309
G1 X148.618 Y174.306 E22.70637
G1 X148.6 Y174.733 E22.72058
G1 X148.6 Y176.248 E22.77097
G1 X148.441 Y176.897 E22.79319
G1 X148.086 Y177.584 E22.81891
G1 X147.583 Y178.05 E22.84172
G1 X146.889 Y178.464 E22.8686
G1 X146.132 Y178.59 E22.89412
G1 X141.752 Y178.6 E23.0398
G1 X141.103 Y178.441 E23.06203
G1 X140.41 Y178.083 E23.08797
G1 X139.955 Y177.591 E23.11026
G1 X139.538 Y176.896 E23.13721
G1 X139.4 Y176.013 E23.16694
G1 X139.391 Y174.394 E23.22079
G1 X139.345 Y174.29 E23.22457
G1 X138.205 Y173.207 E23.27687
G1 X137.594 Y171.876 E23.32558
G1 X137.401 Y170.991 E23.35571
G1 X137.404 Y168.679 E23.43261
G1 X137.976 Y167.182 E23.48591
G1 X138.141 Y166.921 E23.49618
G1 X139.002 Y166.012 E23.53782
G1 X139.329 Y165.752 E23.55171
G1 X139.382 Y165.622 E23.55638
G1 X139.399 Y165.274 E23.56797
G1 X139.4 Y157.6 E23.82321
G1 X134.752 Y157.6 E23.9778
G1 X134.103 Y157.441 E24.00003
G1 X133.416 Y157.086 E24.02575
G1 X132.95 Y156.583 E24.04855
G1 X132.536 Y155.889 E24.07543
G1 X132.41 Y155.132 E24.10096
G1 X132.4 Y124.752 E25.1114
G1 X132.559 Y124.103 E25.13362
G1 X132.914 Y123.416 E25.15934
G0 F6000 X133.237 Y123.662
G1 F1200 X133.656 Y123.274 E25.17834
G1 X134.251 Y122.919 E25.20138
G1 X134.934 Y122.805 E25.22441
G1 X165.198 Y122.8 E26.231
G1 X165.758 Y122.937 E26.25017
G1 X166.338 Y123.237 E26.27189
G1 X166.726 Y123.656 E26.29088
G1 X167.081 Y124.251 E26.31393
G1 X167.195 Y124.934 E26.33696
G1 X167.2 Y155.198 E27.34354
G1 X167.063 Y155.758 E27.36272
G1 X166.763 Y156.338 E27.38444
G1 X166.344 Y156.726 E27.40343
G1 X165.749 Y157.081 E27.42648
G1 X165.066 Y157.195 E27.44951
G1 X160.2 Y157.2 E27.61135
G1 X160.205 Y165.428 E27.88501
G1 X160.231 Y165.777 E27.89665
G1 X160.306 Y165.95 E27.90293
G1 X160.629 Y166.233 E27.91721
G1 X161.483 Y167.06 E27.95675
G1 X162.031 Y168.279 E28.0012
G1 X162.199 Y169.052 E28.02751
G1 X162.196 Y171.245 E28.10045
G1 X161.64 Y172.698 E28.1522
G1 X160.85 Y173.584 E28.19168
G1 X160.357 Y174.004 E28.21322
G1 X160.257 Y174.143 E28.21891
G1 X160.214 Y174.395 E28.22742
G1 X160.2 Y174.716 E28.2381
G1 X160.2 Y176.198 E28.28739
G1 X160.063 Y176.758 E28.30657
G1 X159.763 Y177.338 E28.32829
G1 X159.344 Y177.726 E28.34728
G1 X158.749 Y178.081 E28.37033
G1 X158.066 Y178.195 E28.39336
G1 X153.802 Y178.2 E28.53518
G1 X153.242 Y178.063 E28.55435
G1 X152.658 Y177.761 E28.57622
G1 X152.276 Y177.348 E28.59493
G1 X151.921 Y176.757 E28.61786
G1 X151.8 Y176.011 E28.643
G1 X151.791 Y174.345 E28.69841
G1 X151.751 Y174.179 E28.70409
G1 X151.656 Y174.034 E28.70986
G1 X150.536 Y172.97 E28.76124
G1 X149.991 Y171.781 E28.80474
G1 X149.64 Y172.698 E28.8374
G1 X148.85 Y173.584 E28.87688
G1 X148.357 Y174.004 E28.89842
G1 X148.257 Y174.143 E28.90411
G1 X148.214 Y174.395 E28.91262
G1 X148.2 Y174.716 E28.9233
G1 X148.2 Y176.198 E28.9726
G1 X148.063 Y176.758 E28.99177
G1 X147.763 Y177.338 E29.01349
G1 X147.344 Y177.726 E29.03248
G1 X146.749 Y178.081 E29.05553
G1 X146.066 Y178.195 E29.07856
G1 X141.802 Y178.2 E29.22038
G1 X141.242 Y178.063 E29.23955
G1 X140.658 Y177.761 E29.26142
G1 X140.276 Y177.348 E29.28013
G1 X139.921 Y176.757 E29.30306
G1 X139.8 Y176.011 E29.3282
G1 X139.791 Y174.345 E29.38361
G1 X139.751 Y174.179 E29.38929
G1 X139.656 Y174.034 E29.39506
G1 X138.536 Y172.97 E29.44644
G1 X137.976 Y171.751 E29.49106
G1 X137.801 Y170.948 E29.51839
G1 X137.804 Y168.754 E29.59136
G1 X138.35 Y167.325 E29.64224
G1 X138.432 Y167.195 E29.64736
G1 X139.251 Y166.325 E29.6871
G1 X139.659 Y166.001 E29.70442
G1 X139.779 Y165.707 E29.71499
G1 X139.799 Y165.293 E29.72877
G1 X139.8 Y157.2 E29.99795
G1 X134.802 Y157.2 E30.16418
G1 X134.242 Y157.063 E30.18336
G1 X133.662 Y156.763 E30.20507
G1 X133.274 Y156.344 E30.22407
G1 X132.919 Y155.749 E30.24711
G1 X132.805 Y155.066 E30.27014
G1 X132.8 Y124.802 E31.27673
G1 X132.937 Y124.242 E31.2959
G1 X133.237 Y123.662 E31.31762
G1 F2400 E30.81762
G0 F6000 X134.347 Y155.653
G0 X149.8 Y158.8
G1 F2400 E31.31762
G1 F1200 X149.805 Y165.146 E31.52869
G1 X149.999 Y165.334 E31.53768
G1 X150.196 Y165.128 E31.54716
G1 X150.2 Y158.8 E31.75763
G1 X149.8 Y158.8 E31.77093
G0 F6000 X149.4 Y158.4
G1 F1200 X149.405 Y165.315 E32.00092
G1 X150.009 Y165.9 E32.02889
G1 X150.596 Y165.289 E32.05707
G1 X150.6 Y158.4 E32.2862
G1 X149.4 Y158.4 E32.32611
G0 F6000 X149 Y158
G1 F1200 X149.005 Y165.484 E32.57503
G1 X150.02 Y166.467 E32.62203
G1 X150.753 Y165.699 E32.65734
G1 X150.986 Y165.513 E32.66725
G1 X150.999 Y165.254 E32.67588
G1 X151 Y158 E32.91715
G1 X149 Y158 E32.98367
G0 F6000 X148.6 Y157.6
G1 F1200 X148.605 Y165.411 E33.24346
G1 X148.626 Y165.699 E33.25307
G1 X148.893 Y165.932 E33.26485
G1 X149.817 Y166.827 E33.30764
G1 X149.976 Y167.181 E33.32055
G1 X150.141 Y166.921 E33.33079
G1 X151.002 Y166.012 E33.37243
G1 X151.329 Y165.752 E33.38633
G1 X151.382 Y165.622 E33.391
G1 X151.399 Y165.274 E33.40259
G1 X151.4 Y157.6 E33.65782
G1 X148.6 Y157.6 E33.75095
G0 F6000 X148.2 Y157.2
G1 F1200 X148.205 Y165.428 E34.02462
G1 X148.231 Y165.777 E34.03626
G1 X148.306 Y165.95 E34.04253
G1 X148.629 Y166.233 E34.05681
G1 X149.483 Y167.06 E34.09635
G1 X150.006 Y168.224 E34.13879
G1 X150.35 Y167.325 E34.17081
G1 X150.432 Y167.195 E34.17592
G1 X151.251 Y166.325 E34.21566
G1 X151.659 Y166.001 E34.23299
G1 X151.779 Y165.707 E34.24355
G1 X151.799 Y165.293 E34.25734
G1 X151.8 Y157.2 E34.52651
G1 X148.2 Y157.2 E34.64625
G0 F6000 X147.8 Y156.8
G1 F1200 X147.805 Y165.445 E34.93378
G1 X147.837 Y165.874 E34.94809
G1 X147.975 Y166.192 E34.95962
G1 X148.351 Y166.52 E34.97622
G1 X149.149 Y167.293 E35.01317
G1 X149.649 Y168.405 E35.05372
G1 X149.799 Y169.095 E35.07721
G1 X149.796 Y171.17 E35.14622
G1 X149.292 Y172.487 E35.19312
G1 X148.59 Y173.28 E35.22835
G1 X148.061 Y173.731 E35.25147
G1 X147.879 Y173.985 E35.26186
G1 X147.815 Y174.356 E35.27438
G1 X147.8 Y174.699 E35.2858
G1 X147.8 Y176.148 E35.334
G1 X147.685 Y176.619 E35.35012
G1 X147.44 Y177.092 E35.36784
G1 X147.102 Y177.405 E35.38316
G1 X146.611 Y177.698 E35.40218
G1 X146 Y177.8 E35.42278
G1 X141.852 Y177.8 E35.56074
G1 X141.381 Y177.685 E35.57687
G1 X140.906 Y177.439 E35.59466
G1 X140.597 Y177.105 E35.6098
G1 X140.303 Y176.616 E35.62877
G1 X140.2 Y176.009 E35.64925
G1 X140.191 Y174.295 E35.70626
G1 X140.124 Y174.018 E35.71574
G1 X139.967 Y173.778 E35.72528
G1 X138.867 Y172.733 E35.77574
G1 X138.358 Y171.626 E35.81626
G1 X138.201 Y170.905 E35.84081
G1 X138.204 Y168.829 E35.90986
G1 X138.724 Y167.468 E35.95831
G1 X139.5 Y166.638 E35.99611
G1 X139.8 Y166.399 E36.00886
G1 X140.026 Y166.159 E36.01983
G1 X140.176 Y165.792 E36.03301
G1 X140.199 Y165.312 E36.049
G1 X140.2 Y156.8 E36.33211
G1 X134.852 Y156.8 E36.50998
G1 X134.381 Y156.685 E36.52611
G1 X133.908 Y156.44 E36.54383
G1 X133.595 Y156.102 E36.55915
G1 X133.302 Y155.611 E36.57817
G1 X133.2 Y155 E36.59877
G1 X133.2 Y124.852 E37.60149
G1 X133.315 Y124.381 E37.61762
G1 X133.56 Y123.908 E37.63534
G1 X133.898 Y123.595 E37.65066
G1 X134.389 Y123.302 E37.66968
G1 X135 Y123.2 E37.69028
G1 X165.148 Y123.2 E38.69301
G1 X165.619 Y123.315 E38.70913
G1 X166.092 Y123.56 E38.72685
G1 X166.405 Y123.898 E38.74217
G1 X166.698 Y124.389 E38.76119
G1 X166.8 Y125 E38.78179
G1 X166.8 Y155.148 E39.78452
G1 X166.685 Y155.619 E39.80064
G1 X166.44 Y156.092 E39.81836
G1 X166.102 Y156.405 E39.83368
G1 X165.611 Y156.698 E39.8527
G1 X165 Y156.8 E39.8733
G1 X159.8 Y156.8 E40.04626
G1 X159.805 Y165.445 E40.33379
G1 X159.837 Y165.874 E40.3481
G1 X159.975 Y166.192 E40.35963
G1 X160.351 Y166.52 E40.37622
G1 X161.149 Y167.293 E40.41318
G1 X161.649 Y168.405 E40.45373
G1 X161.799 Y169.095 E40.47721
G1 X161.796 Y171.17 E40.54623
G1 X161.292 Y172.487 E40.59313
G1 X160.59 Y173.28 E40.62836
G1 X160.061 Y173.731 E40.65148
G1 X159.879 Y173.985 E40.66187
G1 X159.815 Y174.356 E40.67439
G1 X159.8 Y174.699 E40.68581
G1 X159.8 Y176.148 E40.734
G1 X159.685 Y176.619 E40.75013
G1 X159.44 Y177.092 E40.76785
G1 X159.102 Y177.405 E40.78317
G1 X158.611 Y177.698 E40.80219
G1 X158 Y177.8 E40.82279
G1 X153.852 Y177.8 E40.96075
G1 X153.381 Y177.685 E40.97688
G1 X152.906 Y177.439 E40.99467
G1 X152.597 Y177.105 E41.0098
G1 X152.303 Y176.616 E41.02878
G1 X152.2 Y176.009 E41.04926
G1 X152.191 Y174.295 E41.10627
G1 X152.124 Y174.018 E41.11575
G1 X151.967 Y173.778 E41.12528
G1 X150.867 Y172.733 E41.17575
G1 X150.358 Y171.626 E41.21627
G1 X150.201 Y170.905 E41.24082
G1 X150.204 Y168.829 E41.30986
G1 X150.724 Y167.468 E41.35832
G1 X151.5 Y166.638 E41.39611
G1 X151.8 Y166.399 E41.40887
G1 X152.026 Y166.159 E41.41984
G1 X152.176 Y165.792 E41.43302
G1 X152.199 Y165.312 E41.44901
G1 X152.2 Y156.8 E41.73212
G1 X147.8 Y156.8 E41.87846
G0 F6000 X147.4 Y156.4
G1 F1200 X147.405 Y165.462 E42.17986
G1 X147.443 Y165.972 E42.19687
G1 X147.6 Y166.332 E42.20994
G1 X147.775 Y166.548 E42.21918
G1 X148.073 Y166.807 E42.23231
G1 X148.815 Y167.526 E42.26668
G1 X149.267 Y168.531 E42.30333
G1 X149.399 Y169.138 E42.32399
G1 X149.396 Y171.095 E42.38908
G1 X148.944 Y172.276 E42.43114
G1 X148.29 Y173.015 E42.46396
G1 X147.766 Y173.456 E42.48674
G1 X147.563 Y173.74 E42.49835
G1 X147.478 Y173.959 E42.50617
G1 X147.416 Y174.317 E42.51825
G1 X147.4 Y174.681 E42.53037
G1 X147.4 Y176.098 E42.5775
G1 X147.307 Y176.48 E42.59057
G1 X147.117 Y176.846 E42.60429
G1 X146.86 Y177.084 E42.61594
G1 X146.473 Y177.315 E42.63093
G1 X146 Y177.4 E42.64691
G1 X141.902 Y177.4 E42.78322
G1 X141.52 Y177.307 E42.79629
G1 X141.154 Y177.117 E42.81001
G1 X140.918 Y176.862 E42.82156
G1 X140.685 Y176.475 E42.83659
G1 X140.6 Y176.007 E42.85241
G1 X140.592 Y174.471 E42.9035
G1 X140.577 Y174.188 E42.91292
G1 X140.497 Y173.857 E42.92425
G1 X140.278 Y173.522 E42.93756
G1 X139.198 Y172.496 E42.98711
G1 X138.74 Y171.501 E43.02354
G1 X138.601 Y170.862 E43.04529
G1 X138.604 Y168.904 E43.11041
G1 X139.071 Y167.683 E43.15389
G1 X139.749 Y166.951 E43.18708
G1 X140.067 Y166.698 E43.20059
G1 X140.349 Y166.399 E43.21426
G1 X140.487 Y166.165 E43.2233
G1 X140.574 Y165.852 E43.2341
G1 X140.599 Y165.331 E43.25145
G1 X140.6 Y156.4 E43.5485
G1 X134.902 Y156.4 E43.73801
G1 X134.52 Y156.307 E43.75109
G1 X134.154 Y156.117 E43.76481
G1 X133.916 Y155.86 E43.77646
G1 X133.685 Y155.473 E43.79145
G1 X133.6 Y155 E43.80743
G1 X133.6 Y124.902 E44.80849
G1 X133.693 Y124.52 E44.82157
G1 X133.883 Y124.154 E44.83529
G1 X134.14 Y123.916 E44.84694
G1 X134.527 Y123.685 E44.86193
G1 X135 Y123.6 E44.87791
G1 X165.098 Y123.6 E45.87897
G1 X165.48 Y123.693 E45.89205
G1 X165.846 Y123.883 E45.90577
G1 X166.084 Y124.14 E45.91742
G1 X166.315 Y124.527 E45.93241
G1 X166.4 Y125 E45.94839
G1 X166.4 Y155.098 E46.94946
G1 X166.307 Y155.48 E46.96253
G1 X166.117 Y155.846 E46.97625
G1 X165.86 Y156.084 E46.9879
G1 X165.473 Y156.315 E47.00289
G1 X165 Y156.4 E47.01887
G1 X159.4 Y156.4 E47.20513
G1 X159.405 Y165.462 E47.50653
G1 X159.443 Y165.972 E47.52354
G1 X159.6 Y166.332 E47.5366
G1 X159.775 Y166.548 E47.54585
G1 X160.073 Y166.807 E47.55898
G1 X160.815 Y167.526 E47.59335
G1 X161.267 Y168.531 E47.63
G1 X161.399 Y169.138 E47.65066
G1 X161.396 Y171.095 E47.71575
G1 X160.944 Y172.276 E47.75781
G1 X160.29 Y173.015 E47.79063
G1 X159.766 Y173.456 E47.81341
G1 X159.563 Y173.74 E47.82502
G1 X159.478 Y173.959 E47.83283
G1 X159.416 Y174.317 E47.84492
G1 X159.4 Y174.681 E47.85704
G1 X159.4 Y176.098 E47.90417
G1 X159.307 Y176.48 E47.91724
G1 X159.117 Y176.846 E47.93096
G1 X158.86 Y177.084 E47.94261
G1 X158.473 Y177.315 E47.9576
G1 X158 Y177.4 E47.97358
G1 X153.902 Y177.4 E48.10988
G1 X153.52 Y177.307 E48.12296
G1 X153.154 Y177.117 E48.13668
G1 X152.918 Y176.862 E48.14823
G1 X152.685 Y176.475 E48.16326
G1 X152.6 Y176.007 E48.17908
G1 X152.592 Y174.471 E48.23016
G1 X152.577 Y174.188 E48.23959
G1 X152.497 Y173.857 E48.25092
G1 X152.278 Y173.522 E48.26423
G1 X151.198 Y172.496 E48.31377
G1 X150.74 Y171.501 E48.35021
G1 X150.601 Y170.862 E48.37196
G1 X150.604 Y168.904 E48.43708
G1 X151.071 Y167.683 E48.48056
G1 X151.749 Y166.951 E48.51374
G1 X152.067 Y166.698 E48.52726
G1 X152.349 Y166.399 E48.54093
G1 X152.487 Y166.165 E48.54997
G1 X152.574 Y165.852 E48.56077
G1 X152.599 Y165.331 E48.57812
G1 X152.6 Y156.4 E48.87517
G1 X147.4 Y156.4 E49.04812
G0 F6000 X147 Y156
G1 F1200 X147.005 Y165.479 E49.36339
G1 X147.041 Y165.962 E49.3795
G1 X147.113 Y166.217 E49.38831
G1 X147.255 Y166.542 E49.40011
G1 X147.487 Y166.828 E49.41236
G1 X147.81 Y167.109 E49.4266
G1 X148.481 Y167.759 E49.45767
G1 X148.885 Y168.657 E49.49042
G1 X148.999 Y169.181 E49.50826
G1 X148.996 Y171.02 E49.56942
G1 X148.596 Y172.065 E49.60664
G1 X148.032 Y172.709 E49.63511
G1 X147.47 Y173.182 E49.65954
G1 X147.208 Y173.549 E49.67454
G1 X147.091 Y173.85 E49.68528
G1 X147.017 Y174.278 E49.69973
G1 X147 Y174.663 E49.71255
G1 X147 Y176.049 E49.75864
G1 X146.93 Y176.338 E49.76853
G1 X146.793 Y176.601 E49.7784
G1 X146.655 Y176.74 E49.78491
G1 X146.328 Y176.935 E49.79758
G1 X146 Y177 E49.8087
G1 X141.951 Y177 E49.94337
G1 X141.662 Y176.93 E49.95326
G1 X141.399 Y176.793 E49.96312
G1 X141.261 Y176.656 E49.96959
G1 X141.065 Y176.33 E49.98224
G1 X141 Y176.005 E49.99326
G1 X140.992 Y174.469 E50.04435
G1 X140.974 Y174.127 E50.05574
G1 X140.87 Y173.696 E50.07049
G1 X140.589 Y173.266 E50.08757
G1 X139.529 Y172.259 E50.1362
G1 X139.122 Y171.376 E50.16854
G1 X139.001 Y170.819 E50.1875
G1 X139.004 Y168.979 E50.2487
G1 X139.418 Y167.897 E50.28723
G1 X139.998 Y167.264 E50.31578
G1 X140.34 Y166.992 E50.33032
G1 X140.67 Y166.643 E50.34629
G1 X140.858 Y166.322 E50.35867
G1 X140.972 Y165.914 E50.37276
G1 X140.999 Y165.35 E50.39154
G1 X141 Y156 E50.70252
G1 X134.951 Y156 E50.90371
G1 X134.662 Y155.93 E50.9136
G1 X134.399 Y155.793 E50.92346
G1 X134.26 Y155.655 E50.92998
G1 X134.065 Y155.328 E50.94264
G1 X134 Y155 E50.95376
G1 X134 Y124.951 E51.95319
G1 X134.07 Y124.662 E51.96309
G1 X134.207 Y124.399 E51.97295
G1 X134.345 Y124.26 E51.97946
G1 X134.672 Y124.065 E51.99213
G1 X135 Y124 E52.00325
G1 X165.049 Y124 E53.00268
G1 X165.338 Y124.07 E53.01257
G1 X165.601 Y124.207 E53.02243
G1 X165.74 Y124.345 E53.02895
G1 X165.935 Y124.672 E53.04161
G1 X166 Y125 E53.05273
G1 X166 Y155.049 E54.05217
G1 X165.93 Y155.338 E54.06206
G1 X165.793 Y155.601 E54.07192
G1 X165.655 Y155.74 E54.07844
G1 X165.328 Y155.935 E54.0911
G1 X165 Y156 E54.10222
G1 X159 Y156 E54.30178
G1 X159.005 Y165.479 E54.61705
G1 X159.041 Y165.962 E54.63316
G1 X159.113 Y166.217 E54.64198
G1 X159.255 Y166.542 E54.65377
G1 X159.487 Y166.828 E54.66602
G1 X159.81 Y167.109 E54.68026
G1 X160.481 Y167.759 E54.71133
G1 X160.885 Y168.657 E54.74408
G1 X160.999 Y169.181 E54.76192
G1 X160.996 Y171.02 E54.82308
G1 X160.596 Y172.065 E54.8603
G1 X160.032 Y172.709 E54.88877
G1 X159.47 Y173.182 E54.9132
G1 X159.208 Y173.549 E54.9282
G1 X159.091 Y173.85 E54.93894
G1 X159.017 Y174.278 E54.95339
G1 X159 Y174.663 E54.96621
G1 X159 Y176.049 E55.01231
G1 X158.93 Y176.338 E55.0222
G1 X158.793 Y176.601 E55.03206
G1 X158.655 Y176.74 E55.03857
G1 X158.328 Y176.935 E55.05124
G1 X158 Y177 E55.06236
G1 X153.951 Y177 E55.19703
G1 X153.662 Y176.93 E55.20692
G1 X153.399 Y176.793 E55.21678
G1 X153.261 Y176.656 E55.22325
G1 X153.065 Y176.33 E55.2359
G1 X153 Y176.005 E55.24692
G1 X152.992 Y174.469 E55.29801
G1 X152.974 Y174.127 E55.3094
G1 X152.87 Y173.696 E55.32415
G1 X152.589 Y173.266 E55.34123
G1 X151.529 Y172.259 E55.38986
G1 X151.122 Y171.376 E55.4222
G1 X151.001 Y170.819 E55.44116
G1 X151.004 Y168.979 E55.50236
G1 X151.418 Y167.897 E55.54089
G1 X151.998 Y167.264 E55.56945
G1 X152.34 Y166.992 E55.58398
G1 X152.67 Y166.643 E55.59995
G1 X152.858 Y166.322 E55.61233
G1 X152.972 Y165.914 E55.62642
G1 X152.999 Y165.35 E55.6452
G1 X153 Y156 E55.95618
G1 X147 Y156 E56.15574
G0 F6000 X146.2 Y156
G1 F1200 X146.205 Y165.512 E56.47211
G1 X146.236 Y165.932 E56.48612
G1 X146.281 Y166.215 E56.49565
G1 X146.357 Y166.483 E56.50491
G1 X146.506 Y166.823 E56.51726
G1 X146.675 Y167.096 E56.52794
G1 X146.892 Y167.365 E56.53944
G1 X147.154 Y167.617 E56.55153
G1 X147.254 Y167.683 E56.55551
G1 X147.813 Y168.225 E56.58141
G1 X148.121 Y168.909 E56.60636
G1 X148.199 Y169.267 E56.61854
G1 X148.196 Y170.87 E56.67186
G1 X147.899 Y171.646 E56.6995
G1 X147.471 Y172.141 E56.72126
G1 X147.262 Y172.304 E56.73008
G1 X146.999 Y172.533 E56.74168
G1 X146.796 Y172.75 E56.75156
G1 X146.582 Y173.047 E56.76373
G1 X146.446 Y173.3 E56.77329
G1 X146.325 Y173.614 E56.78448
G1 X146.252 Y173.94 E56.79559
G1 X146.217 Y174.242 E56.8057
G1 X146.2 Y174.627 E56.81852
G1 X146.2 Y176 E56.86419
G1 X146.161 Y176.119 E56.86835
G1 X146 Y176.2 E56.87435
G1 X142 Y176.2 E57.00739
G1 X141.881 Y176.161 E57.01155
G1 X141.8 Y176.001 E57.01752
G1 X141.792 Y174.465 E57.0686
G1 X141.776 Y174.164 E57.07863
G1 X141.743 Y173.904 E57.08735
G1 X141.682 Y173.648 E57.0961
G1 X141.55 Y173.274 E57.10929
G1 X141.302 Y172.895 E57.12436
G1 X141.117 Y172.664 E57.1342
G1 X140.191 Y171.783 E57.17671
G1 X139.886 Y171.122 E57.20092
G1 X139.801 Y170.733 E57.21417
G1 X139.804 Y169.129 E57.26752
G1 X140.112 Y168.323 E57.29621
G1 X140.538 Y167.85 E57.31739
G1 X140.865 Y167.596 E57.33116
G1 X141.099 Y167.372 E57.34193
G1 X141.324 Y167.107 E57.35349
G1 X141.527 Y166.76 E57.36687
G1 X141.637 Y166.505 E57.3761
G1 X141.738 Y166.143 E57.3886
G1 X141.777 Y165.858 E57.39817
G1 X141.799 Y165.388 E57.41382
G1 X141.8 Y156 E57.72607
G1 X141.839 Y155.881 E57.73023
G1 X142 Y155.8 E57.73622
G1 X142.039 Y155.681 E57.74039
G1 X142.2 Y155.6 E57.74638
G1 X145.8 Y155.6 E57.86612
G1 X145.919 Y155.639 E57.87029
G1 X146 Y155.8 E57.87628
G1 X146.119 Y155.839 E57.88045
G1 X146.2 Y156 E57.88644
G1 F2400 E57.38644
G0 F6000 X153.8 Y156
G1 F2400 E57.88644
G1 F1200 X153.839 Y155.881 E57.8906
G1 X154 Y155.8 E57.8966
G1 X154.039 Y155.681 E57.90076
G1 X154.2 Y155.6 E57.90676
G1 X157.8 Y155.6 E58.02649
G1 X157.919 Y155.639 E58.03066
G1 X158 Y155.8 E58.03665
G1 X158.119 Y155.839 E58.04082
G1 X158.2 Y156 E58.04681
G1 X158.205 Y165.512 E58.36318
G1 X158.236 Y165.932 E58.37719
G1 X158.281 Y166.215 E58.38672
G1 X158.357 Y166.483 E58.39599
G1 X158.506 Y166.823 E58.40833
G1 X158.675 Y167.096 E58.41901
G1 X158.892 Y167.365 E58.43051
G1 X159.154 Y167.617 E58.4426
G1 X159.254 Y167.683 E58.44658
G1 X159.813 Y168.225 E58.47248
G1 X160.121 Y168.909 E58.49743
G1 X160.199 Y169.267 E58.50962
G1 X160.196 Y170.87 E58.56293
G1 X159.899 Y171.646 E58.59057
G1 X159.471 Y172.141 E58.61233
G1 X159.262 Y172.304 E58.62115
G1 X158.999 Y172.533 E58.63275
G1 X158.796 Y172.75 E58.64263
G1 X158.582 Y173.047 E58.65481
G1 X158.446 Y173.3 E58.66436
G1 X158.325 Y173.614 E58.67555
G1 X158.252 Y173.94 E58.68666
G1 X158.217 Y174.242 E58.69678
G1 X158.2 Y174.627 E58.70959
G1 X158.2 Y176 E58.75526
G1 X158.161 Y176.119 E58.75942
G1 X158 Y176.2 E58.76542
G1 X154 Y176.2 E58.89846
G1 X153.881 Y176.161 E58.90263
G1 X153.8 Y176.001 E58.90859
G1 X153.792 Y174.465 E58.95968
G1 X153.776 Y174.164 E58.9697
G1 X153.743 Y173.904 E58.97842
G1 X153.682 Y173.648 E58.98717
G1 X153.55 Y173.274 E59.00036
G1 X153.302 Y172.895 E59.01543
G1 X153.117 Y172.664 E59.02527
G1 X152.191 Y171.783 E59.06778
G1 X151.886 Y171.122 E59.092
G1 X151.801 Y170.733 E59.10524
G1 X151.804 Y169.129 E59.15859
G1 X152.112 Y168.323 E59.18729
G1 X152.538 Y167.85 E59.20846
G1 X152.865 Y167.596 E59.22223
G1 X153.099 Y167.372 E59.233
G1 X153.324 Y167.107 E59.24457
G1 X153.527 Y166.76 E59.25794
G1 X153.637 Y166.505 E59.26718
G1 X153.738 Y166.143 E59.27968
G1 X153.777 Y165.858 E59.28924
G1 X153.799 Y165.388 E59.30489
G1 X153.8 Y156 E59.61714
G1 F2400 E59.11714
G0 F6000 X165 Y155.665
G0 X165 Y155.2
G1 F2400 E59.61714
G1 F1200 X135 Y155.2 E60.61494
G1 X134.881 Y155.161 E60.61911
G1 X134.8 Y155 E60.6251
G1 X134.8 Y125 E61.62291
G1 X134.839 Y124.881 E61.62707
G1 X135 Y124.8 E61.63307
G1 X165 Y124.8 E62.63087
G1 X165.119 Y124.839 E62.63503
G1 X165.2 Y125 E62.64103
G1 X165.2 Y155 E63.63883
G1 X165.161 Y155.119 E63.643
G1 X165 Y155.2 E63.64899
G0 F6000 X165.18 Y155.557
G1 F1200 X165 Y155.6 E63.65515
G1 X158.434 Y155.6 E63.87353
G1 X158.557 Y155.82 E63.88192
G1 X158.6 Y156 E63.88807
G1 X158.605 Y165.496 E64.20391
G1 X158.645 Y166.032 E64.22179
G1 X158.734 Y166.347 E64.23267
G1 X158.86 Y166.635 E64.24313
G1 X159.004 Y166.868 E64.25224
G1 X159.188 Y167.095 E64.26196
G1 X159.403 Y167.302 E64.27189
G1 X159.532 Y167.396 E64.27719
G1 X160.147 Y167.992 E64.30568
G1 X160.503 Y168.783 E64.33453
G1 X160.599 Y169.224 E64.34954
G1 X160.596 Y170.945 E64.40678
G1 X160.248 Y171.855 E64.43919
G1 X159.774 Y172.403 E64.46328
G1 X159.175 Y172.907 E64.48932
G1 X158.853 Y173.357 E64.50773
G1 X158.708 Y173.732 E64.5211
G1 X158.647 Y174.006 E64.53043
G1 X158.617 Y174.26 E64.53894
G1 X158.6 Y174.645 E64.55176
G1 X158.6 Y176 E64.59683
G1 X158.541 Y176.244 E64.60518
G1 X158.45 Y176.396 E64.61107
G1 X158.18 Y176.557 E64.62152
G1 X158 Y176.6 E64.62768
G1 X154 Y176.6 E64.76072
G1 X153.756 Y176.541 E64.76907
G1 X153.604 Y176.45 E64.77496
G1 X153.444 Y176.183 E64.78531
G1 X153.4 Y176.003 E64.79148
G1 X153.392 Y174.467 E64.84257
G1 X153.371 Y174.067 E64.85589
G1 X153.297 Y173.758 E64.86646
G1 X153.19 Y173.454 E64.87717
G1 X152.898 Y173.008 E64.89491
G1 X151.86 Y172.021 E64.94255
G1 X151.504 Y171.249 E64.97082
G1 X151.401 Y170.776 E64.98692
G1 X151.404 Y169.054 E65.0442
G1 X151.765 Y168.11 E65.07781
G1 X152.293 Y167.534 E65.1038
G1 X152.6 Y167.296 E65.11672
G1 X152.808 Y167.096 E65.12632
G1 X152.998 Y166.873 E65.13606
G1 X153.229 Y166.479 E65.15125
G1 X153.37 Y165.976 E65.16863
G1 X153.399 Y165.369 E65.18884
G1 X153.4 Y156 E65.50045
G1 X153.459 Y155.756 E65.5088
G1 X153.555 Y155.6 E65.51489
G1 X146.434 Y155.6 E65.75174
G1 X146.557 Y155.82 E65.76012
G1 X146.6 Y156 E65.76628
G1 X146.605 Y165.496 E66.08212
G1 X146.645 Y166.032 E66.09999
G1 X146.734 Y166.347 E66.11088
G1 X146.86 Y166.635 E66.12134
G1 X147.004 Y166.868 E66.13045
G1 X147.188 Y167.095 E66.14016
G1 X147.403 Y167.302 E66.15009
G1 X147.532 Y167.396 E66.1554
G1 X148.147 Y167.992 E66.18388
G1 X148.503 Y168.783 E66.21274
G1 X148.599 Y169.224 E66.22775
G1 X148.596 Y170.945 E66.28499
G1 X148.248 Y171.855 E66.31739
G1 X147.774 Y172.403 E66.34149
G1 X147.175 Y172.907 E66.36753
G1 X146.853 Y173.357 E66.38593
G1 X146.708 Y173.732 E66.3993
G1 X146.647 Y174.006 E66.40864
G1 X146.617 Y174.26 E66.41715
G1 X146.6 Y174.645 E66.42996
G1 X146.6 Y176 E66.47503
G1 X146.541 Y176.244 E66.48338
G1 X146.45 Y176.396 E66.48927
G1 X146.18 Y176.557 E66.49973
G1 X146 Y176.6 E66.50588
G1 X142 Y176.6 E66.63893
G1 X141.756 Y176.541 E66.64727
G1 X141.604 Y176.45 E66.65317
G1 X141.444 Y176.183 E66.66352
G1 X141.4 Y176.003 E66.66968
G1 X141.392 Y174.467 E66.72077
G1 X141.371 Y174.067 E66.73409
G1 X141.297 Y173.758 E66.74466
G1 X141.19 Y173.454 E66.75538
G1 X140.898 Y173.008 E66.77311
G1 X139.86 Y172.021 E66.82075
G1 X139.504 Y171.249 E66.84903
G1 X139.401 Y170.776 E66.86513
G1 X139.404 Y169.054 E66.9224
G1 X139.765 Y168.11 E66.95602
G1 X140.293 Y167.534 E66.98201
G1 X140.6 Y167.296 E66.99493
G1 X140.808 Y167.096 E67.00452
G1 X140.998 Y166.873 E67.01427
G1 X141.229 Y166.479 E67.02946
G1 X141.37 Y165.976 E67.04683
G1 X141.399 Y165.369 E67.06704
G1 X141.4 Y156 E67.37866
G1 X141.459 Y155.756 E67.38701
G1 X141.555 Y155.6 E67.3931
G1 X135 Y155.6 E67.61112
G1 X134.756 Y155.541 E67.61947
G1 X134.604 Y155.45 E67.62536
G1 X134.443 Y155.18 E67.63582
G1 X134.4 Y155 E67.64197
G1 X134.4 Y125 E68.63978
G1 X134.459 Y124.756 E68.64813
G1 X134.55 Y124.604 E68.65402
G1 X134.82 Y124.443 E68.66447
G1 X135 Y124.4 E68.67063
G1 X165 Y124.4 E69.66843
G1 X165.244 Y124.459 E69.67678
G1 X165.396 Y124.55 E69.68267
G1 X165.557 Y124.82 E69.69313
G1 X165.6 Y125 E69.69929
G1 X165.6 Y155 E70.69709
G1 X165.541 Y155.244 E70.70544
G1 X165.45 Y155.396 E70.71133
G1 X165.18 Y155.557 E70.72179
G1 F2400 E70.22179
G0 F6000 X165.18 Y155.665
G0 X142.4 Y156
G1 F2400 E70.72179
G1 F1200 X145.6 Y156 E70.82822
G1 X145.639 Y156.119 E70.83238
G1 X145.8 Y156.2 E70.83838
G1 X145.805 Y165.512 E71.1481
G1 X145.806 Y165.527 E71.1486
G1 X145.839 Y165.978 E71.16364
G1 X145.84 Y165.994 E71.16417
G1 X145.886 Y166.284 E71.17394
G1 X145.892 Y166.308 E71.17476
G1 X145.977 Y166.606 E71.18507
G1 X145.986 Y166.631 E71.18595
G1 X146.146 Y166.997 E71.19924
G1 X146.159 Y167.022 E71.20017
G1 X146.342 Y167.317 E71.21172
G1 X146.356 Y167.337 E71.21253
G1 X146.589 Y167.627 E71.2249
G1 X146.606 Y167.646 E71.22575
G1 X146.892 Y167.921 E71.23895
G1 X146.929 Y167.949 E71.24049
G1 X146.992 Y167.986 E71.24292
G1 X147.48 Y168.46 E71.26555
G1 X147.736 Y169.019 E71.286
G1 X147.799 Y169.29 E71.29525
G1 X147.796 Y170.796 E71.34534
G1 X147.551 Y171.438 E71.3682
G1 X147.182 Y171.864 E71.38694
G1 X147.014 Y171.991 E71.39395
G1 X147.004 Y171.999 E71.39437
G1 X146.727 Y172.24 E71.40659
G1 X146.712 Y172.254 E71.40727
G1 X146.497 Y172.483 E71.41772
G1 X146.481 Y172.503 E71.41857
G1 X146.251 Y172.822 E71.43165
G1 X146.237 Y172.845 E71.43254
G1 X146.085 Y173.129 E71.44326
G1 X146.074 Y173.151 E71.44407
G1 X145.947 Y173.48 E71.4558
G1 X145.939 Y173.509 E71.4568
G1 X145.858 Y173.874 E71.46924
G1 X145.854 Y173.894 E71.46992
G1 X145.819 Y174.196 E71.48003
G1 X145.818 Y174.21 E71.4805
G1 X145.8 Y174.609 E71.49378
G1 X145.8 Y175.8 E71.53339
G1 X142.199 Y175.8 E71.65316
G1 X142.192 Y174.453 E71.69797
G1 X142.192 Y174.443 E71.6983
G1 X142.176 Y174.142 E71.70832
G1 X142.174 Y174.127 E71.70883
G1 X142.136 Y173.832 E71.71872
G1 X142.133 Y173.812 E71.71939
G1 X142.069 Y173.544 E71.72856
G1 X142.063 Y173.523 E71.72928
G1 X141.968 Y173.254 E71.73877
G1 X141.959 Y173.234 E71.7395
G1 X141.849 Y173.005 E71.74795
G1 X141.836 Y172.983 E71.7488
G1 X141.628 Y172.665 E71.76144
G1 X141.617 Y172.649 E71.76209
G1 X141.419 Y172.402 E71.77261
G1 X141.401 Y172.382 E71.77351
G1 X140.523 Y171.547 E71.81381
G1 X140.258 Y170.971 E71.8349
G1 X140.201 Y170.713 E71.84368
G1 X140.204 Y169.203 E71.89391
G1 X140.46 Y168.533 E71.91776
G1 X140.796 Y168.157 E71.93453
G1 X141.118 Y167.906 E71.94811
G1 X141.133 Y167.893 E71.94877
G1 X141.375 Y167.662 E71.9599
G1 X141.389 Y167.646 E71.96061
G1 X141.643 Y167.347 E71.97366
G1 X141.664 Y167.319 E71.97482
G1 X141.876 Y166.956 E71.9888
G1 X141.886 Y166.935 E71.98958
G1 X142.011 Y166.647 E72.00002
G1 X142.021 Y166.621 E72.00095
G1 X142.127 Y166.242 E72.01403
G1 X142.132 Y166.215 E72.01495
G1 X142.175 Y165.899 E72.02556
G1 X142.177 Y165.881 E72.02616
G1 X142.199 Y165.406 E72.04197
G1 X142.199 Y165.397 E72.04227
G1 X142.2 Y156.2 E72.34817
G1 X142.319 Y156.161 E72.35233
G1 X142.4 Y156 E72.35833
G0 F6000 X142.637 Y156.4
G1 F1200 X145.352 Y156.4 E72.44863
G1 X145.4 Y156.437 E72.45064
G1 X145.405 Y165.512 E72.75248
G1 X145.407 Y165.556 E72.75394
G1 X145.44 Y166.007 E72.76898
G1 X145.445 Y166.057 E72.77065
G1 X145.491 Y166.347 E72.78042
G1 X145.507 Y166.418 E72.78284
G1 X145.592 Y166.716 E72.79315
G1 X145.619 Y166.791 E72.7958
G1 X145.779 Y167.157 E72.80909
G1 X145.819 Y167.233 E72.81194
G1 X146.002 Y167.528 E72.82349
G1 X146.044 Y167.588 E72.82592
G1 X146.277 Y167.878 E72.8383
G1 X146.329 Y167.934 E72.84084
G1 X146.615 Y168.209 E72.85404
G1 X146.724 Y168.293 E72.85861
G1 X146.748 Y168.307 E72.85954
G1 X147.147 Y168.694 E72.87802
G1 X147.357 Y169.153 E72.89481
G1 X147.399 Y169.334 E72.90099
G1 X147.396 Y170.723 E72.94719
G1 X147.204 Y171.227 E72.96513
G1 X146.905 Y171.572 E72.98031
G1 X146.773 Y171.672 E72.98582
G1 X146.741 Y171.697 E72.98717
G1 X146.464 Y171.938 E72.99938
G1 X146.421 Y171.98 E73.00138
G1 X146.206 Y172.209 E73.01183
G1 X146.156 Y172.269 E73.01443
G1 X145.926 Y172.588 E73.02751
G1 X145.884 Y172.656 E73.03017
G1 X145.732 Y172.94 E73.04088
G1 X145.701 Y173.007 E73.04334
G1 X145.574 Y173.336 E73.05507
G1 X145.548 Y173.422 E73.05805
G1 X145.467 Y173.787 E73.07049
G1 X145.457 Y173.848 E73.07254
G1 X145.422 Y174.15 E73.08266
G1 X145.419 Y174.192 E73.08406
G1 X145.401 Y174.591 E73.09734
G1 X145.4 Y174.618 E73.09824
G1 X145.4 Y175.4 E73.12425
G1 X142.597 Y175.4 E73.21748
G1 X142.592 Y174.451 E73.24904
G1 X142.591 Y174.422 E73.25001
G1 X142.575 Y174.121 E73.26003
G1 X142.571 Y174.076 E73.26154
G1 X142.533 Y173.781 E73.27143
G1 X142.522 Y173.719 E73.27352
G1 X142.458 Y173.451 E73.28269
G1 X142.44 Y173.39 E73.2848
G1 X142.345 Y173.121 E73.29429
G1 X142.32 Y173.061 E73.29645
G1 X142.21 Y172.832 E73.3049
G1 X142.171 Y172.764 E73.30751
G1 X141.963 Y172.446 E73.32015
G1 X141.929 Y172.399 E73.32208
G1 X141.731 Y172.152 E73.33261
G1 X141.677 Y172.092 E73.33529
G1 X140.853 Y171.308 E73.37312
G1 X140.64 Y170.846 E73.39004
G1 X140.601 Y170.668 E73.3961
G1 X140.604 Y169.276 E73.4424
G1 X140.806 Y168.748 E73.4612
G1 X141.075 Y168.446 E73.47465
G1 X141.364 Y168.221 E73.48684
G1 X141.409 Y168.182 E73.48882
G1 X141.651 Y167.951 E73.49994
G1 X141.694 Y167.905 E73.50204
G1 X141.948 Y167.606 E73.51509
G1 X142.009 Y167.521 E73.51857
G1 X142.221 Y167.158 E73.53255
G1 X142.253 Y167.094 E73.53493
G1 X142.378 Y166.806 E73.54537
G1 X142.406 Y166.729 E73.5481
G1 X142.512 Y166.35 E73.56118
G1 X142.529 Y166.269 E73.56394
G1 X142.572 Y165.953 E73.57454
G1 X142.576 Y165.9 E73.57631
G1 X142.598 Y165.425 E73.59213
G1 X142.599 Y165.397 E73.59306
G1 X142.6 Y156.448 E73.8907
G1 X142.637 Y156.4 E73.89272
G0 F6000 X143 Y156.8
G1 F1200 X145 Y156.8 E73.95924
G1 X145.005 Y165.513 E74.24904
G1 X145.008 Y165.585 E74.25143
G1 X145.041 Y166.036 E74.26647
G1 X145.05 Y166.12 E74.26928
G1 X145.096 Y166.41 E74.27905
G1 X145.122 Y166.527 E74.28304
G1 X145.207 Y166.825 E74.29334
G1 X145.253 Y166.952 E74.29784
G1 X145.413 Y167.318 E74.31112
G1 X145.479 Y167.444 E74.31585
G1 X145.662 Y167.739 E74.3274
G1 X145.732 Y167.838 E74.33143
G1 X145.965 Y168.128 E74.3438
G1 X146.052 Y168.223 E74.34809
G1 X146.338 Y168.498 E74.36128
G1 X146.487 Y168.611 E74.3675
G1 X146.815 Y168.93 E74.38272
G1 X146.974 Y169.277 E74.39542
G1 X146.999 Y169.382 E74.39901
G1 X146.996 Y170.648 E74.44111
G1 X146.854 Y171.021 E74.45439
G1 X146.632 Y171.277 E74.46566
G1 X146.532 Y171.353 E74.46984
G1 X146.479 Y171.396 E74.47211
G1 X146.202 Y171.637 E74.48432
G1 X146.129 Y171.707 E74.48768
G1 X145.914 Y171.936 E74.49813
G1 X145.832 Y172.035 E74.50241
G1 X145.602 Y172.354 E74.51549
G1 X145.531 Y172.467 E74.51992
G1 X145.379 Y172.751 E74.53064
G1 X145.328 Y172.863 E74.53473
G1 X145.201 Y173.192 E74.54646
G1 X145.158 Y173.335 E74.55143
G1 X145.077 Y173.7 E74.56386
G1 X145.06 Y173.802 E74.5673
G1 X145.025 Y174.104 E74.57741
G1 X145.019 Y174.174 E74.57975
G1 X145.001 Y174.573 E74.59304
G1 X145 Y174.618 E74.59453
G1 X145 Y175 E74.60724
G1 X142.995 Y175 E74.67392
G1 X142.992 Y174.449 E74.69225
G1 X142.991 Y174.401 E74.69385
G1 X142.975 Y174.1 E74.70387
G1 X142.968 Y174.025 E74.70638
G1 X142.93 Y173.73 E74.71627
G1 X142.911 Y173.626 E74.71979
G1 X142.847 Y173.358 E74.72895
G1 X142.817 Y173.257 E74.73246
G1 X142.722 Y172.988 E74.74194
G1 X142.68 Y172.888 E74.74555
G1 X142.57 Y172.659 E74.754
G1 X142.506 Y172.545 E74.75835
G1 X142.298 Y172.227 E74.77099
G1 X142.241 Y172.149 E74.7742
G1 X142.043 Y171.902 E74.78473
G1 X141.952 Y171.803 E74.7892
G1 X141.186 Y171.074 E74.82437
G1 X141.022 Y170.719 E74.83738
G1 X141.001 Y170.624 E74.84062
G1 X141.004 Y169.351 E74.88296
G1 X141.154 Y168.957 E74.89698
G1 X141.348 Y168.74 E74.90666
G1 X141.609 Y168.537 E74.91766
G1 X141.685 Y168.471 E74.92101
G1 X141.927 Y168.24 E74.93213
G1 X141.999 Y168.164 E74.93561
G1 X142.253 Y167.865 E74.94866
G1 X142.355 Y167.722 E74.95451
G1 X142.567 Y167.359 E74.96849
G1 X142.62 Y167.253 E74.97243
G1 X142.745 Y166.965 E74.98287
G1 X142.791 Y166.836 E74.98743
G1 X142.897 Y166.457 E75.00052
G1 X142.925 Y166.323 E75.00507
G1 X142.968 Y166.007 E75.01568
G1 X142.976 Y165.918 E75.01865
G1 X142.998 Y165.443 E75.03446
G1 X142.999 Y165.397 E75.03599
G1 X143 Y156.8 E75.32193
G0 F6000 X143.4 Y157.2
G1 F1200 X144.601 Y157.2 E75.36188
G1 X144.605 Y165.513 E75.63837
G1 X144.609 Y165.614 E75.64173
G1 X144.642 Y166.065 E75.65677
G1 X144.655 Y166.182 E75.66069
G1 X144.701 Y166.472 E75.67045
G1 X144.738 Y166.637 E75.67608
G1 X144.823 Y166.935 E75.68638
G1 X144.886 Y167.112 E75.69263
G1 X145.046 Y167.478 E75.70592
G1 X145.139 Y167.655 E75.71257
G1 X145.322 Y167.95 E75.72411
G1 X145.421 Y168.089 E75.72979
G1 X145.654 Y168.379 E75.74216
G1 X145.775 Y168.511 E75.74812
G1 X146.061 Y168.786 E75.76131
G1 X146.21 Y168.899 E75.76753
G1 X146.483 Y169.165 E75.78021
G1 X146.595 Y169.409 E75.78914
G1 X146.599 Y169.425 E75.78969
G1 X146.596 Y170.572 E75.82784
G1 X146.505 Y170.812 E75.83638
G1 X146.356 Y170.984 E75.84395
G1 X146.29 Y171.034 E75.8467
G1 X146.216 Y171.094 E75.84987
G1 X145.939 Y171.335 E75.86208
G1 X145.837 Y171.433 E75.86678
G1 X145.622 Y171.662 E75.87723
G1 X145.507 Y171.801 E75.88323
G1 X145.277 Y172.12 E75.89631
G1 X145.179 Y172.278 E75.9025
G1 X145.027 Y172.562 E75.91321
G1 X144.955 Y172.719 E75.91895
G1 X144.828 Y173.048 E75.93068
G1 X144.767 Y173.249 E75.93767
G1 X144.686 Y173.614 E75.95011
G1 X144.662 Y173.756 E75.9549
G1 X144.627 Y174.058 E75.96501
G1 X144.619 Y174.156 E75.96828
G1 X144.601 Y174.555 E75.98156
G1 X144.6 Y174.6 E75.98306
G1 X143.393 Y174.6 E76.0232
G1 X143.392 Y174.447 E76.02829
G1 X143.39 Y174.38 E76.03052
G1 X143.374 Y174.079 E76.04055
G1 X143.365 Y173.974 E76.04405
G1 X143.327 Y173.679 E76.05395
G1 X143.3 Y173.533 E76.05888
G1 X143.236 Y173.265 E76.06805
G1 X143.194 Y173.124 E76.07294
G1 X143.099 Y172.855 E76.08243
G1 X143.041 Y172.715 E76.08747
G1 X142.931 Y172.486 E76.09592
G1 X142.841 Y172.326 E76.10203
G1 X142.633 Y172.008 E76.11466
G1 X142.553 Y171.898 E76.11919
G1 X142.355 Y171.651 E76.12972
G1 X142.228 Y171.513 E76.13596
G1 X141.516 Y170.835 E76.16866
G1 X141.402 Y170.59 E76.17764
G1 X141.401 Y170.585 E76.17781
G1 X141.404 Y169.427 E76.21633
G1 X141.503 Y169.166 E76.22561
G1 X141.618 Y169.038 E76.23134
G1 X141.855 Y168.853 E76.24134
G1 X141.962 Y168.761 E76.24603
G1 X142.204 Y168.53 E76.25716
G1 X142.304 Y168.423 E76.26203
G1 X142.558 Y168.124 E76.27508
G1 X142.7 Y167.924 E76.28323
G1 X142.912 Y167.561 E76.29722
G1 X142.987 Y167.412 E76.30276
G1 X143.112 Y167.124 E76.31321
G1 X143.176 Y166.944 E76.31956
G1 X143.282 Y166.565 E76.33265
G1 X143.321 Y166.377 E76.33904
G1 X143.364 Y166.061 E76.34964
G1 X143.376 Y165.937 E76.35379
G1 X143.398 Y165.462 E76.3696
G1 X143.399 Y165.397 E76.37176
G1 X143.4 Y157.2 E76.6444
G0 F6000 X143.8 Y157.6
G1 F1200 X144.201 Y157.6 E76.65773
G1 X144.205 Y165.513 E76.92092
G1 X144.21 Y165.643 E76.92525
G1 X144.243 Y166.094 E76.94029
G1 X144.26 Y166.245 E76.94534
G1 X144.306 Y166.535 E76.95511
G1 X144.353 Y166.747 E76.96233
G1 X144.438 Y167.045 E76.97264
G1 X144.52 Y167.272 E76.98067
G1 X144.68 Y167.638 E76.99395
G1 X144.799 Y167.866 E77.00251
G1 X144.982 Y168.161 E77.01405
G1 X145.109 Y168.339 E77.02133
G1 X145.342 Y168.629 E77.0337
G1 X145.497 Y168.799 E77.04135
G1 X145.783 Y169.074 E77.05455
G1 X145.937 Y169.192 E77.061
G1 X146.149 Y169.398 E77.07083
G1 X146.199 Y169.505 E77.07476
G1 X146.197 Y170.5 E77.10785
G1 X146.157 Y170.603 E77.11153
G1 X146.082 Y170.69 E77.11535
G1 X146.049 Y170.715 E77.11673
G1 X145.954 Y170.792 E77.12079
G1 X145.677 Y171.033 E77.133
G1 X145.546 Y171.159 E77.13905
G1 X145.331 Y171.388 E77.1495
G1 X145.183 Y171.567 E77.15722
G1 X144.953 Y171.886 E77.1703
G1 X144.826 Y172.09 E77.1783
G1 X144.674 Y172.374 E77.18901
G1 X144.582 Y172.575 E77.19636
G1 X144.455 Y172.904 E77.20809
G1 X144.377 Y173.162 E77.21706
G1 X144.296 Y173.527 E77.22949
G1 X144.265 Y173.71 E77.23566
G1 X144.23 Y174.012 E77.24578
G1 X144.22 Y174.138 E77.24998
G1 X144.217 Y174.2 E77.25204
G1 X143.781 Y174.2 E77.26655
G1 X143.773 Y174.057 E77.27131
G1 X143.761 Y173.923 E77.27578
G1 X143.723 Y173.628 E77.28568
G1 X143.689 Y173.44 E77.29203
G1 X143.625 Y173.172 E77.3012
G1 X143.571 Y172.991 E77.30748
G1 X143.476 Y172.722 E77.31697
G1 X143.402 Y172.542 E77.32344
G1 X143.292 Y172.313 E77.33189
G1 X143.175 Y172.107 E77.33977
G1 X142.967 Y171.789 E77.35241
G1 X142.865 Y171.648 E77.3582
G1 X142.667 Y171.401 E77.36872
G1 X142.504 Y171.223 E77.37675
G1 X141.847 Y170.598 E77.40691
G1 X141.801 Y170.499 E77.41054
G1 X141.803 Y169.498 E77.44384
G1 X141.848 Y169.382 E77.44797
G1 X141.897 Y169.327 E77.45042
G1 X142.101 Y169.168 E77.45903
G1 X142.238 Y169.05 E77.46504
G1 X142.48 Y168.819 E77.47617
G1 X142.609 Y168.682 E77.48243
G1 X142.863 Y168.383 E77.49548
G1 X143.045 Y168.126 E77.50595
G1 X143.257 Y167.763 E77.51993
G1 X143.354 Y167.572 E77.52706
G1 X143.479 Y167.284 E77.5375
G1 X143.561 Y167.052 E77.54568
G1 X143.667 Y166.673 E77.55877
G1 X143.718 Y166.431 E77.567
G1 X143.761 Y166.115 E77.5776
G1 X143.775 Y165.955 E77.58295
G1 X143.797 Y165.48 E77.59876
G1 X143.799 Y165.397 E77.60152
G1 X143.8 Y157.6 E77.86085
G1 F2400 E77.36085
G0 F6000 X144 Y166.969
G1 F2400 E77.86085
G1 F1200 X144.053 Y167.154 E77.86725
G1 X144.153 Y167.432 E77.87708
G1 X144.313 Y167.798 E77.89037
G1 X144.459 Y168.077 E77.90084
G1 X144.642 Y168.372 E77.91239
G1 X144.797 Y168.59 E77.92128
G1 X145.03 Y168.88 E77.93365
G1 X145.22 Y169.088 E77.94302
G1 X145.506 Y169.363 E77.95622
G1 X145.657 Y169.478 E77.96253
G1 X145.798 Y169.615 E77.96907
G1 X145.797 Y170.404 E77.99531
G1 X145.691 Y170.49 E77.99985
G1 X145.414 Y170.731 E78.01207
G1 X145.254 Y170.885 E78.01945
G1 X145.039 Y171.114 E78.0299
G1 X144.858 Y171.333 E78.03935
G1 X144.628 Y171.652 E78.05243
G1 X144.473 Y171.901 E78.06219
G1 X144.321 Y172.185 E78.0729
G1 X144.209 Y172.431 E78.08189
G1 X144.082 Y172.76 E78.09362
G1 X144 Y173.03 E78.103
G1 X143.948 Y172.857 E78.10901
G1 X143.853 Y172.588 E78.1185
G1 X143.762 Y172.368 E78.12642
G1 X143.652 Y172.139 E78.13487
G1 X143.51 Y171.888 E78.14446
G1 X143.302 Y171.57 E78.1571
G1 X143.178 Y171.398 E78.16415
G1 X142.98 Y171.151 E78.17468
G1 X142.779 Y170.933 E78.18454
G1 X142.202 Y170.384 E78.21103
G1 X142.203 Y169.595 E78.23728
G1 X142.346 Y169.484 E78.2433
G1 X142.514 Y169.339 E78.25068
G1 X142.756 Y169.108 E78.2618
G1 X142.914 Y168.941 E78.26945
G1 X143.168 Y168.642 E78.2825
G1 X143.391 Y168.327 E78.29534
G1 X143.603 Y167.964 E78.30932
G1 X143.721 Y167.731 E78.318
G1 X143.846 Y167.443 E78.32845
G1 X143.947 Y167.16 E78.33844
G1 X144 Y166.969 E78.34503
G0 F6000 X144.001 Y168.061
G1 F1200 X144.12 Y168.288 E78.35356
G1 X144.303 Y168.583 E78.3651
G1 X144.485 Y168.84 E78.37558
G1 X144.718 Y169.13 E78.38795
G1 X144.943 Y169.376 E78.39904
G1 X145.229 Y169.651 E78.41224
G1 X145.382 Y169.768 E78.41864
G1 X145.398 Y169.783 E78.41937
G1 X145.397 Y170.215 E78.43374
G1 X145.151 Y170.429 E78.44459
G1 X144.962 Y170.611 E78.45331
G1 X144.747 Y170.84 E78.46376
G1 X144.534 Y171.099 E78.47491
G1 X144.304 Y171.418 E78.48799
G1 X144.121 Y171.712 E78.49951
G1 X143.999 Y171.941 E78.50814
G1 X143.845 Y171.669 E78.51854
G1 X143.637 Y171.351 E78.53118
G1 X143.49 Y171.148 E78.53951
G1 X143.292 Y170.901 E78.55004
G1 X143.055 Y170.643 E78.56169
G1 X142.602 Y170.212 E78.58249
G1 X142.603 Y169.791 E78.59649
G1 X142.79 Y169.629 E78.60472
G1 X143.032 Y169.398 E78.61585
G1 X143.219 Y169.2 E78.62491
G1 X143.473 Y168.901 E78.63796
G1 X143.736 Y168.529 E78.65311
G1 X143.948 Y168.166 E78.66709
G1 X144.001 Y168.061 E78.671
G0 F6000 X144 Y168.846
G1 F1200 X144.173 Y169.091 E78.68098
G1 X144.406 Y169.381 E78.69335
G1 X144.666 Y169.664 E78.70613
G1 X144.952 Y169.939 E78.71933
G1 X144.998 Y169.974 E78.72125
G1 X144.998 Y170.034 E78.72325
G1 X144.889 Y170.128 E78.72803
G1 X144.671 Y170.338 E78.7381
G1 X144.456 Y170.567 E78.74855
G1 X144.21 Y170.865 E78.7614
G1 X143.994 Y171.165 E78.7737
G1 X143.972 Y171.132 E78.77502
G1 X143.802 Y170.898 E78.78464
G1 X143.604 Y170.651 E78.79516
G1 X143.331 Y170.354 E78.80858
G1 X143.002 Y170.041 E78.82369
G1 X143.002 Y169.973 E78.82595
G1 X143.066 Y169.918 E78.82875
G1 X143.308 Y169.687 E78.83988
G1 X143.523 Y169.459 E78.8503
G1 X143.777 Y169.16 E78.86335
G1 X144 Y168.846 E78.87616
G0 F6000 X144.001 Y169.515
G1 F1200 X144.095 Y169.632 E78.88115
G1 X144.388 Y169.953 E78.89561
G1 X144.441 Y170.004 E78.89806
G1 X144.379 Y170.064 E78.90093
G1 X144.164 Y170.293 E78.91137
G1 X143.995 Y170.498 E78.92021
G1 X143.916 Y170.4 E78.9244
G1 X143.607 Y170.064 E78.93958
G1 X143.55 Y170.01 E78.94219
G1 X143.585 Y169.976 E78.94381
G1 X143.828 Y169.718 E78.9556
G1 X144.001 Y169.515 E78.96447
G1 F2400 E78.46447
G0 F6000 X152.204 Y169.203
G1 F2400 E78.96447
G1 F1200 X152.46 Y168.533 E78.98833
G1 X152.796 Y168.157 E79.0051
G1 X153.118 Y167.906 E79.01868
G1 X153.133 Y167.893 E79.01934
G1 X153.375 Y167.662 E79.03047
G1 X153.389 Y167.646 E79.03117
G1 X153.643 Y167.347 E79.04422
G1 X153.664 Y167.319 E79.04539
G1 X153.876 Y166.956 E79.05937
G1 X153.886 Y166.935 E79.06014
G1 X154.011 Y166.647 E79.07058
G1 X154.021 Y166.621 E79.07151
G1 X154.127 Y166.242 E79.0846
G1 X154.132 Y166.215 E79.08551
G1 X154.175 Y165.899 E79.09612
G1 X154.177 Y165.881 E79.09672
G1 X154.199 Y165.406 E79.11254
G1 X154.199 Y165.397 E79.11284
G1 X154.2 Y156.2 E79.41873
G1 X154.319 Y156.161 E79.4229
G1 X154.4 Y156 E79.42889
G1 X157.6 Y156 E79.53532
G1 X157.639 Y156.119 E79.53949
G1 X157.8 Y156.2 E79.54548
G1 X157.805 Y165.512 E79.8552
G1 X157.806 Y165.527 E79.8557
G1 X157.839 Y165.978 E79.87074
G1 X157.84 Y165.994 E79.87127
G1 X157.886 Y166.284 E79.88104
G1 X157.892 Y166.308 E79.88186
G1 X157.977 Y166.606 E79.89217
G1 X157.986 Y166.631 E79.89305
G1 X158.146 Y166.997 E79.90634
G1 X158.159 Y167.022 E79.90728
G1 X158.342 Y167.317 E79.91882
G1 X158.356 Y167.337 E79.91963
G1 X158.589 Y167.627 E79.93201
G1 X158.606 Y167.646 E79.93286
G1 X158.892 Y167.921 E79.94605
G1 X158.929 Y167.949 E79.9476
G1 X158.992 Y167.986 E79.95003
G1 X159.48 Y168.46 E79.97265
G1 X159.736 Y169.019 E79.9931
G1 X159.799 Y169.29 E80.00236
G1 X159.796 Y170.796 E80.05245
G1 X159.551 Y171.438 E80.0753
G1 X159.182 Y171.864 E80.09405
G1 X159.014 Y171.991 E80.10105
G1 X159.004 Y171.999 E80.10148
G1 X158.727 Y172.24 E80.11369
G1 X158.712 Y172.254 E80.11437
G1 X158.497 Y172.483 E80.12482
G1 X158.481 Y172.503 E80.12567
G1 X158.251 Y172.822 E80.13875
G1 X158.237 Y172.845 E80.13965
G1 X158.085 Y173.129 E80.15036
G1 X158.074 Y173.151 E80.15118
G1 X157.947 Y173.48 E80.16291
G1 X157.939 Y173.509 E80.16391
G1 X157.858 Y173.874 E80.17634
G1 X157.854 Y173.894 E80.17702
G1 X157.819 Y174.196 E80.18713
G1 X157.818 Y174.21 E80.1876
G1 X157.8 Y174.609 E80.20088
G1 X157.8 Y175.8 E80.2405
G1 X154.199 Y175.8 E80.36027
G1 X154.192 Y174.453 E80.40507
G1 X154.192 Y174.443 E80.4054
G1 X154.176 Y174.142 E80.41543
G1 X154.174 Y174.127 E80.41593
G1 X154.136 Y173.832 E80.42582
G1 X154.133 Y173.812 E80.4265
G1 X154.069 Y173.544 E80.43566
G1 X154.063 Y173.523 E80.43639
G1 X153.968 Y173.254 E80.44587
G1 X153.959 Y173.234 E80.4466
G1 X153.849 Y173.005 E80.45505
G1 X153.836 Y172.983 E80.4559
G1 X153.628 Y172.665 E80.46854
G1 X153.617 Y172.649 E80.46919
G1 X153.419 Y172.402 E80.47972
G1 X153.401 Y172.382 E80.48061
G1 X152.523 Y171.547 E80.52091
G1 X152.258 Y170.971 E80.542
G1 X152.201 Y170.713 E80.55079
G1 X152.204 Y169.203 E80.60101
G0 F6000 X152.604 Y169.276
G1 F1200 X152.806 Y168.748 E80.61981
G1 X153.075 Y168.446 E80.63326
G1 X153.364 Y168.221 E80.64545
G1 X153.409 Y168.182 E80.64743
G1 X153.651 Y167.951 E80.65855
G1 X153.694 Y167.905 E80.66065
G1 X153.948 Y167.606 E80.6737
G1 X154.009 Y167.521 E80.67718
G1 X154.221 Y167.158 E80.69116
G1 X154.253 Y167.094 E80.69354
G1 X154.378 Y166.806 E80.70398
G1 X154.406 Y166.729 E80.70671
G1 X154.512 Y166.35 E80.7198
G1 X154.529 Y166.269 E80.72255
G1 X154.572 Y165.953 E80.73316
G1 X154.576 Y165.9 E80.73492
G1 X154.598 Y165.425 E80.75074
G1 X154.599 Y165.397 E80.75167
G1 X154.6 Y156.448 E81.04932
G1 X154.637 Y156.4 E81.05133
G1 X157.352 Y156.4 E81.14163
G1 X157.4 Y156.437 E81.14365
G1 X157.405 Y165.512 E81.44548
G1 X157.407 Y165.556 E81.44695
G1 X157.44 Y166.007 E81.46199
G1 X157.445 Y166.057 E81.46366
G1 X157.491 Y166.347 E81.47343
G1 X157.507 Y166.418 E81.47585
G1 X157.592 Y166.716 E81.48615
G1 X157.619 Y166.791 E81.48881
G1 X157.779 Y167.157 E81.50209
G1 X157.819 Y167.233 E81.50495
G1 X158.002 Y167.528 E81.51649
G1 X158.044 Y167.588 E81.51893
G1 X158.277 Y167.878 E81.5313
G1 X158.329 Y167.934 E81.53384
G1 X158.615 Y168.209 E81.54704
G1 X158.724 Y168.293 E81.55162
G1 X158.748 Y168.307 E81.55254
G1 X159.147 Y168.694 E81.57103
G1 X159.357 Y169.153 E81.58782
G1 X159.399 Y169.334 E81.594
G1 X159.396 Y170.723 E81.6402
G1 X159.204 Y171.227 E81.65813
G1 X158.905 Y171.572 E81.67332
G1 X158.773 Y171.672 E81.67883
G1 X158.741 Y171.697 E81.68018
G1 X158.464 Y171.938 E81.69239
G1 X158.421 Y171.98 E81.69439
G1 X158.206 Y172.209 E81.70484
G1 X158.156 Y172.269 E81.70743
G1 X157.926 Y172.588 E81.72051
G1 X157.884 Y172.656 E81.72317
G1 X157.732 Y172.94 E81.73389
G1 X157.701 Y173.007 E81.73634
G1 X157.574 Y173.336 E81.74807
G1 X157.548 Y173.422 E81.75106
G1 X157.467 Y173.787 E81.76349
G1 X157.457 Y173.848 E81.76555
G1 X157.422 Y174.15 E81.77566
G1 X157.419 Y174.192 E81.77706
G1 X157.401 Y174.591 E81.79035
G1 X157.4 Y174.618 E81.79125
G1 X157.4 Y175.4 E81.81726
G1 X154.597 Y175.4 E81.91048
G1 X154.592 Y174.451 E81.94205
G1 X154.591 Y174.422 E81.94301
G1 X154.575 Y174.121 E81.95304
G1 X154.571 Y174.076 E81.95454
G1 X154.533 Y173.781 E81.96443
G1 X154.522 Y173.719 E81.96653
G1 X154.458 Y173.451 E81.97569
G1 X154.44 Y173.39 E81.97781
G1 X154.345 Y173.121 E81.9873
G1 X154.32 Y173.061 E81.98946
G1 X154.21 Y172.832 E81.99791
G1 X154.171 Y172.764 E82.00052
G1 X153.963 Y172.446 E82.01315
G1 X153.929 Y172.399 E82.01508
G1 X153.731 Y172.152 E82.02561
G1 X153.677 Y172.092 E82.0283
G1 X152.853 Y171.308 E82.06613
G1 X152.64 Y170.846 E82.08305
G1 X152.601 Y170.668 E82.08911
G1 X152.604 Y169.276 E82.13541
G0 F6000 X153.004 Y169.351
G1 F1200 X153.154 Y168.957 E82.14943
G1 X153.348 Y168.74 E82.15911
G1 X153.609 Y168.537 E82.17011
G1 X153.685 Y168.471 E82.17345
G1 X153.927 Y168.24 E82.18458
G1 X153.999 Y168.164 E82.18806
G1 X154.253 Y167.865 E82.20111
G1 X154.355 Y167.722 E82.20695
G1 X154.567 Y167.359 E82.22094
G1 X154.62 Y167.253 E82.22488
G1 X154.745 Y166.965 E82.23532
G1 X154.791 Y166.836 E82.23988
G1 X154.897 Y166.457 E82.25296
G1 X154.925 Y166.323 E82.25752
G1 X154.968 Y166.007 E82.26812
G1 X154.976 Y165.918 E82.2711
G1 X154.998 Y165.443 E82.28691
G1 X154.999 Y165.397 E82.28844
G1 X155 Y156.8 E82.57438
G1 X157 Y156.8 E82.6409
G1 X157.005 Y165.513 E82.9307
G1 X157.008 Y165.585 E82.93309
G1 X157.041 Y166.036 E82.94813
G1 X157.05 Y166.12 E82.95094
G1 X157.096 Y166.41 E82.96071
G1 X157.122 Y166.527 E82.9647
G1 X157.207 Y166.825 E82.975
G1 X157.253 Y166.952 E82.97949
G1 X157.413 Y167.318 E82.99278
G1 X157.479 Y167.444 E82.99751
G1 X157.662 Y167.739 E83.00906
G1 X157.732 Y167.838 E83.01309
G1 X157.965 Y168.128 E83.02546
G1 X158.052 Y168.223 E83.02975
G1 X158.338 Y168.498 E83.04294
G1 X158.487 Y168.611 E83.04916
G1 X158.815 Y168.93 E83.06438
G1 X158.974 Y169.277 E83.07708
G1 X158.999 Y169.382 E83.08067
G1 X158.996 Y170.648 E83.12277
G1 X158.854 Y171.021 E83.13605
G1 X158.632 Y171.277 E83.14732
G1 X158.532 Y171.353 E83.1515
G1 X158.479 Y171.396 E83.15377
G1 X158.202 Y171.637 E83.16598
G1 X158.129 Y171.707 E83.16934
G1 X157.914 Y171.936 E83.17979
G1 X157.832 Y172.035 E83.18407
G1 X157.602 Y172.354 E83.19715
G1 X157.531 Y172.467 E83.20158
G1 X157.379 Y172.751 E83.2123
G1 X157.328 Y172.863 E83.21639
G1 X157.201 Y173.192 E83.22812
G1 X157.158 Y173.335 E83.23309
G1 X157.077 Y173.7 E83.24552
G1 X157.06 Y173.802 E83.24896
G1 X157.025 Y174.104 E83.25907
G1 X157.019 Y174.174 E83.26141
G1 X157.001 Y174.573 E83.27469
G1 X157 Y174.618 E83.27619
G1 X157 Y175 E83.2889
G1 X154.995 Y175 E83.35558
G1 X154.992 Y174.449 E83.37391
G1 X154.991 Y174.401 E83.37551
G1 X154.975 Y174.1 E83.38553
G1 X154.968 Y174.025 E83.38804
G1 X154.93 Y173.73 E83.39793
G1 X154.911 Y173.626 E83.40145
G1 X154.847 Y173.358 E83.41061
G1 X154.817 Y173.257 E83.41412
G1 X154.722 Y172.988 E83.4236
G1 X154.68 Y172.888 E83.42721
G1 X154.57 Y172.659 E83.43566
G1 X154.506 Y172.545 E83.44001
G1 X154.298 Y172.227 E83.45265
G1 X154.241 Y172.149 E83.45586
G1 X154.043 Y171.902 E83.46639
G1 X153.952 Y171.803 E83.47086
G1 X153.186 Y171.074 E83.50603
G1 X153.022 Y170.719 E83.51904
G1 X153.001 Y170.624 E83.52228
G1 X153.004 Y169.351 E83.56462
G0 F6000 X153.404 Y169.427
G1 F1200 X153.503 Y169.166 E83.5739
G1 X153.618 Y169.038 E83.57962
G1 X153.855 Y168.853 E83.58962
G1 X153.962 Y168.761 E83.59432
G1 X154.204 Y168.53 E83.60544
G1 X154.304 Y168.423 E83.61032
G1 X154.558 Y168.124 E83.62336
G1 X154.7 Y167.924 E83.63152
G1 X154.912 Y167.561 E83.6455
G1 X154.987 Y167.412 E83.65105
G1 X155.112 Y167.124 E83.66149
G1 X155.176 Y166.944 E83.66785
G1 X155.282 Y166.565 E83.68094
G1 X155.321 Y166.377 E83.68732
G1 X155.364 Y166.061 E83.69793
G1 X155.376 Y165.937 E83.70207
G1 X155.398 Y165.462 E83.71789
G1 X155.399 Y165.397 E83.72005
G1 X155.4 Y157.2 E83.99269
G1 X156.601 Y157.2 E84.03263
G1 X156.605 Y165.513 E84.30912
G1 X156.609 Y165.614 E84.31248
G1 X156.642 Y166.065 E84.32752
G1 X156.655 Y166.182 E84.33144
G1 X156.701 Y166.472 E84.34121
G1 X156.738 Y166.637 E84.34683
G1 X156.823 Y166.935 E84.35714
G1 X156.886 Y167.112 E84.36339
G1 X157.046 Y167.478 E84.37667
G1 X157.139 Y167.655 E84.38332
G1 X157.322 Y167.95 E84.39487
G1 X157.421 Y168.089 E84.40054
G1 X157.654 Y168.379 E84.41292
G1 X157.775 Y168.511 E84.41887
G1 X158.061 Y168.786 E84.43207
G1 X158.21 Y168.899 E84.43829
G1 X158.483 Y169.165 E84.45097
G1 X158.595 Y169.409 E84.4599
G1 X158.599 Y169.425 E84.46044
G1 X158.596 Y170.572 E84.49859
G1 X158.505 Y170.812 E84.50713
G1 X158.356 Y170.984 E84.5147
G1 X158.29 Y171.034 E84.51745
G1 X158.216 Y171.094 E84.52062
G1 X157.939 Y171.335 E84.53283
G1 X157.837 Y171.433 E84.53754
G1 X157.622 Y171.662 E84.54799
G1 X157.507 Y171.801 E84.55399
G1 X157.277 Y172.12 E84.56707
G1 X157.179 Y172.278 E84.57325
G1 X157.027 Y172.562 E84.58396
G1 X156.955 Y172.719 E84.58971
G1 X156.828 Y173.048 E84.60144
G1 X156.767 Y173.249 E84.60843
G1 X156.686 Y173.614 E84.62086
G1 X156.662 Y173.756 E84.62565
G1 X156.627 Y174.058 E84.63576
G1 X156.619 Y174.156 E84.63903
G1 X156.601 Y174.555 E84.65232
G1 X156.6 Y174.6 E84.65381
G1 X155.393 Y174.6 E84.69396
G1 X155.392 Y174.447 E84.69905
G1 X155.39 Y174.38 E84.70128
G1 X155.374 Y174.079 E84.7113
G1 X155.365 Y173.974 E84.71481
G1 X155.327 Y173.679 E84.7247
G1 X155.3 Y173.533 E84.72964
G1 X155.236 Y173.265 E84.7388
G1 X155.194 Y173.124 E84.7437
G1 X155.099 Y172.855 E84.75319
G1 X155.041 Y172.715 E84.75823
G1 X154.931 Y172.486 E84.76668
G1 X154.841 Y172.326 E84.77278
G1 X154.633 Y172.008 E84.78542
G1 X154.553 Y171.898 E84.78994
G1 X154.355 Y171.651 E84.80047
G1 X154.228 Y171.513 E84.80671
G1 X153.516 Y170.835 E84.83941
G1 X153.402 Y170.59 E84.8484
G1 X153.401 Y170.585 E84.84857
G1 X153.404 Y169.427 E84.88708
G0 F6000 X153.803 Y169.498
G1 F1200 X153.848 Y169.382 E84.89122
G1 X153.897 Y169.327 E84.89367
G1 X154.101 Y169.168 E84.90227
G1 X154.238 Y169.05 E84.90829
G1 X154.48 Y168.819 E84.91941
G1 X154.609 Y168.682 E84.92567
G1 X154.863 Y168.383 E84.93872
G1 X155.045 Y168.126 E84.9492
G1 X155.257 Y167.763 E84.96318
G1 X155.354 Y167.572 E84.9703
G1 X155.479 Y167.284 E84.98075
G1 X155.561 Y167.052 E84.98893
G1 X155.667 Y166.673 E85.00202
G1 X155.718 Y166.431 E85.01024
G1 X155.761 Y166.115 E85.02085
G1 X155.775 Y165.955 E85.02619
G1 X155.797 Y165.48 E85.04201
G1 X155.799 Y165.397 E85.04477
G1 X155.8 Y157.6 E85.3041
G1 X156.201 Y157.6 E85.31744
G1 X156.205 Y165.513 E85.58062
G1 X156.21 Y165.643 E85.58495
G1 X156.243 Y166.094 E85.59999
G1 X156.26 Y166.245 E85.60505
G1 X156.306 Y166.535 E85.61481
G1 X156.353 Y166.747 E85.62203
G1 X156.438 Y167.045 E85.63234
G1 X156.52 Y167.272 E85.64037
G1 X156.68 Y167.638 E85.65365
G1 X156.799 Y167.866 E85.66221
G1 X156.982 Y168.161 E85.67375
G1 X157.109 Y168.339 E85.68103
G1 X157.342 Y168.629 E85.6934
G1 X157.497 Y168.799 E85.70105
G1 X157.783 Y169.074 E85.71425
G1 X157.937 Y169.192 E85.7207
G1 X158.149 Y169.398 E85.73053
G1 X158.199 Y169.505 E85.73446
G1 X158.197 Y170.5 E85.76756
G1 X158.157 Y170.603 E85.77123
G1 X158.082 Y170.69 E85.77505
G1 X158.049 Y170.715 E85.77643
G1 X157.954 Y170.792 E85.78049
G1 X157.677 Y171.033 E85.79271
G1 X157.546 Y171.159 E85.79875
G1 X157.331 Y171.388 E85.8092
G1 X157.183 Y171.567 E85.81692
G1 X156.953 Y171.886 E85.83
G1 X156.826 Y172.09 E85.838
G1 X156.674 Y172.374 E85.84871
G1 X156.582 Y172.575 E85.85606
G1 X156.455 Y172.904 E85.86779
G1 X156.377 Y173.162 E85.87676
G1 X156.296 Y173.527 E85.88919
G1 X156.265 Y173.71 E85.89537
G1 X156.23 Y174.012 E85.90548
G1 X156.22 Y174.138 E85.90968
G1 X156.217 Y174.2 E85.91175
G1 X155.781 Y174.2 E85.92625
G1 X155.773 Y174.057 E85.93101
G1 X155.761 Y173.923 E85.93549
G1 X155.723 Y173.628 E85.94538
G1 X155.689 Y173.44 E85.95173
G1 X155.625 Y173.172 E85.9609
G1 X155.571 Y172.991 E85.96718
G1 X155.476 Y172.722 E85.97667
G1 X155.402 Y172.542 E85.98314
G1 X155.292 Y172.313 E85.99159
G1 X155.175 Y172.107 E85.99947
G1 X154.967 Y171.789 E86.01211
G1 X154.865 Y171.648 E86.0179
G1 X154.667 Y171.401 E86.02843
G1 X154.504 Y171.223 E86.03645
G1 X153.847 Y170.598 E86.06661
G1 X153.801 Y170.499 E86.07024
G1 X153.803 Y169.498 E86.10354
G0 F6000 X154.203 Y169.595
G1 F1200 X154.346 Y169.484 E86.10956
G1 X154.514 Y169.339 E86.11694
G1 X154.756 Y169.108 E86.12807
G1 X154.914 Y168.941 E86.13571
G1 X155.168 Y168.642 E86.14876
G1 X155.391 Y168.327 E86.1616
G1 X155.603 Y167.964 E86.17558
G1 X155.721 Y167.731 E86.18427
G1 X155.846 Y167.443 E86.19471
G1 X155.947 Y167.16 E86.2047
G1 X156 Y166.969 E86.2113
G1 X156.053 Y167.154 E86.2177
G1 X156.153 Y167.432 E86.22752
G1 X156.313 Y167.798 E86.24081
G1 X156.459 Y168.077 E86.25128
G1 X156.642 Y168.372 E86.26283
G1 X156.797 Y168.59 E86.27173
G1 X157.03 Y168.88 E86.2841
G1 X157.22 Y169.088 E86.29347
G1 X157.506 Y169.363 E86.30666
G1 X157.657 Y169.478 E86.31298
G1 X157.798 Y169.615 E86.31952
G1 X157.797 Y170.404 E86.34576
G1 X157.691 Y170.49 E86.3503
G1 X157.414 Y170.731 E86.36251
G1 X157.254 Y170.885 E86.3699
G1 X157.039 Y171.114 E86.38034
G1 X156.858 Y171.333 E86.38979
G1 X156.628 Y171.652 E86.40287
G1 X156.473 Y171.901 E86.41263
G1 X156.321 Y172.185 E86.42334
G1 X156.209 Y172.431 E86.43233
G1 X156.082 Y172.76 E86.44406
G1 X156 Y173.03 E86.45345
G1 X155.948 Y172.857 E86.45946
G1 X155.853 Y172.588 E86.46894
G1 X155.762 Y172.368 E86.47686
G1 X155.652 Y172.139 E86.48531
G1 X155.51 Y171.888 E86.4949
G1 X155.302 Y171.57 E86.50754
G1 X155.178 Y171.398 E86.5146
G1 X154.98 Y171.151 E86.52512
G1 X154.779 Y170.933 E86.53499
G1 X154.202 Y170.384 E86.56148
G1 X154.203 Y169.595 E86.58772
G0 F6000 X154.603 Y169.791
G1 F1200 X154.79 Y169.629 E86.59595
G1 X155.032 Y169.398 E86.60708
G1 X155.219 Y169.2 E86.61613
G1 X155.473 Y168.901 E86.62918
G1 X155.736 Y168.529 E86.64433
G1 X155.948 Y168.166 E86.65832
G1 X156.001 Y168.061 E86.66223
G1 X156.12 Y168.288 E86.67075
G1 X156.303 Y168.583 E86.6823
G1 X156.485 Y168.84 E86.69277
G1 X156.718 Y169.13 E86.70515
G1 X156.943 Y169.376 E86.71623
G1 X157.229 Y169.651 E86.72943
G1 X157.382 Y169.768 E86.73584
G1 X157.398 Y169.783 E86.73657
G1 X157.397 Y170.215 E86.75094
G1 X157.151 Y170.429 E86.76178
G1 X156.962 Y170.611 E86.77051
G1 X156.747 Y170.84 E86.78095
G1 X156.534 Y171.099 E86.79211
G1 X156.304 Y171.418 E86.80519
G1 X156.121 Y171.712 E86.81671
G1 X155.999 Y171.941 E86.82534
G1 X155.845 Y171.669 E86.83573
G1 X155.637 Y171.351 E86.84837
G1 X155.49 Y171.148 E86.85671
G1 X155.292 Y170.901 E86.86724
G1 X155.055 Y170.643 E86.87889
G1 X154.602 Y170.212 E86.89968
G1 X154.603 Y169.791 E86.91369
G0 F6000 X155.002 Y169.973
G1 F1200 X155.066 Y169.918 E86.91649
G1 X155.308 Y169.687 E86.92762
G1 X155.523 Y169.459 E86.93804
G1 X155.777 Y169.16 E86.95109
G1 X156 Y168.846 E86.9639
G1 X156.173 Y169.091 E86.97388
G1 X156.406 Y169.381 E86.98625
G1 X156.666 Y169.664 E86.99903
G1 X156.952 Y169.939 E87.01223
G1 X156.998 Y169.974 E87.01415
G1 X156.998 Y170.034 E87.01615
G1 X156.889 Y170.128 E87.02093
G1 X156.671 Y170.338 E87.031
G1 X156.456 Y170.567 E87.04145
G1 X156.21 Y170.865 E87.0543
G1 X155.994 Y171.165 E87.0666
G1 X155.972 Y171.132 E87.06792
G1 X155.802 Y170.898 E87.07754
G1 X155.604 Y170.651 E87.08807
G1 X155.331 Y170.354 E87.10148
G1 X155.002 Y170.041 E87.11659
G1 X155.002 Y169.973 E87.11885
G0 F6000 X155.55 Y170.01
G1 F1200 X155.585 Y169.976 E87.12047
G1 X155.828 Y169.718 E87.13226
G1 X156.001 Y169.515 E87.14113
G1 X156.095 Y169.632 E87.14612
G1 X156.388 Y169.953 E87.16058
G1 X156.441 Y170.004 E87.16302
G1 X156.379 Y170.064 E87.16589
G1 X156.164 Y170.293 E87.17634
G1 X155.995 Y170.498 E87.18518
G1 X155.916 Y170.4 E87.18936
G1 X155.607 Y170.064 E87.20455
G1 X155.55 Y170.01 E87.20716
G1 F2400 E86.70716
;MESH:Limiter bracket.stl
G0 F6000 X155.55 Y155.665
G0 X150 Y154.4
;TYPE:WALL-INNER
G1 F2400 E87.20716
G1 F1200 X164.4 Y154.4 E87.6861
G1 X164.4 Y125.6 E88.644
G1 X135.6 Y125.6 E89.60189
G1 X135.601 Y154.399 E90.55975
G1 X150 Y154.4 E91.03866
G1 F2400 E90.53866
G0 F6000 X161.221 Y154.219
G0 X161.221 Y153.768
G0 X161.223 Y153.588
G1 F2400 E91.03866
G1 F1200 X160.691 Y153.448 E91.05696
G1 X160.213 Y153.166 E91.07541
G1 X159.83 Y152.789 E91.09329
G1 X159.553 Y152.309 E91.11172
G1 X159.408 Y151.778 E91.13003
G1 X159.408 Y151.218 E91.14865
G1 X159.561 Y150.686 E91.16707
G1 X159.836 Y150.206 E91.18547
G1 X160.215 Y149.829 E91.20325
G1 X160.687 Y149.56 E91.22132
G1 X161.354 Y149.373 E91.24436
G1 X162.045 Y149.463 E91.26753
G1 X162.573 Y149.681 E91.28653
G1 X162.771 Y149.814 E91.29446
G1 X163.167 Y150.214 E91.31319
G1 X163.445 Y150.686 E91.3314
G1 X163.588 Y151.222 E91.34986
G1 X163.588 Y151.765 E91.36792
G1 X163.447 Y152.311 E91.38667
G1 X163.165 Y152.789 E91.40513
G1 X162.789 Y153.165 E91.42282
G1 X162.309 Y153.448 E91.44135
G1 X161.765 Y153.588 E91.46003
G1 X161.223 Y153.588 E91.47806
G1 F2400 E90.97806
G0 F6000 X160.309 Y153.051
G0 X159.949 Y152.691
G0 X159.697 Y152.255
G0 X159.561 Y151.756
G0 X159.561 Y151.245
G0 X159.694 Y150.752
G0 X159.949 Y150.309
G0 X160.153 Y150.105
G0 X161.348 Y149.188
G0 X161.348 Y131.768
G0 X161.219 Y131.588
G1 F2400 E91.47806
G1 F1200 X160.685 Y131.439 E91.4965
G1 X160.221 Y131.173 E91.51429
G1 X159.829 Y130.785 E91.53263
G1 X159.55 Y130.289 E91.55156
G1 X159.414 Y129.778 E91.56915
G1 X159.407 Y129.226 E91.58751
G1 X159.553 Y128.691 E91.60595
G1 X159.829 Y128.213 E91.62431
G1 X160.227 Y127.815 E91.64303
G1 X160.42 Y127.686 E91.65075
G1 X160.954 Y127.463 E91.67
G1 X161.646 Y127.373 E91.69321
G1 X162.305 Y127.549 E91.7159
G1 X162.789 Y127.83 E91.73451
G1 X163.166 Y128.212 E91.75236
G1 X163.445 Y128.686 E91.77066
G1 X163.588 Y129.222 E91.78911
G1 X163.588 Y129.765 E91.80717
G1 X163.447 Y130.311 E91.82592
G1 X163.165 Y130.789 E91.84438
G1 X162.787 Y131.167 E91.86216
G1 X162.31 Y131.448 E91.88058
G1 X161.771 Y131.588 E91.8991
G1 X161.219 Y131.588 E91.91746
G1 F2400 E91.41746
G0 F6000 X160.099 Y131.308
G0 X139.905 Y131.308
G0 X138.783 Y131.588
G1 F2400 E91.91746
G1 F1200 X138.233 Y131.588 E91.93575
G1 X137.879 Y131.503 E91.94786
G1 X137.423 Y131.315 E91.96426
G1 X137.227 Y131.185 E91.97209
G1 X136.828 Y130.786 E91.99085
G1 X136.54 Y130.289 E92.00996
G1 X136.469 Y130.092 E92.01692
G1 X136.373 Y129.348 E92.04188
G1 X136.553 Y128.692 E92.0645
G1 X136.829 Y128.213 E92.08289
G1 X137.214 Y127.828 E92.101
G1 X137.685 Y127.553 E92.11914
G1 X138.23 Y127.408 E92.13789
G1 X138.778 Y127.408 E92.15612
G1 X139.3 Y127.548 E92.1741
G1 X139.787 Y127.829 E92.1928
G1 X140.169 Y128.215 E92.21086
G1 X140.448 Y128.69 E92.22918
G1 X140.589 Y129.226 E92.24762
G1 X140.583 Y129.774 E92.26584
G1 X140.451 Y130.298 E92.28382
G1 X140.175 Y130.777 E92.3022
G1 X139.797 Y131.162 E92.32015
G1 X139.314 Y131.44 E92.33868
G1 X138.783 Y131.588 E92.35702
G1 F2400 E91.85702
G0 F6000 X138.765 Y149.228
G0 X138.765 Y153.588
G1 F2400 E92.35702
G1 F1200 X138.223 Y153.588 E92.37505
G1 X137.691 Y153.448 E92.39334
G1 X137.215 Y153.167 E92.41173
G1 X136.814 Y152.771 E92.43047
G1 X136.681 Y152.573 E92.4384
G1 X136.462 Y152.042 E92.45751
G1 X136.377 Y151.344 E92.4809
G1 X136.552 Y150.693 E92.50332
G1 X136.829 Y150.213 E92.52175
G1 X137.213 Y149.829 E92.53981
G1 X137.691 Y149.553 E92.55817
G1 X138.215 Y149.408 E92.57625
G1 X138.779 Y149.408 E92.59501
G1 X139.314 Y149.56 E92.61351
G1 X139.786 Y149.83 E92.6316
G1 X140.176 Y150.226 E92.65008
G1 X140.439 Y150.685 E92.66768
G1 X140.588 Y151.219 E92.68612
G1 X140.588 Y151.771 E92.70448
G1 X140.448 Y152.309 E92.72297
G1 X140.173 Y152.78 E92.74111
G1 X139.793 Y153.166 E92.75912
G1 X139.306 Y153.449 E92.77786
G1 X138.765 Y153.588 E92.79643
G0 F6000 X138.727 Y153.186
;TYPE:WALL-OUTER
G1 F1200 X138.253 Y153.182 E92.8122
G1 X137.844 Y153.074 E92.82627
G1 X137.443 Y152.831 E92.84186
G1 X137.066 Y152.458 E92.8595
G1 X136.85 Y151.923 E92.87869
G1 X136.781 Y151.38 E92.8969
G1 X136.918 Y150.872 E92.9144
G1 X137.147 Y150.461 E92.93005
G1 X137.442 Y150.166 E92.94392
G1 X137.824 Y149.938 E92.95872
G1 X138.271 Y149.808 E92.9742
G1 X138.745 Y149.814 E92.98997
G1 X139.129 Y149.918 E93.0032
G1 X139.529 Y150.142 E93.01845
G1 X139.842 Y150.455 E93.03317
G1 X140.072 Y150.844 E93.0482
G1 X140.182 Y151.253 E93.06229
G1 X140.188 Y151.719 E93.07779
G1 X140.075 Y152.154 E93.09274
G1 X139.835 Y152.553 E93.10822
G1 X139.563 Y152.829 E93.12111
G1 X139.154 Y153.075 E93.13699
G1 X138.727 Y153.186 E93.15166
G1 F2400 E92.65166
G0 F6000 X138.807 Y153.488
G0 X140.321 Y152.887
G0 X140.319 Y154.219
G0 X150 Y154.8
G1 F2400 E93.15166
G1 F1200 X164.8 Y154.8 E93.64391
G1 X164.8 Y125.2 E94.62841
G1 X135.2 Y125.2 E95.61291
G1 X135.201 Y154.799 E96.59738
G1 X150 Y154.8 E97.0896
G1 F2400 E96.5896
G0 F6000 X150 Y154.49
G0 X161.806 Y154.219
G0 X161.786 Y153.769
G0 X161.727 Y153.186
G1 F2400 E97.0896
G1 F1200 X161.253 Y153.182 E97.10536
G1 X160.844 Y153.074 E97.11943
G1 X160.443 Y152.831 E97.13503
G1 X160.148 Y152.54 E97.14881
G1 X159.938 Y152.176 E97.16279
G1 X159.808 Y151.725 E97.1784
G1 X159.808 Y151.276 E97.19333
G1 X159.928 Y150.844 E97.20824
G1 X160.144 Y150.468 E97.22266
G1 X160.46 Y150.15 E97.23758
G1 X160.845 Y149.928 E97.25236
G1 X161.382 Y149.784 E97.27085
G1 X161.914 Y149.849 E97.28867
G1 X162.459 Y150.066 E97.30819
G1 X162.861 Y150.482 E97.32743
G1 X163.075 Y150.845 E97.34144
G1 X163.182 Y151.253 E97.35547
G1 X163.186 Y151.727 E97.37124
G1 X163.075 Y152.156 E97.38598
G1 X162.83 Y152.558 E97.40163
G1 X162.518 Y152.861 E97.4161
G1 X162.154 Y153.075 E97.43014
G1 X161.727 Y153.186 E97.44482
G1 F2400 E96.94482
G0 F6000 X161.808 Y153.488
G0 X162.691 Y153.051
G0 X163.051 Y152.691
G0 X163.306 Y152.248
G0 X163.439 Y151.755
G0 X163.439 Y151.245
G0 X163.306 Y150.752
G0 X163.051 Y150.309
G0 X162.685 Y149.943
G0 X161.348 Y149.188
G0 X161.348 Y131.768
G0 X161.277 Y131.188
G1 F2400 E97.44482
G1 F1200 X160.845 Y131.075 E97.45967
G1 X160.47 Y130.853 E97.47416
G1 X160.148 Y130.538 E97.48914
G1 X159.931 Y130.163 E97.50356
G1 X159.814 Y129.745 E97.51799
G1 X159.808 Y129.277 E97.53356
G1 X159.938 Y128.824 E97.54923
G1 X160.166 Y128.442 E97.56403
G1 X160.539 Y128.069 E97.58158
G1 X161.083 Y127.849 E97.60109
G1 X161.612 Y127.777 E97.61885
G1 X162.124 Y127.914 E97.63648
G1 X162.542 Y128.149 E97.65243
G1 X162.861 Y128.482 E97.66776
G1 X163.075 Y128.845 E97.68178
G1 X163.182 Y129.253 E97.69581
G1 X163.186 Y129.727 E97.71157
G1 X163.075 Y130.156 E97.72631
G1 X162.83 Y130.558 E97.74197
G1 X162.518 Y130.861 E97.75644
G1 X162.154 Y131.075 E97.77048
G1 X161.743 Y131.182 E97.78461
G1 X161.277 Y131.188 E97.80011
G1 F2400 E97.30011
G0 F6000 X161.195 Y131.488
G0 X160.099 Y131.308
G0 X139.905 Y131.308
G0 X138.752 Y131.182
G1 F2400 E97.80011
G1 F1200 X138.263 Y131.184 E97.81637
G1 X138.031 Y131.133 E97.82427
G1 X137.536 Y130.929 E97.84208
G1 X137.134 Y130.517 E97.86122
G1 X136.866 Y130.055 E97.87899
G1 X136.777 Y129.384 E97.9015
G1 X136.938 Y128.824 E97.92088
G1 X137.166 Y128.442 E97.93568
G1 X137.442 Y128.166 E97.94866
G1 X137.819 Y127.939 E97.9633
G1 X138.265 Y127.811 E97.97873
G1 X138.748 Y127.814 E97.99479
G1 X139.12 Y127.914 E98.00761
G1 X139.54 Y128.148 E98.0236
G1 X139.861 Y128.482 E98.03901
G1 X140.075 Y128.845 E98.05302
G1 X140.182 Y129.253 E98.06705
G1 X140.187 Y129.72 E98.08258
G1 X140.076 Y130.147 E98.09726
G1 X139.852 Y130.534 E98.11213
G1 X139.544 Y130.846 E98.12671
G1 X139.156 Y131.072 E98.14165
G1 X138.752 Y131.182 E98.15557
G1 F2400 E97.65557
G0 F6000 X138.833 Y131.482
G0 X138.21 Y131.769
G0 X137.107 Y149.68
G0 X135.992 Y151.268
;TYPE:SKIN
G1 F2400 E98.15557
G1 F1043.5 X135.988 Y151.328 E98.15787
G1 F952.4 X136.036 Y152.135 E98.19175
G1 F2400 E97.69175
G0 F6000 X136.363 Y152.071
G0 X137.62 Y153.616
G0 X137.618 Y154.219
G0 X137.541 Y154.036
G1 F2400 E98.19175
G1 F1200 X135.961 Y154.036 E98.2443
G1 X135.96 Y152.782 E98.28601
G1 F1008.4 X136.036 Y152.135 E98.31179
G1 X136.366 Y152.74 E98.33907
G1 F1200 X136.562 Y153.026 E98.3506
G1 X136.974 Y153.438 E98.36998
G1 X137.522 Y153.769 E98.39128
G1 F1071.4 X138.141 Y153.988 E98.41573
G1 X137.541 Y154.036 E98.43816
G0 F6000 X138.141 Y153.988
G1 F967.7 X138.842 Y153.988 E98.46707
G1 F2400 E97.96707
G0 F6000 X138.776 Y153.689
G0 X139.696 Y153.047
G0 X140.051 Y152.69
G0 X140.769 Y151.201
G0 X164.24 Y130.319
G0 X163.99 Y129.141
G1 F2400 E98.46707
G1 F965.8 X163.993 Y129.822 E98.49521
G0 F6000 X164.3 Y129.822
G0 X164.3 Y151.141
G0 X163.99 Y151.141
G1 F965.8 X163.993 Y151.822 E98.52335
G0 F6000 X164.3 Y151.822
G0 X164.228 Y154.228
G0 X162.458 Y154.299
G0 X162.459 Y154.04
G1 F1066.7 X161.843 Y153.99 E98.54648
G1 X162.478 Y153.765 E98.57169
G1 F1200 X162.982 Y153.469 E98.59113
G1 X163.434 Y153.031 E98.61206
G1 X163.769 Y152.474 E98.63368
G1 F1073.8 X163.993 Y151.822 E98.6593
G1 X164.04 Y152.453 E98.68282
G1 F1200 X164.04 Y154.04 E98.73561
G1 X162.459 Y154.04 E98.78819
G0 F6000 X161.843 Y153.99
G1 F960 X161.141 Y153.99 E98.81738
G0 F6000 X161.14 Y154.299
G0 X149.999 Y154.299
G0 X150 Y154.037
G1 F1200 X139.449 Y154.036 E99.1683
G1 F1071.4 X138.842 Y153.988 E99.19099
G1 X139.469 Y153.769 E99.21573
G1 F1200 X140.031 Y153.433 E99.2375
G1 X140.443 Y153.017 E99.25698
G1 X140.783 Y152.438 E99.27931
G1 X140.948 Y151.821 E99.30055
G1 X140.942 Y151.152 E99.3228
G1 X140.785 Y150.569 E99.34289
G1 X140.454 Y149.995 E99.36492
G1 X139.973 Y149.518 E99.38745
G1 X139.426 Y149.211 E99.40832
G1 X138.848 Y149.054 E99.42824
G1 X138.163 Y149.048 E99.45102
G1 X137.527 Y149.23 E99.47303
G1 X137.015 Y149.526 E99.4927
G1 X136.54 Y149.987 E99.51471
G1 X136.23 Y150.523 E99.53531
G1 F1111.1 X135.992 Y151.268 E99.5634
G1 X135.961 Y150.539 E99.58961
G1 F1200 X135.961 Y130.546 E100.25458
G1 F1010.5 X136.035 Y130.153 E100.27037
G1 F985.6 X136.2 Y130.444 E100.28392
G1 F1165 X136.227 Y130.474 E100.2853
G1 F1200 X136.527 Y130.986 E100.30504
G1 X136.966 Y131.434 E100.3259
G1 X137.287 Y131.65 E100.33877
G1 X137.763 Y131.843 E100.35585
G1 X138.163 Y131.943 E100.36957
G1 X138.827 Y131.948 E100.39165
G1 X139.423 Y131.784 E100.41221
G1 X140.005 Y131.454 E100.43447
G1 X140.455 Y130.996 E100.45582
G1 X140.776 Y130.459 E100.47663
G1 X140.934 Y129.842 E100.49781
G1 X140.949 Y129.182 E100.51977
G1 X140.783 Y128.546 E100.54163
G1 X140.468 Y128.017 E100.56211
G1 X140.008 Y127.539 E100.58417
G1 X139.439 Y127.209 E100.60605
G1 X138.847 Y127.054 E100.62641
G1 X138.177 Y127.05 E100.64869
G1 X137.541 Y127.217 E100.67056
G1 X137.015 Y127.522 E100.69078
G1 X136.54 Y127.987 E100.71289
G1 X136.23 Y128.523 E100.73349
G1 F1126.8 X135.986 Y129.292 E100.76206
G1 X135.96 Y128.537 E100.78882
G1 F1200 X135.96 Y125.96 E100.87454
G1 X164.04 Y125.96 E101.80848
G1 X164.04 Y128.541 E101.89432
G1 F1066.7 X163.99 Y129.141 E101.91685
G1 X163.769 Y128.522 E101.94145
G1 F1200 X163.469 Y128.014 E101.96107
G1 X163.008 Y127.54 E101.98306
G1 X162.44 Y127.208 E102.00494
G1 X161.659 Y127.001 E102.03182
G1 X160.875 Y127.11 E102.05814
G1 X160.279 Y127.351 E102.07953
G1 X159.995 Y127.538 E102.09084
G1 X159.561 Y127.971 E102.11123
G1 X159.217 Y128.546 E102.13351
G1 X159.048 Y129.17 E102.15501
G1 X159.054 Y129.819 E102.1766
G1 X159.215 Y130.434 E102.19774
G1 X159.541 Y131.004 E102.21958
G1 X159.995 Y131.454 E102.24085
G1 X160.575 Y131.787 E102.26309
G1 X161.175 Y131.948 E102.28375
G1 X161.843 Y131.942 E102.30597
G1 X162.451 Y131.783 E102.32687
G1 X162.982 Y131.469 E102.34739
G1 X163.434 Y131.031 E102.36832
G1 X163.769 Y130.474 E102.38994
G1 F1073.8 X163.993 Y129.822 E102.41557
G1 X164.04 Y130.453 E102.43908
G1 F1200 X164.04 Y150.541 E103.10721
G1 F1066.7 X163.99 Y151.141 E103.12974
G1 X163.769 Y150.522 E103.15434
G1 F1200 X163.469 Y150.014 E103.17396
G1 X163.031 Y149.563 E103.19487
G1 X162.706 Y149.347 E103.20785
G1 X162.137 Y149.108 E103.22837
G1 X161.334 Y149.008 E103.25529
G1 X160.569 Y149.212 E103.28162
G1 X159.98 Y149.55 E103.30421
G1 X159.544 Y149.988 E103.32476
G1 X159.209 Y150.571 E103.34713
G1 X159.048 Y151.171 E103.36779
G1 X159.054 Y151.848 E103.39031
G1 X159.213 Y152.441 E103.41073
G1 X159.541 Y153.009 E103.43254
G1 X160.017 Y153.468 E103.45454
G1 X160.521 Y153.768 E103.47404
G1 F1066.7 X161.141 Y153.99 E103.49869
G1 X160.541 Y154.038 E103.52121
G1 F1200 X150 Y154.037 E103.8718
G1 F2400 E103.3718
G0 F6000 X149.999 Y154.299
G0 X136.26 Y154.219
G0 X137.098 Y131.311
G0 X135.986 Y129.292
G1 F2400 E103.8718
G1 F1071.4 X135.982 Y129.352 E103.87404
G1 F965.8 X136.035 Y130.153 E103.90722
G1 F2400 E103.40722
G0 F6000 X136.271 Y129.392
G0 X137.098 Y131.311
G0 X137.096 Y154.219
G0 X136.3 Y153.836
G1 F2400 E103.90722
G1 F1200 X136.161 Y153.697 E103.91376
G0 F6000 X136.161 Y153.132
G1 F1200 X136.865 Y153.836 E103.94687
G1 F2400 E103.44687
G0 F6000 X136.864 Y154.299
G0 X139.84 Y154.219
G0 X139.471 Y153.584
G0 X140.072 Y153.649
G1 F2400 E103.94687
G1 F1200 X140.261 Y153.837 E103.95574
G0 F6000 X140.367 Y153.378
G1 F1200 X140.827 Y153.837 E103.97735
G0 F6000 X141.392 Y153.837
G1 F1200 X140.641 Y153.086 E104.01267
G0 F6000 X140.848 Y152.727
G1 F1200 X141.958 Y153.837 E104.06489
G0 F6000 X142.524 Y153.837
G1 F1200 X141.018 Y152.332 E104.1357
G0 F6000 X141.138 Y151.886
G1 F1200 X143.089 Y153.837 E104.22747
G0 F6000 X143.655 Y153.837
G1 F1200 X141.148 Y151.33 E104.34539
G0 F6000 X141.004 Y150.621
G1 F1200 X144.221 Y153.837 E104.49668
G0 F6000 X144.786 Y153.837
G1 F1200 X136.16 Y145.211 E104.90243
G0 F6000 X136.16 Y144.646
G1 F1200 X145.352 Y153.837 E105.33477
G0 F6000 X145.918 Y153.837
G1 F1200 X136.16 Y144.08 E105.79373
G0 F6000 X136.16 Y143.514
G1 F1200 X146.484 Y153.837 E106.27931
G0 F6000 X147.049 Y153.837
G1 F1200 X136.16 Y142.949 E106.79148
G0 F6000 X136.16 Y142.383
G1 F1200 X147.615 Y153.837 E107.33026
G0 F6000 X148.181 Y153.837
G1 F1200 X136.16 Y141.817 E107.89567
G0 F6000 X136.16 Y141.252
G1 F1200 X148.746 Y153.837 E108.48765
G0 F6000 X149.312 Y153.837
G1 F1200 X136.16 Y140.686 E109.10626
G0 F6000 X136.16 Y140.12
G1 F1200 X149.878 Y153.837 E109.75149
G0 F6000 X150.444 Y153.838
G1 F1200 X136.16 Y139.555 E110.42334
G0 F6000 X136.16 Y138.989
G1 F1200 X151.01 Y153.838 E111.12181
G0 F6000 X151.575 Y153.838
G1 F1200 X136.16 Y138.423 E111.84689
G0 F6000 X136.16 Y137.858
G1 F1200 X152.141 Y153.838 E112.59856
G0 F6000 X152.707 Y153.838
G1 F1200 X136.16 Y137.292 E113.37686
G0 F6000 X136.16 Y136.726
G1 F1200 X153.272 Y153.838 E114.18175
G0 F6000 X153.838 Y153.838
G1 F1200 X136.16 Y136.16 E115.01327
G0 F6000 X136.16 Y135.595
G1 F1200 X154.404 Y153.838 E115.87139
G0 F6000 X154.97 Y153.838
G1 F1200 X136.16 Y135.029 E116.75613
G0 F6000 X136.16 Y134.463
G1 F1200 X155.535 Y153.838 E117.66747
G0 F6000 X156.101 Y153.838
G1 F1200 X136.16 Y133.898 E118.60541
G0 F6000 X136.16 Y133.332
G1 F1200 X156.667 Y153.838 E119.56998
G0 F6000 X157.232 Y153.838
G1 F1200 X136.16 Y132.766 E120.56114
G0 F6000 X136.16 Y132.201
G1 F1200 X157.798 Y153.838 E121.5789
G0 F6000 X158.364 Y153.838
G1 F1200 X136.16 Y131.635 E122.62328
G0 F6000 X136.16 Y131.069
G1 F1200 X158.929 Y153.838 E123.69427
G0 F6000 X159.495 Y153.838
G1 F1200 X137.681 Y132.025 E124.72031
G0 F6000 X138.371 Y132.148
G1 F1200 X160.061 Y153.838 E125.74054
G1 F2400 E125.24054
G0 F6000 X160.06 Y154.299
G0 X159.367 Y154.219
G0 X159.682 Y152.896
G0 X158.924 Y152.136
G1 F2400 E125.74054
G1 F1200 X138.919 Y132.131 E126.68151
G0 F6000 X139.362 Y132.008
G1 F1200 X158.848 Y151.494 E127.59808
G0 F6000 X158.895 Y150.975
G1 F1200 X139.748 Y131.828 E128.49869
G0 F6000 X140.107 Y131.622
G1 F1200 X159.017 Y150.532 E129.38816
G0 F6000 X159.215 Y150.164
G1 F1200 X140.394 Y131.343 E130.27344
G0 F6000 X140.658 Y131.042
G1 F1200 X159.435 Y149.818 E131.15663
G0 F6000 X159.716 Y149.534
G1 F1200 X140.873 Y130.69 E132.04297
G0 F6000 X141.027 Y130.279
G1 F1200 X160.036 Y149.288 E132.9371
G0 F6000 X160.394 Y149.08
G1 F1200 X141.139 Y129.826 E133.84277
G0 F6000 X141.146 Y129.267
G1 F1200 X160.817 Y148.938 E134.76803
G0 F6000 X161.267 Y148.822
G1 F1200 X140.99 Y128.545 E135.7218
G0 F6000 X140.544 Y128.661
G0 X139.329 Y127.451
G0 X139.449 Y127.004
G1 F1200 X138.605 Y126.16 E135.7615
G0 F6000 X138.039 Y126.16
G1 F1200 X138.728 Y126.849 E135.79391
G0 F6000 X138.166 Y126.852
G1 F1200 X137.474 Y126.16 E135.82646
G0 F6000 X136.908 Y126.16
G1 F1200 X137.713 Y126.965 E135.86432
G0 F6000 X137.305 Y127.122
G1 F1200 X136.342 Y126.16 E135.9096
G0 F6000 X136.16 Y126.543
G1 F1200 X136.947 Y127.33 E135.94661
G0 F6000 X136.648 Y127.597
G1 F1200 X136.16 Y127.109 E135.96957
G0 F6000 X136.16 Y127.674
G1 F1200 X136.37 Y127.885 E135.97947
G1 F2400 E135.47947
G0 F6000 X136.748 Y128.151
G0 X138.209 Y127.227
G0 X138.209 Y125.8
G0 X139.171 Y126.16
G1 F2400 E135.97947
G1 F1200 X161.884 Y148.874 E137.04784
G0 F6000 X162.707 Y149.131
G1 F1200 X139.736 Y126.16 E138.12833
G0 F6000 X140.302 Y126.16
G1 F1200 X163.84 Y149.698 E139.23548
G0 F6000 X163.84 Y149.132
G1 F1200 X140.868 Y126.16 E140.31602
G0 F6000 X141.433 Y126.16
G1 F1200 X163.84 Y148.567 E141.36997
G0 F6000 X163.84 Y148.001
G1 F1200 X141.999 Y126.16 E142.39731
G0 F6000 X142.565 Y126.16
G1 F1200 X163.84 Y147.435 E143.39802
G0 F6000 X163.84 Y146.87
G1 F1200 X143.13 Y126.16 E144.37215
G0 F6000 X143.696 Y126.16
G1 F1200 X163.84 Y146.304 E145.31966
G0 F6000 X163.84 Y145.738
G1 F1200 X144.262 Y126.16 E146.24055
G0 F6000 X144.827 Y126.16
G1 F1200 X163.84 Y145.173 E147.13487
G0 F6000 X163.84 Y144.607
G1 F1200 X145.393 Y126.16 E148.00256
G0 F6000 X145.959 Y126.16
G1 F1200 X163.84 Y144.041 E148.84362
G0 F6000 X163.84 Y143.476
G1 F1200 X146.525 Y126.16 E149.65809
G0 F6000 X147.09 Y126.16
G1 F1200 X163.84 Y142.91 E150.44596
G0 F6000 X163.84 Y142.344
G1 F1200 X147.656 Y126.16 E151.20721
G0 F6000 X148.222 Y126.16
G1 F1200 X163.84 Y141.778 E151.94183
G0 F6000 X163.84 Y141.213
G1 F1200 X148.787 Y126.16 E152.64988
G0 F6000 X149.353 Y126.16
G1 F1200 X163.84 Y140.647 E153.3313
G0 F6000 X163.84 Y140.081
G1 F1200 X149.919 Y126.16 E153.9861
G0 F6000 X150.484 Y126.16
G1 F1200 X163.84 Y139.516 E154.61433
G0 F6000 X163.84 Y138.95
G1 F1200 X151.05 Y126.16 E155.21593
G0 F6000 X151.616 Y126.16
G1 F1200 X163.84 Y138.384 E155.79091
G0 F6000 X163.84 Y137.819
G1 F1200 X152.181 Y126.16 E156.33931
G0 F6000 X152.747 Y126.16
G1 F1200 X163.84 Y137.253 E156.86109
G0 F6000 X163.84 Y136.687
G1 F1200 X153.313 Y126.16 E157.35625
G0 F6000 X153.878 Y126.16
G1 F1200 X163.84 Y136.122 E157.82483
G0 F6000 X163.84 Y135.556
G1 F1200 X159.924 Y131.64 E158.00903
G0 F6000 X159.34 Y131.056
G1 F1200 X154.444 Y126.16 E158.23932
G0 F6000 X155.01 Y126.16
G1 F1200 X158.912 Y130.062 E158.42286
G0 F6000 X158.848 Y129.432
G1 F1200 X155.576 Y126.16 E158.57676
G0 F6000 X156.141 Y126.16
G1 F1200 X158.907 Y128.926 E158.70687
G0 F6000 X159.028 Y128.481
G1 F1200 X156.707 Y126.16 E158.81604
G0 F6000 X157.273 Y126.16
G1 F1200 X159.234 Y128.121 E158.90828
G0 F6000 X159.464 Y127.786
G1 F1200 X157.838 Y126.16 E158.98476
G0 F6000 X158.404 Y126.16
G1 F1200 X159.745 Y127.501 E159.04784
G0 F6000 X160.061 Y127.251
G1 F1200 X158.97 Y126.16 E159.09916
G0 F6000 X159.535 Y126.16
G1 F1200 X160.442 Y127.066 E159.1418
G0 F6000 X160.853 Y126.912
G1 F1200 X160.101 Y126.16 E159.17717
G0 F6000 X160.667 Y126.16
G1 F1200 X161.35 Y126.844 E159.20932
G0 F6000 X161.942 Y126.869
G1 F1200 X161.232 Y126.16 E159.24269
G0 F6000 X161.798 Y126.16
G1 F1200 X162.861 Y127.223 E159.29269
G0 F6000 X163.84 Y127.071
G1 F1200 X162.929 Y126.16 E159.33554
G0 F6000 X162.364 Y126.16
G1 F1200 X163.84 Y127.636 E159.40497
G0 F6000 X163.771 Y128.133
G1 F1200 X163.84 Y128.202 E159.40821
G0 F6000 X164.3 Y128.202
G0 X164.3 Y126.505
G0 X163.84 Y126.505
G1 F1200 X163.495 Y126.16 E159.42444
G1 F2400 E158.92444
G0 F6000 X163.495 Y125.7
G0 X162.899 Y127.685
G0 X163.735 Y130.925
G1 F2400 E159.42444
G1 F1200 X163.84 Y131.03 E159.42938
G0 F6000 X163.497 Y131.252
G1 F1200 X163.84 Y131.596 E159.44554
G0 F6000 X163.84 Y132.162
G1 F1200 X163.212 Y131.533 E159.4751
G0 F6000 X162.876 Y131.764
G1 F1200 X163.84 Y132.727 E159.52042
G0 F6000 X163.84 Y133.293
G1 F1200 X162.519 Y131.972 E159.58256
G0 F6000 X162.071 Y132.09
G1 F1200 X163.84 Y133.859 E159.66576
G0 F6000 X163.84 Y134.425
G1 F1200 X161.564 Y132.148 E159.77284
G0 F6000 X160.943 Y132.093
G1 F1200 X163.84 Y134.99 E159.90911
G1 F2400 E159.40911
G0 F6000 X164.3 Y134.99
G0 X164.2 Y152.731
G0 X163.612 Y152.384
G0 X163.711 Y152.963
G1 F2400 E159.90911
G1 F1200 X163.84 Y153.092 E159.91518
G0 F6000 X163.465 Y153.282
G1 F1200 X163.84 Y153.658 E159.93284
G0 F6000 X163.457 Y153.84
G1 F1200 X163.18 Y153.564 E159.94585
G1 F2400 E159.44585
G0 F6000 X162.857 Y153.238
G0 X161.755 Y153.439
G0 X161.245 Y153.439
G0 X160.752 Y153.306
G0 X159.384 Y152.377
G0 X140.32 Y150.115
G0 X139.375 Y148.992
G1 F2400 E159.94585
G1 F1200 X136.16 Y145.777 E160.09707
G0 F6000 X136.16 Y146.343
G1 F1200 X138.666 Y148.848 E160.21492
G0 F6000 X138.107 Y148.855
G1 F1200 X136.16 Y146.909 E160.30648
G0 F6000 X136.16 Y147.474
G1 F1200 X137.664 Y148.978 E160.37722
G0 F6000 X137.269 Y149.148
G1 F1200 X136.16 Y148.04 E160.42936
G0 F6000 X136.16 Y148.606
G1 F1200 X136.91 Y149.355 E160.46462
G0 F6000 X136.618 Y149.629
G1 F1200 X136.16 Y149.171 E160.48616
G0 F6000 X136.16 Y149.737
G1 F1200 X136.347 Y149.924 E160.49495
M104 S230
G1 F2400 E159.99495
;MESH:NONMESH
G0 F300 X136.347 Y149.924 Z0.4
G0 F6000 X136.746 Y150.156
G0 X136.528 Y151.372
G0 X136.612 Y152.006
G0 X136.857 Y152.599
G0 X137.309 Y153.051
G0 X137.752 Y153.306
G0 X139.377 Y153.617
G0 X146 Y166.671
;TIME_ELAPSED:274.075329
;LAYER:1
M106 S85
;TYPE:SUPPORT
G1 F2400 E160.49495
G1 F3600 X146.077 Y166.878 E160.5023
G1 X146.27 Y167.22 E160.51536
G1 X146.516 Y167.55 E160.52905
G1 X146.846 Y167.898 E160.545
G1 X146.993 Y167.987 E160.55072
G1 X147.48 Y168.46 E160.5733
G1 X147.736 Y169.019 E160.59375
G1 X147.799 Y169.29 E160.603
G1 X147.796 Y170.796 E160.65309
G1 X147.551 Y171.438 E160.67595
G1 X147.182 Y171.864 E160.69469
G1 X146.931 Y172.054 E160.70516
G1 X146.623 Y172.334 E160.71901
G1 X146.39 Y172.606 E160.73092
G1 X146.146 Y172.983 E160.74585
G1 X146.003 Y173.314 E160.75785
G1 X146 Y173.324 E160.75819
G1 X146 Y166.671 E160.97947
G1 X145.919 Y166.452 E160.98724
G1 X145.85 Y166.107 E160.99894
G1 X145.805 Y165.607 E161.01564
G1 X145.8 Y156.2 E161.32852
G1 X145.6 Y156.2 E161.33517
G1 X145.6 Y156 E161.34182
G1 X144 Y156 E161.39504
G1 X144 Y175.8 E162.05359
G1 X142.199 Y175.8 E162.11349
G1 X142.192 Y174.362 E162.16132
G1 X142.17 Y174.04 E162.17205
G1 X142.116 Y173.707 E162.18327
G1 X142.035 Y173.417 E162.19329
G1 X141.922 Y173.137 E162.20333
G1 X141.774 Y172.871 E162.21346
G1 X141.487 Y172.467 E162.22994
G1 X140.523 Y171.547 E162.27426
G1 X140.258 Y170.971 E162.29535
G1 X140.201 Y170.713 E162.30414
G1 X140.204 Y169.203 E162.35436
G1 X140.46 Y168.533 E162.37821
G1 X140.796 Y168.156 E162.39501
G1 X140.965 Y168.033 E162.40196
G1 X141.203 Y167.835 E162.41226
G1 X141.503 Y167.533 E162.42642
G1 X141.772 Y167.158 E162.44177
G1 X142 Y166.72 E162.45819
G1 X142 Y173.33 E162.67804
G1 F2400 E162.17804
G0 F10500 X141.199 Y173.657
G0 X141.35 Y176.653
G0 X158.653 Y176.653
G0 X160.66 Y170.956
G0 X160.663 Y169.192
G0 X160.557 Y168.739
G0 X160.233 Y168.031
G0 X158.811 Y166.372
G0 X158 Y166.671
G1 F2400 E162.67804
G1 F3600 X158.077 Y166.878 E162.68539
G1 X158.27 Y167.22 E162.69845
G1 X158.516 Y167.55 E162.71214
G1 X158.846 Y167.898 E162.72809
G1 X158.993 Y167.987 E162.7338
G1 X159.48 Y168.46 E162.75638
G1 X159.736 Y169.019 E162.77683
G1 X159.799 Y169.29 E162.78609
G1 X159.796 Y170.796 E162.83618
G1 X159.551 Y171.438 E162.85903
G1 X159.182 Y171.864 E162.87778
G1 X158.931 Y172.054 E162.88825
G1 X158.623 Y172.334 E162.90209
G1 X158.39 Y172.606 E162.914
G1 X158.146 Y172.983 E162.92894
G1 X158.003 Y173.314 E162.94093
G1 X158 Y173.324 E162.94128
G1 X158 Y166.671 E163.16256
G1 X157.919 Y166.452 E163.17033
G1 X157.85 Y166.107 E163.18203
G1 X157.805 Y165.607 E163.19873
G1 X157.8 Y156.2 E163.5116
G1 X157.6 Y156.2 E163.51826
G1 X157.6 Y156 E163.52491
G1 X156 Y156 E163.57812
G1 X156 Y175.8 E164.23667
G1 X154.199 Y175.8 E164.29658
G1 X154.192 Y174.362 E164.3444
G1 X154.17 Y174.04 E164.35514
G1 X154.116 Y173.707 E164.36636
G1 X154.035 Y173.417 E164.37637
G1 X153.922 Y173.137 E164.38642
G1 X153.774 Y172.871 E164.39654
G1 X153.487 Y172.467 E164.41302
G1 X152.523 Y171.547 E164.45734
G1 X152.258 Y170.971 E164.47843
G1 X152.201 Y170.713 E164.48722
G1 X152.204 Y169.203 E164.53744
G1 X152.46 Y168.533 E164.5613
G1 X152.796 Y168.156 E164.5781
G1 X152.965 Y168.033 E164.58505
G1 X153.203 Y167.835 E164.59535
G1 X153.503 Y167.533 E164.6095
G1 X153.772 Y167.158 E164.62485
G1 X154 Y166.72 E164.64128
G1 X154 Y173.33 E164.86113
G1 F2400 E164.36113
;MESH:Limiter bracket.stl
G0 F10500 X153.138 Y173.507
G0 X151.807 Y172.058
G0 X151.435 Y171.25
G0 X151.337 Y170.804
G0 X151.34 Y169.219
G0 X153.347 Y155.653
G0 X150 Y154.4
;TYPE:WALL-INNER
G1 F2400 E164.86113
G1 F3600 X164.4 Y154.4 E165.34007
G1 X164.4 Y125.6 E166.29796
G1 X135.6 Y125.6 E167.25586
G1 X135.6 Y154.4 E168.21375
G1 X150 Y154.4 E168.69269
G1 F2400 E168.19269
G0 F10500 X161.223 Y154.2
G0 X161.223 Y153.768
G0 X161.223 Y153.588
G1 F2400 E168.69269
G1 F3600 X160.691 Y153.448 E168.71099
G1 X160.213 Y153.166 E168.72945
G1 X159.83 Y152.789 E168.74732
G1 X159.552 Y152.306 E168.76586
G1 X159.408 Y151.771 E168.78429
G1 X159.408 Y151.218 E168.80268
G1 X159.561 Y150.686 E168.82109
G1 X159.836 Y150.206 E168.83949
G1 X160.215 Y149.829 E168.85727
G1 X160.686 Y149.561 E168.87529
G1 X161.218 Y149.408 E168.89371
G1 X161.775 Y149.408 E168.91223
G1 X162.306 Y149.552 E168.93053
G1 X162.788 Y149.83 E168.94904
G1 X163.166 Y150.212 E168.96691
G1 X163.445 Y150.686 E168.98521
G1 X163.588 Y151.222 E169.00366
G1 X163.588 Y151.765 E169.02172
G1 X163.447 Y152.311 E169.04047
G1 X163.165 Y152.789 E169.05893
G1 X162.789 Y153.165 E169.07662
G1 X162.309 Y153.448 E169.09515
G1 X161.765 Y153.588 E169.11383
G1 X161.223 Y153.588 E169.13186
G1 F2400 E168.63186
G0 F10500 X160.309 Y153.051
G0 X159.949 Y152.691
G0 X159.694 Y152.248
G0 X159.561 Y151.755
G0 X159.561 Y151.245
G0 X159.694 Y150.752
G0 X159.949 Y150.309
G0 X161.219 Y149.228
G0 X161.219 Y131.768
G0 X161.219 Y131.588
G1 F2400 E169.13186
G1 F3600 X160.685 Y131.439 E169.1503
G1 X160.221 Y131.173 E169.16809
G1 X159.829 Y130.785 E169.18643
G1 X159.55 Y130.289 E169.20536
G1 X159.414 Y129.778 E169.22295
G1 X159.407 Y129.226 E169.24131
G1 X159.553 Y128.691 E169.25975
G1 X159.827 Y128.217 E169.27796
G1 X160.225 Y127.814 E169.2968
G1 X160.423 Y127.681 E169.30474
G1 X160.879 Y127.493 E169.32114
G1 X161.238 Y127.408 E169.33341
G1 X161.775 Y127.408 E169.35127
G1 X162.306 Y127.552 E169.36957
G1 X162.788 Y127.83 E169.38808
G1 X163.166 Y128.212 E169.40595
G1 X163.445 Y128.686 E169.42425
G1 X163.588 Y129.222 E169.4427
G1 X163.588 Y129.765 E169.46076
G1 X163.447 Y130.311 E169.47951
G1 X163.165 Y130.789 E169.49797
G1 X162.787 Y131.167 E169.51575
G1 X162.31 Y131.448 E169.53417
G1 X161.771 Y131.588 E169.55269
G1 X161.219 Y131.588 E169.57105
G1 F2400 E169.07105
G0 F10500 X160.099 Y131.308
G0 X139.903 Y131.306
G0 X138.775 Y131.588
G1 F2400 E169.57105
G1 F3600 X138.223 Y131.588 E169.58941
G1 X137.69 Y131.448 E169.60774
G1 X137.215 Y131.169 E169.62606
G1 X136.83 Y130.788 E169.64407
G1 X136.551 Y130.305 E169.66263
G1 X136.408 Y129.766 E169.68117
G1 X136.408 Y129.222 E169.69927
G1 X136.553 Y128.691 E169.71757
G1 X136.829 Y128.213 E169.73593
G1 X137.213 Y127.829 E169.75399
G1 X137.693 Y127.552 E169.77243
G1 X138.234 Y127.408 E169.79105
G1 X138.775 Y127.408 E169.80904
G1 X139.306 Y127.552 E169.82734
G1 X139.788 Y127.83 E169.84585
G1 X140.169 Y128.215 E169.86386
G1 X140.448 Y128.69 E169.88218
G1 X140.589 Y129.226 E169.90062
G1 X140.583 Y129.774 E169.91885
G1 X140.441 Y130.321 E169.93764
G1 X140.162 Y130.792 E169.95585
G1 X139.779 Y131.173 E169.97382
G1 X139.314 Y131.439 E169.99164
G1 X138.775 Y131.588 E170.01024
G1 F2400 E169.51024
G0 F10500 X138.765 Y149.228
G0 X138.765 Y153.588
G1 F2400 E170.01024
G1 F3600 X138.223 Y153.588 E170.02826
G1 X137.691 Y153.448 E170.04656
G1 X137.213 Y153.166 E170.06502
G1 X136.83 Y152.789 E170.08289
G1 X136.551 Y152.305 E170.10147
G1 X136.408 Y151.766 E170.12002
G1 X136.408 Y151.222 E170.13811
G1 X136.553 Y150.691 E170.15642
G1 X136.829 Y150.213 E170.17478
G1 X137.213 Y149.829 E170.19284
G1 X137.691 Y149.553 E170.2112
G1 X138.222 Y149.408 E170.22951
G1 X138.779 Y149.408 E170.24804
G1 X139.314 Y149.56 E170.26653
G1 X139.786 Y149.83 E170.28462
G1 X140.176 Y150.226 E170.30311
G1 X140.439 Y150.685 E170.3207
G1 X140.588 Y151.219 E170.33914
G1 X140.588 Y151.771 E170.3575
G1 X140.448 Y152.31 E170.37602
G1 X140.167 Y152.787 E170.39443
G1 X139.789 Y153.165 E170.41221
G1 X139.309 Y153.448 E170.43075
G1 X138.765 Y153.588 E170.44943
G0 F10500 X138.727 Y153.186
;TYPE:WALL-OUTER
G1 F3600 X138.253 Y153.182 E170.4652
G1 X137.844 Y153.074 E170.47927
G1 X137.443 Y152.831 E170.49486
G1 X137.147 Y152.539 E170.50869
G1 X136.918 Y152.129 E170.52431
G1 X136.81 Y151.727 E170.53815
G1 X136.808 Y151.276 E170.55316
G1 X136.938 Y150.824 E170.5688
G1 X137.166 Y150.442 E170.58359
G1 X137.442 Y150.166 E170.59658
G1 X137.824 Y149.938 E170.61137
G1 X138.277 Y149.808 E170.62705
G1 X138.745 Y149.814 E170.64262
G1 X139.129 Y149.918 E170.65585
G1 X139.529 Y150.142 E170.6711
G1 X139.842 Y150.455 E170.68582
G1 X140.072 Y150.844 E170.70085
G1 X140.182 Y151.253 E170.71494
G1 X140.188 Y151.719 E170.73044
G1 X140.075 Y152.156 E170.74545
G1 X139.83 Y152.558 E170.76111
G1 X139.518 Y152.861 E170.77557
G1 X139.154 Y153.075 E170.78962
G1 X138.727 Y153.186 E170.80429
G1 F2400 E170.30429
G0 F10500 X138.808 Y153.488
G0 X140.312 Y152.897
G0 X140.312 Y154.2
G0 X150 Y154.8
G1 F2400 E170.80429
G1 F3600 X164.8 Y154.8 E171.29654
G1 X164.8 Y125.2 E172.28104
G1 X135.2 Y125.2 E173.26554
G1 X135.2 Y154.8 E174.25004
G1 X150 Y154.8 E174.74229
G1 F2400 E174.24229
G0 F10500 X150 Y154.49
G0 X161.808 Y154.2
G0 X161.786 Y153.769
G0 X161.727 Y153.186
G1 F2400 E174.74229
G1 F3600 X161.253 Y153.182 E174.75806
G1 X160.844 Y153.074 E174.77213
G1 X160.443 Y152.831 E174.78772
G1 X160.147 Y152.539 E174.80155
G1 X159.918 Y152.129 E174.81717
G1 X159.808 Y151.719 E174.83129
G1 X159.808 Y151.276 E174.84602
G1 X159.928 Y150.844 E174.86093
G1 X160.144 Y150.468 E174.87536
G1 X160.46 Y150.15 E174.89027
G1 X160.844 Y149.928 E174.90502
G1 X161.278 Y149.808 E174.92
G1 X161.745 Y149.814 E174.93553
G1 X162.129 Y149.918 E174.94876
G1 X162.54 Y150.148 E174.96443
G1 X162.861 Y150.482 E174.97984
G1 X163.075 Y150.845 E174.99385
G1 X163.182 Y151.253 E175.00788
G1 X163.186 Y151.727 E175.02365
G1 X163.075 Y152.156 E175.03838
G1 X162.83 Y152.558 E175.05404
G1 X162.518 Y152.861 E175.06851
G1 X162.154 Y153.075 E175.08255
G1 X161.727 Y153.186 E175.09723
G1 F2400 E174.59723
G0 F10500 X161.808 Y153.488
G0 X162.691 Y153.051
G0 X163.051 Y152.691
G0 X163.306 Y152.248
G0 X163.439 Y151.755
G0 X163.439 Y151.245
G0 X163.306 Y150.752
G0 X163.051 Y150.309
G0 X162.691 Y149.949
G0 X161.195 Y149.228
G0 X161.201 Y131.769
G0 X161.277 Y131.188
G1 F2400 E175.09723
G1 F3600 X160.845 Y131.075 E175.11208
G1 X160.47 Y130.853 E175.12657
G1 X160.148 Y130.538 E175.14155
G1 X159.931 Y130.163 E175.15596
G1 X159.814 Y129.745 E175.1704
G1 X159.808 Y129.277 E175.18597
G1 X159.938 Y128.824 E175.20164
G1 X160.165 Y128.443 E175.21639
G1 X160.538 Y128.066 E175.23403
G1 X161.067 Y127.852 E175.25301
G1 X161.269 Y127.811 E175.25987
G1 X161.745 Y127.814 E175.2757
G1 X162.129 Y127.918 E175.28893
G1 X162.54 Y128.148 E175.3046
G1 X162.861 Y128.482 E175.32001
G1 X163.075 Y128.845 E175.33402
G1 X163.182 Y129.253 E175.34805
G1 X163.186 Y129.727 E175.36382
G1 X163.075 Y130.156 E175.37855
G1 X162.83 Y130.558 E175.39421
G1 X162.518 Y130.861 E175.40868
G1 X162.154 Y131.075 E175.42272
G1 X161.743 Y131.182 E175.43685
G1 X161.277 Y131.188 E175.45235
G1 F2400 E174.95235
G0 F10500 X161.195 Y131.488
G0 X160.099 Y131.308
G0 X139.903 Y131.306
G0 X138.277 Y131.188
G1 F2400 E175.45235
G1 F3600 X137.844 Y131.074 E175.46724
G1 X137.443 Y130.831 E175.48283
G1 X137.147 Y130.539 E175.49666
G1 X136.918 Y130.129 E175.51228
G1 X136.81 Y129.727 E175.52613
G1 X136.808 Y129.276 E175.54113
G1 X136.938 Y128.824 E175.55677
G1 X137.166 Y128.442 E175.57157
G1 X137.442 Y128.166 E175.58455
G1 X137.824 Y127.938 E175.59935
G1 X138.269 Y127.811 E175.61474
G1 X138.745 Y127.814 E175.63057
G1 X139.129 Y127.918 E175.6438
G1 X139.54 Y128.148 E175.65947
G1 X139.861 Y128.482 E175.67487
G1 X140.075 Y128.845 E175.68889
G1 X140.182 Y129.253 E175.70292
G1 X140.187 Y129.72 E175.71845
G1 X140.076 Y130.147 E175.73313
G1 X139.848 Y130.538 E175.74818
G1 X139.549 Y130.838 E175.76227
G1 X139.156 Y131.072 E175.77748
G1 X138.743 Y131.182 E175.7917
G1 X138.277 Y131.188 E175.8072
G1 F2400 E175.3072
G0 F10500 X138.195 Y131.488
G0 X138.201 Y131.769
G0 X135.8 Y131.769
G0 X136.008 Y151.135
;TYPE:SKIN
G1 F2400 E175.8072
G1 F2897.4 X136.008 Y151.842 E175.83641
G0 F10500 X136.307 Y151.776
G0 X136.983 Y153.079
G0 X136.5 Y153.568
G1 F2637.4 X136.466 Y153.627 E175.83951
G1 X136.398 Y153.627 E175.84259
G1 X136.364 Y153.568 E175.84568
G1 X136.398 Y153.509 E175.84878
G1 X136.466 Y153.509 E175.85186
G1 X136.5 Y153.568 E175.85496
G0 F10500 X136.983 Y153.079
G0 X137.62 Y153.616
G0 X137.62 Y154.2
G0 X137.541 Y154.04
G1 F3600 X135.96 Y154.04 E175.90754
G1 X135.96 Y152.446 E175.96056
G1 F3214.3 X136.008 Y151.842 E175.98313
G1 X136.226 Y152.464 E176.00768
G1 F3600 X136.54 Y153.013 E176.02871
G1 X136.98 Y153.44 E176.04911
G1 X137.521 Y153.768 E176.07015
G1 F3200 X138.141 Y153.99 E176.09479
G1 X137.541 Y154.04 E176.11732
G0 F10500 X138.141 Y153.99
G1 F2880 X138.842 Y153.99 E176.14646
G1 F2400 E175.64646
G0 F10500 X138.776 Y153.689
G0 X139.691 Y153.051
G0 X140.051 Y152.691
G0 X140.769 Y151.201
G0 X164.24 Y130.319
G0 X163.99 Y129.141
G1 F2400 E176.14646
G1 F2897.4 X163.993 Y129.822 E176.17461
G0 F10500 X164.3 Y129.822
G0 X164.3 Y151.141
G0 X163.99 Y151.141
G1 F2897.4 X163.993 Y151.822 E176.20275
G0 F10500 X164.3 Y151.822
G0 X164.3 Y153.565
G0 X163.633 Y153.565
G1 F2618.2 X163.599 Y153.624 E176.20586
G1 X163.531 Y153.624 E176.20897
G1 X163.497 Y153.565 E176.21209
G1 X163.531 Y153.506 E176.2152
G1 X163.599 Y153.506 E176.21831
G1 X163.633 Y153.565 E176.22143
G0 F10500 X164.3 Y153.565
G0 X164.228 Y154.228
G0 X162.459 Y154.3
G0 X162.459 Y154.04
G1 F3200 X161.843 Y153.99 E176.24455
G1 X162.478 Y153.765 E176.26976
G1 F3600 X162.982 Y153.469 E176.2892
G1 X163.434 Y153.026 E176.31025
G1 X163.769 Y152.475 E176.3317
G1 F3221.5 X163.993 Y151.822 E176.35736
G1 X164.04 Y152.453 E176.38087
G1 F3600 X164.04 Y154.04 E176.43366
G1 X162.459 Y154.04 E176.48624
G0 F10500 X161.843 Y153.99
G1 F2880 X161.141 Y153.99 E176.51543
G0 F10500 X161.141 Y154.3
G0 X150 Y154.3
G0 X150 Y154.04
G1 F3600 X139.453 Y154.04 E176.86622
G1 F3200 X138.842 Y153.99 E176.88916
G1 X139.475 Y153.768 E176.91426
G1 F3600 X139.987 Y153.465 E176.93405
G1 X140.457 Y153.007 E176.95588
G1 X140.79 Y152.42 E176.97832
G1 X140.948 Y151.82 E176.99896
G1 X140.942 Y151.152 E177.02118
G1 X140.784 Y150.573 E177.04114
G1 X140.454 Y149.999 E177.06316
G1 X140.022 Y149.554 E177.08379
G1 X139.448 Y149.217 E177.10593
G1 X138.821 Y149.048 E177.12753
G1 X138.148 Y149.054 E177.14991
G1 X137.555 Y149.213 E177.17033
G1 X136.988 Y149.54 E177.1921
G1 X136.561 Y149.971 E177.21228
G1 X136.231 Y150.522 E177.23364
G1 F3207.1 X136.008 Y151.135 E177.25799
G1 X135.961 Y150.538 E177.28035
G1 F3600 X135.96 Y130.446 E177.94861
G1 F3214.3 X136.008 Y129.842 E177.97119
G1 X136.226 Y130.464 E177.99574
G1 F3600 X136.54 Y131.013 E178.01677
G1 X136.98 Y131.44 E178.03717
G1 X137.545 Y131.783 E178.05915
G1 X138.177 Y131.948 E178.08087
G1 X138.843 Y131.942 E178.10303
G1 X139.423 Y131.788 E178.12299
G1 X140.017 Y131.441 E178.14587
G1 X140.452 Y131.002 E178.16642
G1 X140.776 Y130.455 E178.18757
G1 X140.934 Y129.847 E178.20846
G1 X140.949 Y129.182 E178.23059
G1 X140.783 Y128.546 E178.25245
G1 X140.468 Y128.017 E178.27292
G1 X140.01 Y127.541 E178.2949
G1 X139.42 Y127.206 E178.31746
G1 X138.844 Y127.054 E178.33727
G1 X138.181 Y127.05 E178.35933
G1 X137.555 Y127.213 E178.38084
G1 X136.988 Y127.54 E178.40261
G1 X136.561 Y127.971 E178.42279
G1 X136.231 Y128.522 E178.44415
G1 F3207.1 X136.008 Y129.135 E178.46851
G1 X135.961 Y128.538 E178.49086
G1 F3600 X135.96 Y125.96 E178.57661
G1 X164.04 Y125.96 E179.51055
G1 X164.04 Y128.541 E179.5964
G1 F3200 X163.99 Y129.141 E179.61893
G1 X163.769 Y128.522 E179.64352
G1 F3600 X163.469 Y128.014 E179.66314
G1 X163.007 Y127.54 E179.68516
G1 X162.42 Y127.206 E179.70762
G1 X161.844 Y127.054 E179.72743
G1 X161.185 Y127.05 E179.74935
G1 X160.764 Y127.153 E179.76377
G1 X160.287 Y127.347 E179.78089
G1 X159.996 Y127.537 E179.79245
G1 X159.561 Y127.971 E179.81289
G1 X159.217 Y128.546 E179.83518
G1 X159.048 Y129.17 E179.85668
G1 X159.054 Y129.819 E179.87827
G1 X159.215 Y130.434 E179.89941
G1 X159.536 Y131.002 E179.92111
G1 X159.995 Y131.454 E179.94254
G1 X160.575 Y131.787 E179.96478
G1 X161.175 Y131.948 E179.98544
G1 X161.843 Y131.942 E180.00766
G1 X162.451 Y131.783 E180.02856
G1 X162.982 Y131.469 E180.04908
G1 X163.434 Y131.031 E180.07002
G1 X163.769 Y130.474 E180.09163
G1 F3221.5 X163.993 Y129.822 E180.11726
G1 X164.04 Y130.453 E180.14078
G1 F3600 X164.04 Y150.541 E180.80891
G1 F3200 X163.99 Y151.141 E180.83143
G1 X163.769 Y150.522 E180.85603
G1 F3600 X163.469 Y150.014 E180.87565
G1 X163.009 Y149.536 E180.89771
G1 X162.444 Y149.212 E180.91938
G1 X161.82 Y149.048 E180.94084
G1 X161.148 Y149.054 E180.96319
G1 X160.568 Y149.209 E180.98316
G1 X159.975 Y149.558 E181.00604
G1 X159.544 Y149.988 E181.02629
G1 X159.209 Y150.571 E181.04865
G1 X159.048 Y151.171 E181.06932
G1 X159.054 Y151.839 E181.09153
G1 X159.212 Y152.441 E181.11224
G1 X159.54 Y153.008 E181.13402
G1 X159.979 Y153.439 E181.15448
G1 X160.521 Y153.768 E181.17557
G1 F3200 X161.141 Y153.99 E181.20021
G1 X160.541 Y154.04 E181.22274
G1 F3600 X150 Y154.04 E181.57334
G1 F2400 E181.07334
G0 F10500 X150 Y154.3
G0 X135.772 Y154.228
G0 X135.7 Y129.135
G0 X136.008 Y129.135
G1 F2400 E181.57334
G1 F2897.4 X136.008 Y129.842 E181.60255
G1 F2400 E181.10255
G0 F10500 X136.307 Y129.776
G0 X136.386 Y128.618
G0 X135.8 Y128.618
G0 X136.16 Y126.318
G1 F2400 E181.60255
G1 F3600 X136.318 Y126.16 E181.60999
G0 F10500 X136.884 Y126.16
G1 F3600 X136.161 Y126.883 E181.64399
G0 F10500 X136.161 Y127.448
G1 F3600 X137.45 Y126.16 E181.7046
G0 F10500 X138.015 Y126.16
G1 F3600 X136.161 Y128.014 E181.79181
G1 F2400 E181.29181
G0 F10500 X135.7 Y128.014
G0 X135.8 Y127.39
G0 X136.684 Y128.103
G0 X137.797 Y126.943
G1 F2400 E181.79181
G1 F3600 X138.581 Y126.16 E181.82866
G0 F10500 X139.147 Y126.16
G1 F3600 X138.455 Y126.851 E181.86119
G0 F10500 X138.986 Y126.886
G1 F3600 X139.712 Y126.16 E181.89534
G0 F10500 X140.278 Y126.16
G1 F3600 X139.434 Y127.004 E181.93504
G0 F10500 X139.809 Y127.194
G1 F3600 X140.844 Y126.16 E181.98369
G0 F10500 X141.409 Y126.16
G1 F3600 X140.161 Y127.409 E182.04242
G0 F10500 X140.441 Y127.694
G1 F3600 X141.975 Y126.16 E182.11458
G0 F10500 X142.541 Y126.16
G1 F3600 X140.694 Y128.006 E182.20143
G0 F10500 X140.906 Y128.36
G1 F3600 X143.106 Y126.16 E182.30491
G0 F10500 X143.672 Y126.16
G1 F3600 X141.052 Y128.78 E182.42815
G0 F10500 X141.148 Y129.25
G1 F3600 X144.238 Y126.16 E182.57349
G0 F10500 X144.803 Y126.16
G1 F3600 X141.139 Y129.824 E182.74583
G0 F10500 X140.919 Y130.61
G1 F3600 X145.369 Y126.16 E182.95515
G0 F10500 X145.935 Y126.16
G1 F3600 X136.16 Y135.934 E183.41491
G0 F10500 X136.16 Y135.369
G1 F3600 X139.634 Y131.895 E183.57832
G0 F10500 X138.815 Y132.148
G1 F3600 X136.16 Y134.803 E183.7032
G0 F10500 X136.16 Y134.237
G1 F3600 X138.249 Y132.148 E183.80146
G0 F10500 X137.78 Y132.051
G1 F3600 X136.16 Y133.671 E183.87766
G0 F10500 X136.16 Y133.106
G1 F3600 X137.36 Y131.906 E183.9341
G0 F10500 X137.007 Y131.694
G1 F3600 X136.16 Y132.54 E183.97392
G0 F10500 X136.16 Y131.974
G1 F3600 X136.695 Y131.44 E183.99906
G0 F10500 X136.408 Y131.161
G1 F3600 X136.16 Y131.409 E184.01073
G0 F10500 X135.7 Y131.409
G0 X135.7 Y136.5
G0 X136.16 Y136.5
G1 F3600 X146.501 Y126.16 E184.49711
G0 F10500 X147.066 Y126.16
G1 F3600 X136.16 Y137.066 E185.0101
G0 F10500 X136.16 Y137.631
G1 F3600 X147.632 Y126.16 E185.54968
G0 F10500 X148.198 Y126.16
G1 F3600 X136.16 Y138.197 E186.11589
G0 F10500 X136.16 Y138.763
G1 F3600 X148.763 Y126.16 E186.7087
G0 F10500 X149.329 Y126.16
G1 F3600 X136.16 Y139.328 E187.3281
G0 F10500 X136.16 Y139.894
G1 F3600 X149.895 Y126.16 E187.97413
G0 F10500 X150.46 Y126.16
G1 F3600 X136.16 Y140.46 E188.64676
G0 F10500 X136.161 Y141.025
G1 F3600 X151.026 Y126.16 E189.34596
G0 F10500 X151.592 Y126.16
G1 F3600 X136.161 Y141.59 E190.07177
G0 F10500 X136.161 Y142.156
G1 F3600 X152.157 Y126.16 E190.82417
G0 F10500 X152.723 Y126.16
G1 F3600 X136.161 Y142.722 E191.60319
G0 F10500 X136.161 Y143.287
G1 F3600 X153.289 Y126.16 E192.40882
G0 F10500 X153.854 Y126.16
G1 F3600 X136.161 Y143.853 E193.24104
G0 F10500 X136.161 Y144.419
G1 F3600 X154.42 Y126.16 E194.09989
G0 F10500 X154.986 Y126.16
G1 F3600 X136.161 Y144.984 E194.98534
G0 F10500 X136.161 Y145.55
G1 F3600 X155.551 Y126.16 E195.89738
G0 F10500 X156.117 Y126.16
G1 F3600 X136.161 Y146.116 E196.83605
G0 F10500 X136.161 Y146.682
G1 F3600 X156.683 Y126.16 E197.80135
G0 F10500 X157.249 Y126.16
G1 F3600 X136.161 Y147.247 E198.79324
G0 F10500 X136.161 Y147.813
G1 F3600 X157.814 Y126.16 E199.81173
G0 F10500 X158.38 Y126.16
G1 F3600 X136.161 Y148.379 E200.85684
G0 F10500 X136.161 Y148.944
G1 F3600 X158.946 Y126.16 E201.92855
G0 F10500 X159.511 Y126.16
G1 F3600 X136.161 Y149.51 E203.02687
G0 F10500 X136.161 Y150.076
G1 F3600 X160.077 Y126.16 E204.1518
G0 F10500 X160.643 Y126.16
G1 F3600 X137.884 Y148.918 E205.22229
G0 F10500 X138.52 Y148.848
G1 F3600 X159.214 Y128.155 E206.19565
G0 F10500 X158.869 Y129.065
G1 F3600 X139.035 Y148.899 E207.12858
G0 F10500 X139.478 Y149.022
G1 F3600 X158.848 Y129.652 E208.03969
G0 F10500 X158.93 Y130.135
G1 F3600 X139.845 Y149.22 E208.93739
G0 F10500 X140.189 Y149.442
G1 F3600 X159.062 Y130.569 E209.82511
G0 F10500 X159.267 Y130.929
G1 F3600 X140.469 Y149.728 E210.70934
G0 F10500 X140.712 Y150.05
G1 F3600 X159.508 Y131.255 E211.59342
G0 F10500 X159.791 Y131.537
G1 F3600 X140.92 Y150.408 E212.48106
G0 F10500 X141.062 Y150.832
G1 F3600 X160.132 Y131.762 E213.37805
G0 F10500 X160.491 Y131.968
G1 F3600 X141.148 Y151.311 E214.28788
G0 F10500 X141.137 Y151.888
G1 F3600 X160.934 Y132.091 E215.21908
G0 F10500 X161.442 Y132.148
G1 F3600 X140.832 Y152.759 E216.18853
G0 F10500 X140.437 Y152.526
G0 X140.312 Y152.897
G0 X140.312 Y154.2
G0 X140.882 Y153.84
G1 F3600 X163.077 Y131.646 E217.23249
G0 F10500 X163.839 Y131.448
G1 F3600 X141.448 Y153.84 E218.28572
G0 F10500 X142.013 Y153.84
G1 F3600 X163.839 Y132.014 E219.31235
G0 F10500 X163.839 Y132.58
G1 F3600 X142.579 Y153.84 E220.31235
G0 F10500 X143.145 Y153.84
G1 F3600 X163.839 Y133.145 E221.28576
G0 F10500 X163.839 Y133.711
G1 F3600 X143.71 Y153.84 E222.23256
G0 F10500 X144.276 Y153.84
G1 F3600 X163.839 Y134.277 E223.15275
G0 F10500 X163.839 Y134.842
G1 F3600 X144.842 Y153.84 E224.04633
G0 F10500 X145.407 Y153.84
G1 F3600 X163.839 Y135.408 E224.91332
G0 F10500 X163.839 Y135.974
G1 F3600 X145.973 Y153.84 E225.75368
G0 F10500 X146.539 Y153.84
G1 F3600 X163.839 Y136.539 E226.56744
G0 F10500 X163.839 Y137.105
G1 F3600 X147.104 Y153.84 E227.3546
G0 F10500 X147.67 Y153.84
G1 F3600 X163.839 Y137.671 E228.11514
G0 F10500 X163.839 Y138.237
G1 F3600 X148.236 Y153.84 E228.84906
G0 F10500 X148.801 Y153.84
G1 F3600 X163.839 Y138.802 E229.5564
G0 F10500 X163.839 Y139.368
G1 F3600 X149.367 Y153.84 E230.23712
G0 F10500 X149.933 Y153.84
G1 F3600 X163.839 Y139.934 E230.89122
G0 F10500 X163.839 Y140.499
G1 F3600 X150.498 Y153.84 E231.51874
G0 F10500 X151.064 Y153.84
G1 F3600 X163.839 Y141.065 E232.11963
G0 F10500 X163.839 Y141.631
G1 F3600 X151.63 Y153.84 E232.69391
G0 F10500 X152.196 Y153.84
G1 F3600 X163.839 Y142.196 E233.24158
G0 F10500 X163.839 Y142.762
G1 F3600 X152.761 Y153.84 E233.76266
G0 F10500 X153.327 Y153.84
G1 F3600 X163.839 Y143.328 E234.25711
G0 F10500 X163.839 Y143.893
G1 F3600 X153.893 Y153.84 E234.72496
G0 F10500 X154.458 Y153.84
G1 F3600 X163.839 Y144.459 E235.16622
G0 F10500 X163.839 Y145.025
G1 F3600 X155.024 Y153.84 E235.58085
G0 F10500 X155.59 Y153.84
G1 F3600 X159.14 Y150.29 E235.74783
G0 F10500 X158.848 Y151.148
G1 F3600 X156.155 Y153.84 E235.87447
G0 F10500 X156.721 Y153.84
G1 F3600 X158.848 Y151.713 E235.97452
G0 F10500 X158.939 Y152.188
G1 F3600 X157.287 Y153.84 E236.05223
G0 F10500 X157.852 Y153.84
G1 F3600 X159.08 Y152.613 E236.10996
G0 F10500 X159.287 Y152.971
G1 F3600 X158.418 Y153.84 E236.15084
G0 F10500 X158.984 Y153.84
G1 F3600 X159.538 Y153.286 E236.1769
G0 F10500 X159.824 Y153.566
G1 F3600 X159.549 Y153.84 E236.18981
G1 F2400 E235.68981
G0 F10500 X159.549 Y154.3
G0 X160.513 Y154.2
G0 X160.62 Y153.616
G0 X160.286 Y149.144
G1 F2400 E236.18981
G1 F3600 X163.839 Y145.59 E236.35696
G0 F10500 X163.839 Y146.156
G1 F3600 X161.148 Y148.848 E236.48356
G0 F10500 X161.713 Y148.848
G1 F3600 X163.839 Y146.722 E236.58356
G0 F10500 X163.839 Y147.288
G1 F3600 X162.188 Y148.939 E236.66121
G0 F10500 X162.613 Y149.079
G1 F3600 X163.839 Y147.853 E236.71888
G0 F10500 X163.839 Y148.419
G1 F3600 X162.973 Y149.286 E236.75964
G0 F10500 X163.289 Y149.535
G1 F3600 X163.839 Y148.985 E236.78551
G0 F10500 X163.839 Y149.55
G1 F3600 X163.569 Y149.821 E236.79823
G1 F2400 E236.29823
G0 F10500 X163.24 Y150.145
G0 X162.375 Y149.383
G0 X161.796 Y131.769
G0 X162.067 Y132.09
G1 F2400 E236.79823
G1 F3600 X140.316 Y153.84 E237.82131
G1 F2400 E237.32131
G0 F10500 X140.316 Y154.3
G0 X163.251 Y154.2
G0 X162.896 Y131.312
G0 X163.647 Y131.075
G1 F2400 E237.82131
G1 F3600 X163.839 Y130.883 E237.83034
G1 F2400 E237.33034
G0 F10500 X164.3 Y130.883
G0 X164.2 Y128.359
G0 X163.616 Y128.62
G0 X163.768 Y128.126
G1 F2400 E237.83034
G1 F3600 X163.84 Y128.054 E237.83373
G0 F10500 X163.538 Y127.79
G1 F3600 X163.84 Y127.488 E237.84793
G0 F10500 X163.84 Y126.922
G1 F3600 X163.257 Y127.505 E237.87536
G0 F10500 X162.932 Y127.264
G1 F3600 X163.84 Y126.356 E237.91806
G0 F10500 X163.471 Y126.16
G1 F3600 X162.574 Y127.057 E237.96026
G0 F10500 X162.139 Y126.926
G1 F3600 X162.905 Y126.16 E237.99629
G0 F10500 X162.34 Y126.16
G1 F3600 X161.65 Y126.85 E238.02874
G0 F10500 X161.058 Y126.875
G1 F3600 X161.774 Y126.16 E238.0624
G0 F10500 X161.208 Y126.16
G1 F3600 X160.199 Y127.17 E238.10988
G1 F2400 E237.60988
;MESH:NONMESH
G0 F300 X160.199 Y127.17 Z0.6
G0 F10500 X160.394 Y127.584
G0 X159.694 Y128.752
G0 X159.561 Y129.245
G0 X159.679 Y130.891
G0 X146 Y166.701
;TIME_ELAPSED:348.781616
;LAYER:2
M106 S170
;TYPE:SUPPORT
G1 F2400 E238.10988
G1 F6000 X146.127 Y166.99 E238.12038
G1 X146.347 Y167.346 E238.1343
G1 X146.617 Y167.675 E238.14846
G1 X146.85 Y167.9 E238.15923
G1 X146.992 Y167.986 E238.16475
G1 X147.48 Y168.46 E238.18738
G1 X147.736 Y169.019 E238.20783
G1 X147.799 Y169.29 E238.21708
G1 X147.796 Y170.796 E238.26717
G1 X147.551 Y171.438 E238.29003
G1 X147.182 Y171.863 E238.30875
G1 X146.828 Y172.131 E238.32351
G1 X146.489 Y172.47 E238.33946
G1 X146.247 Y172.802 E238.35312
G1 X146.055 Y173.173 E238.36702
G1 X146 Y173.323 E238.37233
G1 X146 Y166.701 E238.59258
G1 X145.871 Y166.292 E238.60684
G1 X145.805 Y165.727 E238.62576
G1 X145.8 Y156.2 E238.94263
G1 X145.6 Y156.2 E238.94928
G1 X145.6 Y156 E238.95594
G1 X144 Y156 E239.00915
G1 X144 Y175.8 E239.6677
G1 X142.199 Y175.8 E239.72761
G1 X142.192 Y174.274 E239.77836
G1 X142.159 Y173.924 E239.79005
G1 X142.093 Y173.595 E239.80121
G1 X141.991 Y173.288 E239.81197
G1 X141.852 Y172.988 E239.82297
G1 X141.625 Y172.643 E239.83671
G1 X141.436 Y172.419 E239.84645
G1 X141.186 Y172.17 E239.85819
G1 X141.001 Y172.007 E239.86639
G1 X140.524 Y171.546 E239.88845
G1 X140.258 Y170.97 E239.90956
G1 X140.201 Y170.713 E239.91831
G1 X140.204 Y169.203 E239.96854
G1 X140.46 Y168.533 E239.99239
G1 X140.796 Y168.157 E240.00916
G1 X141.017 Y167.993 E240.01832
G1 X141.331 Y167.723 E240.03209
G1 X141.645 Y167.353 E240.04823
G1 X141.857 Y167.023 E240.06128
G1 X142 Y166.706 E240.07284
G1 X142 Y173.315 E240.29266
G1 F2400 E239.79266
G0 F15000 X141.185 Y173.602
G0 X141.35 Y176.653
G0 X158.653 Y176.653
G0 X160.66 Y170.956
G0 X160.663 Y169.192
G0 X160.557 Y168.739
G0 X160.233 Y168.031
G0 X158.795 Y166.363
G0 X158 Y166.701
G1 F2400 E240.29266
G1 F6000 X158.127 Y166.99 E240.30316
G1 X158.347 Y167.346 E240.31708
G1 X158.617 Y167.675 E240.33123
G1 X158.85 Y167.9 E240.34201
G1 X158.992 Y167.986 E240.34753
G1 X159.48 Y168.46 E240.37015
G1 X159.736 Y169.019 E240.3906
G1 X159.799 Y169.29 E240.39986
G1 X159.796 Y170.796 E240.44995
G1 X159.551 Y171.438 E240.4728
G1 X159.182 Y171.863 E240.49152
G1 X158.828 Y172.131 E240.50629
G1 X158.489 Y172.47 E240.52224
G1 X158.247 Y172.802 E240.5359
G1 X158.055 Y173.173 E240.54979
G1 X158 Y173.323 E240.55511
G1 X158 Y166.701 E240.77536
G1 X157.871 Y166.292 E240.78962
G1 X157.805 Y165.727 E240.80854
G1 X157.8 Y156.2 E241.12541
G1 X157.6 Y156.2 E241.13206
G1 X157.6 Y156 E241.13871
G1 X156 Y156 E241.19193
G1 X156 Y175.8 E241.85048
G1 X154.199 Y175.8 E241.91038
G1 X154.192 Y174.274 E241.96114
G1 X154.159 Y173.924 E241.97283
G1 X154.093 Y173.595 E241.98399
G1 X153.991 Y173.288 E241.99475
G1 X153.852 Y172.988 E242.00575
G1 X153.625 Y172.643 E242.01948
G1 X153.436 Y172.419 E242.02923
G1 X153.186 Y172.17 E242.04097
G1 X153.001 Y172.007 E242.04917
G1 X152.524 Y171.546 E242.07123
G1 X152.258 Y170.97 E242.09233
G1 X152.201 Y170.713 E242.10109
G1 X152.204 Y169.203 E242.15131
G1 X152.46 Y168.533 E242.17517
G1 X152.796 Y168.157 E242.19194
G1 X153.017 Y167.993 E242.20109
G1 X153.331 Y167.723 E242.21487
G1 X153.645 Y167.353 E242.23101
G1 X153.857 Y167.023 E242.24405
G1 X154 Y166.706 E242.25562
G1 X154 Y173.315 E242.47543
G1 F2400 E241.97543
;MESH:Limiter bracket.stl
G0 F15000 X153.097 Y173.412
G0 X151.807 Y172.054
G0 X151.435 Y171.251
G0 X151.337 Y170.804
G0 X151.34 Y169.219
G0 X153.347 Y155.653
G0 X150 Y154.4
;TYPE:WALL-INNER
G1 F2400 E242.47543
G1 F6000 X164.4 Y154.4 E242.95438
G1 X164.4 Y125.6 E243.91227
G1 X135.6 Y125.6 E244.87016
G1 X135.6 Y154.4 E245.82806
G1 X150 Y154.4 E246.307
G1 F2400 E245.807
G0 F15000 X161.223 Y154.2
G0 X161.223 Y153.768
G0 X161.223 Y153.588
G1 F2400 E246.307
G1 F6000 X160.691 Y153.448 E246.3253
G1 X160.213 Y153.166 E246.34376
G1 X159.83 Y152.789 E246.36163
G1 X159.552 Y152.306 E246.38017
G1 X159.408 Y151.771 E246.3986
G1 X159.408 Y151.218 E246.41699
G1 X159.561 Y150.686 E246.4354
G1 X159.836 Y150.206 E246.4538
G1 X160.215 Y149.829 E246.47158
G1 X160.686 Y149.561 E246.4896
G1 X161.218 Y149.408 E246.50802
G1 X161.775 Y149.408 E246.52654
G1 X162.306 Y149.552 E246.54484
G1 X162.788 Y149.83 E246.56335
G1 X163.166 Y150.212 E246.58122
G1 X163.445 Y150.686 E246.59951
G1 X163.588 Y151.222 E246.61797
G1 X163.588 Y151.765 E246.63603
G1 X163.447 Y152.311 E246.65478
G1 X163.165 Y152.789 E246.67324
G1 X162.789 Y153.165 E246.69093
G1 X162.309 Y153.448 E246.70946
G1 X161.765 Y153.588 E246.72814
G1 X161.223 Y153.588 E246.74617
G1 F2400 E246.24617
G0 F15000 X160.309 Y153.051
G0 X159.949 Y152.691
G0 X159.694 Y152.248
G0 X159.561 Y151.755
G0 X159.561 Y151.245
G0 X159.694 Y150.752
G0 X159.949 Y150.309
G0 X161.219 Y149.228
G0 X161.219 Y131.768
G0 X161.219 Y131.588
G1 F2400 E246.74617
G1 F6000 X160.685 Y131.439 E246.76461
G1 X160.221 Y131.173 E246.7824
G1 X159.829 Y130.785 E246.80074
G1 X159.55 Y130.289 E246.81967
G1 X159.414 Y129.778 E246.83726
G1 X159.407 Y129.226 E246.85562
G1 X159.553 Y128.691 E246.87406
G1 X159.827 Y128.217 E246.89227
G1 X160.225 Y127.814 E246.91111
G1 X160.423 Y127.681 E246.91905
G1 X160.879 Y127.493 E246.93545
G1 X161.238 Y127.408 E246.94772
G1 X161.775 Y127.408 E246.96558
G1 X162.306 Y127.552 E246.98388
G1 X162.788 Y127.83 E247.00239
G1 X163.166 Y128.212 E247.02026
G1 X163.445 Y128.686 E247.03856
G1 X163.588 Y129.222 E247.05701
G1 X163.588 Y129.765 E247.07507
G1 X163.447 Y130.311 E247.09382
G1 X163.165 Y130.789 E247.11228
G1 X162.787 Y131.167 E247.13006
G1 X162.31 Y131.448 E247.14847
G1 X161.771 Y131.588 E247.167
G1 X161.219 Y131.588 E247.18536
G1 F2400 E246.68536
G0 F15000 X160.099 Y131.308
G0 X139.903 Y131.306
G0 X138.775 Y131.588
G1 F2400 E247.18536
G1 F6000 X138.223 Y131.588 E247.20372
G1 X137.69 Y131.448 E247.22204
G1 X137.215 Y131.169 E247.24037
G1 X136.83 Y130.788 E247.25838
G1 X136.551 Y130.305 E247.27693
G1 X136.408 Y129.766 E247.29548
G1 X136.408 Y129.222 E247.31358
G1 X136.553 Y128.691 E247.33188
G1 X136.829 Y128.213 E247.35024
G1 X137.213 Y127.829 E247.3683
G1 X137.693 Y127.552 E247.38674
G1 X138.234 Y127.408 E247.40536
G1 X138.775 Y127.408 E247.42335
G1 X139.306 Y127.552 E247.44165
G1 X139.788 Y127.83 E247.46016
G1 X140.169 Y128.215 E247.47817
G1 X140.448 Y128.69 E247.49649
G1 X140.589 Y129.226 E247.51493
G1 X140.583 Y129.774 E247.53316
G1 X140.441 Y130.321 E247.55195
G1 X140.162 Y130.792 E247.57016
G1 X139.779 Y131.173 E247.58813
G1 X139.314 Y131.439 E247.60595
G1 X138.775 Y131.588 E247.62454
G1 F2400 E247.12454
G0 F15000 X138.765 Y149.228
G0 X138.765 Y153.588
G1 F2400 E247.62454
G1 F6000 X138.223 Y153.588 E247.64257
G1 X137.691 Y153.448 E247.66087
G1 X137.213 Y153.166 E247.67933
G1 X136.83 Y152.789 E247.6972
G1 X136.551 Y152.305 E247.71578
G1 X136.408 Y151.766 E247.73433
G1 X136.408 Y151.222 E247.75242
G1 X136.553 Y150.691 E247.77073
G1 X136.829 Y150.213 E247.78909
G1 X137.213 Y149.829 E247.80715
G1 X137.691 Y149.553 E247.82551
G1 X138.222 Y149.408 E247.84382
G1 X138.779 Y149.408 E247.86234
G1 X139.314 Y149.56 E247.88084
G1 X139.786 Y149.83 E247.89893
G1 X140.176 Y150.226 E247.91741
G1 X140.439 Y150.685 E247.93501
G1 X140.588 Y151.219 E247.95345
G1 X140.588 Y151.771 E247.97181
G1 X140.448 Y152.31 E247.99033
G1 X140.167 Y152.787 E248.00874
G1 X139.789 Y153.165 E248.02652
G1 X139.309 Y153.448 E248.04506
G1 X138.765 Y153.588 E248.06374
G0 F15000 X138.727 Y153.186
;TYPE:WALL-OUTER
G1 F6000 X138.253 Y153.182 E248.07951
G1 X137.844 Y153.074 E248.09358
G1 X137.443 Y152.831 E248.10917
G1 X137.147 Y152.539 E248.123
G1 X136.918 Y152.129 E248.13862
G1 X136.81 Y151.727 E248.15246
G1 X136.808 Y151.276 E248.16746
G1 X136.938 Y150.824 E248.18311
G1 X137.166 Y150.442 E248.1979
G1 X137.442 Y150.166 E248.21089
G1 X137.824 Y149.938 E248.22568
G1 X138.277 Y149.808 E248.24136
G1 X138.745 Y149.814 E248.25692
G1 X139.129 Y149.918 E248.27016
G1 X139.529 Y150.142 E248.2854
G1 X139.842 Y150.455 E248.30013
G1 X140.072 Y150.844 E248.31516
G1 X140.182 Y151.253 E248.32924
G1 X140.188 Y151.719 E248.34474
G1 X140.075 Y152.156 E248.35976
G1 X139.83 Y152.558 E248.37542
G1 X139.518 Y152.861 E248.38988
G1 X139.154 Y153.075 E248.40392
G1 X138.727 Y153.186 E248.4186
G1 F2400 E247.9186
G0 F15000 X138.808 Y153.488
G0 X140.312 Y152.897
G0 X140.312 Y154.2
G0 X150 Y154.8
G1 F2400 E248.4186
G1 F6000 X164.8 Y154.8 E248.91085
G1 X164.8 Y125.2 E249.89535
G1 X135.2 Y125.2 E250.87985
G1 X135.2 Y154.8 E251.86435
G1 X150 Y154.8 E252.3566
G1 F2400 E251.8566
G0 F15000 X150 Y154.49
G0 X161.808 Y154.2
G0 X161.786 Y153.769
G0 X161.727 Y153.186
G1 F2400 E252.3566
G1 F6000 X161.253 Y153.182 E252.37236
G1 X160.844 Y153.074 E252.38643
G1 X160.443 Y152.831 E252.40203
G1 X160.147 Y152.539 E252.41586
G1 X159.918 Y152.129 E252.43148
G1 X159.808 Y151.719 E252.4456
G1 X159.808 Y151.276 E252.46033
G1 X159.928 Y150.844 E252.47524
G1 X160.144 Y150.468 E252.48967
G1 X160.46 Y150.15 E252.50458
G1 X160.844 Y149.928 E252.51933
G1 X161.278 Y149.808 E252.53431
G1 X161.745 Y149.814 E252.54984
G1 X162.129 Y149.918 E252.56307
G1 X162.54 Y150.148 E252.57874
G1 X162.861 Y150.482 E252.59414
G1 X163.075 Y150.845 E252.60816
G1 X163.182 Y151.253 E252.62219
G1 X163.186 Y151.727 E252.63795
G1 X163.075 Y152.156 E252.65269
G1 X162.83 Y152.558 E252.66835
G1 X162.518 Y152.861 E252.68282
G1 X162.154 Y153.075 E252.69686
G1 X161.727 Y153.186 E252.71153
G1 F2400 E252.21153
G0 F15000 X161.808 Y153.488
G0 X162.691 Y153.051
G0 X163.051 Y152.691
G0 X163.306 Y152.248
G0 X163.439 Y151.755
G0 X163.439 Y151.245
G0 X163.306 Y150.752
G0 X163.051 Y150.309
G0 X162.691 Y149.949
G0 X161.195 Y149.228
G0 X161.201 Y131.769
G0 X161.277 Y131.188
G1 F2400 E252.71153
G1 F6000 X160.845 Y131.075 E252.72639
G1 X160.47 Y130.853 E252.74088
G1 X160.148 Y130.538 E252.75586
G1 X159.931 Y130.163 E252.77027
G1 X159.814 Y129.745 E252.78471
G1 X159.808 Y129.277 E252.80028
G1 X159.938 Y128.824 E252.81595
G1 X160.165 Y128.443 E252.8307
G1 X160.538 Y128.066 E252.84834
G1 X161.067 Y127.852 E252.86732
G1 X161.269 Y127.811 E252.87418
G1 X161.745 Y127.814 E252.89001
G1 X162.129 Y127.918 E252.90324
G1 X162.54 Y128.148 E252.91891
G1 X162.861 Y128.482 E252.93431
G1 X163.075 Y128.845 E252.94833
G1 X163.182 Y129.253 E252.96236
G1 X163.186 Y129.727 E252.97812
G1 X163.075 Y130.156 E252.99286
G1 X162.83 Y130.558 E253.00852
G1 X162.518 Y130.861 E253.02299
G1 X162.154 Y131.075 E253.03703
G1 X161.743 Y131.182 E253.05116
G1 X161.277 Y131.188 E253.06666
G1 F2400 E252.56666
G0 F15000 X161.195 Y131.488
G0 X160.099 Y131.308
G0 X139.903 Y131.306
G0 X138.277 Y131.188
G1 F2400 E253.06666
G1 F6000 X137.844 Y131.074 E253.08155
G1 X137.443 Y130.831 E253.09714
G1 X137.147 Y130.539 E253.11097
G1 X136.918 Y130.129 E253.12659
G1 X136.81 Y129.727 E253.14044
G1 X136.808 Y129.276 E253.15544
G1 X136.938 Y128.824 E253.17108
G1 X137.166 Y128.442 E253.18588
G1 X137.442 Y128.166 E253.19886
G1 X137.824 Y127.938 E253.21366
G1 X138.269 Y127.811 E253.22905
G1 X138.745 Y127.814 E253.24488
G1 X139.129 Y127.918 E253.25811
G1 X139.54 Y128.148 E253.27378
G1 X139.861 Y128.482 E253.28918
G1 X140.075 Y128.845 E253.3032
G1 X140.182 Y129.253 E253.31723
G1 X140.187 Y129.72 E253.33276
G1 X140.076 Y130.147 E253.34744
G1 X139.848 Y130.538 E253.36249
G1 X139.549 Y130.838 E253.37658
G1 X139.156 Y131.072 E253.39179
G1 X138.743 Y131.182 E253.40601
G1 X138.277 Y131.188 E253.42151
G1 F2400 E252.92151
G0 F15000 X138.195 Y131.488
G0 X138.201 Y131.769
G0 X135.8 Y131.769
G0 X136.008 Y151.135
;TYPE:SKIN
G1 F2400 E253.42151
G1 F4829 X136.008 Y151.842 E253.45072
G0 F15000 X136.307 Y151.776
G0 X136.983 Y153.079
G0 X136.5 Y153.568
G1 F4395.6 X136.466 Y153.627 E253.45381
G1 X136.398 Y153.627 E253.4569
G1 X136.364 Y153.568 E253.45999
G1 X136.398 Y153.509 E253.46309
G1 X136.466 Y153.509 E253.46617
G1 X136.5 Y153.568 E253.46926
G0 F15000 X136.983 Y153.079
G0 X137.62 Y153.616
G0 X137.62 Y154.2
G0 X137.541 Y154.04
G1 F6000 X135.96 Y154.04 E253.52185
G1 X135.96 Y152.446 E253.57486
G1 F5357.1 X136.008 Y151.842 E253.59744
G1 X136.226 Y152.464 E253.62199
G1 F6000 X136.54 Y153.013 E253.64302
G1 X136.98 Y153.44 E253.66342
G1 X137.521 Y153.768 E253.68446
G1 F5333.3 X138.141 Y153.99 E253.7091
G1 X137.541 Y154.04 E253.73163
G0 F15000 X138.141 Y153.99
G1 F4800 X138.842 Y153.99 E253.76077
G1 F2400 E253.26077
G0 F15000 X138.776 Y153.689
G0 X139.691 Y153.051
G0 X140.051 Y152.691
G0 X140.769 Y151.201
G0 X164.24 Y130.319
G0 X163.99 Y129.141
G1 F2400 E253.76077
G1 F4829 X163.993 Y129.822 E253.78892
G0 F15000 X164.3 Y129.822
G0 X164.3 Y151.141
G0 X163.99 Y151.141
G1 F4829 X163.993 Y151.822 E253.81706
G0 F15000 X164.3 Y151.822
G0 X164.3 Y153.565
G0 X163.633 Y153.565
G1 F4363.6 X163.599 Y153.624 E253.82017
G1 X163.531 Y153.624 E253.82328
G1 X163.497 Y153.565 E253.8264
G1 X163.531 Y153.506 E253.82951
G1 X163.599 Y153.506 E253.83262
G1 X163.633 Y153.565 E253.83574
G0 F15000 X164.3 Y153.565
G0 X164.228 Y154.228
G0 X162.459 Y154.3
G0 X162.459 Y154.04
G1 F5333.3 X161.843 Y153.99 E253.85886
G1 X162.478 Y153.765 E253.88407
G1 F6000 X162.982 Y153.469 E253.90351
G1 X163.434 Y153.026 E253.92456
G1 X163.769 Y152.475 E253.94601
G1 F5369.1 X163.993 Y151.822 E253.97167
G1 X164.04 Y152.453 E253.99518
G1 F6000 X164.04 Y154.04 E254.04797
G1 X162.459 Y154.04 E254.10055
G0 F15000 X161.843 Y153.99
G1 F4800 X161.141 Y153.99 E254.12974
G0 F15000 X161.141 Y154.3
G0 X150 Y154.3
G0 X150 Y154.04
G1 F6000 X139.453 Y154.04 E254.48053
G1 F5333.3 X138.842 Y153.99 E254.50347
G1 X139.475 Y153.768 E254.52857
G1 F6000 X139.987 Y153.465 E254.54836
G1 X140.457 Y153.007 E254.57018
G1 X140.79 Y152.42 E254.59263
G1 X140.948 Y151.82 E254.61327
G1 X140.942 Y151.152 E254.63549
G1 X140.784 Y150.573 E254.65545
G1 X140.454 Y149.999 E254.67747
G1 X140.022 Y149.554 E254.6981
G1 X139.448 Y149.217 E254.72024
G1 X138.821 Y149.048 E254.74183
G1 X138.148 Y149.054 E254.76422
G1 X137.555 Y149.213 E254.78464
G1 X136.988 Y149.54 E254.80641
G1 X136.561 Y149.971 E254.82659
G1 X136.231 Y150.522 E254.84795
G1 F5345.2 X136.008 Y151.135 E254.8723
G1 X135.961 Y150.538 E254.89466
G1 F6000 X135.96 Y130.446 E255.56292
G1 F5357.1 X136.008 Y129.842 E255.58549
G1 X136.226 Y130.464 E255.61005
G1 F6000 X136.54 Y131.013 E255.63108
G1 X136.98 Y131.44 E255.65148
G1 X137.545 Y131.783 E255.67346
G1 X138.177 Y131.948 E255.69518
G1 X138.843 Y131.942 E255.71734
G1 X139.423 Y131.788 E255.7373
G1 X140.017 Y131.441 E255.76018
G1 X140.452 Y131.002 E255.78073
G1 X140.776 Y130.455 E255.80188
G1 X140.934 Y129.847 E255.82277
G1 X140.949 Y129.182 E255.84489
G1 X140.783 Y128.546 E255.86676
G1 X140.468 Y128.017 E255.88723
G1 X140.01 Y127.541 E255.9092
G1 X139.42 Y127.206 E255.93177
G1 X138.844 Y127.054 E255.95158
G1 X138.181 Y127.05 E255.97364
G1 X137.555 Y127.213 E255.99515
G1 X136.988 Y127.54 E256.01692
G1 X136.561 Y127.971 E256.0371
G1 X136.231 Y128.522 E256.05846
G1 F5345.2 X136.008 Y129.135 E256.08281
G1 X135.961 Y128.538 E256.10517
G1 F6000 X135.96 Y125.96 E256.19092
G1 X164.04 Y125.96 E257.12486
G1 X164.04 Y128.541 E257.21071
G1 F5333.3 X163.99 Y129.141 E257.23323
G1 X163.769 Y128.522 E257.25783
G1 F6000 X163.469 Y128.014 E257.27745
G1 X163.007 Y127.54 E257.29947
G1 X162.42 Y127.206 E257.32193
G1 X161.844 Y127.054 E257.34174
G1 X161.185 Y127.05 E257.36366
G1 X160.764 Y127.153 E257.37808
G1 X160.287 Y127.347 E257.3952
G1 X159.996 Y127.537 E257.40676
G1 X159.561 Y127.971 E257.4272
G1 X159.217 Y128.546 E257.44949
G1 X159.048 Y129.17 E257.47099
G1 X159.054 Y129.819 E257.49257
G1 X159.215 Y130.434 E257.51372
G1 X159.536 Y131.002 E257.53542
G1 X159.995 Y131.454 E257.55685
G1 X160.575 Y131.787 E257.57909
G1 X161.175 Y131.948 E257.59975
G1 X161.843 Y131.942 E257.62197
G1 X162.451 Y131.783 E257.64287
G1 X162.982 Y131.469 E257.66339
G1 X163.434 Y131.031 E257.68432
G1 X163.769 Y130.474 E257.70594
G1 F5369.1 X163.993 Y129.822 E257.73157
G1 X164.04 Y130.453 E257.75508
G1 F6000 X164.04 Y150.541 E258.42321
G1 F5333.3 X163.99 Y151.141 E258.44574
G1 X163.769 Y150.522 E258.47034
G1 F6000 X163.469 Y150.014 E258.48996
G1 X163.009 Y149.536 E258.51202
G1 X162.444 Y149.212 E258.53369
G1 X161.82 Y149.048 E258.55514
G1 X161.148 Y149.054 E258.5775
G1 X160.568 Y149.209 E258.59746
G1 X159.975 Y149.558 E258.62035
G1 X159.544 Y149.988 E258.6406
G1 X159.209 Y150.571 E258.66296
G1 X159.048 Y151.171 E258.68363
G1 X159.054 Y151.839 E258.70584
G1 X159.212 Y152.441 E258.72654
G1 X159.54 Y153.008 E258.74833
G1 X159.979 Y153.439 E258.76879
G1 X160.521 Y153.768 E258.78988
G1 F5333.3 X161.141 Y153.99 E258.81452
G1 X160.541 Y154.04 E258.83705
G1 F6000 X150 Y154.04 E259.18765
G1 F2400 E258.68765
G0 F15000 X150 Y154.3
G0 X135.772 Y154.228
G0 X135.7 Y129.135
G0 X136.008 Y129.135
G1 F2400 E259.18765
G1 F4829 X136.008 Y129.842 E259.21686
G1 F2400 E258.71686
G0 F15000 X136.307 Y129.776
G0 X137.105 Y131.313
G0 X138.8 Y149.227
G0 X140.071 Y153.648
G1 F2400 E259.21686
G1 F6000 X140.263 Y153.84 E259.22589
G0 F15000 X140.367 Y153.378
G1 F6000 X140.829 Y153.84 E259.24763
G0 F15000 X141.394 Y153.84
G1 F6000 X140.641 Y153.086 E259.28307
G0 F15000 X140.849 Y152.728
G1 F6000 X141.96 Y153.84 E259.33535
G0 F15000 X142.526 Y153.84
G1 F6000 X141.019 Y152.333 E259.40623
G0 F15000 X141.137 Y151.885
G1 F6000 X143.092 Y153.84 E259.49819
G0 F15000 X143.657 Y153.84
G1 F6000 X141.148 Y151.33 E259.61623
G0 F15000 X141.003 Y150.619
G1 F6000 X144.223 Y153.84 E259.76771
G0 F15000 X144.789 Y153.84
G1 F6000 X136.16 Y145.211 E260.17359
G0 F15000 X136.16 Y144.646
G1 F6000 X145.354 Y153.84 E260.60605
G0 F15000 X145.92 Y153.84
G1 F6000 X136.16 Y144.08 E261.06513
G0 F15000 X136.16 Y143.514
G1 F6000 X146.486 Y153.84 E261.55084
G0 F15000 X147.051 Y153.84
G1 F6000 X136.16 Y142.949 E262.06312
G0 F15000 X136.16 Y142.383
G1 F6000 X147.617 Y153.84 E262.60202
G0 F15000 X148.183 Y153.84
G1 F6000 X136.16 Y141.817 E263.16754
G0 F15000 X136.16 Y141.252
G1 F6000 X148.748 Y153.84 E263.75964
G0 F15000 X149.314 Y153.84
G1 F6000 X136.16 Y140.686 E264.37837
G0 F15000 X136.16 Y140.12
G1 F6000 X149.88 Y153.84 E265.02371
G0 F15000 X150.445 Y153.84
G1 F6000 X136.16 Y139.554 E265.69566
G0 F15000 X136.16 Y138.988
G1 F6000 X151.011 Y153.84 E266.39423
G0 F15000 X151.577 Y153.84
G1 F6000 X136.16 Y138.423 E267.1194
G0 F15000 X136.16 Y137.857
G1 F6000 X152.143 Y153.84 E267.87119
G0 F15000 X152.708 Y153.84
G1 F6000 X136.16 Y137.291 E268.64958
G0 F15000 X136.16 Y136.725
G1 F6000 X153.274 Y153.84 E269.45459
G0 F15000 X153.84 Y153.84
G1 F6000 X136.16 Y136.16 E270.28621
G0 F15000 X136.16 Y135.594
G1 F6000 X154.405 Y153.84 E271.14442
G0 F15000 X154.971 Y153.84
G1 F6000 X136.16 Y135.028 E272.02925
G0 F15000 X136.16 Y134.463
G1 F6000 X155.537 Y153.84 E272.94069
G0 F15000 X156.102 Y153.84
G1 F6000 X136.16 Y133.897 E273.87872
G0 F15000 X136.16 Y133.331
G1 F6000 X156.668 Y153.84 E274.84338
G0 F15000 X157.234 Y153.84
G1 F6000 X136.16 Y132.766 E275.83464
G0 F15000 X136.16 Y132.2
G1 F6000 X157.799 Y153.84 E276.85249
G0 F15000 X158.365 Y153.84
G1 F6000 X136.16 Y131.634 E277.89697
G0 F15000 X136.16 Y131.069
G1 F6000 X158.931 Y153.84 E278.96805
G0 F15000 X159.496 Y153.84
G1 F6000 X137.684 Y132.027 E279.99404
G0 F15000 X138.371 Y132.148
G1 F6000 X160.062 Y153.84 E281.01434
G1 F2400 E280.51434
G0 F15000 X160.062 Y154.3
G0 X159.371 Y154.2
G0 X159.682 Y152.896
G0 X158.926 Y152.138
G1 F2400 E281.01434
G1 F6000 X138.918 Y132.13 E281.95546
G0 F15000 X139.364 Y132.01
G1 F6000 X158.848 Y151.494 E282.87193
G0 F15000 X158.894 Y150.974
G1 F6000 X139.749 Y131.829 E283.77245
G0 F15000 X140.107 Y131.622
G1 F6000 X159.014 Y150.529 E284.66178
G0 F15000 X159.214 Y150.163
G1 F6000 X140.395 Y131.344 E285.54696
G0 F15000 X140.66 Y131.043
G1 F6000 X159.435 Y149.818 E286.43008
G0 F15000 X159.717 Y149.535
G1 F6000 X140.871 Y130.689 E287.31654
G0 F15000 X141.028 Y130.28
G1 F6000 X160.035 Y149.287 E288.21057
G0 F15000 X160.395 Y149.081
G1 F6000 X141.139 Y129.825 E289.11631
G0 F15000 X141.146 Y129.267
G1 F6000 X160.817 Y148.938 E290.04158
G0 F15000 X161.293 Y148.848
G1 F6000 X140.99 Y128.545 E290.99657
G0 F15000 X140.544 Y128.661
G0 X139.332 Y127.454
G0 X139.453 Y127.008
G1 F6000 X138.605 Y126.16 E291.03646
G0 F15000 X138.039 Y126.16
G1 F6000 X138.728 Y126.849 E291.06886
G0 F15000 X138.166 Y126.852
G1 F6000 X137.474 Y126.16 E291.10141
G0 F15000 X136.908 Y126.16
G1 F6000 X137.713 Y126.965 E291.13928
G0 F15000 X137.307 Y127.124
G1 F6000 X136.342 Y126.16 E291.18465
G0 F15000 X136.16 Y126.543
G1 F6000 X136.948 Y127.332 E291.22173
G0 F15000 X136.649 Y127.598
G1 F6000 X136.16 Y127.11 E291.24471
G0 F15000 X136.16 Y127.675
G1 F6000 X136.371 Y127.886 E291.25464
G1 F2400 E290.75464
G0 F15000 X136.748 Y128.151
G0 X138.213 Y127.227
G0 X138.213 Y125.8
G0 X139.171 Y126.16
G1 F2400 E291.25464
G1 F6000 X161.863 Y148.852 E292.322
G0 F15000 X162.711 Y149.134
G1 F6000 X139.736 Y126.16 E293.40265
G0 F15000 X140.302 Y126.16
G1 F6000 X163.84 Y149.698 E294.5098
G0 F15000 X163.84 Y149.132
G1 F6000 X140.868 Y126.16 E295.59034
G0 F15000 X141.433 Y126.16
G1 F6000 X163.84 Y148.567 E296.64429
G0 F15000 X163.84 Y148.001
G1 F6000 X141.999 Y126.16 E297.67163
G0 F15000 X142.565 Y126.16
G1 F6000 X163.84 Y147.435 E298.67234
G0 F15000 X163.84 Y146.87
G1 F6000 X143.13 Y126.16 E299.64647
G0 F15000 X143.696 Y126.16
G1 F6000 X163.84 Y146.304 E300.59398
G0 F15000 X163.84 Y145.738
G1 F6000 X144.262 Y126.16 E301.51487
G0 F15000 X144.827 Y126.16
G1 F6000 X163.84 Y145.173 E302.40919
G0 F15000 X163.84 Y144.607
G1 F6000 X145.393 Y126.16 E303.27688
G0 F15000 X145.959 Y126.16
G1 F6000 X163.84 Y144.041 E304.11794
G0 F15000 X163.84 Y143.476
G1 F6000 X146.525 Y126.16 E304.93241
G0 F15000 X147.09 Y126.16
G1 F6000 X163.84 Y142.91 E305.72028
G0 F15000 X163.84 Y142.344
G1 F6000 X147.656 Y126.16 E306.48153
G0 F15000 X148.222 Y126.16
G1 F6000 X163.84 Y141.778 E307.21615
G0 F15000 X163.84 Y141.213
G1 F6000 X148.787 Y126.16 E307.9242
G0 F15000 X149.353 Y126.16
G1 F6000 X163.84 Y140.647 E308.60562
G0 F15000 X163.84 Y140.081
G1 F6000 X149.919 Y126.16 E309.26042
G0 F15000 X150.484 Y126.16
G1 F6000 X163.84 Y139.516 E309.88865
G0 F15000 X163.84 Y138.95
G1 F6000 X151.05 Y126.16 E310.49025
G0 F15000 X151.616 Y126.16
G1 F6000 X163.84 Y138.384 E311.06523
G0 F15000 X163.84 Y137.819
G1 F6000 X152.181 Y126.16 E311.61363
G0 F15000 X152.747 Y126.16
G1 F6000 X163.84 Y137.253 E312.13541
G0 F15000 X163.84 Y136.687
G1 F6000 X153.313 Y126.16 E312.63057
G0 F15000 X153.878 Y126.16
G1 F6000 X163.84 Y136.122 E313.09915
G0 F15000 X163.84 Y135.556
G1 F6000 X159.931 Y131.647 E313.28302
G0 F15000 X159.339 Y131.055
G1 F6000 X154.444 Y126.16 E313.51327
G0 F15000 X155.01 Y126.16
G1 F6000 X158.911 Y130.061 E313.69676
G0 F15000 X158.848 Y129.432
G1 F6000 X155.576 Y126.16 E313.85066
G0 F15000 X156.141 Y126.16
G1 F6000 X158.907 Y128.925 E313.98074
G0 F15000 X159.027 Y128.48
G1 F6000 X156.707 Y126.16 E314.08987
G0 F15000 X157.273 Y126.16
G1 F6000 X159.234 Y128.121 E314.18211
G0 F15000 X159.464 Y127.786
G1 F6000 X157.838 Y126.16 E314.25859
G0 F15000 X158.404 Y126.16
G1 F6000 X159.745 Y127.501 E314.32167
G0 F15000 X160.065 Y127.255
G1 F6000 X158.97 Y126.16 E314.37317
G0 F15000 X159.535 Y126.16
G1 F6000 X160.443 Y127.068 E314.41588
G0 F15000 X160.864 Y126.923
G1 F6000 X160.101 Y126.16 E314.45177
G0 F15000 X160.667 Y126.16
G1 F6000 X161.358 Y126.851 E314.48427
G0 F15000 X161.947 Y126.875
G1 F6000 X161.232 Y126.16 E314.5179
G0 F15000 X161.798 Y126.16
G1 F6000 X162.862 Y127.223 E314.56793
G0 F15000 X163.84 Y127.071
G1 F6000 X162.929 Y126.16 E314.61078
G0 F15000 X162.364 Y126.16
G1 F6000 X163.84 Y127.636 E314.68021
G0 F15000 X163.771 Y128.133
G1 F6000 X163.84 Y128.202 E314.68345
G0 F15000 X164.3 Y128.202
G0 X164.3 Y126.505
G0 X163.84 Y126.505
G1 F6000 X163.495 Y126.16 E314.69968
G1 F2400 E314.19968
G0 F15000 X163.495 Y125.7
G0 X162.896 Y127.682
G0 X163.735 Y130.925
G1 F2400 E314.69968
G1 F6000 X163.84 Y131.03 E314.70462
G0 F15000 X163.497 Y131.252
G1 F6000 X163.84 Y131.596 E314.72077
G0 F15000 X163.84 Y132.162
G1 F6000 X163.212 Y131.533 E314.75034
G0 F15000 X162.876 Y131.764
G1 F6000 X163.84 Y132.727 E314.79566
G0 F15000 X163.84 Y133.293
G1 F6000 X162.519 Y131.972 E314.85779
G0 F15000 X162.071 Y132.09
G1 F6000 X163.84 Y133.859 E314.941
G0 F15000 X163.84 Y134.425
G1 F6000 X161.564 Y132.148 E315.04808
G0 F15000 X160.943 Y132.093
G1 F6000 X163.84 Y134.99 E315.18435
G1 F2400 E314.68435
G0 F15000 X164.3 Y134.99
G0 X164.2 Y149.434
G0 X140.321 Y150.117
G0 X139.376 Y148.993
G1 F2400 E315.18435
G1 F6000 X136.16 Y145.777 E315.33562
G0 F15000 X136.16 Y146.343
G1 F6000 X138.665 Y148.847 E315.45342
G0 F15000 X138.109 Y148.857
G1 F6000 X136.16 Y146.909 E315.54507
G0 F15000 X136.16 Y147.474
G1 F6000 X137.663 Y148.977 E315.61577
G0 F15000 X137.268 Y149.147
G1 F6000 X136.16 Y148.04 E315.66786
G0 F15000 X136.16 Y148.606
G1 F6000 X136.909 Y149.354 E315.70307
G0 F15000 X136.619 Y149.629
G1 F6000 X136.16 Y149.171 E315.72464
G0 F15000 X136.16 Y149.737
G1 F6000 X136.349 Y149.926 E315.73353
G1 F2400 E315.23353
;MESH:NONMESH
G0 F300 X136.349 Y149.926 Z0.8
G0 F15000 X136.746 Y150.157
G0 X136.561 Y151.245
G0 X136.561 Y151.755
G0 X136.694 Y152.248
G0 X136.949 Y152.691
G0 X137.309 Y153.051
G0 X137.752 Y153.306
G0 X139.38 Y153.616
G0 X146 Y166.713
;TIME_ELAPSED:415.836917
;LAYER:3
M106 S255
;TYPE:SUPPORT
G1 F2400 E315.73353
G1 F6000 X146.028 Y166.793 E315.73635
G1 X146.205 Y167.139 E315.74927
G1 X146.434 Y167.472 E315.76271
G1 X146.619 Y167.677 E315.7719
G1 X146.83 Y167.889 E315.78185
G1 X146.991 Y167.985 E315.78808
G1 X147.48 Y168.46 E315.81076
G1 X147.736 Y169.019 E315.83121
G1 X147.799 Y169.29 E315.84046
G1 X147.796 Y170.796 E315.89055
G1 X147.551 Y171.438 E315.9134
G1 X147.181 Y171.865 E315.9322
G1 X146.711 Y172.218 E315.95175
G1 X146.361 Y172.627 E315.96965
G1 X146.157 Y172.946 E315.98224
G1 X146 Y173.298 E315.99506
G1 X146 Y166.713 E316.21408
G1 X145.889 Y166.395 E316.22528
G1 X145.823 Y165.917 E316.24133
G1 X145.805 Y165.649 E316.25027
G1 X145.8 Y156.2 E316.56454
G1 X145.6 Y156.2 E316.57119
G1 X145.6 Y156 E316.57785
G1 X144 Y156 E316.63106
G1 X144 Y175.8 E317.28961
G1 X142.2 Y175.8 E317.34948
G1 X142.196 Y174.343 E317.39794
G1 X142.178 Y174.077 E317.40681
G1 X142.144 Y173.808 E317.41583
G1 X142.062 Y173.473 E317.4273
G1 X141.937 Y173.142 E317.43907
G1 X141.769 Y172.84 E317.45056
G1 X141.532 Y172.52 E317.46381
G1 X141.252 Y172.229 E317.47724
G1 X140.995 Y172.001 E317.48866
G1 X140.524 Y171.546 E317.51044
G1 X140.258 Y170.97 E317.53155
G1 X140.201 Y170.713 E317.5403
G1 X140.204 Y169.203 E317.59053
G1 X140.46 Y168.533 E317.61438
G1 X140.796 Y168.157 E317.63115
G1 X141.143 Y167.899 E317.64553
G1 X141.479 Y167.568 E317.66122
G1 X141.766 Y167.198 E317.6768
G1 X142 Y166.751 E317.69358
G1 X142 Y173.308 E317.91166
G1 F2400 E317.41166
G0 F15000 X141.192 Y173.615
G0 X141.349 Y176.653
G0 X158.653 Y176.653
G0 X160.66 Y170.956
G0 X160.663 Y169.192
G0 X160.557 Y168.739
G0 X160.233 Y168.031
G0 X158.824 Y166.454
G0 X158 Y166.713
G1 F2400 E317.91166
G1 F6000 X158.028 Y166.793 E317.91448
G1 X158.205 Y167.139 E317.92741
G1 X158.434 Y167.472 E317.94085
G1 X158.619 Y167.677 E317.95004
G1 X158.83 Y167.889 E317.95998
G1 X158.991 Y167.985 E317.96622
G1 X159.48 Y168.46 E317.98889
G1 X159.736 Y169.019 E318.00934
G1 X159.799 Y169.29 E318.0186
G1 X159.796 Y170.796 E318.06869
G1 X159.551 Y171.438 E318.09154
G1 X159.181 Y171.865 E318.11033
G1 X158.711 Y172.218 E318.12988
G1 X158.361 Y172.627 E318.14779
G1 X158.157 Y172.946 E318.16038
G1 X158 Y173.298 E318.1732
G1 X158 Y166.713 E318.39222
G1 X157.889 Y166.395 E318.40342
G1 X157.823 Y165.917 E318.41947
G1 X157.805 Y165.649 E318.4284
G1 X157.8 Y156.2 E318.74268
G1 X157.6 Y156.2 E318.74933
G1 X157.6 Y156 E318.75598
G1 X156 Y156 E318.8092
G1 X156 Y175.8 E319.46775
G1 X154.2 Y175.8 E319.52762
G1 X154.196 Y174.343 E319.57608
G1 X154.178 Y174.077 E319.58495
G1 X154.144 Y173.808 E319.59396
G1 X154.062 Y173.473 E319.60544
G1 X153.937 Y173.142 E319.6172
G1 X153.769 Y172.84 E319.6287
G1 X153.532 Y172.52 E319.64194
G1 X153.252 Y172.229 E319.65537
G1 X152.995 Y172.001 E319.6668
G1 X152.524 Y171.546 E319.68858
G1 X152.258 Y170.97 E319.70968
G1 X152.201 Y170.713 E319.71844
G1 X152.204 Y169.203 E319.76866
G1 X152.46 Y168.533 E319.79252
G1 X152.796 Y168.157 E319.80929
G1 X153.143 Y167.899 E319.82367
G1 X153.479 Y167.568 E319.83936
G1 X153.766 Y167.198 E319.85493
G1 X154 Y166.751 E319.87171
G1 X154 Y173.308 E320.0898
G1 F2400 E319.5898
;MESH:Limiter bracket.stl
G0 F15000 X153.152 Y173.51
G0 X151.807 Y172.054
G0 X151.435 Y171.251
G0 X151.337 Y170.804
G0 X151.34 Y169.219
G0 X153.347 Y155.653
G0 X150 Y154.4
;TYPE:WALL-INNER
G1 F2400 E320.0898
G1 F6000 X164.4 Y154.4 E320.56875
G1 X164.4 Y125.6 E321.52664
G1 X135.6 Y125.6 E322.48453
G1 X135.6 Y154.4 E323.44242
G1 X150 Y154.4 E323.92137
G1 F2400 E323.42137
G0 F15000 X161.223 Y154.2
G0 X161.223 Y153.768
G0 X161.223 Y153.588
G1 F2400 E323.92137
G1 F6000 X160.691 Y153.448 E323.93967
G1 X160.213 Y153.166 E323.95812
G1 X159.83 Y152.789 E323.976
G1 X159.552 Y152.306 E323.99453
G1 X159.408 Y151.771 E324.01296
G1 X159.408 Y151.218 E324.03135
G1 X159.561 Y150.686 E324.04977
G1 X159.836 Y150.206 E324.06817
G1 X160.215 Y149.829 E324.08595
G1 X160.686 Y149.561 E324.10397
G1 X161.218 Y149.408 E324.12238
G1 X161.775 Y149.408 E324.14091
G1 X162.306 Y149.552 E324.15921
G1 X162.788 Y149.83 E324.17771
G1 X163.166 Y150.212 E324.19559
G1 X163.445 Y150.686 E324.21388
G1 X163.588 Y151.222 E324.23233
G1 X163.588 Y151.765 E324.25039
G1 X163.447 Y152.311 E324.26915
G1 X163.165 Y152.789 E324.28761
G1 X162.789 Y153.165 E324.30529
G1 X162.309 Y153.448 E324.32383
G1 X161.765 Y153.588 E324.34251
G1 X161.223 Y153.588 E324.36054
G1 F2400 E323.86054
G0 F15000 X160.309 Y153.051
G0 X159.949 Y152.691
G0 X159.694 Y152.248
G0 X159.561 Y151.755
G0 X159.561 Y151.245
G0 X159.694 Y150.752
G0 X159.949 Y150.309
G0 X161.219 Y149.228
G0 X161.219 Y131.768
G0 X161.219 Y131.588
G1 F2400 E324.36054
G1 F6000 X160.685 Y131.439 E324.37897
G1 X160.221 Y131.173 E324.39676
G1 X159.829 Y130.785 E324.41511
G1 X159.55 Y130.289 E324.43404
G1 X159.414 Y129.778 E324.45162
G1 X159.407 Y129.226 E324.46998
G1 X159.553 Y128.691 E324.48843
G1 X159.827 Y128.217 E324.50664
G1 X160.225 Y127.814 E324.52548
G1 X160.423 Y127.681 E324.53341
G1 X160.879 Y127.493 E324.54982
G1 X161.238 Y127.408 E324.56209
G1 X161.775 Y127.408 E324.57995
G1 X162.306 Y127.552 E324.59825
G1 X162.788 Y127.83 E324.61675
G1 X163.166 Y128.212 E324.63463
G1 X163.445 Y128.686 E324.65292
G1 X163.588 Y129.222 E324.67137
G1 X163.588 Y129.765 E324.68943
G1 X163.447 Y130.311 E324.70819
G1 X163.165 Y130.789 E324.72665
G1 X162.787 Y131.167 E324.74443
G1 X162.31 Y131.448 E324.76284
G1 X161.771 Y131.588 E324.78136
G1 X161.219 Y131.588 E324.79972
G1 F2400 E324.29972
G0 F15000 X160.099 Y131.308
G0 X139.903 Y131.306
G0 X138.775 Y131.588
G1 F2400 E324.79972
G1 F6000 X138.223 Y131.588 E324.81808
G1 X137.69 Y131.448 E324.83641
G1 X137.215 Y131.169 E324.85473
G1 X136.83 Y130.788 E324.87275
G1 X136.551 Y130.305 E324.8913
G1 X136.408 Y129.766 E324.90985
G1 X136.408 Y129.222 E324.92794
G1 X136.553 Y128.691 E324.94625
G1 X136.829 Y128.213 E324.96461
G1 X137.213 Y127.829 E324.98267
G1 X137.693 Y127.552 E325.0011
G1 X138.234 Y127.408 E325.01972
G1 X138.775 Y127.408 E325.03772
G1 X139.306 Y127.552 E325.05602
G1 X139.788 Y127.83 E325.07452
G1 X140.169 Y128.215 E325.09254
G1 X140.448 Y128.69 E325.11086
G1 X140.589 Y129.226 E325.12929
G1 X140.583 Y129.774 E325.14752
G1 X140.441 Y130.321 E325.16632
G1 X140.162 Y130.792 E325.18453
G1 X139.779 Y131.173 E325.20249
G1 X139.314 Y131.439 E325.22031
G1 X138.775 Y131.588 E325.23891
G1 F2400 E324.73891
G0 F15000 X138.765 Y149.228
G0 X138.765 Y153.588
G1 F2400 E325.23891
G1 F6000 X138.223 Y153.588 E325.25694
G1 X137.691 Y153.448 E325.27523
G1 X137.213 Y153.166 E325.29369
G1 X136.83 Y152.789 E325.31157
G1 X136.551 Y152.305 E325.33015
G1 X136.408 Y151.766 E325.3487
G1 X136.408 Y151.222 E325.36679
G1 X136.553 Y150.691 E325.3851
G1 X136.829 Y150.213 E325.40346
G1 X137.213 Y149.829 E325.42152
G1 X137.691 Y149.553 E325.43988
G1 X138.222 Y149.408 E325.45818
G1 X138.779 Y149.408 E325.47671
G1 X139.314 Y149.56 E325.49521
G1 X139.786 Y149.83 E325.51329
G1 X140.176 Y150.226 E325.53178
G1 X140.439 Y150.685 E325.54937
G1 X140.588 Y151.219 E325.56781
G1 X140.588 Y151.771 E325.58617
G1 X140.448 Y152.31 E325.6047
G1 X140.167 Y152.787 E325.62311
G1 X139.789 Y153.165 E325.64089
G1 X139.309 Y153.448 E325.65942
G1 X138.765 Y153.588 E325.67811
G0 F15000 X138.727 Y153.186
;TYPE:WALL-OUTER
G1 F6000 X138.253 Y153.182 E325.69387
G1 X137.844 Y153.074 E325.70794
G1 X137.443 Y152.831 E325.72354
G1 X137.147 Y152.539 E325.73737
G1 X136.918 Y152.129 E325.75298
G1 X136.81 Y151.727 E325.76683
G1 X136.808 Y151.276 E325.78183
G1 X136.938 Y150.824 E325.79747
G1 X137.166 Y150.442 E325.81227
G1 X137.442 Y150.166 E325.82525
G1 X137.824 Y149.938 E325.84005
G1 X138.277 Y149.808 E325.85572
G1 X138.745 Y149.814 E325.87129
G1 X139.129 Y149.918 E325.88452
G1 X139.529 Y150.142 E325.89977
G1 X139.842 Y150.455 E325.91449
G1 X140.072 Y150.844 E325.92952
G1 X140.182 Y151.253 E325.94361
G1 X140.188 Y151.719 E325.95911
G1 X140.075 Y152.156 E325.97412
G1 X139.83 Y152.558 E325.98978
G1 X139.518 Y152.861 E326.00425
G1 X139.154 Y153.075 E326.01829
G1 X138.727 Y153.186 E326.03296
G1 F2400 E325.53296
G0 F15000 X138.808 Y153.488
G0 X140.312 Y152.897
G0 X140.312 Y154.2
G0 X150 Y154.8
G1 F2400 E326.03296
G1 F6000 X164.8 Y154.8 E326.52521
G1 X164.8 Y125.2 E327.50971
G1 X135.2 Y125.2 E328.49421
G1 X135.2 Y154.8 E329.47871
G1 X150 Y154.8 E329.97096
G1 F2400 E329.47096
G0 F15000 X150 Y154.49
G0 X161.808 Y154.2
G0 X161.786 Y153.769
G0 X161.727 Y153.186
G1 F2400 E329.97096
G1 F6000 X161.253 Y153.182 E329.98673
G1 X160.844 Y153.074 E330.0008
G1 X160.443 Y152.831 E330.0164
G1 X160.147 Y152.539 E330.03022
G1 X159.918 Y152.129 E330.04584
G1 X159.808 Y151.719 E330.05996
G1 X159.808 Y151.276 E330.0747
G1 X159.928 Y150.844 E330.08961
G1 X160.144 Y150.468 E330.10403
G1 X160.46 Y150.15 E330.11894
G1 X160.844 Y149.928 E330.1337
G1 X161.278 Y149.808 E330.14867
G1 X161.745 Y149.814 E330.16421
G1 X162.129 Y149.918 E330.17744
G1 X162.54 Y150.148 E330.1931
G1 X162.861 Y150.482 E330.20851
G1 X163.075 Y150.845 E330.22253
G1 X163.182 Y151.253 E330.23655
G1 X163.186 Y151.727 E330.25232
G1 X163.075 Y152.156 E330.26706
G1 X162.83 Y152.558 E330.28272
G1 X162.518 Y152.861 E330.29718
G1 X162.154 Y153.075 E330.31123
G1 X161.727 Y153.186 E330.3259
G1 F2400 E329.8259
G0 F15000 X161.808 Y153.488
G0 X162.691 Y153.051
G0 X163.051 Y152.691
G0 X163.306 Y152.248
G0 X163.439 Y151.755
G0 X163.439 Y151.245
G0 X163.306 Y150.752
G0 X163.051 Y150.309
G0 X162.691 Y149.949
G0 X161.195 Y149.228
G0 X161.201 Y131.769
G0 X161.277 Y131.188
G1 F2400 E330.3259
G1 F6000 X160.845 Y131.075 E330.34075
G1 X160.47 Y130.853 E330.35525
G1 X160.148 Y130.538 E330.37023
G1 X159.931 Y130.163 E330.38464
G1 X159.814 Y129.745 E330.39908
G1 X159.808 Y129.277 E330.41464
G1 X159.938 Y128.824 E330.43032
G1 X160.165 Y128.443 E330.44507
G1 X160.538 Y128.066 E330.46271
G1 X161.067 Y127.852 E330.48169
G1 X161.269 Y127.811 E330.48854
G1 X161.745 Y127.814 E330.50438
G1 X162.129 Y127.918 E330.51761
G1 X162.54 Y128.148 E330.53327
G1 X162.861 Y128.482 E330.54868
G1 X163.075 Y128.845 E330.5627
G1 X163.182 Y129.253 E330.57672
G1 X163.186 Y129.727 E330.59249
G1 X163.075 Y130.156 E330.60723
G1 X162.83 Y130.558 E330.62289
G1 X162.518 Y130.861 E330.63735
G1 X162.154 Y131.075 E330.6514
G1 X161.743 Y131.182 E330.66552
G1 X161.277 Y131.188 E330.68102
G1 F2400 E330.18102
G0 F15000 X161.195 Y131.488
G0 X160.099 Y131.308
G0 X139.903 Y131.306
G0 X138.277 Y131.188
G1 F2400 E330.68102
G1 F6000 X137.844 Y131.074 E330.69591
G1 X137.443 Y130.831 E330.71151
G1 X137.147 Y130.539 E330.72534
G1 X136.918 Y130.129 E330.74096
G1 X136.81 Y129.727 E330.7548
G1 X136.808 Y129.276 E330.7698
G1 X136.938 Y128.824 E330.78545
G1 X137.166 Y128.442 E330.80024
G1 X137.442 Y128.166 E330.81322
G1 X137.824 Y127.938 E330.82802
G1 X138.269 Y127.811 E330.84341
G1 X138.745 Y127.814 E330.85925
G1 X139.129 Y127.918 E330.87248
G1 X139.54 Y128.148 E330.88814
G1 X139.861 Y128.482 E330.90355
G1 X140.075 Y128.845 E330.91756
G1 X140.182 Y129.253 E330.93159
G1 X140.187 Y129.72 E330.94713
G1 X140.076 Y130.147 E330.9618
G1 X139.848 Y130.538 E330.97686
G1 X139.549 Y130.838 E330.99094
G1 X139.156 Y131.072 E331.00616
G1 X138.743 Y131.182 E331.02037
G1 X138.277 Y131.188 E331.03587
G1 F2400 E330.53587
G0 F15000 X138.195 Y131.488
G0 X138.201 Y131.769
G0 X135.8 Y131.769
G0 X136.008 Y151.135
;TYPE:SKIN
G1 F2400 E331.03587
G1 F4829 X136.008 Y151.842 E331.06509
G0 F15000 X136.307 Y151.776
G0 X136.983 Y153.079
G0 X136.5 Y153.568
G1 F4395.6 X136.466 Y153.627 E331.06818
G1 X136.398 Y153.627 E331.07127
G1 X136.364 Y153.568 E331.07436
G1 X136.398 Y153.509 E331.07745
G1 X136.466 Y153.509 E331.08054
G1 X136.5 Y153.568 E331.08363
G0 F15000 X136.983 Y153.079
G0 X137.62 Y153.616
G0 X137.62 Y154.2
G0 X137.541 Y154.04
G1 F6000 X135.96 Y154.04 E331.13621
G1 X135.96 Y152.446 E331.18923
G1 F5357.1 X136.008 Y151.842 E331.2118
G1 X136.226 Y152.464 E331.23635
G1 F6000 X136.54 Y153.013 E331.25739
G1 X136.98 Y153.44 E331.27778
G1 X137.521 Y153.768 E331.29882
G1 F5333.3 X138.141 Y153.99 E331.32347
G1 X137.541 Y154.04 E331.34599
G0 F15000 X138.141 Y153.99
G1 F4800 X138.842 Y153.99 E331.37514
G1 F2400 E330.87514
G0 F15000 X138.776 Y153.689
G0 X139.691 Y153.051
G0 X140.051 Y152.691
G0 X140.769 Y151.201
G0 X164.24 Y130.319
G0 X163.99 Y129.141
G1 F2400 E331.37514
G1 F4829 X163.993 Y129.822 E331.40328
G0 F15000 X164.3 Y129.822
G0 X164.3 Y151.141
G0 X163.99 Y151.141
G1 F4829 X163.993 Y151.822 E331.43142
G0 F15000 X164.3 Y151.822
G0 X164.3 Y153.566
G0 X163.634 Y153.566
G1 F4379.6 X163.6 Y153.625 E331.43453
G1 X163.532 Y153.625 E331.43763
G1 X163.498 Y153.566 E331.44073
G1 X163.532 Y153.507 E331.44383
G1 X163.6 Y153.507 E331.44693
G1 X163.634 Y153.566 E331.45003
G0 F15000 X164.3 Y153.566
G0 X164.228 Y154.228
G0 X162.459 Y154.3
G0 X162.459 Y154.04
G1 F5333.3 X161.843 Y153.99 E331.47316
G1 X162.477 Y153.765 E331.49833
G1 F6000 X163.026 Y153.438 E331.51958
G1 X163.43 Y153.034 E331.53859
G1 X163.769 Y152.47 E331.56047
G1 F5369.1 X163.993 Y151.822 E331.58596
G1 X164.04 Y152.45 E331.60936
G1 F6000 X164.04 Y154.04 E331.66225
G1 X162.459 Y154.04 E331.71483
G0 F15000 X161.843 Y153.99
G1 F4800 X161.141 Y153.99 E331.74402
G0 F15000 X161.141 Y154.3
G0 X150 Y154.3
G0 X150 Y154.04
G1 F6000 X139.453 Y154.04 E332.09481
G1 F5333.3 X138.842 Y153.99 E332.11775
G1 X139.475 Y153.768 E332.14285
G1 F6000 X139.987 Y153.465 E332.16264
G1 X140.457 Y153.007 E332.18447
G1 X140.79 Y152.42 E332.20691
G1 X140.948 Y151.82 E332.22755
G1 X140.942 Y151.152 E332.24977
G1 X140.784 Y150.573 E332.26973
G1 X140.454 Y149.999 E332.29175
G1 X140.022 Y149.554 E332.31238
G1 X139.448 Y149.217 E332.33452
G1 X138.821 Y149.048 E332.35611
G1 X138.148 Y149.054 E332.3785
G1 X137.555 Y149.213 E332.39892
G1 X136.988 Y149.54 E332.42069
G1 X136.561 Y149.971 E332.44087
G1 X136.231 Y150.522 E332.46223
G1 F5345.2 X136.008 Y151.135 E332.48658
G1 X135.961 Y150.538 E332.50894
G1 F6000 X135.96 Y130.446 E333.1772
G1 F5357.1 X136.008 Y129.842 E333.19977
G1 X136.226 Y130.464 E333.22433
G1 F6000 X136.54 Y131.013 E333.24536
G1 X136.98 Y131.44 E333.26576
G1 X137.545 Y131.783 E333.28774
G1 X138.177 Y131.948 E333.30946
G1 X138.843 Y131.942 E333.33162
G1 X139.423 Y131.788 E333.35158
G1 X140.017 Y131.441 E333.37446
G1 X140.452 Y131.002 E333.39501
G1 X140.776 Y130.455 E333.41616
G1 X140.934 Y129.847 E333.43705
G1 X140.949 Y129.182 E333.45917
G1 X140.783 Y128.546 E333.48104
G1 X140.468 Y128.017 E333.50151
G1 X140.01 Y127.541 E333.52348
G1 X139.42 Y127.206 E333.54605
G1 X138.844 Y127.054 E333.56586
G1 X138.181 Y127.05 E333.58792
G1 X137.555 Y127.213 E333.60943
G1 X136.988 Y127.54 E333.6312
G1 X136.561 Y127.971 E333.65138
G1 X136.231 Y128.522 E333.67274
G1 F5345.2 X136.008 Y129.135 E333.6971
G1 X135.961 Y128.538 E333.71945
G1 F6000 X135.96 Y125.96 E333.8052
G1 X164.04 Y125.96 E334.73914
G1 X164.04 Y128.541 E334.82499
G1 F5333.3 X163.99 Y129.141 E334.84751
G1 X163.769 Y128.522 E334.87211
G1 F6000 X163.469 Y128.014 E334.89173
G1 X163.007 Y127.54 E334.91375
G1 X162.42 Y127.206 E334.93621
G1 X161.844 Y127.054 E334.95602
G1 X161.185 Y127.05 E334.97794
G1 X160.764 Y127.153 E334.99236
G1 X160.287 Y127.347 E335.00948
G1 X159.996 Y127.537 E335.02104
G1 X159.561 Y127.971 E335.04148
G1 X159.217 Y128.546 E335.06377
G1 X159.048 Y129.17 E335.08527
G1 X159.054 Y129.819 E335.10686
G1 X159.215 Y130.434 E335.128
G1 X159.536 Y131.002 E335.1497
G1 X159.995 Y131.454 E335.17113
G1 X160.575 Y131.787 E335.19337
G1 X161.175 Y131.948 E335.21403
G1 X161.843 Y131.942 E335.23625
G1 X162.451 Y131.783 E335.25715
G1 X162.982 Y131.469 E335.27767
G1 X163.434 Y131.031 E335.2986
G1 X163.769 Y130.474 E335.32022
G1 F5369.1 X163.993 Y129.822 E335.34585
G1 X164.04 Y130.453 E335.36936
G1 F6000 X164.04 Y150.541 E336.03749
G1 F5333.3 X163.99 Y151.141 E336.06002
G1 X163.769 Y150.522 E336.08462
G1 F6000 X163.469 Y150.014 E336.10424
G1 X163.009 Y149.536 E336.1263
G1 X162.444 Y149.212 E336.14797
G1 X161.82 Y149.048 E336.16942
G1 X161.148 Y149.054 E336.19178
G1 X160.568 Y149.209 E336.21174
G1 X159.975 Y149.558 E336.23463
G1 X159.544 Y149.988 E336.25488
G1 X159.209 Y150.571 E336.27724
G1 X159.048 Y151.171 E336.29791
G1 X159.054 Y151.839 E336.32012
G1 X159.212 Y152.441 E336.34082
G1 X159.54 Y153.008 E336.36261
G1 X159.979 Y153.439 E336.38307
G1 X160.521 Y153.768 E336.40416
G1 F5333.3 X161.141 Y153.99 E336.4288
G1 X160.541 Y154.04 E336.45133
G1 F6000 X150 Y154.04 E336.80193
G1 F2400 E336.30193
G0 F15000 X150 Y154.3
G0 X135.772 Y154.228
G0 X135.7 Y129.135
G0 X136.008 Y129.135
G1 F2400 E336.80193
G1 F4829 X136.008 Y129.842 E336.83114
G1 F2400 E336.33114
G0 F15000 X136.307 Y129.776
G0 X136.386 Y128.618
G0 X135.8 Y128.618
G0 X136.16 Y126.318
G1 F2400 E336.83114
G1 F6000 X136.318 Y126.16 E336.83858
G0 F15000 X136.884 Y126.16
G1 F6000 X136.161 Y126.883 E336.87258
G0 F15000 X136.161 Y127.448
G1 F6000 X137.45 Y126.16 E336.93319
G0 F15000 X138.015 Y126.16
G1 F6000 X136.161 Y128.014 E337.0204
G1 F2400 E336.5204
G0 F15000 X135.7 Y128.014
G0 X135.8 Y127.39
G0 X136.684 Y128.103
G0 X137.797 Y126.943
G1 F2400 E337.0204
G1 F6000 X138.581 Y126.16 E337.05725
G0 F15000 X139.147 Y126.16
G1 F6000 X138.455 Y126.851 E337.08978
G0 F15000 X138.986 Y126.886
G1 F6000 X139.712 Y126.16 E337.12393
G0 F15000 X140.278 Y126.16
G1 F6000 X139.434 Y127.004 E337.16362
G0 F15000 X139.809 Y127.194
G1 F6000 X140.844 Y126.16 E337.21228
G0 F15000 X141.409 Y126.16
G1 F6000 X140.161 Y127.409 E337.27101
G0 F15000 X140.441 Y127.694
G1 F6000 X141.975 Y126.16 E337.34316
G0 F15000 X142.541 Y126.16
G1 F6000 X140.694 Y128.006 E337.43002
G0 F15000 X140.906 Y128.36
G1 F6000 X143.106 Y126.16 E337.5335
G0 F15000 X143.672 Y126.16
G1 F6000 X141.052 Y128.78 E337.65674
G0 F15000 X141.148 Y129.25
G1 F6000 X144.238 Y126.16 E337.80208
G0 F15000 X144.803 Y126.16
G1 F6000 X141.139 Y129.824 E337.97442
G0 F15000 X140.919 Y130.61
G1 F6000 X145.369 Y126.16 E338.18374
G0 F15000 X145.935 Y126.16
G1 F6000 X136.16 Y135.934 E338.6435
G0 F15000 X136.16 Y135.369
G1 F6000 X139.634 Y131.895 E338.80691
G0 F15000 X138.815 Y132.148
G1 F6000 X136.16 Y134.803 E338.93179
G0 F15000 X136.16 Y134.237
G1 F6000 X138.249 Y132.148 E339.03005
G0 F15000 X137.78 Y132.051
G1 F6000 X136.16 Y133.671 E339.10625
G0 F15000 X136.16 Y133.106
G1 F6000 X137.36 Y131.906 E339.16269
G0 F15000 X137.007 Y131.694
G1 F6000 X136.16 Y132.54 E339.20251
G0 F15000 X136.16 Y131.974
G1 F6000 X136.695 Y131.44 E339.22765
G0 F15000 X136.408 Y131.161
G1 F6000 X136.16 Y131.409 E339.23932
G0 F15000 X135.7 Y131.409
G0 X135.7 Y136.5
G0 X136.16 Y136.5
G1 F6000 X146.501 Y126.16 E339.7257
G0 F15000 X147.066 Y126.16
G1 F6000 X136.16 Y137.066 E340.23869
G0 F15000 X136.16 Y137.631
G1 F6000 X147.632 Y126.16 E340.77827
G0 F15000 X148.198 Y126.16
G1 F6000 X136.16 Y138.197 E341.34448
G0 F15000 X136.16 Y138.763
G1 F6000 X148.763 Y126.16 E341.93729
G0 F15000 X149.329 Y126.16
G1 F6000 X136.16 Y139.328 E342.55669
G0 F15000 X136.16 Y139.894
G1 F6000 X149.895 Y126.16 E343.20272
G0 F15000 X150.46 Y126.16
G1 F6000 X136.16 Y140.46 E343.87535
G0 F15000 X136.161 Y141.025
G1 F6000 X151.026 Y126.16 E344.57455
G0 F15000 X151.592 Y126.16
G1 F6000 X136.161 Y141.59 E345.30036
G0 F15000 X136.161 Y142.156
G1 F6000 X152.157 Y126.16 E346.05276
G0 F15000 X152.723 Y126.16
G1 F6000 X136.161 Y142.722 E346.83178
G0 F15000 X136.161 Y143.287
G1 F6000 X153.289 Y126.16 E347.63741
G0 F15000 X153.854 Y126.16
G1 F6000 X136.161 Y143.853 E348.46963
G0 F15000 X136.161 Y144.419
G1 F6000 X154.42 Y126.16 E349.32848
G0 F15000 X154.986 Y126.16
G1 F6000 X136.161 Y144.984 E350.21393
G0 F15000 X136.161 Y145.55
G1 F6000 X155.551 Y126.16 E351.12597
G0 F15000 X156.117 Y126.16
G1 F6000 X136.161 Y146.116 E352.06464
G0 F15000 X136.161 Y146.682
G1 F6000 X156.683 Y126.16 E353.02993
G0 F15000 X157.249 Y126.16
G1 F6000 X136.161 Y147.247 E354.02183
G0 F15000 X136.161 Y147.813
G1 F6000 X157.814 Y126.16 E355.04032
G0 F15000 X158.38 Y126.16
G1 F6000 X136.161 Y148.379 E356.08543
G0 F15000 X136.161 Y148.944
G1 F6000 X158.946 Y126.16 E357.15714
G0 F15000 X159.511 Y126.16
G1 F6000 X136.161 Y149.51 E358.25546
G0 F15000 X136.161 Y150.076
G1 F6000 X160.077 Y126.16 E359.38039
G0 F15000 X160.643 Y126.16
G1 F6000 X137.884 Y148.918 E360.45088
G0 F15000 X138.52 Y148.848
G1 F6000 X159.214 Y128.155 E361.42424
G0 F15000 X158.869 Y129.065
G1 F6000 X139.035 Y148.899 E362.35717
G0 F15000 X139.478 Y149.022
G1 F6000 X158.848 Y129.652 E363.26828
G0 F15000 X158.93 Y130.135
G1 F6000 X139.845 Y149.22 E364.16598
G0 F15000 X140.189 Y149.442
G1 F6000 X159.062 Y130.569 E365.0537
G0 F15000 X159.267 Y130.929
G1 F6000 X140.469 Y149.728 E365.93793
G0 F15000 X140.712 Y150.05
G1 F6000 X159.508 Y131.255 E366.82201
G0 F15000 X159.791 Y131.537
G1 F6000 X140.92 Y150.408 E367.70964
G0 F15000 X141.062 Y150.832
G1 F6000 X160.132 Y131.762 E368.60664
G0 F15000 X160.491 Y131.968
G1 F6000 X141.148 Y151.311 E369.51647
G0 F15000 X141.137 Y151.888
G1 F6000 X160.934 Y132.091 E370.44766
G0 F15000 X161.442 Y132.148
G1 F6000 X140.832 Y152.759 E371.41712
G0 F15000 X140.437 Y152.526
G0 X140.312 Y152.897
G0 X140.312 Y154.2
G0 X140.882 Y153.84
G1 F6000 X163.077 Y131.646 E372.46108
G0 F15000 X163.839 Y131.448
G1 F6000 X141.448 Y153.84 E373.51431
G0 F15000 X142.013 Y153.84
G1 F6000 X163.839 Y132.014 E374.54094
G0 F15000 X163.839 Y132.58
G1 F6000 X142.579 Y153.84 E375.54094
G0 F15000 X143.145 Y153.84
G1 F6000 X163.839 Y133.145 E376.51435
G0 F15000 X163.839 Y133.711
G1 F6000 X143.71 Y153.84 E377.46115
G0 F15000 X144.276 Y153.84
G1 F6000 X163.839 Y134.277 E378.38134
G0 F15000 X163.839 Y134.842
G1 F6000 X144.842 Y153.84 E379.27492
G0 F15000 X145.407 Y153.84
G1 F6000 X163.839 Y135.408 E380.14191
G0 F15000 X163.839 Y135.974
G1 F6000 X145.973 Y153.84 E380.98227
G0 F15000 X146.539 Y153.84
G1 F6000 X163.839 Y136.539 E381.79603
G0 F15000 X163.839 Y137.105
G1 F6000 X147.104 Y153.84 E382.58319
G0 F15000 X147.67 Y153.84
G1 F6000 X163.839 Y137.671 E383.34373
G0 F15000 X163.839 Y138.237
G1 F6000 X148.236 Y153.84 E384.07765
G0 F15000 X148.801 Y153.84
G1 F6000 X163.839 Y138.802 E384.78499
G0 F15000 X163.839 Y139.368
G1 F6000 X149.367 Y153.84 E385.46571
G0 F15000 X149.933 Y153.84
G1 F6000 X163.839 Y139.934 E386.11981
G0 F15000 X163.839 Y140.499
G1 F6000 X150.498 Y153.84 E386.74733
G0 F15000 X151.064 Y153.84
G1 F6000 X163.839 Y141.065 E387.34822
G0 F15000 X163.839 Y141.631
G1 F6000 X151.63 Y153.84 E387.9225
G0 F15000 X152.196 Y153.84
G1 F6000 X163.839 Y142.196 E388.47017
G0 F15000 X163.839 Y142.762
G1 F6000 X152.761 Y153.84 E388.99125
G0 F15000 X153.327 Y153.84
G1 F6000 X163.839 Y143.328 E389.4857
G0 F15000 X163.839 Y143.893
G1 F6000 X153.893 Y153.84 E389.95355
G0 F15000 X154.458 Y153.84
G1 F6000 X163.839 Y144.459 E390.39481
G0 F15000 X163.839 Y145.025
G1 F6000 X155.024 Y153.84 E390.80944
G0 F15000 X155.59 Y153.84
G1 F6000 X159.14 Y150.29 E390.97642
G0 F15000 X158.848 Y151.148
G1 F6000 X156.155 Y153.84 E391.10306
G0 F15000 X156.721 Y153.84
G1 F6000 X158.848 Y151.713 E391.20311
G0 F15000 X158.939 Y152.188
G1 F6000 X157.287 Y153.84 E391.28082
G0 F15000 X157.852 Y153.84
G1 F6000 X159.08 Y152.613 E391.33855
G0 F15000 X159.287 Y152.971
G1 F6000 X158.418 Y153.84 E391.37943
G0 F15000 X158.984 Y153.84
G1 F6000 X159.538 Y153.286 E391.40549
G0 F15000 X159.824 Y153.566
G1 F6000 X159.549 Y153.84 E391.4184
G1 F2400 E390.9184
G0 F15000 X159.549 Y154.3
G0 X160.513 Y154.2
G0 X160.62 Y153.616
G0 X160.286 Y149.144
G1 F2400 E391.4184
G1 F6000 X163.839 Y145.59 E391.58555
G0 F15000 X163.839 Y146.156
G1 F6000 X161.148 Y148.848 E391.71215
G0 F15000 X161.713 Y148.848
G1 F6000 X163.839 Y146.722 E391.81215
G0 F15000 X163.839 Y147.288
G1 F6000 X162.188 Y148.939 E391.8898
G0 F15000 X162.613 Y149.079
G1 F6000 X163.839 Y147.853 E391.94747
G0 F15000 X163.839 Y148.419
G1 F6000 X162.973 Y149.286 E391.98823
G0 F15000 X163.289 Y149.535
G1 F6000 X163.839 Y148.985 E392.0141
G0 F15000 X163.839 Y149.55
G1 F6000 X163.569 Y149.821 E392.02682
G1 F2400 E391.52682
G0 F15000 X163.24 Y150.145
G0 X162.375 Y149.383
G0 X161.796 Y131.769
G0 X162.067 Y132.09
G1 F2400 E392.02682
G1 F6000 X140.316 Y153.84 E393.0499
G1 F2400 E392.5499
G0 F15000 X140.316 Y154.3
G0 X163.251 Y154.2
G0 X162.896 Y131.312
G0 X163.647 Y131.075
G1 F2400 E393.0499
G1 F6000 X163.839 Y130.883 E393.05893
G1 F2400 E392.55893
G0 F15000 X164.3 Y130.883
G0 X164.2 Y128.359
G0 X163.616 Y128.62
G0 X163.768 Y128.126
G1 F2400 E393.05893
G1 F6000 X163.84 Y128.054 E393.06232
G0 F15000 X163.538 Y127.79
G1 F6000 X163.84 Y127.488 E393.07652
G0 F15000 X163.84 Y126.922
G1 F6000 X163.257 Y127.505 E393.10394
G0 F15000 X162.932 Y127.264
G1 F6000 X163.84 Y126.356 E393.14665
G0 F15000 X163.471 Y126.16
G1 F6000 X162.574 Y127.057 E393.18885
G0 F15000 X162.139 Y126.926
G1 F6000 X162.905 Y126.16 E393.22488
G0 F15000 X162.34 Y126.16
G1 F6000 X161.65 Y126.85 E393.25733
G0 F15000 X161.058 Y126.875
G1 F6000 X161.774 Y126.16 E393.29099
G0 F15000 X161.208 Y126.16
G1 F6000 X160.199 Y127.17 E393.33847
G1 F2400 E392.83847
;MESH:NONMESH
G0 F300 X160.199 Y127.17 Z1
G0 F15000 X160.394 Y127.584
G0 X159.694 Y128.752
G0 X159.561 Y129.245
G0 X159.679 Y130.891
G0 X146 Y166.728
;TIME_ELAPSED:483.603803
;LAYER:4
;note -- min layer time used
;TYPE:SUPPORT
G1 F2400 E393.33847
G1 F5207.7 X146.122 Y167.005 E393.34854
G1 X146.321 Y167.323 E393.36101
G1 X146.606 Y167.673 E393.37603
G1 X146.831 Y167.89 E393.38642
G1 X146.994 Y167.989 E393.39277
G1 X147.48 Y168.46 E393.41528
G1 X147.736 Y169.019 E393.43573
G1 X147.799 Y169.29 E393.44498
G1 X147.796 Y170.796 E393.49507
G1 X147.551 Y171.438 E393.51792
G1 X147.181 Y171.865 E393.53672
G1 X146.828 Y172.123 E393.55126
G1 X146.493 Y172.456 E393.56697
G1 X146.273 Y172.745 E393.57905
G1 X146.058 Y173.126 E393.5936
G1 X146 Y173.296 E393.59957
G1 X146 Y166.728 E393.81803
G1 X145.97 Y166.659 E393.82053
G1 X145.884 Y166.354 E393.83107
G1 X145.83 Y166.018 E393.84239
G1 X145.803 Y165.62 E393.85566
G1 X145.8 Y156.2 E394.16897
G1 X145.6 Y156.2 E394.17562
G1 X145.6 Y156 E394.18227
G1 X144 Y156 E394.23549
G1 X144 Y175.8 E394.89404
G1 X142.2 Y175.8 E394.95391
G1 X142.2 Y174.4 E395.00047
G1 X142.172 Y173.994 E395.01401
G1 X142.123 Y173.682 E395.02451
G1 X142.024 Y173.345 E395.03619
G1 X141.871 Y172.995 E395.0489
G1 X141.634 Y172.634 E395.06326
G1 X141.352 Y172.316 E395.0774
G1 X141.001 Y172.007 E395.09295
G1 X140.524 Y171.546 E395.11501
G1 X140.258 Y170.97 E395.13612
G1 X140.201 Y170.713 E395.14487
G1 X140.204 Y169.203 E395.19509
G1 X140.46 Y168.533 E395.21895
G1 X140.796 Y168.157 E395.23572
G1 X141.218 Y167.844 E395.2532
G1 X141.616 Y167.423 E395.27247
G1 X141.871 Y167.038 E395.28783
G1 X142 Y166.738 E395.29869
G1 X142 Y173.29 E395.51661
G1 F2400 E395.01661
G0 F15000 X141.208 Y173.636
G0 X141.347 Y176.653
G0 X158.653 Y176.653
G0 X160.66 Y170.956
G0 X160.663 Y169.192
G0 X160.557 Y168.739
G0 X160.233 Y168.031
G0 X158.788 Y166.371
G0 X158 Y166.728
G1 F2400 E395.51661
G1 F5207.7 X158.122 Y167.005 E395.52667
G1 X158.321 Y167.323 E395.53915
G1 X158.606 Y167.673 E395.55416
G1 X158.831 Y167.89 E395.56456
G1 X158.994 Y167.989 E395.5709
G1 X159.48 Y168.46 E395.59341
G1 X159.736 Y169.019 E395.61386
G1 X159.799 Y169.29 E395.62312
G1 X159.796 Y170.796 E395.67321
G1 X159.551 Y171.438 E395.69606
G1 X159.181 Y171.865 E395.71485
G1 X158.828 Y172.123 E395.7294
G1 X158.493 Y172.456 E395.74511
G1 X158.273 Y172.745 E395.75719
G1 X158.058 Y173.126 E395.77174
G1 X158 Y173.296 E395.77771
G1 X158 Y166.728 E395.99616
G1 X157.97 Y166.659 E395.99867
G1 X157.884 Y166.354 E396.00921
G1 X157.83 Y166.018 E396.02053
G1 X157.803 Y165.62 E396.03379
G1 X157.8 Y156.2 E396.3471
G1 X157.6 Y156.2 E396.35376
G1 X157.6 Y156 E396.36041
G1 X156 Y156 E396.41362
G1 X156 Y175.8 E397.07217
G1 X154.2 Y175.8 E397.13204
G1 X154.2 Y174.4 E397.17861
G1 X154.172 Y173.994 E397.19214
G1 X154.123 Y173.682 E397.20265
G1 X154.024 Y173.345 E397.21433
G1 X153.871 Y172.995 E397.22703
G1 X153.634 Y172.634 E397.2414
G1 X153.352 Y172.316 E397.25553
G1 X153.001 Y172.007 E397.27109
G1 X152.524 Y171.546 E397.29315
G1 X152.258 Y170.97 E397.31425
G1 X152.201 Y170.713 E397.32301
G1 X152.204 Y169.203 E397.37323
G1 X152.46 Y168.533 E397.39709
G1 X152.796 Y168.157 E397.41386
G1 X153.218 Y167.844 E397.43133
G1 X153.616 Y167.423 E397.4506
G1 X153.871 Y167.038 E397.46596
G1 X154 Y166.738 E397.47682
G1 X154 Y173.29 E397.69474
G1 F2400 E397.19474
;MESH:Limiter bracket.stl
G0 F15000 X153.106 Y173.404
G0 X151.807 Y172.054
G0 X151.435 Y171.251
G0 X151.337 Y170.804
G0 X151.34 Y169.219
G0 X153.347 Y155.653
G0 X154 Y154.57
G0 X150 Y154.09
G0 X150 Y154.4
;TYPE:WALL-INNER
G1 F2400 E397.69474
G1 F5207.7 X164.4 Y154.4 E398.17369
G1 X164.4 Y125.6 E399.13158
G1 X135.6 Y125.6 E400.08947
G1 X135.6 Y154.4 E401.04737
G1 X150 Y154.4 E401.52631
G0 F15000 X150 Y154.09
G0 X161.143 Y153.888
G0 X161.223 Y153.588
G1 F5207.7 X160.691 Y153.448 E401.54461
G1 X160.213 Y153.166 E401.56307
G1 X159.83 Y152.789 E401.58094
G1 X159.552 Y152.306 E401.59948
G1 X159.408 Y151.771 E401.61791
G1 X159.408 Y151.218 E401.6363
G1 X159.561 Y150.686 E401.65471
G1 X159.836 Y150.206 E401.67311
G1 X160.215 Y149.829 E401.69089
G1 X160.686 Y149.561 E401.70891
G1 X161.218 Y149.408 E401.72732
G1 X161.775 Y149.408 E401.74585
G1 X162.306 Y149.552 E401.76415
G1 X162.788 Y149.83 E401.78266
G1 X163.166 Y150.212 E401.80053
G1 X163.445 Y150.686 E401.81882
G1 X163.588 Y151.222 E401.83727
G1 X163.588 Y151.765 E401.85534
G1 X163.447 Y152.311 E401.87409
G1 X163.165 Y152.789 E401.89255
G1 X162.789 Y153.165 E401.91024
G1 X162.309 Y153.448 E401.92877
G1 X161.765 Y153.588 E401.94745
G1 X161.223 Y153.588 E401.96548
G0 F15000 X161.143 Y153.888
G0 X160.597 Y153.679
G0 X160.064 Y153.371
G0 X159.629 Y152.936
G0 X159.321 Y152.403
G0 X159.161 Y151.808
G0 X159.161 Y151.459
G0 X161.139 Y131.887
G0 X161.219 Y131.588
G1 F5207.7 X160.685 Y131.439 E401.98392
G1 X160.221 Y131.173 E402.00171
G1 X159.829 Y130.785 E402.02005
G1 X159.55 Y130.289 E402.03898
G1 X159.414 Y129.778 E402.05657
G1 X159.407 Y129.226 E402.07493
G1 X159.553 Y128.691 E402.09337
G1 X159.827 Y128.217 E402.11158
G1 X160.225 Y127.814 E402.13042
G1 X160.423 Y127.681 E402.13835
G1 X160.879 Y127.493 E402.15476
G1 X161.238 Y127.408 E402.16703
G1 X161.775 Y127.408 E402.18489
G1 X162.306 Y127.552 E402.20319
G1 X162.788 Y127.83 E402.2217
G1 X163.166 Y128.212 E402.23957
G1 X163.445 Y128.686 E402.25786
G1 X163.588 Y129.222 E402.27632
G1 X163.588 Y129.765 E402.29438
G1 X163.447 Y130.311 E402.31313
G1 X163.165 Y130.789 E402.33159
G1 X162.787 Y131.167 E402.34937
G1 X162.31 Y131.448 E402.36778
G1 X161.771 Y131.588 E402.38631
G1 X161.219 Y131.588 E402.40467
G0 F15000 X161.139 Y131.887
G0 X138.854 Y131.889
G0 X138.775 Y131.588
G1 F5207.7 X138.223 Y131.588 E402.42303
G1 X137.69 Y131.448 E402.44135
G1 X137.215 Y131.169 E402.45968
G1 X136.83 Y130.788 E402.47769
G1 X136.551 Y130.305 E402.49624
G1 X136.408 Y129.766 E402.51479
G1 X136.408 Y129.222 E402.53288
G1 X136.553 Y128.691 E402.55119
G1 X136.829 Y128.213 E402.56955
G1 X137.213 Y127.829 E402.58761
G1 X137.693 Y127.552 E402.60605
G1 X138.234 Y127.408 E402.62467
G1 X138.775 Y127.408 E402.64266
G1 X139.306 Y127.552 E402.66096
G1 X139.788 Y127.83 E402.67947
G1 X140.169 Y128.215 E402.69748
G1 X140.448 Y128.69 E402.7158
G1 X140.589 Y129.226 E402.73424
G1 X140.583 Y129.774 E402.75246
G1 X140.441 Y130.321 E402.77126
G1 X140.162 Y130.792 E402.78947
G1 X139.779 Y131.173 E402.80744
G1 X139.314 Y131.439 E402.82525
G1 X138.775 Y131.588 E402.84385
G0 F15000 X138.854 Y131.889
G0 X140.839 Y151.192
G0 X140.839 Y151.808
G0 X140.679 Y152.403
G0 X140.371 Y152.936
G0 X139.936 Y153.371
G0 X139.634 Y153.545
G0 X138.765 Y153.9
G0 X138.765 Y153.588
G1 F5207.7 X138.223 Y153.588 E402.86188
G1 X137.691 Y153.448 E402.88018
G1 X137.213 Y153.166 E402.89864
G1 X136.83 Y152.789 E402.91651
G1 X136.551 Y152.305 E402.93509
G1 X136.408 Y151.766 E402.95364
G1 X136.408 Y151.222 E402.97173
G1 X136.553 Y150.691 E402.99004
G1 X136.829 Y150.213 E403.0084
G1 X137.213 Y149.829 E403.02646
G1 X137.691 Y149.553 E403.04482
G1 X138.222 Y149.408 E403.06313
G1 X138.779 Y149.408 E403.08165
G1 X139.314 Y149.56 E403.10015
G1 X139.786 Y149.83 E403.11824
G1 X140.176 Y150.226 E403.13672
G1 X140.439 Y150.685 E403.15432
G1 X140.588 Y151.219 E403.17276
G1 X140.588 Y151.771 E403.19112
G1 X140.448 Y152.31 E403.20964
G1 X140.167 Y152.787 E403.22805
G1 X139.789 Y153.165 E403.24583
G1 X139.309 Y153.448 E403.26437
G1 X138.765 Y153.588 E403.28305
G0 F15000 X138.727 Y153.186
;TYPE:WALL-OUTER
G1 F5207.7 X138.253 Y153.182 E403.29881
G1 X137.844 Y153.074 E403.31288
G1 X137.443 Y152.831 E403.32848
G1 X137.147 Y152.539 E403.34231
G1 X136.918 Y152.129 E403.35793
G1 X136.81 Y151.727 E403.37177
G1 X136.808 Y151.276 E403.38677
G1 X136.938 Y150.824 E403.40242
G1 X137.166 Y150.442 E403.41721
G1 X137.442 Y150.166 E403.43019
G1 X137.824 Y149.938 E403.44499
G1 X138.277 Y149.808 E403.46067
G1 X138.745 Y149.814 E403.47623
G1 X139.129 Y149.918 E403.48947
G1 X139.529 Y150.142 E403.50471
G1 X139.842 Y150.455 E403.51944
G1 X140.072 Y150.844 E403.53447
G1 X140.182 Y151.253 E403.54855
G1 X140.188 Y151.719 E403.56405
G1 X140.075 Y152.156 E403.57907
G1 X139.83 Y152.558 E403.59472
G1 X139.518 Y152.861 E403.60919
G1 X139.154 Y153.075 E403.62323
G1 X138.727 Y153.186 E403.63791
G1 F2400 E403.13791
G0 F15000 X138.91 Y153.874
G0 X150 Y154.09
G0 X150 Y154.8
G1 F2400 E403.63791
G1 F5207.7 X164.8 Y154.8 E404.13016
G1 X164.8 Y125.2 E405.11466
G1 X135.2 Y125.2 E406.09916
G1 X135.2 Y154.8 E407.08366
G1 X150 Y154.8 E407.57591
G1 F2400 E407.07591
G0 F15000 X150 Y154.09
G0 X161.91 Y153.874
G0 X161.727 Y153.186
G1 F2400 E407.57591
G1 F5207.7 X161.253 Y153.182 E407.59167
G1 X160.844 Y153.074 E407.60574
G1 X160.443 Y152.831 E407.62134
G1 X160.147 Y152.539 E407.63517
G1 X159.918 Y152.129 E407.65079
G1 X159.808 Y151.719 E407.66491
G1 X159.808 Y151.276 E407.67964
G1 X159.928 Y150.844 E407.69455
G1 X160.144 Y150.468 E407.70898
G1 X160.46 Y150.15 E407.72389
G1 X160.844 Y149.928 E407.73864
G1 X161.278 Y149.808 E407.75362
G1 X161.745 Y149.814 E407.76915
G1 X162.129 Y149.918 E407.78238
G1 X162.54 Y150.148 E407.79805
G1 X162.861 Y150.482 E407.81345
G1 X163.075 Y150.845 E407.82747
G1 X163.182 Y151.253 E407.8415
G1 X163.186 Y151.727 E407.85726
G1 X163.075 Y152.156 E407.872
G1 X162.83 Y152.558 E407.88766
G1 X162.518 Y152.861 E407.90213
G1 X162.154 Y153.075 E407.91617
G1 X161.727 Y153.186 E407.93084
G1 F2400 E407.43084
G0 F15000 X161.91 Y153.874
G0 X162.403 Y153.679
G0 X162.936 Y153.371
G0 X163.371 Y152.936
G0 X163.679 Y152.403
G0 X163.839 Y151.808
G0 X163.839 Y151.459
G0 X161.093 Y131.874
G0 X161.277 Y131.188
G1 F2400 E407.93084
G1 F5207.7 X160.845 Y131.075 E407.9457
G1 X160.47 Y130.853 E407.96019
G1 X160.148 Y130.538 E407.97517
G1 X159.931 Y130.163 E407.98958
G1 X159.814 Y129.745 E408.00402
G1 X159.808 Y129.277 E408.01959
G1 X159.938 Y128.824 E408.03526
G1 X160.165 Y128.443 E408.05001
G1 X160.538 Y128.066 E408.06765
G1 X161.067 Y127.852 E408.08663
G1 X161.269 Y127.811 E408.09349
G1 X161.745 Y127.814 E408.10932
G1 X162.129 Y127.918 E408.12255
G1 X162.54 Y128.148 E408.13822
G1 X162.861 Y128.482 E408.15362
G1 X163.075 Y128.845 E408.16764
G1 X163.182 Y129.253 E408.18167
G1 X163.186 Y129.727 E408.19743
G1 X163.075 Y130.156 E408.21217
G1 X162.83 Y130.558 E408.22783
G1 X162.518 Y130.861 E408.2423
G1 X162.154 Y131.075 E408.25634
G1 X161.743 Y131.182 E408.27046
G1 X161.277 Y131.188 E408.28597
G1 F2400 E407.78597
G0 F15000 X161.093 Y131.874
G0 X138.093 Y131.874
G0 X138.277 Y131.188
G1 F2400 E408.28597
G1 F5207.7 X137.844 Y131.074 E408.30086
G1 X137.443 Y130.831 E408.31645
G1 X137.147 Y130.539 E408.33028
G1 X136.918 Y130.129 E408.3459
G1 X136.81 Y129.727 E408.35975
G1 X136.808 Y129.276 E408.37475
G1 X136.938 Y128.824 E408.39039
G1 X137.166 Y128.442 E408.40519
G1 X137.442 Y128.166 E408.41817
G1 X137.824 Y127.938 E408.43296
G1 X138.269 Y127.811 E408.44836
G1 X138.745 Y127.814 E408.46419
G1 X139.129 Y127.918 E408.47742
G1 X139.54 Y128.148 E408.49309
G1 X139.861 Y128.482 E408.50849
G1 X140.075 Y128.845 E408.52251
G1 X140.182 Y129.253 E408.53654
G1 X140.187 Y129.72 E408.55207
G1 X140.076 Y130.147 E408.56674
G1 X139.848 Y130.538 E408.5818
G1 X139.549 Y130.838 E408.59589
G1 X139.156 Y131.072 E408.6111
G1 X138.743 Y131.182 E408.62531
G1 X138.277 Y131.188 E408.64082
G0 F15000 X137.655 Y131.52
;TYPE:FILL
G1 F5207.7 X135.68 Y138.889 E408.89456
G0 F15000 X135.68 Y138.004
G1 F5207.7 X160.419 Y131.375 E409.74641
G0 F15000 X160.301 Y131.578
G0 X161.192 Y131.839
G0 X161.691 Y131.839
G0 X162.646 Y131.609
G0 X162.531 Y131.41
G1 F5207.7 X156.392 Y154.321 E410.53531
G0 F15000 X156.392 Y154.09
G0 X155.32 Y154.09
G0 X155.32 Y154.32
G1 F5207.7 X135.68 Y134.68 E411.45912
G0 F15000 X135.91 Y134.68
G0 X135.91 Y129.721
G0 X135.681 Y129.721
G1 F5207.7 X136.328 Y129.548 E411.48139
G0 F15000 X136.1 Y129.548
G0 X136.321 Y128.597
G0 X136.629 Y128.064
G0 X137.064 Y127.629
G0 X137.597 Y127.321
G0 X137.934 Y127.23
G0 X138.778 Y127.1
G0 X138.778 Y127.329
G1 F5207.7 X139.22 Y125.679 E411.53821
G0 F15000 X139.22 Y125.91
G0 X137.993 Y125.91
G0 X137.993 Y125.68
G1 F5207.7 X161.641 Y149.328 E412.65054
G0 F15000 X161.641 Y149.1
G0 X162.403 Y149.321
G0 X162.936 Y149.629
G0 X163.371 Y150.064
G0 X163.62 Y150.496
G0 X163.9 Y151.354
G0 X163.668 Y151.354
G1 F5207.7 X164.32 Y152.007 E412.68123
G0 F15000 X164.09 Y152.007
G0 X164.09 Y146.894
G0 X164.32 Y146.894
G1 F5207.7 X136.607 Y154.32 E413.63549
G0 F15000 X136.607 Y154.09
G0 X139.827 Y154.09
G0 X139.827 Y154.32
G1 F5207.7 X140.223 Y152.842 E413.68638
G0 F15000 X140.386 Y153.006
G0 X140.679 Y152.403
G0 X140.77 Y152.066
G0 X140.888 Y151.139
G0 X140.664 Y151.198
G1 F5207.7 X147.502 Y125.68 E414.56505
G0 F15000 X147.502 Y125.91
G0 X149.307 Y125.91
G0 X149.307 Y125.68
G1 F5207.7 X164.32 Y140.693 E415.27122
G0 F15000 X164.09 Y140.693
G0 X164.09 Y138.612
G0 X164.319 Y138.612
G1 F5207.7 X135.681 Y146.286 E416.25733
G0 F15000 X135.68 Y145.994
G1 F5207.7 X139.099 Y149.413 E416.41815
G0 F15000 X139.158 Y149.193
G0 X139.936 Y149.629
G0 X140.289 Y149.982
G0 X140.807 Y150.841
G0 X140.585 Y150.899
G1 F5207.7 X144.006 Y154.32 E416.57906
G0 F15000 X144.006 Y154.09
G0 X148.11 Y154.09
G0 X148.11 Y154.321
G1 F5207.7 X155.784 Y125.679 E417.5653
G0 F15000 X155.784 Y125.91
G0 X160.621 Y125.91
G0 X160.621 Y125.68
G1 F5207.7 X162.526 Y127.585 E417.6549
G0 F15000 X162.641 Y127.388
G0 X163.547 Y128.247
G0 X163.348 Y128.361
G1 F5207.7 X164.066 Y125.679 E417.74725
G0 F15000 X164.066 Y125.91
G0 X163.611 Y128.357
G0 X163.412 Y128.471
G1 F5207.7 X164.32 Y129.379 E417.78996
G0 F15000 X164.32 Y130.33
G1 F5207.7 X163.381 Y130.581 E417.82229
G0 F15000 X163.579 Y130.697
G0 X162.936 Y131.371
G0 X162.403 Y131.679
G0 X161.808 Y131.839
G0 X161.192 Y131.839
G0 X160.71 Y131.709
G0 X150.764 Y125.91
G0 X150.764 Y125.68
G1 F5207.7 X140.402 Y128.456 E418.17908
G0 F15000 X140.862 Y128.191
G1 F2400 E417.67908
;MESH:NONMESH
G0 F300 X140.862 Y128.191 Z1.2
G0 F15000 X146 Y154.57
G0 X146.653 Y155.653
G0 X146.788 Y166.371
G0 X146 Y166.742
;TIME_ELAPSED:510.662825
;LAYER:5
;note -- min layer time used
;TYPE:SUPPORT
G1 F2400 E418.17908
G1 F5204.6 X146.034 Y166.838 E418.18247
G1 X146.216 Y167.184 E418.19547
G1 X146.466 Y167.521 E418.20943
G1 X146.813 Y167.879 E418.22601
G1 X146.994 Y167.988 E418.23304
G1 X147.48 Y168.46 E418.25557
G1 X147.736 Y169.019 E418.27602
G1 X147.799 Y169.29 E418.28527
G1 X147.796 Y170.796 E418.33536
G1 X147.551 Y171.438 E418.35822
G1 X147.183 Y171.862 E418.37689
G1 X146.727 Y172.196 E418.39569
G1 X146.395 Y172.563 E418.41215
G1 X146.13 Y172.956 E418.42792
G1 X146 Y173.265 E418.43907
G1 X146 Y166.742 E418.65602
G1 X145.917 Y166.505 E418.66437
G1 X145.843 Y166.166 E418.67592
G1 X145.803 Y165.696 E418.6916
G1 X145.8 Y156.2 E419.00744
G1 X145.6 Y156.2 E419.01409
G1 X145.6 Y156 E419.02075
G1 X144 Y156 E419.07396
G1 X144 Y175.8 E419.73251
G1 X142.2 Y175.8 E419.79238
G1 X142.2 Y174.33 E419.84127
G1 X142.163 Y173.896 E419.85576
G1 X142.099 Y173.561 E419.8671
G1 X141.968 Y173.182 E419.88044
G1 X141.767 Y172.797 E419.89489
G1 X141.453 Y172.412 E419.91141
G1 X141.174 Y172.147 E419.92421
G1 X141.022 Y172.026 E419.93067
G1 X140.524 Y171.546 E419.95368
G1 X140.258 Y170.97 E419.97478
G1 X140.201 Y170.713 E419.98353
G1 X140.204 Y169.203 E420.03376
G1 X140.46 Y168.533 E420.05761
G1 X140.794 Y168.158 E420.07432
G1 X141.071 Y167.959 E420.08566
G1 X141.436 Y167.643 E420.10172
G1 X141.745 Y167.264 E420.11798
G1 X142 Y166.778 E420.13624
G1 X142 Y173.274 E420.35229
G1 F2400 E419.85229
G0 F15000 X141.184 Y173.558
G0 X141.347 Y176.653
G0 X158.653 Y176.653
G0 X160.66 Y170.956
G0 X160.663 Y169.192
G0 X160.557 Y168.739
G0 X160.233 Y168.031
G0 X158.816 Y166.455
G0 X158 Y166.742
G1 F2400 E420.35229
G1 F5204.6 X158.034 Y166.838 E420.35568
G1 X158.216 Y167.184 E420.36868
G1 X158.466 Y167.521 E420.38264
G1 X158.813 Y167.879 E420.39922
G1 X158.994 Y167.988 E420.40625
G1 X159.48 Y168.46 E420.42878
G1 X159.736 Y169.019 E420.44923
G1 X159.799 Y169.29 E420.45849
G1 X159.796 Y170.796 E420.50858
G1 X159.551 Y171.438 E420.53143
G1 X159.183 Y171.862 E420.5501
G1 X158.727 Y172.196 E420.5689
G1 X158.395 Y172.563 E420.58536
G1 X158.13 Y172.956 E420.60113
G1 X158 Y173.265 E420.61228
G1 X158 Y166.742 E420.82923
G1 X157.917 Y166.505 E420.83759
G1 X157.843 Y166.166 E420.84913
G1 X157.803 Y165.696 E420.86482
G1 X157.8 Y156.2 E421.18065
G1 X157.6 Y156.2 E421.18731
G1 X157.6 Y156 E421.19396
G1 X156 Y156 E421.24717
G1 X156 Y175.8 E421.90573
G1 X154.2 Y175.8 E421.96559
G1 X154.2 Y174.33 E422.01449
G1 X154.163 Y173.896 E422.02897
G1 X154.099 Y173.561 E422.04032
G1 X153.968 Y173.182 E422.05365
G1 X153.767 Y172.797 E422.0681
G1 X153.453 Y172.412 E422.08462
G1 X153.174 Y172.147 E422.09742
G1 X153.022 Y172.026 E422.10388
G1 X152.524 Y171.546 E422.12689
G1 X152.258 Y170.97 E422.14799
G1 X152.201 Y170.713 E422.15675
G1 X152.204 Y169.203 E422.20697
G1 X152.46 Y168.533 E422.23082
G1 X152.794 Y168.158 E422.24753
G1 X153.071 Y167.959 E422.25887
G1 X153.436 Y167.643 E422.27493
G1 X153.745 Y167.264 E422.29119
G1 X154 Y166.778 E422.30945
G1 X154 Y173.274 E422.52551
G1 F2400 E422.02551
;MESH:Limiter bracket.stl
G0 F15000 X153.173 Y173.527
G0 X151.807 Y172.055
G0 X151.435 Y171.251
G0 X151.337 Y170.804
G0 X151.34 Y169.219
G0 X153.347 Y155.653
G0 X154 Y154.57
G0 X150 Y154.09
G0 X150 Y154.4
;TYPE:WALL-INNER
G1 F2400 E422.52551
G1 F5204.6 X164.4 Y154.4 E423.00445
G1 X164.4 Y125.6 E423.96234
G1 X135.6 Y125.6 E424.92023
G1 X135.6 Y154.4 E425.87813
G1 X150 Y154.4 E426.35707
G0 F15000 X150 Y154.09
G0 X161.143 Y153.888
G0 X161.223 Y153.588
G1 F5204.6 X160.691 Y153.448 E426.37537
G1 X160.213 Y153.166 E426.39383
G1 X159.83 Y152.789 E426.4117
G1 X159.552 Y152.306 E426.43024
G1 X159.408 Y151.771 E426.44867
G1 X159.408 Y151.218 E426.46706
G1 X159.561 Y150.686 E426.48547
G1 X159.836 Y150.206 E426.50387
G1 X160.215 Y149.829 E426.52165
G1 X160.686 Y149.561 E426.53967
G1 X161.218 Y149.408 E426.55809
G1 X161.775 Y149.408 E426.57661
G1 X162.306 Y149.552 E426.59491
G1 X162.788 Y149.83 E426.61342
G1 X163.166 Y150.212 E426.63129
G1 X163.445 Y150.686 E426.64958
G1 X163.588 Y151.222 E426.66804
G1 X163.588 Y151.765 E426.6861
G1 X163.447 Y152.311 E426.70485
G1 X163.165 Y152.789 E426.72331
G1 X162.789 Y153.165 E426.741
G1 X162.309 Y153.448 E426.75953
G1 X161.765 Y153.588 E426.77821
G1 X161.223 Y153.588 E426.79624
G0 F15000 X161.143 Y153.888
G0 X160.597 Y153.679
G0 X160.064 Y153.371
G0 X159.629 Y152.936
G0 X159.321 Y152.403
G0 X159.161 Y151.808
G0 X159.161 Y151.459
G0 X161.139 Y131.887
G0 X161.219 Y131.588
G1 F5204.6 X160.685 Y131.439 E426.81468
G1 X160.221 Y131.173 E426.83247
G1 X159.829 Y130.785 E426.85081
G1 X159.55 Y130.289 E426.86974
G1 X159.414 Y129.778 E426.88733
G1 X159.407 Y129.226 E426.90569
G1 X159.553 Y128.691 E426.92413
G1 X159.827 Y128.217 E426.94234
G1 X160.225 Y127.814 E426.96118
G1 X160.423 Y127.681 E426.96912
G1 X160.879 Y127.493 E426.98552
G1 X161.238 Y127.408 E426.99779
G1 X161.775 Y127.408 E427.01565
G1 X162.306 Y127.552 E427.03395
G1 X162.788 Y127.83 E427.05246
G1 X163.166 Y128.212 E427.07033
G1 X163.445 Y128.686 E427.08863
G1 X163.588 Y129.222 E427.10708
G1 X163.588 Y129.765 E427.12514
G1 X163.447 Y130.311 E427.14389
G1 X163.165 Y130.789 E427.16235
G1 X162.787 Y131.167 E427.18013
G1 X162.31 Y131.448 E427.19854
G1 X161.771 Y131.588 E427.21707
G1 X161.219 Y131.588 E427.23543
G0 F15000 X161.139 Y131.887
G0 X138.854 Y131.889
G0 X138.775 Y131.588
G1 F5204.6 X138.223 Y131.588 E427.25379
G1 X137.69 Y131.448 E427.27211
G1 X137.215 Y131.169 E427.29044
G1 X136.83 Y130.788 E427.30845
G1 X136.551 Y130.305 E427.327
G1 X136.408 Y129.766 E427.34555
G1 X136.408 Y129.222 E427.36365
G1 X136.553 Y128.691 E427.38195
G1 X136.829 Y128.213 E427.40031
G1 X137.213 Y127.829 E427.41837
G1 X137.693 Y127.552 E427.43681
G1 X138.234 Y127.408 E427.45543
G1 X138.775 Y127.408 E427.47342
G1 X139.306 Y127.552 E427.49172
G1 X139.788 Y127.83 E427.51023
G1 X140.169 Y128.215 E427.52824
G1 X140.448 Y128.69 E427.54656
G1 X140.589 Y129.226 E427.565
G1 X140.583 Y129.774 E427.58323
G1 X140.441 Y130.321 E427.60202
G1 X140.162 Y130.792 E427.62023
G1 X139.779 Y131.173 E427.6382
G1 X139.314 Y131.439 E427.65602
G1 X138.775 Y131.588 E427.67461
G0 F15000 X138.854 Y131.889
G0 X140.839 Y151.192
G0 X140.839 Y151.808
G0 X140.679 Y152.403
G0 X140.371 Y152.936
G0 X139.936 Y153.371
G0 X139.634 Y153.545
G0 X138.765 Y153.9
G0 X138.765 Y153.588
G1 F5204.6 X138.223 Y153.588 E427.69264
G1 X137.691 Y153.448 E427.71094
G1 X137.213 Y153.166 E427.7294
G1 X136.83 Y152.789 E427.74727
G1 X136.551 Y152.305 E427.76585
G1 X136.408 Y151.766 E427.7844
G1 X136.408 Y151.222 E427.80249
G1 X136.553 Y150.691 E427.8208
G1 X136.829 Y150.213 E427.83916
G1 X137.213 Y149.829 E427.85722
G1 X137.691 Y149.553 E427.87558
G1 X138.222 Y149.408 E427.89389
G1 X138.779 Y149.408 E427.91241
G1 X139.314 Y149.56 E427.93091
G1 X139.786 Y149.83 E427.949
G1 X140.176 Y150.226 E427.96748
G1 X140.439 Y150.685 E427.98508
G1 X140.588 Y151.219 E428.00352
G1 X140.588 Y151.771 E428.02188
G1 X140.448 Y152.31 E428.0404
G1 X140.167 Y152.787 E428.05881
G1 X139.789 Y153.165 E428.07659
G1 X139.309 Y153.448 E428.09513
G1 X138.765 Y153.588 E428.11381
G0 F15000 X138.727 Y153.186
;TYPE:WALL-OUTER
G1 F5204.6 X138.253 Y153.182 E428.12958
G1 X137.844 Y153.074 E428.14365
G1 X137.443 Y152.831 E428.15924
G1 X137.147 Y152.539 E428.17307
G1 X136.918 Y152.129 E428.18869
G1 X136.81 Y151.727 E428.20253
G1 X136.808 Y151.276 E428.21753
G1 X136.938 Y150.824 E428.23318
G1 X137.166 Y150.442 E428.24797
G1 X137.442 Y150.166 E428.26096
G1 X137.824 Y149.938 E428.27575
G1 X138.277 Y149.808 E428.29143
G1 X138.745 Y149.814 E428.30699
G1 X139.129 Y149.918 E428.32023
G1 X139.529 Y150.142 E428.33547
G1 X139.842 Y150.455 E428.3502
G1 X140.072 Y150.844 E428.36523
G1 X140.182 Y151.253 E428.37931
G1 X140.188 Y151.719 E428.39481
G1 X140.075 Y152.156 E428.40983
G1 X139.83 Y152.558 E428.42549
G1 X139.518 Y152.861 E428.43995
G1 X139.154 Y153.075 E428.45399
G1 X138.727 Y153.186 E428.46867
G1 F2400 E427.96867
G0 F15000 X138.91 Y153.874
G0 X150 Y154.09
G0 X150 Y154.8
G1 F2400 E428.46867
G1 F5204.6 X164.8 Y154.8 E428.96092
G1 X164.8 Y125.2 E429.94542
G1 X135.2 Y125.2 E430.92992
G1 X135.2 Y154.8 E431.91442
G1 X150 Y154.8 E432.40667
G1 F2400 E431.90667
G0 F15000 X150 Y154.09
G0 X161.91 Y153.874
G0 X161.727 Y153.186
G1 F2400 E432.40667
G1 F5204.6 X161.253 Y153.182 E432.42243
G1 X160.844 Y153.074 E432.4365
G1 X160.443 Y152.831 E432.4521
G1 X160.147 Y152.539 E432.46593
G1 X159.918 Y152.129 E432.48155
G1 X159.808 Y151.719 E432.49567
G1 X159.808 Y151.276 E432.5104
G1 X159.928 Y150.844 E432.52531
G1 X160.144 Y150.468 E432.53974
G1 X160.46 Y150.15 E432.55465
G1 X160.844 Y149.928 E432.5694
G1 X161.278 Y149.808 E432.58438
G1 X161.745 Y149.814 E432.59991
G1 X162.129 Y149.918 E432.61314
G1 X162.54 Y150.148 E432.62881
G1 X162.861 Y150.482 E432.64421
G1 X163.075 Y150.845 E432.65823
G1 X163.182 Y151.253 E432.67226
G1 X163.186 Y151.727 E432.68802
G1 X163.075 Y152.156 E432.70276
G1 X162.83 Y152.558 E432.71842
G1 X162.518 Y152.861 E432.73289
G1 X162.154 Y153.075 E432.74693
G1 X161.727 Y153.186 E432.7616
G1 F2400 E432.2616
G0 F15000 X161.91 Y153.874
G0 X162.403 Y153.679
G0 X162.936 Y153.371
G0 X163.371 Y152.936
G0 X163.679 Y152.403
G0 X163.839 Y151.808
G0 X163.839 Y151.459
G0 X161.093 Y131.874
G0 X161.277 Y131.188
G1 F2400 E432.7616
G1 F5204.6 X160.845 Y131.075 E432.77646
G1 X160.47 Y130.853 E432.79095
G1 X160.148 Y130.538 E432.80593
G1 X159.931 Y130.163 E432.82034
G1 X159.814 Y129.745 E432.83478
G1 X159.808 Y129.277 E432.85035
G1 X159.938 Y128.824 E432.86602
G1 X160.165 Y128.443 E432.88077
G1 X160.538 Y128.066 E432.89841
G1 X161.067 Y127.852 E432.91739
G1 X161.269 Y127.811 E432.92425
G1 X161.745 Y127.814 E432.94008
G1 X162.129 Y127.918 E432.95331
G1 X162.54 Y128.148 E432.96898
G1 X162.861 Y128.482 E432.98438
G1 X163.075 Y128.845 E432.9984
G1 X163.182 Y129.253 E433.01243
G1 X163.186 Y129.727 E433.02819
G1 X163.075 Y130.156 E433.04293
G1 X162.83 Y130.558 E433.05859
G1 X162.518 Y130.861 E433.07306
G1 X162.154 Y131.075 E433.0871
G1 X161.743 Y131.182 E433.10123
G1 X161.277 Y131.188 E433.11673
G1 F2400 E432.61673
G0 F15000 X161.093 Y131.874
G0 X138.093 Y131.874
G0 X138.277 Y131.188
G1 F2400 E433.11673
G1 F5204.6 X137.844 Y131.074 E433.13162
G1 X137.443 Y130.831 E433.14721
G1 X137.147 Y130.539 E433.16104
G1 X136.918 Y130.129 E433.17666
G1 X136.81 Y129.727 E433.19051
G1 X136.808 Y129.276 E433.20551
G1 X136.938 Y128.824 E433.22115
G1 X137.166 Y128.442 E433.23595
G1 X137.442 Y128.166 E433.24893
G1 X137.824 Y127.938 E433.26373
G1 X138.269 Y127.811 E433.27912
G1 X138.745 Y127.814 E433.29495
G1 X139.129 Y127.918 E433.30818
G1 X139.54 Y128.148 E433.32385
G1 X139.861 Y128.482 E433.33925
G1 X140.075 Y128.845 E433.35327
G1 X140.182 Y129.253 E433.3673
G1 X140.187 Y129.72 E433.38283
G1 X140.076 Y130.147 E433.39751
G1 X139.848 Y130.538 E433.41256
G1 X139.549 Y130.838 E433.42665
G1 X139.156 Y131.072 E433.44186
G1 X138.743 Y131.182 E433.45608
G1 X138.277 Y131.188 E433.47158
G0 F15000 X137.528 Y131.446
;TYPE:FILL
G1 F5204.6 X135.68 Y138.344 E433.7091
G1 X135.68 Y138.15
G1 X160.591 Y131.475 E434.56687
G0 F15000 X160.473 Y131.677
G0 X161.192 Y131.839
G0 X161.541 Y131.839
G0 X162.472 Y131.709
G0 X162.358 Y131.511
G1 F5204.6 X156.246 Y154.321 E435.35229
G0 F15000 X155.519 Y154.32
G1 F5204.6 X135.68 Y134.48 E436.28548
G0 F15000 X135.91 Y134.48
G0 X135.91 Y129.867
G0 X135.68 Y129.867
G1 F5204.6 X136.328 Y129.694 E436.30779
G0 F15000 X136.1 Y129.694
G0 X136.161 Y129.192
G0 X136.321 Y128.597
G0 X136.629 Y128.064
G0 X137.064 Y127.629
G0 X137.597 Y127.321
G0 X138.632 Y127.1
G0 X138.632 Y127.329
G1 F5204.6 X139.074 Y125.679 E436.36461
G0 F15000 X138.193 Y125.68
G1 F5204.6 X161.861 Y149.348 E437.47788
G0 F15000 X161.92 Y149.129
G0 X162.403 Y149.321
G0 X162.936 Y149.629
G0 X163.371 Y150.064
G0 X163.87 Y151.075
G0 X163.647 Y151.134
G1 F5204.6 X164.32 Y151.807 E437.50953
G0 F15000 X164.09 Y151.807
G0 X164.09 Y147.04
G0 X164.32 Y147.04
G1 F5204.6 X137.151 Y154.32 E438.44505
G0 F15000 X137.151 Y154.09
G0 X139.681 Y154.09
G0 X139.681 Y154.321
G1 F5204.6 X140.024 Y153.042 E438.4891
G0 F15000 X140.187 Y153.205
G0 X140.679 Y152.403
G0 X140.809 Y151.921
G0 X140.814 Y150.865
G0 X140.592 Y150.923
G1 F5204.6 X147.356 Y125.679 E439.35833
G0 F15000 X147.356 Y125.91
G0 X149.506 Y125.91
G0 X149.506 Y125.68
G1 F5204.6 X164.32 Y140.494 E440.05514
G0 F15000 X164.09 Y140.494
G0 X164.09 Y138.758
G0 X164.32 Y138.758
G1 F5204.6 X135.681 Y146.432 E441.04128
G0 F15000 X135.68 Y145.794
G1 F5204.6 X139.398 Y149.512 E441.21616
G0 F15000 X139.513 Y149.315
G0 X139.936 Y149.629
G0 X140.678 Y150.473
G0 X140.475 Y150.59
G1 F5204.6 X144.205 Y154.32 E441.39161
G0 F15000 X144.205 Y154.09
G0 X147.963 Y154.09
G0 X147.963 Y154.321
G1 F5204.6 X155.638 Y125.68 E442.37782
G0 F15000 X155.638 Y125.91
G0 X151.308 Y125.91
G0 X151.308 Y125.68
G1 F5204.6 X140.476 Y128.582 E442.7508
G0 F15000 X140.675 Y128.468
G0 X160.82 Y125.91
G0 X160.82 Y125.68
G1 F5204.6 X164.32 Y129.18 E442.91543
G0 F15000 X164.09 Y129.18
G0 X164.09 Y130.476
G0 X164.32 Y130.476
G1 F5204.6 X163.279 Y130.755 E442.95128
G0 F15000 X163.478 Y130.871
G0 X163.679 Y130.403
G0 X163.839 Y129.808
G0 X163.839 Y129.192
G0 X163.448 Y128.075
G0 X163.247 Y128.191
G1 F5204.6 X163.92 Y125.679 E443.03777
G0 F15000 X163.79 Y126.21
G1 F2400 E442.53777
;MESH:NONMESH
G0 F300 X163.79 Y126.21 Z1.4
G0 F15000 X163.439 Y129.755
G0 X163.306 Y130.248
G0 X146 Y154.57
G0 X146.653 Y155.653
G0 X146.749 Y166.263
G0 X146 Y166.759
;TIME_ELAPSED:537.580316
;LAYER:6
;note -- min layer time used
;TYPE:SUPPORT
G1 F2400 E443.03777
G1 F5215.7 X146.114 Y167.02 E443.04725
G1 X146.322 Y167.348 E443.06016
G1 X146.567 Y167.64 E443.07284
G1 X146.816 Y167.88 E443.08434
G1 X146.994 Y167.988 E443.09127
G1 X147.48 Y168.46 E443.1138
G1 X147.736 Y169.019 E443.13425
G1 X147.799 Y169.29 E443.14351
G1 X147.796 Y170.796 E443.1936
G1 X147.551 Y171.438 E443.21645
G1 X147.181 Y171.864 E443.23522
G1 X146.808 Y172.136 E443.25057
G1 X146.556 Y172.367 E443.26194
G1 X146.281 Y172.703 E443.27638
G1 X146.045 Y173.115 E443.29218
G1 X146 Y173.244 E443.29672
G1 X146 Y166.759 E443.51241
G1 X145.958 Y166.662 E443.51593
G1 X145.86 Y166.289 E443.52875
G1 X145.814 Y165.943 E443.54036
G1 X145.801 Y165.655 E443.54995
G1 X145.8 Y156.2 E443.86443
G1 X145.6 Y156.2 E443.87108
G1 X145.6 Y156 E443.87773
G1 X144 Y156 E443.93095
G1 X144 Y175.8 E444.5895
G1 X142.2 Y175.8 E444.64937
G1 X142.2 Y174.207 E444.70235
G1 X142.149 Y173.769 E444.71702
G1 X142.055 Y173.382 E444.73026
G1 X141.864 Y172.942 E444.74622
G1 X141.609 Y172.567 E444.7613
G1 X141.255 Y172.214 E444.77793
G1 X141.018 Y172.023 E444.78805
G1 X140.524 Y171.546 E444.81089
G1 X140.258 Y170.971 E444.83196
G1 X140.201 Y170.713 E444.84075
G1 X140.204 Y169.203 E444.89097
G1 X140.46 Y168.533 E444.91483
G1 X140.793 Y168.159 E444.93148
G1 X141.217 Y167.855 E444.94884
G1 X141.436 Y167.642 E444.959
G1 X141.658 Y167.396 E444.97002
G1 X141.903 Y167.002 E444.98545
G1 X142 Y166.761 E444.99409
G1 X142 Y173.255 E445.21008
G1 F2400 E444.71008
G0 F15000 X141.209 Y173.602
G0 X141.347 Y176.653
G0 X158.653 Y176.653
G0 X160.66 Y170.956
G0 X160.663 Y169.192
G0 X160.557 Y168.739
G0 X160.233 Y168.031
G0 X158.794 Y166.416
G0 X158 Y166.759
G1 F2400 E445.21008
G1 F5215.7 X158.114 Y167.02 E445.21955
G1 X158.322 Y167.348 E445.23247
G1 X158.567 Y167.64 E445.24515
G1 X158.816 Y167.88 E445.25665
G1 X158.994 Y167.988 E445.26358
G1 X159.48 Y168.46 E445.28611
G1 X159.736 Y169.019 E445.30656
G1 X159.799 Y169.29 E445.31581
G1 X159.796 Y170.796 E445.3659
G1 X159.551 Y171.438 E445.38876
G1 X159.181 Y171.864 E445.40753
G1 X158.808 Y172.136 E445.42288
G1 X158.556 Y172.367 E445.43425
G1 X158.281 Y172.703 E445.44869
G1 X158.045 Y173.115 E445.46448
G1 X158 Y173.244 E445.46903
G1 X158 Y166.759 E445.68472
G1 X157.958 Y166.662 E445.68824
G1 X157.86 Y166.289 E445.70106
G1 X157.814 Y165.943 E445.71267
G1 X157.801 Y165.655 E445.72226
G1 X157.8 Y156.2 E446.03673
G1 X157.6 Y156.2 E446.04339
G1 X157.6 Y156 E446.05004
G1 X156 Y156 E446.10326
G1 X156 Y175.8 E446.76181
G1 X154.2 Y175.8 E446.82167
G1 X154.2 Y174.207 E446.87466
G1 X154.149 Y173.769 E446.88932
G1 X154.055 Y173.382 E446.90257
G1 X153.864 Y172.942 E446.91852
G1 X153.609 Y172.567 E446.93361
G1 X153.255 Y172.214 E446.95023
G1 X153.018 Y172.023 E446.96036
G1 X152.524 Y171.546 E446.9832
G1 X152.258 Y170.971 E447.00427
G1 X152.201 Y170.713 E447.01306
G1 X152.204 Y169.203 E447.06328
G1 X152.46 Y168.533 E447.08714
G1 X152.793 Y168.159 E447.10379
G1 X153.217 Y167.855 E447.12114
G1 X153.436 Y167.642 E447.13131
G1 X153.658 Y167.396 E447.14233
G1 X153.903 Y167.002 E447.15776
G1 X154 Y166.761 E447.1664
G1 X154 Y173.255 E447.38239
G1 F2400 E446.88239
;MESH:Limiter bracket.stl
G0 F15000 X153.125 Y173.41
G0 X151.807 Y172.056
G0 X151.435 Y171.25
G0 X151.337 Y170.804
G0 X151.34 Y169.219
G0 X153.347 Y155.653
G0 X154 Y154.57
G0 X150 Y154.09
G0 X150 Y154.4
;TYPE:WALL-INNER
G1 F2400 E447.38239
G1 F5215.7 X164.4 Y154.4 E447.86134
G1 X164.4 Y125.6 E448.81923
G1 X135.6 Y125.6 E449.77712
G1 X135.6 Y154.4 E450.73501
G1 X150 Y154.4 E451.21396
G0 F15000 X150 Y154.09
G0 X161.143 Y153.888
G0 X161.223 Y153.588
G1 F5215.7 X160.691 Y153.448 E451.23225
G1 X160.213 Y153.166 E451.25071
G1 X159.83 Y152.789 E451.26859
G1 X159.552 Y152.306 E451.28712
G1 X159.408 Y151.771 E451.30555
G1 X159.408 Y151.218 E451.32394
G1 X159.561 Y150.686 E451.34235
G1 X159.836 Y150.206 E451.36075
G1 X160.215 Y149.829 E451.37853
G1 X160.686 Y149.561 E451.39656
G1 X161.218 Y149.408 E451.41497
G1 X161.775 Y149.408 E451.4335
G1 X162.306 Y149.552 E451.45179
G1 X162.788 Y149.83 E451.4703
G1 X163.166 Y150.212 E451.48818
G1 X163.445 Y150.686 E451.50647
G1 X163.588 Y151.222 E451.52492
G1 X163.588 Y151.765 E451.54298
G1 X163.447 Y152.311 E451.56174
G1 X163.165 Y152.789 E451.5802
G1 X162.789 Y153.165 E451.59788
G1 X162.309 Y153.448 E451.61641
G1 X161.765 Y153.588 E451.6351
G1 X161.223 Y153.588 E451.65312
G0 F15000 X161.143 Y153.888
G0 X160.597 Y153.679
G0 X160.064 Y153.371
G0 X159.629 Y152.936
G0 X159.321 Y152.403
G0 X159.161 Y151.808
G0 X159.161 Y151.459
G0 X161.139 Y131.887
G0 X161.219 Y131.588
G1 F5215.7 X160.685 Y131.439 E451.67156
G1 X160.221 Y131.173 E451.68935
G1 X159.824 Y130.78 E451.70793
G1 X159.55 Y130.289 E451.72663
G1 X159.414 Y129.778 E451.74422
G1 X159.407 Y129.226 E451.76258
G1 X159.553 Y128.691 E451.78103
G1 X159.827 Y128.217 E451.79924
G1 X160.225 Y127.814 E451.81808
G1 X160.423 Y127.681 E451.82601
G1 X160.879 Y127.493 E451.84241
G1 X161.238 Y127.408 E451.85468
G1 X161.775 Y127.408 E451.87255
G1 X162.306 Y127.552 E451.89084
G1 X162.788 Y127.83 E451.90935
G1 X163.166 Y128.212 E451.92723
G1 X163.445 Y128.686 E451.94552
G1 X163.588 Y129.222 E451.96397
G1 X163.588 Y129.765 E451.98203
G1 X163.447 Y130.311 E452.00079
G1 X163.165 Y130.789 E452.01924
G1 X162.787 Y131.167 E452.03702
G1 X162.31 Y131.448 E452.05544
G1 X161.771 Y131.588 E452.07396
G1 X161.219 Y131.588 E452.09232
G0 F15000 X161.139 Y131.887
G0 X138.854 Y131.889
G0 X138.775 Y131.588
G1 F5215.7 X138.223 Y131.588 E452.11068
G1 X137.69 Y131.448 E452.12901
G1 X137.215 Y131.169 E452.14733
G1 X136.83 Y130.788 E452.16535
G1 X136.551 Y130.305 E452.1839
G1 X136.408 Y129.766 E452.20245
G1 X136.408 Y129.222 E452.22054
G1 X136.553 Y128.691 E452.23885
G1 X136.829 Y128.213 E452.25721
G1 X137.213 Y127.829 E452.27527
G1 X137.693 Y127.552 E452.2937
G1 X138.234 Y127.408 E452.31232
G1 X138.775 Y127.408 E452.33031
G1 X139.306 Y127.552 E452.34861
G1 X139.788 Y127.83 E452.36712
G1 X140.169 Y128.215 E452.38513
G1 X140.448 Y128.69 E452.40346
G1 X140.589 Y129.226 E452.42189
G1 X140.583 Y129.774 E452.44012
G1 X140.441 Y130.321 E452.45892
G1 X140.162 Y130.792 E452.47712
G1 X139.779 Y131.173 E452.49509
G1 X139.314 Y131.439 E452.51291
G1 X138.775 Y131.588 E452.53151
G0 F15000 X138.854 Y131.889
G0 X140.839 Y151.192
G0 X140.839 Y151.808
G0 X140.679 Y152.403
G0 X140.371 Y152.936
G0 X139.936 Y153.371
G0 X139.634 Y153.545
G0 X138.765 Y153.9
G0 X138.765 Y153.588
G1 F5215.7 X138.223 Y153.588 E452.54954
G1 X137.691 Y153.448 E452.56783
G1 X137.213 Y153.166 E452.58629
G1 X136.83 Y152.789 E452.60417
G1 X136.551 Y152.305 E452.62275
G1 X136.408 Y151.766 E452.64129
G1 X136.408 Y151.222 E452.65939
G1 X136.553 Y150.691 E452.6777
G1 X136.829 Y150.213 E452.69605
G1 X137.213 Y149.829 E452.71412
G1 X137.691 Y149.553 E452.73247
G1 X138.222 Y149.408 E452.75078
G1 X138.779 Y149.408 E452.76931
G1 X139.314 Y149.56 E452.78781
G1 X139.786 Y149.83 E452.80589
G1 X140.162 Y150.21 E452.82367
G1 X140.439 Y150.685 E452.84196
G1 X140.588 Y151.219 E452.8604
G1 X140.588 Y151.771 E452.87876
G1 X140.448 Y152.31 E452.89728
G1 X140.167 Y152.787 E452.91569
G1 X139.789 Y153.165 E452.93347
G1 X139.309 Y153.448 E452.95201
G1 X138.765 Y153.588 E452.97069
G0 F15000 X138.727 Y153.186
;TYPE:WALL-OUTER
G1 F5215.7 X138.253 Y153.182 E452.98646
G1 X137.844 Y153.074 E453.00053
G1 X137.443 Y152.831 E453.01612
G1 X137.147 Y152.539 E453.02995
G1 X136.918 Y152.129 E453.04557
G1 X136.81 Y151.727 E453.05942
G1 X136.808 Y151.276 E453.07442
G1 X136.938 Y150.824 E453.09006
G1 X137.166 Y150.442 E453.10485
G1 X137.442 Y150.166 E453.11784
G1 X137.824 Y149.938 E453.13263
G1 X138.277 Y149.808 E453.14831
G1 X138.745 Y149.814 E453.16388
G1 X139.129 Y149.918 E453.17711
G1 X139.529 Y150.142 E453.19236
G1 X139.851 Y150.467 E453.20757
G1 X140.072 Y150.844 E453.22211
G1 X140.182 Y151.253 E453.23619
G1 X140.188 Y151.719 E453.25169
G1 X140.075 Y152.156 E453.26671
G1 X139.83 Y152.558 E453.28237
G1 X139.518 Y152.861 E453.29683
G1 X139.154 Y153.075 E453.31087
G1 X138.727 Y153.186 E453.32555
G1 F2400 E452.82555
G0 F15000 X138.91 Y153.874
G0 X150 Y154.09
G0 X150 Y154.8
G1 F2400 E453.32555
G1 F5215.7 X164.8 Y154.8 E453.8178
G1 X164.8 Y125.2 E454.8023
G1 X135.2 Y125.2 E455.7868
G1 X135.2 Y154.8 E456.7713
G1 X150 Y154.8 E457.26355
G1 F2400 E456.76355
G0 F15000 X150 Y154.09
G0 X161.91 Y153.874
G0 X161.727 Y153.186
G1 F2400 E457.26355
G1 F5215.7 X161.253 Y153.182 E457.27931
G1 X160.844 Y153.074 E457.29338
G1 X160.443 Y152.831 E457.30898
G1 X160.147 Y152.539 E457.32281
G1 X159.918 Y152.129 E457.33843
G1 X159.808 Y151.719 E457.35255
G1 X159.808 Y151.276 E457.36728
G1 X159.928 Y150.844 E457.38219
G1 X160.144 Y150.468 E457.39662
G1 X160.46 Y150.15 E457.41153
G1 X160.844 Y149.928 E457.42628
G1 X161.278 Y149.808 E457.44126
G1 X161.745 Y149.814 E457.45679
G1 X162.129 Y149.918 E457.47002
G1 X162.54 Y150.148 E457.48569
G1 X162.861 Y150.482 E457.50109
G1 X163.075 Y150.845 E457.51511
G1 X163.182 Y151.253 E457.52914
G1 X163.186 Y151.727 E457.5449
G1 X163.075 Y152.156 E457.55964
G1 X162.83 Y152.558 E457.5753
G1 X162.518 Y152.861 E457.58977
G1 X162.154 Y153.075 E457.60381
G1 X161.727 Y153.186 E457.61848
G1 F2400 E457.11848
G0 F15000 X161.91 Y153.874
G0 X162.403 Y153.679
G0 X162.936 Y153.371
G0 X163.371 Y152.936
G0 X163.679 Y152.403
G0 X163.839 Y151.808
G0 X163.839 Y151.459
G0 X161.093 Y131.874
G0 X161.277 Y131.188
G1 F2400 E457.61848
G1 F5215.7 X160.845 Y131.075 E457.63334
G1 X160.47 Y130.853 E457.64783
G1 X160.148 Y130.538 E457.66281
G1 X159.931 Y130.163 E457.67722
G1 X159.814 Y129.745 E457.69166
G1 X159.808 Y129.277 E457.70723
G1 X159.938 Y128.824 E457.7229
G1 X160.165 Y128.443 E457.73765
G1 X160.538 Y128.066 E457.75529
G1 X161.067 Y127.852 E457.77427
G1 X161.269 Y127.811 E457.78113
G1 X161.745 Y127.814 E457.79696
G1 X162.129 Y127.918 E457.81019
G1 X162.54 Y128.148 E457.82586
G1 X162.861 Y128.482 E457.84126
G1 X163.075 Y128.845 E457.85528
G1 X163.182 Y129.253 E457.86931
G1 X163.186 Y129.727 E457.88507
G1 X163.075 Y130.156 E457.89981
G1 X162.83 Y130.558 E457.91547
G1 X162.518 Y130.861 E457.92994
G1 X162.154 Y131.075 E457.94398
G1 X161.743 Y131.182 E457.95811
G1 X161.277 Y131.188 E457.97361
G1 F2400 E457.47361
G0 F15000 X161.093 Y131.874
G0 X138.093 Y131.874
G0 X138.277 Y131.188
G1 F2400 E457.97361
G1 F5215.7 X137.844 Y131.074 E457.9885
G1 X137.443 Y130.831 E458.00409
G1 X137.147 Y130.539 E458.01792
G1 X136.918 Y130.129 E458.03354
G1 X136.81 Y129.727 E458.04739
G1 X136.808 Y129.276 E458.06239
G1 X136.938 Y128.824 E458.07803
G1 X137.166 Y128.442 E458.09283
G1 X137.442 Y128.166 E458.10581
G1 X137.824 Y127.938 E458.12061
G1 X138.269 Y127.811 E458.136
G1 X138.745 Y127.814 E458.15183
G1 X139.129 Y127.918 E458.16506
G1 X139.54 Y128.148 E458.18073
G1 X139.861 Y128.482 E458.19613
G1 X140.075 Y128.845 E458.21015
G1 X140.182 Y129.253 E458.22418
G1 X140.187 Y129.72 E458.23971
G1 X140.076 Y130.147 E458.25439
G1 X139.848 Y130.538 E458.26944
G1 X139.549 Y130.838 E458.28353
G1 X139.156 Y131.072 E458.29874
G1 X138.743 Y131.182 E458.31296
G1 X138.277 Y131.188 E458.32846
G0 F15000 X137.402 Y131.372
;TYPE:FILL
G1 F5215.7 X135.68 Y137.799 E458.54976
G0 F15000 X135.681 Y138.296
G1 F5215.7 X160.811 Y131.562 E459.41507
G0 F15000 X160.752 Y131.783
G0 X161.607 Y131.828
G0 X162.257 Y131.781
G0 X162.199 Y131.559
G1 F5215.7 X156.1 Y154.321 E460.19885
G0 F15000 X155.718 Y154.32
G1 F5215.7 X135.68 Y134.281 E461.1414
G0 F15000 X135.91 Y134.281
G0 X135.91 Y130.013
G0 X135.68 Y130.013
G1 F5215.7 X136.345 Y129.835 E461.16429
G0 F15000 X136.121 Y129.894
G0 X136.161 Y129.192
G0 X136.321 Y128.597
G0 X136.629 Y128.064
G0 X137.064 Y127.629
G0 X137.496 Y127.38
G0 X138.486 Y127.1
G0 X138.486 Y127.328
G1 F5215.7 X138.928 Y125.68 E461.22104
G0 F15000 X138.392 Y125.68
G1 F5215.7 X162.135 Y149.422 E462.33782
G0 F15000 X162.194 Y149.203
G0 X162.936 Y149.629
G0 X163.289 Y149.982
G0 X163.798 Y150.805
G0 X163.576 Y150.863
G1 F5215.7 X164.32 Y151.608 E462.37284
G0 F15000 X164.09 Y151.608
G0 X164.09 Y147.186
G0 X164.32 Y147.186
G1 F5215.7 X137.697 Y154.32 E463.28956
G0 F15000 X137.697 Y154.09
G0 X139.535 Y154.09
G0 X139.535 Y154.321
G1 F5215.7 X139.826 Y153.237 E463.32689
G0 F15000 X139.942 Y153.438
G0 X140.371 Y152.936
G0 X140.679 Y152.403
G0 X140.839 Y151.808
G0 X140.839 Y151.459
G0 X140.719 Y150.544
G0 X140.516 Y150.661
G1 F5215.7 X147.21 Y125.679 E464.18711
G0 F15000 X147.21 Y125.91
G0 X149.706 Y125.91
G0 X149.706 Y125.68
G1 F5215.7 X164.32 Y140.294 E464.87451
G0 F15000 X164.09 Y140.294
G0 X164.09 Y138.904
G0 X164.32 Y138.904
G1 F5215.7 X135.68 Y146.578 E465.86068
G0 F15000 X135.68 Y145.595
G1 F5215.7 X144.405 Y154.32 E466.27108
G0 F15000 X144.405 Y154.09
G0 X147.818 Y154.09
G0 X147.818 Y154.32
G1 F5215.7 X155.492 Y125.679 E467.25728
G0 F15000 X155.492 Y125.91
G0 X151.853 Y125.91
G0 X151.853 Y125.68
G1 F5215.7 X140.536 Y128.712 E467.64696
G0 F15000 X140.757 Y128.654
G0 X161.02 Y125.91
G0 X161.02 Y125.68
G1 F5215.7 X164.32 Y128.981 E467.80221
G0 F15000 X164.09 Y128.981
G0 X163.297 Y127.905
G0 X163.135 Y128.066
G1 F5215.7 X163.774 Y125.679 E467.88439
G0 F15000 X163.774 Y125.91
G0 X164.09 Y130.622
G0 X164.32 Y130.622
G1 F5215.7 X163.127 Y130.941 E467.92547
G0 F15000 X163.501 Y131.315
G1 F2400 E467.42547
;MESH:NONMESH
G0 F300 X163.501 Y131.315 Z1.6
G0 F15000 X146 Y154.57
G0 X146.653 Y155.653
G0 X146.777 Y166.377
G0 X146 Y166.782
;TIME_ELAPSED:564.103439
;LAYER:7
;note -- min layer time used
;TYPE:SUPPORT
G1 F2400 E467.92547
G1 F5216.3 X146.03 Y166.864 E467.92837
G1 X146.214 Y167.2 E467.94111
G1 X146.416 Y167.473 E467.95241
G1 X146.796 Y167.871 E467.97071
G1 X146.994 Y167.989 E467.97838
G1 X147.48 Y168.46 E468.00089
G1 X147.736 Y169.019 E468.02134
G1 X147.799 Y169.29 E468.03059
G1 X147.796 Y170.796 E468.08068
G1 X147.551 Y171.437 E468.1035
G1 X147.185 Y171.86 E468.12211
G1 X146.92 Y172.047 E468.1329
G1 X146.71 Y172.213 E468.1418
G1 X146.439 Y172.483 E468.15452
G1 X146.141 Y172.898 E468.17152
G1 X146 Y173.226 E468.18339
G1 X146 Y166.782 E468.39772
G1 X145.918 Y166.555 E468.40575
G1 X145.823 Y166.119 E468.42059
G1 X145.801 Y165.656 E468.436
G1 X145.8 Y156.2 E468.75051
G1 X145.6 Y156.2 E468.75716
G1 X145.6 Y156 E468.76382
G1 X144 Y156 E468.81703
G1 X144 Y175.8 E469.47558
G1 X142.2 Y175.8 E469.53545
G1 X142.2 Y174.117 E469.59143
G1 X142.123 Y173.582 E469.60941
G1 X141.981 Y173.168 E469.62396
G1 X141.755 Y172.755 E469.63962
G1 X141.426 Y172.353 E469.6569
G1 X141.025 Y172.029 E469.67405
G1 X140.524 Y171.546 E469.69719
G1 X140.258 Y170.971 E469.71826
G1 X140.201 Y170.713 E469.72705
G1 X140.204 Y169.203 E469.77727
G1 X140.46 Y168.533 E469.80113
G1 X140.793 Y168.161 E469.81774
G1 X141.063 Y167.97 E469.82874
G1 X141.462 Y167.647 E469.84581
G1 X141.809 Y167.185 E469.86503
G1 X142 Y166.799 E469.87935
G1 X142 Y173.223 E470.09301
G1 F2400 E469.59301
G0 F15000 X141.186 Y173.516
G0 X141.347 Y176.653
G0 X158.653 Y176.653
G0 X160.66 Y170.956
G0 X160.663 Y169.192
G0 X160.557 Y168.739
G0 X160.233 Y168.031
G0 X158.813 Y166.488
G0 X158 Y166.782
G1 F2400 E470.09301
G1 F5216.3 X158.03 Y166.864 E470.09592
G1 X158.214 Y167.2 E470.10866
G1 X158.416 Y167.473 E470.11996
G1 X158.796 Y167.871 E470.13826
G1 X158.994 Y167.989 E470.14592
G1 X159.48 Y168.46 E470.16843
G1 X159.736 Y169.019 E470.18888
G1 X159.799 Y169.29 E470.19814
G1 X159.796 Y170.796 E470.24823
G1 X159.551 Y171.437 E470.27105
G1 X159.185 Y171.86 E470.28966
G1 X158.92 Y172.047 E470.30044
G1 X158.71 Y172.213 E470.30935
G1 X158.439 Y172.483 E470.32207
G1 X158.141 Y172.898 E470.33906
G1 X158 Y173.226 E470.35094
G1 X158 Y166.782 E470.56527
G1 X157.918 Y166.555 E470.57329
G1 X157.823 Y166.119 E470.58814
G1 X157.801 Y165.656 E470.60355
G1 X157.8 Y156.2 E470.91806
G1 X157.6 Y156.2 E470.92471
G1 X157.6 Y156 E470.93136
G1 X156 Y156 E470.98458
G1 X156 Y175.8 E471.64313
G1 X154.2 Y175.8 E471.703
G1 X154.2 Y174.117 E471.75898
G1 X154.123 Y173.582 E471.77695
G1 X153.981 Y173.168 E471.79151
G1 X153.755 Y172.755 E471.80717
G1 X153.426 Y172.353 E471.82445
G1 X153.025 Y172.029 E471.84159
G1 X152.524 Y171.546 E471.86474
G1 X152.258 Y170.971 E471.88581
G1 X152.201 Y170.713 E471.8946
G1 X152.204 Y169.203 E471.94482
G1 X152.46 Y168.533 E471.96868
G1 X152.793 Y168.161 E471.98528
G1 X153.063 Y167.97 E471.99628
G1 X153.462 Y167.647 E472.01336
G1 X153.809 Y167.185 E472.03258
G1 X154 Y166.799 E472.0469
G1 X154 Y173.223 E472.26056
G1 F2400 E471.76056
;MESH:Limiter bracket.stl
G0 F15000 X153.186 Y173.516
G0 X151.807 Y172.056
G0 X151.435 Y171.25
G0 X151.337 Y170.804
G0 X151.34 Y169.219
G0 X153.347 Y155.653
G0 X154 Y154.57
G0 X150 Y154.09
G0 X150 Y154.4
;TYPE:WALL-INNER
G1 F2400 E472.26056
G1 F5216.3 X164.4 Y154.4 E472.73951
G1 X164.4 Y125.6 E473.6974
G1 X135.6 Y125.6 E474.65529
G1 X135.6 Y154.4 E475.61318
G1 X150 Y154.4 E476.09213
G0 F15000 X150 Y154.09
G0 X161.143 Y153.888
G0 X161.223 Y153.588
G1 F5216.3 X160.691 Y153.448 E476.11043
G1 X160.213 Y153.166 E476.12889
G1 X159.83 Y152.789 E476.14676
G1 X159.552 Y152.306 E476.1653
G1 X159.408 Y151.771 E476.18372
G1 X159.408 Y151.218 E476.20212
G1 X159.561 Y150.686 E476.22053
G1 X159.836 Y150.206 E476.23893
G1 X160.215 Y149.829 E476.25671
G1 X160.686 Y149.561 E476.27473
G1 X161.218 Y149.408 E476.29314
G1 X161.775 Y149.408 E476.31167
G1 X162.306 Y149.552 E476.32997
G1 X162.788 Y149.83 E476.34847
G1 X163.166 Y150.212 E476.36635
G1 X163.445 Y150.686 E476.38464
G1 X163.588 Y151.222 E476.40309
G1 X163.588 Y151.765 E476.42115
G1 X163.447 Y152.311 E476.43991
G1 X163.165 Y152.789 E476.45837
G1 X162.789 Y153.165 E476.47605
G1 X162.309 Y153.448 E476.49459
G1 X161.765 Y153.588 E476.51327
G1 X161.223 Y153.588 E476.5313
G0 F15000 X161.143 Y153.888
G0 X160.597 Y153.679
G0 X160.064 Y153.371
G0 X159.629 Y152.936
G0 X159.321 Y152.403
G0 X159.161 Y151.808
G0 X159.161 Y151.459
G0 X161.139 Y131.887
G0 X161.219 Y131.588
G1 F5216.3 X160.685 Y131.439 E476.54974
G1 X160.221 Y131.173 E476.56753
G1 X159.829 Y130.785 E476.58587
G1 X159.55 Y130.289 E476.6048
G1 X159.414 Y129.778 E476.62239
G1 X159.407 Y129.226 E476.64075
G1 X159.553 Y128.691 E476.65919
G1 X159.827 Y128.217 E476.6774
G1 X160.225 Y127.814 E476.69624
G1 X160.423 Y127.681 E476.70417
G1 X160.879 Y127.493 E476.72058
G1 X161.238 Y127.408 E476.73285
G1 X161.775 Y127.408 E476.75071
G1 X162.306 Y127.552 E476.76901
G1 X162.788 Y127.83 E476.78752
G1 X163.166 Y128.212 E476.80539
G1 X163.445 Y128.686 E476.82368
G1 X163.588 Y129.222 E476.84213
G1 X163.588 Y129.765 E476.86019
G1 X163.447 Y130.311 E476.87895
G1 X163.165 Y130.789 E476.89741
G1 X162.787 Y131.167 E476.91519
G1 X162.31 Y131.448 E476.9336
G1 X161.771 Y131.588 E476.95212
G1 X161.219 Y131.588 E476.97048
G0 F15000 X161.139 Y131.887
G0 X138.854 Y131.889
G0 X138.775 Y131.588
G1 F5216.3 X138.223 Y131.588 E476.98884
G1 X137.69 Y131.448 E477.00717
G1 X137.215 Y131.169 E477.0255
G1 X136.83 Y130.788 E477.04351
G1 X136.551 Y130.305 E477.06206
G1 X136.408 Y129.766 E477.08061
G1 X136.408 Y129.222 E477.0987
G1 X136.553 Y128.691 E477.11701
G1 X136.829 Y128.213 E477.13537
G1 X137.213 Y127.829 E477.15343
G1 X137.693 Y127.552 E477.17186
G1 X138.234 Y127.408 E477.19048
G1 X138.775 Y127.408 E477.20848
G1 X139.306 Y127.552 E477.22678
G1 X139.788 Y127.83 E477.24528
G1 X140.169 Y128.215 E477.2633
G1 X140.448 Y128.69 E477.28162
G1 X140.589 Y129.226 E477.30006
G1 X140.583 Y129.774 E477.31828
G1 X140.441 Y130.321 E477.33708
G1 X140.162 Y130.792 E477.35529
G1 X139.779 Y131.173 E477.37326
G1 X139.314 Y131.439 E477.39107
G1 X138.775 Y131.588 E477.40967
G0 F15000 X138.854 Y131.889
G0 X140.839 Y151.192
G0 X140.839 Y151.808
G0 X140.679 Y152.403
G0 X140.371 Y152.936
G0 X139.936 Y153.371
G0 X139.634 Y153.545
G0 X138.765 Y153.9
G0 X138.765 Y153.588
G1 F5216.3 X138.223 Y153.588 E477.4277
G1 X137.691 Y153.448 E477.446
G1 X137.213 Y153.166 E477.46446
G1 X136.83 Y152.789 E477.48233
G1 X136.551 Y152.305 E477.50091
G1 X136.408 Y151.766 E477.51946
G1 X136.408 Y151.222 E477.53755
G1 X136.553 Y150.691 E477.55586
G1 X136.829 Y150.213 E477.57422
G1 X137.213 Y149.829 E477.59228
G1 X137.691 Y149.553 E477.61064
G1 X138.222 Y149.408 E477.62895
G1 X138.779 Y149.408 E477.64747
G1 X139.314 Y149.56 E477.66597
G1 X139.786 Y149.83 E477.68406
G1 X140.176 Y150.226 E477.70254
G1 X140.439 Y150.685 E477.72014
G1 X140.588 Y151.219 E477.73858
G1 X140.588 Y151.771 E477.75694
G1 X140.448 Y152.31 E477.77546
G1 X140.167 Y152.787 E477.79387
G1 X139.789 Y153.165 E477.81165
G1 X139.309 Y153.448 E477.83018
G1 X138.765 Y153.588 E477.84887
G0 F15000 X138.727 Y153.186
;TYPE:WALL-OUTER
G1 F5216.3 X138.253 Y153.182 E477.86463
G1 X137.844 Y153.074 E477.8787
G1 X137.443 Y152.831 E477.8943
G1 X137.147 Y152.539 E477.90813
G1 X136.918 Y152.129 E477.92375
G1 X136.81 Y151.727 E477.93759
G1 X136.808 Y151.276 E477.95259
G1 X136.938 Y150.824 E477.96824
G1 X137.166 Y150.442 E477.98303
G1 X137.442 Y150.166 E477.99601
G1 X137.824 Y149.938 E478.01081
G1 X138.277 Y149.808 E478.02649
G1 X138.745 Y149.814 E478.04205
G1 X139.129 Y149.918 E478.05528
G1 X139.529 Y150.142 E478.07053
G1 X139.842 Y150.455 E478.08525
G1 X140.072 Y150.844 E478.10029
G1 X140.182 Y151.253 E478.11437
G1 X140.188 Y151.719 E478.12987
G1 X140.075 Y152.156 E478.14489
G1 X139.83 Y152.558 E478.16054
G1 X139.518 Y152.861 E478.17501
G1 X139.154 Y153.075 E478.18905
G1 X138.727 Y153.186 E478.20373
G1 F2400 E477.70373
G0 F15000 X138.91 Y153.874
G0 X150 Y154.09
G0 X150 Y154.8
G1 F2400 E478.20373
G1 F5216.3 X164.8 Y154.8 E478.69598
G1 X164.8 Y125.2 E479.68048
G1 X135.2 Y125.2 E480.66498
G1 X135.2 Y154.8 E481.64948
G1 X150 Y154.8 E482.14173
G1 F2400 E481.64173
G0 F15000 X150 Y154.09
G0 X161.91 Y153.874
G0 X161.727 Y153.186
G1 F2400 E482.14173
G1 F5216.3 X161.253 Y153.182 E482.15749
G1 X160.844 Y153.074 E482.17156
G1 X160.443 Y152.831 E482.18716
G1 X160.147 Y152.539 E482.20099
G1 X159.918 Y152.129 E482.21661
G1 X159.808 Y151.719 E482.23073
G1 X159.808 Y151.276 E482.24546
G1 X159.928 Y150.844 E482.26037
G1 X160.144 Y150.468 E482.27479
G1 X160.46 Y150.15 E482.2897
G1 X160.844 Y149.928 E482.30446
G1 X161.278 Y149.808 E482.31943
G1 X161.745 Y149.814 E482.33497
G1 X162.129 Y149.918 E482.3482
G1 X162.54 Y150.148 E482.36386
G1 X162.861 Y150.482 E482.37927
G1 X163.075 Y150.845 E482.39329
G1 X163.182 Y151.253 E482.40732
G1 X163.186 Y151.727 E482.42308
G1 X163.075 Y152.156 E482.43782
G1 X162.83 Y152.558 E482.45348
G1 X162.518 Y152.861 E482.46794
G1 X162.154 Y153.075 E482.48199
G1 X161.727 Y153.186 E482.49666
G1 F2400 E481.99666
G0 F15000 X161.91 Y153.874
G0 X162.403 Y153.679
G0 X162.936 Y153.371
G0 X163.371 Y152.936
G0 X163.679 Y152.403
G0 X163.839 Y151.808
G0 X163.839 Y151.459
G0 X161.093 Y131.874
G0 X161.277 Y131.188
G1 F2400 E482.49666
G1 F5216.3 X160.845 Y131.075 E482.51151
G1 X160.47 Y130.853 E482.52601
G1 X160.148 Y130.538 E482.54099
G1 X159.931 Y130.163 E482.5554
G1 X159.814 Y129.745 E482.56984
G1 X159.808 Y129.277 E482.58541
G1 X159.938 Y128.824 E482.60108
G1 X160.165 Y128.443 E482.61583
G1 X160.538 Y128.066 E482.63347
G1 X161.067 Y127.852 E482.65245
G1 X161.269 Y127.811 E482.65931
G1 X161.745 Y127.814 E482.67514
G1 X162.129 Y127.918 E482.68837
G1 X162.54 Y128.148 E482.70403
G1 X162.861 Y128.482 E482.71944
G1 X163.075 Y128.845 E482.73346
G1 X163.182 Y129.253 E482.74749
G1 X163.186 Y129.727 E482.76325
G1 X163.075 Y130.156 E482.77799
G1 X162.83 Y130.558 E482.79365
G1 X162.518 Y130.861 E482.80811
G1 X162.154 Y131.075 E482.82216
G1 X161.743 Y131.182 E482.83628
G1 X161.277 Y131.188 E482.85178
G1 F2400 E482.35178
G0 F15000 X161.093 Y131.874
G0 X138.093 Y131.874
G0 X138.277 Y131.188
G1 F2400 E482.85178
G1 F5216.3 X137.844 Y131.074 E482.86668
G1 X137.443 Y130.831 E482.88227
G1 X137.147 Y130.539 E482.8961
G1 X136.918 Y130.129 E482.91172
G1 X136.81 Y129.727 E482.92557
G1 X136.808 Y129.276 E482.94057
G1 X136.938 Y128.824 E482.95621
G1 X137.166 Y128.442 E482.971
G1 X137.442 Y128.166 E482.98399
G1 X137.824 Y127.938 E482.99878
G1 X138.269 Y127.811 E483.01418
G1 X138.745 Y127.814 E483.03001
G1 X139.129 Y127.918 E483.04324
G1 X139.54 Y128.148 E483.0589
G1 X139.861 Y128.482 E483.07431
G1 X140.075 Y128.845 E483.08833
G1 X140.182 Y129.253 E483.10236
G1 X140.187 Y129.72 E483.11789
G1 X140.076 Y130.147 E483.13256
G1 X139.837 Y130.551 E483.14818
G1 X139.549 Y130.838 E483.1617
G1 X139.156 Y131.072 E483.17691
G1 X138.743 Y131.182 E483.19113
G1 X138.277 Y131.188 E483.20663
G0 F15000 X138.093 Y131.874
G0 X137.158 Y131.495
G0 X137.276 Y131.296
;TYPE:FILL
G1 F5216.3 X135.68 Y137.25 E483.41165
G0 F15000 X135.91 Y137.25
G0 X135.91 Y138.443
G0 X135.68 Y138.443
G1 F5216.3 X161.088 Y131.635 E484.28653
G0 F15000 X162.041 Y131.6
G1 F5216.3 X155.953 Y154.321 E485.0689
G1 X155.919 Y154.32
G1 X135.68 Y134.08 E486.0209
G0 F15000 X135.91 Y134.08
G0 X135.91 Y130.16
G0 X135.68 Y130.16
G1 F5216.3 X136.381 Y129.973 E486.04503
G0 F15000 X136.158 Y130.031
G0 X136.161 Y129.192
G0 X136.321 Y128.597
G0 X136.629 Y128.064
G0 X137.064 Y127.629
G0 X137.496 Y127.38
G0 X138.339 Y127.1
G0 X138.339 Y127.328
G1 F5216.3 X138.781 Y125.679 E486.10181
G1 X138.593 Y125.68
G1 X162.462 Y149.549 E487.22454
G0 F15000 X162.577 Y149.352
G0 X163.221 Y149.929
G0 X163.649 Y150.423
G0 X163.451 Y150.537
G1 F5216.3 X164.32 Y151.407 E487.26543
G0 F15000 X164.09 Y151.407
G0 X164.09 Y154.004
G0 X164.32 Y154.004
G1 F5216.3 X164.235 Y154.321 E487.27635
G0 F15000 X164.12 Y154.12
G0 X164.09 Y147.333
G0 X164.32 Y147.333
G1 F5216.3 X138.245 Y154.32 E488.1742
G0 F15000 X138.245 Y154.09
G0 X139.388 Y154.09
G0 X139.388 Y154.321
G1 F5216.3 X139.651 Y153.339 E488.20802
G0 F15000 X139.766 Y153.539
G0 X140.371 Y152.936
G0 X140.679 Y152.403
G0 X140.839 Y151.808
G0 X140.839 Y151.309
G0 X140.618 Y150.369
G0 X140.416 Y150.485
G1 F5216.3 X147.063 Y125.679 E489.06217
G0 F15000 X147.063 Y125.91
G0 X149.907 Y125.91
G0 X149.907 Y125.68
G1 F5216.3 X164.32 Y140.093 E489.74012
G0 F15000 X164.09 Y140.093
G0 X164.09 Y139.051
G0 X164.32 Y139.051
G1 F5216.3 X135.68 Y146.725 E490.72629
G0 F15000 X135.91 Y146.725
G0 X135.91 Y145.394
G0 X135.68 Y145.394
G1 F5216.3 X144.605 Y154.32 E491.14612
G0 F15000 X144.605 Y154.09
G0 X147.671 Y154.09
G0 X147.671 Y154.32
G1 F5216.3 X155.345 Y125.679 E492.13232
G0 F15000 X155.345 Y125.91
G0 X152.401 Y125.91
G0 X152.401 Y125.68
G1 F5216.3 X140.573 Y128.85 E492.53961
G0 F15000 X140.794 Y128.792
G0 X161.22 Y125.91
G0 X161.22 Y125.68
G1 F5216.3 X164.32 Y128.78 E492.68542
G0 F15000 X164.09 Y128.78
G0 X163.18 Y127.788
G0 X163.019 Y127.949
G1 F5216.3 X163.627 Y125.679 E492.76358
G0 F15000 X163.627 Y125.91
G0 X164.09 Y130.769
G0 X164.32 Y130.769
G1 F5216.3 X162.924 Y131.143 E492.81165
G0 F15000 X163.298 Y131.518
G1 F2400 E492.31165
;MESH:NONMESH
G0 F300 X163.298 Y131.518 Z1.8
G0 F15000 X146 Y154.57
G0 X146.653 Y155.653
G0 X146.752 Y166.318
G0 X146 Y166.795
;TIME_ELAPSED:590.862998
;LAYER:8
;note -- min layer time used
;TYPE:SUPPORT
G1 F2400 E492.81165
G1 F5215 X146.079 Y166.984 E492.81847
G1 X146.309 Y167.352 E492.8329
G1 X146.576 Y167.656 E492.84636
G1 X146.798 Y167.872 E492.85666
G1 X146.995 Y167.99 E492.8643
G1 X147.48 Y168.46 E492.88676
G1 X147.736 Y169.019 E492.90721
G1 X147.799 Y169.29 E492.91646
G1 X147.796 Y170.796 E492.96655
G1 X147.551 Y171.437 E492.98938
G1 X147.183 Y171.863 E493.0081
G1 X146.857 Y172.092 E493.02135
G1 X146.594 Y172.311 E493.03273
G1 X146.283 Y172.66 E493.04828
G1 X146.019 Y173.127 E493.06612
G1 X146 Y173.183 E493.06809
G1 X146 Y166.795 E493.28056
G1 X145.953 Y166.682 E493.28463
G1 X145.832 Y166.23 E493.30019
G1 X145.8 Y165.712 E493.31745
G1 X145.8 Y156.2 E493.63382
G1 X145.6 Y156.2 E493.64047
G1 X145.6 Y156 E493.64713
G1 X144 Y156 E493.70034
G1 X144 Y175.8 E494.35889
G1 X142.2 Y175.8 E494.41876
G1 X142.2 Y174.282 E494.46925
G1 X142.178 Y173.829 E494.48434
G1 X142.06 Y173.354 E494.50061
G1 X141.896 Y172.975 E494.51435
G1 X141.553 Y172.469 E494.53468
G1 X141.2 Y172.162 E494.55024
G1 X141.018 Y172.022 E494.55788
G1 X140.524 Y171.546 E494.58069
G1 X140.258 Y170.97 E494.6018
G1 X140.201 Y170.713 E494.61055
G1 X140.204 Y169.203 E494.66078
G1 X140.46 Y168.533 E494.68463
G1 X140.792 Y168.162 E494.70119
G1 X141.127 Y167.926 E494.71482
G1 X141.473 Y167.629 E494.72999
G1 X141.672 Y167.4 E494.74008
G1 X141.909 Y167.027 E494.75477
G1 X142 Y166.806 E494.76272
G1 X142 Y173.215 E494.97589
G1 F2400 E494.47589
G0 F15000 X141.208 Y173.559
G0 X141.347 Y176.653
G0 X158.653 Y176.653
G0 X160.66 Y170.956
G0 X160.663 Y169.192
G0 X160.557 Y168.739
G0 X160.233 Y168.031
G0 X158.798 Y166.465
G0 X158 Y166.795
G1 F2400 E494.97589
G1 F5215 X158.079 Y166.984 E494.9827
G1 X158.309 Y167.352 E494.99713
G1 X158.576 Y167.656 E495.01059
G1 X158.798 Y167.872 E495.02089
G1 X158.995 Y167.99 E495.02853
G1 X159.48 Y168.46 E495.05099
G1 X159.736 Y169.019 E495.07144
G1 X159.799 Y169.29 E495.0807
G1 X159.796 Y170.796 E495.13079
G1 X159.551 Y171.437 E495.15361
G1 X159.183 Y171.863 E495.17234
G1 X158.857 Y172.092 E495.18559
G1 X158.594 Y172.311 E495.19697
G1 X158.283 Y172.66 E495.21252
G1 X158.019 Y173.127 E495.23036
G1 X158 Y173.183 E495.23233
G1 X158 Y166.795 E495.44479
G1 X157.953 Y166.682 E495.44886
G1 X157.832 Y166.23 E495.46443
G1 X157.8 Y165.712 E495.48169
G1 X157.8 Y156.2 E495.79806
G1 X157.6 Y156.2 E495.80471
G1 X157.6 Y156 E495.81136
G1 X156 Y156 E495.86458
G1 X156 Y175.8 E496.52313
G1 X154.2 Y175.8 E496.583
G1 X154.2 Y174.282 E496.63349
G1 X154.178 Y173.829 E496.64857
G1 X154.06 Y173.354 E496.66485
G1 X153.896 Y172.975 E496.67858
G1 X153.553 Y172.469 E496.69892
G1 X153.2 Y172.162 E496.71448
G1 X153.018 Y172.022 E496.72211
G1 X152.524 Y171.546 E496.74493
G1 X152.258 Y170.97 E496.76603
G1 X152.201 Y170.713 E496.77479
G1 X152.204 Y169.203 E496.82501
G1 X152.46 Y168.533 E496.84887
G1 X152.792 Y168.162 E496.86542
G1 X153.127 Y167.926 E496.87905
G1 X153.473 Y167.629 E496.89422
G1 X153.672 Y167.4 E496.90431
G1 X153.909 Y167.027 E496.91901
G1 X154 Y166.806 E496.92696
G1 X154 Y173.215 E497.14012
G1 F2400 E496.64012
;MESH:Limiter bracket.stl
G0 F15000 X153.135 Y173.394
G0 X151.807 Y172.054
G0 X151.435 Y171.251
G0 X151.337 Y170.804
G0 X151.34 Y169.219
G0 X153.347 Y155.653
G0 X154 Y154.57
G0 X150 Y154.09
G0 X150 Y154.4
;TYPE:WALL-INNER
G1 F2400 E497.14012
G1 F5215 X164.4 Y154.4 E497.61907
G1 X164.4 Y125.6 E498.57696
G1 X135.6 Y125.6 E499.53485
G1 X135.6 Y154.4 E500.49274
G1 X150 Y154.4 E500.97169
G0 F15000 X150 Y154.09
G0 X161.143 Y153.888
G0 X161.223 Y153.588
G1 F5215 X160.691 Y153.448 E500.98999
G1 X160.213 Y153.166 E501.00845
G1 X159.83 Y152.789 E501.02632
G1 X159.552 Y152.306 E501.04486
G1 X159.408 Y151.771 E501.06328
G1 X159.408 Y151.218 E501.08168
G1 X159.561 Y150.686 E501.10009
G1 X159.846 Y150.2 E501.11883
G1 X160.214 Y149.829 E501.13621
G1 X160.686 Y149.561 E501.15426
G1 X161.218 Y149.408 E501.17267
G1 X161.775 Y149.408 E501.1912
G1 X162.306 Y149.552 E501.2095
G1 X162.788 Y149.83 E501.228
G1 X163.166 Y150.212 E501.24588
G1 X163.445 Y150.686 E501.26417
G1 X163.588 Y151.222 E501.28262
G1 X163.588 Y151.765 E501.30068
G1 X163.447 Y152.311 E501.31944
G1 X163.165 Y152.789 E501.3379
G1 X162.789 Y153.165 E501.35558
G1 X162.309 Y153.448 E501.37412
G1 X161.765 Y153.588 E501.3928
G1 X161.223 Y153.588 E501.41083
G0 F15000 X161.143 Y153.888
G0 X160.597 Y153.679
G0 X160.064 Y153.371
G0 X159.629 Y152.936
G0 X159.321 Y152.403
G0 X159.161 Y151.808
G0 X159.161 Y151.459
G0 X161.139 Y131.887
G0 X161.219 Y131.588
G1 F5215 X160.685 Y131.439 E501.42927
G1 X160.221 Y131.173 E501.44705
G1 X159.829 Y130.785 E501.4654
G1 X159.55 Y130.289 E501.48433
G1 X159.414 Y129.778 E501.50191
G1 X159.407 Y129.226 E501.52028
G1 X159.553 Y128.691 E501.53872
G1 X159.827 Y128.217 E501.55693
G1 X160.225 Y127.814 E501.57577
G1 X160.423 Y127.681 E501.5837
G1 X160.879 Y127.493 E501.60011
G1 X161.238 Y127.408 E501.61238
G1 X161.775 Y127.408 E501.63024
G1 X162.306 Y127.552 E501.64854
G1 X162.788 Y127.83 E501.66704
G1 X163.166 Y128.212 E501.68492
G1 X163.445 Y128.686 E501.70321
G1 X163.588 Y129.222 E501.72166
G1 X163.588 Y129.765 E501.73972
G1 X163.447 Y130.311 E501.75848
G1 X163.165 Y130.789 E501.77694
G1 X162.787 Y131.167 E501.79472
G1 X162.31 Y131.448 E501.81313
G1 X161.771 Y131.588 E501.83165
G1 X161.219 Y131.588 E501.85001
G0 F15000 X161.139 Y131.887
G0 X138.854 Y131.889
G0 X138.775 Y131.588
G1 F5215 X138.223 Y131.588 E501.86837
G1 X137.69 Y131.448 E501.8867
G1 X137.215 Y131.169 E501.90502
G1 X136.83 Y130.788 E501.92304
G1 X136.551 Y130.305 E501.94159
G1 X136.408 Y129.766 E501.96014
G1 X136.408 Y129.222 E501.97823
G1 X136.553 Y128.691 E501.99654
G1 X136.829 Y128.213 E502.0149
G1 X137.213 Y127.829 E502.03296
G1 X137.693 Y127.552 E502.05139
G1 X138.234 Y127.408 E502.07001
G1 X138.775 Y127.408 E502.08801
G1 X139.306 Y127.552 E502.10631
G1 X139.788 Y127.83 E502.12481
G1 X140.169 Y128.215 E502.14283
G1 X140.448 Y128.69 E502.16115
G1 X140.589 Y129.226 E502.17958
G1 X140.583 Y129.774 E502.19781
G1 X140.441 Y130.321 E502.21661
G1 X140.162 Y130.792 E502.23482
G1 X139.779 Y131.173 E502.25278
G1 X139.314 Y131.439 E502.2706
G1 X138.775 Y131.588 E502.2892
G0 F15000 X138.854 Y131.889
G0 X140.839 Y151.192
G0 X140.839 Y151.808
G0 X140.679 Y152.403
G0 X140.371 Y152.936
G0 X139.936 Y153.371
G0 X139.634 Y153.545
G0 X138.765 Y153.9
G0 X138.765 Y153.588
G1 F5215 X138.223 Y153.588 E502.30723
G1 X137.691 Y153.448 E502.32553
G1 X137.213 Y153.166 E502.34398
G1 X136.83 Y152.789 E502.36186
G1 X136.551 Y152.305 E502.38044
G1 X136.408 Y151.766 E502.39899
G1 X136.408 Y151.222 E502.41708
G1 X136.553 Y150.691 E502.43539
G1 X136.829 Y150.213 E502.45375
G1 X137.213 Y149.829 E502.47181
G1 X137.691 Y149.553 E502.49017
G1 X138.222 Y149.408 E502.50847
G1 X138.779 Y149.408 E502.527
G1 X139.314 Y149.56 E502.5455
G1 X139.786 Y149.83 E502.56358
G1 X140.176 Y150.226 E502.58207
G1 X140.439 Y150.685 E502.59967
G1 X140.588 Y151.219 E502.61811
G1 X140.588 Y151.771 E502.63646
G1 X140.448 Y152.31 E502.65499
G1 X140.167 Y152.787 E502.6734
G1 X139.789 Y153.165 E502.69118
G1 X139.309 Y153.448 E502.70971
G1 X138.765 Y153.588 E502.7284
G0 F15000 X138.727 Y153.186
;TYPE:WALL-OUTER
G1 F5215 X138.253 Y153.182 E502.74416
G1 X137.844 Y153.074 E502.75823
G1 X137.443 Y152.831 E502.77383
G1 X137.147 Y152.539 E502.78766
G1 X136.918 Y152.129 E502.80328
G1 X136.81 Y151.727 E502.81712
G1 X136.808 Y151.276 E502.83212
G1 X136.938 Y150.824 E502.84776
G1 X137.166 Y150.442 E502.86256
G1 X137.442 Y150.166 E502.87554
G1 X137.824 Y149.938 E502.89034
G1 X138.277 Y149.808 E502.90601
G1 X138.745 Y149.814 E502.92158
G1 X139.129 Y149.918 E502.93481
G1 X139.529 Y150.142 E502.95006
G1 X139.842 Y150.455 E502.96478
G1 X140.072 Y150.844 E502.97981
G1 X140.182 Y151.253 E502.9939
G1 X140.188 Y151.719 E503.0094
G1 X140.075 Y152.156 E503.02441
G1 X139.83 Y152.558 E503.04007
G1 X139.518 Y152.861 E503.05454
G1 X139.154 Y153.075 E503.06858
G1 X138.727 Y153.186 E503.08326
G1 F2400 E502.58326
G0 F15000 X138.91 Y153.874
G0 X150 Y154.09
G0 X150 Y154.8
G1 F2400 E503.08326
G1 F5215 X164.8 Y154.8 E503.57551
G1 X164.8 Y125.2 E504.56001
G1 X135.2 Y125.2 E505.54451
G1 X135.2 Y154.8 E506.52901
G1 X150 Y154.8 E507.02126
G1 F2400 E506.52126
G0 F15000 X150 Y154.09
G0 X161.91 Y153.874
G0 X161.727 Y153.186
G1 F2400 E507.02126
G1 F5215 X161.253 Y153.182 E507.03702
G1 X160.844 Y153.074 E507.05109
G1 X160.443 Y152.831 E507.06669
G1 X160.147 Y152.539 E507.08052
G1 X159.918 Y152.129 E507.09613
G1 X159.808 Y151.719 E507.11025
G1 X159.808 Y151.276 E507.12499
G1 X159.928 Y150.844 E507.1399
G1 X160.144 Y150.468 E507.15432
G1 X160.46 Y150.15 E507.16923
G1 X160.844 Y149.928 E507.18399
G1 X161.278 Y149.808 E507.19896
G1 X161.745 Y149.814 E507.2145
G1 X162.129 Y149.918 E507.22773
G1 X162.54 Y150.148 E507.24339
G1 X162.861 Y150.482 E507.2588
G1 X163.075 Y150.845 E507.27282
G1 X163.182 Y151.253 E507.28685
G1 X163.186 Y151.727 E507.30261
G1 X163.075 Y152.156 E507.31735
G1 X162.83 Y152.558 E507.33301
G1 X162.518 Y152.861 E507.34747
G1 X162.154 Y153.075 E507.36152
G1 X161.727 Y153.186 E507.37619
G1 F2400 E506.87619
G0 F15000 X161.91 Y153.874
G0 X162.403 Y153.679
G0 X162.936 Y153.371
G0 X163.371 Y152.936
G0 X163.679 Y152.403
G0 X163.839 Y151.808
G0 X163.839 Y151.459
G0 X161.093 Y131.874
G0 X161.277 Y131.188
G1 F2400 E507.37619
G1 F5215 X160.845 Y131.075 E507.39104
G1 X160.47 Y130.853 E507.40554
G1 X160.148 Y130.538 E507.42052
G1 X159.931 Y130.163 E507.43493
G1 X159.814 Y129.745 E507.44937
G1 X159.808 Y129.277 E507.46493
G1 X159.938 Y128.824 E507.48061
G1 X160.165 Y128.443 E507.49536
G1 X160.538 Y128.066 E507.513
G1 X161.067 Y127.852 E507.53198
G1 X161.269 Y127.811 E507.53883
G1 X161.745 Y127.814 E507.55467
G1 X162.129 Y127.918 E507.5679
G1 X162.54 Y128.148 E507.58356
G1 X162.861 Y128.482 E507.59897
G1 X163.075 Y128.845 E507.61299
G1 X163.182 Y129.253 E507.62701
G1 X163.186 Y129.727 E507.64278
G1 X163.075 Y130.156 E507.65752
G1 X162.83 Y130.558 E507.67318
G1 X162.518 Y130.861 E507.68764
G1 X162.154 Y131.075 E507.70169
G1 X161.743 Y131.182 E507.71581
G1 X161.277 Y131.188 E507.73131
G1 F2400 E507.23131
G0 F15000 X161.093 Y131.874
G0 X138.093 Y131.874
G0 X138.277 Y131.188
G1 F2400 E507.73131
G1 F5215 X137.844 Y131.074 E507.74621
G1 X137.443 Y130.831 E507.7618
G1 X137.147 Y130.539 E507.77563
G1 X136.918 Y130.129 E507.79125
G1 X136.81 Y129.727 E507.80509
G1 X136.808 Y129.276 E507.82009
G1 X136.938 Y128.824 E507.83574
G1 X137.166 Y128.442 E507.85053
G1 X137.442 Y128.166 E507.86352
G1 X137.824 Y127.938 E507.87831
G1 X138.269 Y127.811 E507.8937
G1 X138.745 Y127.814 E507.90954
G1 X139.129 Y127.918 E507.92277
G1 X139.54 Y128.148 E507.93843
G1 X139.861 Y128.482 E507.95384
G1 X140.075 Y128.845 E507.96786
G1 X140.182 Y129.253 E507.98188
G1 X140.187 Y129.72 E507.99742
G1 X140.076 Y130.147 E508.01209
G1 X139.848 Y130.538 E508.02715
G1 X139.549 Y130.838 E508.04123
G1 X139.156 Y131.072 E508.05645
G1 X138.743 Y131.182 E508.07066
G1 X138.277 Y131.188 E508.08616
G0 F15000 X138.093 Y131.874
G0 X136.988 Y131.38
G0 X137.151 Y131.217
;TYPE:FILL
G1 F5215 X135.68 Y136.706 E508.27517
G0 F15000 X135.91 Y136.706
G0 X135.91 Y138.589
G0 X135.681 Y138.589
G1 F5215 X161.508 Y131.668 E509.16449
G0 F15000 X161.884 Y131.641
G1 F5215 X155.807 Y154.321 E509.94544
G0 F15000 X156.119 Y154.32
G1 F5215 X135.68 Y133.881 E510.90682
G0 F15000 X135.91 Y133.881
G0 X135.91 Y130.307
G0 X135.68 Y130.307
G1 F5215 X136.417 Y130.109 E510.93221
G0 F15000 X136.195 Y130.167
G0 X136.161 Y129.192
G0 X136.321 Y128.597
G0 X136.629 Y128.064
G0 X137.064 Y127.629
G0 X137.366 Y127.455
G0 X138.131 Y127.115
G0 X138.19 Y127.338
G1 F5215 X138.635 Y125.68 E510.9893
G1 X138.792 Y125.68
G1 X164.32 Y151.208 E512.19006
G0 F15000 X164.09 Y151.208
G0 X164.09 Y153.459
G0 X164.32 Y153.459
G1 F5215 X164.089 Y154.321 E512.21974
G0 F15000 X164.089 Y154.09
G0 X164.09 Y147.479
G0 X164.319 Y147.479
G1 F5215 X138.79 Y154.32 E513.0988
G0 F15000 X139.242 Y154.321
G1 F5215 X139.478 Y153.441 E513.1291
G0 F15000 X139.592 Y153.64
G0 X140.371 Y152.936
G0 X140.679 Y152.403
G0 X140.839 Y151.808
G0 X140.839 Y151.254
G0 X140.517 Y150.196
G0 X140.317 Y150.311
G1 F5215 X146.917 Y125.679 E513.97727
G0 F15000 X146.917 Y125.91
G0 X150.106 Y125.91
G0 X150.106 Y125.68
G1 F5215 X164.32 Y139.894 E514.64585
G0 F15000 X164.32 Y139.197
G1 F5215 X135.68 Y146.871 E515.63202
G0 F15000 X135.91 Y146.871
G0 X135.91 Y145.194
G0 X135.68 Y145.194
G1 F5215 X144.805 Y154.32 E516.06126
G0 F15000 X144.805 Y154.09
G0 X147.525 Y154.09
G0 X147.525 Y154.321
G1 F5215 X155.199 Y125.679 E517.04749
G0 F15000 X155.199 Y125.91
G0 X152.947 Y125.91
G0 X152.947 Y125.68
G1 F5215 X140.608 Y128.986 E517.47237
G0 F15000 X140.831 Y128.928
G0 X161.42 Y125.91
G0 X161.42 Y125.68
G1 F5215 X164.32 Y128.58 E517.60877
G0 F15000 X164.09 Y128.58
G0 X163.065 Y127.673
G0 X162.904 Y127.833
G1 F5215 X163.481 Y125.679 E517.68294
G0 F15000 X163.481 Y125.91
G0 X164.09 Y130.915
G0 X164.32 Y130.915
G1 F5215 X162.582 Y131.38 E517.74278
G0 F15000 X162.847 Y131.84
G1 F2400 E517.24278
;MESH:NONMESH
G0 F300 X162.847 Y131.84 Z2
G0 F15000 X146 Y154.57
G0 X146.653 Y155.653
G0 X146.773 Y166.404
G0 X146 Y166.812
;TIME_ELAPSED:617.331427
;LAYER:9
;note -- min layer time used
;TYPE:SUPPORT
G1 F2400 E517.74278
G1 F5266 X146.041 Y166.926 E517.74681
G1 X146.23 Y167.251 E517.75932
G1 X146.461 Y167.544 E517.77172
G1 X146.795 Y167.87 E517.78725
G1 X146.992 Y167.987 E517.79487
G1 X147.48 Y168.46 E517.81747
G1 X147.736 Y169.019 E517.83792
G1 X147.799 Y169.29 E517.84718
G1 X147.796 Y170.796 E517.89727
G1 X147.551 Y171.437 E517.92009
G1 X147.183 Y171.863 E517.93881
G1 X146.734 Y172.179 E517.95707
G1 X146.441 Y172.455 E517.97046
G1 X146.131 Y172.876 E517.98785
G1 X146 Y173.17 E517.99856
G1 X146 Y166.812 E518.21002
G1 X145.893 Y166.512 E518.22062
G1 X145.827 Y166.153 E518.23276
G1 X145.8 Y165.778 E518.24526
G1 X145.8 Y156.2 E518.56383
G1 X145.6 Y156.2 E518.57048
G1 X145.6 Y156 E518.57713
G1 X144 Y156 E518.63035
G1 X144 Y175.8 E519.2889
G1 X142.2 Y175.8 E519.34877
G1 X142.2 Y174.196 E519.40212
G1 X142.164 Y173.678 E519.41939
G1 X142 Y173.165 E519.4373
G1 X141.762 Y172.736 E519.45362
G1 X141.506 Y172.431 E519.46686
G1 X141.252 Y172.202 E519.47824
G1 X141.018 Y172.022 E519.48806
G1 X140.524 Y171.546 E519.51087
G1 X140.258 Y170.971 E519.53195
G1 X140.201 Y170.713 E519.54073
G1 X140.204 Y169.203 E519.59096
G1 X140.46 Y168.533 E519.61481
G1 X140.792 Y168.162 E519.63137
G1 X141.247 Y167.842 E519.64987
G1 X141.548 Y167.558 E519.66364
G1 X141.789 Y167.25 E519.67664
G1 X142 Y166.849 E519.69171
G1 X142 Y173.165 E519.90179
G1 F2400 E519.40179
G0 F15000 X141.204 Y173.511
G0 X141.347 Y176.653
G0 X158.653 Y176.653
G0 X160.66 Y170.956
G0 X160.663 Y169.192
G0 X160.557 Y168.739
G0 X160.233 Y168.031
G0 X158.814 Y166.521
G0 X158 Y166.812
G1 F2400 E519.90179
G1 F5266 X158.041 Y166.926 E519.90581
G1 X158.23 Y167.251 E519.91832
G1 X158.461 Y167.544 E519.93073
G1 X158.795 Y167.87 E519.94625
G1 X158.992 Y167.987 E519.95387
G1 X159.48 Y168.46 E519.97648
G1 X159.736 Y169.019 E519.99693
G1 X159.799 Y169.29 E520.00618
G1 X159.796 Y170.796 E520.05627
G1 X159.551 Y171.437 E520.07909
G1 X159.183 Y171.863 E520.09782
G1 X158.734 Y172.179 E520.11608
G1 X158.441 Y172.455 E520.12947
G1 X158.131 Y172.876 E520.14686
G1 X158 Y173.17 E520.15756
G1 X158 Y166.812 E520.36903
G1 X157.893 Y166.512 E520.37962
G1 X157.827 Y166.153 E520.39176
G1 X157.8 Y165.778 E520.40427
G1 X157.8 Y156.2 E520.72283
G1 X157.6 Y156.2 E520.72949
G1 X157.6 Y156 E520.73614
G1 X156 Y156 E520.78935
G1 X156 Y175.8 E521.4479
G1 X154.2 Y175.8 E521.50777
G1 X154.2 Y174.196 E521.56112
G1 X154.164 Y173.678 E521.57839
G1 X154 Y173.165 E521.59631
G1 X153.762 Y172.736 E521.61262
G1 X153.506 Y172.431 E521.62587
G1 X153.252 Y172.202 E521.63724
G1 X153.018 Y172.022 E521.64706
G1 X152.524 Y171.546 E521.66988
G1 X152.258 Y170.971 E521.69095
G1 X152.201 Y170.713 E521.69974
G1 X152.204 Y169.203 E521.74996
G1 X152.46 Y168.533 E521.77382
G1 X152.792 Y168.162 E521.79038
G1 X153.247 Y167.842 E521.80888
G1 X153.548 Y167.558 E521.82264
G1 X153.789 Y167.25 E521.83565
G1 X154 Y166.849 E521.85072
G1 X154 Y173.165 E522.06079
G1 F2400 E521.56079
;MESH:Limiter bracket.stl
G0 F15000 X153.204 Y173.511
G0 X151.807 Y172.056
G0 X151.435 Y171.25
G0 X151.337 Y170.804
G0 X151.34 Y169.219
G0 X153.347 Y155.653
G0 X154 Y154.57
G0 X150 Y154.09
G0 X150 Y154.4
;TYPE:WALL-INNER
G1 F2400 E522.06079
G1 F5266 X164.4 Y154.4 E522.53974
G1 X164.4 Y125.6 E523.49763
G1 X135.6 Y125.6 E524.45552
G1 X135.6 Y154.4 E525.41341
G1 X150 Y154.4 E525.89236
G0 F15000 X150 Y154.09
G0 X161.143 Y153.888
G0 X161.223 Y153.588
G1 F5266 X160.691 Y153.448 E525.91065
G1 X160.213 Y153.166 E525.92911
G1 X159.83 Y152.789 E525.94699
G1 X159.552 Y152.306 E525.96552
G1 X159.408 Y151.771 E525.98395
G1 X159.408 Y151.218 E526.00234
G1 X159.561 Y150.686 E526.02076
G1 X159.836 Y150.206 E526.03915
G1 X160.215 Y149.829 E526.05693
G1 X160.686 Y149.561 E526.07496
G1 X161.218 Y149.408 E526.09337
G1 X161.775 Y149.408 E526.1119
G1 X162.306 Y149.552 E526.1302
G1 X162.788 Y149.83 E526.1487
G1 X163.166 Y150.212 E526.16658
G1 X163.445 Y150.686 E526.18487
G1 X163.588 Y151.222 E526.20332
G1 X163.588 Y151.765 E526.22138
G1 X163.447 Y152.311 E526.24014
G1 X163.165 Y152.789 E526.2586
G1 X162.789 Y153.165 E526.27628
G1 X162.309 Y153.448 E526.29481
G1 X161.765 Y153.588 E526.3135
G1 X161.223 Y153.588 E526.33152
G0 F15000 X161.143 Y153.888
G0 X160.597 Y153.679
G0 X160.064 Y153.371
G0 X159.629 Y152.936
G0 X159.321 Y152.403
G0 X159.161 Y151.808
G0 X159.161 Y151.459
G0 X161.139 Y131.887
G0 X161.219 Y131.588
G1 F5266 X160.685 Y131.439 E526.34996
G1 X160.221 Y131.173 E526.36775
G1 X159.829 Y130.785 E526.3861
G1 X159.55 Y130.289 E526.40503
G1 X159.414 Y129.778 E526.42261
G1 X159.407 Y129.226 E526.44097
G1 X159.553 Y128.691 E526.45942
G1 X159.827 Y128.217 E526.47763
G1 X160.225 Y127.814 E526.49647
G1 X160.423 Y127.681 E526.5044
G1 X160.879 Y127.493 E526.52081
G1 X161.238 Y127.408 E526.53308
G1 X161.775 Y127.408 E526.55094
G1 X162.306 Y127.552 E526.56924
G1 X162.788 Y127.83 E526.58774
G1 X163.166 Y128.212 E526.60562
G1 X163.445 Y128.686 E526.62391
G1 X163.588 Y129.222 E526.64236
G1 X163.588 Y129.765 E526.66042
G1 X163.447 Y130.311 E526.67918
G1 X163.165 Y130.789 E526.69764
G1 X162.787 Y131.167 E526.71542
G1 X162.31 Y131.448 E526.73383
G1 X161.771 Y131.588 E526.75235
G1 X161.219 Y131.588 E526.77071
G0 F15000 X161.139 Y131.887
G0 X138.854 Y131.889
G0 X138.775 Y131.588
G1 F5266 X138.223 Y131.588 E526.78907
G1 X137.69 Y131.448 E526.8074
G1 X137.215 Y131.169 E526.82572
G1 X136.83 Y130.788 E526.84374
G1 X136.551 Y130.305 E526.86229
G1 X136.408 Y129.766 E526.88084
G1 X136.408 Y129.222 E526.89893
G1 X136.553 Y128.691 E526.91724
G1 X136.829 Y128.213 E526.9356
G1 X137.213 Y127.829 E526.95366
G1 X137.693 Y127.552 E526.97209
G1 X138.234 Y127.408 E526.99071
G1 X138.775 Y127.408 E527.00871
G1 X139.306 Y127.552 E527.027
G1 X139.788 Y127.83 E527.04551
G1 X140.169 Y128.215 E527.06353
G1 X140.448 Y128.69 E527.08185
G1 X140.589 Y129.226 E527.10028
G1 X140.583 Y129.774 E527.11851
G1 X140.441 Y130.321 E527.13731
G1 X140.169 Y130.781 E527.15508
G1 X139.78 Y131.172 E527.17343
G1 X139.314 Y131.439 E527.19129
G1 X138.775 Y131.588 E527.20989
G0 F15000 X138.854 Y131.889
G0 X140.839 Y151.192
G0 X140.839 Y151.808
G0 X140.679 Y152.403
G0 X140.371 Y152.936
G0 X139.936 Y153.371
G0 X139.634 Y153.545
G0 X138.765 Y153.9
G0 X138.765 Y153.588
G1 F5266 X138.223 Y153.588 E527.22791
G1 X137.691 Y153.448 E527.24621
G1 X137.213 Y153.166 E527.26467
G1 X136.83 Y152.789 E527.28255
G1 X136.551 Y152.305 E527.30113
G1 X136.408 Y151.766 E527.31967
G1 X136.408 Y151.222 E527.33777
G1 X136.553 Y150.691 E527.35607
G1 X136.829 Y150.213 E527.37443
G1 X137.213 Y149.829 E527.3925
G1 X137.691 Y149.553 E527.41085
G1 X138.222 Y149.408 E527.42916
G1 X138.779 Y149.408 E527.44769
G1 X139.314 Y149.56 E527.46619
G1 X139.786 Y149.83 E527.48427
G1 X140.176 Y150.226 E527.50276
G1 X140.439 Y150.685 E527.52035
G1 X140.588 Y151.219 E527.53879
G1 X140.588 Y151.771 E527.55715
G1 X140.448 Y152.31 E527.57567
G1 X140.167 Y152.787 E527.59409
G1 X139.789 Y153.165 E527.61187
G1 X139.309 Y153.448 E527.6304
G1 X138.765 Y153.588 E527.64908
G0 F15000 X138.727 Y153.186
;TYPE:WALL-OUTER
G1 F5266 X138.253 Y153.182 E527.66485
G1 X137.844 Y153.074 E527.67892
G1 X137.443 Y152.831 E527.69451
G1 X137.147 Y152.539 E527.70834
G1 X136.918 Y152.129 E527.72396
G1 X136.81 Y151.727 E527.73781
G1 X136.808 Y151.276 E527.75281
G1 X136.938 Y150.824 E527.76845
G1 X137.166 Y150.442 E527.78325
G1 X137.442 Y150.166 E527.79623
G1 X137.824 Y149.938 E527.81103
G1 X138.277 Y149.808 E527.8267
G1 X138.745 Y149.814 E527.84227
G1 X139.129 Y149.918 E527.8555
G1 X139.529 Y150.142 E527.87075
G1 X139.842 Y150.455 E527.88547
G1 X140.072 Y150.844 E527.9005
G1 X140.182 Y151.253 E527.91459
G1 X140.188 Y151.719 E527.93009
G1 X140.075 Y152.156 E527.9451
G1 X139.83 Y152.558 E527.96076
G1 X139.518 Y152.861 E527.97522
G1 X139.154 Y153.075 E527.98927
G1 X138.727 Y153.186 E528.00394
G1 F2400 E527.50394
G0 F15000 X138.91 Y153.874
G0 X150 Y154.09
G0 X150 Y154.8
G1 F2400 E528.00394
G1 F5266 X164.8 Y154.8 E528.49619
G1 X164.8 Y125.2 E529.48069
G1 X135.2 Y125.2 E530.46519
G1 X135.2 Y154.8 E531.44969
G1 X150 Y154.8 E531.94194
G1 F2400 E531.44194
G0 F15000 X150 Y154.09
G0 X161.91 Y153.874
G0 X161.727 Y153.186
G1 F2400 E531.94194
G1 F5266 X161.253 Y153.182 E531.95771
G1 X160.844 Y153.074 E531.97178
G1 X160.443 Y152.831 E531.98737
G1 X160.147 Y152.539 E532.0012
G1 X159.918 Y152.129 E532.01682
G1 X159.808 Y151.719 E532.03094
G1 X159.808 Y151.276 E532.04567
G1 X159.928 Y150.844 E532.06059
G1 X160.144 Y150.468 E532.07501
G1 X160.46 Y150.15 E532.08992
G1 X160.844 Y149.928 E532.10467
G1 X161.278 Y149.808 E532.11965
G1 X161.745 Y149.814 E532.13518
G1 X162.129 Y149.918 E532.14842
G1 X162.54 Y150.148 E532.16408
G1 X162.861 Y150.482 E532.17949
G1 X163.075 Y150.845 E532.1935
G1 X163.182 Y151.253 E532.20753
G1 X163.186 Y151.727 E532.2233
G1 X163.075 Y152.156 E532.23804
G1 X162.83 Y152.558 E532.25369
G1 X162.518 Y152.861 E532.26816
G1 X162.154 Y153.075 E532.2822
G1 X161.727 Y153.186 E532.29688
G1 F2400 E531.79688
G0 F15000 X161.91 Y153.874
G0 X162.403 Y153.679
G0 X162.936 Y153.371
G0 X163.371 Y152.936
G0 X163.679 Y152.403
G0 X163.839 Y151.808
G0 X163.839 Y151.459
G0 X161.093 Y131.874
G0 X161.277 Y131.188
G1 F2400 E532.29688
G1 F5266 X160.845 Y131.075 E532.31173
G1 X160.47 Y130.853 E532.32622
G1 X160.148 Y130.538 E532.34121
G1 X159.931 Y130.163 E532.35562
G1 X159.814 Y129.745 E532.37005
G1 X159.808 Y129.277 E532.38562
G1 X159.938 Y128.824 E532.4013
G1 X160.165 Y128.443 E532.41605
G1 X160.538 Y128.066 E532.43369
G1 X161.067 Y127.852 E532.45267
G1 X161.269 Y127.811 E532.45952
G1 X161.745 Y127.814 E532.47535
G1 X162.129 Y127.918 E532.48858
G1 X162.54 Y128.148 E532.50425
G1 X162.861 Y128.482 E532.51966
G1 X163.075 Y128.845 E532.53367
G1 X163.182 Y129.253 E532.5477
G1 X163.186 Y129.727 E532.56347
G1 X163.075 Y130.156 E532.57821
G1 X162.83 Y130.558 E532.59386
G1 X162.518 Y130.861 E532.60833
G1 X162.154 Y131.075 E532.62237
G1 X161.743 Y131.182 E532.6365
G1 X161.277 Y131.188 E532.652
G1 F2400 E532.152
G0 F15000 X161.093 Y131.874
G0 X138.093 Y131.874
G0 X138.277 Y131.188
G1 F2400 E532.652
G1 F5266 X137.844 Y131.074 E532.66689
G1 X137.443 Y130.831 E532.68249
G1 X137.147 Y130.539 E532.69632
G1 X136.918 Y130.129 E532.71194
G1 X136.81 Y129.727 E532.72578
G1 X136.808 Y129.276 E532.74078
G1 X136.938 Y128.824 E532.75642
G1 X137.166 Y128.442 E532.77122
G1 X137.442 Y128.166 E532.7842
G1 X137.824 Y127.938 E532.799
G1 X138.269 Y127.811 E532.81439
G1 X138.745 Y127.814 E532.83022
G1 X139.129 Y127.918 E532.84345
G1 X139.54 Y128.148 E532.85912
G1 X139.861 Y128.482 E532.87453
G1 X140.075 Y128.845 E532.88854
G1 X140.182 Y129.253 E532.90257
G1 X140.187 Y129.72 E532.9181
G1 X140.076 Y130.147 E532.93278
G1 X139.848 Y130.538 E532.94783
G1 X139.549 Y130.838 E532.96192
G1 X139.156 Y131.072 E532.97713
G1 X138.743 Y131.182 E532.99135
G1 X138.277 Y131.188 E533.00685
G0 F15000 X138.093 Y131.874
G0 X137.812 Y131.763
G0 X136.872 Y131.264
G0 X137.035 Y131.102
;TYPE:FILL
G1 F5266 X135.68 Y136.157 E533.18091
G0 F15000 X135.91 Y136.157
G0 X135.91 Y133.68
G0 X135.68 Y133.68
G1 F5266 X156.319 Y154.32 E534.15173
G0 F15000 X155.66 Y154.321
G1 F5266 X161.73 Y131.667 E534.93179
G0 F15000 X161.73 Y131.9
G0 X164.09 Y131.062
G0 X164.32 Y131.062
G1 F5266 X135.681 Y138.736 E535.91793
G0 F15000 X135.91 Y138.736
G0 X135.91 Y144.994
G0 X135.68 Y144.994
G1 F5266 X145.006 Y154.32 E536.35659
G0 F15000 X145.006 Y154.09
G0 X147.378 Y154.09
G0 X147.378 Y154.32
G1 F5266 X155.052 Y125.679 E537.3428
G0 F15000 X155.052 Y125.91
G0 X153.496 Y125.91
G0 X153.496 Y125.68
G1 F5266 X140.645 Y129.123 E537.7853
G0 F15000 X140.868 Y129.065
G0 X140.679 Y128.597
G0 X140.371 Y128.064
G0 X139.936 Y127.629
G0 X139.403 Y127.321
G0 X138.921 Y127.191
G0 X137.973 Y127.157
G0 X138.032 Y127.381
G1 F5266 X138.488 Y125.68 E537.84387
G0 F15000 X138.993 Y125.68
G1 F5266 X164.32 Y151.007 E539.03518
G0 F15000 X164.09 Y151.007
G0 X164.09 Y152.91
G0 X164.32 Y152.91
G1 F5266 X163.942 Y154.321 E539.08376
G0 F15000 X163.942 Y154.09
G0 X164.09 Y147.626
G0 X164.32 Y147.626
G1 F5266 X139.339 Y154.32 E539.94395
G0 F15000 X139.095 Y154.321
G1 F5266 X139.307 Y153.53 E539.97118
G0 F15000 X139.365 Y153.752
G0 X139.936 Y153.371
G0 X140.371 Y152.936
G0 X140.679 Y152.403
G0 X140.839 Y151.808
G0 X140.839 Y151.192
G0 X140.748 Y150.855
G0 X140.378 Y149.986
G0 X140.213 Y150.15
G1 F5266 X146.77 Y125.679 E540.8138
G0 F15000 X146.77 Y125.91
G0 X150.307 Y125.91
G0 X150.307 Y125.68
G1 F5266 X164.32 Y139.693 E541.47293
G0 F15000 X164.32 Y139.344
G1 F5266 X135.68 Y147.018 E542.45911
G0 F15000 X135.91 Y147.018
G0 X135.91 Y130.454
G0 X135.68 Y130.454
G1 F5266 X136.453 Y130.246 E542.48573
G0 F15000 X136.231 Y130.304
G0 X136.629 Y130.936
G0 X137.064 Y131.371
G0 X137.597 Y131.679
G0 X138.192 Y131.839
G0 X138.691 Y131.839
G0 X161.621 Y125.91
G0 X161.621 Y125.68
G1 F5266 X164.32 Y128.379 E542.61268
G0 F15000 X164.09 Y128.379
G0 X162.898 Y127.537
G0 X162.784 Y127.733
G1 F5266 X163.334 Y125.679 E542.68341
G0 F15000 X163.334 Y126.21
G1 F2400 E542.18341
;MESH:NONMESH
G0 F300 X163.334 Y126.21 Z2.2
G0 F15000 X160.401 Y127.857
G0 X159.994 Y128.264
G0 X146 Y154.57
G0 X146.653 Y155.653
G0 X146.731 Y166.287
G0 X146 Y166.844
;TIME_ELAPSED:644.131576
;LAYER:10
;TYPE:SUPPORT
G1 F2400 E542.68341
G1 F6000 X146.062 Y166.994 E542.6888
G1 X146.341 Y167.418 E542.70569
G1 X146.592 Y167.681 E542.71778
G1 X146.821 Y167.884 E542.72796
G1 X146.991 Y167.985 E542.73453
G1 X147.48 Y168.46 E542.75721
G1 X147.736 Y169.019 E542.77766
G1 X147.799 Y169.29 E542.78691
G1 X147.796 Y170.796 E542.837
G1 X147.551 Y171.437 E542.85982
G1 X147.182 Y171.864 E542.87859
G1 X146.852 Y172.088 E542.89186
G1 X146.608 Y172.28 E542.90219
G1 X146.304 Y172.602 E542.91692
G1 X146.07 Y172.962 E542.9312
G1 X146 Y173.123 E542.93704
G1 X146 Y166.844 E543.14588
G1 X145.94 Y166.697 E543.15116
G1 X145.841 Y166.309 E543.16448
G1 X145.8 Y165.88 E543.17881
G1 X145.8 Y156.2 E543.50077
G1 X145.6 Y156.2 E543.50742
G1 X145.6 Y175.6 E544.15267
G1 X144 Y175.6 E544.20588
G1 X144 Y175.8 E544.21253
G1 X142.2 Y175.8 E544.2724
G1 X142.2 Y174.124 E544.32815
G1 X142.166 Y173.731 E544.34127
G1 X142.087 Y173.385 E544.35307
G1 X141.923 Y172.977 E544.3677
G1 X141.656 Y172.583 E544.38353
G1 X141.368 Y172.29 E544.39719
G1 X141.015 Y172.019 E544.41199
G1 X140.524 Y171.546 E544.43467
G1 X140.258 Y170.971 E544.45574
G1 X140.201 Y170.713 E544.46453
G1 X140.204 Y169.203 E544.51475
G1 X140.46 Y168.533 E544.53861
G1 X140.792 Y168.162 E544.55516
G1 X141.356 Y167.765 E544.5781
G1 X141.665 Y167.432 E544.59321
G1 X141.909 Y167.073 E544.60765
G1 X142 Y166.85 E544.61566
G1 X142 Y173.168 E544.8258
G1 F2400 E544.3258
G0 F15000 X141.197 Y173.488
G0 X141.347 Y176.653
G0 X158.653 Y176.653
G0 X160.66 Y170.956
G0 X160.663 Y169.192
G0 X160.557 Y168.739
G0 X160.233 Y168.031
G0 X158.8 Y166.514
G0 X158 Y166.844
G1 F2400 E544.8258
G1 F6000 X158.062 Y166.994 E544.8312
G1 X158.341 Y167.418 E544.84808
G1 X158.592 Y167.681 E544.86017
G1 X158.821 Y167.884 E544.87035
G1 X158.991 Y167.985 E544.87693
G1 X159.48 Y168.46 E544.8996
G1 X159.736 Y169.019 E544.92005
G1 X159.799 Y169.29 E544.9293
G1 X159.796 Y170.796 E544.97939
G1 X159.551 Y171.437 E545.00222
G1 X159.182 Y171.864 E545.02099
G1 X158.852 Y172.088 E545.03425
G1 X158.608 Y172.28 E545.04458
G1 X158.304 Y172.602 E545.05931
G1 X158.07 Y172.962 E545.07359
G1 X158 Y173.123 E545.07943
G1 X158 Y166.844 E545.28827
G1 X157.94 Y166.697 E545.29355
G1 X157.841 Y166.309 E545.30687
G1 X157.8 Y165.88 E545.3212
G1 X157.8 Y156.2 E545.64316
G1 X157.6 Y156.2 E545.64981
G1 X157.6 Y175.6 E546.29506
G1 X156 Y175.6 E546.34828
G1 X156 Y175.8 E546.35493
G1 X154.2 Y175.8 E546.4148
G1 X154.2 Y174.124 E546.47054
G1 X154.166 Y173.731 E546.48366
G1 X154.087 Y173.385 E546.49546
G1 X153.923 Y172.977 E546.51009
G1 X153.656 Y172.583 E546.52592
G1 X153.368 Y172.29 E546.53958
G1 X153.015 Y172.019 E546.55439
G1 X152.524 Y171.546 E546.57706
G1 X152.258 Y170.971 E546.59813
G1 X152.201 Y170.713 E546.60692
G1 X152.204 Y169.203 E546.65714
G1 X152.46 Y168.533 E546.681
G1 X152.792 Y168.162 E546.69756
G1 X153.356 Y167.765 E546.7205
G1 X153.665 Y167.432 E546.73561
G1 X153.909 Y167.073 E546.75005
G1 X154 Y166.85 E546.75806
G1 X154 Y173.168 E546.96819
G1 F2400 E546.46819
G0 F15000 X154.6 Y174.629
;TYPE:SUPPORT-INTERFACE
G1 F2400 E546.96819
G1 F6000 X157.4 Y171.829 E547.0999
G0 F15000 X157.4 Y170.976
G1 F6000 X154.6 Y168.176 E547.2316
G0 F15000 X154.6 Y167.841
G1 F6000 X157.4 Y165.041 E547.3633
G0 F15000 X157.4 Y164.188
G1 F6000 X154.6 Y161.388 E547.49501
G0 F15000 X154.6 Y161.053
G1 F6000 X157.4 Y158.253 E547.62671
G0 F15000 X157.4 Y157.4
G1 F6000 X155.8 Y155.8 E547.70197
G0 F15000 X156.458 Y155.8
G1 F6000 X154.6 Y157.659 E547.78939
G0 F15000 X154.6 Y157.994
G1 F6000 X157.4 Y160.794 E547.92109
G0 F15000 X157.4 Y161.647
G1 F6000 X154.6 Y164.447 E548.05279
G0 F15000 X154.6 Y164.782
G1 F6000 X157.4 Y167.582 E548.1845
G0 F15000 X157.4 Y168.435
G1 F6000 X154.6 Y171.235 E548.3162
G0 F15000 X154.6 Y171.57
G1 F6000 X157.4 Y174.37 E548.44791
G0 F15000 X157.4 Y175.223
G1 F6000 X157.223 Y175.4 E548.45623
G1 F2400 E547.95623
G0 F15000 X155.035 Y175.4
G1 F2400 E548.45623
G1 F6000 X154.6 Y174.964 E548.47672
G1 F2400 E547.97672
G0 F15000 X153.335 Y174.964
G0 X146.685 Y173.917
G0 X145.4 Y173.646
G1 F2400 E548.47672
G1 F6000 X143.647 Y175.4 E548.55919
G0 F15000 X144.853 Y175.4
G1 F6000 X142.6 Y173.147 E548.66517
G1 X142.6 Y173.052
G1 X145.4 Y170.252 E548.79687
G0 F15000 X145.4 Y169.159
G1 F6000 X142.6 Y166.359 E548.92858
G1 X142.6 Y166.264
G1 X145.4 Y163.464 E549.06028
G0 F15000 X145.4 Y162.371
G1 F6000 X142.6 Y159.571 E549.19198
G1 X142.6 Y159.476
G1 X145.4 Y156.676 E549.32369
G1 F2400 E548.82369
G0 F15000 X145.4 Y158.977
G1 F2400 E549.32369
G1 F6000 X142.6 Y156.177 E549.45539
G1 X142.6 Y156.082
G1 X142.882 Y155.8 E549.46865
G1 F2400 E548.96865
G0 F15000 X141.335 Y155.8
G0 X139.34 Y169.043
G0 X139.337 Y170.804
G0 X139.435 Y171.25
G0 X141.347 Y176.653
G0 X146.653 Y176.653
G0 X148.66 Y170.956
G0 X148.663 Y169.368
G0 X146.665 Y160.07
G0 X145.4 Y160.07
G1 F2400 E549.46865
G1 F6000 X142.6 Y162.87 E549.60036
G1 X142.6 Y162.965
G1 X145.4 Y165.765 E549.73206
G0 F15000 X145.4 Y166.858
G1 F6000 X142.6 Y169.658 E549.86376
G1 X142.6 Y169.753
G1 X145.4 Y172.553 E549.99547
G1 F2400 E549.49547
;MESH:Limiter bracket.stl
G0 F15000 X146.836 Y173.37
G0 X147.76 Y172.515
G0 X148.304 Y171.886
G0 X148.66 Y170.956
G0 X148.663 Y169.368
G0 X146.653 Y155.653
G0 X145.4 Y154.57
G0 X150 Y154.09
G0 X150 Y154.4
;TYPE:WALL-INNER
G1 F2400 E549.99547
G1 F6000 X164.4 Y154.4 E550.47441
G1 X164.4 Y125.6 E551.43231
G1 X135.6 Y125.6 E552.3902
G1 X135.6 Y154.4 E553.34809
G1 X150 Y154.4 E553.82703
G0 F15000 X150 Y154.09
G0 X161.143 Y153.888
G0 X161.223 Y153.588
G1 F6000 X160.691 Y153.448 E553.84533
G1 X160.213 Y153.166 E553.86379
G1 X159.83 Y152.789 E553.88167
G1 X159.552 Y152.306 E553.9002
G1 X159.408 Y151.771 E553.91863
G1 X159.408 Y151.218 E553.93702
G1 X159.561 Y150.686 E553.95543
G1 X159.836 Y150.206 E553.97383
G1 X160.215 Y149.829 E553.99161
G1 X160.686 Y149.561 E554.00964
G1 X161.218 Y149.408 E554.02805
G1 X161.775 Y149.408 E554.04657
G1 X162.306 Y149.552 E554.06487
G1 X162.788 Y149.83 E554.08338
G1 X163.166 Y150.212 E554.10125
G1 X163.445 Y150.686 E554.11955
G1 X163.588 Y151.222 E554.138
G1 X163.588 Y151.765 E554.15606
G1 X163.447 Y152.311 E554.17481
G1 X163.165 Y152.789 E554.19327
G1 X162.789 Y153.165 E554.21096
G1 X162.309 Y153.448 E554.22949
G1 X161.765 Y153.588 E554.24818
G1 X161.223 Y153.588 E554.2662
G0 F15000 X161.143 Y153.888
G0 X160.597 Y153.679
G0 X160.064 Y153.371
G0 X159.629 Y152.936
G0 X159.321 Y152.403
G0 X159.161 Y151.808
G0 X159.161 Y151.459
G0 X161.139 Y131.887
G0 X161.219 Y131.588
G1 F6000 X160.685 Y131.439 E554.28464
G1 X160.222 Y131.173 E554.3024
G1 X159.832 Y130.791 E554.32056
G1 X159.55 Y130.289 E554.33971
G1 X159.414 Y129.778 E554.3573
G1 X159.407 Y129.226 E554.37566
G1 X159.553 Y128.691 E554.3941
G1 X159.827 Y128.217 E554.41231
G1 X160.225 Y127.814 E554.43115
G1 X160.423 Y127.681 E554.43908
G1 X160.879 Y127.493 E554.45549
G1 X161.238 Y127.408 E554.46776
G1 X161.775 Y127.408 E554.48562
G1 X162.306 Y127.552 E554.50392
G1 X162.788 Y127.83 E554.52243
G1 X163.166 Y128.212 E554.5403
G1 X163.445 Y128.686 E554.55859
G1 X163.588 Y129.222 E554.57705
G1 X163.588 Y129.765 E554.59511
G1 X163.447 Y130.311 E554.61386
G1 X163.165 Y130.789 E554.63232
G1 X162.787 Y131.167 E554.6501
G1 X162.31 Y131.448 E554.66851
G1 X161.771 Y131.588 E554.68704
G1 X161.219 Y131.588 E554.7054
G0 F15000 X161.139 Y131.887
G0 X138.854 Y131.889
G0 X138.775 Y131.588
G1 F6000 X138.223 Y131.588 E554.72375
G1 X137.69 Y131.448 E554.74208
G1 X137.215 Y131.169 E554.76041
G1 X136.83 Y130.788 E554.77842
G1 X136.551 Y130.305 E554.79697
G1 X136.408 Y129.766 E554.81552
G1 X136.408 Y129.222 E554.83361
G1 X136.553 Y128.691 E554.85192
G1 X136.829 Y128.213 E554.87028
G1 X137.213 Y127.829 E554.88834
G1 X137.693 Y127.552 E554.90678
G1 X138.234 Y127.408 E554.9254
G1 X138.775 Y127.408 E554.94339
G1 X139.306 Y127.552 E554.96169
G1 X139.788 Y127.83 E554.9802
G1 X140.169 Y128.215 E554.99821
G1 X140.448 Y128.69 E555.01653
G1 X140.589 Y129.226 E555.03497
G1 X140.583 Y129.774 E555.05319
G1 X140.441 Y130.321 E555.07199
G1 X140.162 Y130.792 E555.0902
G1 X139.779 Y131.173 E555.10817
G1 X139.314 Y131.439 E555.12598
G1 X138.775 Y131.588 E555.14458
G0 F15000 X138.854 Y131.889
G0 X140.839 Y151.192
G0 X140.839 Y151.808
G0 X140.679 Y152.403
G0 X140.371 Y152.936
G0 X139.936 Y153.371
G0 X139.634 Y153.545
G0 X138.765 Y153.9
G0 X138.765 Y153.588
G1 F6000 X138.223 Y153.588 E555.16261
G1 X137.691 Y153.448 E555.18091
G1 X137.213 Y153.166 E555.19937
G1 X136.83 Y152.789 E555.21724
G1 X136.551 Y152.305 E555.23582
G1 X136.408 Y151.766 E555.25437
G1 X136.408 Y151.222 E555.27246
G1 X136.553 Y150.691 E555.29077
G1 X136.829 Y150.213 E555.30913
G1 X137.213 Y149.829 E555.32719
G1 X137.691 Y149.553 E555.34555
G1 X138.222 Y149.408 E555.36386
G1 X138.779 Y149.408 E555.38238
G1 X139.314 Y149.56 E555.40088
G1 X139.786 Y149.83 E555.41897
G1 X140.176 Y150.226 E555.43745
G1 X140.439 Y150.685 E555.45505
G1 X140.588 Y151.219 E555.47349
G1 X140.588 Y151.771 E555.49185
G1 X140.448 Y152.31 E555.51037
G1 X140.167 Y152.787 E555.52878
G1 X139.789 Y153.165 E555.54656
G1 X139.309 Y153.448 E555.5651
G1 X138.765 Y153.588 E555.58378
G0 F15000 X138.727 Y153.186
;TYPE:WALL-OUTER
G1 F6000 X138.253 Y153.182 E555.59954
G1 X137.844 Y153.074 E555.61361
G1 X137.443 Y152.831 E555.62921
G1 X137.147 Y152.539 E555.64304
G1 X136.918 Y152.129 E555.65866
G1 X136.81 Y151.727 E555.6725
G1 X136.808 Y151.276 E555.6875
G1 X136.938 Y150.824 E555.70315
G1 X137.166 Y150.442 E555.71794
G1 X137.442 Y150.166 E555.73092
G1 X137.824 Y149.938 E555.74572
G1 X138.277 Y149.808 E555.7614
G1 X138.745 Y149.814 E555.77696
G1 X139.129 Y149.918 E555.7902
G1 X139.529 Y150.142 E555.80544
G1 X139.842 Y150.455 E555.82017
G1 X140.072 Y150.844 E555.8352
G1 X140.182 Y151.253 E555.84928
G1 X140.188 Y151.719 E555.86478
G1 X140.075 Y152.156 E555.8798
G1 X139.83 Y152.558 E555.89545
G1 X139.518 Y152.861 E555.90992
G1 X139.154 Y153.075 E555.92396
G1 X138.727 Y153.186 E555.93864
G1 F2400 E555.43864
G0 F15000 X138.91 Y153.874
G0 X150 Y154.09
G0 X150 Y154.8
G1 F2400 E555.93864
G1 F6000 X164.8 Y154.8 E556.43089
G1 X164.8 Y125.2 E557.41539
G1 X135.2 Y125.2 E558.39989
G1 X135.2 Y154.8 E559.38439
G1 X150 Y154.8 E559.87664
G1 F2400 E559.37664
G0 F15000 X150 Y154.09
G0 X161.91 Y153.874
G0 X161.727 Y153.186
G1 F2400 E559.87664
G1 F6000 X161.253 Y153.182 E559.8924
G1 X160.844 Y153.074 E559.90647
G1 X160.443 Y152.831 E559.92207
G1 X160.147 Y152.539 E559.9359
G1 X159.918 Y152.129 E559.95152
G1 X159.808 Y151.719 E559.96564
G1 X159.808 Y151.276 E559.98037
G1 X159.928 Y150.844 E559.99528
G1 X160.144 Y150.468 E560.00971
G1 X160.46 Y150.15 E560.02462
G1 X160.844 Y149.928 E560.03937
G1 X161.278 Y149.808 E560.05435
G1 X161.745 Y149.814 E560.06988
G1 X162.129 Y149.918 E560.08311
G1 X162.54 Y150.148 E560.09878
G1 X162.861 Y150.482 E560.11418
G1 X163.075 Y150.845 E560.1282
G1 X163.182 Y151.253 E560.14223
G1 X163.186 Y151.727 E560.15799
G1 X163.075 Y152.156 E560.17273
G1 X162.83 Y152.558 E560.18839
G1 X162.518 Y152.861 E560.20286
G1 X162.154 Y153.075 E560.2169
G1 X161.727 Y153.186 E560.23157
G1 F2400 E559.73157
G0 F15000 X161.91 Y153.874
G0 X162.403 Y153.679
G0 X162.936 Y153.371
G0 X163.371 Y152.936
G0 X163.679 Y152.403
G0 X163.839 Y151.808
G0 X163.839 Y151.459
G0 X161.093 Y131.874
G0 X161.277 Y131.188
G1 F2400 E560.23157
G1 F6000 X160.845 Y131.075 E560.24643
G1 X160.47 Y130.853 E560.26092
G1 X160.148 Y130.538 E560.2759
G1 X159.931 Y130.163 E560.29031
G1 X159.814 Y129.745 E560.30475
G1 X159.808 Y129.277 E560.32032
G1 X159.938 Y128.824 E560.33599
G1 X160.165 Y128.443 E560.35074
G1 X160.538 Y128.066 E560.36838
G1 X161.067 Y127.852 E560.38736
G1 X161.269 Y127.811 E560.39422
G1 X161.745 Y127.814 E560.41005
G1 X162.129 Y127.918 E560.42328
G1 X162.54 Y128.148 E560.43895
G1 X162.861 Y128.482 E560.45435
G1 X163.075 Y128.845 E560.46837
G1 X163.182 Y129.253 E560.4824
G1 X163.186 Y129.727 E560.49816
G1 X163.075 Y130.156 E560.5129
G1 X162.83 Y130.558 E560.52856
G1 X162.518 Y130.861 E560.54303
G1 X162.154 Y131.075 E560.55707
G1 X161.743 Y131.182 E560.57119
G1 X161.277 Y131.188 E560.5867
G1 F2400 E560.0867
G0 F15000 X161.093 Y131.874
G0 X138.093 Y131.874
G0 X138.277 Y131.188
G1 F2400 E560.5867
G1 F6000 X137.844 Y131.074 E560.60159
G1 X137.443 Y130.831 E560.61718
G1 X137.147 Y130.539 E560.63101
G1 X136.918 Y130.129 E560.64663
G1 X136.81 Y129.727 E560.66048
G1 X136.808 Y129.276 E560.67548
G1 X136.938 Y128.824 E560.69112
G1 X137.166 Y128.442 E560.70592
G1 X137.442 Y128.166 E560.7189
G1 X137.824 Y127.938 E560.73369
G1 X138.269 Y127.811 E560.74909
G1 X138.745 Y127.814 E560.76492
G1 X139.129 Y127.918 E560.77815
G1 X139.54 Y128.148 E560.79382
G1 X139.861 Y128.482 E560.80922
G1 X140.075 Y128.845 E560.82324
G1 X140.182 Y129.253 E560.83727
G1 X140.187 Y129.72 E560.8528
G1 X140.076 Y130.147 E560.86747
G1 X139.848 Y130.538 E560.88253
G1 X139.549 Y130.838 E560.89662
G1 X139.156 Y131.072 E560.91183
G1 X138.743 Y131.182 E560.92604
G1 X138.277 Y131.188 E560.94155
G0 F15000 X138 Y131.737
;TYPE:FILL
G1 F12000 X138 Y135.8 E561.07668
G0 F15000 X137.6 Y135.4
G1 F12000 X137.6 Y131.627 E561.20217
G0 F15000 X137.2 Y131.392
G1 F12000 X137.2 Y135 E561.32217
G0 F15000 X136.4 Y134.202
G1 F12000 X143.2 Y141 E561.64198
G1 X143.2 Y138.459 E561.72649
G1 X143.537 Y137.2 E561.76984
G0 F15000 X143.2 Y136.868
G1 F12000 X141.958 Y137.2 E561.8126
G1 X143.537 Y137.2 E561.86512
G1 X144.8 Y132.49 E562.02731
G1 X144.8 Y131.286 E562.06735
G1 X144.8 Y131.288
G1 X143.2 Y129.688 E562.14261
G1 X143.2 Y136.868 E562.38142
G1 X144.8 Y136.438 E562.43652
G1 X144.8 Y132.486 E562.56797
G1 X146.624 Y125.679 E562.80236
G0 F15000 X146.431 Y126.4
G1 F12000 X151.046 Y126.4 E562.95585
G0 F15000 X151.473 Y126.4
G1 F12000 X154.712 Y126.4 E563.06358
G0 F15000 X154.906 Y125.679
G1 F12000 X147.426 Y153.6 E564.02499
G1 X147.402 Y153.683
G1 X147.298 Y154.07 E564.03831
G1 X144.366 Y153.48 E564.13779
G1 X143.2 Y152.317 E564.19256
G1 X143.2 Y153.432 E564.22965
G1 X143.2 Y154.2 E564.25519
G0 F15000 X143.2 Y153.432
G0 X143.2 Y152.317
G1 F12000 X143.2 Y145.149 E564.4936
G1 X144.8 Y144.72 E564.5487
G1 X144.8 Y144.721
G1 X144.8 Y153.003 E564.82416
G1 X144.466 Y153.092 E564.83565
G1 X147.402 Y153.683 E564.93526
G1 X147.426 Y153.6 E564.93814
G1 X155.705 Y153.6 E565.2135
G1 X156.8 Y149.52 E565.354
G0 F15000 X156.539 Y150.492
G1 F12000 X159.441 Y150.494 E565.45052
G0 F15000 X159.29 Y150.894
G1 F12000 X156.432 Y150.892 E565.54558
G0 F15000 X156.325 Y151.292
G1 F12000 X159.208 Y151.294 E565.64147
G0 F15000 X159.208 Y151.694
G1 F12000 X156.218 Y151.692 E565.74092
G0 F15000 X156.11 Y152.092
G1 F12000 X159.287 Y152.094 E565.84658
G0 F15000 X159.429 Y152.494
G1 F12000 X156.003 Y152.492 E565.96053
G0 F15000 X155.896 Y152.892
G1 F12000 X159.659 Y152.894 E566.08569
G0 F15000 X160.058 Y153.294
G1 F12000 X155.789 Y153.292 E566.22768
G0 F15000 X155.705 Y153.6
G1 F12000 X155.514 Y154.321 E566.25249
G0 F15000 X155.891 Y153.692
G1 F12000 X160.843 Y153.695 E566.41719
G0 F15000 X160.815 Y153.8
G0 X162.174 Y153.803
G0 X162.147 Y153.696
G1 F12000 X163.962 Y153.697 E566.47756
G0 F15000 X164.07 Y153.297
G1 F12000 X162.941 Y153.296 E566.51511
G0 F15000 X163.334 Y152.896
G1 F12000 X164.177 Y152.897 E566.54315
G0 F15000 X164.32 Y152.366
G1 F12000 X163.796 Y154.321 E566.61047
G0 F15000 X163.796 Y154.09
G0 X164.09 Y150.807
G0 X164.32 Y150.807
G1 F12000 X163.6 Y150.086 E566.64436
G0 F15000 X163.2 Y149.686
G1 F12000 X163.6 Y150.086 E566.66317
G1 X163.6 Y147.964 E566.73375
G1 X163.2 Y148.071 E566.74752
G1 X163.2 Y149.686 E566.80124
G1 X162.8 Y149.286 E566.82005
G0 F15000 X162.8 Y148.178
G1 F12000 X163.2 Y148.071 E566.83382
G0 F15000 X163.6 Y147.965
G0 X164.319 Y147.772
G1 F12000 X163.6 Y147.965 E566.85858
G1 X163.6 Y139.682 E567.13408
G1 X156.8 Y141.504 E567.36822
G1 X156.8 Y143.286 E567.42749
G1 X156.8 Y149.52 E567.63484
G1 X161.584 Y131.667 E568.24958
G0 F15000 X162 Y131.829
G1 F12000 X156.8 Y133.224 E568.42865
G1 X156.8 Y133.222
G1 X156.8 Y131.975 E568.47012
G1 X155.2 Y130.375 E568.54538
G1 X155.2 Y130.373
G1 X155.2 Y125.8 E568.69748
G0 F15000 X155.6 Y125.8
G1 F12000 X155.6 Y130.773 E568.86288
G0 F15000 X156.4 Y131.573
G1 F12000 X156.4 Y125.8 E569.05489
G0 F15000 X156.8 Y125.8
G1 F12000 X156.8 Y131.973 E569.26021
G1 X156.8 Y131.975
G1 X162 Y137.173 E569.50475
G0 F15000 X162.8 Y137.973
G1 F12000 X162 Y137.173 E569.54238
G1 X162 Y131.829 E569.72013
G1 X162.8 Y131.615 E569.74767
G0 F15000 X163.6 Y131.4
G1 F12000 X162.8 Y131.615 E569.77522
G1 X162.8 Y137.973 E569.98669
G1 X163.6 Y138.773 E570.02432
G0 F15000 X163.6 Y139.682
G1 F12000 X164.32 Y139.49 E570.0491
G1 X164.32 Y139.494
G1 X163.6 Y138.773 E570.08299
G1 X163.6 Y131.4 E570.32822
G1 X164.32 Y131.208 E570.353
G0 F15000 X164.09 Y131.208
G0 X164.09 Y128.18
G0 X164.32 Y128.18
G1 F12000 X161.82 Y125.68 E570.4706
G0 F15000 X161.6 Y125.8
G1 F12000 X161.6 Y127.208 E570.51743
G0 F15000 X161.2 Y127.212
G1 F12000 X161.2 Y125.8 E570.56439
G0 F15000 X160.4 Y125.8
G1 F12000 X160.4 Y127.474 E570.62007
G0 F15000 X160 Y127.757
G1 F12000 X160 Y125.8 E570.68516
G0 F15000 X159.2 Y125.8
G1 F12000 X159.2 Y132.58 E570.91066
G0 F15000 X159.6 Y132.473
G1 F12000 X159.6 Y130.791 E570.9666
G0 F15000 X160 Y131.236
G1 F12000 X160 Y132.366 E571.00419
G0 F15000 X158.8 Y132.688
G1 F12000 X158.8 Y125.8 E571.23328
G0 F15000 X158 Y125.8
G1 F12000 X158 Y132.902 E571.4695
G0 F15000 X157.6 Y132.773
G1 F12000 X157.6 Y125.8 E571.70142
G0 F15000 X157.2 Y125.8
G1 F12000 X157.2 Y132.373 E571.92004
G0 F15000 X155.2 Y133.651
G1 F12000 X155.2 Y130.375 E572.029
G1 X150.506 Y125.68 E572.24981
G0 F15000 X150.506 Y125.91
G0 X154.04 Y125.91
G0 X154.04 Y125.68
G1 F12000 X144.8 Y128.156 E572.56798
G1 X144.8 Y131.286 E572.67209
G1 X155.2 Y141.686 E573.16127
G1 X155.2 Y133.651 E573.42851
G1 X144.8 Y136.438 E573.78662
G1 X144.8 Y136.439
G1 X144.8 Y142.6 E573.99154
G1 X143.2 Y141.002 E574.06675
G1 X143.2 Y145.15 E574.20472
G1 X136.4 Y146.972 E574.43886
G0 F15000 X135.68 Y147.164
G1 F12000 X136.4 Y146.972 E574.46365
G1 X136.4 Y145.515 E574.51211
G1 X135.68 Y144.794 E574.546
G0 F15000 X135.91 Y144.794
G0 X136.4 Y145.513
G0 X135.91 Y147.6
G0 X135.8 Y147.6
G1 F12000 X138.485 Y147.6 E574.6353
G0 F15000 X138.885 Y148
G1 F12000 X135.8 Y148 E574.73791
G0 F15000 X135.8 Y148.8
G1 F12000 X139.685 Y148.8 E574.86712
G0 F15000 X140.085 Y149.2
G1 F12000 X135.8 Y149.2 E575.00964
G0 F15000 X135.8 Y150
G1 F12000 X136.76 Y150 E575.04157
G0 F15000 X136.684 Y149.924
G0 X136.321 Y150.597
G0 X136.161 Y151.192
G0 X136.161 Y151.691
G0 X136.307 Y152.5
G0 X136.4 Y152.447
G1 F12000 X136.4 Y154.2 E575.09988
G0 F15000 X136.4 Y154.09
G0 X138.95 Y154.09
G0 X138.95 Y154.32
G1 F12000 X139.15 Y153.571 E575.12566
G0 F15000 X139.209 Y153.794
G0 X139.883 Y154.09
G0 X139.883 Y154.32
G1 F12000 X141.2 Y153.968 E575.171
G0 F15000 X140.4 Y154.182
G1 F12000 X140.4 Y152.785 E575.21747
G0 F15000 X140.496 Y152.841
G0 X140.691 Y152.255
G0 X141.2 Y150.317
G1 F12000 X136.4 Y145.513 E575.44334
G1 X136.4 Y138.689 E575.67031
G1 X141.2 Y137.404 E575.83558
G0 F15000 X141.958 Y137.2
G1 F12000 X141.2 Y137.404 E575.86169
G1 X141.2 Y129.12 E576.13721
G1 X140.669 Y129.263 E576.1555
G0 F15000 X141.2 Y129.12
G1 F12000 X143.2 Y128.584 E576.22437
G1 X143.2 Y128.586
G1 X143.2 Y125.8 E576.31703
G0 F15000 X142.8 Y125.8
G1 F12000 X142.8 Y128.693 E576.41325
G0 F15000 X142.4 Y128.8
G1 F12000 X142.4 Y125.8 E576.51304
G0 F15000 X141.6 Y125.8
G1 F12000 X141.6 Y128.086 E576.58907
G0 F15000 X141.2 Y127.686
G1 F12000 X141.2 Y125.8 E576.6518
G0 F15000 X140.8 Y125.8
G1 F12000 X140.8 Y127.286 E576.70122
G0 F15000 X139.223 Y127.21
G0 X139.195 Y127.314
G1 F12000 X138.202 Y126.2 E576.75086
G1 X138.162 Y126.346
G1 X135.8 Y126.142 E576.82971
G0 F15000 X135.8 Y126.543
G1 F12000 X138.057 Y126.738 E576.90506
G0 F15000 X137.875 Y127.422
G1 F12000 X138.342 Y125.68 E576.96504
G1 X138.382 Y125.801
G1 X141.314 Y129.09 E577.11159
G0 F15000 X141.747 Y128.974
G1 F12000 X138.917 Y125.8 E577.25303
G0 F15000 X139.193 Y125.68
G1 F12000 X143.2 Y129.686 E577.44148
G1 X143.2 Y129.688
G1 X143.2 Y128.584 E577.4782
G1 X144.8 Y128.156 E577.53329
G1 X144.8 Y128.157
G1 X144.8 Y125.8 E577.61168
G0 F15000 X144.4 Y125.8
G1 F12000 X144.4 Y128.264 E577.69363
G0 F15000 X145.2 Y128.049
G1 F12000 X145.2 Y125.8 E577.76844
G0 F15000 X145.6 Y125.8
G1 F12000 X145.6 Y127.942 E577.83968
G0 F15000 X139.227 Y131.789
G0 X139.2 Y131.684
G1 F12000 X139.2 Y137 E578.01649
G0 F15000 X138.8 Y136.6
G1 F12000 X138.8 Y131.788 E578.17654
G0 F15000 X138.8 Y131.9
G0 X138.192 Y131.839
G0 X137.71 Y131.709
G0 X136.835 Y131.227
G0 X136.862 Y131.2
G1 F12000 X135.8 Y131.2 E578.21186
G0 F15000 X135.8 Y131.6
G1 F12000 X136.755 Y131.6 E578.24362
G0 F15000 X136.919 Y130.99
G1 F12000 X135.68 Y135.612 E578.40278
G0 F15000 X135.91 Y135.612
G0 X135.91 Y133.481
G0 X135.68 Y133.481
G1 F12000 X136.4 Y134.202 E578.43667
G1 X136.4 Y138.69 E578.58594
G1 X135.68 Y138.882 E578.61073
G0 F15000 X136.4 Y138.69
G0 X143.2 Y138.459
G1 F12000 X140.099 Y150.032 E579.00922
G0 F15000 X140.262 Y149.87
G0 X143.2 Y152.313
G1 F12000 X141.2 Y150.317 E579.1032
G1 X141.2 Y153.968 E579.22464
G1 X144.466 Y153.092 E579.3371
G0 F15000 X144.8 Y153.003
G1 F12000 X155.2 Y150.216 E579.69521
G1 X155.2 Y141.932 E579.97074
G1 X156.8 Y141.505 E580.02582
G1 X156.8 Y141.504
G1 X156.8 Y133.222 E580.30128
G1 X155.2 Y133.652 E580.35638
G0 F15000 X155.2 Y141.686
G1 F12000 X156.8 Y143.286 E580.43164
G1 X156.8 Y143.288
G1 X162.8 Y149.286 E580.71382
G1 X162.8 Y148.178 E580.75067
G1 X155.2 Y150.215 E581.01237
G1 X155.2 Y153 E581.105
G1 X156.519 Y154.32 E581.16706
G0 F15000 X156.519 Y154.09
G0 X155.2 Y153
G1 F12000 X144.8 Y142.602 E581.6562
G1 X144.8 Y144.721 E581.72668
G1 X155.2 Y141.932 E582.08481
G0 F15000 X155.2 Y150.215
G0 X147.298 Y154.07
G1 F12000 X147.232 Y154.321 E582.09344
G0 F15000 X147.232 Y154.09
G0 X145.205 Y154.09
G0 X145.205 Y154.32
G1 F12000 X144.366 Y153.48 E582.13293
G0 F15000 X144.8 Y142.602
G0 X143.2 Y141.002
G0 X136.303 Y130.494
G0 X136.502 Y130.379
G1 F12000 X135.68 Y130.6 E582.16124
G0 F15000 X135.91 Y130.6
G0 X135.91 Y127.748
G0 X135.8 Y127.748
G1 F12000 X136.915 Y127.844 E582.19846
G0 F15000 X137.408 Y127.485
G1 F12000 X135.8 Y127.346 E582.25214
G0 F15000 X135.91 Y127.346
G0 X137.759 Y127.197
G0 X162.028 Y127.158
G0 X162 Y127.261
G1 F12000 X162 Y125.861 E582.29871
G0 F15000 X162.4 Y126.261
G1 F12000 X162.4 Y127.374 E582.33572
G0 F15000 X162.657 Y127.661
G1 F12000 X163.188 Y125.679 E582.40397
G0 F15000 X162.996 Y126.4
G1 F12000 X164.2 Y126.4 E582.44402
G0 F15000 X164.2 Y127.2
G1 F12000 X163.341 Y127.2 E582.47259
G1 F2400 E581.97259
;MESH:NONMESH
G0 F300 X163.341 Y127.2 Z2.4
G0 F15000 X163.439 Y129.755
G0 X163.306 Y130.248
G0 X146 Y154.57
G0 X146.653 Y155.653
G0 X146.762 Y166.423
G0 X146 Y166.881
;TIME_ELAPSED:699.025354
;LAYER:11
;TYPE:SUPPORT
G1 F2400 E582.47259
G1 F6000 X146.005 Y166.896 E582.47311
G1 X146.219 Y167.276 E582.48762
G1 X146.485 Y167.587 E582.50123
G1 X146.821 Y167.884 E582.51614
G1 X146.993 Y167.987 E582.52281
G1 X147.48 Y168.46 E582.54539
G1 X147.736 Y169.019 E582.56584
G1 X147.799 Y169.29 E582.5751
G1 X147.796 Y170.796 E582.62519
G1 X147.551 Y171.438 E582.64804
G1 X147.183 Y171.862 E582.66671
G1 X146.74 Y172.164 E582.68455
G1 X146.474 Y172.398 E582.69633
G1 X146.198 Y172.725 E582.71056
G1 X146 Y173.09 E582.72437
G1 X146 Y166.881 E582.93088
G1 X145.868 Y166.479 E582.94496
G1 X145.8 Y166.032 E582.96
G1 X145.8 Y156.2 E583.28701
G1 X145.6 Y156.2 E583.29366
G1 X145.6 Y175.6 E583.93891
G1 X144 Y175.6 E583.99212
G1 X144 Y175.8 E583.99878
G1 X142.2 Y175.8 E584.05864
G1 X142.2 Y173.978 E584.11924
G1 X142.145 Y173.58 E584.13261
G1 X142.021 Y173.161 E584.14714
G1 X141.817 Y172.774 E584.16169
G1 X141.511 Y172.41 E584.17751
G1 X141.196 Y172.145 E584.1912
G1 X141.017 Y172.021 E584.19844
G1 X140.524 Y171.546 E584.22121
G1 X140.258 Y170.97 E584.24231
G1 X140.201 Y170.713 E584.25107
G1 X140.204 Y169.203 E584.30129
G1 X140.46 Y168.533 E584.32515
G1 X140.794 Y168.159 E584.34183
G1 X141.274 Y167.823 E584.36131
G1 X141.514 Y167.612 E584.37194
G1 X141.818 Y167.247 E584.38774
G1 X142 Y166.898 E584.40083
G1 X142 Y173.121 E584.60781
G1 F2400 E584.10781
G0 F15000 X141.216 Y173.488
G0 X141.347 Y176.653
G0 X158.653 Y176.653
G0 X160.66 Y170.956
G0 X160.663 Y169.192
G0 X160.557 Y168.739
G0 X160.234 Y168.031
G0 X158.801 Y166.548
G0 X158 Y166.881
G1 F2400 E584.60781
G1 F6000 X158.005 Y166.896 E584.60834
G1 X158.219 Y167.276 E584.62284
G1 X158.485 Y167.587 E584.63645
G1 X158.821 Y167.884 E584.65137
G1 X158.993 Y167.987 E584.65804
G1 X159.48 Y168.46 E584.68062
G1 X159.736 Y169.019 E584.70107
G1 X159.799 Y169.29 E584.71032
G1 X159.796 Y170.796 E584.76041
G1 X159.551 Y171.438 E584.78326
G1 X159.183 Y171.862 E584.80194
G1 X158.74 Y172.164 E584.81977
G1 X158.474 Y172.398 E584.83155
G1 X158.198 Y172.725 E584.84579
G1 X158 Y173.09 E584.8596
G1 X158 Y166.881 E585.06611
G1 X157.868 Y166.479 E585.08018
G1 X157.8 Y166.032 E585.09522
G1 X157.8 Y156.2 E585.42223
G1 X157.6 Y156.2 E585.42889
G1 X157.6 Y175.6 E586.07413
G1 X156 Y175.6 E586.12735
G1 X156 Y175.8 E586.134
G1 X154.2 Y175.8 E586.19387
G1 X154.2 Y173.978 E586.25447
G1 X154.145 Y173.58 E586.26783
G1 X154.021 Y173.161 E586.28237
G1 X153.817 Y172.774 E586.29692
G1 X153.511 Y172.41 E586.31273
G1 X153.196 Y172.145 E586.32642
G1 X153.017 Y172.021 E586.33367
G1 X152.524 Y171.546 E586.35644
G1 X152.258 Y170.97 E586.37754
G1 X152.201 Y170.713 E586.38629
G1 X152.204 Y169.203 E586.43652
G1 X152.46 Y168.533 E586.46037
G1 X152.794 Y168.159 E586.47705
G1 X153.274 Y167.823 E586.49654
G1 X153.514 Y167.612 E586.50717
G1 X153.818 Y167.247 E586.52297
G1 X154 Y166.898 E586.53606
G1 X154 Y173.121 E586.74303
G1 F2400 E586.24303
G0 F15000 X154.6 Y174.629
;TYPE:SUPPORT-INTERFACE
G1 F2400 E586.74303
G1 F6000 X157.4 Y171.829 E586.87474
G0 F15000 X157.4 Y170.976
G1 F6000 X154.6 Y168.176 E587.00644
G0 F15000 X154.6 Y167.841
G1 F6000 X157.4 Y165.041 E587.13814
G0 F15000 X157.4 Y164.188
G1 F6000 X154.6 Y161.388 E587.26985
G0 F15000 X154.6 Y161.053
G1 F6000 X157.4 Y158.253 E587.40155
G0 F15000 X157.4 Y157.4
G1 F6000 X155.8 Y155.8 E587.47681
G0 F15000 X156.458 Y155.8
G1 F6000 X154.6 Y157.659 E587.56423
G0 F15000 X154.6 Y157.994
G1 F6000 X157.4 Y160.794 E587.69593
G0 F15000 X157.4 Y161.647
G1 F6000 X154.6 Y164.447 E587.82764
G0 F15000 X154.6 Y164.782
G1 F6000 X157.4 Y167.582 E587.95934
G0 F15000 X157.4 Y168.435
G1 F6000 X154.6 Y171.235 E588.09104
G0 F15000 X154.6 Y171.57
G1 F6000 X157.4 Y174.37 E588.22275
G0 F15000 X157.4 Y175.223
G1 F6000 X157.223 Y175.4 E588.23107
G1 F2400 E587.73107
G0 F15000 X155.035 Y175.4
G1 F2400 E588.23107
G1 F6000 X154.6 Y174.964 E588.25156
G1 F2400 E587.75156
G0 F15000 X153.335 Y174.964
G0 X146.686 Y173.913
G0 X145.4 Y173.646
G1 F2400 E588.25156
G1 F6000 X143.647 Y175.4 E588.33404
G0 F15000 X144.853 Y175.4
G1 F6000 X142.6 Y173.147 E588.44001
G1 X142.6 Y173.052
G1 X145.4 Y170.252 E588.57171
G0 F15000 X145.4 Y169.159
G1 F6000 X142.6 Y166.359 E588.70342
G1 X142.6 Y166.264
G1 X145.4 Y163.464 E588.83512
G0 F15000 X145.4 Y162.371
G1 F6000 X142.6 Y159.571 E588.96682
G1 X142.6 Y159.476
G1 X145.4 Y156.676 E589.09853
G1 F2400 E588.59853
G0 F15000 X145.4 Y158.977
G1 F2400 E589.09853
G1 F6000 X142.6 Y156.177 E589.23023
G1 X142.6 Y156.082
G1 X142.882 Y155.8 E589.24349
G1 F2400 E588.74349
G0 F15000 X141.335 Y155.8
G0 X139.34 Y169.043
G0 X139.337 Y170.804
G0 X139.435 Y171.251
G0 X141.347 Y176.653
G0 X146.653 Y176.653
G0 X148.66 Y170.956
G0 X148.663 Y169.368
G0 X146.665 Y160.07
G0 X145.4 Y160.07
G1 F2400 E589.24349
G1 F6000 X142.6 Y162.87 E589.3752
G1 X142.6 Y162.965
G1 X145.4 Y165.765 E589.5069
G0 F15000 X145.4 Y166.858
G1 F6000 X142.6 Y169.658 E589.6386
G1 X142.6 Y169.753
G1 X145.4 Y172.553 E589.77031
G1 F2400 E589.27031
;MESH:Limiter bracket.stl
G0 F15000 X146.914 Y173.217
G0 X147.762 Y172.513
G0 X148.303 Y171.888
G0 X148.66 Y170.956
G0 X148.663 Y169.368
G0 X146.653 Y155.653
G0 X150 Y154.4
;TYPE:WALL-INNER
G1 F2400 E589.77031
G1 F6000 X164.4 Y154.4 E590.24925
G1 X164.4 Y125.6 E591.20715
G1 X135.6 Y125.6 E592.16504
G1 X135.6 Y154.4 E593.12293
G1 X150 Y154.4 E593.60188
G1 F2400 E593.10188
G0 F15000 X161.223 Y154.57
G0 X161.223 Y153.768
G0 X161.223 Y153.588
G1 F2400 E593.60188
G1 F6000 X160.691 Y153.448 E593.62017
G1 X160.213 Y153.166 E593.63863
G1 X159.83 Y152.789 E593.65651
G1 X159.552 Y152.306 E593.67504
G1 X159.408 Y151.771 E593.69347
G1 X159.408 Y151.218 E593.71186
G1 X159.561 Y150.686 E593.73027
G1 X159.836 Y150.206 E593.74867
G1 X160.215 Y149.829 E593.76645
G1 X160.686 Y149.561 E593.78448
G1 X161.218 Y149.408 E593.80289
G1 X161.775 Y149.408 E593.82141
G1 X162.306 Y149.552 E593.83971
G1 X162.788 Y149.83 E593.85822
G1 X163.166 Y150.212 E593.87609
G1 X163.445 Y150.686 E593.89439
G1 X163.588 Y151.222 E593.91284
G1 X163.588 Y151.765 E593.9309
G1 X163.447 Y152.311 E593.94965
G1 X163.165 Y152.789 E593.96811
G1 X162.789 Y153.165 E593.9858
G1 X162.309 Y153.448 E594.00433
G1 X161.765 Y153.588 E594.02302
G1 X161.223 Y153.588 E594.04104
G1 F2400 E593.54104
G0 F15000 X160.309 Y153.051
G0 X159.949 Y152.691
G0 X159.694 Y152.248
G0 X159.561 Y151.755
G0 X159.561 Y151.245
G0 X159.694 Y150.752
G0 X159.949 Y150.309
G0 X161.219 Y149.228
G0 X161.219 Y131.768
G0 X161.219 Y131.588
G1 F2400 E594.04104
G1 F6000 X160.685 Y131.439 E594.05948
G1 X160.221 Y131.173 E594.07727
G1 X159.829 Y130.785 E594.09562
G1 X159.55 Y130.289 E594.11454
G1 X159.414 Y129.778 E594.13213
G1 X159.407 Y129.226 E594.15049
G1 X159.553 Y128.691 E594.16894
G1 X159.827 Y128.217 E594.18715
G1 X160.225 Y127.814 E594.20599
G1 X160.423 Y127.681 E594.21392
G1 X160.879 Y127.493 E594.23032
G1 X161.238 Y127.408 E594.24259
G1 X161.775 Y127.408 E594.26045
G1 X162.306 Y127.552 E594.27875
G1 X162.788 Y127.83 E594.29726
G1 X163.166 Y128.212 E594.31514
G1 X163.445 Y128.686 E594.33343
G1 X163.588 Y129.222 E594.35188
G1 X163.588 Y129.765 E594.36994
G1 X163.447 Y130.311 E594.3887
G1 X163.165 Y130.789 E594.40715
G1 X162.787 Y131.167 E594.42493
G1 X162.31 Y131.448 E594.44335
G1 X161.771 Y131.588 E594.46187
G1 X161.219 Y131.588 E594.48023
G1 F2400 E593.98023
G0 F15000 X160.099 Y131.308
G0 X139.903 Y131.307
G0 X138.775 Y131.588
G1 F2400 E594.48023
G1 F6000 X138.223 Y131.588 E594.49859
G1 X137.69 Y131.448 E594.51692
G1 X137.215 Y131.169 E594.53524
G1 X136.83 Y130.788 E594.55326
G1 X136.551 Y130.305 E594.57181
G1 X136.408 Y129.766 E594.59036
G1 X136.408 Y129.222 E594.60845
G1 X136.553 Y128.691 E594.62676
G1 X136.829 Y128.213 E594.64511
G1 X137.213 Y127.829 E594.66318
G1 X137.693 Y127.552 E594.68161
G1 X138.234 Y127.408 E594.70023
G1 X138.775 Y127.408 E594.71822
G1 X139.306 Y127.552 E594.73652
G1 X139.788 Y127.83 E594.75503
G1 X140.169 Y128.215 E594.77304
G1 X140.448 Y128.69 E594.79137
G1 X140.589 Y129.226 E594.8098
G1 X140.583 Y129.774 E594.82803
G1 X140.441 Y130.321 E594.84682
G1 X140.162 Y130.792 E594.86503
G1 X139.779 Y131.173 E594.883
G1 X139.314 Y131.439 E594.90082
G1 X138.775 Y131.588 E594.91942
G1 F2400 E594.41942
G0 F15000 X138.765 Y149.228
G0 X138.765 Y153.588
G1 F2400 E594.91942
G1 F6000 X138.223 Y153.588 E594.93744
G1 X137.691 Y153.448 E594.95574
G1 X137.213 Y153.166 E594.9742
G1 X136.83 Y152.789 E594.99208
G1 X136.551 Y152.305 E595.01066
G1 X136.408 Y151.766 E595.0292
G1 X136.408 Y151.222 E595.0473
G1 X136.553 Y150.691 E595.0656
G1 X136.829 Y150.213 E595.08396
G1 X137.213 Y149.829 E595.10203
G1 X137.691 Y149.553 E595.12038
G1 X138.222 Y149.408 E595.13869
G1 X138.779 Y149.408 E595.15722
G1 X139.314 Y149.56 E595.17572
G1 X139.786 Y149.83 E595.1938
G1 X140.176 Y150.226 E595.21229
G1 X140.439 Y150.685 E595.22988
G1 X140.588 Y151.219 E595.24832
G1 X140.588 Y151.771 E595.26668
G1 X140.448 Y152.31 E595.2852
G1 X140.167 Y152.787 E595.30362
G1 X139.789 Y153.165 E595.3214
G1 X139.309 Y153.448 E595.33993
G1 X138.765 Y153.588 E595.35861
G0 F15000 X138.727 Y153.186
;TYPE:WALL-OUTER
G1 F6000 X138.253 Y153.182 E595.37438
G1 X137.844 Y153.074 E595.38845
G1 X137.443 Y152.831 E595.40404
G1 X137.147 Y152.539 E595.41787
G1 X136.918 Y152.129 E595.43349
G1 X136.81 Y151.727 E595.44734
G1 X136.808 Y151.276 E595.46234
G1 X136.938 Y150.824 E595.47798
G1 X137.166 Y150.442 E595.49278
G1 X137.442 Y150.166 E595.50576
G1 X137.824 Y149.938 E595.52056
G1 X138.277 Y149.808 E595.53623
G1 X138.745 Y149.814 E595.5518
G1 X139.129 Y149.918 E595.56503
G1 X139.529 Y150.142 E595.58028
G1 X139.842 Y150.455 E595.595
G1 X140.072 Y150.844 E595.61003
G1 X140.182 Y151.253 E595.62412
G1 X140.188 Y151.719 E595.63962
G1 X140.075 Y152.156 E595.65463
G1 X139.83 Y152.558 E595.67029
G1 X139.518 Y152.861 E595.68475
G1 X139.154 Y153.075 E595.6988
G1 X138.727 Y153.186 E595.71347
G1 F2400 E595.21347
G0 F15000 X138.808 Y153.488
G0 X140.312 Y152.897
G0 X140.312 Y154.57
G0 X150 Y154.8
G1 F2400 E595.71347
G1 F6000 X164.8 Y154.8 E596.20572
G1 X164.8 Y125.2 E597.19022
G1 X135.2 Y125.2 E598.17472
G1 X135.2 Y154.8 E599.15922
G1 X150 Y154.8 E599.65147
G1 F2400 E599.15147
G0 F15000 X150 Y154.49
G0 X161.808 Y154.57
G0 X161.786 Y153.769
G0 X161.727 Y153.186
G1 F2400 E599.65147
G1 F6000 X161.253 Y153.182 E599.66724
G1 X160.844 Y153.074 E599.68131
G1 X160.443 Y152.831 E599.6969
G1 X160.147 Y152.539 E599.71073
G1 X159.918 Y152.129 E599.72635
G1 X159.808 Y151.719 E599.74047
G1 X159.808 Y151.276 E599.7552
G1 X159.928 Y150.844 E599.77012
G1 X160.144 Y150.468 E599.78454
G1 X160.471 Y150.142 E599.7999
G1 X160.844 Y149.928 E599.8142
G1 X161.278 Y149.808 E599.82918
G1 X161.745 Y149.814 E599.84471
G1 X162.129 Y149.918 E599.85794
G1 X162.54 Y150.148 E599.87361
G1 X162.861 Y150.482 E599.88901
G1 X163.075 Y150.845 E599.90303
G1 X163.182 Y151.253 E599.91706
G1 X163.186 Y151.727 E599.93282
G1 X163.075 Y152.156 E599.94756
G1 X162.83 Y152.558 E599.96322
G1 X162.518 Y152.861 E599.97769
G1 X162.154 Y153.075 E599.99173
G1 X161.727 Y153.186 E600.0064
G1 F2400 E599.5064
G0 F15000 X161.808 Y153.488
G0 X162.691 Y153.051
G0 X163.051 Y152.691
G0 X163.306 Y152.248
G0 X163.439 Y151.755
G0 X163.439 Y151.245
G0 X163.306 Y150.752
G0 X163.051 Y150.309
G0 X162.691 Y149.949
G0 X161.195 Y149.228
G0 X161.201 Y131.769
G0 X161.277 Y131.188
G1 F2400 E600.0064
G1 F6000 X160.845 Y131.075 E600.02126
G1 X160.47 Y130.853 E600.03575
G1 X160.148 Y130.538 E600.05073
G1 X159.931 Y130.163 E600.06514
G1 X159.814 Y129.745 E600.07958
G1 X159.808 Y129.277 E600.09515
G1 X159.938 Y128.824 E600.11082
G1 X160.165 Y128.443 E600.12557
G1 X160.538 Y128.066 E600.14321
G1 X161.067 Y127.852 E600.16219
G1 X161.269 Y127.811 E600.16905
G1 X161.745 Y127.814 E600.18488
G1 X162.129 Y127.918 E600.19811
G1 X162.54 Y128.148 E600.21378
G1 X162.861 Y128.482 E600.22918
G1 X163.075 Y128.845 E600.2432
G1 X163.182 Y129.253 E600.25723
G1 X163.186 Y129.727 E600.27299
G1 X163.075 Y130.156 E600.28773
G1 X162.83 Y130.558 E600.30339
G1 X162.518 Y130.861 E600.31786
G1 X162.154 Y131.075 E600.3319
G1 X161.743 Y131.182 E600.34603
G1 X161.277 Y131.188 E600.36153
G1 F2400 E599.86153
G0 F15000 X161.195 Y131.488
G0 X160.099 Y131.308
G0 X139.903 Y131.307
G0 X138.277 Y131.188
G1 F2400 E600.36153
G1 F6000 X137.844 Y131.074 E600.37642
G1 X137.443 Y130.831 E600.39201
G1 X137.147 Y130.539 E600.40584
G1 X136.918 Y130.129 E600.42146
G1 X136.81 Y129.727 E600.43531
G1 X136.808 Y129.276 E600.45031
G1 X136.938 Y128.824 E600.46595
G1 X137.166 Y128.442 E600.48075
G1 X137.442 Y128.166 E600.49373
G1 X137.824 Y127.938 E600.50853
G1 X138.269 Y127.811 E600.52392
G1 X138.745 Y127.814 E600.53975
G1 X139.129 Y127.918 E600.55298
G1 X139.54 Y128.148 E600.56865
G1 X139.861 Y128.482 E600.58405
G1 X140.075 Y128.845 E600.59807
G1 X140.182 Y129.253 E600.6121
G1 X140.187 Y129.72 E600.62763
G1 X140.076 Y130.147 E600.64231
G1 X139.848 Y130.538 E600.65736
G1 X139.549 Y130.838 E600.67145
G1 X139.156 Y131.072 E600.68666
G1 X138.743 Y131.182 E600.70088
G1 X138.277 Y131.188 E600.71638
G1 F2400 E600.21638
G0 F15000 X138.195 Y131.488
G0 X138.755 Y131.439
G0 X139.248 Y131.306
G0 X139.691 Y131.051
G0 X140.762 Y129.799
G0 X141.963 Y125.76
G0 X143.828 Y125.772
G0 X143.9 Y129.966
G0 X143.68 Y129.966
;TYPE:FILL
G1 F2400 E600.71638
G1 F12000 X144.32 Y130.606 E600.74648
G0 F15000 X144.1 Y130.606
G0 X143.9 Y128.603
G0 X143.681 Y128.603
G1 F12000 X144.319 Y128.432 E600.76845
G0 F15000 X144.1 Y128.432
G0 X144.1 Y133.729
G0 X144.32 Y133.729
G1 F12000 X143.68 Y136.116 E600.85064
G0 F15000 X143.68 Y136.885
G1 F12000 X144.32 Y136.714 E600.87268
G0 F15000 X144.1 Y136.714
G0 X143.9 Y141.28
G0 X143.68 Y141.28
G1 F12000 X144.32 Y141.92 E600.90278
G0 F15000 X144.1 Y141.92
G0 X144.1 Y144.996
G0 X144.319 Y144.996
G1 F12000 X143.681 Y145.167 E600.92475
G0 F15000 X143.9 Y145.167
G0 X143.9 Y152.594
G0 X143.68 Y152.594
G1 F12000 X144.32 Y153.234 E600.95485
G1 X144.319 Y153.278
G1 X143.68 Y153.449 E600.97686
G0 F15000 X143.9 Y153.449
G0 X144.172 Y154.228
G0 X155.828 Y154.228
G0 X155.9 Y153.28
G0 X155.68 Y153.28
G1 F12000 X156.32 Y153.92 E601.00696
G0 F15000 X155.68 Y153.152
G1 F12000 X156.319 Y150.766 E601.08911
G0 F15000 X156.32 Y150.063
G1 F12000 X155.68 Y150.234 E601.11115
G0 F15000 X155.9 Y150.234
G0 X156.1 Y142.606
G0 X156.32 Y142.606
G1 F12000 X155.68 Y141.967 E601.14123
G1 X155.681 Y141.952
G1 X156.32 Y141.78 E601.16324
G0 F15000 X156.1 Y141.78
G0 X155.9 Y133.669
G0 X155.681 Y133.669
G1 F12000 X156.319 Y133.498 E601.18521
G0 F15000 X156.1 Y133.498
G0 X156.1 Y131.293
G0 X156.32 Y131.293
G1 F12000 X155.68 Y130.653 E601.21531
G0 F15000 X155.9 Y130.653
G0 X155.828 Y154.228
G0 X150 Y154.3
G0 X150 Y154.04
;TYPE:SKIN
G1 F6000 X144.36 Y154.04 E601.4029
G1 X144.36 Y125.96 E602.33684
G1 X155.64 Y125.96 E602.71202
G1 X155.64 Y154.04 E603.64596
G1 X150 Y154.04 E603.83355
G0 F15000 X150 Y154.3
G0 X155.828 Y154.228
G0 X155.9 Y153.84
G0 X155.024 Y153.84
G1 F6000 X155.44 Y153.424 E603.85312
G0 F15000 X155.44 Y152.859
G1 F6000 X154.458 Y153.84 E603.89928
G0 F15000 X153.893 Y153.84
G1 F6000 X155.44 Y152.293 E603.97205
G0 F15000 X155.44 Y151.727
G1 F6000 X153.327 Y153.84 E604.07144
G0 F15000 X152.761 Y153.84
G1 F6000 X155.44 Y151.162 E604.19743
G0 F15000 X155.44 Y150.596
G1 F6000 X152.196 Y153.84 E604.35001
G0 F15000 X151.63 Y153.84
G1 F6000 X155.44 Y150.03 E604.52922
G0 F15000 X155.44 Y149.465
G1 F6000 X151.064 Y153.84 E604.73503
G0 F15000 X150.498 Y153.84
G1 F6000 X155.44 Y148.899 E604.96747
G0 F15000 X155.44 Y148.333
G1 F6000 X149.933 Y153.84 E605.2265
G0 F15000 X149.367 Y153.84
G1 F6000 X155.44 Y147.768 E605.51213
G0 F15000 X155.44 Y147.202
G1 F6000 X148.801 Y153.84 E605.82439
G0 F15000 X148.236 Y153.84
G1 F6000 X155.44 Y146.636 E606.16324
G0 F15000 X155.44 Y146.071
G1 F6000 X147.67 Y153.84 E606.52869
G0 F15000 X147.104 Y153.84
G1 F6000 X155.44 Y145.505 E606.92077
G0 F15000 X155.44 Y144.939
G1 F6000 X146.539 Y153.84 E607.33945
G0 F15000 X145.973 Y153.84
G1 F6000 X155.44 Y144.374 E607.78472
G0 F15000 X155.44 Y143.808
G1 F6000 X145.407 Y153.84 E608.25662
G0 F15000 X144.842 Y153.84
G1 F6000 X155.44 Y143.242 E608.75512
G0 F15000 X155.44 Y142.676
G1 F6000 X144.56 Y153.556 E609.26688
G0 F15000 X144.56 Y152.99
G1 F6000 X155.44 Y142.111 E609.77862
G0 F15000 X155.44 Y141.545
G1 F6000 X144.56 Y152.425 E610.29038
G0 F15000 X144.56 Y151.859
G1 F6000 X155.44 Y140.979 E610.80214
G0 F15000 X155.44 Y140.414
G1 F6000 X144.56 Y151.293 E611.31388
G0 F15000 X144.56 Y150.728
G1 F6000 X155.44 Y139.848 E611.82564
G0 F15000 X155.44 Y139.282
G1 F6000 X144.56 Y150.162 E612.3374
G0 F15000 X144.56 Y149.596
G1 F6000 X155.44 Y138.717 E612.84914
G0 F15000 X155.44 Y138.151
G1 F6000 X144.56 Y149.031 E613.3609
G0 F15000 X144.56 Y148.465
G1 F6000 X155.44 Y137.585 E613.87266
G0 F15000 X155.44 Y137.02
G1 F6000 X144.56 Y147.899 E614.3844
G0 F15000 X144.56 Y147.333
G1 F6000 X155.44 Y136.454 E614.89614
G0 F15000 X155.44 Y135.888
G1 F6000 X144.56 Y146.768 E615.4079
G0 F15000 X144.56 Y146.202
G1 F6000 X155.44 Y135.323 E615.91964
G0 F15000 X155.44 Y134.757
G1 F6000 X144.56 Y145.636 E616.43138
G0 F15000 X144.56 Y145.071
G1 F6000 X155.44 Y134.191 E616.94314
G0 F15000 X155.44 Y133.626
G1 F6000 X144.56 Y144.505 E617.45488
G0 F15000 X144.56 Y143.939
G1 F6000 X155.44 Y133.06 E617.96662
G0 F15000 X155.44 Y132.494
G1 F6000 X144.56 Y143.374 E618.47838
G0 F15000 X144.56 Y142.808
G1 F6000 X155.44 Y131.928 E618.99014
G0 F15000 X155.44 Y131.363
G1 F6000 X144.56 Y142.242 E619.50188
G0 F15000 X144.56 Y141.677
G1 F6000 X155.44 Y130.797 E620.01364
G0 F15000 X155.44 Y130.231
G1 F6000 X144.56 Y141.111 E620.5254
G0 F15000 X144.56 Y140.545
G1 F6000 X155.44 Y129.666 E621.03714
G0 F15000 X155.44 Y129.1
G1 F6000 X144.56 Y139.98 E621.5489
G0 F15000 X144.56 Y139.414
G1 F6000 X155.44 Y128.534 E622.06067
G0 F15000 X155.44 Y127.969
G1 F6000 X144.56 Y138.848 E622.5724
G0 F15000 X144.56 Y138.283
G1 F6000 X155.44 Y127.403 E623.08417
G0 F15000 X155.44 Y126.837
G1 F6000 X144.56 Y137.717 E623.59593
G0 F15000 X144.56 Y137.151
G1 F6000 X155.44 Y126.272 E624.10767
G0 F15000 X154.986 Y126.16
G1 F6000 X144.56 Y136.585 E624.59805
G0 F15000 X144.56 Y136.02
G1 F6000 X154.42 Y126.16 E625.06183
G0 F15000 X153.854 Y126.16
G1 F6000 X144.56 Y135.454 E625.49899
G0 F15000 X144.56 Y134.888
G1 F6000 X153.289 Y126.16 E625.90956
G0 F15000 X152.723 Y126.16
G1 F6000 X144.56 Y134.323 E626.29352
G0 F15000 X144.56 Y133.757
G1 F6000 X152.157 Y126.16 E626.65086
G0 F15000 X151.592 Y126.16
G1 F6000 X144.56 Y133.191 E626.9816
G0 F15000 X144.56 Y132.626
G1 F6000 X151.026 Y126.16 E627.28574
G0 F15000 X150.46 Y126.16
G1 F6000 X144.56 Y132.06 E627.56326
G0 F15000 X144.56 Y131.494
G1 F6000 X149.895 Y126.16 E627.81418
G0 F15000 X149.329 Y126.16
G1 F6000 X144.56 Y130.929 E628.0385
G0 F15000 X144.56 Y130.363
G1 F6000 X148.763 Y126.16 E628.23619
G0 F15000 X148.198 Y126.16
G1 F6000 X144.56 Y129.797 E628.40729
G0 F15000 X144.56 Y129.232
G1 F6000 X147.632 Y126.16 E628.55179
G0 F15000 X147.066 Y126.16
G1 F6000 X144.56 Y128.666 E628.66966
G0 F15000 X144.56 Y128.1
G1 F6000 X146.501 Y126.16 E628.76094
G0 F15000 X145.935 Y126.16
G1 F6000 X144.56 Y127.534 E628.82559
G0 F15000 X144.56 Y126.969
G1 F6000 X145.369 Y126.16 E628.86364
G0 F15000 X144.803 Y126.16
G1 F6000 X144.56 Y126.403 E628.87507
G1 F2400 E628.37507
G0 F15000 X144.1 Y126.403
G0 X144.172 Y125.772
G0 X155.828 Y125.772
G0 X156.172 Y154.228
G0 X164.228 Y154.228
G0 X164.3 Y151.141
G0 X163.99 Y151.141
G1 F2400 E628.87507
G1 F4829 X163.993 Y151.822 E628.90321
G0 F15000 X164.3 Y151.822
G0 X164.3 Y153.565
G0 X163.633 Y153.565
G1 F4363.6 X163.599 Y153.624 E628.90633
G1 X163.531 Y153.624 E628.90944
G1 X163.497 Y153.565 E628.91255
G1 X163.531 Y153.506 E628.91567
G1 X163.599 Y153.506 E628.91878
G1 X163.633 Y153.565 E628.92189
G0 F15000 X164.3 Y153.565
G0 X164.228 Y154.228
G0 X162.459 Y154.3
G0 X162.459 Y154.04
G1 F5333.3 X161.843 Y153.99 E628.94502
G1 X162.478 Y153.765 E628.97022
G1 F6000 X162.982 Y153.469 E628.98966
G1 X163.434 Y153.031 E629.0106
G1 X163.769 Y152.474 E629.03222
G1 F5369.1 X163.993 Y151.822 E629.05784
G1 X164.04 Y152.453 E629.08136
G1 F6000 X164.04 Y154.04 E629.13414
G1 X162.459 Y154.04 E629.18673
G0 F15000 X161.843 Y153.99
G1 F4800 X161.141 Y153.99 E629.21591
G0 F15000 X161.141 Y154.3
G0 X156.172 Y154.228
G0 X156.36 Y154.04
G1 F6000 X156.36 Y125.96 E630.14986
G1 X164.04 Y125.96 E630.40529
G1 X164.04 Y128.541 E630.49114
G1 F5333.3 X163.99 Y129.141 E630.51367
G1 X163.769 Y128.522 E630.53826
G1 F6000 X163.469 Y128.014 E630.55788
G1 X163.007 Y127.54 E630.5799
G1 X162.42 Y127.206 E630.60236
G1 X161.844 Y127.054 E630.62217
G1 X161.185 Y127.05 E630.64409
G1 X160.764 Y127.153 E630.65851
G1 X160.287 Y127.347 E630.67564
G1 X159.996 Y127.537 E630.6872
G1 X159.561 Y127.971 E630.70763
G1 X159.231 Y128.522 E630.72899
G1 X159.054 Y129.147 E630.7506
G1 X159.05 Y129.803 E630.77242
G1 X159.225 Y130.455 E630.79487
G1 X159.534 Y131.002 E630.81577
G1 X159.985 Y131.449 E630.83689
G1 X160.575 Y131.787 E630.8595
G1 X161.175 Y131.948 E630.88016
G1 X161.843 Y131.942 E630.90238
G1 X162.451 Y131.783 E630.92329
G1 X162.982 Y131.469 E630.9438
G1 X163.434 Y131.031 E630.96474
G1 X163.769 Y130.474 E630.98636
G1 F5369.1 X163.993 Y129.822 E631.01198
G1 X164.04 Y130.453 E631.0355
G1 F6000 X164.04 Y150.541 E631.70363
G1 F5333.3 X163.99 Y151.141 E631.72616
G1 X163.769 Y150.522 E631.75075
G1 F6000 X163.469 Y150.014 E631.77037
G1 X163.009 Y149.536 E631.79244
G1 X162.444 Y149.212 E631.8141
G1 X161.82 Y149.048 E631.83556
G1 X161.15 Y149.054 E631.85784
G1 X160.568 Y149.209 E631.87788
G1 X159.967 Y149.565 E631.90111
G1 X159.548 Y149.98 E631.92072
G1 X159.209 Y150.571 E631.94338
G1 X159.054 Y151.148 E631.96326
G1 X159.05 Y151.823 E631.98571
G1 X159.212 Y152.441 E632.00696
G1 X159.54 Y153.008 E632.02874
G1 X159.979 Y153.439 E632.0492
G1 X160.521 Y153.768 E632.07029
G1 F5333.3 X161.141 Y153.99 E632.09493
G1 X160.541 Y154.04 E632.11746
G1 F6000 X156.36 Y154.04 E632.25652
G1 F2400 E631.75652
G0 F15000 X156.1 Y154.04
G0 X164.228 Y154.228
G0 X164.3 Y129.822
G0 X163.993 Y129.822
G1 F2400 E632.25652
G1 F4829 X163.99 Y129.141 E632.28467
G0 F15000 X164.3 Y129.141
G0 X164.228 Y125.772
G0 X156.172 Y125.772
G0 X156.1 Y126.283
G0 X156.56 Y126.283
G1 F6000 X156.683 Y126.16 E632.29045
G0 F15000 X157.249 Y126.16
G1 F6000 X156.56 Y126.849 E632.32286
G0 F15000 X156.56 Y127.414
G1 F6000 X157.814 Y126.16 E632.38184
G0 F15000 X158.38 Y126.16
G1 F6000 X156.56 Y127.98 E632.46745
G0 F15000 X156.56 Y128.546
G1 F6000 X158.946 Y126.16 E632.57968
G0 F15000 X159.511 Y126.16
G1 F6000 X156.56 Y129.111 E632.71849
G0 F15000 X156.56 Y129.677
G1 F6000 X160.077 Y126.16 E632.88392
G0 F15000 X160.643 Y126.16
G1 F6000 X156.56 Y130.243 E633.07597
G0 F15000 X156.56 Y130.808
G1 F6000 X159.213 Y128.155 E633.20076
G0 F15000 X158.869 Y129.065
G1 F6000 X156.56 Y131.374 E633.30937
G0 F15000 X156.56 Y131.94
G1 F6000 X158.852 Y129.648 E633.41717
G0 F15000 X158.929 Y130.136
G1 F6000 X156.56 Y132.505 E633.5286
G0 F15000 X156.56 Y133.071
G1 F6000 X159.061 Y130.57 E633.64624
G0 F15000 X159.264 Y130.932
G1 F6000 X156.56 Y133.637 E633.77346
G0 F15000 X156.56 Y134.203
G1 F6000 X159.506 Y131.256 E633.91205
G0 F15000 X159.791 Y131.537
G1 F6000 X156.56 Y134.768 E634.06403
G0 F15000 X156.56 Y135.334
G1 F6000 X160.131 Y131.762 E634.23202
G0 F15000 X160.491 Y131.969
G1 F6000 X156.56 Y135.9 E634.41692
G0 F15000 X156.56 Y136.465
G1 F6000 X160.935 Y132.09 E634.62271
G0 F15000 X161.442 Y132.148
G1 F6000 X156.56 Y137.031 E634.85236
G0 F15000 X156.56 Y137.597
G1 F6000 X162.067 Y132.09 E635.1114
G0 F15000 X161.952 Y131.645
G0 X162.844 Y131.249
G0 X163.077 Y131.646
G1 F6000 X156.56 Y138.162 E635.41791
G0 F15000 X156.56 Y138.728
G1 F6000 X163.839 Y131.448 E635.76032
G0 F15000 X163.647 Y131.075
G1 F6000 X163.839 Y130.883 E635.76935
G0 F15000 X164.3 Y130.883
G0 X164.3 Y132.014
G0 X163.839 Y132.014
G1 F6000 X156.56 Y139.294 E636.11176
G0 F15000 X156.56 Y139.859
G1 F6000 X163.839 Y132.58 E636.45414
G0 F15000 X163.839 Y133.145
G1 F6000 X156.56 Y140.425 E636.79654
G0 F15000 X156.56 Y140.991
G1 F6000 X163.839 Y133.711 E637.13895
G0 F15000 X163.839 Y134.277
G1 F6000 X156.56 Y141.556 E637.48133
G0 F15000 X156.56 Y142.122
G1 F6000 X163.839 Y134.842 E637.82373
G0 F15000 X163.839 Y135.408
G1 F6000 X156.56 Y142.688 E638.16614
G0 F15000 X156.56 Y143.253
G1 F6000 X163.839 Y135.974 E638.50852
G0 F15000 X163.839 Y136.539
G1 F6000 X156.56 Y143.819 E638.85093
G0 F15000 X156.56 Y144.385
G1 F6000 X163.839 Y137.105 E639.19333
G0 F15000 X163.839 Y137.671
G1 F6000 X156.56 Y144.951 E639.53574
G0 F15000 X156.56 Y145.516
G1 F6000 X163.839 Y138.237 E639.87812
G0 F15000 X163.839 Y138.802
G1 F6000 X156.56 Y146.082 E640.22053
G0 F15000 X156.56 Y146.648
G1 F6000 X163.839 Y139.368 E640.56293
G0 F15000 X163.839 Y139.934
G1 F6000 X156.56 Y147.213 E640.90531
G0 F15000 X156.56 Y147.779
G1 F6000 X163.839 Y140.499 E641.24772
G0 F15000 X163.839 Y141.065
G1 F6000 X156.56 Y148.345 E641.59012
G0 F15000 X156.56 Y148.91
G1 F6000 X163.839 Y141.631 E641.93251
G0 F15000 X163.839 Y142.196
G1 F6000 X156.56 Y149.476 E642.27491
G0 F15000 X156.56 Y150.042
G1 F6000 X163.839 Y142.762 E642.61732
G0 F15000 X163.839 Y143.328
G1 F6000 X156.56 Y150.607 E642.9597
G0 F15000 X156.56 Y151.173
G1 F6000 X163.839 Y143.893 E643.3021
G0 F15000 X163.839 Y144.459
G1 F6000 X156.56 Y151.739 E643.64451
G0 F15000 X156.56 Y152.304
G1 F6000 X163.839 Y145.025 E643.98689
G0 F15000 X163.839 Y145.59
G1 F6000 X160.291 Y149.139 E644.1538
G0 F15000 X161.148 Y148.848
G1 F6000 X163.839 Y146.156 E644.2804
G0 F15000 X163.839 Y146.722
G1 F6000 X161.713 Y148.848 E644.3804
G0 F15000 X162.188 Y148.939
G1 F6000 X163.839 Y147.288 E644.45806
G0 F15000 X163.839 Y147.853
G1 F6000 X162.613 Y149.079 E644.51573
G0 F15000 X162.973 Y149.286
G1 F6000 X163.839 Y148.419 E644.55648
G0 F15000 X163.839 Y148.985
G1 F6000 X163.289 Y149.535 E644.58235
G0 F15000 X163.569 Y149.821
G1 F6000 X163.839 Y149.55 E644.59508
G1 F2400 E644.09508
G0 F15000 X164.3 Y149.55
G0 X164.2 Y150.518
G0 X163.616 Y150.62
G0 X159.141 Y150.289
G1 F2400 E644.59508
G1 F6000 X156.56 Y152.87 E644.71648
G0 F15000 X156.56 Y153.436
G1 F6000 X158.848 Y151.148 E644.8241
G0 F15000 X158.852 Y151.71
G1 F6000 X156.721 Y153.84 E644.92431
G0 F15000 X157.287 Y153.84
G1 F6000 X158.939 Y152.188 E645.00202
G0 F15000 X159.08 Y152.613
G1 F6000 X157.852 Y153.84 E645.05976
G0 F15000 X158.418 Y153.84
G1 F6000 X159.287 Y152.971 E645.10063
G0 F15000 X159.538 Y153.286
G1 F6000 X158.984 Y153.84 E645.12669
G0 F15000 X159.549 Y153.84
G1 F6000 X159.824 Y153.566 E645.1396
G1 F2400 E644.6396
G0 F15000 X160.146 Y153.24
G0 X159.694 Y152.248
G0 X159.561 Y151.755
G0 X159.561 Y151.245
G0 X159.694 Y150.752
G0 X159.949 Y150.309
G0 X161.196 Y149.227
G0 X162.378 Y131.617
G0 X163.768 Y128.126
G1 F2400 E645.1396
G1 F6000 X163.84 Y128.054 E645.14299
G0 F15000 X163.538 Y127.79
G1 F6000 X163.84 Y127.488 E645.15719
G0 F15000 X163.84 Y126.922
G1 F6000 X163.257 Y127.505 E645.18462
G0 F15000 X162.932 Y127.264
G1 F6000 X163.84 Y126.356 E645.22732
G0 F15000 X163.471 Y126.16
G1 F6000 X162.574 Y127.057 E645.26952
G0 F15000 X162.139 Y126.926
G1 F6000 X162.905 Y126.16 E645.30555
G0 F15000 X162.34 Y126.16
G1 F6000 X161.65 Y126.85 E645.338
G0 F15000 X161.058 Y126.875
G1 F6000 X161.774 Y126.16 E645.37166
G0 F15000 X161.208 Y126.16
G1 F6000 X160.199 Y127.17 E645.41914
G1 F2400 E644.91914
G0 F15000 X160.394 Y127.584
G0 X159.227 Y129.196
G0 X156.172 Y125.772
G0 X136.008 Y151.135
G1 F2400 E645.41914
G1 F4829 X136.008 Y151.842 E645.44836
G0 F15000 X136.307 Y151.776
G0 X136.983 Y153.079
G0 X136.5 Y153.568
G1 F4395.6 X136.466 Y153.627 E645.45145
G1 X136.398 Y153.627 E645.45454
G1 X136.364 Y153.568 E645.45763
G1 X136.398 Y153.509 E645.46072
G1 X136.466 Y153.509 E645.46381
G1 X136.5 Y153.568 E645.4669
G0 F15000 X136.983 Y153.079
G0 X137.62 Y153.616
G0 X137.62 Y154.2
G0 X137.541 Y154.04
G1 F6000 X135.96 Y154.04 E645.51948
G1 X135.96 Y152.446 E645.5725
G1 F5357.1 X136.008 Y151.842 E645.59507
G1 X136.226 Y152.464 E645.61962
G1 F6000 X136.54 Y153.013 E645.64066
G1 X136.98 Y153.44 E645.66105
G1 X137.521 Y153.768 E645.68209
G1 F5333.3 X138.141 Y153.99 E645.70674
G1 X137.541 Y154.04 E645.72926
G0 F15000 X138.141 Y153.99
G1 F4800 X138.842 Y153.99 E645.75841
G1 F2400 E645.25841
G0 F15000 X138.776 Y153.689
G0 X139.897 Y153.312
G0 X141.311 Y154.24
G0 X143.828 Y154.228
G0 X143.64 Y154.04
G1 F2400 E645.75841
G1 F6000 X139.453 Y154.04 E645.89767
G1 F5333.3 X138.842 Y153.99 E645.92061
G1 X139.475 Y153.768 E645.94571
G1 F6000 X139.987 Y153.465 E645.96549
G1 X140.457 Y153.007 E645.98732
G1 X140.79 Y152.42 E646.00977
G1 X140.946 Y151.827 E646.03016
G1 X140.942 Y151.152 E646.05261
G1 X140.794 Y150.6 E646.07162
G1 X140.474 Y150.028 E646.09342
G1 X140.014 Y149.545 E646.11561
G1 X139.424 Y149.21 E646.13817
G1 X138.821 Y149.048 E646.15894
G1 X138.148 Y149.054 E646.18132
G1 X137.555 Y149.213 E646.20174
G1 X136.988 Y149.54 E646.22351
G1 X136.561 Y149.971 E646.24369
G1 X136.231 Y150.522 E646.26505
G1 F5345.2 X136.008 Y151.135 E646.28941
G1 X135.961 Y150.538 E646.31177
G1 F6000 X135.96 Y130.446 E646.98003
G1 F5357.1 X136.008 Y129.842 E647.0026
G1 X136.226 Y130.464 E647.02715
G1 F6000 X136.54 Y131.013 E647.04819
G1 X136.98 Y131.44 E647.06858
G1 X137.545 Y131.783 E647.09056
G1 X138.177 Y131.948 E647.11229
G1 X138.842 Y131.942 E647.13441
G1 X139.421 Y131.791 E647.15431
G1 X140.016 Y131.448 E647.17715
G1 X140.439 Y131.017 E647.19724
G1 X140.775 Y130.459 E647.2189
G1 X140.938 Y129.827 E647.24061
G1 X140.948 Y129.182 E647.26206
G1 X140.783 Y128.546 E647.28392
G1 X140.468 Y128.017 E647.3044
G1 X140.01 Y127.541 E647.32637
G1 X139.42 Y127.206 E647.34893
G1 X138.844 Y127.054 E647.36875
G1 X138.181 Y127.05 E647.3908
G1 X137.555 Y127.213 E647.41231
G1 X136.988 Y127.54 E647.43408
G1 X136.561 Y127.971 E647.45426
G1 X136.231 Y128.522 E647.47562
G1 F5345.2 X136.008 Y129.135 E647.49998
G1 X135.961 Y128.538 E647.52233
G1 F6000 X135.96 Y125.96 E647.60808
G1 X143.64 Y125.96 E647.86352
G1 X143.64 Y154.04 E648.79746
G1 F2400 E648.29746
G0 F15000 X143.9 Y154.04
G0 X141.311 Y154.24
G0 X140.762 Y129.734
G0 X136.008 Y129.842
G1 F2400 E648.79746
G1 F4829 X136.008 Y129.135 E648.82668
G0 F15000 X135.7 Y129.135
G0 X135.7 Y126.318
G0 X136.16 Y126.318
G1 F6000 X136.318 Y126.16 E648.83411
G0 F15000 X136.884 Y126.16
G1 F6000 X136.161 Y126.883 E648.86812
G0 F15000 X136.161 Y127.448
G1 F6000 X137.45 Y126.16 E648.92873
G0 F15000 X138.015 Y126.16
G1 F6000 X136.161 Y128.014 E649.01593
G1 F2400 E648.51593
G0 F15000 X135.7 Y128.014
G0 X135.8 Y127.39
G0 X136.684 Y128.103
G0 X137.797 Y126.943
G1 F2400 E649.01593
G1 F6000 X138.581 Y126.16 E649.05279
G0 F15000 X139.147 Y126.16
G1 F6000 X138.455 Y126.851 E649.08531
G0 F15000 X138.986 Y126.886
G1 F6000 X139.712 Y126.16 E649.11946
G0 F15000 X140.278 Y126.16
G1 F6000 X139.434 Y127.004 E649.15916
G0 F15000 X139.809 Y127.194
G1 F6000 X140.844 Y126.16 E649.20782
G0 F15000 X141.409 Y126.16
G1 F6000 X140.161 Y127.409 E649.26654
G0 F15000 X140.441 Y127.694
G1 F6000 X141.975 Y126.16 E649.3387
G0 F15000 X142.541 Y126.16
G1 F6000 X140.694 Y128.006 E649.42555
G0 F15000 X140.906 Y128.36
G1 F6000 X143.106 Y126.16 E649.52903
G0 F15000 X143.44 Y126.392
G1 F6000 X141.051 Y128.781 E649.64141
G0 F15000 X141.148 Y129.25
G1 F6000 X143.44 Y126.957 E649.74924
G0 F15000 X143.44 Y127.523
G1 F6000 X141.136 Y129.828 E649.85763
G0 F15000 X140.914 Y130.615
G1 F6000 X143.44 Y128.089 E649.97645
G0 F15000 X143.44 Y128.655
G1 F6000 X136.16 Y135.934 E650.31886
G0 F15000 X136.16 Y135.369
G1 F6000 X139.623 Y131.906 E650.48174
G0 F15000 X138.815 Y132.148
G1 F6000 X136.16 Y134.803 E650.60663
G0 F15000 X136.16 Y134.237
G1 F6000 X138.249 Y132.148 E650.70489
G0 F15000 X137.78 Y132.051
G1 F6000 X136.16 Y133.671 E650.78109
G0 F15000 X136.16 Y133.106
G1 F6000 X137.36 Y131.906 E650.83753
G0 F15000 X137.007 Y131.694
G1 F6000 X136.16 Y132.54 E650.87735
G0 F15000 X136.16 Y131.974
G1 F6000 X136.695 Y131.44 E650.90249
G0 F15000 X136.408 Y131.161
G1 F6000 X136.16 Y131.409 E650.91415
G0 F15000 X135.7 Y131.409
G0 X135.7 Y136.5
G0 X136.16 Y136.5
G1 F6000 X143.44 Y129.22 E651.25658
G0 F15000 X143.44 Y129.786
G1 F6000 X136.16 Y137.066 E651.59901
G0 F15000 X136.16 Y137.631
G1 F6000 X143.44 Y130.352 E651.94142
G0 F15000 X143.44 Y130.917
G1 F6000 X136.16 Y138.197 E652.28385
G0 F15000 X136.16 Y138.763
G1 F6000 X143.44 Y131.483 E652.62628
G0 F15000 X143.44 Y132.049
G1 F6000 X136.16 Y139.328 E652.96868
G0 F15000 X136.16 Y139.894
G1 F6000 X143.44 Y132.614 E653.31111
G0 F15000 X143.44 Y133.18
G1 F6000 X136.16 Y140.46 E653.65354
G0 F15000 X136.161 Y141.025
G1 F6000 X143.44 Y133.746 E653.99592
G0 F15000 X143.44 Y134.311
G1 F6000 X136.161 Y141.59 E654.3383
G0 F15000 X136.161 Y142.156
G1 F6000 X143.44 Y134.877 E654.68068
G0 F15000 X143.44 Y135.443
G1 F6000 X136.161 Y142.722 E655.02307
G0 F15000 X136.161 Y143.287
G1 F6000 X143.44 Y136.008 E655.36545
G0 F15000 X143.44 Y136.574
G1 F6000 X136.161 Y143.853 E655.70783
G0 F15000 X136.161 Y144.419
G1 F6000 X143.44 Y137.14 E656.05021
G0 F15000 X143.44 Y137.706
G1 F6000 X136.161 Y144.984 E656.39257
G0 F15000 X136.161 Y145.55
G1 F6000 X143.44 Y138.271 E656.73495
G0 F15000 X143.44 Y138.837
G1 F6000 X136.161 Y146.116 E657.07733
G0 F15000 X136.161 Y146.682
G1 F6000 X143.44 Y139.403 E657.41972
G0 F15000 X143.44 Y139.968
G1 F6000 X136.161 Y147.247 E657.7621
G0 F15000 X136.161 Y147.813
G1 F6000 X143.44 Y140.534 E658.10448
G0 F15000 X143.44 Y141.1
G1 F6000 X136.161 Y148.379 E658.44686
G0 F15000 X136.161 Y148.944
G1 F6000 X143.44 Y141.665 E658.78924
G0 F15000 X143.44 Y142.231
G1 F6000 X136.161 Y149.51 E659.13162
G0 F15000 X136.161 Y150.076
G1 F6000 X143.44 Y142.797 E659.47401
G0 F15000 X143.44 Y143.362
G1 F6000 X137.884 Y148.918 E659.73534
G0 F15000 X138.52 Y148.848
G1 F6000 X143.44 Y143.928 E659.96677
G0 F15000 X143.44 Y144.494
G1 F6000 X139.035 Y148.899 E660.17396
G0 F15000 X139.481 Y149.019
G1 F6000 X143.44 Y145.059 E660.36021
G0 F15000 X143.44 Y145.625
G1 F6000 X139.848 Y149.217 E660.52916
G0 F15000 X140.191 Y149.44
G1 F6000 X143.44 Y146.191 E660.68199
G0 F15000 X143.44 Y146.756
G1 F6000 X140.469 Y149.728 E660.82176
G0 F15000 X140.715 Y150.047
G1 F6000 X143.44 Y147.322 E660.94993
G0 F15000 X143.44 Y147.888
G1 F6000 X140.921 Y150.407 E661.06842
G0 F15000 X141.063 Y150.831
G1 F6000 X143.44 Y148.454 E661.18022
G0 F15000 X143.44 Y149.019
G1 F6000 X141.148 Y151.312 E661.28806
G0 F15000 X141.136 Y151.889
G1 F6000 X143.44 Y149.585 E661.39643
G0 F15000 X143.44 Y150.151
G1 F6000 X140.832 Y152.759 E661.5191
G0 F15000 X140.437 Y152.526
G0 X140.312 Y152.897
G0 X140.312 Y154.2
G0 X140.882 Y153.84
G1 F6000 X143.44 Y151.282 E661.63942
G0 F15000 X143.44 Y151.848
G1 F6000 X141.448 Y153.84 E661.73312
G0 F15000 X142.013 Y153.84
G1 F6000 X143.44 Y152.413 E661.80024
G0 F15000 X143.44 Y152.979
G1 F6000 X142.579 Y153.84 E661.84074
G0 F15000 X143.145 Y153.84
G1 F6000 X143.44 Y153.545 E661.85462
G0 F15000 X143.9 Y153.545
G0 X143.9 Y150.716
G0 X143.44 Y150.716
G1 F6000 X140.316 Y153.84 E662.00156
G1 F2400 E661.50156
;MESH:NONMESH
G0 F300 X140.316 Y153.84 Z2.6
G0 F15000 X140.316 Y154.3
G0 X146 Y154.57
G0 X146.653 Y155.653
G0 X146.711 Y166.277
G0 X146 Y166.886
;TIME_ELAPSED:795.803836
;LAYER:12
;TYPE:SUPPORT
G1 F2400 E662.00156
G1 F6000 X146.083 Y167.08 E662.00858
G1 X146.334 Y167.444 E662.02328
G1 X146.658 Y167.752 E662.03815
G1 X146.99 Y167.984 E662.05162
G1 X147.48 Y168.46 E662.07434
G1 X147.736 Y169.019 E662.09479
G1 X147.799 Y169.29 E662.10405
G1 X147.796 Y170.796 E662.15414
G1 X147.551 Y171.438 E662.17699
G1 X147.185 Y171.86 E662.19557
G1 X146.869 Y172.067 E662.20814
G1 X146.633 Y172.244 E662.21795
G1 X146.325 Y172.543 E662.23223
G1 X146.077 Y172.907 E662.24688
G1 X146 Y173.089 E662.25345
G1 X146 Y166.886 E662.45976
G1 X145.909 Y166.673 E662.46746
G1 X145.8 Y166.15 E662.48523
G1 X145.8 Y156.2 E662.81617
G1 X145.6 Y156.2 E662.82282
G1 X145.6 Y175.6 E663.46807
G1 X144 Y175.6 E663.52129
G1 X144 Y175.8 E663.52794
G1 X142.2 Y175.8 E663.58781
G1 X142.2 Y173.864 E663.6522
G1 X142.099 Y173.348 E663.66969
G1 X141.931 Y172.943 E663.68427
G1 X141.683 Y172.576 E663.699
G1 X141.333 Y172.241 E663.71512
G1 X141.017 Y172.022 E663.7279
G1 X140.524 Y171.546 E663.7507
G1 X140.258 Y170.97 E663.7718
G1 X140.201 Y170.713 E663.78055
G1 X140.204 Y169.203 E663.83078
G1 X140.46 Y168.533 E663.85463
G1 X140.794 Y168.159 E663.87131
G1 X141.144 Y167.924 E663.88533
G1 X141.394 Y167.731 E663.89584
G1 X141.699 Y167.425 E663.91021
G1 X142 Y166.967 E663.92843
G1 X142 Y173.109 E664.13272
G1 F2400 E663.63272
G0 F15000 X141.203 Y173.441
G0 X141.347 Y176.653
G0 X158.653 Y176.653
G0 X160.66 Y170.956
G0 X160.663 Y169.192
G0 X160.557 Y168.739
G0 X160.233 Y168.031
G0 X158.794 Y166.546
G0 X158 Y166.886
G1 F2400 E664.13272
G1 F6000 X158.083 Y167.08 E664.13974
G1 X158.334 Y167.444 E664.15444
G1 X158.658 Y167.752 E664.16931
G1 X158.99 Y167.984 E664.18278
G1 X159.48 Y168.46 E664.2055
G1 X159.736 Y169.019 E664.22595
G1 X159.799 Y169.29 E664.23521
G1 X159.796 Y170.796 E664.2853
G1 X159.551 Y171.438 E664.30815
G1 X159.185 Y171.86 E664.32673
G1 X158.869 Y172.067 E664.3393
G1 X158.633 Y172.244 E664.34911
G1 X158.325 Y172.543 E664.36338
G1 X158.077 Y172.907 E664.37803
G1 X158 Y173.089 E664.38461
G1 X158 Y166.886 E664.59092
G1 X157.909 Y166.673 E664.59862
G1 X157.8 Y166.15 E664.61639
G1 X157.8 Y156.2 E664.94733
G1 X157.6 Y156.2 E664.95398
G1 X157.6 Y175.6 E665.59923
G1 X156 Y175.6 E665.65244
G1 X156 Y175.8 E665.6591
G1 X154.2 Y175.8 E665.71897
G1 X154.2 Y173.864 E665.78336
G1 X154.099 Y173.348 E665.80084
G1 X153.931 Y172.943 E665.81543
G1 X153.683 Y172.576 E665.83016
G1 X153.333 Y172.241 E665.84627
G1 X153.017 Y172.022 E665.85906
G1 X152.524 Y171.546 E665.88185
G1 X152.258 Y170.97 E665.90296
G1 X152.201 Y170.713 E665.91171
G1 X152.204 Y169.203 E665.96194
G1 X152.46 Y168.533 E665.98579
G1 X152.794 Y168.159 E666.00247
G1 X153.144 Y167.924 E666.01649
G1 X153.394 Y167.731 E666.02699
G1 X153.699 Y167.425 E666.04136
G1 X154 Y166.967 E666.05959
G1 X154 Y173.109 E666.26388
G1 F2400 E665.76388
G0 F15000 X154.6 Y174.629
;TYPE:SUPPORT-INTERFACE
G1 F2400 E666.26388
G1 F6000 X157.4 Y171.829 E666.39558
G0 F15000 X157.4 Y170.976
G1 F6000 X154.6 Y168.176 E666.52728
G0 F15000 X154.6 Y167.841
G1 F6000 X157.4 Y165.041 E666.65899
G0 F15000 X157.4 Y164.188
G1 F6000 X154.6 Y161.388 E666.79069
G0 F15000 X154.6 Y161.053
G1 F6000 X157.4 Y158.253 E666.92239
G0 F15000 X157.4 Y157.4
G1 F6000 X155.8 Y155.8 E666.99765
G0 F15000 X156.458 Y155.8
G1 F6000 X154.6 Y157.659 E667.08507
G0 F15000 X154.6 Y157.994
G1 F6000 X157.4 Y160.794 E667.21677
G0 F15000 X157.4 Y161.647
G1 F6000 X154.6 Y164.447 E667.34848
G0 F15000 X154.6 Y164.782
G1 F6000 X157.4 Y167.582 E667.48018
G0 F15000 X157.4 Y168.435
G1 F6000 X154.6 Y171.235 E667.61188
G0 F15000 X154.6 Y171.57
G1 F6000 X157.4 Y174.37 E667.74359
G0 F15000 X157.4 Y175.223
G1 F6000 X157.223 Y175.4 E667.75191
G1 F2400 E667.25191
G0 F15000 X155.035 Y175.4
G1 F2400 E667.75191
G1 F6000 X154.6 Y174.964 E667.7724
G1 F2400 E667.2724
G0 F15000 X153.335 Y174.964
G0 X146.697 Y173.843
G0 X145.4 Y173.646
G1 F2400 E667.7724
G1 F6000 X143.647 Y175.4 E667.85488
G0 F15000 X144.853 Y175.4
G1 F6000 X142.6 Y173.147 E667.96085
G1 X142.6 Y173.052
G1 X145.4 Y170.252 E668.09255
G0 F15000 X145.4 Y169.159
G1 F6000 X142.6 Y166.359 E668.22426
G1 X142.6 Y166.264
G1 X145.4 Y163.464 E668.35596
G0 F15000 X145.4 Y162.371
G1 F6000 X142.6 Y159.571 E668.48767
G1 X142.6 Y159.476
G1 X145.4 Y156.676 E668.61937
G1 F2400 E668.11937
G0 F15000 X145.4 Y158.977
G1 F2400 E668.61937
G1 F6000 X142.6 Y156.177 E668.75107
G1 X142.6 Y156.082
G1 X142.882 Y155.8 E668.76434
G1 F2400 E668.26434
G0 F15000 X141.335 Y155.8
G0 X139.34 Y169.043
G0 X139.337 Y170.804
G0 X139.435 Y171.251
G0 X141.347 Y176.653
G0 X146.653 Y176.653
G0 X148.66 Y170.956
G0 X148.663 Y169.368
G0 X146.665 Y160.07
G0 X145.4 Y160.07
G1 F2400 E668.76434
G1 F6000 X142.6 Y162.87 E668.89604
G1 X142.6 Y162.965
G1 X145.4 Y165.765 E669.02774
G0 F15000 X145.4 Y166.858
G1 F6000 X142.6 Y169.658 E669.15945
G1 X142.6 Y169.753
G1 X145.4 Y172.553 E669.29115
G1 F2400 E668.79115
;MESH:Limiter bracket.stl
G0 F15000 X146.84 Y173.323
G0 X147.759 Y172.517
G0 X148.304 Y171.888
G0 X148.66 Y170.956
G0 X148.663 Y169.368
G0 X146.653 Y155.653
G0 X150 Y154.4
;TYPE:WALL-INNER
G1 F2400 E669.29115
G1 F6000 X164.4 Y154.4 E669.7701
G1 X164.4 Y125.6 E670.72799
G1 X135.6 Y125.6 E671.68588
G1 X135.6 Y154.4 E672.64377
G1 X150 Y154.4 E673.12272
G1 F2400 E672.62272
G0 F15000 X161.223 Y154.57
G0 X161.223 Y153.768
G0 X161.223 Y153.588
G1 F2400 E673.12272
G1 F6000 X160.691 Y153.448 E673.14101
G1 X160.213 Y153.166 E673.15947
G1 X159.83 Y152.789 E673.17735
G1 X159.552 Y152.306 E673.19588
G1 X159.408 Y151.771 E673.21431
G1 X159.408 Y151.218 E673.2327
G1 X159.561 Y150.686 E673.25112
G1 X159.836 Y150.206 E673.26951
G1 X160.215 Y149.829 E673.28729
G1 X160.686 Y149.561 E673.30532
G1 X161.218 Y149.408 E673.32373
G1 X161.775 Y149.408 E673.34226
G1 X162.306 Y149.552 E673.36056
G1 X162.788 Y149.83 E673.37906
G1 X163.166 Y150.212 E673.39694
G1 X163.445 Y150.686 E673.41523
G1 X163.588 Y151.222 E673.43368
G1 X163.588 Y151.765 E673.45174
G1 X163.447 Y152.311 E673.4705
G1 X163.165 Y152.789 E673.48896
G1 X162.789 Y153.165 E673.50664
G1 X162.309 Y153.448 E673.52517
G1 X161.765 Y153.588 E673.54386
G1 X161.223 Y153.588 E673.56188
G1 F2400 E673.06188
G0 F15000 X160.309 Y153.051
G0 X159.949 Y152.691
G0 X159.694 Y152.248
G0 X159.561 Y151.755
G0 X159.561 Y151.245
G0 X159.694 Y150.752
G0 X159.949 Y150.309
G0 X161.219 Y149.228
G0 X161.219 Y131.768
G0 X161.219 Y131.588
G1 F2400 E673.56188
G1 F6000 X160.685 Y131.439 E673.58032
G1 X160.221 Y131.173 E673.59811
G1 X159.829 Y130.785 E673.61646
G1 X159.55 Y130.289 E673.63539
G1 X159.414 Y129.778 E673.65297
G1 X159.407 Y129.226 E673.67133
G1 X159.553 Y128.691 E673.68978
G1 X159.827 Y128.217 E673.70799
G1 X160.225 Y127.814 E673.72683
G1 X160.423 Y127.681 E673.73476
G1 X160.879 Y127.493 E673.75117
G1 X161.238 Y127.408 E673.76344
G1 X161.775 Y127.408 E673.7813
G1 X162.306 Y127.552 E673.7996
G1 X162.788 Y127.83 E673.8181
G1 X163.166 Y128.212 E673.83598
G1 X163.445 Y128.686 E673.85427
G1 X163.588 Y129.222 E673.87272
G1 X163.588 Y129.765 E673.89078
G1 X163.447 Y130.311 E673.90954
G1 X163.165 Y130.789 E673.928
G1 X162.787 Y131.167 E673.94578
G1 X162.31 Y131.448 E673.96419
G1 X161.771 Y131.588 E673.98271
G1 X161.219 Y131.588 E674.00107
G1 F2400 E673.50107
G0 F15000 X160.099 Y131.308
G0 X139.903 Y131.306
G0 X138.775 Y131.588
G1 F2400 E674.00107
G1 F6000 X138.223 Y131.588 E674.01943
G1 X137.69 Y131.448 E674.03776
G1 X137.215 Y131.169 E674.05608
G1 X136.83 Y130.788 E674.0741
G1 X136.551 Y130.305 E674.09265
G1 X136.408 Y129.766 E674.1112
G1 X136.408 Y129.222 E674.12929
G1 X136.553 Y128.691 E674.1476
G1 X136.829 Y128.213 E674.16596
G1 X137.213 Y127.829 E674.18402
G1 X137.693 Y127.552 E674.20245
G1 X138.234 Y127.408 E674.22107
G1 X138.775 Y127.408 E674.23907
G1 X139.306 Y127.552 E674.25736
G1 X139.788 Y127.83 E674.27587
G1 X140.169 Y128.215 E674.29389
G1 X140.448 Y128.69 E674.31221
G1 X140.589 Y129.226 E674.33064
G1 X140.583 Y129.774 E674.34887
G1 X140.441 Y130.321 E674.36767
G1 X140.162 Y130.792 E674.38587
G1 X139.779 Y131.173 E674.40384
G1 X139.314 Y131.439 E674.42166
G1 X138.775 Y131.588 E674.44026
G1 F2400 E673.94026
G0 F15000 X138.765 Y149.228
G0 X138.765 Y153.588
G1 F2400 E674.44026
G1 F6000 X138.223 Y153.588 E674.45829
G1 X137.691 Y153.448 E674.47658
G1 X137.213 Y153.166 E674.49504
G1 X136.83 Y152.789 E674.51292
G1 X136.551 Y152.305 E674.5315
G1 X136.408 Y151.766 E674.55005
G1 X136.408 Y151.222 E674.56814
G1 X136.553 Y150.691 E674.58645
G1 X136.829 Y150.213 E674.60481
G1 X137.213 Y149.829 E674.62287
G1 X137.691 Y149.553 E674.64123
G1 X138.222 Y149.408 E674.65953
G1 X138.779 Y149.408 E674.67806
G1 X139.314 Y149.56 E674.69656
G1 X139.786 Y149.83 E674.71464
G1 X140.161 Y150.207 E674.73233
G1 X140.439 Y150.685 E674.75072
G1 X140.588 Y151.219 E674.76916
G1 X140.588 Y151.771 E674.78752
G1 X140.448 Y152.31 E674.80604
G1 X140.167 Y152.787 E674.82446
G1 X139.789 Y153.165 E674.84224
G1 X139.309 Y153.448 E674.86077
G1 X138.765 Y153.588 E674.87945
G0 F15000 X138.727 Y153.186
;TYPE:WALL-OUTER
G1 F6000 X138.253 Y153.182 E674.89522
G1 X137.844 Y153.074 E674.90929
G1 X137.443 Y152.831 E674.92488
G1 X137.147 Y152.539 E674.93871
G1 X136.918 Y152.129 E674.95433
G1 X136.81 Y151.727 E674.96818
G1 X136.808 Y151.276 E674.98318
G1 X136.938 Y150.824 E674.99882
G1 X137.166 Y150.442 E675.01362
G1 X137.442 Y150.166 E675.0266
G1 X137.824 Y149.938 E675.04139
G1 X138.277 Y149.808 E675.05707
G1 X138.745 Y149.814 E675.07264
G1 X139.129 Y149.918 E675.08587
G1 X139.529 Y150.142 E675.10112
G1 X139.851 Y150.467 E675.11633
G1 X140.072 Y150.844 E675.13087
G1 X140.182 Y151.253 E675.14495
G1 X140.188 Y151.719 E675.16045
G1 X140.075 Y152.156 E675.17547
G1 X139.83 Y152.558 E675.19113
G1 X139.518 Y152.861 E675.20559
G1 X139.154 Y153.075 E675.21963
G1 X138.727 Y153.186 E675.23431
G1 F2400 E674.73431
G0 F15000 X138.808 Y153.488
G0 X140.312 Y152.897
G0 X140.312 Y154.57
G0 X150 Y154.8
G1 F2400 E675.23431
G1 F6000 X164.8 Y154.8 E675.72656
G1 X164.8 Y125.2 E676.71106
G1 X135.2 Y125.2 E677.69556
G1 X135.2 Y154.8 E678.68006
G1 X150 Y154.8 E679.17231
G1 F2400 E678.67231
G0 F15000 X150 Y154.49
G0 X161.808 Y154.57
G0 X161.786 Y153.769
G0 X161.727 Y153.186
G1 F2400 E679.17231
G1 F6000 X161.253 Y153.182 E679.18807
G1 X160.844 Y153.074 E679.20214
G1 X160.443 Y152.831 E679.21774
G1 X160.147 Y152.539 E679.23157
G1 X159.918 Y152.129 E679.24719
G1 X159.808 Y151.719 E679.26131
G1 X159.808 Y151.276 E679.27604
G1 X159.928 Y150.844 E679.29095
G1 X160.144 Y150.468 E679.30538
G1 X160.46 Y150.15 E679.32029
G1 X160.844 Y149.928 E679.33504
G1 X161.278 Y149.808 E679.35002
G1 X161.745 Y149.814 E679.36555
G1 X162.129 Y149.918 E679.37878
G1 X162.54 Y150.148 E679.39445
G1 X162.861 Y150.482 E679.40985
G1 X163.075 Y150.845 E679.42387
G1 X163.182 Y151.253 E679.4379
G1 X163.186 Y151.727 E679.45366
G1 X163.075 Y152.156 E679.4684
G1 X162.83 Y152.558 E679.48406
G1 X162.518 Y152.861 E679.49853
G1 X162.154 Y153.075 E679.51257
G1 X161.727 Y153.186 E679.52724
G1 F2400 E679.02724
G0 F15000 X161.808 Y153.488
G0 X162.691 Y153.051
G0 X163.051 Y152.691
G0 X163.306 Y152.248
G0 X163.439 Y151.755
G0 X163.439 Y151.245
G0 X163.306 Y150.752
G0 X163.051 Y150.309
G0 X162.691 Y149.949
G0 X161.195 Y149.228
G0 X161.201 Y131.769
G0 X161.277 Y131.188
G1 F2400 E679.52724
G1 F6000 X160.845 Y131.075 E679.5421
G1 X160.47 Y130.853 E679.55659
G1 X160.148 Y130.538 E679.57157
G1 X159.931 Y130.163 E679.58598
G1 X159.814 Y129.745 E679.60042
G1 X159.808 Y129.277 E679.61599
G1 X159.938 Y128.824 E679.63166
G1 X160.165 Y128.443 E679.64641
G1 X160.538 Y128.066 E679.66405
G1 X161.067 Y127.852 E679.68303
G1 X161.269 Y127.811 E679.68989
G1 X161.745 Y127.814 E679.70572
G1 X162.129 Y127.918 E679.71895
G1 X162.54 Y128.148 E679.73462
G1 X162.861 Y128.482 E679.75002
G1 X163.075 Y128.845 E679.76404
G1 X163.182 Y129.253 E679.77807
G1 X163.186 Y129.727 E679.79383
G1 X163.075 Y130.156 E679.80857
G1 X162.83 Y130.558 E679.82423
G1 X162.518 Y130.861 E679.8387
G1 X162.154 Y131.075 E679.85274
G1 X161.743 Y131.182 E679.86687
G1 X161.277 Y131.188 E679.88237
G1 F2400 E679.38237
G0 F15000 X161.195 Y131.488
G0 X160.099 Y131.308
G0 X139.903 Y131.306
G0 X138.277 Y131.188
G1 F2400 E679.88237
G1 F6000 X137.844 Y131.074 E679.89726
G1 X137.443 Y130.831 E679.91285
G1 X137.147 Y130.539 E679.92668
G1 X136.918 Y130.129 E679.9423
G1 X136.81 Y129.727 E679.95615
G1 X136.808 Y129.276 E679.97115
G1 X136.938 Y128.824 E679.98679
G1 X137.166 Y128.442 E680.00159
G1 X137.442 Y128.166 E680.01457
G1 X137.824 Y127.938 E680.02937
G1 X138.269 Y127.811 E680.04476
G1 X138.745 Y127.814 E680.06059
G1 X139.129 Y127.918 E680.07382
G1 X139.54 Y128.148 E680.08949
G1 X139.861 Y128.482 E680.10489
G1 X140.075 Y128.845 E680.11891
G1 X140.182 Y129.253 E680.13294
G1 X140.187 Y129.72 E680.14847
G1 X140.076 Y130.147 E680.16315
G1 X139.848 Y130.538 E680.1782
G1 X139.549 Y130.838 E680.19229
G1 X139.156 Y131.072 E680.2075
G1 X138.743 Y131.182 E680.22172
G1 X138.277 Y131.188 E680.23722
G1 F2400 E679.73722
G0 F15000 X138.195 Y131.488
G0 X138.755 Y131.439
G0 X139.248 Y131.306
G0 X139.691 Y131.051
G0 X140.762 Y129.799
G0 X141.963 Y125.76
G0 X143.828 Y125.772
G0 X143.9 Y129.767
G0 X143.68 Y129.767
;TYPE:FILL
G1 F2400 E680.23722
G1 F12000 X144.32 Y130.407 E680.26732
G0 F15000 X144.1 Y130.407
G0 X143.9 Y128.749
G0 X143.68 Y128.749
G1 F12000 X144.319 Y128.578 E680.28932
G0 F15000 X144.1 Y128.578
G0 X144.1 Y133.185
G0 X144.32 Y133.185
G1 F12000 X143.68 Y135.572 E680.37152
G0 F15000 X143.9 Y135.572
G0 X144.1 Y136.86
G0 X144.319 Y136.86
G1 F12000 X143.681 Y137.031 E680.39349
G0 F15000 X143.9 Y137.031
G0 X143.9 Y141.081
G0 X143.68 Y141.081
G1 F12000 X144.32 Y141.72 E680.42357
G0 F15000 X144.1 Y141.72
G0 X144.1 Y145.142
G0 X144.319 Y145.142
G1 F12000 X143.681 Y145.313 E680.44553
G0 F15000 X143.9 Y145.313
G0 X143.9 Y152.394
G0 X143.68 Y152.394
G1 F12000 X144.32 Y153.034 E680.47564
G0 F15000 X144.319 Y153.424
G1 F12000 X143.68 Y153.595 E680.49764
G0 F15000 X143.9 Y153.595
G0 X144.172 Y154.228
G0 X155.828 Y154.228
G0 X155.9 Y153.081
G0 X155.68 Y153.081
G1 F12000 X156.32 Y153.721 E680.52774
G0 F15000 X156.1 Y153.721
G0 X155.9 Y152.608
G0 X155.68 Y152.608
G1 F12000 X156.319 Y150.221 E680.60993
G1 X156.319 Y150.209
G1 X155.68 Y150.38 E680.63193
G0 F15000 X155.9 Y150.38
G0 X156.1 Y142.407
G0 X156.32 Y142.407
G1 F12000 X155.68 Y141.767 E680.66204
G0 F15000 X155.68 Y142.098
G1 F12000 X156.32 Y141.927 E680.68407
G0 F15000 X156.1 Y141.927
G0 X155.9 Y133.816
G0 X155.681 Y133.816
G1 F12000 X156.319 Y133.644 E680.70605
G0 F15000 X156.1 Y133.644
G0 X156.1 Y131.093
G0 X156.32 Y131.093
G1 F12000 X155.68 Y130.453 E680.73615
G1 F2400 E680.23615
G0 F15000 X155.9 Y130.453
G0 X155.828 Y154.228
G0 X150 Y154.3
G0 X150 Y154.04
;TYPE:SKIN
G1 F2400 E680.73615
G1 F6000 X144.36 Y154.04 E680.92374
G1 X144.36 Y125.96 E681.85768
G1 X155.64 Y125.96 E682.23286
G1 X155.64 Y154.04 E683.1668
G1 X150 Y154.04 E683.35439
G0 F15000 X150 Y154.3
G0 X144.172 Y154.228
G0 X144.1 Y153.611
G0 X144.56 Y153.611
G1 F6000 X144.789 Y153.84 E683.36516
G0 F15000 X145.355 Y153.84
G1 F6000 X144.56 Y153.045 E683.40255
G0 F15000 X144.56 Y152.48
G1 F6000 X145.921 Y153.84 E683.46655
G0 F15000 X146.486 Y153.84
G1 F6000 X144.56 Y151.914 E683.55714
G0 F15000 X144.56 Y151.348
G1 F6000 X147.052 Y153.84 E683.67436
G0 F15000 X147.618 Y153.84
G1 F6000 X144.56 Y150.783 E683.81817
G0 F15000 X144.56 Y150.217
G1 F6000 X148.183 Y153.84 E683.98859
G0 F15000 X148.749 Y153.84
G1 F6000 X144.56 Y149.651 E684.18562
G0 F15000 X144.56 Y149.086
G1 F6000 X149.315 Y153.84 E684.40926
G0 F15000 X149.88 Y153.84
G1 F6000 X144.56 Y148.52 E684.6595
G0 F15000 X144.56 Y147.954
G1 F6000 X150.446 Y153.84 E684.93636
G0 F15000 X151.012 Y153.84
G1 F6000 X144.56 Y147.389 E685.23982
G0 F15000 X144.56 Y146.823
G1 F6000 X151.578 Y153.84 E685.5699
G0 F15000 X152.143 Y153.84
G1 F6000 X144.56 Y146.257 E685.92658
G0 F15000 X144.56 Y145.692
G1 F6000 X152.709 Y153.84 E686.30986
G0 F15000 X153.275 Y153.84
G1 F6000 X144.56 Y145.126 E686.71976
G0 F15000 X144.56 Y144.56
G1 F6000 X153.84 Y153.84 E687.15627
G0 F15000 X154.406 Y153.84
G1 F6000 X144.56 Y143.995 E687.61937
G0 F15000 X144.56 Y143.429
G1 F6000 X154.972 Y153.84 E688.10909
G0 F15000 X155.44 Y153.743
G1 F6000 X144.56 Y142.863 E688.62085
G0 F15000 X144.56 Y142.297
G1 F6000 X155.44 Y153.177 E689.13262
G0 F15000 X155.44 Y152.611
G1 F6000 X144.56 Y141.732 E689.64435
G0 F15000 X144.56 Y141.166
G1 F6000 X155.44 Y152.046 E690.15612
G0 F15000 X155.44 Y151.48
G1 F6000 X144.56 Y140.6 E690.66788
G0 F15000 X144.56 Y140.035
G1 F6000 X155.44 Y150.914 E691.17962
G0 F15000 X155.44 Y150.349
G1 F6000 X144.56 Y139.469 E691.69138
G0 F15000 X144.56 Y138.903
G1 F6000 X155.44 Y149.783 E692.20314
G0 F15000 X155.44 Y149.217
G1 F6000 X144.56 Y138.338 E692.71488
G0 F15000 X144.56 Y137.772
G1 F6000 X155.44 Y148.652 E693.22664
G0 F15000 X155.44 Y148.086
G1 F6000 X144.56 Y137.206 E693.7384
G0 F15000 X144.56 Y136.641
G1 F6000 X155.44 Y147.52 E694.25014
G0 F15000 X155.44 Y146.954
G1 F6000 X144.56 Y136.075 E694.76188
G0 F15000 X144.56 Y135.509
G1 F6000 X155.44 Y146.389 E695.27364
G0 F15000 X155.44 Y145.823
G1 F6000 X144.56 Y134.944 E695.78538
G0 F15000 X144.56 Y134.378
G1 F6000 X155.44 Y145.257 E696.29712
G0 F15000 X155.44 Y144.692
G1 F6000 X144.56 Y133.812 E696.80888
G0 F15000 X144.56 Y133.246
G1 F6000 X155.44 Y144.126 E697.32064
G0 F15000 X155.44 Y143.56
G1 F6000 X144.56 Y132.681 E697.83238
G0 F15000 X144.56 Y132.115
G1 F6000 X155.44 Y142.995 E698.34414
G0 F15000 X155.44 Y142.429
G1 F6000 X144.56 Y131.549 E698.8559
G0 F15000 X144.56 Y130.984
G1 F6000 X155.44 Y141.863 E699.36764
G0 F15000 X155.44 Y141.298
G1 F6000 X144.56 Y130.418 E699.8794
G0 F15000 X144.56 Y129.852
G1 F6000 X155.44 Y140.732 E700.39117
G0 F15000 X155.44 Y140.166
G1 F6000 X144.56 Y129.287 E700.9029
G0 F15000 X144.56 Y128.721
G1 F6000 X155.44 Y139.601 E701.41467
G0 F15000 X155.44 Y139.035
G1 F6000 X144.56 Y128.155 E701.92643
G0 F15000 X144.56 Y127.59
G1 F6000 X155.44 Y138.469 E702.43817
G0 F15000 X155.44 Y137.904
G1 F6000 X144.56 Y127.024 E702.94993
G0 F15000 X144.56 Y126.458
G1 F6000 X155.44 Y137.338 E703.46169
G0 F15000 X155.44 Y136.772
G1 F6000 X144.827 Y126.16 E703.96087
G0 F15000 X145.393 Y126.16
G1 F6000 X155.44 Y136.206 E704.43343
G0 F15000 X155.44 Y135.641
G1 F6000 X145.959 Y126.16 E704.87938
G0 F15000 X146.525 Y126.16
G1 F6000 X155.44 Y135.075 E705.29872
G0 F15000 X155.44 Y134.509
G1 F6000 X147.09 Y126.16 E705.69145
G0 F15000 X147.656 Y126.16
G1 F6000 X155.44 Y133.944 E706.05759
G0 F15000 X155.44 Y133.378
G1 F6000 X148.222 Y126.16 E706.3971
G0 F15000 X148.787 Y126.16
G1 F6000 X155.44 Y132.812 E706.71001
G0 F15000 X155.44 Y132.247
G1 F6000 X149.353 Y126.16 E706.99633
G0 F15000 X149.919 Y126.16
G1 F6000 X155.44 Y131.681 E707.25602
G0 F15000 X155.44 Y131.115
G1 F6000 X150.484 Y126.16 E707.48911
G0 F15000 X151.05 Y126.16
G1 F6000 X155.44 Y130.55 E707.6956
G0 F15000 X155.44 Y129.984
G1 F6000 X151.616 Y126.16 E707.87547
G0 F15000 X152.181 Y126.16
G1 F6000 X155.44 Y129.418 E708.02874
G0 F15000 X155.44 Y128.853
G1 F6000 X152.747 Y126.16 E708.15541
G0 F15000 X153.313 Y126.16
G1 F6000 X155.44 Y128.287 E708.25546
G0 F15000 X155.44 Y127.721
G1 F6000 X153.878 Y126.16 E708.32891
G0 F15000 X154.444 Y126.16
G1 F6000 X155.44 Y127.155 E708.37573
G0 F15000 X155.44 Y126.59
G1 F6000 X155.01 Y126.16 E708.39596
G1 F2400 E707.89596
G0 F15000 X155.9 Y126.16
G0 X156.172 Y125.772
G0 X164.228 Y125.772
G0 X164.3 Y151.141
G0 X163.99 Y151.141
G1 F2400 E708.39596
G1 F4829 X163.993 Y151.822 E708.4241
G0 F15000 X164.3 Y151.822
G0 X164.3 Y153.565
G0 X163.633 Y153.565
G1 F4363.6 X163.599 Y153.624 E708.42722
G1 X163.531 Y153.624 E708.43032
G1 X163.497 Y153.565 E708.43344
G1 X163.531 Y153.506 E708.43655
G1 X163.599 Y153.506 E708.43966
G1 X163.633 Y153.565 E708.44278
G0 F15000 X164.3 Y153.565
G0 X164.228 Y154.228
G0 X162.459 Y154.3
G0 X162.459 Y154.04
G1 F5333.3 X161.843 Y153.99 E708.4659
G1 X162.478 Y153.765 E708.49111
G1 F6000 X162.982 Y153.469 E708.51055
G1 X163.434 Y153.031 E708.53148
G1 X163.769 Y152.474 E708.5531
G1 F5369.1 X163.993 Y151.822 E708.57873
G1 X164.04 Y152.453 E708.60224
G1 F6000 X164.04 Y154.04 E708.65503
G1 X162.459 Y154.04 E708.70761
G0 F15000 X161.843 Y153.99
G1 F4800 X161.141 Y153.99 E708.7368
G0 F15000 X161.141 Y154.3
G0 X156.172 Y154.228
G0 X156.36 Y154.04
G1 F6000 X156.36 Y125.96 E709.67074
G1 X164.04 Y125.96 E709.92618
G1 X164.04 Y128.541 E710.01203
G1 F5333.3 X163.99 Y129.141 E710.03455
G1 X163.769 Y128.522 E710.05915
G1 F6000 X163.469 Y128.014 E710.07877
G1 X163.007 Y127.54 E710.10078
G1 X162.42 Y127.206 E710.12325
G1 X161.844 Y127.054 E710.14306
G1 X161.185 Y127.05 E710.16498
G1 X160.764 Y127.153 E710.1794
G1 X160.287 Y127.347 E710.19652
G1 X159.996 Y127.537 E710.20808
G1 X159.561 Y127.971 E710.22852
G1 X159.231 Y128.522 E710.24988
G1 X159.054 Y129.147 E710.27149
G1 X159.05 Y129.803 E710.29331
G1 X159.225 Y130.455 E710.31576
G1 X159.534 Y131.002 E710.33665
G1 X159.985 Y131.449 E710.35777
G1 X160.575 Y131.787 E710.38039
G1 X161.175 Y131.948 E710.40105
G1 X161.843 Y131.942 E710.42327
G1 X162.451 Y131.783 E710.44417
G1 X162.982 Y131.469 E710.46469
G1 X163.434 Y131.031 E710.48562
G1 X163.769 Y130.474 E710.50724
G1 F5369.1 X163.993 Y129.822 E710.53287
G1 X164.04 Y130.453 E710.55638
G1 F6000 X164.04 Y150.541 E711.22451
G1 F5333.3 X163.99 Y151.141 E711.24704
G1 X163.769 Y150.522 E711.27164
G1 F6000 X163.469 Y150.014 E711.29126
G1 X163.009 Y149.536 E711.31332
G1 X162.444 Y149.212 E711.33499
G1 X161.82 Y149.048 E711.35644
G1 X161.15 Y149.054 E711.37873
G1 X160.568 Y149.209 E711.39876
G1 X159.967 Y149.565 E711.422
G1 X159.548 Y149.98 E711.44161
G1 X159.209 Y150.571 E711.46427
G1 X159.054 Y151.148 E711.48414
G1 X159.05 Y151.823 E711.50659
G1 X159.212 Y152.441 E711.52784
G1 X159.54 Y153.008 E711.54963
G1 X159.979 Y153.439 E711.57009
G1 X160.521 Y153.768 E711.59118
G1 F5333.3 X161.141 Y153.99 E711.61582
G1 X160.541 Y154.04 E711.63835
G1 F6000 X156.36 Y154.04 E711.77741
G1 F2400 E711.27741
G0 F15000 X156.1 Y154.04
G0 X164.228 Y154.228
G0 X164.3 Y129.822
G0 X163.993 Y129.822
G1 F2400 E711.77741
G1 F4829 X163.99 Y129.141 E711.80555
G0 F15000 X164.3 Y129.141
G0 X164.228 Y125.772
G0 X163.495 Y125.7
G0 X163.495 Y126.16
G1 F6000 X163.84 Y126.505 E711.82178
G0 F15000 X163.84 Y127.071
G1 F6000 X162.929 Y126.16 E711.86463
G0 F15000 X162.364 Y126.16
G1 F6000 X163.84 Y127.636 E711.93406
G0 F15000 X163.771 Y128.133
G1 F6000 X163.84 Y128.202 E711.9373
G0 F15000 X164.3 Y128.202
G0 X164.2 Y127.622
G0 X163.311 Y128.102
G0 X162.862 Y127.223
G1 F6000 X161.798 Y126.16 E711.98733
G0 F15000 X161.232 Y126.16
G1 F6000 X161.947 Y126.875 E712.02096
G0 F15000 X161.358 Y126.851
G1 F6000 X160.667 Y126.16 E712.05346
G0 F15000 X160.101 Y126.16
G1 F6000 X160.864 Y126.923 E712.08935
G0 F15000 X160.443 Y127.068
G1 F6000 X159.535 Y126.16 E712.13206
G0 F15000 X158.97 Y126.16
G1 F6000 X160.065 Y127.255 E712.18356
G0 F15000 X159.745 Y127.501
G1 F6000 X158.404 Y126.16 E712.24664
G0 F15000 X157.838 Y126.16
G1 F6000 X159.464 Y127.786 E712.32312
G0 F15000 X159.233 Y128.121
G1 F6000 X157.273 Y126.16 E712.41534
G0 F15000 X156.707 Y126.16
G1 F6000 X159.028 Y128.481 E712.52451
G0 F15000 X158.907 Y128.926
G1 F6000 X156.56 Y126.578 E712.63493
G0 F15000 X156.56 Y127.144
G1 F6000 X158.85 Y129.434 E712.74265
G0 F15000 X158.91 Y130.06
G1 F6000 X156.56 Y127.71 E712.85318
G0 F15000 X156.56 Y128.276
G1 F6000 X159.33 Y131.045 E712.98345
G0 F15000 X159.936 Y131.651
G1 F6000 X163.84 Y135.556 E713.16711
G0 F15000 X163.84 Y136.122
G1 F6000 X156.56 Y128.841 E713.50956
G0 F15000 X156.56 Y129.407
G1 F6000 X163.84 Y136.687 E713.85199
G0 F15000 X163.84 Y137.253
G1 F6000 X156.56 Y129.973 E714.19442
G0 F15000 X156.56 Y130.538
G1 F6000 X163.84 Y137.819 E714.53687
G0 F15000 X163.84 Y138.384
G1 F6000 X156.56 Y131.104 E714.8793
G0 F15000 X156.56 Y131.67
G1 F6000 X163.84 Y138.95 E715.22173
G0 F15000 X163.84 Y139.516
G1 F6000 X156.56 Y132.235 E715.56418
G0 F15000 X156.56 Y132.801
G1 F6000 X163.84 Y140.081 E715.90661
G0 F15000 X163.84 Y140.647
G1 F6000 X156.56 Y133.367 E716.24904
G0 F15000 X156.56 Y133.932
G1 F6000 X163.84 Y141.213 E716.59149
G0 F15000 X163.84 Y141.778
G1 F6000 X156.56 Y134.498 E716.93392
G0 F15000 X156.56 Y135.064
G1 F6000 X163.84 Y142.344 E717.27635
G0 F15000 X163.84 Y142.91
G1 F6000 X156.56 Y135.629 E717.6188
G0 F15000 X156.56 Y136.195
G1 F6000 X163.84 Y143.476 E717.96125
G0 F15000 X163.84 Y144.041
G1 F6000 X156.56 Y136.761 E718.30368
G0 F15000 X156.56 Y137.327
G1 F6000 X163.84 Y144.607 E718.64611
G0 F15000 X163.84 Y145.173
G1 F6000 X156.56 Y137.892 E718.98856
G0 F15000 X156.56 Y138.458
G1 F6000 X163.84 Y145.738 E719.33099
G0 F15000 X163.84 Y146.304
G1 F6000 X156.56 Y139.024 E719.67342
G0 F15000 X156.56 Y139.589
G1 F6000 X163.84 Y146.87 E720.01587
G0 F15000 X163.84 Y147.435
G1 F6000 X156.56 Y140.155 E720.3583
G0 F15000 X156.56 Y140.721
G1 F6000 X163.84 Y148.001 E720.70073
G0 F15000 X163.84 Y148.567
G1 F6000 X156.56 Y141.286 E721.04318
G0 F15000 X156.56 Y141.852
G1 F6000 X163.84 Y149.132 E721.38561
G0 F15000 X163.84 Y149.698
G1 F6000 X156.56 Y142.418 E721.72804
G0 F15000 X156.56 Y142.983
G1 F6000 X162.711 Y149.134 E722.01736
G0 F15000 X161.863 Y148.852
G1 F6000 X156.56 Y143.549 E722.2668
G0 F15000 X156.56 Y144.115
G1 F6000 X161.293 Y148.848 E722.48943
G0 F15000 X160.815 Y148.936
G1 F6000 X156.56 Y144.68 E722.68959
G0 F15000 X156.56 Y145.246
G1 F6000 X160.393 Y149.079 E722.86989
G0 F15000 X160.035 Y149.287
G1 F6000 X156.56 Y145.812 E723.03334
G0 F15000 X156.56 Y146.377
G1 F6000 X159.715 Y149.533 E723.18176
G0 F15000 X159.431 Y149.814
G1 F6000 X156.56 Y146.943 E723.31681
G0 F15000 X156.56 Y147.509
G1 F6000 X159.214 Y150.163 E723.44164
G0 F15000 X159.014 Y150.529
G1 F6000 X156.56 Y148.075 E723.55707
G0 F15000 X156.56 Y148.64
G1 F6000 X158.895 Y150.975 E723.6669
G0 F15000 X158.851 Y151.497
G1 F6000 X156.56 Y149.206 E723.77466
G0 F15000 X156.56 Y149.772
G1 F6000 X158.927 Y152.139 E723.886
G1 F2400 E723.386
G0 F15000 X159.371 Y152.022
G0 X159.682 Y152.896
G0 X159.682 Y154.2
G0 X158.931 Y153.84
G1 F2400 E723.886
G1 F6000 X156.56 Y151.469 E723.99753
G0 F15000 X156.56 Y152.034
G1 F6000 X158.366 Y153.84 E724.08247
G0 F15000 X157.8 Y153.84
G1 F6000 X156.56 Y152.6 E724.1408
G0 F15000 X156.56 Y153.166
G1 F6000 X157.234 Y153.84 E724.1725
G0 F15000 X156.669 Y153.84
G1 F6000 X156.56 Y153.731 E724.17763
G0 F15000 X156.1 Y153.731
G0 X156.1 Y150.903
G0 X156.56 Y150.903
G1 F6000 X159.497 Y153.84 E724.31578
G0 F15000 X160.063 Y153.84
G1 F6000 X156.56 Y150.337 E724.48055
G1 F2400 E723.98055
G0 F15000 X156.1 Y150.337
G0 X156.172 Y154.228
G0 X164.228 Y154.228
G0 X164.3 Y134.99
G0 X163.84 Y134.99
G1 F2400 E724.48055
G1 F6000 X160.943 Y132.093 E724.61681
G0 F15000 X161.564 Y132.148
G1 F6000 X163.84 Y134.425 E724.72389
G0 F15000 X163.84 Y133.859
G1 F6000 X162.071 Y132.09 E724.8071
G0 F15000 X162.519 Y131.972
G1 F6000 X163.84 Y133.293 E724.86924
G0 F15000 X163.84 Y132.727
G1 F6000 X162.876 Y131.764 E724.91456
G0 F15000 X163.212 Y131.533
G1 F6000 X163.84 Y132.162 E724.94412
G0 F15000 X163.84 Y131.596
G1 F6000 X163.497 Y131.252 E724.96028
G0 F15000 X163.735 Y130.925
G1 F6000 X163.84 Y131.03 E724.96522
G1 F2400 E724.46522
G0 F15000 X164.3 Y131.03
G0 X164.228 Y125.772
G0 X156.172 Y125.772
G0 X155.828 Y154.228
G0 X135.772 Y154.228
G0 X135.7 Y151.135
G0 X136.008 Y151.135
G1 F2400 E724.96522
G1 F4829 X136.008 Y151.842 E724.99443
G0 F15000 X136.307 Y151.776
G0 X136.983 Y153.079
G0 X136.5 Y153.568
G1 F4395.6 X136.466 Y153.627 E724.99753
G1 X136.398 Y153.627 E725.00061
G1 X136.364 Y153.568 E725.0037
G1 X136.398 Y153.509 E725.0068
G1 X136.466 Y153.509 E725.00988
G1 X136.5 Y153.568 E725.01297
G0 F15000 X136.983 Y153.079
G0 X137.62 Y153.616
G0 X137.62 Y154.2
G0 X137.541 Y154.04
G1 F6000 X135.96 Y154.04 E725.06556
G1 X135.96 Y152.446 E725.11858
G1 F5357.1 X136.008 Y151.842 E725.14115
G1 X136.226 Y152.464 E725.1657
G1 F6000 X136.54 Y153.013 E725.18673
G1 X136.98 Y153.44 E725.20713
G1 X137.521 Y153.768 E725.22817
G1 F5333.3 X138.141 Y153.99 E725.25281
G1 X137.541 Y154.04 E725.27534
G0 F15000 X138.141 Y153.99
G1 F4800 X138.842 Y153.99 E725.30448
G1 F2400 E724.80448
G0 F15000 X138.776 Y153.689
G0 X139.897 Y153.312
G0 X141.311 Y154.24
G0 X143.828 Y154.228
G0 X143.64 Y154.04
G1 F2400 E725.30448
G1 F6000 X139.453 Y154.04 E725.44374
G1 F5333.3 X138.842 Y153.99 E725.46668
G1 X139.475 Y153.768 E725.49178
G1 F6000 X139.987 Y153.465 E725.51157
G1 X140.457 Y153.007 E725.5334
G1 X140.79 Y152.42 E725.55584
G1 X140.946 Y151.827 E725.57624
G1 X140.942 Y151.152 E725.59869
G1 X140.787 Y150.571 E725.61869
G1 X140.427 Y149.967 E725.64208
G1 X139.994 Y149.535 E725.66242
G1 X139.446 Y149.213 E725.68356
G1 X138.82 Y149.048 E725.70509
G1 X138.148 Y149.054 E725.72744
G1 X137.555 Y149.213 E725.74786
G1 X136.988 Y149.54 E725.76963
G1 X136.561 Y149.971 E725.78981
G1 X136.231 Y150.522 E725.81117
G1 F5345.2 X136.008 Y151.135 E725.83553
G1 X135.961 Y150.538 E725.85788
G1 F6000 X135.96 Y130.446 E726.52615
G1 F5357.1 X136.008 Y129.842 E726.54872
G1 X136.226 Y130.464 E726.57327
G1 F6000 X136.54 Y131.013 E726.59431
G1 X136.98 Y131.44 E726.6147
G1 X137.545 Y131.783 E726.63668
G1 X138.177 Y131.948 E726.65841
G1 X138.842 Y131.942 E726.68053
G1 X139.421 Y131.791 E726.70043
G1 X140.035 Y131.425 E726.7242
G1 X140.435 Y131.021 E726.74311
G1 X140.775 Y130.463 E726.76484
G1 X140.938 Y129.831 E726.78655
G1 X140.948 Y129.182 E726.80814
G1 X140.783 Y128.546 E726.82999
G1 X140.468 Y128.017 E726.85047
G1 X140.01 Y127.541 E726.87244
G1 X139.42 Y127.206 E726.89501
G1 X138.844 Y127.054 E726.91482
G1 X138.181 Y127.05 E726.93687
G1 X137.555 Y127.213 E726.95839
G1 X136.988 Y127.54 E726.98016
G1 X136.561 Y127.971 E727.00034
G1 X136.231 Y128.522 E727.0217
G1 F5345.2 X136.008 Y129.135 E727.04605
G1 X135.961 Y128.538 E727.06841
G1 F6000 X135.96 Y125.96 E727.15416
G1 X143.64 Y125.96 E727.40959
G1 X143.64 Y154.04 E728.34354
G1 F2400 E727.84354
G0 F15000 X143.9 Y154.04
G0 X135.772 Y154.228
G0 X135.7 Y129.135
G0 X136.008 Y129.135
G1 F2400 E728.34354
G1 F4829 X136.008 Y129.842 E728.37276
G1 F2400 E727.87276
G0 F15000 X136.307 Y129.776
G0 X136.694 Y128.752
G0 X136.949 Y128.309
G0 X137.309 Y127.949
G0 X137.752 Y127.694
G0 X138.245 Y127.561
G0 X138.755 Y127.561
G0 X140.313 Y128.105
G0 X141.963 Y125.76
G0 X143.13 Y126.16
G1 F2400 E728.37276
G1 F6000 X143.44 Y126.47 E728.38734
G0 F15000 X143.44 Y127.035
G1 F6000 X142.565 Y126.16 E728.42849
G0 F15000 X141.999 Y126.16
G1 F6000 X143.44 Y127.601 E728.49627
G0 F15000 X143.44 Y128.167
G1 F6000 X141.433 Y126.16 E728.59068
G0 F15000 X140.868 Y126.16
G1 F6000 X143.44 Y128.732 E728.71166
G0 F15000 X143.44 Y129.298
G1 F6000 X140.302 Y126.16 E728.85926
G0 F15000 X139.736 Y126.16
G1 F6000 X143.44 Y129.864 E729.03348
G0 F15000 X143.44 Y130.429
G1 F6000 X139.171 Y126.16 E729.23428
G0 F15000 X138.605 Y126.16
G1 F6000 X139.453 Y127.008 E729.27417
G0 F15000 X138.728 Y126.849
G1 F6000 X138.039 Y126.16 E729.30658
G0 F15000 X137.474 Y126.16
G1 F6000 X138.166 Y126.852 E729.33913
G0 F15000 X137.713 Y126.965
G1 F6000 X136.908 Y126.16 E729.37699
G0 F15000 X136.342 Y126.16
G1 F6000 X137.307 Y127.124 E729.42236
G0 F15000 X136.948 Y127.332
G1 F6000 X136.16 Y126.543 E729.45945
G0 F15000 X136.16 Y127.11
G1 F6000 X136.649 Y127.598 E729.48243
G0 F15000 X136.371 Y127.886
G1 F6000 X136.16 Y127.675 E729.49235
G0 F15000 X135.7 Y127.675
G0 X135.7 Y131.069
G0 X136.16 Y131.069
G1 F6000 X143.44 Y138.349 E729.83478
G0 F15000 X143.44 Y138.915
G1 F6000 X136.16 Y131.634 E730.17723
G0 F15000 X136.16 Y132.2
G1 F6000 X143.44 Y139.48 E730.51966
G0 F15000 X143.44 Y140.046
G1 F6000 X136.16 Y132.766 E730.86209
G0 F15000 X136.16 Y133.331
G1 F6000 X143.44 Y140.612 E731.20454
G0 F15000 X143.44 Y141.177
G1 F6000 X136.16 Y133.897 E731.54697
G0 F15000 X136.16 Y134.463
G1 F6000 X143.44 Y141.743 E731.8894
G0 F15000 X143.44 Y142.309
G1 F6000 X136.16 Y135.028 E732.23185
G0 F15000 X136.16 Y135.594
G1 F6000 X143.44 Y142.874 E732.57428
G0 F15000 X143.44 Y143.44
G1 F6000 X136.16 Y136.16 E732.91671
G0 F15000 X136.16 Y136.725
G1 F6000 X143.44 Y144.006 E733.25916
G0 F15000 X143.44 Y144.572
G1 F6000 X136.16 Y137.291 E733.60162
G0 F15000 X136.16 Y137.857
G1 F6000 X143.44 Y145.137 E733.94405
G0 F15000 X143.44 Y145.703
G1 F6000 X136.16 Y138.423 E734.28647
G0 F15000 X136.16 Y138.988
G1 F6000 X143.44 Y146.269 E734.62893
G0 F15000 X143.44 Y146.834
G1 F6000 X136.16 Y139.554 E734.97136
G0 F15000 X136.16 Y140.12
G1 F6000 X143.44 Y147.4 E735.31378
G0 F15000 X143.44 Y147.966
G1 F6000 X136.16 Y140.686 E735.65621
G0 F15000 X136.16 Y141.252
G1 F6000 X143.44 Y148.531 E735.99862
G0 F15000 X143.44 Y149.097
G1 F6000 X136.16 Y141.817 E736.34105
G0 F15000 X136.16 Y142.383
G1 F6000 X143.44 Y149.663 E736.68348
G0 F15000 X143.44 Y150.228
G1 F6000 X136.16 Y142.949 E737.02588
G0 F15000 X136.16 Y143.514
G1 F6000 X143.44 Y150.794 E737.36831
G0 F15000 X143.44 Y151.36
G1 F6000 X136.16 Y144.08 E737.71074
G0 F15000 X136.16 Y144.646
G1 F6000 X143.44 Y151.925 E738.05314
G0 F15000 X143.44 Y152.491
G1 F6000 X136.16 Y145.211 E738.39557
G0 F15000 X136.16 Y145.777
G1 F6000 X139.369 Y148.986 E738.54651
G0 F15000 X138.665 Y148.847
G1 F6000 X136.16 Y146.343 E738.66432
G0 F15000 X136.16 Y146.909
G1 F6000 X138.109 Y148.857 E738.75597
G0 F15000 X137.663 Y148.977
G1 F6000 X136.16 Y147.474 E738.82667
G0 F15000 X136.16 Y148.04
G1 F6000 X137.268 Y149.147 E738.87876
G0 F15000 X136.909 Y149.354
G1 F6000 X136.16 Y148.606 E738.91397
G0 F15000 X136.16 Y149.171
G1 F6000 X136.619 Y149.629 E738.93553
G0 F15000 X136.349 Y149.926
G1 F6000 X136.16 Y149.737 E738.94442
G1 F2400 E738.44442
G0 F15000 X135.7 Y149.737
G0 X135.8 Y150.741
G0 X136.295 Y150.877
G0 X141.008 Y150.625
G1 F2400 E738.94442
G1 F6000 X143.44 Y153.057 E739.05882
G0 F15000 X143.44 Y153.622
G1 F6000 X141.147 Y151.329 E739.16667
G0 F15000 X141.137 Y151.885
G1 F6000 X143.092 Y153.84 E739.25863
G0 F15000 X142.526 Y153.84
G1 F6000 X141.019 Y152.333 E739.32952
G0 F15000 X140.849 Y152.728
G1 F6000 X141.96 Y153.84 E739.3818
G0 F15000 X141.394 Y153.84
G1 F6000 X140.641 Y153.086 E739.41724
G0 F15000 X140.367 Y153.378
G1 F6000 X140.829 Y153.84 E739.43897
G0 F15000 X140.263 Y153.84
G1 F6000 X140.071 Y153.648 E739.448
G1 F2400 E738.948
G0 F15000 X139.84 Y153.252
G0 X140.306 Y152.248
G0 X140.439 Y151.755
G0 X140.304 Y150.096
G0 X135.76 Y146.007
G0 X135.772 Y154.228
G0 X143.828 Y154.228
G0 X143.9 Y137.783
G0 X143.44 Y137.783
G1 F2400 E739.448
G1 F6000 X137.684 Y132.027 E739.71875
G0 F15000 X138.371 Y132.148
G1 F6000 X143.44 Y137.218 E739.9572
G0 F15000 X143.44 Y136.652
G1 F6000 X138.918 Y132.13 E740.1699
G0 F15000 X139.367 Y132.013
G1 F6000 X143.44 Y136.086 E740.36148
G0 F15000 X143.44 Y135.521
G1 F6000 X139.75 Y131.831 E740.53505
G0 F15000 X140.108 Y131.622
G1 F6000 X143.44 Y134.955 E740.6918
G0 F15000 X143.44 Y134.389
G1 F6000 X140.395 Y131.344 E740.83503
G0 F15000 X140.66 Y131.043
G1 F6000 X143.44 Y133.823 E740.96579
G0 F15000 X143.44 Y133.258
G1 F6000 X140.872 Y130.69 E741.08658
G0 F15000 X141.028 Y130.28
G1 F6000 X143.44 Y132.692 E741.20003
G0 F15000 X143.44 Y132.126
G1 F6000 X141.136 Y129.822 E741.30841
G0 F15000 X141.146 Y129.267
G1 F6000 X143.44 Y131.561 E741.41631
G0 F15000 X143.44 Y130.995
G1 F6000 X140.988 Y128.543 E741.53164
G1 F2400 E741.03164
;MESH:NONMESH
G0 F300 X140.988 Y128.543 Z2.8
G0 F15000 X140.543 Y128.659
G0 X140.31 Y130.894
G0 X146 Y166.933
;TIME_ELAPSED:894.373326
;LAYER:13
;TYPE:SUPPORT
G1 F2400 E741.53164
G1 F6000 X146.184 Y167.27 E741.54441
G1 X146.468 Y167.604 E741.559
G1 X146.856 Y167.904 E741.57531
G1 X146.993 Y167.987 E741.58064
G1 X147.48 Y168.46 E741.60322
G1 X147.736 Y169.019 E741.62367
G1 X147.799 Y169.29 E741.63292
G1 X147.796 Y170.796 E741.68301
G1 X147.551 Y171.437 E741.70583
G1 X147.186 Y171.859 E741.72439
G1 X146.789 Y172.119 E741.74017
G1 X146.451 Y172.392 E741.75463
G1 X146.173 Y172.728 E741.76913
G1 X146 Y173.051 E741.78132
G1 X146 Y166.933 E741.9848
G1 X145.972 Y166.881 E741.98677
G1 X145.842 Y166.463 E742.00133
G1 X145.8 Y166.038 E742.01553
G1 X145.8 Y156.2 E742.34274
G1 X145.6 Y156.2 E742.3494
G1 X145.6 Y175.6 E742.99464
G1 X144 Y175.6 E743.04786
G1 X144 Y175.8 E743.05451
G1 X142.2 Y175.8 E743.11438
G1 X142.2 Y173.961 E743.17554
G1 X142.158 Y173.536 E743.18975
G1 X142.028 Y173.117 E743.20434
G1 X141.816 Y172.73 E743.21902
G1 X141.531 Y172.392 E743.23372
G1 X141.13 Y172.086 E743.2505
G1 X141.01 Y172.014 E743.25515
G1 X140.524 Y171.546 E743.27759
G1 X140.258 Y170.97 E743.2987
G1 X140.201 Y170.713 E743.30745
G1 X140.204 Y169.203 E743.35767
G1 X140.46 Y168.533 E743.38153
G1 X140.792 Y168.161 E743.39811
G1 X141.222 Y167.873 E743.41533
G1 X141.563 Y167.593 E743.43
G1 X141.839 Y167.255 E743.44452
G1 X142 Y166.944 E743.45616
G1 X142 Y173.065 E743.65975
G1 F2400 E743.15975
G0 F15000 X141.228 Y173.455
G0 X141.347 Y176.653
G0 X158.653 Y176.653
G0 X160.66 Y170.956
G0 X160.663 Y169.192
G0 X160.557 Y168.739
G0 X160.233 Y168.031
G0 X158.772 Y166.544
G0 X158 Y166.933
G1 F2400 E743.65975
G1 F6000 X158.184 Y167.27 E743.67252
G1 X158.468 Y167.604 E743.6871
G1 X158.856 Y167.904 E743.70341
G1 X158.993 Y167.987 E743.70874
G1 X159.48 Y168.46 E743.73132
G1 X159.736 Y169.019 E743.75177
G1 X159.799 Y169.29 E743.76103
G1 X159.796 Y170.796 E743.81112
G1 X159.551 Y171.437 E743.83394
G1 X159.186 Y171.859 E743.8525
G1 X158.789 Y172.119 E743.86828
G1 X158.451 Y172.392 E743.88273
G1 X158.173 Y172.728 E743.89724
G1 X158 Y173.051 E743.90942
G1 X158 Y166.933 E744.11291
G1 X157.972 Y166.881 E744.11487
G1 X157.842 Y166.463 E744.12943
G1 X157.8 Y166.038 E744.14364
G1 X157.8 Y156.2 E744.47085
G1 X157.6 Y156.2 E744.4775
G1 X157.6 Y175.6 E745.12275
G1 X156 Y175.6 E745.17596
G1 X156 Y175.8 E745.18262
G1 X154.2 Y175.8 E745.24249
G1 X154.2 Y173.961 E745.30365
G1 X154.158 Y173.536 E745.31785
G1 X154.028 Y173.117 E745.33245
G1 X153.816 Y172.73 E745.34712
G1 X153.531 Y172.392 E745.36183
G1 X153.13 Y172.086 E745.3786
G1 X153.01 Y172.014 E745.38326
G1 X152.524 Y171.546 E745.4057
G1 X152.258 Y170.97 E745.4268
G1 X152.201 Y170.713 E745.43556
G1 X152.204 Y169.203 E745.48578
G1 X152.46 Y168.533 E745.50964
G1 X152.792 Y168.161 E745.52622
G1 X153.222 Y167.873 E745.54343
G1 X153.563 Y167.593 E745.55811
G1 X153.839 Y167.255 E745.57262
G1 X154 Y166.944 E745.58427
G1 X154 Y173.065 E745.78786
G1 F2400 E745.28786
G0 F15000 X154.6 Y171.57
;TYPE:SUPPORT-INTERFACE
G1 F2400 E745.78786
G1 F6000 X157.4 Y174.37 E745.91956
G0 F15000 X157.4 Y175.223
G1 F6000 X157.223 Y175.4 E745.92788
G1 F2400 E745.42788
G0 F15000 X155.035 Y175.4
G1 F2400 E745.92788
G1 F6000 X154.6 Y174.964 E745.94837
G0 F15000 X154.6 Y174.629
G1 F6000 X157.4 Y171.829 E746.08007
G0 F15000 X157.4 Y170.976
G1 F6000 X154.6 Y168.176 E746.21178
G0 F15000 X154.6 Y167.841
G1 F6000 X157.4 Y165.041 E746.34348
G0 F15000 X157.4 Y164.188
G1 F6000 X154.6 Y161.388 E746.47518
G0 F15000 X154.6 Y161.053
G1 F6000 X157.4 Y158.253 E746.60689
G0 F15000 X157.4 Y157.4
G1 F6000 X155.8 Y155.8 E746.68214
G0 F15000 X156.458 Y155.8
G1 F6000 X154.6 Y157.659 E746.76956
G0 F15000 X154.6 Y157.994
G1 F6000 X157.4 Y160.794 E746.90127
G0 F15000 X157.4 Y161.647
G1 F6000 X154.6 Y164.447 E747.03297
G0 F15000 X154.6 Y164.782
G1 F6000 X157.4 Y167.582 E747.16467
G0 F15000 X157.4 Y168.435
G1 F6000 X154.6 Y171.235 E747.29638
G1 F2400 E746.79638
G0 F15000 X152.93 Y173.02
G0 X147.295 Y172.821
G0 X145.4 Y170.252
G1 F2400 E747.29638
G1 F6000 X142.6 Y173.052 E747.42808
G1 X142.6 Y173.147
G1 X144.853 Y175.4 E747.53405
G0 F15000 X143.647 Y175.4
G1 F6000 X145.4 Y173.646 E747.61653
G0 F15000 X145.4 Y172.553
G1 F6000 X142.6 Y169.753 E747.74824
G1 X142.6 Y169.658
G1 X145.4 Y166.858 E747.87994
G0 F15000 X145.4 Y165.765
G1 F6000 X142.6 Y162.965 E748.01164
G1 X142.6 Y162.87
G1 X145.4 Y160.07 E748.14335
G0 F15000 X145.4 Y158.977
G1 F6000 X142.6 Y156.177 E748.27505
G1 X142.6 Y156.082
G1 X142.882 Y155.8 E748.28831
G1 F2400 E747.78831
G0 F15000 X145.4 Y156.676
G1 F2400 E748.28831
G1 F6000 X142.6 Y159.476 E748.42002
G1 X142.6 Y159.571
G1 X145.4 Y162.371 E748.55172
G0 F15000 X145.4 Y163.464
G1 F6000 X142.6 Y166.264 E748.68343
G1 X142.6 Y166.359
G1 X145.4 Y169.159 E748.81513
G1 F2400 E748.31513
;MESH:Limiter bracket.stl
G0 F15000 X147.086 Y166.989
G0 X146.653 Y155.653
G0 X150 Y154.4
;TYPE:WALL-INNER
G1 F2400 E748.81513
G1 F6000 X164.4 Y154.4 E749.29407
G1 X164.4 Y125.6 E750.25197
G1 X135.6 Y125.6 E751.20986
G1 X135.6 Y154.4 E752.16775
G1 X150 Y154.4 E752.6467
G1 F2400 E752.1467
G0 F15000 X161.223 Y154.57
G0 X161.223 Y153.768
G0 X161.223 Y153.588
G1 F2400 E752.6467
G1 F6000 X160.691 Y153.448 E752.66499
G1 X160.213 Y153.166 E752.68345
G1 X159.83 Y152.789 E752.70133
G1 X159.552 Y152.306 E752.71986
G1 X159.408 Y151.771 E752.73829
G1 X159.408 Y151.218 E752.75668
G1 X159.561 Y150.686 E752.77509
G1 X159.836 Y150.206 E752.79349
G1 X160.215 Y149.829 E752.81127
G1 X160.686 Y149.561 E752.8293
G1 X161.218 Y149.408 E752.84771
G1 X161.775 Y149.408 E752.86623
G1 X162.306 Y149.552 E752.88453
G1 X162.788 Y149.83 E752.90304
G1 X163.166 Y150.212 E752.92091
G1 X163.445 Y150.686 E752.93921
G1 X163.588 Y151.222 E752.95766
G1 X163.588 Y151.765 E752.97572
G1 X163.447 Y152.311 E752.99448
G1 X163.165 Y152.789 E753.01293
G1 X162.789 Y153.165 E753.03062
G1 X162.309 Y153.448 E753.04915
G1 X161.765 Y153.588 E753.06784
G1 X161.223 Y153.588 E753.08586
G1 F2400 E752.58586
G0 F15000 X160.309 Y153.051
G0 X159.949 Y152.691
G0 X159.694 Y152.248
G0 X159.561 Y151.755
G0 X159.561 Y151.245
G0 X159.694 Y150.752
G0 X159.949 Y150.309
G0 X161.219 Y149.228
G0 X161.219 Y131.768
G0 X161.219 Y131.588
G1 F2400 E753.08586
G1 F6000 X160.685 Y131.439 E753.1043
G1 X160.221 Y131.173 E753.12209
G1 X159.829 Y130.785 E753.14044
G1 X159.55 Y130.289 E753.15936
G1 X159.414 Y129.778 E753.17695
G1 X159.407 Y129.226 E753.19531
G1 X159.553 Y128.691 E753.21376
G1 X159.827 Y128.217 E753.23197
G1 X160.225 Y127.814 E753.25081
G1 X160.423 Y127.681 E753.25874
G1 X160.879 Y127.493 E753.27514
G1 X161.238 Y127.408 E753.28741
G1 X161.775 Y127.408 E753.30528
G1 X162.306 Y127.552 E753.32357
G1 X162.788 Y127.83 E753.34208
G1 X163.166 Y128.212 E753.35996
G1 X163.445 Y128.686 E753.37825
G1 X163.588 Y129.222 E753.3967
G1 X163.588 Y129.765 E753.41476
G1 X163.447 Y130.311 E753.43352
G1 X163.165 Y130.789 E753.45197
G1 X162.787 Y131.167 E753.46975
G1 X162.31 Y131.448 E753.48817
G1 X161.771 Y131.588 E753.50669
G1 X161.219 Y131.588 E753.52505
G1 F2400 E753.02505
G0 F15000 X160.099 Y131.308
G0 X139.903 Y131.306
G0 X138.775 Y131.588
G1 F2400 E753.52505
G1 F6000 X138.223 Y131.588 E753.54341
G1 X137.69 Y131.448 E753.56174
G1 X137.215 Y131.169 E753.58006
G1 X136.83 Y130.788 E753.59808
G1 X136.551 Y130.305 E753.61663
G1 X136.408 Y129.766 E753.63518
G1 X136.408 Y129.222 E753.65327
G1 X136.553 Y128.691 E753.67158
G1 X136.829 Y128.213 E753.68994
G1 X137.213 Y127.829 E753.708
G1 X137.693 Y127.552 E753.72643
G1 X138.234 Y127.408 E753.74505
G1 X138.775 Y127.408 E753.76304
G1 X139.306 Y127.552 E753.78134
G1 X139.788 Y127.83 E753.79985
G1 X140.169 Y128.215 E753.81787
G1 X140.448 Y128.69 E753.83619
G1 X140.589 Y129.226 E753.85462
G1 X140.583 Y129.774 E753.87285
G1 X140.441 Y130.321 E753.89165
G1 X140.162 Y130.792 E753.90985
G1 X139.779 Y131.173 E753.92782
G1 X139.314 Y131.439 E753.94564
G1 X138.775 Y131.588 E753.96424
G1 F2400 E753.46424
G0 F15000 X138.765 Y149.228
G0 X138.765 Y153.588
G1 F2400 E753.96424
G1 F6000 X138.223 Y153.588 E753.98227
G1 X137.691 Y153.448 E754.00056
G1 X137.213 Y153.166 E754.01902
G1 X136.83 Y152.789 E754.0369
G1 X136.551 Y152.305 E754.05548
G1 X136.408 Y151.766 E754.07402
G1 X136.408 Y151.222 E754.09212
G1 X136.553 Y150.691 E754.11043
G1 X136.829 Y150.213 E754.12878
G1 X137.213 Y149.829 E754.14685
G1 X137.691 Y149.553 E754.1652
G1 X138.222 Y149.408 E754.18351
G1 X138.779 Y149.408 E754.20204
G1 X139.314 Y149.56 E754.22054
G1 X139.786 Y149.83 E754.23862
G1 X140.176 Y150.226 E754.25711
G1 X140.439 Y150.685 E754.2747
G1 X140.588 Y151.219 E754.29314
G1 X140.588 Y151.771 E754.3115
G1 X140.448 Y152.31 E754.33002
G1 X140.167 Y152.787 E754.34844
G1 X139.789 Y153.165 E754.36622
G1 X139.309 Y153.448 E754.38475
G1 X138.765 Y153.588 E754.40343
G0 F15000 X138.727 Y153.186
;TYPE:WALL-OUTER
G1 F6000 X138.253 Y153.182 E754.4192
G1 X137.844 Y153.074 E754.43327
G1 X137.443 Y152.831 E754.44886
G1 X137.147 Y152.539 E754.46269
G1 X136.918 Y152.129 E754.47831
G1 X136.81 Y151.727 E754.49216
G1 X136.808 Y151.276 E754.50716
G1 X136.938 Y150.824 E754.5228
G1 X137.166 Y150.442 E754.5376
G1 X137.442 Y150.166 E754.55058
G1 X137.824 Y149.938 E754.56538
G1 X138.277 Y149.808 E754.58105
G1 X138.745 Y149.814 E754.59662
G1 X139.129 Y149.918 E754.60985
G1 X139.529 Y150.142 E754.6251
G1 X139.842 Y150.455 E754.63982
G1 X140.072 Y150.844 E754.65485
G1 X140.182 Y151.253 E754.66894
G1 X140.188 Y151.719 E754.68444
G1 X140.075 Y152.156 E754.69945
G1 X139.83 Y152.558 E754.71511
G1 X139.518 Y152.861 E754.72957
G1 X139.154 Y153.075 E754.74362
G1 X138.727 Y153.186 E754.75829
G1 F2400 E754.25829
G0 F15000 X138.808 Y153.488
G0 X140.312 Y152.897
G0 X140.312 Y154.57
G0 X150 Y154.8
G1 F2400 E754.75829
G1 F6000 X164.8 Y154.8 E755.25054
G1 X164.8 Y125.2 E756.23504
G1 X135.2 Y125.2 E757.21954
G1 X135.2 Y154.8 E758.20404
G1 X150 Y154.8 E758.69629
G1 F2400 E758.19629
G0 F15000 X150 Y154.49
G0 X161.808 Y154.57
G0 X161.786 Y153.769
G0 X161.727 Y153.186
G1 F2400 E758.69629
G1 F6000 X161.253 Y153.182 E758.71206
G1 X160.844 Y153.074 E758.72613
G1 X160.443 Y152.831 E758.74172
G1 X160.147 Y152.539 E758.75555
G1 X159.918 Y152.129 E758.77117
G1 X159.808 Y151.719 E758.78529
G1 X159.808 Y151.276 E758.80003
G1 X159.928 Y150.844 E758.81494
G1 X160.144 Y150.468 E758.82936
G1 X160.46 Y150.15 E758.84427
G1 X160.844 Y149.928 E758.85902
G1 X161.278 Y149.808 E758.874
G1 X161.745 Y149.814 E758.88953
G1 X162.129 Y149.918 E758.90277
G1 X162.54 Y150.148 E758.91843
G1 X162.861 Y150.482 E758.93384
G1 X163.075 Y150.845 E758.94785
G1 X163.182 Y151.253 E758.96188
G1 X163.186 Y151.727 E758.97765
G1 X163.075 Y152.156 E758.99239
G1 X162.83 Y152.558 E759.00804
G1 X162.518 Y152.861 E759.02251
G1 X162.154 Y153.075 E759.03655
G1 X161.727 Y153.186 E759.05123
G1 F2400 E758.55123
G0 F15000 X161.808 Y153.488
G0 X162.691 Y153.051
G0 X163.051 Y152.691
G0 X163.306 Y152.248
G0 X163.439 Y151.755
G0 X163.439 Y151.245
G0 X163.306 Y150.752
G0 X163.051 Y150.309
G0 X162.691 Y149.949
G0 X161.195 Y149.228
G0 X161.201 Y131.769
G0 X161.277 Y131.188
G1 F2400 E759.05123
G1 F6000 X160.845 Y131.075 E759.06608
G1 X160.47 Y130.853 E759.08057
G1 X160.148 Y130.538 E759.09556
G1 X159.931 Y130.163 E759.10997
G1 X159.814 Y129.745 E759.1244
G1 X159.808 Y129.277 E759.13997
G1 X159.938 Y128.824 E759.15565
G1 X160.165 Y128.443 E759.1704
G1 X160.538 Y128.066 E759.18804
G1 X161.067 Y127.852 E759.20702
G1 X161.269 Y127.811 E759.21387
G1 X161.745 Y127.814 E759.2297
G1 X162.129 Y127.918 E759.24294
G1 X162.54 Y128.148 E759.2586
G1 X162.861 Y128.482 E759.27401
G1 X163.075 Y128.845 E759.28802
G1 X163.182 Y129.253 E759.30205
G1 X163.186 Y129.727 E759.31782
G1 X163.075 Y130.156 E759.33256
G1 X162.83 Y130.558 E759.34821
G1 X162.518 Y130.861 E759.36268
G1 X162.154 Y131.075 E759.37672
G1 X161.743 Y131.182 E759.39085
G1 X161.277 Y131.188 E759.40635
G1 F2400 E758.90635
G0 F15000 X161.195 Y131.488
G0 X160.099 Y131.308
G0 X139.903 Y131.306
G0 X138.277 Y131.188
G1 F2400 E759.40635
G1 F6000 X137.844 Y131.074 E759.42124
G1 X137.443 Y130.831 E759.43684
G1 X137.147 Y130.539 E759.45067
G1 X136.918 Y130.129 E759.46629
G1 X136.81 Y129.727 E759.48013
G1 X136.808 Y129.276 E759.49513
G1 X136.938 Y128.824 E759.51077
G1 X137.166 Y128.442 E759.52557
G1 X137.442 Y128.166 E759.53855
G1 X137.824 Y127.938 E759.55335
G1 X138.269 Y127.811 E759.56874
G1 X138.745 Y127.814 E759.58457
G1 X139.129 Y127.918 E759.59781
G1 X139.54 Y128.148 E759.61347
G1 X139.861 Y128.482 E759.62888
G1 X140.075 Y128.845 E759.64289
G1 X140.182 Y129.253 E759.65692
G1 X140.187 Y129.72 E759.67246
G1 X140.076 Y130.147 E759.68713
G1 X139.848 Y130.538 E759.70218
G1 X139.53 Y130.853 E759.71707
G1 X139.156 Y131.072 E759.73149
G1 X138.743 Y131.182 E759.7457
G1 X138.277 Y131.188 E759.7612
G1 F2400 E759.2612
G0 F15000 X138.195 Y131.488
G0 X138.755 Y131.439
G0 X139.248 Y131.306
G0 X139.691 Y131.051
G0 X140.762 Y129.799
G0 X141.963 Y125.76
G0 X143.828 Y125.772
G0 X143.9 Y129.567
G0 X143.68 Y129.567
;TYPE:FILL
G1 F2400 E759.7612
G1 F12000 X144.32 Y130.207 E759.79131
G0 F15000 X144.1 Y130.207
G0 X143.9 Y128.895
G0 X143.68 Y128.895
G1 F12000 X144.32 Y128.723 E759.81335
G0 F15000 X144.1 Y128.723
G0 X144.1 Y132.639
G0 X144.32 Y132.639
G1 F12000 X143.68 Y135.026 E759.89554
G0 F15000 X143.9 Y135.026
G0 X144.1 Y137.006
G0 X144.319 Y137.006
G1 F12000 X143.681 Y137.177 E759.91751
G0 F15000 X143.9 Y137.177
G0 X143.9 Y140.881
G0 X143.68 Y140.881
G1 F12000 X144.32 Y141.521 E759.94762
G0 F15000 X144.1 Y141.521
G0 X144.1 Y145.288
G0 X144.319 Y145.288
G1 F12000 X143.68 Y145.459 E759.96962
G0 F15000 X143.9 Y145.459
G0 X143.9 Y152.195
G0 X143.68 Y152.195
G1 F12000 X144.32 Y152.835 E759.99972
G0 F15000 X144.319 Y153.57
G1 F12000 X143.68 Y153.741 E760.02172
G0 F15000 X143.9 Y153.741
G0 X144.172 Y154.228
G0 X155.828 Y154.228
G0 X155.9 Y152.881
G0 X155.68 Y152.881
G1 F12000 X156.32 Y153.521 E760.05183
G0 F15000 X156.1 Y153.521
G0 X155.9 Y152.063
G0 X155.68 Y152.063
G1 F12000 X156.32 Y149.676 E760.13402
G0 F15000 X156.32 Y150.355
G1 F12000 X155.681 Y150.526 E760.15602
G0 F15000 X155.9 Y150.526
G0 X155.9 Y142.244
G0 X155.68 Y142.244
G1 F12000 X156.32 Y142.073 E760.17806
G1 X156.32 Y142.208
G1 X155.68 Y141.568 E760.20816
G0 F15000 X155.9 Y141.568
G0 X155.9 Y133.962
G0 X155.68 Y133.962
G1 F12000 X156.32 Y133.79 E760.2302
G0 F15000 X156.1 Y133.79
G0 X156.1 Y130.894
G0 X156.32 Y130.894
G1 F12000 X155.68 Y130.254 E760.2603
G1 F2400 E759.7603
G0 F15000 X155.9 Y130.254
G0 X155.828 Y154.228
G0 X150 Y154.3
G0 X150 Y154.04
;TYPE:SKIN
G1 F2400 E760.2603
G1 F6000 X144.36 Y154.04 E760.44789
G1 X144.36 Y125.96 E761.38184
G1 X155.64 Y125.96 E761.75701
G1 X155.64 Y154.04 E762.69096
G1 X150 Y154.04 E762.87854
G0 F15000 X150 Y154.3
G0 X155.828 Y154.228
G0 X155.9 Y153.84
G0 X155.024 Y153.84
G1 F6000 X155.44 Y153.424 E762.89811
G0 F15000 X155.44 Y152.859
G1 F6000 X154.458 Y153.84 E762.94428
G0 F15000 X153.893 Y153.84
G1 F6000 X155.44 Y152.293 E763.01704
G0 F15000 X155.44 Y151.727
G1 F6000 X153.327 Y153.84 E763.11643
G0 F15000 X152.761 Y153.84
G1 F6000 X155.44 Y151.162 E763.24242
G0 F15000 X155.44 Y150.596
G1 F6000 X152.196 Y153.84 E763.39501
G0 F15000 X151.63 Y153.84
G1 F6000 X155.44 Y150.03 E763.57422
G0 F15000 X155.44 Y149.465
G1 F6000 X151.064 Y153.84 E763.78003
G0 F15000 X150.498 Y153.84
G1 F6000 X155.44 Y148.899 E764.01246
G0 F15000 X155.44 Y148.333
G1 F6000 X149.933 Y153.84 E764.27149
G0 F15000 X149.367 Y153.84
G1 F6000 X155.44 Y147.768 E764.55713
G0 F15000 X155.44 Y147.202
G1 F6000 X148.801 Y153.84 E764.86938
G0 F15000 X148.236 Y153.84
G1 F6000 X155.44 Y146.636 E765.20823
G0 F15000 X155.44 Y146.071
G1 F6000 X147.67 Y153.84 E765.57369
G0 F15000 X147.104 Y153.84
G1 F6000 X155.44 Y145.505 E765.96576
G0 F15000 X155.44 Y144.939
G1 F6000 X146.539 Y153.84 E766.38444
G0 F15000 X145.973 Y153.84
G1 F6000 X155.44 Y144.374 E766.82972
G0 F15000 X155.44 Y143.808
G1 F6000 X145.407 Y153.84 E767.30161
G0 F15000 X144.842 Y153.84
G1 F6000 X155.44 Y143.242 E767.80011
G0 F15000 X155.44 Y142.676
G1 F6000 X144.56 Y153.556 E768.31187
G0 F15000 X144.56 Y152.99
G1 F6000 X155.44 Y142.111 E768.82361
G0 F15000 X155.44 Y141.545
G1 F6000 X144.56 Y152.425 E769.33537
G0 F15000 X144.56 Y151.859
G1 F6000 X155.44 Y140.979 E769.84713
G0 F15000 X155.44 Y140.414
G1 F6000 X144.56 Y151.293 E770.35887
G0 F15000 X144.56 Y150.728
G1 F6000 X155.44 Y139.848 E770.87064
G0 F15000 X155.44 Y139.282
G1 F6000 X144.56 Y150.162 E771.3824
G0 F15000 X144.56 Y149.596
G1 F6000 X155.44 Y138.717 E771.89414
G0 F15000 X155.44 Y138.151
G1 F6000 X144.56 Y149.031 E772.4059
G0 F15000 X144.56 Y148.465
G1 F6000 X155.44 Y137.585 E772.91766
G0 F15000 X155.44 Y137.02
G1 F6000 X144.56 Y147.899 E773.4294
G0 F15000 X144.56 Y147.333
G1 F6000 X155.44 Y136.454 E773.94114
G0 F15000 X155.44 Y135.888
G1 F6000 X144.56 Y146.768 E774.4529
G0 F15000 X144.56 Y146.202
G1 F6000 X155.44 Y135.323 E774.96464
G0 F15000 X155.44 Y134.757
G1 F6000 X144.56 Y145.636 E775.47637
G0 F15000 X144.56 Y145.071
G1 F6000 X155.44 Y134.191 E775.98814
G0 F15000 X155.44 Y133.626
G1 F6000 X144.56 Y144.505 E776.49987
G0 F15000 X144.56 Y143.939
G1 F6000 X155.44 Y133.06 E777.01161
G0 F15000 X155.44 Y132.494
G1 F6000 X144.56 Y143.374 E777.52337
G0 F15000 X144.56 Y142.808
G1 F6000 X155.44 Y131.928 E778.03514
G0 F15000 X155.44 Y131.363
G1 F6000 X144.56 Y142.242 E778.54687
G0 F15000 X144.56 Y141.677
G1 F6000 X155.44 Y130.797 E779.05864
G0 F15000 X155.44 Y130.231
G1 F6000 X144.56 Y141.111 E779.5704
G0 F15000 X144.56 Y140.545
G1 F6000 X155.44 Y129.666 E780.08214
G0 F15000 X155.44 Y129.1
G1 F6000 X144.56 Y139.98 E780.5939
G0 F15000 X144.56 Y139.414
G1 F6000 X155.44 Y128.534 E781.10566
G0 F15000 X155.44 Y127.969
G1 F6000 X144.56 Y138.848 E781.6174
G0 F15000 X144.56 Y138.283
G1 F6000 X155.44 Y127.403 E782.12916
G0 F15000 X155.44 Y126.837
G1 F6000 X144.56 Y137.717 E782.64092
G0 F15000 X144.56 Y137.151
G1 F6000 X155.44 Y126.272 E783.15266
G0 F15000 X154.986 Y126.16
G1 F6000 X144.56 Y136.585 E783.64304
G0 F15000 X144.56 Y136.02
G1 F6000 X154.42 Y126.16 E784.10683
G0 F15000 X153.854 Y126.16
G1 F6000 X144.56 Y135.454 E784.54399
G0 F15000 X144.56 Y134.888
G1 F6000 X153.289 Y126.16 E784.95455
G0 F15000 X152.723 Y126.16
G1 F6000 X144.56 Y134.323 E785.33851
G0 F15000 X144.56 Y133.757
G1 F6000 X152.157 Y126.16 E785.69585
G0 F15000 X151.592 Y126.16
G1 F6000 X144.56 Y133.191 E786.02659
G0 F15000 X144.56 Y132.626
G1 F6000 X151.026 Y126.16 E786.33073
G0 F15000 X150.46 Y126.16
G1 F6000 X144.56 Y132.06 E786.60825
G0 F15000 X144.56 Y131.494
G1 F6000 X149.895 Y126.16 E786.85917
G0 F15000 X149.329 Y126.16
G1 F6000 X144.56 Y130.929 E787.08349
G0 F15000 X144.56 Y130.363
G1 F6000 X148.763 Y126.16 E787.28119
G0 F15000 X148.198 Y126.16
G1 F6000 X144.56 Y129.797 E787.45228
G0 F15000 X144.56 Y129.232
G1 F6000 X147.632 Y126.16 E787.59678
G0 F15000 X147.066 Y126.16
G1 F6000 X144.56 Y128.666 E787.71466
G0 F15000 X144.56 Y128.1
G1 F6000 X146.501 Y126.16 E787.80593
G0 F15000 X145.935 Y126.16
G1 F6000 X144.56 Y127.534 E787.87058
G0 F15000 X144.56 Y126.969
G1 F6000 X145.369 Y126.16 E787.90864
G0 F15000 X144.803 Y126.16
G1 F6000 X144.56 Y126.403 E787.92007
G1 F2400 E787.42007
G0 F15000 X144.1 Y126.403
G0 X144.172 Y125.772
G0 X155.828 Y125.772
G0 X156.172 Y154.228
G0 X164.228 Y154.228
G0 X164.3 Y151.141
G0 X163.99 Y151.141
G1 F2400 E787.92007
G1 F4829 X163.993 Y151.822 E787.94821
G0 F15000 X164.3 Y151.822
G0 X164.3 Y153.565
G0 X163.633 Y153.565
G1 F4363.6 X163.599 Y153.624 E787.95132
G1 X163.531 Y153.624 E787.95443
G1 X163.497 Y153.565 E787.95755
G1 X163.531 Y153.506 E787.96066
G1 X163.599 Y153.506 E787.96377
G1 X163.633 Y153.565 E787.96689
G0 F15000 X164.3 Y153.565
G0 X164.228 Y154.228
G0 X162.459 Y154.3
G0 X162.459 Y154.04
G1 F5333.3 X161.843 Y153.99 E787.99001
G1 X162.478 Y153.765 E788.01522
G1 F6000 X162.982 Y153.469 E788.03466
G1 X163.434 Y153.031 E788.05559
G1 X163.769 Y152.474 E788.07721
G1 F5369.1 X163.993 Y151.822 E788.10283
G1 X164.04 Y152.453 E788.12635
G1 F6000 X164.04 Y154.04 E788.17914
G1 X162.459 Y154.04 E788.23172
G0 F15000 X161.843 Y153.99
G1 F4800 X161.141 Y153.99 E788.26091
G0 F15000 X161.141 Y154.3
G0 X156.172 Y154.228
G0 X156.36 Y154.04
G1 F6000 X156.36 Y125.96 E789.19485
G1 X164.04 Y125.96 E789.45029
G1 X164.04 Y128.541 E789.53613
G1 F5333.3 X163.99 Y129.141 E789.55866
G1 X163.769 Y128.522 E789.58326
G1 F6000 X163.469 Y128.014 E789.60288
G1 X163.007 Y127.54 E789.62489
G1 X162.42 Y127.206 E789.64736
G1 X161.844 Y127.054 E789.66717
G1 X161.185 Y127.05 E789.68909
G1 X160.764 Y127.153 E789.7035
G1 X160.287 Y127.347 E789.72063
G1 X159.996 Y127.537 E789.73219
G1 X159.561 Y127.971 E789.75263
G1 X159.231 Y128.522 E789.77399
G1 X159.054 Y129.147 E789.79559
G1 X159.05 Y129.803 E789.81741
G1 X159.225 Y130.455 E789.83987
G1 X159.534 Y131.002 E789.86076
G1 X159.985 Y131.449 E789.88188
G1 X160.575 Y131.787 E789.9045
G1 X161.175 Y131.948 E789.92516
G1 X161.843 Y131.942 E789.94738
G1 X162.451 Y131.783 E789.96828
G1 X162.982 Y131.469 E789.9888
G1 X163.434 Y131.031 E790.00973
G1 X163.769 Y130.474 E790.03135
G1 F5369.1 X163.993 Y129.822 E790.05697
G1 X164.04 Y130.453 E790.08049
G1 F6000 X164.04 Y150.541 E790.74862
G1 F5333.3 X163.99 Y151.141 E790.77115
G1 X163.769 Y150.522 E790.79574
G1 F6000 X163.469 Y150.014 E790.81537
G1 X163.009 Y149.536 E790.83743
G1 X162.444 Y149.212 E790.85909
G1 X161.82 Y149.048 E790.88055
G1 X161.15 Y149.054 E790.90284
G1 X160.568 Y149.209 E790.92287
G1 X159.967 Y149.565 E790.9461
G1 X159.548 Y149.98 E790.96572
G1 X159.209 Y150.571 E790.98838
G1 X159.054 Y151.148 E791.00825
G1 X159.05 Y151.823 E791.0307
G1 X159.212 Y152.441 E791.05195
G1 X159.54 Y153.008 E791.07374
G1 X159.979 Y153.439 E791.0942
G1 X160.521 Y153.768 E791.11529
G1 F5333.3 X161.141 Y153.99 E791.13993
G1 X160.541 Y154.04 E791.16246
G1 F6000 X156.36 Y154.04 E791.30152
G1 F2400 E790.80152
G0 F15000 X156.1 Y154.04
G0 X164.228 Y154.228
G0 X164.3 Y129.822
G0 X163.993 Y129.822
G1 F2400 E791.30152
G1 F4829 X163.99 Y129.141 E791.32966
G0 F15000 X164.3 Y129.141
G0 X164.228 Y125.772
G0 X156.172 Y125.772
G0 X156.1 Y126.283
G0 X156.56 Y126.283
G1 F6000 X156.683 Y126.16 E791.33545
G0 F15000 X157.249 Y126.16
G1 F6000 X156.56 Y126.849 E791.36785
G0 F15000 X156.56 Y127.414
G1 F6000 X157.814 Y126.16 E791.42684
G0 F15000 X158.38 Y126.16
G1 F6000 X156.56 Y127.98 E791.51245
G0 F15000 X156.56 Y128.546
G1 F6000 X158.946 Y126.16 E791.62468
G0 F15000 X159.511 Y126.16
G1 F6000 X156.56 Y129.111 E791.76348
G0 F15000 X156.56 Y129.677
G1 F6000 X160.077 Y126.16 E791.92891
G0 F15000 X160.643 Y126.16
G1 F6000 X156.56 Y130.243 E792.12096
G0 F15000 X156.56 Y130.808
G1 F6000 X159.213 Y128.155 E792.24575
G0 F15000 X158.869 Y129.065
G1 F6000 X156.56 Y131.374 E792.35436
G0 F15000 X156.56 Y131.94
G1 F6000 X158.852 Y129.648 E792.46217
G0 F15000 X158.929 Y130.136
G1 F6000 X156.56 Y132.505 E792.5736
G0 F15000 X156.56 Y133.071
G1 F6000 X159.061 Y130.57 E792.69124
G0 F15000 X159.264 Y130.932
G1 F6000 X156.56 Y133.637 E792.81845
G0 F15000 X156.56 Y134.203
G1 F6000 X159.506 Y131.256 E792.95704
G0 F15000 X159.791 Y131.537
G1 F6000 X156.56 Y134.768 E793.10902
G0 F15000 X156.56 Y135.334
G1 F6000 X160.131 Y131.762 E793.27701
G0 F15000 X160.491 Y131.969
G1 F6000 X156.56 Y135.9 E793.46192
G0 F15000 X156.56 Y136.465
G1 F6000 X160.935 Y132.09 E793.6677
G0 F15000 X161.442 Y132.148
G1 F6000 X156.56 Y137.031 E793.89736
G0 F15000 X156.56 Y137.597
G1 F6000 X162.067 Y132.09 E794.15639
G0 F15000 X161.952 Y131.645
G0 X162.844 Y131.249
G0 X163.077 Y131.646
G1 F6000 X156.56 Y138.162 E794.46291
G0 F15000 X156.56 Y138.728
G1 F6000 X163.839 Y131.448 E794.80531
G0 F15000 X163.647 Y131.075
G1 F6000 X163.839 Y130.883 E794.81434
G0 F15000 X164.3 Y130.883
G0 X164.3 Y132.014
G0 X163.839 Y132.014
G1 F6000 X156.56 Y139.294 E795.15675
G0 F15000 X156.56 Y139.859
G1 F6000 X163.839 Y132.58 E795.49913
G0 F15000 X163.839 Y133.145
G1 F6000 X156.56 Y140.425 E795.84154
G0 F15000 X156.56 Y140.991
G1 F6000 X163.839 Y133.711 E796.18394
G0 F15000 X163.839 Y134.277
G1 F6000 X156.56 Y141.556 E796.52632
G0 F15000 X156.56 Y142.122
G1 F6000 X163.839 Y134.842 E796.86873
G0 F15000 X163.839 Y135.408
G1 F6000 X156.56 Y142.688 E797.21114
G0 F15000 X156.56 Y143.253
G1 F6000 X163.839 Y135.974 E797.55352
G0 F15000 X163.839 Y136.539
G1 F6000 X156.56 Y143.819 E797.89592
G0 F15000 X156.56 Y144.385
G1 F6000 X163.839 Y137.105 E798.23833
G0 F15000 X163.839 Y137.671
G1 F6000 X156.56 Y144.951 E798.58073
G0 F15000 X156.56 Y145.516
G1 F6000 X163.839 Y138.237 E798.92311
G0 F15000 X163.839 Y138.802
G1 F6000 X156.56 Y146.082 E799.26552
G0 F15000 X156.56 Y146.648
G1 F6000 X163.839 Y139.368 E799.60793
G0 F15000 X163.839 Y139.934
G1 F6000 X156.56 Y147.213 E799.95031
G0 F15000 X156.56 Y147.779
G1 F6000 X163.839 Y140.499 E800.29271
G0 F15000 X163.839 Y141.065
G1 F6000 X156.56 Y148.345 E800.63512
G0 F15000 X156.56 Y148.91
G1 F6000 X163.839 Y141.631 E800.9775
G0 F15000 X163.839 Y142.196
G1 F6000 X156.56 Y149.476 E801.31991
G0 F15000 X156.56 Y150.042
G1 F6000 X163.839 Y142.762 E801.66231
G0 F15000 X163.839 Y143.328
G1 F6000 X156.56 Y150.607 E802.00469
G0 F15000 X156.56 Y151.173
G1 F6000 X163.839 Y143.893 E802.3471
G0 F15000 X163.839 Y144.459
G1 F6000 X156.56 Y151.739 E802.6895
G0 F15000 X156.56 Y152.304
G1 F6000 X163.839 Y145.025 E803.03189
G0 F15000 X163.839 Y145.59
G1 F6000 X160.291 Y149.139 E803.1988
G0 F15000 X161.148 Y148.848
G1 F6000 X163.839 Y146.156 E803.3254
G0 F15000 X163.839 Y146.722
G1 F6000 X161.713 Y148.848 E803.4254
G0 F15000 X162.188 Y148.939
G1 F6000 X163.839 Y147.288 E803.50305
G0 F15000 X163.839 Y147.853
G1 F6000 X162.613 Y149.079 E803.56072
G0 F15000 X162.973 Y149.286
G1 F6000 X163.839 Y148.419 E803.60148
G0 F15000 X163.839 Y148.985
G1 F6000 X163.289 Y149.535 E803.62735
G0 F15000 X163.569 Y149.821
G1 F6000 X163.839 Y149.55 E803.64007
G1 F2400 E803.14007
G0 F15000 X164.3 Y149.55
G0 X164.2 Y150.518
G0 X163.616 Y150.62
G0 X159.141 Y150.289
G1 F2400 E803.64007
G1 F6000 X156.56 Y152.87 E803.76148
G0 F15000 X156.56 Y153.436
G1 F6000 X158.848 Y151.148 E803.8691
G0 F15000 X158.852 Y151.71
G1 F6000 X156.721 Y153.84 E803.96931
G0 F15000 X157.287 Y153.84
G1 F6000 X158.939 Y152.188 E804.04701
G0 F15000 X159.08 Y152.613
G1 F6000 X157.852 Y153.84 E804.10475
G0 F15000 X158.418 Y153.84
G1 F6000 X159.287 Y152.971 E804.14563
G0 F15000 X159.538 Y153.286
G1 F6000 X158.984 Y153.84 E804.17168
G0 F15000 X159.549 Y153.84
G1 F6000 X159.824 Y153.566 E804.1846
G1 F2400 E803.6846
G0 F15000 X160.146 Y153.24
G0 X159.694 Y152.248
G0 X159.561 Y151.755
G0 X159.561 Y151.245
G0 X159.694 Y150.752
G0 X159.949 Y150.309
G0 X161.196 Y149.227
G0 X162.378 Y131.617
G0 X163.768 Y128.126
G1 F2400 E804.1846
G1 F6000 X163.84 Y128.054 E804.18798
G0 F15000 X163.538 Y127.79
G1 F6000 X163.84 Y127.488 E804.20219
G0 F15000 X163.84 Y126.922
G1 F6000 X163.257 Y127.505 E804.22961
G0 F15000 X162.932 Y127.264
G1 F6000 X163.84 Y126.356 E804.27232
G0 F15000 X163.471 Y126.16
G1 F6000 X162.574 Y127.057 E804.31451
G0 F15000 X162.139 Y126.926
G1 F6000 X162.905 Y126.16 E804.35054
G0 F15000 X162.34 Y126.16
G1 F6000 X161.65 Y126.85 E804.383
G0 F15000 X161.058 Y126.875
G1 F6000 X161.774 Y126.16 E804.41665
G0 F15000 X161.208 Y126.16
G1 F6000 X160.199 Y127.17 E804.46414
G1 F2400 E803.96414
G0 F15000 X160.394 Y127.584
G0 X159.227 Y129.196
G0 X156.172 Y125.772
G0 X136.008 Y151.135
G1 F2400 E804.46414
G1 F4829 X136.008 Y151.842 E804.49335
G0 F15000 X136.307 Y151.776
G0 X136.983 Y153.079
G0 X136.5 Y153.568
G1 F4395.6 X136.466 Y153.627 E804.49645
G1 X136.398 Y153.627 E804.49953
G1 X136.364 Y153.568 E804.50262
G1 X136.398 Y153.509 E804.50572
G1 X136.466 Y153.509 E804.5088
G1 X136.5 Y153.568 E804.51189
G0 F15000 X136.983 Y153.079
G0 X137.62 Y153.616
G0 X137.62 Y154.2
G0 X137.541 Y154.04
G1 F6000 X135.96 Y154.04 E804.56448
G1 X135.96 Y152.446 E804.6175
G1 F5357.1 X136.008 Y151.842 E804.64007
G1 X136.226 Y152.464 E804.66462
G1 F6000 X136.54 Y153.013 E804.68565
G1 X136.98 Y153.44 E804.70605
G1 X137.521 Y153.768 E804.72709
G1 F5333.3 X138.141 Y153.99 E804.75173
G1 X137.541 Y154.04 E804.77426
G0 F15000 X138.141 Y153.99
G1 F4800 X138.842 Y153.99 E804.8034
G1 F2400 E804.3034
G0 F15000 X138.776 Y153.689
G0 X139.897 Y153.312
G0 X141.311 Y154.24
G0 X143.828 Y154.228
G0 X143.64 Y154.04
G1 F2400 E804.8034
G1 F6000 X139.453 Y154.04 E804.94266
G1 F5333.3 X138.842 Y153.99 E804.9656
G1 X139.475 Y153.768 E804.9907
G1 F6000 X139.987 Y153.465 E805.01049
G1 X140.457 Y153.007 E805.03232
G1 X140.79 Y152.42 E805.05476
G1 X140.946 Y151.827 E805.07516
G1 X140.942 Y151.152 E805.09761
G1 X140.794 Y150.6 E805.11662
G1 X140.474 Y150.028 E805.13842
G1 X140.014 Y149.545 E805.1606
G1 X139.424 Y149.21 E805.18317
G1 X138.821 Y149.048 E805.20393
G1 X138.148 Y149.054 E805.22632
G1 X137.555 Y149.213 E805.24674
G1 X136.988 Y149.54 E805.26851
G1 X136.561 Y149.971 E805.28869
G1 X136.231 Y150.522 E805.31005
G1 F5345.2 X136.008 Y151.135 E805.3344
G1 X135.961 Y150.538 E805.35676
G1 F6000 X135.96 Y130.446 E806.02502
G1 F5357.1 X136.008 Y129.842 E806.04759
G1 X136.226 Y130.464 E806.07215
G1 F6000 X136.54 Y131.013 E806.09318
G1 X136.98 Y131.44 E806.11357
G1 X137.545 Y131.783 E806.13556
G1 X138.177 Y131.948 E806.15728
G1 X138.842 Y131.942 E806.1794
G1 X139.421 Y131.791 E806.1993
G1 X140.035 Y131.425 E806.22308
G1 X140.435 Y131.021 E806.24199
G1 X140.775 Y130.463 E806.26372
G1 X140.938 Y129.831 E806.28543
G1 X140.948 Y129.182 E806.30702
G1 X140.783 Y128.546 E806.32887
G1 X140.468 Y128.017 E806.34935
G1 X140.01 Y127.541 E806.37132
G1 X139.42 Y127.206 E806.39388
G1 X138.844 Y127.054 E806.4137
G1 X138.181 Y127.05 E806.43575
G1 X137.555 Y127.213 E806.45726
G1 X136.988 Y127.54 E806.47903
G1 X136.561 Y127.971 E806.49921
G1 X136.231 Y128.522 E806.52058
G1 F5345.2 X136.008 Y129.135 E806.54493
G1 X135.961 Y128.538 E806.56729
G1 F6000 X135.96 Y125.96 E806.65303
G1 X143.64 Y125.96 E806.90847
G1 X143.64 Y154.04 E807.84241
G1 F2400 E807.34241
G0 F15000 X143.9 Y154.04
G0 X141.311 Y154.24
G0 X140.762 Y129.734
G0 X136.008 Y129.842
G1 F2400 E807.84241
G1 F4829 X136.008 Y129.135 E807.87163
G0 F15000 X135.7 Y129.135
G0 X135.7 Y126.318
G0 X136.16 Y126.318
G1 F6000 X136.318 Y126.16 E807.87906
G0 F15000 X136.884 Y126.16
G1 F6000 X136.161 Y126.883 E807.91307
G0 F15000 X136.161 Y127.448
G1 F6000 X137.45 Y126.16 E807.97368
G0 F15000 X138.015 Y126.16
G1 F6000 X136.161 Y128.014 E808.06088
G1 F2400 E807.56088
G0 F15000 X135.7 Y128.014
G0 X135.8 Y127.39
G0 X136.684 Y128.103
G0 X137.797 Y126.943
G1 F2400 E808.06088
G1 F6000 X138.581 Y126.16 E808.09774
G0 F15000 X139.147 Y126.16
G1 F6000 X138.455 Y126.851 E808.13026
G0 F15000 X138.986 Y126.886
G1 F6000 X139.712 Y126.16 E808.16441
G0 F15000 X140.278 Y126.16
G1 F6000 X139.434 Y127.004 E808.20411
G0 F15000 X139.809 Y127.194
G1 F6000 X140.844 Y126.16 E808.25277
G0 F15000 X141.409 Y126.16
G1 F6000 X140.161 Y127.409 E808.3115
G0 F15000 X140.441 Y127.694
G1 F6000 X141.975 Y126.16 E808.38365
G0 F15000 X142.541 Y126.16
G1 F6000 X140.694 Y128.006 E808.47051
G0 F15000 X140.906 Y128.36
G1 F6000 X143.106 Y126.16 E808.57399
G0 F15000 X143.44 Y126.392
G1 F6000 X141.052 Y128.78 E808.68631
G0 F15000 X141.148 Y129.25
G1 F6000 X143.44 Y126.957 E808.79414
G0 F15000 X143.44 Y127.523
G1 F6000 X141.136 Y129.827 E808.90252
G0 F15000 X140.922 Y130.607
G1 F6000 X143.44 Y128.089 E809.02096
G0 F15000 X143.44 Y128.655
G1 F6000 X136.16 Y135.934 E809.36336
G0 F15000 X136.16 Y135.369
G1 F6000 X139.625 Y131.904 E809.52634
G0 F15000 X138.815 Y132.148
G1 F6000 X136.16 Y134.803 E809.65123
G0 F15000 X136.16 Y134.237
G1 F6000 X138.249 Y132.148 E809.74949
G0 F15000 X137.78 Y132.051
G1 F6000 X136.16 Y133.671 E809.82569
G0 F15000 X136.16 Y133.106
G1 F6000 X137.36 Y131.906 E809.88213
G0 F15000 X137.007 Y131.694
G1 F6000 X136.16 Y132.54 E809.92195
G0 F15000 X136.16 Y131.974
G1 F6000 X136.695 Y131.44 E809.94709
G0 F15000 X136.408 Y131.161
G1 F6000 X136.16 Y131.409 E809.95875
G0 F15000 X135.7 Y131.409
G0 X135.7 Y136.5
G0 X136.16 Y136.5
G1 F6000 X143.44 Y129.22 E810.30118
G0 F15000 X143.44 Y129.786
G1 F6000 X136.16 Y137.066 E810.64361
G0 F15000 X136.16 Y137.631
G1 F6000 X143.44 Y130.352 E810.98602
G0 F15000 X143.44 Y130.917
G1 F6000 X136.16 Y138.197 E811.32845
G0 F15000 X136.16 Y138.763
G1 F6000 X143.44 Y131.483 E811.67087
G0 F15000 X143.44 Y132.049
G1 F6000 X136.16 Y139.328 E812.01328
G0 F15000 X136.16 Y139.894
G1 F6000 X143.44 Y132.614 E812.35571
G0 F15000 X143.44 Y133.18
G1 F6000 X136.16 Y140.46 E812.69814
G0 F15000 X136.161 Y141.025
G1 F6000 X143.44 Y133.746 E813.04052
G0 F15000 X143.44 Y134.311
G1 F6000 X136.161 Y141.59 E813.3829
G0 F15000 X136.161 Y142.156
G1 F6000 X143.44 Y134.877 E813.72528
G0 F15000 X143.44 Y135.443
G1 F6000 X136.161 Y142.722 E814.06767
G0 F15000 X136.161 Y143.287
G1 F6000 X143.44 Y136.008 E814.41005
G0 F15000 X143.44 Y136.574
G1 F6000 X136.161 Y143.853 E814.75243
G0 F15000 X136.161 Y144.419
G1 F6000 X143.44 Y137.14 E815.09481
G0 F15000 X143.44 Y137.706
G1 F6000 X136.161 Y144.984 E815.43717
G0 F15000 X136.161 Y145.55
G1 F6000 X143.44 Y138.271 E815.77955
G0 F15000 X143.44 Y138.837
G1 F6000 X136.161 Y146.116 E816.12193
G0 F15000 X136.161 Y146.682
G1 F6000 X143.44 Y139.403 E816.46431
G0 F15000 X143.44 Y139.968
G1 F6000 X136.161 Y147.247 E816.8067
G0 F15000 X136.161 Y147.813
G1 F6000 X143.44 Y140.534 E817.14908
G0 F15000 X143.44 Y141.1
G1 F6000 X136.161 Y148.379 E817.49146
G0 F15000 X136.161 Y148.944
G1 F6000 X143.44 Y141.665 E817.83384
G0 F15000 X143.44 Y142.231
G1 F6000 X136.161 Y149.51 E818.17622
G0 F15000 X136.161 Y150.076
G1 F6000 X143.44 Y142.797 E818.51861
G0 F15000 X143.44 Y143.362
G1 F6000 X137.884 Y148.918 E818.77994
G0 F15000 X138.52 Y148.848
G1 F6000 X143.44 Y143.928 E819.01136
G0 F15000 X143.44 Y144.494
G1 F6000 X139.035 Y148.899 E819.21856
G0 F15000 X139.481 Y149.019
G1 F6000 X143.44 Y145.059 E819.40481
G0 F15000 X143.44 Y145.625
G1 F6000 X139.848 Y149.217 E819.57376
G0 F15000 X140.191 Y149.44
G1 F6000 X143.44 Y146.191 E819.72658
G0 F15000 X143.44 Y146.756
G1 F6000 X140.469 Y149.728 E819.86636
G0 F15000 X140.715 Y150.047
G1 F6000 X143.44 Y147.322 E819.99453
G0 F15000 X143.44 Y147.888
G1 F6000 X140.921 Y150.407 E820.11302
G0 F15000 X141.063 Y150.831
G1 F6000 X143.44 Y148.454 E820.22482
G0 F15000 X143.44 Y149.019
G1 F6000 X141.148 Y151.312 E820.33266
G0 F15000 X141.136 Y151.889
G1 F6000 X143.44 Y149.585 E820.44103
G0 F15000 X143.44 Y150.151
G1 F6000 X140.832 Y152.759 E820.5637
G0 F15000 X140.437 Y152.526
G0 X140.312 Y152.897
G0 X140.312 Y154.2
G0 X140.882 Y153.84
G1 F6000 X143.44 Y151.282 E820.68402
G0 F15000 X143.44 Y151.848
G1 F6000 X141.448 Y153.84 E820.77772
G0 F15000 X142.013 Y153.84
G1 F6000 X143.44 Y152.413 E820.84484
G0 F15000 X143.44 Y152.979
G1 F6000 X142.579 Y153.84 E820.88534
G0 F15000 X143.145 Y153.84
G1 F6000 X143.44 Y153.545 E820.89922
G0 F15000 X143.9 Y153.545
G0 X143.9 Y150.716
G0 X143.44 Y150.716
G1 F6000 X140.316 Y153.84 E821.04616
G1 F2400 E820.54616
;MESH:NONMESH
G0 F300 X140.316 Y153.84 Z3
G0 F15000 X140.316 Y154.3
G0 X142 Y154.57
G0 X141.347 Y155.653
G0 X139.34 Y169.043
G0 X139.337 Y170.804
G0 X139.435 Y171.251
G0 X139.807 Y172.055
G0 X140.487 Y172.663
G0 X140.93 Y173.02
G0 X142 Y172.026
;TIME_ELAPSED:990.437430
;LAYER:14
;TYPE:SUPPORT
G1 F2400 E821.04616
G1 F6000 X141.8 Y172.204 E821.05506
G1 X141.8 Y172.286 E821.05779
G1 X141.644 Y172.346 E821.06335
G1 X141.516 Y172.316 E821.06772
G1 X141.009 Y172.014 E821.08735
G1 X140.524 Y171.546 E821.10977
G1 X140.258 Y170.97 E821.13087
G1 X140.201 Y170.713 E821.13963
G1 X140.204 Y169.203 E821.18985
G1 X140.46 Y168.533 E821.2137
G1 X140.791 Y168.161 E821.23027
G1 X141.477 Y167.703 E821.2577
G1 X141.661 Y167.666 E821.26394
G1 X141.864 Y167.755 E821.27131
G1 X141.907 Y167.823 E821.27399
G1 X142 Y167.877 E821.27757
G1 X142 Y172.026 E821.41556
G1 F2400 E820.91556
G0 F15000 X142.661 Y172.589
G0 X143.261 Y172.054
G0 X144.742 Y167.477
G0 X145.342 Y167.213
G0 X146 Y167.861
G1 F2400 E821.41556
G1 F6000 X146.2 Y167.773 E821.42283
G1 X146.2 Y167.714 E821.42479
G1 X146.356 Y167.654 E821.43035
G1 X146.484 Y167.684 E821.43472
G1 X146.993 Y167.988 E821.45444
G1 X147.48 Y168.46 E821.477
G1 X147.736 Y169.019 E821.49745
G1 X147.799 Y169.29 E821.5067
G1 X147.796 Y170.796 E821.55679
G1 X147.551 Y171.437 E821.57962
G1 X147.186 Y171.859 E821.59818
G1 X146.524 Y172.293 E821.6245
G1 X146.336 Y172.333 E821.6309
G1 X146.2 Y172.264 E821.63597
G1 X146.2 Y172.227 E821.6372
G1 X146 Y172.052 E821.64604
G1 X146 Y167.861 E821.78543
G1 F2400 E821.28543
G0 F15000 X145.663 Y166.996
G0 X146.294 Y166.753
G0 X146.812 Y166.872
G0 X147.522 Y167.297
G0 X151.435 Y171.251
G0 X151.807 Y172.055
G0 X152.482 Y172.706
G0 X153.188 Y173.128
G0 X153.706 Y173.247
G0 X154.658 Y172.872
G0 X154.661 Y172.589
G0 X154 Y172.026
G1 F2400 E821.78543
G1 F6000 X153.8 Y172.204 E821.79434
G1 X153.8 Y172.286 E821.79706
G1 X153.644 Y172.346 E821.80262
G1 X153.516 Y172.316 E821.807
G1 X153.009 Y172.014 E821.82662
G1 X152.524 Y171.546 E821.84904
G1 X152.258 Y170.97 E821.87014
G1 X152.201 Y170.713 E821.8789
G1 X152.204 Y169.203 E821.92912
G1 X152.46 Y168.533 E821.95298
G1 X152.791 Y168.161 E821.96954
G1 X153.477 Y167.703 E821.99697
G1 X153.661 Y167.666 E822.00321
G1 X153.864 Y167.755 E822.01059
G1 X153.907 Y167.823 E822.01326
G1 X154 Y167.877 E822.01684
G1 X154 Y172.026 E822.15484
G1 F2400 E821.65484
G0 F15000 X154.661 Y172.589
G0 X155.261 Y172.054
G0 X156.742 Y167.477
G0 X157.342 Y167.213
G0 X158 Y167.861
G1 F2400 E822.15484
G1 F6000 X158.2 Y167.773 E822.1621
G1 X158.2 Y167.714 E822.16407
G1 X158.356 Y167.654 E822.16962
G1 X158.484 Y167.684 E822.174
G1 X158.993 Y167.988 E822.19372
G1 X159.48 Y168.46 E822.21627
G1 X159.736 Y169.019 E822.23672
G1 X159.799 Y169.29 E822.24598
G1 X159.796 Y170.796 E822.29607
G1 X159.551 Y171.437 E822.31889
G1 X159.186 Y171.859 E822.33745
G1 X158.524 Y172.293 E822.36378
G1 X158.336 Y172.333 E822.37017
G1 X158.2 Y172.264 E822.37524
G1 X158.2 Y172.227 E822.37647
G1 X158 Y172.052 E822.38531
G1 X158 Y167.861 E822.5247
G1 F2400 E822.0247
;MESH:Limiter bracket.stl
G0 F15000 X161.204 Y153.749
G0 X161.223 Y153.588
;TYPE:WALL-INNER
G1 F2400 E822.5247
G1 F6000 X160.691 Y153.448 E822.543
G1 X160.213 Y153.166 E822.56146
G1 X159.829 Y152.788 E822.57938
G1 X159.541 Y152.289 E822.59854
G1 X159.464 Y152.065 E822.60642
G1 X159.373 Y151.353 E822.6303
G1 X159.56 Y150.687 E822.6533
G1 X159.836 Y150.206 E822.67175
G1 X160.215 Y149.829 E822.68953
G1 X160.822 Y149.478 E822.71285
G1 X161.637 Y149.373 E822.74018
G1 X162.304 Y149.552 E822.76315
G1 X162.784 Y149.826 E822.78153
G1 X163.172 Y150.214 E822.79978
G1 X163.446 Y150.685 E822.81791
G1 X163.588 Y151.211 E822.83603
G1 X163.588 Y151.765 E822.85445
G1 X163.447 Y152.311 E822.87321
G1 X163.165 Y152.789 E822.89167
G1 X162.782 Y153.172 E822.90968
G1 X162.31 Y153.448 E822.92787
G1 X161.778 Y153.588 E822.94617
G1 X161.223 Y153.588 E822.96463
G1 F2400 E822.46463
G0 F15000 X160.105 Y153.313
G0 X160.105 Y154.57
G0 X150 Y154.4
G1 F2400 E822.96463
G1 F6000 X164.4 Y154.4 E823.44357
G1 X164.4 Y125.6 E824.40146
G1 X135.6 Y125.6 E825.35936
G1 X135.6 Y154.4 E826.31725
G1 X150 Y154.4 E826.79619
G1 F2400 E826.29619
G0 F15000 X138.778 Y154.57
G0 X138.778 Y153.768
G0 X138.778 Y153.588
G1 F2400 E826.79619
G1 F6000 X138.223 Y153.588 E826.81465
G1 X137.695 Y153.449 E826.83281
G1 X137.213 Y153.171 E826.85132
G1 X136.811 Y152.769 E826.87023
G1 X136.681 Y152.575 E826.878
G1 X136.463 Y152.047 E826.89699
G1 X136.373 Y151.348 E826.92044
G1 X136.553 Y150.692 E826.94306
G1 X136.829 Y150.213 E826.96145
G1 X137.211 Y149.831 E826.97942
G1 X137.704 Y149.541 E826.99844
G1 X137.926 Y149.465 E827.00624
G1 X138.634 Y149.368 E827.03001
G1 X139.316 Y149.561 E827.05359
G1 X139.784 Y149.832 E827.07157
G1 X140.272 Y150.315 E827.09441
G1 X140.526 Y150.939 E827.11682
G1 X140.629 Y151.626 E827.13992
G1 X140.448 Y152.31 E827.16346
G1 X140.167 Y152.787 E827.18187
G1 X139.782 Y153.172 E827.19998
G1 X139.31 Y153.448 E827.21816
G1 X138.778 Y153.588 E827.23646
G1 F2400 E826.73646
G0 F15000 X139.691 Y153.051
G0 X140.051 Y152.691
G0 X140.306 Y152.248
G0 X140.454 Y151.478
G0 X140.387 Y150.988
G0 X140.142 Y150.4
G0 X139.887 Y150.145
G0 X138.644 Y149.184
G0 X138.644 Y131.768
G0 X138.764 Y131.588
G1 F2400 E827.23646
G1 F6000 X138.223 Y131.588 E827.25445
G1 X137.69 Y131.448 E827.27278
G1 X137.213 Y131.167 E827.2912
G1 X136.828 Y130.782 E827.30931
G1 X136.555 Y130.313 E827.32736
G1 X136.408 Y129.779 E827.34578
G1 X136.408 Y129.222 E827.3643
G1 X136.553 Y128.691 E827.38261
G1 X136.828 Y128.215 E827.40089
G1 X137.209 Y127.829 E827.41893
G1 X137.713 Y127.539 E827.43827
G1 X137.908 Y127.468 E827.44518
G1 X138.651 Y127.377 E827.47007
G1 X139.311 Y127.553 E827.49279
G1 X139.778 Y127.826 E827.51078
G1 X140.182 Y128.225 E827.52967
G1 X140.315 Y128.421 E827.53755
G1 X140.532 Y128.943 E827.55635
G1 X140.628 Y129.632 E827.57949
G1 X140.441 Y130.321 E827.60323
G1 X140.167 Y130.787 E827.62121
G1 X139.691 Y131.262 E827.64358
G1 X139.123 Y131.502 E827.66409
G1 X138.764 Y131.588 E827.67637
G1 F2400 E827.17637
G0 F15000 X140.32 Y130.888
G0 X160.126 Y131.331
G0 X161.219 Y131.588
G1 F2400 E827.67637
G1 F6000 X160.688 Y131.44 E827.6947
G1 X160.214 Y131.17 E827.71284
G1 X159.726 Y130.676 E827.73594
G1 X159.47 Y130.057 E827.75822
G1 X159.367 Y129.367 E827.78142
G1 X159.553 Y128.691 E827.80474
G1 X159.827 Y128.217 E827.82295
G1 X160.225 Y127.814 E827.84179
G1 X160.424 Y127.68 E827.84977
G1 X160.957 Y127.462 E827.86892
G1 X161.651 Y127.377 E827.89218
G1 X162.307 Y127.552 E827.91476
G1 X162.787 Y127.829 E827.93319
G1 X163.172 Y128.214 E827.9513
G1 X163.446 Y128.685 E827.96942
G1 X163.588 Y129.211 E827.98755
G1 X163.588 Y129.765 E828.00597
G1 X163.447 Y130.311 E828.02473
G1 X163.165 Y130.789 E828.04319
G1 X162.782 Y131.172 E828.0612
G1 X162.311 Y131.447 E828.07934
G1 X161.785 Y131.588 E828.09745
G1 X161.219 Y131.588 E828.11628
G0 F15000 X161.277 Y131.188
;TYPE:WALL-OUTER
G1 F6000 X160.847 Y131.075 E828.13107
G1 X160.471 Y130.858 E828.14551
G1 X160.077 Y130.467 E828.16397
G1 X159.855 Y129.947 E828.18277
G1 X159.775 Y129.391 E828.20146
G1 X159.938 Y128.824 E828.22108
G1 X160.165 Y128.443 E828.23583
G1 X160.539 Y128.065 E828.25352
G1 X161.077 Y127.85 E828.27279
G1 X161.616 Y127.781 E828.29086
G1 X162.128 Y127.918 E828.30849
G1 X162.539 Y128.147 E828.32414
G1 X162.834 Y128.442 E828.33801
G1 X163.075 Y128.843 E828.35357
G1 X163.182 Y129.244 E828.36738
G1 X163.186 Y129.727 E828.38344
G1 X163.075 Y130.156 E828.39818
G1 X162.83 Y130.558 E828.41384
G1 X162.554 Y130.834 E828.42682
G1 X162.154 Y131.075 E828.44235
G1 X161.756 Y131.182 E828.45606
G1 X161.277 Y131.188 E828.47199
G1 F2400 E827.97199
G0 F15000 X161.195 Y131.488
G0 X161.81 Y131.769
G0 X161.649 Y149.189
G0 X161.739 Y153.186
G1 F2400 E828.47199
G1 F6000 X161.253 Y153.182 E828.48816
G1 X160.844 Y153.074 E828.50223
G1 X160.443 Y152.831 E828.51782
G1 X160.134 Y152.517 E828.53248
G1 X159.866 Y152.052 E828.55033
G1 X159.784 Y151.382 E828.57278
G1 X159.918 Y150.872 E828.59032
G1 X160.144 Y150.468 E828.60571
G1 X160.46 Y150.15 E828.62062
G1 X160.946 Y149.865 E828.63936
G1 X161.606 Y149.784 E828.66148
G1 X162.124 Y149.918 E828.67927
G1 X162.538 Y150.146 E828.69499
G1 X162.834 Y150.442 E828.70892
G1 X163.075 Y150.843 E828.72448
G1 X163.182 Y151.244 E828.73828
G1 X163.186 Y151.727 E828.75435
G1 X163.075 Y152.156 E828.76908
G1 X162.83 Y152.558 E828.78474
G1 X162.554 Y152.834 E828.79773
G1 X162.153 Y153.075 E828.81329
G1 X161.739 Y153.186 E828.82754
G1 F2400 E828.32754
G0 F15000 X161.82 Y153.485
G0 X161.245 Y153.439
G0 X160.752 Y153.306
G0 X160.309 Y153.051
G0 X159.943 Y152.651
G0 X159.98 Y154.57
G0 X150 Y154.8
G1 F2400 E828.82754
G1 F6000 X164.8 Y154.8 E829.31979
G1 X164.8 Y125.2 E830.30429
G1 X135.2 Y125.2 E831.28879
G1 X135.2 Y154.8 E832.27329
G1 X150 Y154.8 E832.76554
G1 F2400 E832.26554
G0 F15000 X150 Y154.49
G0 X138.82 Y154.57
G0 X138.799 Y153.769
G0 X138.739 Y153.186
G1 F2400 E832.76554
G1 F6000 X138.253 Y153.182 E832.78171
G1 X137.845 Y153.075 E832.79574
G1 X137.442 Y152.834 E832.81135
G1 X137.066 Y152.458 E832.82904
G1 X136.849 Y151.92 E832.84833
G1 X136.777 Y151.385 E832.86629
G1 X136.938 Y150.824 E832.8857
G1 X137.166 Y150.442 E832.9005
G1 X137.442 Y150.166 E832.91348
G1 X137.941 Y149.866 E832.93284
G1 X138.61 Y149.78 E832.95528
G1 X139.156 Y149.928 E832.97409
G1 X139.536 Y150.15 E832.98873
G1 X139.929 Y150.538 E833.0071
G1 X140.141 Y151.049 E833.0255
G1 X140.216 Y151.601 E833.04403
G1 X140.075 Y152.155 E833.06304
G1 X139.83 Y152.558 E833.07873
G1 X139.554 Y152.834 E833.09171
G1 X139.153 Y153.075 E833.10727
G1 X138.739 Y153.186 E833.12153
G1 F2400 E832.62153
G0 F15000 X138.82 Y153.485
G0 X139.691 Y153.051
G0 X140.051 Y152.691
G0 X140.306 Y152.248
G0 X140.454 Y151.478
G0 X140.387 Y150.988
G0 X140.142 Y150.4
G0 X139.887 Y150.145
G0 X138.644 Y149.184
G0 X138.644 Y131.768
G0 X138.732 Y131.185
G1 F2400 E833.12153
G1 F6000 X138.253 Y131.182 E833.13746
G1 X137.844 Y131.074 E833.15153
G1 X137.442 Y130.83 E833.16717
G1 X137.166 Y130.554 E833.18015
G1 X136.939 Y130.177 E833.19479
G1 X136.81 Y129.739 E833.20998
G1 X136.808 Y129.276 E833.22538
G1 X136.938 Y128.824 E833.24102
G1 X137.165 Y128.443 E833.25577
G1 X137.456 Y128.148 E833.26955
G1 X137.947 Y127.866 E833.28838
G1 X138.616 Y127.781 E833.31081
G1 X139.128 Y127.918 E833.32844
G1 X139.553 Y128.165 E833.34479
G1 X139.93 Y128.538 E833.36243
G1 X140.147 Y129.076 E833.38173
G1 X140.221 Y129.604 E833.39946
G1 X140.076 Y130.147 E833.41815
G1 X139.852 Y130.534 E833.43302
G1 X139.455 Y130.931 E833.4517
G1 X138.932 Y131.145 E833.47049
G1 X138.732 Y131.185 E833.47728
G1 F2400 E832.97728
G0 F15000 X138.792 Y131.49
G0 X139.6 Y131.142
G0 X139.855 Y130.887
G0 X140.813 Y129.642
G0 X141.963 Y125.76
G0 X143.828 Y125.772
G0 X143.9 Y129.367
G0 X143.68 Y129.367
;TYPE:FILL
G1 F2400 E833.47728
G1 F12000 X144.32 Y130.007 E833.50738
G0 F15000 X144.1 Y130.007
G0 X144.1 Y128.87
G0 X144.32 Y128.87
G1 F12000 X143.68 Y129.042 E833.52942
G0 F15000 X143.9 Y129.042
G0 X144.1 Y132.091
G0 X144.32 Y132.091
G1 F12000 X143.68 Y134.477 E833.61159
G0 F15000 X143.9 Y134.477
G0 X144.1 Y137.153
G0 X144.319 Y137.153
G1 F12000 X143.681 Y137.324 E833.63355
G0 F15000 X143.9 Y137.324
G0 X143.9 Y140.68
G0 X143.68 Y140.68
G1 F12000 X144.32 Y141.32 E833.66366
G0 F15000 X144.1 Y141.32
G0 X144.1 Y145.435
G0 X144.319 Y145.435
G1 F12000 X143.68 Y145.606 E833.68566
G0 F15000 X143.9 Y145.606
G0 X143.9 Y151.994
G0 X143.68 Y151.994
G1 F12000 X144.32 Y152.634 E833.71576
G0 F15000 X144.1 Y152.634
G0 X144.1 Y153.717
G0 X144.319 Y153.717
G1 F12000 X143.68 Y153.888 E833.73776
G0 F15000 X143.9 Y153.888
G0 X144.172 Y154.228
G0 X155.828 Y154.228
G0 X155.9 Y152.681
G0 X155.68 Y152.681
G1 F12000 X156.32 Y153.321 E833.76787
G0 F15000 X156.1 Y153.321
G0 X155.9 Y151.515
G0 X155.68 Y151.515
G1 F12000 X156.32 Y149.127 E833.8501
G0 F15000 X156.1 Y149.127
G0 X156.1 Y150.502
G0 X156.32 Y150.502
G1 F12000 X155.681 Y150.673 E833.8721
G0 F15000 X155.9 Y150.673
G0 X155.9 Y142.391
G0 X155.68 Y142.391
G1 F12000 X156.32 Y142.22 E833.89413
G0 F15000 X156.32 Y142.007
G1 F12000 X155.68 Y141.367 E833.92423
G0 F15000 X155.9 Y141.367
G0 X155.9 Y134.109
G0 X155.681 Y134.109
G1 F12000 X156.319 Y133.937 E833.94621
G0 F15000 X156.1 Y133.937
G0 X156.1 Y130.693
G0 X156.32 Y130.693
G1 F12000 X155.68 Y130.053 E833.97631
G0 F15000 X155.9 Y130.053
G0 X155.9 Y125.826
G0 X155.681 Y125.826
G1 F12000 X156.228 Y125.68 E833.99514
G1 F2400 E833.49514
G0 F15000 X156.1 Y125.91
G0 X164.228 Y125.772
G0 X164.3 Y151.127
G0 X163.99 Y151.127
;TYPE:SKIN
G1 F2400 E833.99514
G1 F4829 X163.993 Y151.822 E834.02387
G0 F15000 X164.3 Y151.822
G0 X164.228 Y154.228
G0 X162.461 Y154.3
G0 X162.461 Y154.039
G1 F5321.5 X161.857 Y153.99 E834.04659
G1 X162.477 Y153.765 E834.07133
G1 F6000 X163.018 Y153.442 E834.09228
G1 X163.43 Y153.03 E834.11166
G1 X163.769 Y152.47 E834.13343
G1 F5369.1 X163.993 Y151.822 E834.15892
G1 X164.04 Y152.45 E834.18232
G1 F6000 X164.04 Y154.04 E834.23521
G1 X162.461 Y154.039 E834.28773
G0 F15000 X161.857 Y153.99
G1 F4790.4 X161.141 Y153.99 E834.31755
G0 F15000 X161.141 Y154.3
G0 X156.172 Y154.228
G0 X156.36 Y154.04
G1 F6000 X156.361 Y125.961 E835.25146
G1 X164.04 Y125.96 E835.50687
G1 X164.04 Y128.539 E835.59265
G1 F5333.3 X163.99 Y129.127 E835.61473
G1 X163.77 Y128.523 E835.63878
G1 F6000 X163.461 Y127.993 E835.65919
G1 X163.021 Y127.557 E835.67979
G1 X162.447 Y127.213 E835.70205
G1 X161.664 Y127.005 E835.72899
G1 X160.885 Y127.105 E835.75511
G1 X160.287 Y127.347 E835.77657
G1 X160.001 Y127.533 E835.78792
G1 X159.539 Y127.989 E835.80951
G1 X159.23 Y128.523 E835.83003
G1 X159.001 Y129.332 E835.85799
G1 X159.105 Y130.1 E835.88377
G1 X159.417 Y130.885 E835.91187
G1 X160.013 Y131.473 E835.93971
G1 X160.603 Y131.794 E835.96205
G1 X161.174 Y131.948 E835.98172
G1 X161.856 Y131.942 E836.00441
G1 X162.45 Y131.783 E836.02486
G1 X162.982 Y131.469 E836.0454
G1 X163.434 Y131.031 E836.06634
G1 X163.769 Y130.474 E836.08796
G1 F5369.1 X163.993 Y129.822 E836.11358
G1 X164.04 Y130.453 E836.1371
G1 F6000 X164.04 Y150.539 E836.80516
G1 F5333.3 X163.99 Y151.127 E836.82724
G1 X163.77 Y150.523 E836.8513
G1 F6000 X163.474 Y150.015 E836.87085
G1 X163.004 Y149.536 E836.89317
G1 X162.441 Y149.213 E836.91476
G1 X161.657 Y149.004 E836.94175
G1 X160.703 Y149.13 E836.97375
G1 X160.036 Y149.514 E836.99935
G1 X159.548 Y149.975 E837.02168
G1 X159.221 Y150.553 E837.04377
G1 X159.005 Y151.326 E837.07046
G1 X159.105 Y152.106 E837.09662
G1 X159.21 Y152.432 E837.10801
G1 X159.541 Y153.009 E837.13013
G1 X159.979 Y153.439 E837.15055
G1 X160.521 Y153.768 E837.17164
G1 F5333.3 X161.141 Y153.99 E837.19628
G1 X160.541 Y154.04 E837.2188
G1 F6000 X156.36 Y154.04 E837.35787
G1 F2400 E836.85787
G0 F15000 X156.1 Y154.04
G0 X164.228 Y154.228
G0 X164.3 Y129.822
G0 X163.993 Y129.822
G1 F2400 E837.35787
G1 F4829 X163.99 Y129.127 E837.38659
G0 F15000 X164.3 Y129.127
G0 X164.228 Y125.772
G0 X163.496 Y125.7
G0 X163.496 Y126.161
G1 F6000 X163.84 Y126.505 E837.40277
G0 F15000 X163.84 Y127.071
G1 F6000 X162.93 Y126.161 E837.44557
G0 F15000 X162.364 Y126.161
G1 F6000 X163.84 Y127.636 E837.51497
G0 F15000 X163.779 Y128.14
G1 F6000 X163.84 Y128.202 E837.51787
G0 F15000 X164.3 Y128.202
G0 X164.2 Y127.623
G0 X163.319 Y128.106
G0 X162.864 Y127.225
G1 F6000 X161.799 Y126.161 E837.56794
G0 F15000 X161.233 Y126.161
G1 F6000 X161.946 Y126.873 E837.60145
G0 F15000 X161.351 Y126.844
G1 F6000 X160.667 Y126.161 E837.6336
G0 F15000 X160.102 Y126.161
G1 F6000 X160.85 Y126.909 E837.66879
G0 F15000 X160.441 Y127.066
G1 F6000 X159.537 Y126.161 E837.71133
G0 F15000 X158.971 Y126.161
G1 F6000 X160.065 Y127.255 E837.76279
G0 F15000 X159.745 Y127.501
G1 F6000 X158.405 Y126.161 E837.82582
G0 F15000 X157.84 Y126.161
G1 F6000 X159.462 Y127.784 E837.90214
G0 F15000 X159.233 Y128.12
G1 F6000 X157.274 Y126.161 E837.99428
G0 F15000 X156.708 Y126.161
G1 F6000 X159.028 Y128.481 E838.10341
G0 F15000 X158.906 Y128.925
G1 F6000 X156.561 Y126.579 E838.21373
G0 F15000 X156.561 Y127.145
G1 F6000 X158.81 Y129.394 E838.31952
G0 F15000 X158.897 Y130.047
G1 F6000 X156.561 Y127.711 E838.4294
G0 F15000 X156.561 Y128.276
G1 F6000 X159.238 Y130.953 E838.55531
G0 F15000 X159.638 Y130.742
G0 X160.175 Y131.267
G0 X159.951 Y131.667
G1 F6000 X163.839 Y135.555 E838.73819
G0 F15000 X163.839 Y134.99
G1 F6000 X160.943 Y132.093 E838.87444
G0 F15000 X161.564 Y132.148
G1 F6000 X163.839 Y134.424 E838.98147
G0 F15000 X163.839 Y133.858
G1 F6000 X162.072 Y132.091 E839.06458
G0 F15000 X162.519 Y131.972
G1 F6000 X163.839 Y133.292 E839.12667
G0 F15000 X163.839 Y132.727
G1 F6000 X162.877 Y131.764 E839.17194
G0 F15000 X163.212 Y131.533
G1 F6000 X163.839 Y132.161 E839.20146
G0 F15000 X163.839 Y131.595
G1 F6000 X163.497 Y131.252 E839.21757
G0 F15000 X163.735 Y130.925
G1 F6000 X163.839 Y131.03 E839.22249
G0 F15000 X164.3 Y131.03
G0 X164.3 Y136.121
G0 X163.839 Y136.121
G1 F6000 X156.561 Y128.842 E839.56484
G0 F15000 X156.561 Y129.408
G1 F6000 X163.839 Y136.687 E839.9072
G0 F15000 X163.839 Y137.252
G1 F6000 X156.561 Y129.973 E840.24956
G0 F15000 X156.561 Y130.539
G1 F6000 X163.839 Y137.818 E840.59192
G0 F15000 X163.839 Y138.384
G1 F6000 X156.561 Y131.105 E840.93428
G0 F15000 X156.561 Y131.67
G1 F6000 X163.839 Y138.949 E841.27664
G0 F15000 X163.839 Y139.515
G1 F6000 X156.561 Y132.236 E841.61899
G0 F15000 X156.561 Y132.802
G1 F6000 X163.839 Y140.081 E841.96135
G0 F15000 X163.839 Y140.646
G1 F6000 X156.561 Y133.367 E842.30371
G0 F15000 X156.561 Y133.933
G1 F6000 X163.839 Y141.212 E842.64607
G0 F15000 X163.839 Y141.778
G1 F6000 X156.561 Y134.499 E842.98843
G0 F15000 X156.561 Y135.064
G1 F6000 X163.839 Y142.343 E843.33079
G0 F15000 X163.839 Y142.909
G1 F6000 X156.561 Y135.63 E843.67314
G0 F15000 X156.561 Y136.196
G1 F6000 X163.839 Y143.475 E844.0155
G0 F15000 X163.839 Y144.04
G1 F6000 X156.561 Y136.762 E844.35784
G0 F15000 X156.561 Y137.327
G1 F6000 X163.839 Y144.606 E844.7002
G0 F15000 X163.839 Y145.172
G1 F6000 X156.561 Y137.893 E845.04255
G0 F15000 X156.561 Y138.459
G1 F6000 X163.839 Y145.738 E845.38491
G0 F15000 X163.839 Y146.303
G1 F6000 X156.561 Y139.024 E845.72727
G0 F15000 X156.561 Y139.59
G1 F6000 X163.839 Y146.869 E846.06963
G0 F15000 X163.839 Y147.435
G1 F6000 X156.56 Y140.155 E846.41203
G0 F15000 X156.56 Y140.721
G1 F6000 X163.839 Y148 E846.75442
G0 F15000 X163.839 Y148.566
G1 F6000 X156.56 Y141.286 E847.09682
G0 F15000 X156.56 Y141.852
G1 F6000 X163.839 Y149.132 E847.43923
G0 F15000 X163.839 Y149.697
G1 F6000 X156.56 Y142.418 E847.78161
G0 F15000 X156.56 Y142.983
G1 F6000 X162.717 Y149.14 E848.07122
G0 F15000 X161.862 Y148.851
G1 F6000 X156.56 Y143.549 E848.3206
G0 F15000 X156.56 Y144.115
G1 F6000 X161.295 Y148.85 E848.54332
G0 F15000 X160.795 Y148.916
G1 F6000 X156.56 Y144.68 E848.74255
G0 F15000 X156.56 Y145.246
G1 F6000 X160.392 Y149.078 E848.9228
G0 F15000 X160.032 Y149.284
G1 F6000 X156.56 Y145.812 E849.08611
G0 F15000 X156.56 Y146.377
G1 F6000 X159.716 Y149.534 E849.23458
G0 F15000 X159.429 Y149.812
G1 F6000 X156.56 Y146.943 E849.36953
G0 F15000 X156.56 Y147.509
G1 F6000 X159.213 Y150.162 E849.49432
G0 F15000 X159.014 Y150.529
G1 F6000 X156.56 Y148.075 E849.60975
G0 F15000 X156.56 Y148.64
G1 F6000 X158.894 Y150.974 E849.71953
G0 F15000 X158.823 Y151.469
G1 F6000 X156.56 Y149.206 E849.82597
G0 F15000 X156.56 Y149.772
G1 F6000 X158.906 Y152.118 E849.93632
G1 F2400 E849.43632
G0 F15000 X159.363 Y152.06
G0 X159.682 Y152.896
G0 X159.682 Y154.2
G0 X158.931 Y153.84
G1 F2400 E849.93632
G1 F6000 X156.56 Y151.469 E850.04785
G0 F15000 X156.56 Y152.034
G1 F6000 X158.366 Y153.84 E850.1328
G0 F15000 X157.8 Y153.84
G1 F6000 X156.56 Y152.6 E850.19112
G0 F15000 X156.56 Y153.166
G1 F6000 X157.234 Y153.84 E850.22283
G0 F15000 X156.669 Y153.84
G1 F6000 X156.56 Y153.731 E850.22795
G0 F15000 X156.1 Y153.731
G0 X156.1 Y150.903
G0 X156.56 Y150.903
G1 F6000 X159.497 Y153.84 E850.3661
G0 F15000 X160.063 Y153.84
G1 F6000 X156.56 Y150.337 E850.53087
G1 F2400 E850.03087
G0 F15000 X156.1 Y150.337
G0 X156.172 Y154.228
G0 X158.037 Y154.24
G0 X159.682 Y152.896
G0 X163.179 Y153.562
G1 F2400 E850.53087
G1 F6000 X163.456 Y153.84 E850.54392
G0 F15000 X163.84 Y153.658
G1 F6000 X163.462 Y153.28 E850.5617
G0 F15000 X163.709 Y152.961
G1 F6000 X163.84 Y153.092 E850.56786
G0 F15000 X164.3 Y153.092
G0 X164.228 Y154.228
G0 X150 Y154.3
G0 X150 Y154.04
G1 F6000 X144.36 Y154.04 E850.75545
G1 X144.36 Y125.96 E851.6894
G1 X155.64 Y125.96 E852.06457
G1 X155.64 Y154.04 E852.99852
G1 X150 Y154.04 E853.1861
G0 F15000 X150 Y154.3
G0 X144.172 Y154.228
G0 X144.1 Y153.611
G0 X144.56 Y153.611
G1 F6000 X144.789 Y153.84 E853.19687
G0 F15000 X145.355 Y153.84
G1 F6000 X144.56 Y153.045 E853.23427
G0 F15000 X144.56 Y152.48
G1 F6000 X145.921 Y153.84 E853.29826
G0 F15000 X146.486 Y153.84
G1 F6000 X144.56 Y151.914 E853.38886
G0 F15000 X144.56 Y151.348
G1 F6000 X147.052 Y153.84 E853.50607
G0 F15000 X147.618 Y153.84
G1 F6000 X144.56 Y150.783 E853.64989
G0 F15000 X144.56 Y150.217
G1 F6000 X148.183 Y153.84 E853.8203
G0 F15000 X148.749 Y153.84
G1 F6000 X144.56 Y149.651 E854.01734
G0 F15000 X144.56 Y149.086
G1 F6000 X149.315 Y153.84 E854.24098
G0 F15000 X149.88 Y153.84
G1 F6000 X144.56 Y148.52 E854.49121
G0 F15000 X144.56 Y147.954
G1 F6000 X150.446 Y153.84 E854.76807
G0 F15000 X151.012 Y153.84
G1 F6000 X144.56 Y147.389 E855.07153
G0 F15000 X144.56 Y146.823
G1 F6000 X151.578 Y153.84 E855.40161
G0 F15000 X152.143 Y153.84
G1 F6000 X144.56 Y146.257 E855.75829
G0 F15000 X144.56 Y145.692
G1 F6000 X152.709 Y153.84 E856.14157
G0 F15000 X153.275 Y153.84
G1 F6000 X144.56 Y145.126 E856.55148
G0 F15000 X144.56 Y144.56
G1 F6000 X153.84 Y153.84 E856.98798
G0 F15000 X154.406 Y153.84
G1 F6000 X144.56 Y143.995 E857.45108
G0 F15000 X144.56 Y143.429
G1 F6000 X154.972 Y153.84 E857.94081
G0 F15000 X155.44 Y153.743
G1 F6000 X144.56 Y142.863 E858.45257
G0 F15000 X144.56 Y142.297
G1 F6000 X155.44 Y153.177 E858.96433
G0 F15000 X155.44 Y152.611
G1 F6000 X144.56 Y141.732 E859.47607
G0 F15000 X144.56 Y141.166
G1 F6000 X155.44 Y152.046 E859.98783
G0 F15000 X155.44 Y151.48
G1 F6000 X144.56 Y140.6 E860.49959
G0 F15000 X144.56 Y140.035
G1 F6000 X155.44 Y150.914 E861.01133
G0 F15000 X155.44 Y150.349
G1 F6000 X144.56 Y139.469 E861.52309
G0 F15000 X144.56 Y138.903
G1 F6000 X155.44 Y149.783 E862.03486
G0 F15000 X155.44 Y149.217
G1 F6000 X144.56 Y138.338 E862.54659
G0 F15000 X144.56 Y137.772
G1 F6000 X155.44 Y148.652 E863.05836
G0 F15000 X155.44 Y148.086
G1 F6000 X144.56 Y137.206 E863.57012
G0 F15000 X144.56 Y136.641
G1 F6000 X155.44 Y147.52 E864.08186
G0 F15000 X155.44 Y146.954
G1 F6000 X144.56 Y136.075 E864.59359
G0 F15000 X144.56 Y135.509
G1 F6000 X155.44 Y146.389 E865.10536
G0 F15000 X155.44 Y145.823
G1 F6000 X144.56 Y134.944 E865.61709
G0 F15000 X144.56 Y134.378
G1 F6000 X155.44 Y145.257 E866.12883
G0 F15000 X155.44 Y144.692
G1 F6000 X144.56 Y133.812 E866.64059
G0 F15000 X144.56 Y133.246
G1 F6000 X155.44 Y144.126 E867.15236
G0 F15000 X155.44 Y143.56
G1 F6000 X144.56 Y132.681 E867.66409
G0 F15000 X144.56 Y132.115
G1 F6000 X155.44 Y142.995 E868.17586
G0 F15000 X155.44 Y142.429
G1 F6000 X144.56 Y131.549 E868.68762
G0 F15000 X144.56 Y130.984
G1 F6000 X155.44 Y141.863 E869.19936
G0 F15000 X155.44 Y141.298
G1 F6000 X144.56 Y130.418 E869.71112
G0 F15000 X144.56 Y129.852
G1 F6000 X155.44 Y140.732 E870.22288
G0 F15000 X155.44 Y140.166
G1 F6000 X144.56 Y129.287 E870.73462
G0 F15000 X144.56 Y128.721
G1 F6000 X155.44 Y139.601 E871.24638
G0 F15000 X155.44 Y139.035
G1 F6000 X144.56 Y128.155 E871.75814
G0 F15000 X144.56 Y127.59
G1 F6000 X155.44 Y138.469 E872.26988
G0 F15000 X155.44 Y137.904
G1 F6000 X144.56 Y127.024 E872.78164
G0 F15000 X144.56 Y126.458
G1 F6000 X155.44 Y137.338 E873.2934
G0 F15000 X155.44 Y136.772
G1 F6000 X144.827 Y126.16 E873.79258
G0 F15000 X145.393 Y126.16
G1 F6000 X155.44 Y136.206 E874.26514
G0 F15000 X155.44 Y135.641
G1 F6000 X145.959 Y126.16 E874.7111
G0 F15000 X146.525 Y126.16
G1 F6000 X155.44 Y135.075 E875.13043
G0 F15000 X155.44 Y134.509
G1 F6000 X147.09 Y126.16 E875.52317
G0 F15000 X147.656 Y126.16
G1 F6000 X155.44 Y133.944 E875.8893
G0 F15000 X155.44 Y133.378
G1 F6000 X148.222 Y126.16 E876.22881
G0 F15000 X148.787 Y126.16
G1 F6000 X155.44 Y132.812 E876.54173
G0 F15000 X155.44 Y132.247
G1 F6000 X149.353 Y126.16 E876.82804
G0 F15000 X149.919 Y126.16
G1 F6000 X155.44 Y131.681 E877.08773
G0 F15000 X155.44 Y131.115
G1 F6000 X150.484 Y126.16 E877.32082
G0 F15000 X151.05 Y126.16
G1 F6000 X155.44 Y130.55 E877.52732
G0 F15000 X155.44 Y129.984
G1 F6000 X151.616 Y126.16 E877.70719
G0 F15000 X152.181 Y126.16
G1 F6000 X155.44 Y129.418 E877.86046
G0 F15000 X155.44 Y128.853
G1 F6000 X152.747 Y126.16 E877.98713
G0 F15000 X153.313 Y126.16
G1 F6000 X155.44 Y128.287 E878.08717
G0 F15000 X155.44 Y127.721
G1 F6000 X153.878 Y126.16 E878.16062
G0 F15000 X154.444 Y126.16
G1 F6000 X155.44 Y127.155 E878.20745
G0 F15000 X155.44 Y126.59
G1 F6000 X155.01 Y126.16 E878.22767
G1 F2400 E877.72767
G0 F15000 X155.9 Y126.16
G0 X155.828 Y125.772
G0 X144.172 Y125.772
G0 X143.828 Y154.228
G0 X140.812 Y151.64
G0 X135.988 Y151.271
G1 F2400 E878.22767
G1 F5309.7 X135.984 Y151.332 E878.22997
G1 F4819.3 X136.034 Y152.135 E878.26329
G1 F2400 E877.76329
G0 F15000 X136.275 Y151.353
G0 X136.801 Y152.477
G0 X137.621 Y153.616
G0 X137.621 Y154.2
G0 X137.544 Y154.04
G1 F2400 E878.26329
G1 F6000 X135.96 Y154.04 E878.31597
G1 X135.961 Y152.787 E878.35765
G1 F5063.3 X136.034 Y152.135 E878.3835
G1 X136.365 Y152.743 E878.41079
G1 F6000 X136.533 Y152.996 E878.42089
G1 X136.989 Y153.457 E878.44246
G1 X137.527 Y153.769 E878.46314
G1 F5333.3 X138.14 Y153.99 E878.48752
G1 X137.544 Y154.04 E878.5099
G0 F15000 X138.14 Y153.99
G1 F4809.6 X138.834 Y153.993 E878.5387
G0 F15000 X138.834 Y154.3
G0 X143.828 Y154.228
G0 X143.64 Y154.04
G1 F6000 X139.455 Y154.04 E878.67789
G1 F5345.2 X138.834 Y153.993 E878.70114
G1 X139.474 Y153.769 E878.72646
G1 F6000 X140.008 Y153.456 E878.74704
G1 X140.435 Y153.025 E878.76722
G1 X140.783 Y152.448 E878.78964
G1 X140.993 Y151.646 E878.81721
G1 X140.874 Y150.848 E878.84404
G1 X140.567 Y150.1 E878.87094
G1 X140.007 Y149.543 E878.89721
G1 X139.401 Y149.202 E878.92033
G1 X138.653 Y148.999 E878.94611
G1 X137.876 Y149.109 E878.97221
G1 X137.561 Y149.209 E878.98321
G1 X137.01 Y149.527 E879.00437
G1 X136.54 Y149.987 E879.02624
G1 X136.23 Y150.523 E879.04683
G1 F5607.5 X135.988 Y151.271 E879.07481
G1 X135.96 Y150.537 E879.10095
G1 F6000 X135.961 Y130.458 E879.76878
G1 F5345.2 X136.008 Y129.861 E879.79114
G1 X136.23 Y130.473 E879.81545
G1 F6000 X136.54 Y131.008 E879.83601
G1 X136.971 Y131.435 E879.85619
G1 X137.545 Y131.783 E879.87852
G1 X138.153 Y131.942 E879.89942
G1 X138.833 Y131.943 E879.92204
G1 X139.233 Y131.843 E879.93575
G1 X139.889 Y131.574 E879.95933
G1 X140.443 Y131.017 E879.98546
G1 X140.758 Y130.484 E880.00605
G1 X140.993 Y129.651 E880.03484
G1 X140.869 Y128.823 E880.06269
G1 X140.639 Y128.265 E880.08276
G1 X140.458 Y127.995 E880.09357
G1 X140.021 Y127.557 E880.11415
G1 X139.455 Y127.217 E880.13611
G1 X138.664 Y127.005 E880.16335
G1 X137.858 Y127.109 E880.19038
G1 X137.56 Y127.211 E880.20085
G1 X136.984 Y127.54 E880.22292
G1 X136.557 Y127.976 E880.24321
G1 X136.231 Y128.523 E880.26439
G1 F5345.2 X136.008 Y129.135 E880.28871
G1 X135.961 Y128.538 E880.31107
G1 F6000 X135.96 Y125.96 E880.39681
G1 X143.64 Y125.96 E880.65225
G1 X143.64 Y154.04 E881.5862
G1 F2400 E881.0862
G0 F15000 X143.9 Y154.04
G0 X135.772 Y154.228
G0 X135.7 Y129.861
G0 X136.008 Y129.861
G1 F2400 E881.5862
G1 F4819.3 X136.008 Y129.135 E881.61626
G0 F15000 X135.7 Y129.135
G0 X135.772 Y125.772
G0 X143.828 Y125.772
G0 X143.9 Y126.16
G0 X143.13 Y126.16
G1 F6000 X143.44 Y126.47 E881.63084
G0 F15000 X143.44 Y127.035
G1 F6000 X142.565 Y126.16 E881.672
G0 F15000 X141.999 Y126.16
G1 F6000 X143.44 Y127.601 E881.73978
G0 F15000 X143.44 Y128.167
G1 F6000 X141.433 Y126.16 E881.83418
G0 F15000 X140.868 Y126.16
G1 F6000 X143.44 Y128.732 E881.95516
G0 F15000 X143.44 Y129.298
G1 F6000 X140.302 Y126.16 E882.10276
G0 F15000 X139.736 Y126.16
G1 F6000 X143.44 Y129.864 E882.27699
G0 F15000 X143.44 Y130.429
G1 F6000 X139.171 Y126.16 E882.47779
G0 F15000 X138.605 Y126.16
G1 F6000 X139.454 Y127.009 E882.51772
G0 F15000 X138.683 Y126.803
G1 F6000 X138.039 Y126.16 E882.54799
G0 F15000 X137.474 Y126.16
G1 F6000 X138.181 Y126.867 E882.58125
G0 F15000 X137.701 Y126.953
G1 F6000 X136.908 Y126.16 E882.61855
G0 F15000 X136.342 Y126.16
G1 F6000 X137.308 Y127.126 E882.66398
G0 F15000 X136.947 Y127.33
G1 F6000 X136.159 Y126.542 E882.70105
G0 F15000 X136.159 Y127.108
G1 F6000 X136.648 Y127.597 E882.72405
G0 F15000 X136.371 Y127.886
G1 F6000 X136.159 Y127.674 E882.73402
G0 F15000 X135.7 Y127.674
G0 X135.7 Y131.069
G0 X136.16 Y131.069
G1 F6000 X143.44 Y138.349 E883.07645
G0 F15000 X143.44 Y138.915
G1 F6000 X136.16 Y131.634 E883.4189
G0 F15000 X136.16 Y132.2
G1 F6000 X143.44 Y139.48 E883.76133
G0 F15000 X143.44 Y140.046
G1 F6000 X136.16 Y132.766 E884.10376
G0 F15000 X136.16 Y133.331
G1 F6000 X143.44 Y140.612 E884.44621
G0 F15000 X143.44 Y141.177
G1 F6000 X136.16 Y133.897 E884.78864
G0 F15000 X136.16 Y134.463
G1 F6000 X143.44 Y141.743 E885.13107
G0 F15000 X143.44 Y142.309
G1 F6000 X136.16 Y135.028 E885.47352
G0 F15000 X136.16 Y135.594
G1 F6000 X143.44 Y142.874 E885.81595
G0 F15000 X143.44 Y143.44
G1 F6000 X136.16 Y136.16 E886.15838
G0 F15000 X136.16 Y136.725
G1 F6000 X143.44 Y144.006 E886.50083
G0 F15000 X143.44 Y144.572
G1 F6000 X136.16 Y137.291 E886.84329
G0 F15000 X136.16 Y137.857
G1 F6000 X143.44 Y145.137 E887.18571
G0 F15000 X143.44 Y145.703
G1 F6000 X136.16 Y138.423 E887.52814
G0 F15000 X136.16 Y138.988
G1 F6000 X143.44 Y146.269 E887.8706
G0 F15000 X143.44 Y146.834
G1 F6000 X136.16 Y139.554 E888.21302
G0 F15000 X136.16 Y140.12
G1 F6000 X143.44 Y147.4 E888.55545
G0 F15000 X143.44 Y147.966
G1 F6000 X136.16 Y140.685 E888.89791
G0 F15000 X136.16 Y141.251
G1 F6000 X143.44 Y148.531 E889.24033
G0 F15000 X143.44 Y149.097
G1 F6000 X136.16 Y141.817 E889.58276
G0 F15000 X136.16 Y142.382
G1 F6000 X143.44 Y149.663 E889.92522
G0 F15000 X143.44 Y150.228
G1 F6000 X136.16 Y142.948 E890.26764
G0 F15000 X136.16 Y143.514
G1 F6000 X143.44 Y150.794 E890.61007
G0 F15000 X143.44 Y151.36
G1 F6000 X136.16 Y144.079 E890.95253
G0 F15000 X136.16 Y144.645
G1 F6000 X143.44 Y151.925 E891.29495
G0 F15000 X143.44 Y152.491
G1 F6000 X136.16 Y145.211 E891.63738
G0 F15000 X136.16 Y145.776
G1 F6000 X139.369 Y148.986 E891.78835
G0 F15000 X138.619 Y148.801
G1 F6000 X136.16 Y146.342 E891.90401
G0 F15000 X136.16 Y146.908
G1 F6000 X138.123 Y148.871 E891.99635
G0 F15000 X137.656 Y148.97
G1 F6000 X136.16 Y147.473 E892.06674
G0 F15000 X136.16 Y148.039
G1 F6000 X137.265 Y149.144 E892.11871
G0 F15000 X136.909 Y149.354
G1 F6000 X136.16 Y148.605 E892.15394
G0 F15000 X136.16 Y149.171
G1 F6000 X136.617 Y149.628 E892.17544
G0 F15000 X136.346 Y149.923
G1 F6000 X136.16 Y149.736 E892.18421
G0 F15000 X135.7 Y149.736
G0 X135.7 Y153.132
G0 X136.161 Y153.132
G1 F6000 X136.869 Y153.84 E892.21751
G0 F15000 X136.303 Y153.84
G1 F6000 X136.16 Y153.696 E892.22426
G1 F2400 E891.72426
G0 F15000 X135.7 Y153.696
G0 X135.8 Y153.252
G0 X136.685 Y152.898
G0 X140.074 Y153.65
G1 F2400 E892.22426
G1 F6000 X140.262 Y153.839 E892.23313
G0 F15000 X140.367 Y153.378
G1 F6000 X140.828 Y153.839 E892.25481
G0 F15000 X141.394 Y153.839
G1 F6000 X140.639 Y153.084 E892.29033
G0 F15000 X140.849 Y152.728
G1 F6000 X141.96 Y153.84 E892.34261
G0 F15000 X142.526 Y153.84
G1 F6000 X141.019 Y152.333 E892.41349
G0 F15000 X141.136 Y151.884
G1 F6000 X143.092 Y153.84 E892.5055
G0 F15000 X143.44 Y153.622
G1 F6000 X141.15 Y151.332 E892.61321
G0 F15000 X140.991 Y150.607
G1 F6000 X143.44 Y153.057 E892.72843
G0 F15000 X143.9 Y153.057
G0 X143.9 Y137.783
G0 X143.44 Y137.783
G1 F6000 X137.684 Y132.027 E892.99917
G0 F15000 X138.371 Y132.148
G1 F6000 X143.44 Y137.218 E893.23763
G0 F15000 X143.44 Y136.652
G1 F6000 X138.917 Y132.129 E893.45038
G0 F15000 X139.36 Y132.006
G1 F6000 X143.44 Y136.086 E893.64229
G0 F15000 X143.44 Y135.521
G1 F6000 X139.762 Y131.842 E893.81531
G0 F15000 X140.115 Y131.629
G1 F6000 X143.44 Y134.955 E893.97173
G0 F15000 X143.44 Y134.389
G1 F6000 X140.397 Y131.346 E894.11487
G0 F15000 X140.663 Y131.047
G1 F6000 X143.44 Y133.823 E894.24546
G0 F15000 X143.44 Y133.258
G1 F6000 X140.871 Y130.688 E894.36633
G0 F15000 X141.027 Y130.279
G1 F6000 X143.44 Y132.692 E894.47983
G0 F15000 X143.44 Y132.126
G1 F6000 X141.148 Y129.835 E894.58761
G0 F15000 X141.139 Y129.26
G1 F6000 X143.44 Y131.561 E894.69584
G0 F15000 X143.44 Y130.995
G1 F6000 X140.956 Y128.511 E894.81268
G1 F2400 E894.31268
;MESH:NONMESH
G0 F300 X140.956 Y128.511 Z3.2
G0 F15000 X140.533 Y128.686
G0 X140.32 Y130.888
G0 X142 Y167.878
;TIME_ELAPSED:1080.091584
;LAYER:15
;note -- min layer time used
;TYPE:SUPPORT
G1 F2400 E894.81268
G1 F3434.7 X141.864 Y167.755 E894.81878
G1 X141.661 Y167.666 E894.82615
G1 X141.477 Y167.703 E894.8324
G1 X140.791 Y168.161 E894.85983
G1 X140.46 Y168.533 E894.87639
G1 X140.204 Y169.203 E894.90025
G1 X140.201 Y170.713 E894.95047
G1 X140.258 Y170.97 E894.95923
G1 X140.524 Y171.546 E894.98033
G1 X141.009 Y172.014 E895.00274
G1 X141.516 Y172.316 E895.02237
G1 X141.644 Y172.346 E895.02675
G1 X141.8 Y172.286 E895.0323
G1 X141.8 Y172.205 E895.035
G1 X142 Y172.026 E895.04393
G1 F2400 E894.54393
G0 F15000 X142.353 Y172.98
G0 X142.347 Y175.653
G0 X145.653 Y175.653
G0 X148.304 Y171.887
G0 X148.66 Y170.956
G0 X148.663 Y169.192
G0 X148.557 Y168.739
G0 X148.197 Y167.952
G0 X147.522 Y167.297
G0 X146.812 Y166.872
G0 X146.346 Y166.765
G0 X146.042 Y166.849
G0 X146.356 Y167.654
G1 F2400 E895.04393
G1 F3434.7 X146.484 Y167.684 E895.0483
G1 X146.993 Y167.988 E895.06802
G1 X147.48 Y168.46 E895.09057
G1 X147.736 Y169.019 E895.11102
G1 X147.799 Y169.29 E895.12028
G1 X147.796 Y170.796 E895.17037
G1 X147.551 Y171.437 E895.19319
G1 X147.186 Y171.859 E895.21175
G1 X146.524 Y172.293 E895.23808
G1 X146.336 Y172.333 E895.24447
G1 X146.2 Y172.264 E895.24954
G1 X146.2 Y172.229 E895.25071
G1 X146 Y172.053 E895.25957
G1 X146 Y167.861 E895.39899
G1 X146.2 Y167.773 E895.40626
G1 X146.2 Y167.714 E895.40822
G1 X146.356 Y167.654 E895.41378
G1 F2400 E894.91378
G0 F15000 X146.82 Y166.876
G0 X153.757 Y166.766
G0 X154.371 Y167.034
G0 X154 Y167.878
G1 F2400 E895.41378
G1 F3434.7 X153.864 Y167.755 E895.41988
G1 X153.661 Y167.666 E895.42725
G1 X153.477 Y167.703 E895.4335
G1 X152.791 Y168.161 E895.46093
G1 X152.46 Y168.533 E895.47749
G1 X152.204 Y169.203 E895.50135
G1 X152.201 Y170.713 E895.55157
G1 X152.258 Y170.97 E895.56033
G1 X152.524 Y171.546 E895.58143
G1 X153.009 Y172.014 E895.60384
G1 X153.516 Y172.316 E895.62347
G1 X153.644 Y172.346 E895.62785
G1 X153.8 Y172.286 E895.6334
G1 X153.8 Y172.205 E895.6361
G1 X154 Y172.026 E895.64503
G1 F2400 E895.14503
G0 F15000 X154.353 Y172.98
G0 X154.347 Y175.653
G0 X157.653 Y175.653
G0 X160.304 Y171.887
G0 X160.66 Y170.956
G0 X160.663 Y169.192
G0 X160.557 Y168.739
G0 X160.197 Y167.952
G0 X159.522 Y167.297
G0 X158.812 Y166.872
G0 X158.346 Y166.765
G0 X158.042 Y166.849
G0 X158.356 Y167.654
G1 F2400 E895.64503
G1 F3434.7 X158.484 Y167.684 E895.6494
G1 X158.993 Y167.988 E895.66912
G1 X159.48 Y168.46 E895.69167
G1 X159.736 Y169.019 E895.71212
G1 X159.799 Y169.29 E895.72138
G1 X159.796 Y170.796 E895.77147
G1 X159.551 Y171.437 E895.79429
G1 X159.186 Y171.859 E895.81285
G1 X158.524 Y172.293 E895.83918
G1 X158.336 Y172.333 E895.84557
G1 X158.2 Y172.264 E895.85064
G1 X158.2 Y172.229 E895.85181
G1 X158 Y172.053 E895.86067
G1 X158 Y167.861 E896.00009
G1 X158.2 Y167.773 E896.00736
G1 X158.2 Y167.714 E896.00932
G1 X158.356 Y167.654 E896.01488
G1 F2400 E895.51488
;MESH:Limiter bracket.stl
G0 F15000 X156.57 Y167.654
G0 X155.6 Y174.4
;TYPE:WALL-INNER
G1 F2400 E896.01488
G1 F3434.7 X156.4 Y174.4 E896.04149
G1 X156.4 Y125.7 E897.66126
G1 X155.6 Y125.7 E897.68787
G1 X155.6 Y174.4 E899.30764
G0 F15000 X155.2 Y174.8
;TYPE:WALL-OUTER
G1 F3434.7 X156.8 Y174.8 E899.36085
G1 X156.8 Y125.3 E901.00723
G1 X155.2 Y125.3 E901.06044
G1 X155.2 Y174.8 E902.70682
G0 F15000 X155.48 Y174.52
G0 X155.772 Y154.172
G0 X156.09 Y153.121
G0 X156.32 Y153.121
;TYPE:FILL
G1 F3434.7 X155.679 Y152.481 E902.73695
G0 F15000 X155.91 Y152.481
G0 X155.91 Y150.97
G0 X155.68 Y150.97
G1 F3434.7 X156.32 Y148.582 E902.81918
G0 F15000 X156.09 Y148.582
G0 X156.09 Y150.648
G0 X156.32 Y150.648
G1 F3434.7 X155.681 Y150.819 E902.84118
G0 F15000 X155.91 Y150.819
G0 X155.91 Y142.537
G0 X155.681 Y142.537
G1 F3434.7 X156.319 Y142.366 E902.86315
G0 F15000 X156.32 Y141.807
G1 F3434.7 X155.679 Y141.167 E902.89327
G0 F15000 X155.91 Y141.167
G0 X155.91 Y134.255
G0 X155.68 Y134.255
G1 F3434.7 X156.32 Y134.083 E902.91532
G0 F15000 X156.09 Y134.083
G0 X156.09 Y130.494
G0 X156.32 Y130.494
G1 F3434.7 X155.679 Y129.853 E902.94547
G0 F15000 X155.91 Y129.853
G0 X156 Y126.802
G0 X156 Y126.1
;TYPE:SKIN
G1 F2862.3 X156 Y126.5 E902.96143
G1 F2400 E902.46143
G0 F15000 X156 Y126.802
G0 X155.816 Y148.972
G0 X155.7 Y174
G0 X156 Y174
G1 F2400 E902.96143
G1 F2862.3 X156 Y154.4 E903.74371
G1 F2400 E903.24371
G0 F15000 X156 Y154.1
G0 X155.43 Y174.4
G0 X154.335 Y174.4
G0 X145.665 Y174.4
G0 X144.4 Y174.4
;TYPE:WALL-INNER
G1 F2400 E903.74371
G1 F3434.7 X144.4 Y125.7 E905.36348
G1 X143.6 Y125.7 E905.39009
G1 X143.6 Y174.4 E907.00985
G1 X144.4 Y174.4 E907.03646
G0 F15000 X144.8 Y174.8
;TYPE:WALL-OUTER
G1 F3434.7 X144.8 Y125.3 E908.68284
G1 X143.2 Y125.3 E908.73606
G1 X143.2 Y174.8 E910.38243
G1 X144.8 Y174.8 E910.43565
G0 F15000 X144.52 Y174.52
G0 X144.228 Y154.172
G0 X143.91 Y154.035
G0 X143.68 Y154.035
;TYPE:FILL
G1 F3434.7 X144.319 Y153.863 E910.45766
G0 F15000 X144.09 Y153.863
G0 X144.09 Y152.435
G0 X144.32 Y152.435
G1 F3434.7 X143.68 Y151.795 E910.48776
G0 F15000 X143.91 Y151.795
G0 X143.91 Y145.752
G0 X143.68 Y145.752
G1 F3434.7 X144.32 Y145.581 E910.5098
G0 F15000 X144.09 Y145.581
G0 X144.09 Y141.122
G0 X144.32 Y141.122
G1 F3434.7 X143.68 Y140.481 E910.53992
G0 F15000 X143.91 Y140.481
G0 X143.91 Y137.47
G0 X143.681 Y137.47
G1 F3434.7 X144.32 Y137.299 E910.56192
G0 F15000 X144.09 Y137.299
G0 X143.91 Y133.935
G0 X143.68 Y133.935
G1 F3434.7 X144.32 Y131.547 E910.64415
G0 F15000 X144.09 Y131.547
G0 X144.09 Y129.808
G0 X144.32 Y129.808
G1 F3434.7 X143.68 Y129.167 E910.67428
G1 X143.68 Y129.188
G1 X144.319 Y129.016 E910.69629
G0 F15000 X144.09 Y129.016
G0 X144 Y126.802
G0 X144 Y126.1
;TYPE:SKIN
G1 F2862.3 X144 Y126.5 E910.71225
G1 F2400 E910.21225
G0 F15000 X144 Y126.802
G0 X143.816 Y148.972
G0 X143.7 Y174
G0 X144 Y174
G1 F2400 E910.71225
G1 F2862.3 X144 Y154.4 E911.49453
G1 F2400 E910.99453
;MESH:NONMESH
G0 F300 X144 Y154.4 Z3.4
G0 F15000 X144 Y154.1
G0 X143.43 Y146.247
G0 X142 Y146.247
;TIME_ELAPSED:1100.694868
;LAYER:16
;note -- min layer time used
;TYPE:SUPPORT
G1 F2400 E911.49453
G1 F3891.5 X141.632 Y146.083 E911.50793
G1 X141.061 Y146.462 E911.53073
G1 X140.8 Y146.759 E911.54388
G1 X140.603 Y147.266 E911.56197
G1 X140.601 Y148.655 E911.60817
G1 X140.646 Y148.858 E911.61508
G1 X140.844 Y149.297 E911.6311
G1 X141.268 Y149.702 E911.6506
G1 X141.649 Y149.929 E911.66535
G1 X142 Y149.7 E911.67929
G1 F2400 E911.17929
G0 F15000 X142.355 Y150.5
G0 X141.638 Y150.923
G0 X140.742 Y150.395
G0 X140.128 Y149.807
G0 X139.822 Y149.131
G0 X139.737 Y148.746
G0 X139.739 Y147.106
G0 X142.347 Y124.649
G0 X145.653 Y124.649
G0 X146.101 Y145.271
G0 X146.391 Y146.086
G1 F2400 E911.67929
G1 F3891.5 X146.785 Y146.336 E911.69481
G1 X147.147 Y146.69 E911.71165
G1 X147.355 Y147.143 E911.72823
G1 X147.399 Y147.345 E911.73511
G1 X147.397 Y148.735 E911.78134
G1 X147.204 Y149.232 E911.79907
G1 X146.921 Y149.556 E911.81338
G1 X146.369 Y149.918 E911.83534
G1 X146.2 Y149.834 E911.84161
G1 X146.2 Y149.792 E911.84301
G1 X146 Y149.687 E911.85052
G1 X146 Y146.23 E911.9655
G1 X146.391 Y146.086 E911.97936
G1 F2400 E911.47936
G0 F15000 X146.854 Y145.356
G0 X153.551 Y145.105
G0 X154.352 Y145.457
G0 X154 Y146.247
G1 F2400 E911.97936
G1 F3891.5 X153.632 Y146.083 E911.99276
G1 X153.061 Y146.462 E912.01556
G1 X152.8 Y146.759 E912.02871
G1 X152.603 Y147.266 E912.0468
G1 X152.601 Y148.655 E912.093
G1 X152.645 Y148.856 E912.09984
G1 X152.896 Y149.401 E912.1198
G1 X153.579 Y149.97 E912.14936
G1 X154 Y149.869 E912.16376
G1 F2400 E911.66376
G0 F15000 X154.348 Y150.717
G0 X153.36 Y150.907
G0 X152.194 Y149.94
G0 X151.822 Y149.135
G0 X151.737 Y148.746
G0 X151.739 Y147.106
G0 X154.347 Y124.649
G0 X157.653 Y124.649
G0 X158.101 Y145.271
G0 X158.391 Y146.086
G1 F2400 E912.16376
G1 F3891.5 X158.785 Y146.336 E912.17928
G1 X159.147 Y146.69 E912.19612
G1 X159.355 Y147.143 E912.2127
G1 X159.399 Y147.345 E912.21958
G1 X159.397 Y148.731 E912.26568
G1 X159.204 Y149.23 E912.28347
G1 X158.929 Y149.551 E912.29753
G1 X158.409 Y149.976 E912.31987
G1 X158.245 Y149.934 E912.3255
G1 X158.119 Y149.953 E912.32974
G1 X158.1 Y149.906 E912.33142
G1 X158 Y149.902 E912.33475
G1 X158 Y146.23 E912.45688
G1 X158.391 Y146.086 E912.47074
G1 F2400 E911.97074
G0 F15000 X158.854 Y145.356
G0 X159.324 Y145.655
G0 X159.865 Y146.184
G0 X160.178 Y146.866
G0 X160.263 Y147.254
G0 X160.261 Y148.582
G0 X158.552 Y166.811
G0 X158.356 Y167.654
G1 F2400 E912.47074
G1 F3891.5 X158.484 Y167.684 E912.47511
G1 X158.993 Y167.988 E912.49483
G1 X159.48 Y168.46 E912.51739
G1 X159.736 Y169.019 E912.53784
G1 X159.799 Y169.29 E912.54709
G1 X159.796 Y170.796 E912.59718
G1 X159.551 Y171.437 E912.62001
G1 X159.186 Y171.859 E912.63856
G1 X158.524 Y172.293 E912.66489
G1 X158.336 Y172.333 E912.67129
G1 X158.2 Y172.264 E912.67636
G1 X158.2 Y172.229 E912.67752
G1 X158 Y172.051 E912.68643
G1 X158 Y167.861 E912.82579
G1 X158.2 Y167.773 E912.83305
G1 X158.2 Y167.714 E912.83502
G1 X158.356 Y167.654 E912.84058
G1 F2400 E912.34058
G0 F15000 X158.042 Y166.849
G0 X158.294 Y166.753
G0 X158.812 Y166.872
G0 X159.522 Y167.297
G0 X160.197 Y167.952
G0 X160.557 Y168.739
G0 X160.663 Y169.192
G0 X160.66 Y170.956
G0 X160.304 Y171.887
G0 X157.653 Y175.653
G0 X154.347 Y175.653
G0 X151.807 Y172.055
G0 X151.435 Y171.251
G0 X151.337 Y170.804
G0 X151.34 Y169.043
G0 X151.709 Y168.078
G0 X152.219 Y167.504
G0 X153.139 Y166.891
G0 X153.695 Y166.779
G0 X154.354 Y167.046
G0 X154 Y167.878
G1 F2400 E912.84058
G1 F3891.5 X153.864 Y167.755 E912.84667
G1 X153.661 Y167.666 E912.85405
G1 X153.477 Y167.703 E912.86029
G1 X152.791 Y168.161 E912.88772
G1 X152.46 Y168.533 E912.90428
G1 X152.204 Y169.203 E912.92814
G1 X152.201 Y170.713 E912.97836
G1 X152.258 Y170.97 E912.98712
G1 X152.524 Y171.546 E913.00822
G1 X153.009 Y172.014 E913.03064
G1 X153.516 Y172.316 E913.05027
G1 X153.644 Y172.346 E913.05464
G1 X153.8 Y172.286 E913.0602
G1 X153.8 Y172.205 E913.06289
G1 X154 Y172.026 E913.07182
G1 F2400 E912.57182
G0 F15000 X146.356 Y167.654
G1 F2400 E913.07182
G1 F3891.5 X146.484 Y167.684 E913.07619
G1 X146.993 Y167.988 E913.09591
G1 X147.48 Y168.46 E913.11847
G1 X147.736 Y169.019 E913.13892
G1 X147.799 Y169.29 E913.14817
G1 X147.796 Y170.796 E913.19826
G1 X147.551 Y171.437 E913.22108
G1 X147.186 Y171.859 E913.23964
G1 X146.524 Y172.293 E913.26597
G1 X146.336 Y172.333 E913.27236
G1 X146.2 Y172.264 E913.27743
G1 X146.2 Y172.229 E913.2786
G1 X146 Y172.051 E913.2875
G1 X146 Y167.861 E913.42686
G1 X146.2 Y167.773 E913.43413
G1 X146.2 Y167.714 E913.43609
G1 X146.356 Y167.654 E913.44165
G1 F2400 E912.94165
G0 F15000 X146.042 Y166.849
G0 X146.294 Y166.753
G0 X146.812 Y166.872
G0 X147.522 Y167.297
G0 X148.197 Y167.952
G0 X148.557 Y168.739
G0 X148.663 Y169.192
G0 X148.66 Y170.956
G0 X148.304 Y171.887
G0 X145.653 Y175.653
G0 X142.347 Y175.653
G0 X139.807 Y172.055
G0 X139.435 Y171.251
G0 X139.337 Y170.804
G0 X139.34 Y169.043
G0 X139.709 Y168.078
G0 X140.219 Y167.504
G0 X141.139 Y166.891
G0 X141.695 Y166.779
G0 X142.354 Y167.046
G0 X142 Y167.878
G1 F2400 E913.44165
G1 F3891.5 X141.864 Y167.755 E913.44775
G1 X141.661 Y167.666 E913.45512
G1 X141.477 Y167.703 E913.46137
G1 X140.791 Y168.161 E913.4888
G1 X140.46 Y168.533 E913.50536
G1 X140.204 Y169.203 E913.52922
G1 X140.201 Y170.713 E913.57944
G1 X140.258 Y170.97 E913.5882
G1 X140.524 Y171.546 E913.6093
G1 X141.009 Y172.014 E913.63172
G1 X141.516 Y172.316 E913.65134
G1 X141.644 Y172.346 E913.65572
G1 X141.8 Y172.286 E913.66127
G1 X141.8 Y172.205 E913.66397
G1 X142 Y172.026 E913.6729
G1 F2400 E913.1729
;MESH:Limiter bracket.stl
G0 F15000 X143.43 Y172.026
G0 X144.4 Y174.4
;TYPE:WALL-INNER
G1 F2400 E913.6729
G1 F3891.5 X144.4 Y125.9 E915.28601
G1 X143.6 Y125.9 E915.31262
G1 X143.6 Y174.4 E916.92574
G1 X144.4 Y174.4 E916.95235
G0 F15000 X144.8 Y174.8
;TYPE:WALL-OUTER
G1 F3891.5 X144.8 Y125.5 E918.59207
G1 X143.2 Y125.5 E918.64529
G1 X143.2 Y174.8 E920.28501
G1 X144.8 Y174.8 E920.33823
G0 F15000 X144.52 Y174.52
G0 X144.228 Y154.172
G0 X143.91 Y154.1
G0 X143.68 Y154.182
;TYPE:FILL
G1 F3891.5 X144.319 Y154.01 E920.36024
G0 F15000 X144.09 Y154.01
G0 X144.09 Y152.234
G0 X144.32 Y152.234
G1 F3891.5 X143.68 Y151.594 E920.39034
G0 F15000 X143.91 Y151.594
G0 X143.772 Y149.429
G0 X143.772 Y146.572
G0 X143.91 Y145.899
G0 X143.68 Y145.899
G1 F3891.5 X144.32 Y145.728 E920.41237
G0 F15000 X144.09 Y145.728
G0 X144.09 Y140.921
G0 X144.32 Y140.921
G1 F3891.5 X143.68 Y140.28 E920.4425
G0 F15000 X143.91 Y140.28
G0 X143.91 Y137.617
G0 X143.681 Y137.617
G1 F3891.5 X144.32 Y137.446 E920.4645
G0 F15000 X144.09 Y137.446
G0 X143.91 Y133.385
G0 X143.68 Y133.385
G1 F3891.5 X144.32 Y130.997 E920.54673
G0 F15000 X144.09 Y130.997
G0 X144.09 Y129.607
G0 X144.32 Y129.607
G1 F3891.5 X143.68 Y128.966 E920.57686
G0 F15000 X143.681 Y129.335
G1 F3891.5 X144.32 Y129.163 E920.59887
G0 F15000 X144.09 Y129.163
G0 X144 Y127.002
G0 X144 Y126.3
;TYPE:SKIN
G1 F3242.9 X144 Y126.7 E920.61483
G0 F15000 X144 Y127.002
G0 X144.228 Y146.571
G0 X144.228 Y149.428
G0 X144 Y149.198
G1 F3242.9 X144 Y146.798 E920.71062
G0 F15000 X144 Y146.499
G0 X143.7 Y174
G0 X144 Y174
G1 F3242.9 X144 Y154.4 E921.4929
G1 F2400 E920.9929
G0 F15000 X144 Y154.1
G0 X144.57 Y174.4
G0 X145.665 Y174.4
G0 X154.335 Y174.4
G0 X155.6 Y174.4
;TYPE:WALL-INNER
G1 F2400 E921.4929
G1 F3891.5 X156.4 Y174.4 E921.51951
G1 X156.4 Y125.9 E923.13262
G1 X155.6 Y125.9 E923.15923
G1 X155.6 Y174.4 E924.77235
G0 F15000 X155.2 Y174.8
;TYPE:WALL-OUTER
G1 F3891.5 X156.8 Y174.8 E924.82556
G1 X156.8 Y125.5 E926.46529
G1 X155.2 Y125.5 E926.51851
G1 X155.2 Y174.8 E928.15823
G0 F15000 X155.48 Y174.52
G0 X155.772 Y154.172
G0 X156.09 Y152.92
G0 X156.32 Y152.92
;TYPE:FILL
G1 F3891.5 X155.68 Y152.28 E928.18833
G0 F15000 X155.91 Y152.28
G0 X155.91 Y150.966
G0 X155.681 Y150.966
G1 F3891.5 X156.32 Y150.795 E928.21033
G0 F15000 X155.68 Y150.42
G1 F3891.5 X155.985 Y149.281 E928.24955
G0 F15000 X155.985 Y149.501
G0 X155.772 Y147.114
G0 X155.91 Y142.684
G0 X155.681 Y142.684
G1 F3891.5 X156.319 Y142.513 E928.27152
G0 F15000 X156.32 Y141.607
G1 F3891.5 X155.679 Y140.966 E928.30167
G0 F15000 X155.91 Y140.966
G0 X155.91 Y134.402
G0 X155.68 Y134.402
G1 F3891.5 X156.32 Y134.23 E928.32371
G0 F15000 X156.09 Y134.23
G0 X156.09 Y130.293
G0 X156.32 Y130.293
G1 F3891.5 X155.679 Y129.652 E928.35387
G0 F15000 X155.91 Y129.652
G0 X156 Y127.002
G0 X156 Y126.3
;TYPE:SKIN
G1 F3242.9 X156 Y126.7 E928.36983
G0 F15000 X156 Y127.002
G0 X156.228 Y146.571
G0 X156.228 Y149.429
G0 X156 Y149.2
G1 F3242.9 X156 Y146.796 E928.46578
G0 F15000 X156 Y146.499
G0 X155.7 Y174
G0 X156 Y174
G1 F3242.9 X156 Y154.4 E929.24806
G1 F2400 E928.74806
;MESH:NONMESH
G0 F300 X156 Y154.4 Z3.6
G0 F15000 X156 Y154.1
G0 X155.43 Y146.247
G0 X154.354 Y145.478
G0 X153.551 Y145.105
G0 X146.496 Y145.134
G0 X145.653 Y124.649
G0 X142.347 Y124.649
G0 X142.354 Y145.478
G0 X142 Y146.247
;TIME_ELAPSED:1127.339193
;LAYER:17
;note -- min layer time used
;TYPE:SUPPORT
G1 F2400 E929.24806
G1 F3904 X141.632 Y146.083 E929.26146
G1 X141.061 Y146.462 E929.28425
G1 X140.8 Y146.759 E929.2974
G1 X140.603 Y147.266 E929.31549
G1 X140.601 Y148.655 E929.36169
G1 X140.646 Y148.858 E929.36861
G1 X140.844 Y149.297 E929.38463
G1 X141.268 Y149.702 E929.40413
G1 X141.649 Y149.929 E929.41888
G1 X142 Y149.7 E929.43282
G1 F2400 E928.93282
G0 F15000 X142.355 Y150.5
G0 X141.638 Y150.923
G0 X140.742 Y150.395
G0 X140.128 Y149.807
G0 X139.822 Y149.131
G0 X139.737 Y148.746
G0 X139.739 Y147.106
G0 X142.347 Y124.849
G0 X145.653 Y124.849
G0 X146.101 Y145.271
G0 X146.391 Y146.086
G1 F2400 E929.43282
G1 F3904 X146.785 Y146.336 E929.44834
G1 X147.147 Y146.69 E929.46518
G1 X147.355 Y147.143 E929.48176
G1 X147.399 Y147.345 E929.48863
G1 X147.397 Y148.735 E929.53486
G1 X147.204 Y149.232 E929.5526
G1 X146.921 Y149.556 E929.56691
G1 X146.369 Y149.918 E929.58886
G1 X146.2 Y149.834 E929.59514
G1 X146.2 Y149.792 E929.59653
G1 X146 Y149.687 E929.60405
G1 X146 Y146.23 E929.71903
G1 X146.391 Y146.086 E929.73289
G1 F2400 E929.23289
G0 F15000 X146.854 Y145.356
G0 X153.551 Y145.105
G0 X154.352 Y145.457
G0 X154 Y146.247
G1 F2400 E929.73289
G1 F3904 X153.632 Y146.083 E929.74629
G1 X153.061 Y146.462 E929.76908
G1 X152.8 Y146.759 E929.78223
G1 X152.603 Y147.266 E929.80032
G1 X152.601 Y148.655 E929.84652
G1 X152.645 Y148.856 E929.85336
G1 X152.896 Y149.401 E929.87332
G1 X153.579 Y149.97 E929.90289
G1 X154 Y149.869 E929.91729
G1 F2400 E929.41729
G0 F15000 X154.348 Y150.717
G0 X153.36 Y150.907
G0 X152.194 Y149.94
G0 X151.822 Y149.135
G0 X151.737 Y148.746
G0 X151.739 Y147.106
G0 X154.347 Y124.849
G0 X157.653 Y124.849
G0 X158.101 Y145.271
G0 X158.391 Y146.086
G1 F2400 E929.91729
G1 F3904 X158.785 Y146.336 E929.93281
G1 X159.147 Y146.69 E929.94965
G1 X159.355 Y147.143 E929.96623
G1 X159.399 Y147.345 E929.9731
G1 X159.397 Y148.731 E930.0192
G1 X159.204 Y149.23 E930.037
G1 X158.929 Y149.551 E930.05106
G1 X158.409 Y149.976 E930.07339
G1 X158.245 Y149.934 E930.07902
G1 X158.119 Y149.953 E930.08326
G1 X158.1 Y149.906 E930.08495
G1 X158 Y149.902 E930.08828
G1 X158 Y146.23 E930.21041
G1 X158.391 Y146.086 E930.22427
G1 F2400 E929.72427
G0 F15000 X158.854 Y145.356
G0 X159.324 Y145.655
G0 X159.865 Y146.184
G0 X160.178 Y146.866
G0 X160.263 Y147.254
G0 X160.261 Y148.582
G0 X158.552 Y166.811
G0 X158.356 Y167.654
G1 F2400 E930.22427
G1 F3904 X158.484 Y167.684 E930.22864
G1 X158.993 Y167.988 E930.24836
G1 X159.48 Y168.46 E930.27091
G1 X159.736 Y169.019 E930.29136
G1 X159.799 Y169.29 E930.30062
G1 X159.796 Y170.796 E930.35071
G1 X159.551 Y171.437 E930.37353
G1 X159.186 Y171.859 E930.39209
G1 X158.524 Y172.293 E930.41842
G1 X158.336 Y172.333 E930.42481
G1 X158.2 Y172.264 E930.42988
G1 X158.2 Y172.229 E930.43105
G1 X158 Y172.049 E930.44
G1 X158 Y167.861 E930.57929
G1 X158.2 Y167.773 E930.58656
G1 X158.2 Y167.714 E930.58852
G1 X158.356 Y167.654 E930.59408
G1 F2400 E930.09408
G0 F15000 X158.042 Y166.849
G0 X158.294 Y166.753
G0 X158.812 Y166.872
G0 X159.522 Y167.297
G0 X160.197 Y167.952
G0 X160.557 Y168.739
G0 X160.663 Y169.192
G0 X160.66 Y170.956
G0 X160.304 Y171.887
G0 X157.653 Y175.653
G0 X154.347 Y175.653
G0 X151.807 Y172.055
G0 X151.435 Y171.251
G0 X151.337 Y170.804
G0 X151.34 Y169.043
G0 X151.709 Y168.078
G0 X152.219 Y167.504
G0 X153.139 Y166.891
G0 X153.695 Y166.779
G0 X154.354 Y167.046
G0 X154 Y167.878
G1 F2400 E930.59408
G1 F3904 X153.864 Y167.755 E930.60018
G1 X153.661 Y167.666 E930.60755
G1 X153.477 Y167.703 E930.61379
G1 X152.791 Y168.161 E930.64123
G1 X152.46 Y168.533 E930.65779
G1 X152.204 Y169.203 E930.68164
G1 X152.201 Y170.713 E930.73187
G1 X152.258 Y170.97 E930.74062
G1 X152.524 Y171.546 E930.76172
G1 X153.009 Y172.014 E930.78414
G1 X153.516 Y172.316 E930.80377
G1 X153.644 Y172.346 E930.80814
G1 X153.8 Y172.286 E930.8137
G1 X153.8 Y172.205 E930.81639
G1 X154 Y172.026 E930.82532
G1 F2400 E930.32532
G0 F15000 X146.356 Y167.654
G1 F2400 E930.82532
G1 F3904 X146.484 Y167.684 E930.82969
G1 X146.993 Y167.988 E930.84941
G1 X147.48 Y168.46 E930.87197
G1 X147.736 Y169.019 E930.89242
G1 X147.799 Y169.29 E930.90167
G1 X147.796 Y170.796 E930.95176
G1 X147.551 Y171.437 E930.97459
G1 X147.186 Y171.859 E930.99314
G1 X146.524 Y172.293 E931.01947
G1 X146.336 Y172.333 E931.02587
G1 X146.2 Y172.264 E931.03094
G1 X146.2 Y172.229 E931.0321
G1 X146 Y172.049 E931.04105
G1 X146 Y167.861 E931.18034
G1 X146.2 Y167.773 E931.18761
G1 X146.2 Y167.714 E931.18957
G1 X146.356 Y167.654 E931.19513
G1 F2400 E930.69513
G0 F15000 X146.042 Y166.849
G0 X146.294 Y166.753
G0 X146.812 Y166.872
G0 X147.522 Y167.297
G0 X148.197 Y167.952
G0 X148.557 Y168.739
G0 X148.663 Y169.192
G0 X148.66 Y170.956
G0 X148.304 Y171.887
G0 X145.653 Y175.653
G0 X142.347 Y175.653
G0 X139.807 Y172.055
G0 X139.435 Y171.251
G0 X139.337 Y170.804
G0 X139.34 Y169.043
G0 X139.709 Y168.078
G0 X140.219 Y167.504
G0 X141.139 Y166.891
G0 X141.695 Y166.779
G0 X142.354 Y167.046
G0 X142 Y167.878
G1 F2400 E931.19513
G1 F3904 X141.864 Y167.755 E931.20123
G1 X141.661 Y167.666 E931.2086
G1 X141.477 Y167.703 E931.21485
G1 X140.791 Y168.161 E931.24228
G1 X140.46 Y168.533 E931.25884
G1 X140.204 Y169.203 E931.2827
G1 X140.201 Y170.713 E931.33292
G1 X140.258 Y170.97 E931.34168
G1 X140.524 Y171.546 E931.36278
G1 X141.009 Y172.014 E931.3852
G1 X141.516 Y172.316 E931.40482
G1 X141.644 Y172.346 E931.4092
G1 X141.8 Y172.286 E931.41476
G1 X141.8 Y172.205 E931.41745
G1 X142 Y172.026 E931.42638
G1 F2400 E930.92638
;MESH:Limiter bracket.stl
G0 F15000 X143.43 Y172.026
G0 X144.4 Y174.4
;TYPE:WALL-INNER
G1 F2400 E931.42638
G1 F3904 X144.4 Y126.1 E933.03284
G1 X143.6 Y126.1 E933.05945
G1 X143.6 Y174.4 E934.66591
G1 X144.4 Y174.4 E934.69252
G0 F15000 X144.8 Y174.8
;TYPE:WALL-OUTER
G1 F3904 X144.8 Y125.7 E936.32559
G1 X143.2 Y125.7 E936.37881
G1 X143.2 Y174.8 E938.01188
G1 X144.8 Y174.8 E938.0651
G0 F15000 X144.52 Y174.52
G0 X144.228 Y154.172
G0 X143.91 Y154.1
G0 X143.707 Y154.32
;TYPE:FILL
G1 F3904 X144.319 Y154.156 E938.08617
G0 F15000 X144.09 Y154.156
G0 X144.09 Y152.035
G0 X144.32 Y152.035
G1 F3904 X143.68 Y151.394 E938.1163
G0 F15000 X143.91 Y151.394
G0 X143.772 Y149.873
G0 X143.772 Y146.127
G0 X143.68 Y146.045
G1 F3904 X144.32 Y145.874 E938.13833
G0 F15000 X144.09 Y145.874
G0 X144.09 Y140.721
G0 X144.32 Y140.721
G1 F3904 X143.68 Y140.081 E938.16844
G0 F15000 X143.91 Y140.081
G0 X143.91 Y137.763
G0 X143.68 Y137.763
G1 F3904 X144.32 Y137.592 E938.19047
G0 F15000 X144.09 Y137.592
G0 X143.91 Y132.84
G0 X143.68 Y132.84
G1 F3904 X144.32 Y130.452 E938.2727
G0 F15000 X144.09 Y130.452
G0 X144.09 Y129.408
G0 X144.32 Y129.408
G1 F3904 X143.68 Y128.767 E938.30283
G0 F15000 X143.681 Y129.481
G1 F3904 X144.319 Y129.31 E938.32479
G0 F15000 X144.09 Y129.31
G0 X144 Y127.202
G0 X144 Y126.5
;TYPE:SKIN
G1 F3253.3 X144 Y126.9 E938.34076
G0 F15000 X144 Y127.202
G0 X144.228 Y146.127
G0 X144.228 Y149.872
G0 X144 Y149.642
G1 F3253.3 X144 Y146.352 E938.47207
G0 F15000 X144 Y146.055
G0 X143.7 Y174
G0 X144 Y174
G1 F3253.3 X144 Y154.4 E939.25435
G1 F2400 E938.75435
G0 F15000 X144 Y154.1
G0 X144.57 Y174.4
G0 X145.665 Y174.4
G0 X154.335 Y174.4
G0 X155.6 Y174.4
;TYPE:WALL-INNER
G1 F2400 E939.25435
G1 F3904 X156.4 Y174.4 E939.28096
G1 X156.4 Y126.1 E940.88742
G1 X155.6 Y126.1 E940.91403
G1 X155.6 Y174.4 E942.52049
G0 F15000 X155.2 Y174.8
;TYPE:WALL-OUTER
G1 F3904 X156.8 Y174.8 E942.57371
G1 X156.8 Y125.7 E944.20678
G1 X155.2 Y125.7 E944.26
G1 X155.2 Y174.8 E945.89307
G0 F15000 X155.48 Y174.52
G0 X155.772 Y154.172
G0 X156.09 Y152.721
G0 X156.32 Y152.721
;TYPE:FILL
G1 F3904 X155.68 Y152.081 E945.92318
G0 F15000 X155.68 Y151.112
G1 F3904 X156.32 Y150.941 E945.94521
G0 F15000 X156.09 Y150.941
G0 X155.91 Y149.875
G0 X155.68 Y149.875
G1 F3904 X155.721 Y149.724 E945.95041
G0 F15000 X155.91 Y149.945
G0 X155.772 Y146.839
G0 X155.91 Y142.83
G0 X155.681 Y142.83
G1 F3904 X156.319 Y142.659 E945.97238
G0 F15000 X156.09 Y142.659
G0 X156.09 Y141.407
G0 X156.32 Y141.407
G1 F3904 X155.679 Y140.767 E946.00251
G0 F15000 X155.91 Y140.767
G0 X155.91 Y134.547
G0 X155.681 Y134.547
G1 F3904 X156.32 Y134.376 E946.02451
G0 F15000 X156.09 Y134.376
G0 X156.09 Y130.094
G0 X156.32 Y130.094
G1 F3904 X155.679 Y129.453 E946.05466
G0 F15000 X155.91 Y129.453
G0 X156 Y127.202
G0 X156 Y126.5
;TYPE:SKIN
G1 F3253.3 X156 Y126.9 E946.07063
G0 F15000 X156 Y127.202
G0 X156.228 Y146.127
G0 X156.228 Y149.873
G0 X156 Y149.644
G1 F3253.3 X156 Y146.352 E946.20202
G0 F15000 X156 Y146.055
G0 X155.7 Y174
G0 X156 Y174
G1 F3253.3 X156 Y154.4 E946.98429
G1 F2400 E946.48429
;MESH:NONMESH
G0 F300 X156 Y154.4 Z3.8
G0 F15000 X156 Y154.1
G0 X155.43 Y146.399
G0 X154.354 Y145.478
G0 X153.551 Y145.105
G0 X146.496 Y145.134
G0 X145.653 Y124.849
G0 X142.347 Y124.849
G0 X142.354 Y145.478
G0 X142 Y146.399
;TIME_ELAPSED:1153.994100
;LAYER:18
;note -- min layer time used
;TYPE:SUPPORT
G1 F2400 E946.98429
G1 F3855.5 X141.804 Y146.407 E946.99082
G1 X141.643 Y146.32 E946.99691
G1 X141.195 Y146.613 E947.01471
G1 X140.975 Y146.861 E947.02574
G1 X140.803 Y147.306 E947.0416
G1 X140.801 Y148.717 E947.08853
G1 X141.012 Y149.184 E947.10558
G1 X141.373 Y149.533 E947.12228
G1 X141.649 Y149.697 E947.13296
G1 X141.854 Y149.579 E947.14082
G1 X142 Y149.544 E947.14582
G1 F2400 E946.64582
G0 F15000 X142.351 Y150.334
G0 X141.642 Y150.691
G0 X140.844 Y150.224
G0 X140.294 Y149.69
G0 X140.004 Y149.051
G0 X139.937 Y148.749
G0 X139.939 Y147.143
G0 X142.347 Y125.049
G0 X145.653 Y125.049
G0 X145.96 Y145.531
G0 X146.354 Y146.299
G1 F2400 E947.14582
G1 F3855.5 X146.647 Y146.48 E947.15727
G1 X146.979 Y146.806 E947.17275
G1 X147.199 Y147.283 E947.19022
G1 X147.197 Y148.697 E947.23725
G1 X147.029 Y149.13 E947.2527
G1 X146.791 Y149.4 E947.26467
G1 X146.358 Y149.685 E947.28191
G1 X146 Y149.536 E947.29481
G1 X146 Y146.396 E947.39924
G1 X146.171 Y146.401 E947.40493
G1 X146.354 Y146.299 E947.4119
G1 F2400 E946.9119
G0 F15000 X146.809 Y145.563
G0 X153.602 Y145.321
G0 X154.007 Y145.536
G0 X154 Y146.399
G1 F2400 E947.4119
G1 F3855.5 X153.804 Y146.407 E947.41843
G1 X153.643 Y146.32 E947.42451
G1 X153.195 Y146.613 E947.44232
G1 X152.975 Y146.861 E947.45334
G1 X152.803 Y147.306 E947.46921
G1 X152.801 Y148.716 E947.51611
G1 X153.059 Y149.276 E947.53662
G1 X153.627 Y149.75 E947.56122
G1 X153.746 Y149.694 E947.5656
G1 X154 Y149.738 E947.57417
G1 F2400 E947.07417
G0 F15000 X153.867 Y150.59
G0 X153.497 Y150.759
G0 X152.357 Y149.815
G0 X152.004 Y149.052
G0 X151.937 Y148.746
G0 X151.939 Y147.143
G0 X154.347 Y125.049
G0 X157.653 Y125.049
G0 X157.96 Y145.531
G0 X158.354 Y146.299
G1 F2400 E947.57417
G1 F3855.5 X158.647 Y146.481 E947.58564
G1 X158.98 Y146.805 E947.6011
G1 X159.199 Y147.283 E947.61858
G1 X159.197 Y148.697 E947.66561
G1 X159.032 Y149.122 E947.68078
G1 X158.8 Y149.398 E947.69277
G1 X158.371 Y149.748 E947.71118
G1 X158.278 Y149.704 E947.7146
G1 X158 Y149.767 E947.72409
G1 X158 Y146.396 E947.83621
G1 X158.171 Y146.401 E947.8419
G1 X158.354 Y146.299 E947.84886
G1 F2400 E947.34886
G0 F15000 X158.809 Y145.563
G0 X159.184 Y145.797
G0 X159.698 Y146.299
G0 X159.996 Y146.95
G0 X160.063 Y147.255
G0 X160.061 Y148.554
G0 X158.552 Y166.811
G0 X158.356 Y167.654
G1 F2400 E947.84886
G1 F3855.5 X158.484 Y167.684 E947.85324
G1 X158.993 Y167.988 E947.87296
G1 X159.48 Y168.46 E947.89551
G1 X159.736 Y169.019 E947.91596
G1 X159.799 Y169.29 E947.92522
G1 X159.796 Y170.796 E947.97531
G1 X159.551 Y171.437 E947.99813
G1 X159.186 Y171.859 E948.01669
G1 X158.524 Y172.293 E948.04301
G1 X158.336 Y172.333 E948.04941
G1 X158.2 Y172.264 E948.05448
G1 X158.2 Y172.228 E948.05568
G1 X158 Y172.048 E948.06463
G1 X158 Y167.861 E948.20389
G1 X158.2 Y167.773 E948.21115
G1 X158.2 Y167.714 E948.21312
G1 X158.356 Y167.654 E948.21868
G1 F2400 E947.71868
G0 F15000 X158.042 Y166.849
G0 X158.294 Y166.753
G0 X158.812 Y166.872
G0 X159.522 Y167.297
G0 X160.197 Y167.952
G0 X160.557 Y168.739
G0 X160.663 Y169.192
G0 X160.66 Y170.956
G0 X160.304 Y171.887
G0 X157.653 Y175.653
G0 X154.347 Y175.653
G0 X151.807 Y172.055
G0 X151.435 Y171.251
G0 X151.337 Y170.804
G0 X151.34 Y169.043
G0 X151.709 Y168.078
G0 X152.219 Y167.504
G0 X153.139 Y166.891
G0 X153.695 Y166.779
G0 X154.354 Y167.046
G0 X154 Y167.878
G1 F2400 E948.21868
G1 F3855.5 X153.864 Y167.755 E948.22477
G1 X153.661 Y167.666 E948.23215
G1 X153.477 Y167.703 E948.23839
G1 X152.791 Y168.161 E948.26582
G1 X152.46 Y168.533 E948.28239
G1 X152.204 Y169.203 E948.30624
G1 X152.201 Y170.713 E948.35646
G1 X152.258 Y170.97 E948.36522
G1 X152.524 Y171.546 E948.38632
G1 X153.009 Y172.014 E948.40874
G1 X153.516 Y172.316 E948.42837
G1 X153.644 Y172.346 E948.43274
G1 X153.8 Y172.286 E948.4383
G1 X153.8 Y172.203 E948.44106
G1 X154 Y172.025 E948.44996
G1 F2400 E947.94996
G0 F15000 X146.356 Y167.654
G1 F2400 E948.44996
G1 F3855.5 X146.484 Y167.684 E948.45434
G1 X146.993 Y167.988 E948.47405
G1 X147.48 Y168.46 E948.49661
G1 X147.736 Y169.019 E948.51706
G1 X147.799 Y169.29 E948.52632
G1 X147.796 Y170.796 E948.5764
G1 X147.551 Y171.437 E948.59923
G1 X147.186 Y171.859 E948.61779
G1 X146.524 Y172.293 E948.64411
G1 X146.336 Y172.333 E948.65051
G1 X146.2 Y172.264 E948.65558
G1 X146.2 Y172.228 E948.65678
G1 X146 Y172.048 E948.66573
G1 X146 Y167.861 E948.80499
G1 X146.2 Y167.773 E948.81225
G1 X146.2 Y167.714 E948.81422
G1 X146.356 Y167.654 E948.81978
G1 F2400 E948.31978
G0 F15000 X146.042 Y166.849
G0 X146.294 Y166.753
G0 X146.812 Y166.872
G0 X147.522 Y167.297
G0 X148.197 Y167.952
G0 X148.557 Y168.739
G0 X148.663 Y169.192
G0 X148.66 Y170.956
G0 X148.304 Y171.887
G0 X145.653 Y175.653
G0 X142.347 Y175.653
G0 X139.807 Y172.055
G0 X139.435 Y171.251
G0 X139.337 Y170.804
G0 X139.34 Y169.043
G0 X139.709 Y168.078
G0 X140.219 Y167.504
G0 X141.139 Y166.891
G0 X141.695 Y166.779
G0 X142.354 Y167.046
G0 X142 Y167.878
G1 F2400 E948.81978
G1 F3855.5 X141.864 Y167.755 E948.82587
G1 X141.661 Y167.666 E948.83325
G1 X141.477 Y167.703 E948.83949
G1 X140.791 Y168.161 E948.86692
G1 X140.46 Y168.533 E948.88348
G1 X140.204 Y169.203 E948.90734
G1 X140.201 Y170.713 E948.95756
G1 X140.258 Y170.97 E948.96632
G1 X140.524 Y171.546 E948.98742
G1 X141.009 Y172.014 E949.00984
G1 X141.516 Y172.316 E949.02947
G1 X141.644 Y172.346 E949.03384
G1 X141.8 Y172.286 E949.0394
G1 X141.8 Y172.203 E949.04216
G1 X142 Y172.025 E949.05106
G1 F2400 E948.55106
;MESH:Limiter bracket.stl
G0 F15000 X143.43 Y172.025
G0 X144.4 Y174.4
;TYPE:WALL-INNER
G1 F2400 E949.05106
G1 F3855.5 X144.4 Y126.3 E950.65088
G1 X143.6 Y126.3 E950.67748
G1 X143.6 Y174.4 E952.2773
G1 X144.4 Y174.4 E952.3039
G0 F15000 X144.8 Y174.8
;TYPE:WALL-OUTER
G1 F3855.5 X144.8 Y125.9 E953.93032
G1 X143.2 Y125.9 E953.98354
G1 X143.2 Y174.8 E955.60996
G1 X144.8 Y174.8 E955.66318
G0 F15000 X144.52 Y174.52
G0 X144.228 Y154.172
G0 X144.09 Y151.834
G0 X144.32 Y151.834
;TYPE:FILL
G1 F3855.5 X143.68 Y151.194 E955.69328
G0 F15000 X143.91 Y151.194
G0 X143.772 Y150.146
G0 X143.772 Y146.283
G0 X144.09 Y140.521
G0 X144.32 Y140.521
G1 F3855.5 X143.68 Y139.88 E955.72341
G0 F15000 X143.91 Y139.88
G0 X143.91 Y137.91
G0 X143.681 Y137.91
G1 F3855.5 X144.319 Y137.739 E955.74538
G0 F15000 X144.09 Y137.739
G0 X143.91 Y132.293
G0 X143.68 Y132.293
G1 F3855.5 X144.32 Y129.903 E955.82767
G0 F15000 X144.319 Y129.457
G1 F3855.5 X143.68 Y129.628 E955.84967
G0 F15000 X144.32 Y129.207
G1 F3855.5 X143.68 Y128.566 E955.8798
G0 F15000 X143.91 Y128.566
G0 X144 Y127.402
G0 X144 Y126.7
;TYPE:SKIN
G1 F3212.9 X144 Y127.1 E955.89576
G0 F15000 X144 Y127.402
G0 X144.228 Y145.854
G0 X144.228 Y150.146
G0 X144 Y149.916
G1 F3212.9 X144 Y146.08 E956.04887
G0 F15000 X144 Y145.782
G0 X143.7 Y174
G0 X144 Y174
G1 F3212.9 X144 Y154.4 E956.83114
G1 F2400 E956.33114
G0 F15000 X144 Y154.1
G0 X144.57 Y174.4
G0 X145.665 Y174.4
G0 X154.335 Y174.4
G0 X155.6 Y174.4
;TYPE:WALL-INNER
G1 F2400 E956.83114
G1 F3855.5 X156.4 Y174.4 E956.85775
G1 X156.4 Y126.3 E958.45756
G1 X155.6 Y126.3 E958.48417
G1 X155.6 Y174.4 E960.08399
G0 F15000 X155.2 Y174.8
;TYPE:WALL-OUTER
G1 F3855.5 X156.8 Y174.8 E960.1372
G1 X156.8 Y125.9 E961.76362
G1 X155.2 Y125.9 E961.81684
G1 X155.2 Y174.8 E963.44326
G0 F15000 X155.48 Y174.52
G0 X155.772 Y154.172
G0 X156.09 Y152.52
G0 X156.32 Y152.52
;TYPE:FILL
G1 F3855.5 X155.68 Y151.88 E963.47336
G0 F15000 X155.68 Y151.259
G1 F3855.5 X156.32 Y151.088 E963.4954
G0 F15000 X156.09 Y151.088
G0 X156.228 Y150.145
G0 X156.228 Y145.854
G0 X155.91 Y142.977
G0 X155.681 Y142.977
G1 F3855.5 X156.319 Y142.806 E963.51736
G0 F15000 X156.09 Y142.806
G0 X156.09 Y141.206
G0 X156.32 Y141.206
G1 F3855.5 X155.68 Y140.566 E963.54747
G0 F15000 X155.91 Y140.566
G0 X155.91 Y134.695
G0 X155.68 Y134.695
G1 F3855.5 X156.319 Y134.524 E963.56947
G0 F15000 X156.09 Y134.524
G0 X156.09 Y129.893
G0 X156.32 Y129.893
G1 F3855.5 X155.68 Y129.253 E963.59957
G0 F15000 X155.91 Y129.253
G0 X156 Y127.402
G0 X156 Y126.7
;TYPE:SKIN
G1 F3212.9 X156 Y127.1 E963.61554
G0 F15000 X156 Y127.402
G0 X156.228 Y145.854
G0 X156.228 Y150.145
G0 X156 Y149.916
G1 F3212.9 X156 Y146.082 E963.76856
G0 F15000 X156 Y145.782
G0 X155.7 Y174
G0 X156 Y174
G1 F3212.9 X156 Y154.4 E964.55084
G1 F2400 E964.05084
;MESH:NONMESH
G0 F300 X156 Y154.4 Z4
G0 F15000 X156 Y154.1
G0 X155.43 Y146.416
G0 X154.347 Y145.531
G0 X145.653 Y125.049
G0 X142.347 Y125.049
G0 X142.347 Y145.531
G0 X142 Y146.416
;TIME_ELAPSED:1179.718323
;LAYER:19
;note -- min layer time used
;TYPE:SUPPORT
G1 F2400 E964.55084
G1 F3542.1 X141.852 Y146.428 E964.55578
G1 X141.644 Y146.319 E964.56359
G1 X141.194 Y146.614 E964.58149
G1 X140.974 Y146.863 E964.59254
G1 X140.803 Y147.304 E964.60827
G1 X140.801 Y148.716 E964.65523
G1 X141.013 Y149.184 E964.67232
G1 X141.369 Y149.531 E964.68885
G1 X141.648 Y149.696 E964.69964
G1 X142 Y149.541 E964.71243
G1 F2400 E964.21243
G0 F15000 X142.352 Y150.327
G0 X141.642 Y150.691
G0 X140.842 Y150.222
G0 X140.294 Y149.689
G0 X140.003 Y149.05
G0 X139.937 Y148.745
G0 X139.939 Y147.144
G0 X142.347 Y125.249
G0 X145.653 Y125.249
G0 X145.96 Y145.531
G0 X146.354 Y146.299
G1 F2400 E964.71243
G1 F3542.1 X146.645 Y146.48 E964.72383
G1 X146.979 Y146.806 E964.73935
G1 X147.199 Y147.283 E964.75682
G1 X147.197 Y148.697 E964.80385
G1 X147.029 Y149.13 E964.8193
G1 X146.791 Y149.4 E964.83127
G1 X146.358 Y149.685 E964.84851
G1 X146 Y149.527 E964.86153
G1 X146 Y146.4 E964.96553
G1 X146.175 Y146.399 E964.97135
G1 X146.354 Y146.299 E964.97817
G1 F2400 E964.47817
G0 F15000 X146.906 Y145.625
G0 X153.602 Y145.321
G0 X154.034 Y145.548
G0 X154 Y146.416
G1 F2400 E964.97817
G1 F3542.1 X153.852 Y146.428 E964.98311
G1 X153.644 Y146.319 E964.99092
G1 X153.194 Y146.614 E965.00882
G1 X152.974 Y146.863 E965.01987
G1 X152.803 Y147.304 E965.0356
G1 X152.801 Y148.718 E965.08263
G1 X153.059 Y149.276 E965.10308
G1 X153.627 Y149.75 E965.12768
G1 X153.825 Y149.657 E965.13496
G1 X154 Y149.704 E965.14098
G1 F2400 E964.64098
G0 F15000 X153.906 Y150.571
G0 X153.498 Y150.759
G0 X152.357 Y149.815
G0 X151.964 Y148.872
G0 X151.939 Y147.144
G0 X154.347 Y125.249
G0 X157.653 Y125.249
G0 X157.96 Y145.531
G0 X158.354 Y146.299
G1 F2400 E965.14098
G1 F3542.1 X158.645 Y146.48 E965.15238
G1 X158.979 Y146.806 E965.16791
G1 X159.199 Y147.284 E965.18541
G1 X159.197 Y148.696 E965.23237
G1 X159.032 Y149.122 E965.24757
G1 X158.801 Y149.397 E965.25951
G1 X158.371 Y149.748 E965.27797
G1 X158.278 Y149.704 E965.28139
G1 X158 Y149.767 E965.29087
G1 X158 Y146.4 E965.40286
G1 X158.175 Y146.399 E965.40868
G1 X158.354 Y146.299 E965.4155
G1 F2400 E964.9155
G0 F15000 X158.906 Y145.625
G0 X159.181 Y145.796
G0 X159.697 Y146.299
G0 X160.003 Y146.982
G0 X160.063 Y147.254
G0 X160.061 Y148.552
G0 X158.552 Y166.811
G0 X158.356 Y167.654
G1 F2400 E965.4155
G1 F3542.1 X158.484 Y167.684 E965.41987
G1 X158.993 Y167.988 E965.43959
G1 X159.48 Y168.46 E965.46215
G1 X159.736 Y169.019 E965.4826
G1 X159.799 Y169.29 E965.49185
G1 X159.796 Y170.796 E965.54194
G1 X159.551 Y171.437 E965.56477
G1 X159.186 Y171.859 E965.58333
G1 X158.524 Y172.293 E965.60965
G1 X158.336 Y172.333 E965.61605
G1 X158.2 Y172.264 E965.62112
G1 X158.2 Y172.228 E965.62232
G1 X158 Y172.048 E965.63127
G1 X158 Y167.861 E965.77053
G1 X158.2 Y167.773 E965.77779
G1 X158.2 Y167.714 E965.77976
G1 X158.356 Y167.654 E965.78531
G1 F2400 E965.28531
G0 F15000 X158.042 Y166.849
G0 X158.294 Y166.753
G0 X158.812 Y166.872
G0 X159.522 Y167.297
G0 X160.197 Y167.952
G0 X160.557 Y168.739
G0 X160.663 Y169.192
G0 X160.66 Y170.956
G0 X160.304 Y171.887
G0 X157.653 Y175.653
G0 X154.347 Y175.653
G0 X151.807 Y172.055
G0 X151.435 Y171.251
G0 X151.337 Y170.804
G0 X151.34 Y169.043
G0 X151.709 Y168.078
G0 X152.219 Y167.504
G0 X153.139 Y166.891
G0 X153.695 Y166.779
G0 X154.354 Y167.046
G0 X154 Y167.878
G1 F2400 E965.78531
G1 F3542.1 X153.864 Y167.755 E965.79141
G1 X153.661 Y167.666 E965.79879
G1 X153.477 Y167.703 E965.80503
G1 X152.791 Y168.161 E965.83246
G1 X152.46 Y168.533 E965.84902
G1 X152.204 Y169.203 E965.87288
G1 X152.201 Y170.713 E965.9231
G1 X152.258 Y170.97 E965.93186
G1 X152.524 Y171.546 E965.95296
G1 X153.009 Y172.014 E965.97538
G1 X153.516 Y172.316 E965.995
G1 X153.644 Y172.346 E965.99938
G1 X153.8 Y172.286 E966.00494
G1 X153.8 Y172.202 E966.00773
G1 X154 Y172.024 E966.01663
G1 F2400 E965.51663
G0 F15000 X146.356 Y167.654
G1 F2400 E966.01663
G1 F3542.1 X146.484 Y167.684 E966.02101
G1 X146.993 Y167.988 E966.04073
G1 X147.48 Y168.46 E966.06328
G1 X147.736 Y169.019 E966.08373
G1 X147.799 Y169.29 E966.09299
G1 X147.796 Y170.796 E966.14308
G1 X147.551 Y171.437 E966.1659
G1 X147.186 Y171.859 E966.18446
G1 X146.524 Y172.293 E966.21079
G1 X146.336 Y172.333 E966.21718
G1 X146.2 Y172.264 E966.22225
G1 X146.2 Y172.228 E966.22345
G1 X146 Y172.048 E966.2324
G1 X146 Y167.861 E966.37166
G1 X146.2 Y167.773 E966.37893
G1 X146.2 Y167.714 E966.38089
G1 X146.356 Y167.654 E966.38645
G1 F2400 E965.88645
G0 F15000 X146.042 Y166.849
G0 X146.294 Y166.753
G0 X146.812 Y166.872
G0 X147.522 Y167.297
G0 X148.197 Y167.952
G0 X148.557 Y168.739
G0 X148.663 Y169.192
G0 X148.66 Y170.956
G0 X148.304 Y171.887
G0 X145.653 Y175.653
G0 X142.347 Y175.653
G0 X139.807 Y172.055
G0 X139.435 Y171.251
G0 X139.337 Y170.804
G0 X139.34 Y169.043
G0 X139.709 Y168.078
G0 X140.219 Y167.504
G0 X141.139 Y166.891
G0 X141.695 Y166.779
G0 X142.354 Y167.046
G0 X142 Y167.878
G1 F2400 E966.38645
G1 F3542.1 X141.864 Y167.755 E966.39255
G1 X141.661 Y167.666 E966.39992
G1 X141.477 Y167.703 E966.40616
G1 X140.791 Y168.161 E966.43359
G1 X140.46 Y168.533 E966.45016
G1 X140.204 Y169.203 E966.47401
G1 X140.201 Y170.713 E966.52423
G1 X140.258 Y170.97 E966.53299
G1 X140.524 Y171.546 E966.55409
G1 X141.009 Y172.014 E966.57651
G1 X141.516 Y172.316 E966.59614
G1 X141.644 Y172.346 E966.60051
G1 X141.8 Y172.286 E966.60607
G1 X141.8 Y172.202 E966.60886
G1 X142 Y172.024 E966.61777
G1 F2400 E966.11777
;MESH:Limiter bracket.stl
G0 F15000 X143.43 Y172.024
G0 X144.09 Y174.12
G0 X144.4 Y174.4
;TYPE:WALL-INNER
G1 F2400 E966.61777
G1 F3542.1 X144.4 Y126.5 E968.21093
G1 X143.6 Y126.5 E968.23754
G1 X143.6 Y174.4 E969.8307
G1 X144.4 Y174.4 E969.8573
G0 F15000 X144.8 Y174.8
;TYPE:WALL-OUTER
G1 F3542.1 X144.8 Y126.1 E971.47707
G1 X143.2 Y126.1 E971.53029
G1 X143.2 Y174.8 E973.15006
G1 X144.8 Y174.8 E973.20327
G0 F15000 X144.32 Y174.262
;TYPE:FILL
G1 F3542.1 X143.68 Y173.622 E973.23338
G0 F15000 X143.91 Y173.622
G0 X143.91 Y171.185
G0 X143.681 Y171.185
G1 F3542.1 X144.319 Y171.014 E973.25535
G0 F15000 X144.09 Y171.014
G0 X144.09 Y162.949
G0 X144.32 Y162.949
G1 F3542.1 X143.68 Y162.308 E973.28547
G0 F15000 X143.68 Y162.657
G1 F3542.1 X144.32 Y160.268 E973.36773
G0 F15000 X144.09 Y160.268
G0 X144.09 Y162.731
G0 X144.32 Y162.731
G1 F3542.1 X143.68 Y162.903 E973.38978
G0 F15000 X143.91 Y162.903
G0 X143.91 Y154.62
G0 X143.68 Y154.62
G1 F3542.1 X144.319 Y154.449 E973.41178
G0 F15000 X144.09 Y154.449
G0 X144.09 Y151.635
G0 X144.32 Y151.635
G1 F3542.1 X143.68 Y150.994 E973.4419
G0 F15000 X143.91 Y150.994
G0 X143.772 Y150.354
G0 X143.772 Y146.118
G0 X144.09 Y140.321
G0 X144.32 Y140.321
G1 F3542.1 X143.68 Y139.68 E973.47203
G0 F15000 X143.91 Y139.68
G0 X143.91 Y138.056
G0 X143.68 Y138.056
G1 F3542.1 X144.32 Y137.885 E973.49406
G0 F15000 X144.09 Y137.885
G0 X143.91 Y131.746
G0 X143.68 Y131.746
G1 F3542.1 X144.32 Y129.361 E973.5762
G0 F15000 X144.32 Y129.602
G1 F3542.1 X143.681 Y129.774 E973.59821
G0 F15000 X144.32 Y129.007
G1 F3542.1 X143.68 Y128.367 E973.62831
G0 F15000 X143.91 Y128.367
G0 X144 Y127.602
G0 X144 Y126.9
;TYPE:SKIN
G1 F2951.7 X144 Y127.3 E973.64427
G0 F15000 X144 Y127.602
G0 X143.772 Y145.647
G0 X143.772 Y150.354
G0 X144 Y150.124
G1 F2951.7 X144 Y145.874 E973.8139
G1 F2400 E973.3139
G0 F15000 X144 Y145.574
G0 X144.57 Y174.12
G0 X145.665 Y174.12
G0 X154.335 Y174.12
G0 X155.43 Y174.12
G0 X155.91 Y174.12
G0 X155.6 Y174.4
;TYPE:WALL-INNER
G1 F2400 E973.8139
G1 F3542.1 X156.4 Y174.4 E973.84051
G1 X156.4 Y126.5 E975.43367
G1 X155.6 Y126.5 E975.46028
G1 X155.6 Y174.4 E977.05344
G0 F15000 X155.2 Y174.8
;TYPE:WALL-OUTER
G1 F3542.1 X156.8 Y174.8 E977.10665
G1 X156.8 Y126.1 E978.72642
G1 X155.2 Y126.1 E978.77964
G1 X155.2 Y174.8 E980.39941
G0 F15000 X155.48 Y174.52
G0 X155.91 Y167.969
G0 X155.68 Y167.969
;TYPE:FILL
G1 F3542.1 X156.319 Y167.798 E980.42141
G0 F15000 X156.09 Y167.798
G0 X156.09 Y163.634
G0 X156.32 Y163.634
G1 F3542.1 X155.68 Y162.994 E980.45151
G0 F15000 X155.91 Y162.994
G0 X155.91 Y159.687
G0 X155.681 Y159.687
G1 F3542.1 X156.319 Y159.516 E980.47348
G0 F15000 X156.09 Y159.516
G0 X156.09 Y152.321
G0 X156.32 Y152.321
G1 F3542.1 X155.68 Y151.681 E980.50359
G0 F15000 X155.68 Y151.405
G1 F3542.1 X156.319 Y151.234 E980.52559
G0 F15000 X156.09 Y151.234
G0 X156.228 Y150.354
G0 X156.228 Y145.646
G0 X155.91 Y143.123
G0 X155.681 Y143.123
G1 F3542.1 X156.319 Y142.952 E980.54756
G0 F15000 X156.09 Y142.952
G0 X156.09 Y141.007
G0 X156.32 Y141.007
G1 F3542.1 X155.68 Y140.367 E980.57766
G0 F15000 X155.91 Y140.367
G0 X155.91 Y134.841
G0 X155.68 Y134.841
G1 F3542.1 X156.319 Y134.669 E980.59967
G0 F15000 X156.09 Y134.669
G0 X156.09 Y129.693
G0 X156.32 Y129.693
G1 F3542.1 X155.68 Y129.053 E980.62977
G0 F15000 X155.91 Y129.053
G0 X156 Y127.602
G0 X156 Y126.9
;TYPE:SKIN
G1 F2951.7 X156 Y127.3 E980.64574
G0 F15000 X156 Y127.602
G0 X155.772 Y145.647
G0 X155.772 Y150.354
G0 X156 Y150.124
G1 F2951.7 X156 Y145.874 E980.81536
G1 F2400 E980.31536
;MESH:NONMESH
G0 F300 X156 Y145.874 Z4.2
G0 F15000 X156 Y145.574
G0 X155.43 Y146.748
G0 X154.346 Y145.532
G0 X145.653 Y125.249
G0 X142.347 Y125.249
G0 X142.034 Y145.548
G0 X142 Y146.748
;TIME_ELAPSED:1205.802239
;LAYER:20
;note -- min layer time used
;TYPE:SUPPORT
G1 F2400 E980.81536
G1 F3398.8 X141.842 Y146.663 E980.82133
G1 X141.469 Y146.909 E980.83619
G1 X141.324 Y147.073 E980.84347
G1 X141.2 Y147.394 E980.85492
G1 X141.201 Y148.632 E980.89609
G1 X141.345 Y148.95 E980.90771
G1 X141.613 Y149.21 E980.92012
G1 X141.848 Y149.35 E980.92922
G1 X142 Y149.263 E980.93505
G1 F2400 E980.43505
G0 F15000 X142.355 Y150.033
G0 X141.842 Y150.344
G0 X141.084 Y149.901
G0 X140.627 Y149.456
G0 X140.337 Y148.82
G0 X140.336 Y147.233
G0 X142.347 Y125.449
G0 X145.653 Y125.449
G0 X145.645 Y145.962
G0 X146.154 Y146.646
G1 F2400 E980.93505
G1 F3398.8 X146.396 Y146.797 E980.94454
G1 X146.656 Y147.051 E980.95662
G1 X146.799 Y147.366 E980.96813
G1 X146.8 Y148.61 E981.00951
G1 X146.678 Y148.926 E981.02077
G1 X146.528 Y149.094 E981.02826
G1 X146.162 Y149.335 E981.04284
G1 X146 Y149.254 E981.04886
G1 X146 Y146.732 E981.13274
G1 X146.154 Y146.646 E981.13861
G1 F2400 E980.63861
G0 F15000 X146.932 Y146.112
G0 X153.436 Y145.895
G0 X154 Y146.748
G1 F2400 E981.13861
G1 F3398.8 X153.842 Y146.663 E981.14458
G1 X153.469 Y146.909 E981.15944
G1 X153.324 Y147.073 E981.16672
G1 X153.2 Y147.394 E981.17817
G1 X153.201 Y148.633 E981.21938
G1 X153.374 Y149.018 E981.23341
G1 X153.815 Y149.385 E981.2525
G1 X154 Y149.324 E981.25898
G1 F2400 E980.75898
G0 F15000 X154.352 Y150.101
G0 X153.634 Y150.353
G0 X152.669 Y149.555
G0 X152.337 Y148.817
G0 X152.336 Y147.233
G0 X154.347 Y125.449
G0 X157.653 Y125.449
G0 X157.645 Y145.962
G0 X158.154 Y146.646
G1 F2400 E981.25898
G1 F3398.8 X158.396 Y146.797 E981.26846
G1 X158.656 Y147.051 E981.28055
G1 X158.799 Y147.368 E981.29212
G1 X158.8 Y148.607 E981.33333
G1 X158.674 Y148.933 E981.34495
G1 X158.544 Y149.09 E981.35173
G1 X158.173 Y149.397 E981.36775
G1 X158 Y149.316 E981.3741
G1 X158 Y146.732 E981.46005
G1 X158.154 Y146.646 E981.46591
G1 F2400 E980.96591
G0 F15000 X158.61 Y145.912
G0 X158.932 Y146.112
G0 X159.375 Y146.547
G0 X159.663 Y147.184
G0 X159.664 Y148.467
G0 X158.552 Y166.811
G0 X158.356 Y167.654
G1 F2400 E981.46591
G1 F3398.8 X158.484 Y167.684 E981.47029
G1 X158.993 Y167.988 E981.49
G1 X159.48 Y168.46 E981.51256
G1 X159.736 Y169.019 E981.53301
G1 X159.799 Y169.29 E981.54226
G1 X159.796 Y170.796 E981.59235
G1 X159.551 Y171.437 E981.61518
G1 X159.186 Y171.859 E981.63374
G1 X158.524 Y172.293 E981.66006
G1 X158.336 Y172.333 E981.66646
G1 X158.2 Y172.264 E981.67153
G1 X158.2 Y172.229 E981.67269
G1 X158 Y172.046 E981.68171
G1 X158 Y167.861 E981.8209
G1 X158.2 Y167.773 E981.82817
G1 X158.2 Y167.714 E981.83013
G1 X158.356 Y167.654 E981.83569
G1 F2400 E981.33569
G0 F15000 X158.042 Y166.849
G0 X158.294 Y166.753
G0 X158.812 Y166.872
G0 X159.522 Y167.297
G0 X160.197 Y167.952
G0 X160.557 Y168.739
G0 X160.663 Y169.192
G0 X160.66 Y170.956
G0 X160.304 Y171.887
G0 X157.653 Y175.653
G0 X154.347 Y175.653
G0 X151.807 Y172.055
G0 X151.435 Y171.251
G0 X151.337 Y170.804
G0 X151.34 Y169.043
G0 X151.709 Y168.078
G0 X152.219 Y167.504
G0 X153.139 Y166.891
G0 X153.695 Y166.779
G0 X154.354 Y167.046
G0 X154 Y167.878
G1 F2400 E981.83569
G1 F3398.8 X153.864 Y167.755 E981.84179
G1 X153.661 Y167.666 E981.84916
G1 X153.477 Y167.703 E981.85541
G1 X152.791 Y168.161 E981.88284
G1 X152.46 Y168.533 E981.8994
G1 X152.204 Y169.203 E981.92326
G1 X152.201 Y170.713 E981.97348
G1 X152.258 Y170.97 E981.98224
G1 X152.524 Y171.546 E982.00334
G1 X153.009 Y172.014 E982.02575
G1 X153.516 Y172.316 E982.04538
G1 X153.644 Y172.346 E982.04975
G1 X153.8 Y172.286 E982.05531
G1 X153.8 Y172.202 E982.05811
G1 X154 Y172.024 E982.06701
G1 F2400 E981.56701
G0 F15000 X146.356 Y167.654
G1 F2400 E982.06701
G1 F3398.8 X146.484 Y167.684 E982.07139
G1 X146.993 Y167.988 E982.0911
G1 X147.48 Y168.46 E982.11366
G1 X147.736 Y169.019 E982.13411
G1 X147.799 Y169.29 E982.14336
G1 X147.796 Y170.796 E982.19345
G1 X147.551 Y171.437 E982.21628
G1 X147.186 Y171.859 E982.23484
G1 X146.524 Y172.293 E982.26116
G1 X146.336 Y172.333 E982.26756
G1 X146.2 Y172.264 E982.27263
G1 X146.2 Y172.229 E982.27379
G1 X146 Y172.046 E982.28281
G1 X146 Y167.861 E982.422
G1 X146.2 Y167.773 E982.42927
G1 X146.2 Y167.714 E982.43123
G1 X146.356 Y167.654 E982.43679
G1 F2400 E981.93679
G0 F15000 X146.042 Y166.849
G0 X146.294 Y166.753
G0 X146.812 Y166.872
G0 X147.522 Y167.297
G0 X148.197 Y167.952
G0 X148.557 Y168.739
G0 X148.663 Y169.192
G0 X148.66 Y170.956
G0 X148.304 Y171.887
G0 X145.653 Y175.653
G0 X142.347 Y175.653
G0 X139.807 Y172.055
G0 X139.435 Y171.251
G0 X139.337 Y170.804
G0 X139.34 Y169.043
G0 X139.709 Y168.078
G0 X140.219 Y167.504
G0 X141.139 Y166.891
G0 X141.695 Y166.779
G0 X142.354 Y167.046
G0 X142 Y167.878
G1 F2400 E982.43679
G1 F3398.8 X141.864 Y167.755 E982.44289
G1 X141.661 Y167.666 E982.45026
G1 X141.477 Y167.703 E982.45651
G1 X140.791 Y168.161 E982.48394
G1 X140.46 Y168.533 E982.5005
G1 X140.204 Y169.203 E982.52436
G1 X140.201 Y170.713 E982.57458
G1 X140.258 Y170.97 E982.58334
G1 X140.524 Y171.546 E982.60444
G1 X141.009 Y172.014 E982.62685
G1 X141.516 Y172.316 E982.64648
G1 X141.644 Y172.346 E982.65085
G1 X141.8 Y172.286 E982.65641
G1 X141.8 Y172.202 E982.65921
G1 X142 Y172.024 E982.66811
G1 F2400 E982.16811
;MESH:Limiter bracket.stl
G0 F15000 X143.43 Y172.024
G0 X144.09 Y174.12
G0 X144.4 Y174.4
;TYPE:WALL-INNER
G1 F2400 E982.66811
G1 F3398.8 X144.4 Y149.2 E983.50627
G1 X143.6 Y149.2 E983.53288
G1 X143.6 Y174.4 E984.37103
G1 X144.4 Y174.4 E984.39764
G0 F15000 X144.8 Y174.8
;TYPE:WALL-OUTER
G1 F3398.8 X144.8 Y148.8 E985.2624
G1 X143.2 Y148.8 E985.31562
G1 X143.2 Y174.8 E986.18038
G1 X144.8 Y174.8 E986.2336
G0 F15000 X144.32 Y174.063
;TYPE:FILL
G1 F3398.8 X143.68 Y173.422 E986.26373
G0 F15000 X143.91 Y173.422
G0 X143.91 Y171.331
G0 X143.68 Y171.331
G1 F3398.8 X144.32 Y171.159 E986.28577
G0 F15000 X144.09 Y171.159
G0 X143.91 Y163.048
G0 X143.681 Y163.048
G1 F3398.8 X144.319 Y162.877 E986.30774
G1 X144.32 Y162.749
G1 X143.68 Y162.108 E986.33786
G1 X143.68 Y162.112
G1 X144.32 Y159.724 E986.42009
G0 F15000 X144.09 Y159.724
G0 X143.91 Y154.766
G0 X143.68 Y154.766
G1 F3398.8 X144.319 Y154.595 E986.44209
G0 F15000 X144.09 Y154.595
G0 X144.09 Y151.435
G0 X144.32 Y151.435
G1 F3398.8 X143.68 Y150.795 E986.4722
G0 F15000 X143.91 Y150.795
G0 X143.798 Y150.556
G0 X143.7 Y149.6
G0 X144 Y149.6
;TYPE:SKIN
G1 F2832.3 X144 Y150.272 E986.49902
G1 F2400 E985.99902
G0 F15000 X144 Y150.572
G0 X144.57 Y174.12
G0 X145.665 Y174.12
G0 X154.335 Y174.12
G0 X155.43 Y174.12
G0 X155.91 Y174.12
G0 X155.6 Y174.4
;TYPE:WALL-INNER
G1 F2400 E986.49902
G1 F3398.8 X156.4 Y174.4 E986.52563
G1 X156.4 Y149.2 E987.36378
G1 X155.6 Y149.2 E987.39039
G1 X155.6 Y174.4 E988.22855
G0 F15000 X155.2 Y174.8
;TYPE:WALL-OUTER
G1 F3398.8 X156.8 Y174.8 E988.28176
G1 X156.8 Y148.8 E989.14653
G1 X155.2 Y148.8 E989.19974
G1 X155.2 Y174.8 E990.0645
G0 F15000 X155.679 Y174.108
;TYPE:FILL
G1 F3398.8 X155.891 Y174.319 E990.07445
G0 F15000 X155.891 Y174.09
G0 X155.91 Y168.115
G0 X155.68 Y168.115
G1 F3398.8 X156.32 Y167.944 E990.09649
G0 F15000 X156.09 Y167.944
G0 X156.09 Y163.435
G0 X156.32 Y163.435
G1 F3398.8 X155.679 Y162.794 E990.12664
G0 F15000 X155.91 Y162.794
G0 X155.91 Y159.833
G0 X155.681 Y159.833
G1 F3398.8 X156.32 Y159.662 E990.14864
G0 F15000 X156.09 Y159.662
G0 X156.09 Y152.121
G0 X156.32 Y152.121
G1 F3398.8 X155.679 Y151.481 E990.17877
G1 X155.68 Y151.551
G1 X156.319 Y151.38 E990.20077
G0 F15000 X156.09 Y151.38
G0 X155.804 Y150.588
G0 X155.7 Y149.6
G0 X156 Y149.6
;TYPE:SKIN
G1 F2832.3 X156 Y150.272 E990.22759
G1 F2400 E989.72759
G0 F15000 X156 Y150.572
G0 X155.6 Y149.031
G0 X155.6 Y146.969
G0 X155.6 Y146.796
;TYPE:WALL-INNER
G1 F2400 E990.22759
G1 F3398.8 X156.4 Y146.796 E990.2542
G1 X156.4 Y126.7 E990.92259
G1 X155.6 Y126.7 E990.9492
G1 X155.6 Y146.796 E991.61759
G0 F15000 X155.2 Y147.196
;TYPE:WALL-OUTER
G1 F3398.8 X156.8 Y147.196 E991.67081
G1 X156.8 Y126.3 E992.36581
G1 X155.2 Y126.3 E992.41903
G1 X155.2 Y147.196 E993.11403
G0 F15000 X155.48 Y146.919
G0 X155.91 Y143.268
G0 X155.681 Y143.268
;TYPE:FILL
G1 F3398.8 X156.32 Y143.097 E993.13604
G0 F15000 X156.09 Y143.097
G0 X156.09 Y140.808
G0 X156.32 Y140.808
G1 F3398.8 X155.679 Y140.167 E993.16619
G0 F15000 X155.91 Y140.167
G0 X155.91 Y134.986
G0 X155.681 Y134.986
G1 F3398.8 X156.319 Y134.815 E993.18816
G0 F15000 X156.09 Y134.815
G0 X156.09 Y129.494
G0 X156.32 Y129.494
G1 F3398.8 X155.679 Y128.853 E993.21831
G0 F15000 X155.91 Y128.853
G0 X156 Y127.802
G0 X156 Y127.1
;TYPE:SKIN
G1 F2832.3 X156 Y127.5 E993.23427
G0 F15000 X156 Y127.802
G0 X155.7 Y146.396
G0 X156 Y146.396
G1 F2832.3 X156 Y145.726 E993.26101
G1 F2400 E992.76101
G0 F15000 X156 Y145.428
G0 X155.43 Y146.797
G0 X154.355 Y145.979
G0 X153.798 Y145.664
G0 X146.178 Y145.65
G0 X145.645 Y145.962
G0 X144.4 Y146.797
;TYPE:WALL-INNER
G1 F2400 E993.26101
G1 F3398.8 X144.4 Y126.7 E993.92944
G1 X143.6 Y126.7 E993.95605
G1 X143.6 Y146.798 E994.62451
G1 X144.4 Y146.797 E994.65112
G0 F15000 X144.8 Y147.196
;TYPE:WALL-OUTER
G1 F3398.8 X144.8 Y126.3 E995.34612
G1 X143.2 Y126.3 E995.39934
G1 X143.2 Y147.199 E996.09444
G1 X144.8 Y147.196 E996.14766
G0 F15000 X144.52 Y146.919
G0 X144.09 Y140.122
G0 X144.32 Y140.122
;TYPE:FILL
G1 F3398.8 X143.68 Y139.481 E996.17779
G0 F15000 X143.91 Y139.481
G0 X143.91 Y138.202
G0 X143.68 Y138.202
G1 F3398.8 X144.32 Y138.031 E996.19982
G0 F15000 X144.09 Y138.031
G0 X143.91 Y131.202
G0 X143.68 Y131.202
G1 F3398.8 X144.32 Y128.815 E996.28202
G1 X144.32 Y128.808
G1 X143.68 Y128.167 E996.31214
G0 F15000 X143.91 Y128.167
G0 X144.09 Y129.748
G0 X144.32 Y129.748
G1 F3398.8 X143.68 Y129.92 E996.33418
G0 F15000 X143.91 Y129.92
G0 X144 Y127.802
G0 X144 Y127.1
;TYPE:SKIN
G1 F2832.3 X144 Y127.5 E996.35015
G0 F15000 X144 Y127.802
G0 X143.7 Y146.396
G0 X144 Y146.396
G1 F2832.3 X144 Y145.726 E996.37689
G1 F2400 E995.87689
;MESH:NONMESH
G0 F300 X144 Y145.726 Z4.4
G0 F15000 X144 Y145.428
G0 X143.43 Y146.748
G0 X142 Y146.748
;TIME_ELAPSED:1232.739160
;LAYER:21
;note -- min layer time used
;TYPE:SUPPORT
G1 F2400 E996.37689
G1 F3267.3 X141.842 Y146.663 E996.38286
G1 X141.468 Y146.91 E996.39777
G1 X141.324 Y147.073 E996.405
G1 X141.2 Y147.394 E996.41644
G1 X141.201 Y148.632 E996.45762
G1 X141.345 Y148.95 E996.46923
G1 X141.612 Y149.209 E996.4816
G1 X141.849 Y149.349 E996.49076
G1 X142 Y149.263 E996.49654
G1 F2400 E995.99654
G0 F15000 X142.355 Y150.033
G0 X141.842 Y150.344
G0 X141.011 Y149.831
G0 X140.627 Y149.456
G0 X140.337 Y148.82
G0 X140.336 Y147.233
G0 X142.347 Y125.649
G0 X145.653 Y125.649
G0 X145.645 Y145.962
G0 X146.154 Y146.646
G1 F2400 E996.49654
G1 F3267.3 X146.395 Y146.795 E996.50596
G1 X146.656 Y147.051 E996.51812
G1 X146.799 Y147.368 E996.52969
G1 X146.8 Y148.608 E996.57093
G1 X146.677 Y148.927 E996.5823
G1 X146.531 Y149.092 E996.58963
G1 X146.163 Y149.334 E996.60428
G1 X146 Y149.25 E996.61038
G1 X146 Y146.732 E996.69413
G1 X146.154 Y146.646 E996.69999
G1 F2400 E996.19999
G0 F15000 X146.734 Y145.989
G0 X153.186 Y146.06
G0 X154 Y146.748
G1 F2400 E996.69999
G1 F3267.3 X153.842 Y146.663 E996.70596
G1 X153.468 Y146.91 E996.72087
G1 X153.324 Y147.073 E996.7281
G1 X153.2 Y147.393 E996.73952
G1 X153.201 Y148.632 E996.78073
G1 X153.375 Y149.019 E996.79484
G1 X153.81 Y149.381 E996.81366
G1 X154 Y149.306 E996.82046
G1 F2400 E996.32046
G0 F15000 X154.354 Y150.083
G0 X153.634 Y150.353
G0 X152.67 Y149.556
G0 X152.337 Y148.816
G0 X152.336 Y147.224
G0 X154.347 Y125.649
G0 X157.653 Y125.649
G0 X157.645 Y145.962
G0 X158.154 Y146.646
G1 F2400 E996.82046
G1 F3267.3 X158.395 Y146.795 E996.82988
G1 X158.656 Y147.051 E996.84204
G1 X158.799 Y147.368 E996.85361
G1 X158.8 Y148.607 E996.89482
G1 X158.674 Y148.933 E996.90644
G1 X158.544 Y149.09 E996.91322
G1 X158.226 Y149.353 E996.92694
G1 X158.14 Y149.382 E996.92996
G1 X158 Y149.316 E996.93511
G1 X158 Y146.732 E997.02106
G1 X158.154 Y146.646 E997.02692
G1 F2400 E996.52692
G0 F15000 X158.734 Y145.989
G0 X159.375 Y146.547
G0 X159.663 Y147.184
G0 X159.664 Y148.467
G0 X158.552 Y166.811
G0 X158.356 Y167.654
G1 F2400 E997.02692
G1 F3267.3 X158.484 Y167.684 E997.03129
G1 X158.993 Y167.988 E997.05101
G1 X159.48 Y168.46 E997.07357
G1 X159.736 Y169.019 E997.09402
G1 X159.799 Y169.29 E997.10327
G1 X159.796 Y170.796 E997.15336
G1 X159.551 Y171.437 E997.17619
G1 X159.186 Y171.859 E997.19475
G1 X158.524 Y172.293 E997.22107
G1 X158.336 Y172.333 E997.22747
G1 X158.2 Y172.264 E997.23254
G1 X158.2 Y172.228 E997.23374
G1 X158 Y172.045 E997.24275
G1 X158 Y167.861 E997.38191
G1 X158.2 Y167.773 E997.38918
G1 X158.2 Y167.714 E997.39114
G1 X158.356 Y167.654 E997.3967
G1 F2400 E996.8967
G0 F15000 X158.042 Y166.849
G0 X158.294 Y166.753
G0 X158.812 Y166.872
G0 X159.522 Y167.297
G0 X160.197 Y167.952
G0 X160.557 Y168.739
G0 X160.663 Y169.192
G0 X160.66 Y170.956
G0 X160.304 Y171.887
G0 X157.653 Y175.653
G0 X154.347 Y175.653
G0 X151.807 Y172.055
G0 X151.435 Y171.251
G0 X151.337 Y170.804
G0 X151.34 Y169.043
G0 X151.709 Y168.078
G0 X152.219 Y167.504
G0 X153.139 Y166.891
G0 X153.695 Y166.779
G0 X154.354 Y167.046
G0 X154 Y167.878
G1 F2400 E997.3967
G1 F3267.3 X153.864 Y167.755 E997.4028
G1 X153.661 Y167.666 E997.41017
G1 X153.477 Y167.703 E997.41642
G1 X152.791 Y168.161 E997.44385
G1 X152.46 Y168.533 E997.46041
G1 X152.204 Y169.203 E997.48427
G1 X152.201 Y170.713 E997.53449
G1 X152.258 Y170.97 E997.54325
G1 X152.524 Y171.546 E997.56435
G1 X153.009 Y172.014 E997.58676
G1 X153.516 Y172.316 E997.60639
G1 X153.644 Y172.346 E997.61076
G1 X153.8 Y172.286 E997.61632
G1 X153.8 Y172.202 E997.61912
G1 X154 Y172.024 E997.62802
G1 F2400 E997.12802
G0 F15000 X146.356 Y167.654
G1 F2400 E997.62802
G1 F3267.3 X146.484 Y167.684 E997.63239
G1 X146.993 Y167.988 E997.65211
G1 X147.48 Y168.46 E997.67467
G1 X147.736 Y169.019 E997.69512
G1 X147.799 Y169.29 E997.70437
G1 X147.796 Y170.796 E997.75446
G1 X147.551 Y171.437 E997.77729
G1 X147.186 Y171.859 E997.79585
G1 X146.524 Y172.293 E997.82217
G1 X146.336 Y172.333 E997.82857
G1 X146.2 Y172.264 E997.83364
G1 X146.2 Y172.228 E997.83484
G1 X146 Y172.045 E997.84385
G1 X146 Y167.861 E997.98301
G1 X146.2 Y167.773 E997.99028
G1 X146.2 Y167.714 E997.99224
G1 X146.356 Y167.654 E997.9978
G1 F2400 E997.4978
G0 F15000 X146.042 Y166.849
G0 X146.294 Y166.753
G0 X146.812 Y166.872
G0 X147.522 Y167.297
G0 X148.197 Y167.952
G0 X148.557 Y168.739
G0 X148.663 Y169.192
G0 X148.66 Y170.956
G0 X148.304 Y171.887
G0 X145.653 Y175.653
G0 X142.347 Y175.653
G0 X139.807 Y172.055
G0 X139.435 Y171.251
G0 X139.337 Y170.804
G0 X139.34 Y169.043
G0 X139.709 Y168.078
G0 X140.219 Y167.504
G0 X141.139 Y166.891
G0 X141.695 Y166.779
G0 X142.354 Y167.046
G0 X142 Y167.878
G1 F2400 E997.9978
G1 F3267.3 X141.864 Y167.755 E998.0039
G1 X141.661 Y167.666 E998.01127
G1 X141.477 Y167.703 E998.01752
G1 X140.791 Y168.161 E998.04495
G1 X140.46 Y168.533 E998.06151
G1 X140.204 Y169.203 E998.08537
G1 X140.201 Y170.713 E998.13559
G1 X140.258 Y170.97 E998.14435
G1 X140.524 Y171.546 E998.16545
G1 X141.009 Y172.014 E998.18786
G1 X141.516 Y172.316 E998.20749
G1 X141.644 Y172.346 E998.21186
G1 X141.8 Y172.286 E998.21742
G1 X141.8 Y172.202 E998.22022
G1 X142 Y172.024 E998.22912
G1 F2400 E997.72912
;MESH:Limiter bracket.stl
G0 F15000 X143.43 Y172.024
G0 X144.09 Y174.12
G0 X144.4 Y174.4
;TYPE:WALL-INNER
G1 F2400 E998.22912
G1 F3267.3 X144.4 Y149.644 E999.05251
G1 X143.6 Y149.644 E999.07912
G1 X143.6 Y174.4 E999.90251
G1 X144.4 Y174.4 E999.92911
G0 F15000 X144.8 Y174.8
;TYPE:WALL-OUTER
G1 F3267.3 X144.8 Y149.244 E1000.77911
G1 X143.2 Y149.244 E1000.83233
G1 X143.2 Y174.8 E1001.68232
G1 X144.8 Y174.8 E1001.73554
G0 F15000 X144.52 Y174.52
G0 X144.09 Y173.862
G0 X144.32 Y173.862
;TYPE:FILL
G1 F3267.3 X143.68 Y173.221 E1001.76567
G0 F15000 X143.91 Y173.221
G0 X143.91 Y171.478
G0 X143.68 Y171.478
G1 F3267.3 X144.32 Y171.306 E1001.78771
G0 F15000 X144.09 Y171.306
G0 X143.91 Y163.195
G0 X143.681 Y163.195
G1 F3267.3 X144.319 Y163.024 E1001.80968
G0 F15000 X144.32 Y162.548
G1 F3267.3 X143.68 Y161.908 E1001.83978
G0 F15000 X143.681 Y161.561
G1 F3267.3 X144.32 Y159.176 E1001.9219
G0 F15000 X144.09 Y159.176
G0 X143.91 Y154.913
G0 X143.68 Y154.913
G1 F3267.3 X144.32 Y154.742 E1001.94394
G0 F15000 X144.09 Y154.742
G0 X144.09 Y151.235
G0 X144.32 Y151.235
G1 F3267.3 X143.68 Y150.594 E1001.97406
G1 F2400 E1001.47406
G0 F15000 X143.91 Y150.594
G0 X144.57 Y174.12
G0 X145.665 Y174.12
G0 X154.335 Y174.12
G0 X155.43 Y174.12
G0 X155.91 Y174.12
G0 X155.6 Y174.4
;TYPE:WALL-INNER
G1 F2400 E1001.97406
G1 F3267.3 X156.4 Y174.4 E1002.00067
G1 X156.4 Y149.644 E1002.82406
G1 X155.6 Y149.644 E1002.85067
G1 X155.6 Y174.4 E1003.67406
G0 F15000 X155.2 Y174.8
;TYPE:WALL-OUTER
G1 F3267.3 X156.8 Y174.8 E1003.72727
G1 X156.8 Y149.244 E1004.57727
G1 X155.2 Y149.244 E1004.63048
G1 X155.2 Y174.8 E1005.48048
G0 F15000 X155.48 Y174.52
G0 X155.91 Y173.908
G0 X155.68 Y173.908
;TYPE:FILL
G1 F3267.3 X156.092 Y174.319 E1005.49984
G0 F15000 X156.092 Y174.09
G0 X155.91 Y168.262
G0 X155.68 Y168.262
G1 F3267.3 X156.32 Y168.091 E1005.52187
G0 F15000 X156.09 Y168.091
G0 X156.09 Y163.234
G0 X156.32 Y163.234
G1 F3267.3 X155.68 Y162.594 E1005.55197
G0 F15000 X155.91 Y162.594
G0 X155.91 Y159.98
G0 X155.681 Y159.98
G1 F3267.3 X156.319 Y159.809 E1005.57394
G0 F15000 X156.09 Y159.809
G0 X156.09 Y151.92
G0 X156.32 Y151.92
G1 F3267.3 X155.68 Y151.281 E1005.60402
G0 F15000 X155.681 Y151.698
G1 F3267.3 X156.319 Y151.527 E1005.62599
G1 F2400 E1005.12599
G0 F15000 X156.09 Y151.527
G0 X155.91 Y149.475
G0 X155.91 Y148.38
G0 X155.91 Y147.62
G0 X155.91 Y146.525
G0 X155.91 Y146.075
G0 X155.6 Y146.352
;TYPE:WALL-INNER
G1 F2400 E1005.62599
G1 F3267.3 X156.4 Y146.352 E1005.6526
G1 X156.4 Y126.9 E1006.29958
G1 X155.6 Y126.9 E1006.32618
G1 X155.6 Y146.352 E1006.97316
G0 F15000 X155.2 Y146.752
;TYPE:WALL-OUTER
G1 F3267.3 X156.8 Y146.752 E1007.02638
G1 X156.8 Y126.5 E1007.69996
G1 X155.2 Y126.5 E1007.75318
G1 X155.2 Y146.752 E1008.42676
G0 F15000 X156.06 Y146.272
;TYPE:FILL
G1 F3267.3 X156.32 Y145.299 E1008.46026
G0 F15000 X156.09 Y145.299
G0 X155.91 Y143.416
G0 X155.68 Y143.416
G1 F3267.3 X156.32 Y143.244 E1008.4823
G0 F15000 X156.09 Y143.244
G0 X156.09 Y140.607
G0 X156.32 Y140.607
G1 F3267.3 X155.679 Y139.966 E1008.51245
G0 F15000 X155.91 Y139.966
G0 X155.91 Y135.133
G0 X155.681 Y135.133
G1 F3267.3 X156.319 Y134.962 E1008.53442
G0 F15000 X156.09 Y134.962
G0 X156.09 Y129.293
G0 X156.32 Y129.293
G1 F3267.3 X155.679 Y128.652 E1008.56457
G0 F15000 X155.91 Y128.652
G0 X156 Y128.002
G0 X156 Y127.3
;TYPE:SKIN
G1 F2722.8 X156 Y127.7 E1008.58054
G1 F2400 E1008.08054
G0 F15000 X156 Y128.002
G0 X155.43 Y146.075
G0 X154.355 Y145.979
G0 X153.798 Y145.664
G0 X146.176 Y145.65
G0 X145.645 Y145.962
G0 X144.57 Y146.075
G0 X144.09 Y146.075
G0 X144.4 Y146.352
;TYPE:WALL-INNER
G1 F2400 E1008.58054
G1 F3267.3 X144.4 Y126.9 E1009.22751
G1 X143.6 Y126.9 E1009.25412
G1 X143.6 Y146.352 E1009.9011
G1 X144.4 Y146.352 E1009.9277
G0 F15000 X144.8 Y146.752
;TYPE:WALL-OUTER
G1 F3267.3 X144.8 Y126.5 E1010.60129
G1 X143.2 Y126.5 E1010.6545
G1 X143.2 Y146.752 E1011.32809
G1 X144.8 Y146.752 E1011.3813
G0 F15000 X144.52 Y146.475
G0 X144.09 Y139.921
G0 X144.32 Y139.921
;TYPE:FILL
G1 F3267.3 X143.68 Y139.28 E1011.41143
G0 F15000 X143.68 Y138.349
G1 F3267.3 X144.32 Y138.178 E1011.43346
G0 F15000 X144.09 Y138.178
G0 X143.91 Y130.653
G0 X143.68 Y130.653
G1 F3267.3 X144.32 Y128.265 E1011.51569
G0 F15000 X144.32 Y128.607
G1 F3267.3 X143.68 Y127.967 E1011.5458
G0 F15000 X143.91 Y127.967
G0 X144.09 Y129.895
G0 X144.32 Y129.895
G1 F3267.3 X143.681 Y130.067 E1011.56781
G0 F15000 X143.91 Y130.067
G0 X144 Y128.002
G0 X144 Y127.3
;TYPE:SKIN
G1 F2722.8 X144 Y127.7 E1011.58377
G1 F2400 E1011.08377
;MESH:NONMESH
G0 F300 X144 Y127.7 Z4.6
G0 F15000 X144 Y128.002
G0 X143.424 Y146.531
G0 X143.424 Y147.62
G0 X142.853 Y148.392
G0 X142 Y149.03
;TIME_ELAPSED:1259.303704
;LAYER:22
;note -- min layer time used
;TYPE:SUPPORT
G1 F2400 E1011.58377
G1 F3222.4 X142 Y146.987 E1011.65172
G1 X141.842 Y146.902 E1011.65769
G1 X141.582 Y147.075 E1011.66808
G1 X141.498 Y147.175 E1011.67242
G1 X141.4 Y147.43 E1011.68151
G1 X141.401 Y148.59 E1011.72009
G1 X141.513 Y148.837 E1011.72911
G1 X141.712 Y149.036 E1011.73847
G1 X141.848 Y149.117 E1011.74373
G1 X142 Y149.03 E1011.74956
G1 X142 Y148.318 E1011.77324
G1 X144 Y148.318 E1011.83976
G1 X144 Y147.682 E1011.86091
G1 X146 Y147.682 E1011.92743
G1 X146 Y146.968 E1011.95118
G1 X146.154 Y146.882 E1011.95705
G1 X146.292 Y146.968 E1011.96246
G1 X146.487 Y147.163 E1011.97163
G1 X146.599 Y147.41 E1011.98065
G1 X146.6 Y148.571 E1012.01926
G1 X146.502 Y148.826 E1012.02835
G1 X146.418 Y148.926 E1012.03269
G1 X146.158 Y149.098 E1012.04306
G1 X146 Y149.013 E1012.04903
G1 X146 Y147.682 E1012.0933
G1 F2400 E1011.5933
G0 F15000 X147.464 Y147.681
G0 X153.338 Y149.852
G0 X154 Y149.056
G1 F2400 E1012.0933
G1 F3222.4 X154 Y146.987 E1012.16211
G1 X153.842 Y146.902 E1012.16808
G1 X153.582 Y147.075 E1012.17847
G1 X153.498 Y147.175 E1012.18281
G1 X153.4 Y147.43 E1012.1919
G1 X153.401 Y148.589 E1012.23045
G1 X153.539 Y148.895 E1012.24161
G1 X153.828 Y149.136 E1012.25413
G1 X154 Y149.056 E1012.26044
G1 X154 Y148.318 E1012.28498
G1 X156 Y148.318 E1012.3515
G1 X156 Y147.682 E1012.37266
G1 X158 Y147.682 E1012.43918
G1 X158 Y146.968 E1012.46292
G1 X158.154 Y146.882 E1012.46879
G1 X158.292 Y146.968 E1012.4742
G1 X158.487 Y147.163 E1012.48337
G1 X158.599 Y147.41 E1012.49239
G1 X158.6 Y148.573 E1012.53107
G1 X158.476 Y148.894 E1012.54252
G1 X158.171 Y149.141 E1012.55557
G1 X158 Y149.059 E1012.56188
G1 X158 Y147.682 E1012.60768
G1 F2400 E1012.10768
G0 F15000 X159.464 Y147.681
G0 X160.663 Y169.192
G0 X160.66 Y170.956
G0 X160.304 Y171.887
G0 X157.653 Y175.653
G0 X154.347 Y175.653
G0 X151.807 Y172.055
G0 X151.435 Y171.251
G0 X151.337 Y170.804
G0 X151.34 Y169.043
G0 X151.709 Y168.078
G0 X152.219 Y167.504
G0 X153.139 Y166.891
G0 X153.695 Y166.779
G0 X154.371 Y167.034
G0 X154 Y167.878
G1 F2400 E1012.60768
G1 F3222.4 X153.864 Y167.755 E1012.61378
G1 X153.661 Y167.666 E1012.62115
G1 X153.477 Y167.703 E1012.62739
G1 X152.791 Y168.161 E1012.65483
G1 X152.46 Y168.533 E1012.67139
G1 X152.204 Y169.203 E1012.69524
G1 X152.201 Y170.713 E1012.74547
G1 X152.258 Y170.97 E1012.75422
G1 X152.524 Y171.546 E1012.77532
G1 X153.009 Y172.014 E1012.79774
G1 X153.516 Y172.316 E1012.81737
G1 X153.644 Y172.346 E1012.82174
G1 X153.8 Y172.286 E1012.8273
G1 X153.8 Y172.202 E1012.83009
G1 X154 Y172.024 E1012.839
G1 F2400 E1012.339
G0 F15000 X154.353 Y172.98
G0 X154.347 Y175.653
G0 X157.653 Y175.653
G0 X160.304 Y171.887
G0 X160.66 Y170.956
G0 X160.663 Y169.192
G0 X160.557 Y168.739
G0 X160.197 Y167.952
G0 X159.522 Y167.297
G0 X158.812 Y166.872
G0 X158.346 Y166.765
G0 X158.042 Y166.849
G0 X158.356 Y167.654
G1 F2400 E1012.839
G1 F3222.4 X158.484 Y167.684 E1012.84337
G1 X158.993 Y167.988 E1012.86309
G1 X159.48 Y168.46 E1012.88565
G1 X159.736 Y169.019 E1012.9061
G1 X159.799 Y169.29 E1012.91535
G1 X159.796 Y170.796 E1012.96544
G1 X159.551 Y171.437 E1012.98827
G1 X159.186 Y171.859 E1013.00682
G1 X158.524 Y172.293 E1013.03315
G1 X158.336 Y172.333 E1013.03954
G1 X158.2 Y172.264 E1013.04462
G1 X158.2 Y172.227 E1013.04585
G1 X158 Y172.044 E1013.05486
G1 X158 Y167.861 E1013.19399
G1 X158.2 Y167.773 E1013.20126
G1 X158.2 Y167.714 E1013.20322
G1 X158.356 Y167.654 E1013.20878
G1 F2400 E1012.70878
G0 F15000 X158.042 Y166.849
G0 X158.294 Y166.753
G0 X158.812 Y166.872
G0 X159.522 Y167.297
G0 X160.197 Y167.952
G0 X160.557 Y168.739
G0 X160.663 Y169.192
G0 X160.66 Y170.956
G0 X160.304 Y171.887
G0 X157.653 Y175.653
G0 X154.347 Y175.653
G0 X151.807 Y172.055
G0 X151.435 Y171.251
G0 X151.337 Y170.804
G0 X151.339 Y169.806
G0 X146.82 Y166.876
G0 X146.356 Y167.654
G1 F2400 E1013.20878
G1 F3222.4 X146.484 Y167.684 E1013.21315
G1 X146.993 Y167.988 E1013.23287
G1 X147.48 Y168.46 E1013.25543
G1 X147.736 Y169.019 E1013.27588
G1 X147.799 Y169.29 E1013.28513
G1 X147.796 Y170.796 E1013.33522
G1 X147.551 Y171.437 E1013.35804
G1 X147.186 Y171.859 E1013.3766
G1 X146.524 Y172.293 E1013.40293
G1 X146.336 Y172.333 E1013.40932
G1 X146.2 Y172.264 E1013.4144
G1 X146.2 Y172.227 E1013.41563
G1 X146 Y172.044 E1013.42464
G1 X146 Y167.861 E1013.56377
G1 X146.2 Y167.773 E1013.57104
G1 X146.2 Y167.714 E1013.573
G1 X146.356 Y167.654 E1013.57856
G1 F2400 E1013.07856
G0 F15000 X146.042 Y166.849
G0 X146.294 Y166.753
G0 X146.812 Y166.872
G0 X147.522 Y167.297
G0 X148.197 Y167.952
G0 X148.557 Y168.739
G0 X148.663 Y169.192
G0 X148.66 Y170.956
G0 X148.304 Y171.887
G0 X145.653 Y175.653
G0 X142.347 Y175.653
G0 X139.807 Y172.055
G0 X139.435 Y171.251
G0 X139.337 Y170.804
G0 X139.34 Y169.043
G0 X139.709 Y168.078
G0 X140.219 Y167.504
G0 X141.139 Y166.891
G0 X141.695 Y166.779
G0 X142.354 Y167.046
G0 X142 Y167.878
G1 F2400 E1013.57856
G1 F3222.4 X141.864 Y167.755 E1013.58466
G1 X141.661 Y167.666 E1013.59203
G1 X141.477 Y167.703 E1013.59827
G1 X140.791 Y168.161 E1013.62571
G1 X140.46 Y168.533 E1013.64227
G1 X140.204 Y169.203 E1013.66612
G1 X140.201 Y170.713 E1013.71635
G1 X140.258 Y170.97 E1013.7251
G1 X140.524 Y171.546 E1013.7462
G1 X141.009 Y172.014 E1013.76862
G1 X141.516 Y172.316 E1013.78825
G1 X141.644 Y172.346 E1013.79262
G1 X141.8 Y172.286 E1013.79818
G1 X141.8 Y172.202 E1013.80097
G1 X142 Y172.024 E1013.80988
G1 F2400 E1013.30988
;MESH:Limiter bracket.stl
G0 F15000 X143.43 Y172.024
G0 X144.09 Y174.12
G0 X144.4 Y174.4
;TYPE:WALL-INNER
G1 F2400 E1013.80988
G1 F3222.4 X144.4 Y149.916 E1014.62422
G1 X143.6 Y149.916 E1014.65083
G1 X143.6 Y174.4 E1015.46517
G1 X144.4 Y174.4 E1015.49178
G0 F15000 X144.8 Y174.8
;TYPE:WALL-OUTER
G1 F3222.4 X144.8 Y149.516 E1016.33273
G1 X143.2 Y149.516 E1016.38594
G1 X143.2 Y174.8 E1017.22689
G1 X144.8 Y174.8 E1017.28011
G0 F15000 X144.52 Y174.52
G0 X144.09 Y173.663
G0 X144.32 Y173.663
;TYPE:FILL
G1 F3222.4 X143.68 Y173.022 E1017.31024
G0 F15000 X143.91 Y173.022
G0 X143.91 Y171.624
G0 X143.68 Y171.624
G1 F3222.4 X144.32 Y171.452 E1017.33228
G0 F15000 X144.09 Y171.452
G0 X143.91 Y163.341
G0 X143.681 Y163.341
G1 F3222.4 X144.32 Y163.17 E1017.35428
G0 F15000 X144.32 Y162.349
G1 F3222.4 X143.68 Y161.708 E1017.38441
G0 F15000 X143.68 Y161.018
G1 F3222.4 X144.32 Y158.631 E1017.4666
G0 F15000 X144.09 Y158.631
G0 X143.91 Y155.059
G0 X143.68 Y155.059
G1 F3222.4 X144.32 Y154.888 E1017.48864
G0 F15000 X144.09 Y154.888
G0 X144.09 Y151.035
G0 X144.32 Y151.035
G1 F3222.4 X143.68 Y150.395 E1017.51874
G1 F2400 E1017.01874
G0 F15000 X143.91 Y150.395
G0 X144.57 Y174.12
G0 X145.665 Y174.12
G0 X154.335 Y174.12
G0 X155.43 Y174.12
G0 X155.91 Y174.12
G0 X155.6 Y174.4
;TYPE:WALL-INNER
G1 F2400 E1017.51874
G1 F3222.4 X156.4 Y174.4 E1017.54535
G1 X156.4 Y149.916 E1018.35969
G1 X155.6 Y149.916 E1018.3863
G1 X155.6 Y174.4 E1019.20064
G0 F15000 X155.2 Y174.8
;TYPE:WALL-OUTER
G1 F3222.4 X156.8 Y174.8 E1019.25385
G1 X156.8 Y149.516 E1020.0948
G1 X155.2 Y149.516 E1020.14802
G1 X155.2 Y174.8 E1020.98897
G0 F15000 X155.48 Y174.52
G0 X155.91 Y173.709
G0 X155.68 Y173.709
;TYPE:FILL
G1 F3222.4 X156.291 Y174.319 E1021.01768
G0 F15000 X156.12 Y174.12
G0 X155.91 Y168.408
G0 X155.681 Y168.408
G1 F3222.4 X156.319 Y168.237 E1021.03965
G0 F15000 X156.09 Y168.237
G0 X156.09 Y163.035
G0 X156.32 Y163.035
G1 F3222.4 X155.68 Y162.395 E1021.06976
G0 F15000 X155.91 Y162.395
G0 X155.91 Y160.126
G0 X155.68 Y160.126
G1 F3222.4 X156.32 Y159.955 E1021.09179
G0 F15000 X156.09 Y159.955
G0 X155.91 Y151.844
G0 X155.681 Y151.844
G1 F3222.4 X156.32 Y151.672 E1021.1138
G1 X156.32 Y151.721
G1 X155.68 Y151.081 E1021.1439
G1 F2400 E1020.6439
G0 F15000 X155.91 Y151.081
G0 X155.884 Y149.728
G0 X154.354 Y149.824
G0 X153.697 Y150.144
G0 X152.834 Y149.432
G0 X152.537 Y148.773
G0 X152.536 Y147.269
G0 X152.743 Y146.732
G0 X152.999 Y146.425
G0 X153.796 Y145.902
G0 X154.355 Y146.217
G0 X155.882 Y146.272
G0 X155.881 Y145.772
G0 X155.6 Y146.08
;TYPE:WALL-INNER
G1 F2400 E1021.1439
G1 F3222.4 X156.4 Y146.08 E1021.17051
G1 X156.4 Y127.1 E1021.80179
G1 X155.6 Y127.1 E1021.8284
G1 X155.6 Y146.08 E1022.45967
G0 F15000 X155.2 Y146.48
;TYPE:WALL-OUTER
G1 F3222.4 X156.8 Y146.48 E1022.51289
G1 X156.8 Y126.7 E1023.17078
G1 X155.2 Y126.7 E1023.22399
G1 X155.2 Y146.48 E1023.88188
G0 F15000 X155.987 Y146
;TYPE:FILL
G1 F3222.4 X156.32 Y144.757 E1023.92468
G0 F15000 X156.09 Y144.757
G0 X155.91 Y143.562
G0 X155.68 Y143.562
G1 F3222.4 X156.32 Y143.39 E1023.94672
G0 F15000 X156.09 Y143.39
G0 X156.09 Y140.407
G0 X156.32 Y140.407
G1 F3222.4 X155.679 Y139.767 E1023.97685
G0 F15000 X155.91 Y139.767
G0 X155.91 Y135.279
G0 X155.681 Y135.279
G1 F3222.4 X156.319 Y135.108 E1023.99882
G0 F15000 X156.09 Y135.108
G0 X156.09 Y129.094
G0 X156.32 Y129.094
G1 F3222.4 X155.679 Y128.453 E1024.02897
G0 F15000 X155.91 Y128.453
G0 X156 Y128.202
G0 X156 Y127.5
;TYPE:SKIN
G1 F2685.3 X156 Y127.9 E1024.04493
G1 F2400 E1023.54493
G0 F15000 X156 Y128.202
G0 X155.43 Y145.802
G0 X154.335 Y145.802
G0 X145.665 Y145.802
G0 X144.57 Y145.802
G0 X144.09 Y145.802
G0 X144.4 Y146.08
;TYPE:WALL-INNER
G1 F2400 E1024.04493
G1 F3222.4 X144.4 Y127.1 E1024.67621
G1 X143.6 Y127.1 E1024.70282
G1 X143.6 Y146.08 E1025.33409
G1 X144.4 Y146.08 E1025.3607
G0 F15000 X144.8 Y146.48
;TYPE:WALL-OUTER
G1 F3222.4 X144.8 Y126.7 E1026.01859
G1 X143.2 Y126.7 E1026.0718
G1 X143.2 Y146.48 E1026.72969
G1 X144.8 Y146.48 E1026.78291
G0 F15000 X144.52 Y146.202
G0 X144.09 Y139.721
G0 X144.32 Y139.721
;TYPE:FILL
G1 F3222.4 X143.68 Y139.081 E1026.81301
G0 F15000 X143.681 Y138.495
G1 F3222.4 X144.319 Y138.324 E1026.83498
G0 F15000 X144.09 Y138.324
G0 X143.91 Y130.213
G0 X143.68 Y130.213
G1 F3222.4 X144.32 Y130.041 E1026.85702
G0 F15000 X143.68 Y130.11
G1 F3222.4 X144.25 Y127.982 E1026.93029
G0 F15000 X143.895 Y127.982
G1 F3222.4 X144.32 Y128.408 E1026.95031
G0 F15000 X144 Y127.5
;TYPE:SKIN
G1 F2685.3 X144 Y127.9 E1026.96627
G1 F2400 E1026.46627
;MESH:NONMESH
G0 F300 X144 Y127.9 Z4.8
G0 F15000 X144 Y128.202
G0 X143.424 Y146.258
G0 X142.355 Y146.217
G0 X141.796 Y145.902
G0 X140.999 Y146.425
G0 X140.743 Y146.732
G0 X140.536 Y147.269
G0 X140.537 Y148.776
G0 X140.791 Y149.334
G0 X141.18 Y149.725
G0 X141.842 Y150.111
G0 X142.355 Y149.8
G0 X142 Y149.03
;TIME_ELAPSED:1285.600604
;LAYER:23
;note -- min layer time used
;TYPE:SUPPORT
G1 F2400 E1026.96627
G1 F3180.2 X142 Y146.987 E1027.03422
G1 X141.842 Y146.902 E1027.04019
G1 X141.582 Y147.075 E1027.05058
G1 X141.498 Y147.175 E1027.05492
G1 X141.4 Y147.43 E1027.06401
G1 X141.401 Y148.59 E1027.10259
G1 X141.513 Y148.837 E1027.11161
G1 X141.712 Y149.036 E1027.12097
G1 X141.848 Y149.117 E1027.12623
G1 X142 Y149.03 E1027.13206
G1 X142 Y148.526 E1027.14882
G1 X144 Y148.526 E1027.21534
G1 X144 Y147.474 E1027.25033
G1 X146 Y147.474 E1027.31685
G1 X146 Y146.968 E1027.33368
G1 X146.154 Y146.882 E1027.33955
G1 X146.292 Y146.968 E1027.34496
G1 X146.487 Y147.163 E1027.35413
G1 X146.599 Y147.41 E1027.36315
G1 X146.6 Y148.571 E1027.40176
G1 X146.502 Y148.826 E1027.41085
G1 X146.418 Y148.926 E1027.41519
G1 X146.158 Y149.098 E1027.42556
G1 X146 Y149.013 E1027.43153
G1 X146 Y147.474 E1027.48272
G1 F2400 E1026.98272
G0 F15000 X147.464 Y147.473
G0 X153.338 Y149.853
G0 X154 Y149.056
G1 F2400 E1027.48272
G1 F3180.2 X154 Y146.987 E1027.55153
G1 X153.842 Y146.902 E1027.5575
G1 X153.582 Y147.075 E1027.56789
G1 X153.498 Y147.175 E1027.57223
G1 X153.4 Y147.43 E1027.58132
G1 X153.401 Y148.589 E1027.61987
G1 X153.539 Y148.896 E1027.63106
G1 X153.828 Y149.136 E1027.64355
G1 X154 Y149.056 E1027.64986
G1 X154 Y148.526 E1027.66749
G1 X156 Y148.526 E1027.73401
G1 X156 Y147.474 E1027.769
G1 X158 Y147.474 E1027.83552
G1 X158 Y146.968 E1027.85235
G1 X158.154 Y146.882 E1027.85822
G1 X158.292 Y146.968 E1027.86363
G1 X158.487 Y147.163 E1027.8728
G1 X158.599 Y147.41 E1027.88182
G1 X158.6 Y148.573 E1027.9205
G1 X158.476 Y148.894 E1027.93195
G1 X158.171 Y149.141 E1027.945
G1 X158 Y149.059 E1027.95131
G1 X158 Y147.474 E1028.00402
G1 F2400 E1027.50402
G0 F15000 X159.464 Y147.473
G0 X160.663 Y169.192
G0 X160.66 Y170.956
G0 X160.304 Y171.887
G0 X157.653 Y175.653
G0 X154.347 Y175.653
G0 X151.807 Y172.055
G0 X151.435 Y171.251
G0 X151.337 Y170.804
G0 X151.34 Y169.043
G0 X151.709 Y168.078
G0 X152.219 Y167.504
G0 X153.139 Y166.891
G0 X153.695 Y166.779
G0 X154.371 Y167.034
G0 X154 Y167.878
G1 F2400 E1028.00402
G1 F3180.2 X153.864 Y167.755 E1028.01012
G1 X153.661 Y167.666 E1028.0175
G1 X153.477 Y167.703 E1028.02374
G1 X152.791 Y168.161 E1028.05117
G1 X152.46 Y168.533 E1028.06773
G1 X152.204 Y169.203 E1028.09159
G1 X152.201 Y170.713 E1028.14181
G1 X152.258 Y170.97 E1028.15057
G1 X152.524 Y171.546 E1028.17167
G1 X153.009 Y172.014 E1028.19409
G1 X153.516 Y172.316 E1028.21371
G1 X153.644 Y172.346 E1028.21809
G1 X153.8 Y172.286 E1028.22365
G1 X153.8 Y172.202 E1028.22644
G1 X154 Y172.024 E1028.23535
G1 F2400 E1027.73535
G0 F15000 X154.353 Y172.98
G0 X154.347 Y175.653
G0 X157.653 Y175.653
G0 X160.304 Y171.887
G0 X160.66 Y170.956
G0 X160.663 Y169.192
G0 X160.557 Y168.739
G0 X160.197 Y167.952
G0 X159.522 Y167.297
G0 X158.812 Y166.872
G0 X158.346 Y166.765
G0 X158.042 Y166.849
G0 X158.356 Y167.654
G1 F2400 E1028.23535
G1 F3180.2 X158.484 Y167.684 E1028.23972
G1 X158.993 Y167.988 E1028.25944
G1 X159.48 Y168.46 E1028.28199
G1 X159.736 Y169.019 E1028.30244
G1 X159.799 Y169.29 E1028.3117
G1 X159.796 Y170.796 E1028.36179
G1 X159.551 Y171.437 E1028.38461
G1 X159.186 Y171.859 E1028.40317
G1 X158.524 Y172.293 E1028.4295
G1 X158.336 Y172.333 E1028.43589
G1 X158.2 Y172.264 E1028.44096
G1 X158.2 Y172.226 E1028.44223
G1 X158 Y172.043 E1028.45124
G1 X158 Y167.861 E1028.59034
G1 X158.2 Y167.773 E1028.5976
G1 X158.2 Y167.714 E1028.59957
G1 X158.356 Y167.654 E1028.60512
G1 F2400 E1028.10512
G0 F15000 X158.042 Y166.849
G0 X158.294 Y166.753
G0 X158.812 Y166.872
G0 X159.522 Y167.297
G0 X160.197 Y167.952
G0 X160.557 Y168.739
G0 X160.663 Y169.192
G0 X160.66 Y170.956
G0 X160.304 Y171.887
G0 X157.653 Y175.653
G0 X154.347 Y175.653
G0 X151.807 Y172.055
G0 X151.435 Y171.251
G0 X151.337 Y170.804
G0 X151.339 Y169.806
G0 X146.82 Y166.876
G0 X146.356 Y167.654
G1 F2400 E1028.60512
G1 F3180.2 X146.484 Y167.684 E1028.6095
G1 X146.993 Y167.988 E1028.62922
G1 X147.48 Y168.46 E1028.65177
G1 X147.736 Y169.019 E1028.67222
G1 X147.799 Y169.29 E1028.68148
G1 X147.796 Y170.796 E1028.73157
G1 X147.551 Y171.437 E1028.75439
G1 X147.186 Y171.859 E1028.77295
G1 X146.524 Y172.293 E1028.79928
G1 X146.336 Y172.333 E1028.80567
G1 X146.2 Y172.264 E1028.81074
G1 X146.2 Y172.226 E1028.81201
G1 X146 Y172.043 E1028.82102
G1 X146 Y167.861 E1028.96012
G1 X146.2 Y167.773 E1028.96738
G1 X146.2 Y167.714 E1028.96935
G1 X146.356 Y167.654 E1028.9749
G1 F2400 E1028.4749
G0 F15000 X146.042 Y166.849
G0 X146.294 Y166.753
G0 X146.812 Y166.872
G0 X147.522 Y167.297
G0 X148.197 Y167.952
G0 X148.557 Y168.739
G0 X148.663 Y169.192
G0 X148.66 Y170.956
G0 X148.304 Y171.887
G0 X145.653 Y175.653
G0 X142.347 Y175.653
G0 X139.807 Y172.055
G0 X139.435 Y171.251
G0 X139.337 Y170.804
G0 X139.34 Y169.043
G0 X139.709 Y168.078
G0 X140.219 Y167.504
G0 X141.139 Y166.891
G0 X141.695 Y166.779
G0 X142.354 Y167.046
G0 X142 Y167.878
G1 F2400 E1028.9749
G1 F3180.2 X141.864 Y167.755 E1028.981
G1 X141.661 Y167.666 E1028.98838
G1 X141.477 Y167.703 E1028.99462
G1 X140.791 Y168.161 E1029.02205
G1 X140.46 Y168.533 E1029.03861
G1 X140.204 Y169.203 E1029.06247
G1 X140.201 Y170.713 E1029.11269
G1 X140.258 Y170.97 E1029.12145
G1 X140.524 Y171.546 E1029.14255
G1 X141.009 Y172.014 E1029.16497
G1 X141.516 Y172.316 E1029.18459
G1 X141.644 Y172.346 E1029.18897
G1 X141.8 Y172.286 E1029.19453
G1 X141.8 Y172.202 E1029.19732
G1 X142 Y172.024 E1029.20622
G1 F2400 E1028.70622
;MESH:Limiter bracket.stl
G0 F15000 X143.43 Y172.024
G0 X144.09 Y174.12
G0 X144.4 Y174.4
;TYPE:WALL-INNER
G1 F2400 E1029.20622
G1 F3180.2 X144.4 Y150.124 E1030.01365
G1 X143.6 Y150.124 E1030.04026
G1 X143.6 Y174.4 E1030.84768
G1 X144.4 Y174.4 E1030.87429
G0 F15000 X144.8 Y174.8
;TYPE:WALL-OUTER
G1 F3180.2 X144.8 Y149.724 E1031.70832
G1 X143.2 Y149.724 E1031.76153
G1 X143.2 Y174.8 E1032.59557
G1 X144.8 Y174.8 E1032.64878
G0 F15000 X144.52 Y174.52
G0 X144.09 Y173.462
G0 X144.32 Y173.462
;TYPE:FILL
G1 F3180.2 X143.68 Y172.821 E1032.67891
G0 F15000 X143.91 Y172.821
G0 X143.91 Y171.771
G0 X143.68 Y171.771
G1 F3180.2 X144.32 Y171.599 E1032.70095
G0 F15000 X144.09 Y171.599
G0 X143.91 Y163.488
G0 X143.681 Y163.488
G1 F3180.2 X144.319 Y163.317 E1032.72292
G0 F15000 X144.09 Y163.317
G0 X144.09 Y162.148
G0 X144.32 Y162.148
G1 F3180.2 X143.68 Y161.507 E1032.75305
G0 F15000 X143.91 Y161.507
G0 X143.91 Y160.469
G0 X143.68 Y160.469
G1 F3180.2 X144.32 Y158.082 E1032.83524
G0 F15000 X144.09 Y158.082
G0 X143.91 Y155.206
G0 X143.681 Y155.206
G1 F3180.2 X144.32 Y155.035 E1032.85724
G0 F15000 X144.09 Y155.035
G0 X144.09 Y150.834
G0 X144.32 Y150.834
G1 F3180.2 X143.69 Y150.204 E1032.88688
G1 F2400 E1032.38688
G0 F15000 X143.91 Y150.406
G0 X144.57 Y174.12
G0 X145.665 Y174.12
G0 X154.335 Y174.12
G0 X155.43 Y174.12
G0 X155.91 Y174.12
G0 X155.6 Y174.4
;TYPE:WALL-INNER
G1 F2400 E1032.88688
G1 F3180.2 X156.4 Y174.4 E1032.91349
G1 X156.4 Y150.124 E1033.72091
G1 X155.6 Y150.124 E1033.74752
G1 X155.6 Y174.4 E1034.55494
G0 F15000 X155.2 Y174.8
;TYPE:WALL-OUTER
G1 F3180.2 X156.8 Y174.8 E1034.60816
G1 X156.8 Y149.724 E1035.44219
G1 X155.2 Y149.724 E1035.4954
G1 X155.2 Y174.8 E1036.32943
G0 F15000 X155.48 Y174.52
G0 X156.09 Y174.09
G0 X156.32 Y174.148
;TYPE:FILL
G1 F3180.2 X155.68 Y173.508 E1036.35954
G0 F15000 X155.91 Y173.508
G0 X155.91 Y168.555
G0 X155.681 Y168.555
G1 F3180.2 X156.319 Y168.384 E1036.38151
G0 F15000 X156.09 Y168.384
G0 X156.09 Y162.834
G0 X156.32 Y162.834
G1 F3180.2 X155.68 Y162.194 E1036.41161
G0 F15000 X155.91 Y162.194
G0 X155.91 Y160.273
G0 X155.68 Y160.273
G1 F3180.2 X156.32 Y160.102 E1036.43364
G0 F15000 X156.09 Y160.102
G0 X155.91 Y151.991
G0 X155.681 Y151.991
G1 F3180.2 X156.319 Y151.82 E1036.45561
G0 F15000 X156.32 Y151.52
G1 F3180.2 X155.68 Y150.88 E1036.48572
G1 F2400 E1035.98572
G0 F15000 X155.91 Y150.88
G0 X155.881 Y149.956
G0 X154.354 Y149.824
G0 X153.697 Y150.144
G0 X152.835 Y149.433
G0 X152.537 Y148.774
G0 X152.536 Y147.269
G0 X152.743 Y146.732
G0 X152.999 Y146.425
G0 X153.796 Y145.902
G0 X154.355 Y146.217
G0 X155.878 Y146.064
G0 X155.881 Y145.564
G0 X155.6 Y145.872
;TYPE:WALL-INNER
G1 F2400 E1036.48572
G1 F3180.2 X156.4 Y145.872 E1036.51232
G1 X156.4 Y127.3 E1037.13003
G1 X155.6 Y127.3 E1037.15664
G1 X155.6 Y145.872 E1037.77435
G0 F15000 X155.2 Y146.272
;TYPE:WALL-OUTER
G1 F3180.2 X156.8 Y146.272 E1037.82756
G1 X156.8 Y126.9 E1038.47188
G1 X155.2 Y126.9 E1038.52509
G1 X155.2 Y146.272 E1039.16941
G0 F15000 X155.895 Y145.792
;TYPE:FILL
G1 F3180.2 X156.32 Y144.208 E1039.22396
G0 F15000 X156.32 Y143.537
G1 F3180.2 X155.681 Y143.708 E1039.24596
G0 F15000 X155.91 Y143.708
G0 X156.09 Y140.207
G0 X156.32 Y140.207
G1 F3180.2 X155.68 Y139.567 E1039.27606
G0 F15000 X155.91 Y139.567
G0 X155.91 Y135.426
G0 X155.681 Y135.426
G1 F3180.2 X156.32 Y135.255 E1039.29806
G0 F15000 X156.09 Y135.255
G0 X156.09 Y128.893
G0 X156.32 Y128.893
G1 F3180.2 X155.68 Y128.253 E1039.32817
G0 F15000 X156 Y127.7
;TYPE:SKIN
G1 F2650.2 X156 Y128.1 E1039.34413
G1 F2400 E1038.84413
G0 F15000 X156 Y128.402
G0 X155.43 Y145.594
G0 X154.335 Y145.594
G0 X145.665 Y145.594
G0 X144.57 Y145.594
G0 X144.09 Y145.594
G0 X144.4 Y145.872
;TYPE:WALL-INNER
G1 F2400 E1039.34413
G1 F3180.2 X144.4 Y127.3 E1039.96184
G1 X143.6 Y127.3 E1039.98845
G1 X143.6 Y145.872 E1040.60615
G1 X144.4 Y145.872 E1040.63276
G0 F15000 X144.8 Y146.272
;TYPE:WALL-OUTER
G1 F3180.2 X144.8 Y126.9 E1041.27708
G1 X143.2 Y126.9 E1041.33029
G1 X143.2 Y146.272 E1041.97461
G1 X144.8 Y146.272 E1042.02783
G0 F15000 X144.52 Y145.994
G0 X144.09 Y139.52
G0 X144.32 Y139.52
;TYPE:FILL
G1 F3180.2 X143.68 Y138.88 E1042.05793
G0 F15000 X143.68 Y138.642
G1 F3180.2 X144.319 Y138.471 E1042.07993
G0 F15000 X144.09 Y138.471
G0 X143.91 Y130.36
G0 X143.68 Y130.36
G1 F3180.2 X144.319 Y130.189 E1042.10193
G0 F15000 X143.68 Y129.561
G1 F3180.2 X144.05 Y128.181 E1042.14945
G0 F15000 X144 Y127.7
;TYPE:SKIN
G1 F2650.2 X144 Y128.1 E1042.16542
G1 F2400 E1041.66542
;MESH:NONMESH
G0 F300 X144 Y128.1 Z5
G0 F15000 X144 Y128.402
G0 X143.424 Y146.051
G0 X142.355 Y146.217
G0 X141.796 Y145.902
G0 X140.999 Y146.425
G0 X140.743 Y146.732
G0 X140.536 Y147.269
G0 X140.537 Y148.776
G0 X140.791 Y149.334
G0 X141.18 Y149.725
G0 X141.842 Y150.111
G0 X142.355 Y149.8
G0 X142 Y149.03
;TIME_ELAPSED:1311.738344
;LAYER:24
;note -- min layer time used
;TYPE:SUPPORT
G1 F2400 E1042.16542
G1 F3149.1 X142 Y146.987 E1042.23337
G1 X141.842 Y146.902 E1042.23933
G1 X141.582 Y147.075 E1042.24972
G1 X141.498 Y147.175 E1042.25406
G1 X141.4 Y147.43 E1042.26315
G1 X141.401 Y148.59 E1042.30173
G1 X141.513 Y148.837 E1042.31075
G1 X141.712 Y149.036 E1042.32011
G1 X141.848 Y149.117 E1042.32538
G1 X142 Y149.03 E1042.3312
G1 X142 Y148.672 E1042.34311
G1 X144 Y148.672 E1042.40963
G1 X144 Y147.328 E1042.45433
G1 X146 Y147.328 E1042.52085
G1 X146 Y146.968 E1042.53283
G1 X146.154 Y146.882 E1042.53869
G1 X146.292 Y146.968 E1042.5441
G1 X146.487 Y147.163 E1042.55327
G1 X146.599 Y147.41 E1042.56229
G1 X146.6 Y148.571 E1042.60091
G1 X146.502 Y148.826 E1042.60999
G1 X146.418 Y148.926 E1042.61434
G1 X146.158 Y149.098 E1042.62471
G1 X146 Y149.013 E1042.63067
G1 X146 Y147.328 E1042.68672
G1 F2400 E1042.18672
G0 F15000 X147.252 Y146.759
G0 X153.34 Y149.852
G0 X154 Y149.053
G1 F2400 E1042.68672
G1 F3149.1 X154 Y146.987 E1042.75543
G1 X153.842 Y146.902 E1042.7614
G1 X153.582 Y147.075 E1042.77179
G1 X153.498 Y147.175 E1042.77613
G1 X153.4 Y147.43 E1042.78522
G1 X153.401 Y148.589 E1042.82377
G1 X153.539 Y148.896 E1042.83496
G1 X153.827 Y149.134 E1042.84739
G1 X154 Y149.053 E1042.85374
G1 X154 Y148.672 E1042.86641
G1 X156 Y148.672 E1042.93293
G1 X156 Y147.328 E1042.97764
G1 X158 Y147.328 E1043.04416
G1 X158 Y146.968 E1043.05613
G1 X158.154 Y146.882 E1043.062
G1 X158.292 Y146.968 E1043.0674
G1 X158.487 Y147.163 E1043.07658
G1 X158.599 Y147.41 E1043.0856
G1 X158.6 Y148.571 E1043.12421
G1 X158.476 Y148.893 E1043.13569
G1 X158.17 Y149.14 E1043.14877
G1 X158 Y149.058 E1043.15504
G1 X158 Y147.328 E1043.21259
G1 F2400 E1042.71259
G0 F15000 X157.645 Y146.198
G0 X158.179 Y145.886
G0 X158.829 Y146.284
G0 X159.209 Y146.666
G0 X159.463 Y147.224
G0 X160.663 Y169.192
G0 X160.66 Y170.956
G0 X160.304 Y171.887
G0 X157.653 Y175.653
G0 X154.347 Y175.653
G0 X151.807 Y172.055
G0 X151.435 Y171.251
G0 X151.337 Y170.804
G0 X151.34 Y169.043
G0 X151.709 Y168.078
G0 X152.219 Y167.504
G0 X153.139 Y166.891
G0 X153.695 Y166.779
G0 X154.371 Y167.034
G0 X154 Y167.878
G1 F2400 E1043.21259
G1 F3149.1 X153.864 Y167.755 E1043.21868
G1 X153.661 Y167.666 E1043.22606
G1 X153.477 Y167.703 E1043.2323
G1 X152.791 Y168.161 E1043.25973
G1 X152.46 Y168.533 E1043.27629
G1 X152.204 Y169.203 E1043.30015
G1 X152.201 Y170.713 E1043.35037
G1 X152.258 Y170.97 E1043.35913
G1 X152.524 Y171.546 E1043.38023
G1 X153.009 Y172.014 E1043.40265
G1 X153.516 Y172.316 E1043.42227
G1 X153.644 Y172.346 E1043.42665
G1 X153.8 Y172.286 E1043.43221
G1 X153.8 Y172.202 E1043.435
G1 X154 Y172.024 E1043.44391
G1 F2400 E1042.94391
G0 F15000 X154.353 Y172.98
G0 X154.347 Y175.653
G0 X157.653 Y175.653
G0 X160.304 Y171.887
G0 X160.66 Y170.956
G0 X160.663 Y169.192
G0 X160.557 Y168.739
G0 X160.197 Y167.952
G0 X159.522 Y167.297
G0 X158.812 Y166.872
G0 X158.346 Y166.765
G0 X158.042 Y166.849
G0 X158.356 Y167.654
G1 F2400 E1043.44391
G1 F3149.1 X158.484 Y167.684 E1043.44828
G1 X158.993 Y167.988 E1043.468
G1 X159.48 Y168.46 E1043.49055
G1 X159.736 Y169.019 E1043.511
G1 X159.799 Y169.29 E1043.52026
G1 X159.796 Y170.796 E1043.57035
G1 X159.551 Y171.437 E1043.59317
G1 X159.186 Y171.859 E1043.61173
G1 X158.524 Y172.293 E1043.63806
G1 X158.336 Y172.333 E1043.64445
G1 X158.2 Y172.264 E1043.64952
G1 X158.2 Y172.226 E1043.65079
G1 X158 Y172.039 E1043.65989
G1 X158 Y167.861 E1043.79885
G1 X158.2 Y167.773 E1043.80612
G1 X158.2 Y167.714 E1043.80808
G1 X158.356 Y167.654 E1043.81364
G1 F2400 E1043.31364
G0 F15000 X158.042 Y166.849
G0 X158.294 Y166.753
G0 X158.812 Y166.872
G0 X159.522 Y167.297
G0 X160.197 Y167.952
G0 X160.557 Y168.739
G0 X160.663 Y169.192
G0 X160.66 Y170.956
G0 X160.304 Y171.887
G0 X157.653 Y175.653
G0 X154.347 Y175.653
G0 X151.807 Y172.055
G0 X151.435 Y171.251
G0 X151.337 Y170.804
G0 X151.339 Y169.806
G0 X146.82 Y166.876
G0 X146.356 Y167.654
G1 F2400 E1043.81364
G1 F3149.1 X146.484 Y167.684 E1043.81802
G1 X146.993 Y167.988 E1043.83773
G1 X147.48 Y168.46 E1043.86029
G1 X147.736 Y169.019 E1043.88074
G1 X147.799 Y169.29 E1043.88999
G1 X147.796 Y170.796 E1043.94008
G1 X147.551 Y171.437 E1043.96291
G1 X147.186 Y171.859 E1043.98147
G1 X146.524 Y172.293 E1044.00779
G1 X146.336 Y172.333 E1044.01419
G1 X146.2 Y172.264 E1044.01926
G1 X146.2 Y172.226 E1044.02052
G1 X146 Y172.039 E1044.02963
G1 X146 Y167.861 E1044.16859
G1 X146.2 Y167.773 E1044.17586
G1 X146.2 Y167.714 E1044.17782
G1 X146.356 Y167.654 E1044.18338
G1 F2400 E1043.68338
G0 F15000 X146.042 Y166.849
G0 X146.294 Y166.753
G0 X146.812 Y166.872
G0 X147.522 Y167.297
G0 X148.197 Y167.952
G0 X148.557 Y168.739
G0 X148.663 Y169.192
G0 X148.66 Y170.956
G0 X148.304 Y171.887
G0 X145.653 Y175.653
G0 X142.347 Y175.653
G0 X139.807 Y172.055
G0 X139.435 Y171.251
G0 X139.337 Y170.804
G0 X139.34 Y169.043
G0 X139.709 Y168.078
G0 X140.219 Y167.504
G0 X141.139 Y166.891
G0 X141.695 Y166.779
G0 X142.354 Y167.046
G0 X142 Y167.878
G1 F2400 E1044.18338
G1 F3149.1 X141.864 Y167.755 E1044.18948
G1 X141.661 Y167.666 E1044.19685
G1 X141.477 Y167.703 E1044.20309
G1 X140.791 Y168.161 E1044.23053
G1 X140.46 Y168.533 E1044.24709
G1 X140.204 Y169.203 E1044.27094
G1 X140.201 Y170.713 E1044.32117
G1 X140.258 Y170.97 E1044.32992
G1 X140.524 Y171.546 E1044.35102
G1 X141.009 Y172.014 E1044.37344
G1 X141.516 Y172.316 E1044.39307
G1 X141.644 Y172.346 E1044.39744
G1 X141.8 Y172.286 E1044.403
G1 X141.8 Y172.202 E1044.40579
G1 X142 Y172.024 E1044.4147
G1 F2400 E1043.9147
;MESH:Limiter bracket.stl
G0 F15000 X143.43 Y172.024
G0 X144.09 Y174.12
G0 X144.4 Y174.4
;TYPE:WALL-INNER
G1 F2400 E1044.4147
G1 F3149.1 X144.4 Y150.272 E1045.2172
G1 X143.6 Y150.272 E1045.24381
G1 X143.6 Y174.4 E1046.04631
G1 X144.4 Y174.4 E1046.07292
G0 F15000 X144.8 Y174.8
;TYPE:WALL-OUTER
G1 F3149.1 X144.8 Y149.872 E1046.90203
G1 X143.2 Y149.872 E1046.95524
G1 X143.2 Y174.8 E1047.78435
G1 X144.8 Y174.8 E1047.83757
G0 F15000 X144.52 Y174.52
G0 X144.09 Y173.262
G0 X144.32 Y173.262
;TYPE:FILL
G1 F3149.1 X143.68 Y172.622 E1047.86767
G0 F15000 X143.68 Y171.917
G1 F3149.1 X144.32 Y171.745 E1047.88971
G0 F15000 X144.09 Y171.745
G0 X143.91 Y163.634
G0 X143.681 Y163.634
G1 F3149.1 X144.319 Y163.463 E1047.91168
G0 F15000 X144.09 Y163.463
G0 X144.09 Y161.949
G0 X144.32 Y161.949
G1 F3149.1 X143.68 Y161.308 E1047.94181
G0 F15000 X143.91 Y161.308
G0 X143.91 Y159.924
G0 X143.68 Y159.924
G1 F3149.1 X144.32 Y157.538 E1048.02397
G0 F15000 X144.09 Y157.538
G0 X143.91 Y155.352
G0 X143.68 Y155.352
G1 F3149.1 X144.319 Y155.181 E1048.04597
G0 F15000 X144.09 Y155.181
G0 X144.09 Y150.635
G0 X144.32 Y150.635
G1 F3149.1 X144.038 Y150.352 E1048.05926
G1 F2400 E1047.55926
G0 F15000 X144.038 Y150.582
G0 X144.57 Y174.12
G0 X145.665 Y174.12
G0 X154.335 Y174.12
G0 X155.43 Y174.12
G0 X155.91 Y174.12
G0 X155.6 Y174.4
;TYPE:WALL-INNER
G1 F2400 E1048.05926
G1 F3149.1 X156.4 Y174.4 E1048.08587
G1 X156.4 Y150.272 E1048.88837
G1 X155.6 Y150.272 E1048.91498
G1 X155.6 Y174.4 E1049.71748
G0 F15000 X155.2 Y174.8
;TYPE:WALL-OUTER
G1 F3149.1 X156.8 Y174.8 E1049.77069
G1 X156.8 Y149.872 E1050.5998
G1 X155.2 Y149.872 E1050.65302
G1 X155.2 Y174.8 E1051.48213
G0 F15000 X155.48 Y174.52
G0 X156.09 Y173.948
G0 X156.32 Y173.948
;TYPE:FILL
G1 F3149.1 X155.679 Y173.308 E1051.51226
G0 F15000 X155.91 Y173.308
G0 X155.91 Y168.701
G0 X155.681 Y168.701
G1 F3149.1 X156.319 Y168.53 E1051.53422
G0 F15000 X156.09 Y168.53
G0 X156.09 Y162.635
G0 X156.32 Y162.635
G1 F3149.1 X155.679 Y161.994 E1051.56438
G0 F15000 X155.91 Y161.994
G0 X155.91 Y160.419
G0 X155.68 Y160.419
G1 F3149.1 X156.32 Y160.248 E1051.58641
G0 F15000 X156.09 Y160.248
G0 X155.91 Y152.137
G0 X155.681 Y152.137
G1 F3149.1 X156.32 Y151.965 E1051.60842
G0 F15000 X156.32 Y151.321
G1 F3149.1 X155.679 Y150.68 E1051.63857
G1 F2400 E1051.13857
G0 F15000 X155.91 Y150.68
G0 X155.881 Y150.102
G0 X154.354 Y149.821
G0 X153.7 Y150.142
G0 X152.835 Y149.433
G0 X152.537 Y148.773
G0 X152.536 Y147.269
G0 X152.743 Y146.732
G0 X152.999 Y146.425
G0 X153.796 Y145.902
G0 X154.355 Y146.217
G0 X155.878 Y145.918
G0 X155.881 Y145.418
G0 X155.6 Y145.728
;TYPE:WALL-INNER
G1 F2400 E1051.63857
G1 F3149.1 X156.4 Y145.728 E1051.66518
G1 X156.4 Y127.5 E1052.27144
G1 X155.6 Y127.5 E1052.29805
G1 X155.6 Y145.728 E1052.90432
G0 F15000 X155.2 Y146.128
;TYPE:WALL-OUTER
G1 F3149.1 X156.8 Y146.128 E1052.95753
G1 X156.8 Y127.1 E1053.59041
G1 X155.2 Y127.1 E1053.64362
G1 X155.2 Y146.128 E1054.2765
G0 F15000 X155.788 Y145.649
;TYPE:FILL
G1 F3149.1 X156.32 Y143.663 E1054.34488
G1 X156.319 Y143.683
G1 X155.681 Y143.855 E1054.36686
G0 F15000 X155.91 Y143.855
G0 X156.09 Y140.007
G0 X156.32 Y140.007
G1 F3149.1 X155.68 Y139.367 E1054.39696
G0 F15000 X155.91 Y139.367
G0 X155.91 Y135.572
G0 X155.68 Y135.572
G1 F3149.1 X156.32 Y135.401 E1054.41899
G0 F15000 X156.09 Y135.401
G0 X156.09 Y128.693
G0 X156.32 Y128.693
G1 F3149.1 X156.009 Y128.382 E1054.43362
G0 F15000 X156 Y127.9
;TYPE:SKIN
G1 F2624.3 X156 Y128.3 E1054.44959
G1 F2400 E1053.94959
G0 F15000 X156 Y128.602
G0 X155.43 Y145.448
G0 X154.335 Y145.448
G0 X145.665 Y145.448
G0 X144.57 Y145.448
G0 X144.09 Y145.448
G0 X144.4 Y145.728
;TYPE:WALL-INNER
G1 F2400 E1054.44959
G1 F3149.1 X144.4 Y127.5 E1055.05585
G1 X143.6 Y127.5 E1055.08246
G1 X143.6 Y145.728 E1055.68873
G1 X144.4 Y145.728 E1055.71534
G0 F15000 X144.8 Y146.128
;TYPE:WALL-OUTER
G1 F3149.1 X144.8 Y127.1 E1056.34821
G1 X143.2 Y127.1 E1056.40143
G1 X143.2 Y146.128 E1057.0343
G1 X144.8 Y146.128 E1057.08752
G0 F15000 X144.52 Y145.848
G0 X144.09 Y139.321
G0 X144.32 Y139.321
;TYPE:FILL
G1 F3149.1 X143.68 Y138.681 E1057.11762
G1 X143.681 Y138.788
G1 X144.319 Y138.617 E1057.13959
G0 F15000 X144.09 Y138.617
G0 X143.91 Y130.505
G0 X143.681 Y130.505
G1 F3149.1 X144.32 Y130.334 E1057.16159
G0 F15000 X144.09 Y130.334
G0 X143.91 Y129.015
G0 X143.68 Y129.015
G1 F3149.1 X143.85 Y128.382 E1057.18339
G0 F15000 X144 Y127.9
;TYPE:SKIN
G1 F2624.3 X144 Y128.3 E1057.19935
G1 F2400 E1056.69935
;MESH:NONMESH
G0 F300 X144 Y128.3 Z5.2
G0 F15000 X144 Y128.602
G0 X143.424 Y145.905
G0 X142.355 Y146.217
G0 X141.796 Y145.902
G0 X140.999 Y146.425
G0 X140.743 Y146.732
G0 X140.536 Y147.269
G0 X140.537 Y148.776
G0 X140.791 Y149.334
G0 X141.18 Y149.725
G0 X141.842 Y150.111
G0 X142.355 Y149.8
G0 X142 Y149.03
;TIME_ELAPSED:1337.829983
;LAYER:25
;note -- min layer time used
;TYPE:SUPPORT
G1 F2400 E1057.19935
G1 F3107.3 X142 Y146.987 E1057.2673
G1 X141.842 Y146.902 E1057.27327
G1 X141.582 Y147.075 E1057.28366
G1 X141.498 Y147.175 E1057.288
G1 X141.4 Y147.43 E1057.29709
G1 X141.401 Y148.59 E1057.33567
G1 X141.513 Y148.837 E1057.34469
G1 X141.712 Y149.036 E1057.35405
G1 X141.848 Y149.117 E1057.35932
G1 X142 Y149.03 E1057.36514
G1 X142 Y148.79 E1057.37312
G1 X144 Y148.79 E1057.43964
G1 X144 Y147.21 E1057.49219
G1 X146 Y147.21 E1057.55871
G1 X146 Y146.968 E1057.56676
G1 X146.154 Y146.882 E1057.57263
G1 X146.292 Y146.968 E1057.57804
G1 X146.487 Y147.163 E1057.58721
G1 X146.599 Y147.41 E1057.59623
G1 X146.6 Y148.571 E1057.63485
G1 X146.502 Y148.826 E1057.64393
G1 X146.418 Y148.926 E1057.64828
G1 X146.158 Y149.098 E1057.65864
G1 X146 Y149.013 E1057.66461
G1 X146 Y147.21 E1057.72458
G1 F2400 E1057.22458
G0 F15000 X146.879 Y146.333
G0 X153.017 Y149.585
G0 X154 Y149.049
G1 F2400 E1057.72458
G1 F3107.3 X154 Y146.987 E1057.79316
G1 X153.842 Y146.902 E1057.79913
G1 X153.582 Y147.075 E1057.80952
G1 X153.498 Y147.175 E1057.81386
G1 X153.4 Y147.43 E1057.82295
G1 X153.401 Y148.589 E1057.8615
G1 X153.538 Y148.895 E1057.87265
G1 X153.83 Y149.131 E1057.88513
G1 X154 Y149.049 E1057.89141
G1 X154 Y148.79 E1057.90003
G1 X156 Y148.79 E1057.96655
G1 X156 Y147.21 E1058.0191
G1 X158 Y147.21 E1058.08562
G1 X158 Y146.968 E1058.09367
G1 X158.154 Y146.882 E1058.09953
G1 X158.292 Y146.968 E1058.10494
G1 X158.487 Y147.163 E1058.11411
G1 X158.599 Y147.41 E1058.12313
G1 X158.6 Y148.571 E1058.16175
G1 X158.475 Y148.895 E1058.1733
G1 X158.17 Y149.138 E1058.18627
G1 X158 Y149.057 E1058.19253
G1 X158 Y147.21 E1058.25396
G1 F2400 E1057.75396
G0 F15000 X157.645 Y146.198
G0 X158.179 Y145.886
G0 X158.829 Y146.284
G0 X159.209 Y146.666
G0 X159.463 Y147.224
G0 X160.663 Y169.192
G0 X160.66 Y170.956
G0 X160.304 Y171.887
G0 X157.653 Y175.653
G0 X154.347 Y175.653
G0 X151.807 Y172.055
G0 X151.435 Y171.251
G0 X151.337 Y170.804
G0 X151.34 Y169.043
G0 X151.709 Y168.078
G0 X152.219 Y167.504
G0 X153.139 Y166.891
G0 X153.695 Y166.779
G0 X154.371 Y167.034
G0 X154 Y167.878
G1 F2400 E1058.25396
G1 F3107.3 X153.864 Y167.755 E1058.26006
G1 X153.661 Y167.666 E1058.26744
G1 X153.477 Y167.703 E1058.27368
G1 X152.791 Y168.161 E1058.30111
G1 X152.46 Y168.533 E1058.31767
G1 X152.204 Y169.203 E1058.34153
G1 X152.201 Y170.713 E1058.39175
G1 X152.258 Y170.97 E1058.40051
G1 X152.524 Y171.546 E1058.42161
G1 X153.009 Y172.014 E1058.44403
G1 X153.516 Y172.316 E1058.46365
G1 X153.644 Y172.346 E1058.46803
G1 X153.8 Y172.286 E1058.47359
G1 X153.8 Y172.202 E1058.47638
G1 X154 Y172.024 E1058.48528
G1 F2400 E1057.98528
G0 F15000 X154.353 Y172.98
G0 X154.347 Y175.653
G0 X157.653 Y175.653
G0 X160.304 Y171.887
G0 X160.66 Y170.956
G0 X160.663 Y169.192
G0 X160.557 Y168.739
G0 X160.197 Y167.952
G0 X159.522 Y167.297
G0 X158.812 Y166.872
G0 X158.346 Y166.765
G0 X158.042 Y166.849
G0 X158.356 Y167.654
G1 F2400 E1058.48528
G1 F3107.3 X158.484 Y167.684 E1058.48966
G1 X158.993 Y167.988 E1058.50938
G1 X159.48 Y168.46 E1058.53193
G1 X159.736 Y169.019 E1058.55238
G1 X159.799 Y169.29 E1058.56164
G1 X159.796 Y170.796 E1058.61173
G1 X159.551 Y171.437 E1058.63455
G1 X159.186 Y171.859 E1058.65311
G1 X158.524 Y172.293 E1058.67944
G1 X158.336 Y172.333 E1058.68583
G1 X158.2 Y172.264 E1058.6909
G1 X158.2 Y172.226 E1058.69216
G1 X158 Y172.036 E1058.70134
G1 X158 Y167.861 E1058.8402
G1 X158.2 Y167.773 E1058.84747
G1 X158.2 Y167.714 E1058.84943
G1 X158.356 Y167.654 E1058.85499
G1 F2400 E1058.35499
G0 F15000 X158.042 Y166.849
G0 X158.294 Y166.753
G0 X158.812 Y166.872
G0 X159.522 Y167.297
G0 X160.197 Y167.952
G0 X160.557 Y168.739
G0 X160.663 Y169.192
G0 X160.66 Y170.956
G0 X160.304 Y171.887
G0 X157.653 Y175.653
G0 X154.347 Y175.653
G0 X151.807 Y172.055
G0 X151.435 Y171.251
G0 X151.337 Y170.804
G0 X151.339 Y169.806
G0 X146.82 Y166.876
G0 X146.356 Y167.654
G1 F2400 E1058.85499
G1 F3107.3 X146.484 Y167.684 E1058.85936
G1 X146.993 Y167.988 E1058.87908
G1 X147.48 Y168.46 E1058.90164
G1 X147.736 Y169.019 E1058.92209
G1 X147.799 Y169.29 E1058.93134
G1 X147.796 Y170.796 E1058.98143
G1 X147.551 Y171.437 E1059.00426
G1 X147.186 Y171.859 E1059.02281
G1 X146.524 Y172.293 E1059.04914
G1 X146.336 Y172.333 E1059.05553
G1 X146.2 Y172.264 E1059.06061
G1 X146.2 Y172.226 E1059.06187
G1 X146 Y172.036 E1059.07105
G1 X146 Y167.861 E1059.20991
G1 X146.2 Y167.773 E1059.21717
G1 X146.2 Y167.714 E1059.21914
G1 X146.356 Y167.654 E1059.2247
G1 F2400 E1058.7247
G0 F15000 X146.042 Y166.849
G0 X146.294 Y166.753
G0 X146.812 Y166.872
G0 X147.522 Y167.297
G0 X148.197 Y167.952
G0 X148.557 Y168.739
G0 X148.663 Y169.192
G0 X148.66 Y170.956
G0 X148.304 Y171.887
G0 X145.653 Y175.653
G0 X142.347 Y175.653
G0 X139.807 Y172.055
G0 X139.435 Y171.251
G0 X139.337 Y170.804
G0 X139.34 Y169.043
G0 X139.709 Y168.078
G0 X140.219 Y167.504
G0 X141.139 Y166.891
G0 X141.695 Y166.779
G0 X142.354 Y167.046
G0 X142 Y167.878
G1 F2400 E1059.2247
G1 F3107.3 X141.864 Y167.755 E1059.23079
G1 X141.661 Y167.666 E1059.23817
G1 X141.477 Y167.703 E1059.24441
G1 X140.791 Y168.161 E1059.27184
G1 X140.46 Y168.533 E1059.28841
G1 X140.204 Y169.203 E1059.31226
G1 X140.201 Y170.713 E1059.36248
G1 X140.258 Y170.97 E1059.37124
G1 X140.524 Y171.546 E1059.39234
G1 X141.009 Y172.014 E1059.41476
G1 X141.516 Y172.316 E1059.43439
G1 X141.644 Y172.346 E1059.43876
G1 X141.8 Y172.286 E1059.44432
G1 X141.8 Y172.202 E1059.44711
G1 X142 Y172.024 E1059.45602
G1 F2400 E1058.95602
;MESH:Limiter bracket.stl
G0 F15000 X143.43 Y172.024
G0 X144.09 Y174.12
G0 X144.4 Y174.4
;TYPE:WALL-INNER
G1 F2400 E1059.45602
G1 F3107.3 X144.4 Y150.388 E1060.25466
G1 X143.6 Y150.388 E1060.28127
G1 X143.6 Y174.4 E1061.07991
G1 X144.4 Y174.4 E1061.10652
G0 F15000 X144.8 Y174.8
;TYPE:WALL-OUTER
G1 F3107.3 X144.8 Y149.988 E1061.93177
G1 X143.2 Y149.988 E1061.98498
G1 X143.2 Y174.8 E1062.81023
G1 X144.8 Y174.8 E1062.86345
G0 F15000 X144.52 Y174.52
G0 X144.09 Y173.063
G0 X144.32 Y173.063
;TYPE:FILL
G1 F3107.3 X143.68 Y172.422 E1062.89358
G0 F15000 X143.681 Y172.063
G1 F3107.3 X144.319 Y171.891 E1062.91556
G0 F15000 X144.09 Y171.891
G0 X143.91 Y163.78
G0 X143.68 Y163.78
G1 F3107.3 X144.32 Y163.609 E1062.93759
G0 F15000 X144.09 Y163.609
G0 X144.09 Y161.749
G0 X144.32 Y161.749
G1 F3107.3 X143.68 Y161.109 E1062.96769
G0 F15000 X143.91 Y161.109
G0 X143.91 Y159.38
G0 X143.68 Y159.38
G1 F3107.3 X144.32 Y156.993 E1063.04989
G0 F15000 X144.09 Y156.993
G0 X143.91 Y155.498
G0 X143.681 Y155.498
G1 F3107.3 X144.319 Y155.327 E1063.07186
G1 F2400 E1062.57186
G0 F15000 X144.09 Y155.327
G0 X144.57 Y174.12
G0 X145.665 Y174.12
G0 X154.335 Y174.12
G0 X155.43 Y174.12
G0 X155.91 Y174.12
G0 X155.6 Y174.4
;TYPE:WALL-INNER
G1 F2400 E1063.07186
G1 F3107.3 X156.4 Y174.4 E1063.09847
G1 X156.4 Y150.388 E1063.89711
G1 X155.6 Y150.388 E1063.92372
G1 X155.6 Y174.4 E1064.72236
G0 F15000 X155.2 Y174.8
;TYPE:WALL-OUTER
G1 F3107.3 X156.8 Y174.8 E1064.77557
G1 X156.8 Y149.988 E1065.60082
G1 X155.2 Y149.988 E1065.65404
G1 X155.2 Y174.8 E1066.47929
G0 F15000 X155.48 Y174.52
G0 X156.09 Y174.12
G0 X156.241 Y174.321
;TYPE:FILL
G1 F3107.3 X156.32 Y174.027 E1066.48942
G0 F15000 X156.32 Y173.749
G1 F3107.3 X155.679 Y173.108 E1066.51957
G0 F15000 X155.91 Y173.108
G0 X155.91 Y168.847
G0 X155.681 Y168.847
G1 F3107.3 X156.32 Y168.676 E1066.54157
G0 F15000 X156.09 Y168.676
G0 X156.09 Y162.435
G0 X156.32 Y162.435
G1 F3107.3 X155.679 Y161.795 E1066.5717
G0 F15000 X155.91 Y161.795
G0 X155.91 Y160.565
G0 X155.68 Y160.565
G1 F3107.3 X156.319 Y160.394 E1066.5937
G0 F15000 X156.09 Y160.394
G0 X155.91 Y152.283
G0 X155.68 Y152.283
G1 F3107.3 X156.32 Y152.112 E1066.61573
G0 F15000 X156.32 Y151.121
G1 F3107.3 X155.679 Y150.481 E1066.64586
G1 F2400 E1066.14586
G0 F15000 X155.91 Y150.67
G0 X155.914 Y150.2
G0 X154.354 Y149.817
G0 X153.712 Y150.138
G0 X152.835 Y149.434
G0 X152.537 Y148.772
G0 X152.536 Y147.269
G0 X152.743 Y146.732
G0 X152.999 Y146.425
G0 X153.716 Y145.954
G0 X154.335 Y145.78
G0 X155.914 Y145.78
G0 X155.91 Y145.33
G0 X155.6 Y145.608
;TYPE:WALL-INNER
G1 F2400 E1066.64586
G1 F3107.3 X156.4 Y145.608 E1066.67247
G1 X156.4 Y127.7 E1067.26809
G1 X155.6 Y127.7 E1067.2947
G1 X155.6 Y145.608 E1067.89032
G0 F15000 X155.2 Y146.008
;TYPE:WALL-OUTER
G1 F3107.3 X156.8 Y146.008 E1067.94353
G1 X156.8 Y127.3 E1068.56577
G1 X155.2 Y127.3 E1068.61898
G1 X155.2 Y146.008 E1069.24121
G0 F15000 X155.68 Y145.504
;TYPE:FILL
G1 F3107.3 X156.32 Y143.118 E1069.32338
G0 F15000 X156.319 Y143.829
G1 F3107.3 X155.681 Y144.001 E1069.34535
G0 F15000 X155.91 Y144.001
G0 X156.09 Y139.808
G0 X156.32 Y139.808
G1 F3107.3 X155.68 Y139.168 E1069.37546
G0 F15000 X155.91 Y139.168
G0 X155.91 Y135.718
G0 X155.68 Y135.718
G1 F3107.3 X156.32 Y135.547 E1069.39749
G0 F15000 X156.09 Y135.547
G0 X156 Y128.802
G0 X156 Y128.1
;TYPE:SKIN
G1 F2589.4 X156 Y128.5 E1069.41346
G1 F2400 E1068.91346
G0 F15000 X156 Y128.802
G0 X155.43 Y145.33
G0 X154.335 Y145.33
G0 X145.665 Y145.33
G0 X144.57 Y145.33
G0 X144.09 Y145.33
G0 X144.4 Y145.608
;TYPE:WALL-INNER
G1 F2400 E1069.41346
G1 F3107.3 X144.4 Y127.7 E1070.00908
G1 X143.6 Y127.7 E1070.03569
G1 X143.6 Y145.608 E1070.63131
G1 X144.4 Y145.608 E1070.65792
G0 F15000 X144.8 Y146.008
;TYPE:WALL-OUTER
G1 F3107.3 X144.8 Y127.3 E1071.28015
G1 X143.2 Y127.3 E1071.33336
G1 X143.2 Y146.008 E1071.95559
G1 X144.8 Y146.008 E1072.00881
G0 F15000 X144.52 Y145.73
G0 X144.09 Y139.121
G0 X144.32 Y139.121
;TYPE:FILL
G1 F3107.3 X143.68 Y138.481 E1072.03891
G0 F15000 X143.681 Y138.934
G1 F3107.3 X144.32 Y138.762 E1072.06092
G0 F15000 X144.09 Y138.762
G0 X143.91 Y130.651
G0 X143.681 Y130.651
G1 F3107.3 X144.319 Y130.48 E1072.08289
G0 F15000 X144.09 Y130.48
G0 X144 Y128.802
G0 X144 Y128.1
;TYPE:SKIN
G1 F2589.4 X144 Y128.5 E1072.09886
G1 F2400 E1071.59886
;MESH:NONMESH
G0 F300 X144 Y128.5 Z5.4
G0 F15000 X144 Y128.802
G0 X143.424 Y145.786
G0 X142.335 Y145.786
G0 X141.796 Y145.902
G0 X140.999 Y146.425
G0 X140.743 Y146.732
G0 X140.536 Y147.269
G0 X140.537 Y148.776
G0 X140.791 Y149.334
G0 X141.18 Y149.725
G0 X141.842 Y150.111
G0 X142.355 Y149.8
G0 X142 Y149.03
;TIME_ELAPSED:1363.508595
;LAYER:26
;note -- min layer time used
;TYPE:SUPPORT
G1 F2400 E1072.09886
G1 F3088.1 X142 Y146.987 E1072.16681
G1 X141.842 Y146.902 E1072.17277
G1 X141.582 Y147.075 E1072.18316
G1 X141.498 Y147.175 E1072.18751
G1 X141.4 Y147.43 E1072.19659
G1 X141.401 Y148.59 E1072.23517
G1 X141.513 Y148.837 E1072.24419
G1 X141.712 Y149.036 E1072.25355
G1 X141.848 Y149.117 E1072.25882
G1 X142 Y149.03 E1072.26464
G1 X142 Y148.879 E1072.26967
G1 X144 Y148.879 E1072.33619
G1 X144 Y147.121 E1072.39466
G1 X146 Y147.121 E1072.46118
G1 X146 Y146.968 E1072.46627
G1 X146.154 Y146.882 E1072.47213
G1 X146.292 Y146.968 E1072.47754
G1 X146.487 Y147.163 E1072.48671
G1 X146.599 Y147.41 E1072.49573
G1 X146.6 Y148.571 E1072.53435
G1 X146.502 Y148.826 E1072.54344
G1 X146.418 Y148.926 E1072.54778
G1 X146.158 Y149.098 E1072.55815
G1 X146 Y149.013 E1072.56412
G1 X146 Y147.121 E1072.62704
G1 F2400 E1072.12704
G0 F15000 X146.834 Y146.288
G0 X153.148 Y149.691
G0 X154 Y149.049
G1 F2400 E1072.62704
G1 F3088.1 X154 Y146.987 E1072.69563
G1 X153.842 Y146.902 E1072.70159
G1 X153.582 Y147.075 E1072.71198
G1 X153.498 Y147.175 E1072.71632
G1 X153.4 Y147.43 E1072.72541
G1 X153.401 Y148.589 E1072.76396
G1 X153.54 Y148.895 E1072.77514
G1 X153.83 Y149.131 E1072.78757
G1 X154 Y149.049 E1072.79385
G1 X154 Y148.879 E1072.7995
G1 X156 Y148.879 E1072.86602
G1 X156 Y147.121 E1072.9245
G1 X158 Y147.121 E1072.99102
G1 X158 Y146.968 E1072.99611
G1 X158.154 Y146.882 E1073.00197
G1 X158.292 Y146.968 E1073.00738
G1 X158.487 Y147.163 E1073.01655
G1 X158.599 Y147.41 E1073.02557
G1 X158.6 Y148.571 E1073.06419
G1 X158.474 Y148.898 E1073.07584
G1 X158.168 Y149.134 E1073.0887
G1 X158 Y149.052 E1073.09491
G1 X158 Y147.121 E1073.15914
G1 F2400 E1072.65914
G0 F15000 X157.645 Y146.198
G0 X158.179 Y145.886
G0 X158.829 Y146.284
G0 X159.209 Y146.666
G0 X159.463 Y147.224
G0 X160.663 Y169.192
G0 X160.66 Y170.956
G0 X160.304 Y171.887
G0 X157.653 Y175.653
G0 X154.347 Y175.653
G0 X151.807 Y172.055
G0 X151.435 Y171.251
G0 X151.337 Y170.804
G0 X151.34 Y169.043
G0 X151.709 Y168.078
G0 X152.219 Y167.504
G0 X153.139 Y166.891
G0 X153.695 Y166.779
G0 X154.371 Y167.034
G0 X154 Y167.878
G1 F2400 E1073.15914
G1 F3088.1 X153.864 Y167.755 E1073.16524
G1 X153.661 Y167.666 E1073.17261
G1 X153.477 Y167.703 E1073.17885
G1 X152.791 Y168.161 E1073.20629
G1 X152.46 Y168.533 E1073.22285
G1 X152.204 Y169.203 E1073.2467
G1 X152.201 Y170.713 E1073.29693
G1 X152.258 Y170.97 E1073.30568
G1 X152.524 Y171.546 E1073.32678
G1 X153.009 Y172.014 E1073.3492
G1 X153.516 Y172.316 E1073.36883
G1 X153.644 Y172.346 E1073.3732
G1 X153.8 Y172.286 E1073.37876
G1 X153.8 Y172.202 E1073.38155
G1 X154 Y172.024 E1073.39046
G1 F2400 E1072.89046
G0 F15000 X154.353 Y172.98
G0 X154.347 Y175.653
G0 X157.653 Y175.653
G0 X160.304 Y171.887
G0 X160.66 Y170.956
G0 X160.663 Y169.192
G0 X160.557 Y168.739
G0 X160.197 Y167.952
G0 X159.522 Y167.297
G0 X158.812 Y166.872
G0 X158.346 Y166.765
G0 X158.042 Y166.849
G0 X158.356 Y167.654
G1 F2400 E1073.39046
G1 F3088.1 X158.484 Y167.684 E1073.39483
G1 X158.993 Y167.988 E1073.41455
G1 X159.48 Y168.46 E1073.43711
G1 X159.736 Y169.019 E1073.45756
G1 X159.799 Y169.29 E1073.46681
G1 X159.796 Y170.796 E1073.5169
G1 X159.551 Y171.437 E1073.53973
G1 X159.186 Y171.859 E1073.55828
G1 X158.524 Y172.293 E1073.58461
G1 X158.336 Y172.333 E1073.591
G1 X158.2 Y172.264 E1073.59608
G1 X158.2 Y172.225 E1073.59737
G1 X158 Y172.035 E1073.60655
G1 X158 Y167.861 E1073.74538
G1 X158.2 Y167.773 E1073.75264
G1 X158.2 Y167.714 E1073.75461
G1 X158.356 Y167.654 E1073.76017
G1 F2400 E1073.26017
G0 F15000 X158.042 Y166.849
G0 X158.294 Y166.753
G0 X158.812 Y166.872
G0 X159.522 Y167.297
G0 X160.197 Y167.952
G0 X160.557 Y168.739
G0 X160.663 Y169.192
G0 X160.66 Y170.956
G0 X160.304 Y171.887
G0 X157.653 Y175.653
G0 X154.347 Y175.653
G0 X151.807 Y172.055
G0 X151.435 Y171.251
G0 X151.337 Y170.804
G0 X151.339 Y169.806
G0 X146.82 Y166.876
G0 X146.356 Y167.654
G1 F2400 E1073.76017
G1 F3088.1 X146.484 Y167.684 E1073.76454
G1 X146.993 Y167.988 E1073.78426
G1 X147.48 Y168.46 E1073.80681
G1 X147.736 Y169.019 E1073.82726
G1 X147.799 Y169.29 E1073.83652
G1 X147.796 Y170.796 E1073.88661
G1 X147.551 Y171.437 E1073.90943
G1 X147.186 Y171.859 E1073.92799
G1 X146.524 Y172.293 E1073.95432
G1 X146.336 Y172.333 E1073.96071
G1 X146.2 Y172.264 E1073.96578
G1 X146.2 Y172.225 E1073.96708
G1 X146 Y172.035 E1073.97625
G1 X146 Y167.861 E1074.11508
G1 X146.2 Y167.773 E1074.12235
G1 X146.2 Y167.714 E1074.12431
G1 X146.356 Y167.654 E1074.12987
G1 F2400 E1073.62987
G0 F15000 X146.042 Y166.849
G0 X146.294 Y166.753
G0 X146.812 Y166.872
G0 X147.522 Y167.297
G0 X148.197 Y167.952
G0 X148.557 Y168.739
G0 X148.663 Y169.192
G0 X148.66 Y170.956
G0 X148.304 Y171.887
G0 X145.653 Y175.653
G0 X142.347 Y175.653
G0 X139.807 Y172.055
G0 X139.435 Y171.251
G0 X139.337 Y170.804
G0 X139.34 Y169.043
G0 X139.709 Y168.078
G0 X140.219 Y167.504
G0 X141.139 Y166.891
G0 X141.695 Y166.779
G0 X142.354 Y167.046
G0 X142 Y167.878
G1 F2400 E1074.12987
G1 F3088.1 X141.864 Y167.755 E1074.13597
G1 X141.661 Y167.666 E1074.14334
G1 X141.477 Y167.703 E1074.14958
G1 X140.791 Y168.161 E1074.17702
G1 X140.46 Y168.533 E1074.19358
G1 X140.204 Y169.203 E1074.21744
G1 X140.201 Y170.713 E1074.26766
G1 X140.258 Y170.97 E1074.27641
G1 X140.524 Y171.546 E1074.29752
G1 X141.009 Y172.014 E1074.31993
G1 X141.516 Y172.316 E1074.33956
G1 X141.644 Y172.346 E1074.34393
G1 X141.8 Y172.286 E1074.34949
G1 X141.8 Y172.202 E1074.35229
G1 X142 Y172.024 E1074.36119
G1 F2400 E1073.86119
;MESH:Limiter bracket.stl
G0 F15000 X143.43 Y172.024
G0 X144.09 Y174.12
G0 X144.4 Y174.4
;TYPE:WALL-INNER
G1 F2400 E1074.36119
G1 F3088.1 X144.4 Y150.476 E1075.15691
G1 X143.6 Y150.476 E1075.18351
G1 X143.6 Y174.4 E1075.97923
G1 X144.4 Y174.4 E1076.00584
G0 F15000 X144.8 Y174.8
;TYPE:WALL-OUTER
G1 F3088.1 X144.8 Y150.076 E1076.82816
G1 X143.2 Y150.076 E1076.88138
G1 X143.2 Y174.8 E1077.7037
G1 X144.8 Y174.8 E1077.75692
G0 F15000 X144.52 Y174.52
G0 X144.09 Y172.862
G0 X144.32 Y172.862
;TYPE:FILL
G1 F3088.1 X143.68 Y172.222 E1077.78702
G1 X143.681 Y172.21
G1 X144.319 Y172.038 E1077.809
G0 F15000 X144.09 Y172.038
G0 X143.91 Y163.927
G0 X143.68 Y163.927
G1 F3088.1 X144.32 Y163.756 E1077.83103
G0 F15000 X144.09 Y163.756
G0 X144.09 Y161.548
G0 X144.32 Y161.548
G1 F3088.1 X143.68 Y160.908 E1077.86114
G0 F15000 X143.91 Y160.908
G0 X143.91 Y158.831
G0 X143.68 Y158.831
G1 F3088.1 X144.32 Y156.444 E1077.94333
G0 F15000 X144.32 Y155.474
G1 F3088.1 X143.68 Y155.645 E1077.96537
G1 F2400 E1077.46537
G0 F15000 X143.91 Y155.645
G0 X144.57 Y174.12
G0 X145.665 Y174.12
G0 X154.335 Y174.12
G0 X155.43 Y174.12
G0 X155.91 Y174.12
G0 X155.6 Y174.4
;TYPE:WALL-INNER
G1 F2400 E1077.96537
G1 F3088.1 X156.4 Y174.4 E1077.99197
G1 X156.4 Y150.476 E1078.78769
G1 X155.6 Y150.476 E1078.8143
G1 X155.6 Y174.4 E1079.61001
G0 F15000 X155.2 Y174.8
;TYPE:WALL-OUTER
G1 F3088.1 X156.8 Y174.8 E1079.66323
G1 X156.8 Y150.076 E1080.48555
G1 X155.2 Y150.076 E1080.53877
G1 X155.2 Y174.8 E1081.36109
G0 F15000 X155.48 Y174.52
G0 X156.09 Y174.09
G0 X156.094 Y174.321
;TYPE:FILL
G1 F3088.1 X156.32 Y173.479 E1081.39009
G1 X156.32 Y173.548
G1 X155.68 Y172.908 E1081.42019
G0 F15000 X155.91 Y172.908
G0 X155.91 Y168.994
G0 X155.681 Y168.994
G1 F3088.1 X156.319 Y168.823 E1081.44216
G0 F15000 X156.09 Y168.823
G0 X156.09 Y162.234
G0 X156.32 Y162.234
G1 F3088.1 X155.68 Y161.594 E1081.47226
G0 F15000 X155.681 Y160.712
G1 F3088.1 X156.319 Y160.541 E1081.49423
G0 F15000 X156.09 Y160.541
G0 X155.91 Y152.43
G0 X155.68 Y152.43
G1 F3088.1 X156.32 Y152.259 E1081.51627
G0 F15000 X156.09 Y152.259
G0 X156.09 Y150.921
G0 X156.32 Y150.921
G1 F3088.1 X155.956 Y150.556 E1081.53341
G1 F2400 E1081.03341
G0 F15000 X155.956 Y150.789
G0 X155.914 Y150.289
G0 X154.335 Y150.289
G0 X153.712 Y150.138
G0 X152.837 Y149.436
G0 X152.537 Y148.775
G0 X152.536 Y147.269
G0 X152.743 Y146.732
G0 X152.999 Y146.425
G0 X153.644 Y146.001
G0 X154.335 Y145.691
G0 X155.914 Y145.691
G0 X155.91 Y145.241
G0 X155.6 Y145.52
;TYPE:WALL-INNER
G1 F2400 E1081.53341
G1 F3088.1 X156.4 Y145.52 E1081.56002
G1 X156.4 Y127.9 E1082.14606
G1 X155.6 Y127.9 E1082.17267
G1 X155.6 Y145.52 E1082.75872
G0 F15000 X155.2 Y145.92
;TYPE:WALL-OUTER
G1 F3088.1 X156.8 Y145.92 E1082.81193
G1 X156.8 Y127.5 E1083.42458
G1 X155.2 Y127.5 E1083.4778
G1 X155.2 Y145.92 E1084.09045
G0 F15000 X155.48 Y145.641
G0 X155.91 Y144.956
G0 X155.68 Y144.956
;TYPE:FILL
G1 F3088.1 X156.32 Y142.569 E1084.17265
G0 F15000 X156.09 Y142.569
G0 X156.09 Y143.976
G0 X156.319 Y143.976
G1 F3088.1 X155.681 Y144.148 E1084.19462
G0 F15000 X155.91 Y144.148
G0 X156.09 Y139.607
G0 X156.32 Y139.607
G1 F3088.1 X155.68 Y138.967 E1084.22473
G0 F15000 X155.91 Y138.967
G0 X155.91 Y135.865
G0 X155.68 Y135.865
G1 F3088.1 X156.32 Y135.694 E1084.24676
G0 F15000 X156.09 Y135.694
G0 X156 Y129.002
G0 X156 Y128.3
;TYPE:SKIN
G1 F2573.4 X156 Y128.7 E1084.26273
G1 F2400 E1083.76273
G0 F15000 X156 Y129.002
G0 X155.43 Y145.241
G0 X154.335 Y145.241
G0 X145.665 Y145.241
G0 X144.57 Y145.241
G0 X144.09 Y145.241
G0 X144.4 Y145.52
;TYPE:WALL-INNER
G1 F2400 E1084.26273
G1 F3088.1 X144.4 Y127.9 E1084.84877
G1 X143.6 Y127.9 E1084.87538
G1 X143.6 Y145.52 E1085.46142
G1 X144.4 Y145.52 E1085.48803
G0 F15000 X144.8 Y145.92
;TYPE:WALL-OUTER
G1 F3088.1 X144.8 Y127.5 E1086.10068
G1 X143.2 Y127.5 E1086.1539
G1 X143.2 Y145.92 E1086.76655
G1 X144.8 Y145.92 E1086.81977
G0 F15000 X144.52 Y145.641
G0 X143.91 Y139.081
G0 X143.681 Y139.081
;TYPE:FILL
G1 F3088.1 X144.32 Y138.909 E1086.84178
G1 X144.32 Y138.92
G1 X143.68 Y138.28 E1086.87188
G0 F15000 X143.91 Y138.28
G0 X143.91 Y130.798
G0 X143.681 Y130.798
G1 F3088.1 X144.319 Y130.627 E1086.89385
G0 F15000 X144.09 Y130.627
G0 X144 Y129.002
G0 X144 Y128.3
;TYPE:SKIN
G1 F2573.4 X144 Y128.7 E1086.90981
G1 F2400 E1086.40981
;MESH:NONMESH
G0 F300 X144 Y128.7 Z5.6
G0 F15000 X144 Y129.002
G0 X143.424 Y145.697
G0 X142.335 Y145.697
G0 X141.796 Y145.902
G0 X140.999 Y146.425
G0 X140.743 Y146.732
G0 X140.536 Y147.269
G0 X140.537 Y148.776
G0 X140.791 Y149.334
G0 X141.18 Y149.725
G0 X141.842 Y150.111
G0 X142.355 Y149.8
G0 X142 Y149.027
;TIME_ELAPSED:1389.070295
;LAYER:27
;note -- min layer time used
;TYPE:SUPPORT
G1 F2400 E1086.90981
G1 F3072.3 X142 Y146.987 E1086.97766
G1 X141.842 Y146.902 E1086.98363
G1 X141.582 Y147.075 E1086.99402
G1 X141.498 Y147.175 E1086.99836
G1 X141.4 Y147.43 E1087.00745
G1 X141.401 Y148.59 E1087.04603
G1 X141.513 Y148.837 E1087.05505
G1 X141.712 Y149.036 E1087.06441
G1 X141.847 Y149.116 E1087.06963
G1 X142.146 Y148.941 E1087.08115
G1 X144 Y148.941 E1087.14282
G1 X144 Y147.059 E1087.20541
G1 X145.836 Y147.059 E1087.26648
G1 X146.154 Y146.882 E1087.27858
G1 X146.292 Y146.968 E1087.28399
G1 X146.487 Y147.163 E1087.29316
G1 X146.599 Y147.41 E1087.30218
G1 X146.6 Y148.571 E1087.3408
G1 X146.502 Y148.826 E1087.34988
G1 X146.418 Y148.926 E1087.35423
G1 X146.157 Y149.098 E1087.36462
G1 X146 Y149.013 E1087.37056
G1 X146 Y146.967 E1087.43861
G1 F2400 E1086.93861
G0 F15000 X146.829 Y146.284
G0 X153.357 Y149.853
G0 X154 Y149.044
G1 F2400 E1087.43861
G1 F3072.3 X154 Y146.987 E1087.50703
G1 X153.842 Y146.902 E1087.513
G1 X153.582 Y147.075 E1087.52338
G1 X153.498 Y147.175 E1087.52773
G1 X153.4 Y147.43 E1087.53681
G1 X153.401 Y148.589 E1087.57536
G1 X153.539 Y148.894 E1087.5865
G1 X153.83 Y149.125 E1087.59885
G1 X154 Y149.044 E1087.60512
G1 X154 Y148.941 E1087.60854
G1 X156 Y148.941 E1087.67506
G1 X156 Y147.059 E1087.73766
G1 X157.836 Y147.059 E1087.79872
G1 X158.154 Y146.882 E1087.81083
G1 X158.292 Y146.968 E1087.81624
G1 X158.487 Y147.163 E1087.82541
G1 X158.599 Y147.41 E1087.83443
G1 X158.6 Y148.573 E1087.87311
G1 X158.475 Y148.897 E1087.88466
G1 X158.168 Y149.134 E1087.89756
G1 X158 Y149.052 E1087.90378
G1 X158 Y146.967 E1087.97313
G1 F2400 E1087.47313
G0 F15000 X157.645 Y146.198
G0 X158.065 Y145.818
G0 X158.829 Y146.284
G0 X159.209 Y146.666
G0 X159.463 Y147.224
G0 X160.663 Y169.192
G0 X160.66 Y170.956
G0 X160.304 Y171.887
G0 X157.653 Y175.653
G0 X154.347 Y175.653
G0 X151.807 Y172.055
G0 X151.435 Y171.251
G0 X151.337 Y170.804
G0 X151.34 Y169.043
G0 X151.709 Y168.078
G0 X152.219 Y167.504
G0 X153.139 Y166.891
G0 X153.695 Y166.779
G0 X154.371 Y167.034
G0 X154 Y167.878
G1 F2400 E1087.97313
G1 F3072.3 X153.864 Y167.755 E1087.97923
G1 X153.661 Y167.666 E1087.9866
G1 X153.477 Y167.703 E1087.99284
G1 X152.791 Y168.161 E1088.02027
G1 X152.46 Y168.533 E1088.03684
G1 X152.204 Y169.203 E1088.06069
G1 X152.201 Y170.713 E1088.11091
G1 X152.258 Y170.97 E1088.11967
G1 X152.524 Y171.546 E1088.14077
G1 X153.009 Y172.014 E1088.16319
G1 X153.516 Y172.316 E1088.18282
G1 X153.644 Y172.346 E1088.18719
G1 X153.8 Y172.286 E1088.19275
G1 X153.8 Y172.202 E1088.19554
G1 X154 Y172.024 E1088.20445
G1 F2400 E1087.70445
G0 F15000 X154.353 Y172.98
G0 X154.347 Y175.653
G0 X157.653 Y175.653
G0 X160.304 Y171.887
G0 X160.66 Y170.956
G0 X160.663 Y169.192
G0 X160.557 Y168.739
G0 X160.197 Y167.952
G0 X159.522 Y167.297
G0 X158.812 Y166.872
G0 X158.346 Y166.765
G0 X158.042 Y166.849
G0 X158.356 Y167.654
G1 F2400 E1088.20445
G1 F3072.3 X158.484 Y167.684 E1088.20882
G1 X158.993 Y167.988 E1088.22854
G1 X159.48 Y168.46 E1088.2511
G1 X159.736 Y169.019 E1088.27154
G1 X159.799 Y169.29 E1088.2808
G1 X159.796 Y170.796 E1088.33089
G1 X159.551 Y171.437 E1088.35371
G1 X159.186 Y171.859 E1088.37227
G1 X158.524 Y172.293 E1088.3986
G1 X158.336 Y172.333 E1088.40499
G1 X158.2 Y172.264 E1088.41006
G1 X158.2 Y172.223 E1088.41143
G1 X158 Y172.03 E1088.42067
G1 X158 Y167.861 E1088.55933
G1 X158.2 Y167.773 E1088.5666
G1 X158.2 Y167.714 E1088.56856
G1 X158.356 Y167.654 E1088.57412
G1 F2400 E1088.07412
G0 F15000 X158.042 Y166.849
G0 X158.294 Y166.753
G0 X158.812 Y166.872
G0 X159.522 Y167.297
G0 X160.197 Y167.952
G0 X160.557 Y168.739
G0 X160.663 Y169.192
G0 X160.66 Y170.956
G0 X160.304 Y171.887
G0 X157.653 Y175.653
G0 X154.347 Y175.653
G0 X151.807 Y172.055
G0 X151.435 Y171.251
G0 X151.337 Y170.804
G0 X151.339 Y169.806
G0 X146.82 Y166.876
G0 X146.356 Y167.654
G1 F2400 E1088.57412
G1 F3072.3 X146.484 Y167.684 E1088.57849
G1 X146.993 Y167.988 E1088.59821
G1 X147.48 Y168.46 E1088.62077
G1 X147.736 Y169.019 E1088.64122
G1 X147.799 Y169.29 E1088.65047
G1 X147.796 Y170.796 E1088.70056
G1 X147.551 Y171.437 E1088.72339
G1 X147.186 Y171.859 E1088.74194
G1 X146.524 Y172.293 E1088.76827
G1 X146.336 Y172.333 E1088.77467
G1 X146.2 Y172.264 E1088.77974
G1 X146.2 Y172.223 E1088.7811
G1 X146 Y172.03 E1088.79035
G1 X146 Y167.861 E1088.92901
G1 X146.2 Y167.773 E1088.93627
G1 X146.2 Y167.714 E1088.93824
G1 X146.356 Y167.654 E1088.9438
G1 F2400 E1088.4438
G0 F15000 X146.042 Y166.849
G0 X146.294 Y166.753
G0 X146.812 Y166.872
G0 X147.522 Y167.297
G0 X148.197 Y167.952
G0 X148.557 Y168.739
G0 X148.663 Y169.192
G0 X148.66 Y170.956
G0 X148.304 Y171.887
G0 X145.653 Y175.653
G0 X142.347 Y175.653
G0 X139.807 Y172.055
G0 X139.435 Y171.251
G0 X139.337 Y170.804
G0 X139.34 Y169.043
G0 X139.709 Y168.078
G0 X140.219 Y167.504
G0 X141.139 Y166.891
G0 X141.695 Y166.779
G0 X142.354 Y167.046
G0 X142 Y167.878
G1 F2400 E1088.9438
G1 F3072.3 X141.864 Y167.755 E1088.9499
G1 X141.661 Y167.666 E1088.95727
G1 X141.477 Y167.703 E1088.96351
G1 X140.791 Y168.161 E1088.99094
G1 X140.46 Y168.533 E1089.00751
G1 X140.204 Y169.203 E1089.03136
G1 X140.201 Y170.713 E1089.08158
G1 X140.258 Y170.97 E1089.09034
G1 X140.524 Y171.546 E1089.11144
G1 X141.009 Y172.014 E1089.13386
G1 X141.516 Y172.316 E1089.15349
G1 X141.644 Y172.346 E1089.15786
G1 X141.8 Y172.286 E1089.16342
G1 X141.8 Y172.202 E1089.16621
G1 X142 Y172.024 E1089.17512
G1 F2400 E1088.67512
;MESH:Limiter bracket.stl
G0 F15000 X143.43 Y172.024
G0 X144.09 Y174.12
G0 X144.4 Y174.4
;TYPE:WALL-INNER
G1 F2400 E1089.17512
G1 F3072.3 X144.4 Y150.54 E1089.9687
G1 X143.6 Y150.54 E1089.99531
G1 X143.6 Y174.4 E1090.7889
G1 X144.4 Y174.4 E1090.81551
G0 F15000 X144.8 Y174.8
;TYPE:WALL-OUTER
G1 F3072.3 X144.8 Y150.14 E1091.6357
G1 X143.2 Y150.14 E1091.68892
G1 X143.2 Y174.8 E1092.50911
G1 X144.8 Y174.8 E1092.56233
G0 F15000 X144.52 Y174.52
G0 X144.09 Y172.663
G0 X144.32 Y172.663
;TYPE:FILL
G1 F3072.3 X143.68 Y172.022 E1092.59246
G0 F15000 X143.681 Y172.356
G1 F3072.3 X144.319 Y172.184 E1092.61443
G0 F15000 X144.09 Y172.184
G0 X143.91 Y164.074
G0 X143.68 Y164.074
G1 F3072.3 X144.32 Y163.902 E1092.63648
G0 F15000 X144.09 Y163.902
G0 X144.09 Y161.349
G0 X144.32 Y161.349
G1 F3072.3 X143.68 Y160.708 E1092.6666
G0 F15000 X143.91 Y160.708
G0 X143.91 Y158.286
G0 X143.68 Y158.286
G1 F3072.3 X144.32 Y155.898 E1092.74883
G0 F15000 X144.32 Y155.62
G1 F3072.3 X143.681 Y155.791 E1092.77083
G1 F2400 E1092.27083
G0 F15000 X143.91 Y155.791
G0 X144.57 Y174.12
G0 X145.665 Y174.12
G0 X154.335 Y174.12
G0 X155.43 Y174.12
G0 X155.91 Y174.12
G0 X155.6 Y174.4
;TYPE:WALL-INNER
G1 F2400 E1092.77083
G1 F3072.3 X156.4 Y174.4 E1092.79744
G1 X156.4 Y150.54 E1093.59103
G1 X155.6 Y150.54 E1093.61763
G1 X155.6 Y174.4 E1094.41122
G0 F15000 X155.2 Y174.8
;TYPE:WALL-OUTER
G1 F3072.3 X156.8 Y174.8 E1094.46444
G1 X156.8 Y150.14 E1095.28463
G1 X155.2 Y150.14 E1095.33785
G1 X155.2 Y174.8 E1096.15804
G0 F15000 X155.948 Y174.32
;TYPE:FILL
G1 F3072.3 X156.32 Y172.934 E1096.20577
G0 F15000 X156.32 Y173.349
G1 F3072.3 X155.68 Y172.709 E1096.23588
G0 F15000 X155.91 Y172.709
G0 X155.91 Y169.14
G0 X155.68 Y169.14
G1 F3072.3 X156.319 Y168.969 E1096.25788
G0 F15000 X156.09 Y168.969
G0 X156.09 Y162.035
G0 X156.32 Y162.035
G1 F3072.3 X155.68 Y161.395 E1096.28798
G0 F15000 X155.681 Y160.858
G1 F3072.3 X156.319 Y160.687 E1096.30995
G0 F15000 X156.09 Y160.687
G0 X155.91 Y152.576
G0 X155.68 Y152.576
G1 F3072.3 X156.32 Y152.405 E1096.33198
G0 F15000 X156.09 Y152.405
G0 X156.12 Y150.82
G0 X156.32 Y150.721
G1 F3072.3 X156.219 Y150.62 E1096.33674
G1 F2400 E1095.83674
G0 F15000 X156.119 Y150.851
G0 X155.885 Y150.351
G0 X154.335 Y150.351
G0 X153.718 Y150.133
G0 X152.839 Y149.439
G0 X152.537 Y148.775
G0 X152.536 Y147.269
G0 X152.743 Y146.732
G0 X152.999 Y146.425
G0 X153.45 Y146.128
G0 X154.335 Y145.649
G0 X155.882 Y145.649
G0 X155.881 Y145.149
G0 X155.6 Y145.458
;TYPE:WALL-INNER
G1 F2400 E1096.33674
G1 F3072.3 X156.4 Y145.457 E1096.36334
G1 X156.4 Y128.1 E1096.94064
G1 X155.6 Y128.1 E1096.96725
G1 X155.6 Y145.458 E1097.54458
G0 F15000 X155.2 Y145.859
;TYPE:WALL-OUTER
G1 F3072.3 X156.8 Y145.856 E1097.59779
G1 X156.8 Y127.7 E1098.20166
G1 X155.2 Y127.7 E1098.25488
G1 X155.2 Y145.859 E1098.85885
G0 F15000 X155.48 Y145.58
G0 X155.91 Y144.412
G0 X155.68 Y144.412
;TYPE:FILL
G1 F3072.3 X156.32 Y142.024 E1098.94108
G0 F15000 X156.09 Y142.024
G0 X156.09 Y144.122
G0 X156.319 Y144.122
G1 F3072.3 X155.681 Y144.294 E1098.96306
G0 F15000 X155.91 Y144.294
G0 X156.09 Y139.408
G0 X156.32 Y139.408
G1 F3072.3 X155.679 Y138.767 E1098.99321
G0 F15000 X155.91 Y138.767
G0 X155.91 Y136.012
G0 X155.68 Y136.012
G1 F3072.3 X156.319 Y135.84 E1099.01522
G0 F15000 X156.09 Y135.84
G0 X156 Y129.202
G0 X156 Y128.5
;TYPE:SKIN
G1 F2560.2 X156 Y128.9 E1099.03118
G1 F2400 E1098.53118
G0 F15000 X156 Y129.202
G0 X155.43 Y145.179
G0 X154.335 Y145.179
G0 X145.665 Y145.179
G0 X144.57 Y145.179
G0 X144.09 Y145.179
G0 X144.4 Y145.457
;TYPE:WALL-INNER
G1 F2400 E1099.03118
G1 F3072.3 X144.4 Y128.1 E1099.60848
G1 X143.6 Y128.1 E1099.63509
G1 X143.6 Y145.458 E1100.21242
G1 X144.4 Y145.457 E1100.23902
G0 F15000 X144.8 Y145.856
;TYPE:WALL-OUTER
G1 F3072.3 X144.8 Y127.7 E1100.8429
G1 X143.2 Y127.7 E1100.89611
G1 X143.2 Y145.859 E1101.50008
G1 X144.8 Y145.856 E1101.5533
G0 F15000 X144.52 Y145.579
G0 X143.91 Y139.227
G0 X143.68 Y139.227
;TYPE:FILL
G1 F3072.3 X144.32 Y139.055 E1101.57534
G0 F15000 X144.32 Y138.722
G1 F3072.3 X143.68 Y138.081 E1101.60547
G0 F15000 X143.91 Y138.081
G0 X143.91 Y130.945
G0 X143.681 Y130.945
G1 F3072.3 X144.319 Y130.773 E1101.62745
G0 F15000 X144.09 Y130.773
G0 X144 Y129.202
G0 X144 Y128.5
;TYPE:SKIN
G1 F2560.2 X144 Y128.9 E1101.64341
G1 F2400 E1101.14341
;MESH:NONMESH
G0 F300 X144 Y128.9 Z5.8
G0 F15000 X144 Y129.202
G0 X143.424 Y145.636
G0 X142.335 Y145.636
G0 X141.796 Y145.902
G0 X140.999 Y146.425
G0 X140.743 Y146.732
G0 X140.536 Y147.269
G0 X140.537 Y148.776
G0 X140.791 Y149.334
G0 X141.18 Y149.725
G0 X141.84 Y150.109
G0 X142.355 Y149.8
G0 X142 Y149.03
;TIME_ELAPSED:1414.602805
;LAYER:28
;note -- min layer time used
;TYPE:SUPPORT
G1 F2400 E1101.64341
G1 F3054.6 X142 Y146.987 E1101.71136
G1 X141.843 Y146.902 E1101.7173
G1 X141.582 Y147.075 E1101.72771
G1 X141.498 Y147.175 E1101.73206
G1 X141.4 Y147.43 E1101.74114
G1 X141.401 Y148.59 E1101.77972
G1 X141.513 Y148.837 E1101.78875
G1 X141.712 Y149.036 E1101.79811
G1 X141.848 Y149.117 E1101.80337
G1 X142.082 Y148.983 E1101.81234
G1 X144 Y148.983 E1101.87613
G1 X144 Y147.016 E1101.94155
G1 X145.914 Y147.016 E1102.00521
G1 X146.154 Y146.883 E1102.01434
G1 X146.29 Y146.966 E1102.01964
G1 X146.487 Y147.163 E1102.02891
G1 X146.599 Y147.41 E1102.03793
G1 X146.6 Y148.571 E1102.07654
G1 X146.502 Y148.826 E1102.08563
G1 X146.418 Y148.926 E1102.08997
G1 X146.157 Y149.098 E1102.10037
G1 X146 Y149.013 E1102.10631
G1 X146 Y146.968 E1102.17432
G1 F2400 E1101.67432
G0 F15000 X146.711 Y146.21
G0 X153.191 Y149.722
G0 X154 Y149.045
G1 F2400 E1102.17432
G1 F3054.6 X154 Y146.987 E1102.24277
G1 X153.843 Y146.902 E1102.24871
G1 X153.582 Y147.075 E1102.25912
G1 X153.498 Y147.175 E1102.26347
G1 X153.4 Y147.43 E1102.27255
G1 X153.401 Y148.589 E1102.3111
G1 X153.539 Y148.894 E1102.32224
G1 X153.831 Y149.126 E1102.33464
G1 X154.127 Y148.983 E1102.34558
G1 X156 Y148.983 E1102.40787
G1 X156 Y147.016 E1102.47329
G1 X157.914 Y147.016 E1102.53695
G1 X158.154 Y146.883 E1102.54608
G1 X158.29 Y146.966 E1102.55138
G1 X158.487 Y147.163 E1102.56065
G1 X158.599 Y147.41 E1102.56967
G1 X158.6 Y148.571 E1102.60828
G1 X158.474 Y148.898 E1102.61994
G1 X158.166 Y149.131 E1102.63278
G1 X158 Y149.048 E1102.63896
G1 X158 Y146.968 E1102.70814
G1 F2400 E1102.20814
G0 F15000 X157.69 Y146.153
G0 X158.266 Y145.834
G0 X159.209 Y146.666
G0 X159.463 Y147.224
G0 X160.663 Y169.192
G0 X160.66 Y170.956
G0 X160.304 Y171.887
G0 X157.653 Y175.653
G0 X154.347 Y175.653
G0 X151.807 Y172.055
G0 X151.435 Y171.251
G0 X151.337 Y170.804
G0 X151.34 Y169.043
G0 X151.709 Y168.078
G0 X152.219 Y167.504
G0 X153.139 Y166.891
G0 X153.695 Y166.779
G0 X154.371 Y167.034
G0 X154 Y167.878
G1 F2400 E1102.70814
G1 F3054.6 X153.864 Y167.755 E1102.71424
G1 X153.661 Y167.666 E1102.72161
G1 X153.477 Y167.703 E1102.72785
G1 X152.791 Y168.161 E1102.75528
G1 X152.46 Y168.533 E1102.77185
G1 X152.204 Y169.203 E1102.7957
G1 X152.201 Y170.713 E1102.84592
G1 X152.258 Y170.97 E1102.85468
G1 X152.524 Y171.546 E1102.87578
G1 X153.009 Y172.014 E1102.8982
G1 X153.516 Y172.316 E1102.91783
G1 X153.644 Y172.346 E1102.9222
G1 X153.8 Y172.286 E1102.92776
G1 X153.8 Y172.202 E1102.93055
G1 X154 Y172.024 E1102.93946
G1 F2400 E1102.43946
G0 F15000 X154.353 Y172.98
G0 X154.347 Y175.653
G0 X157.653 Y175.653
G0 X160.304 Y171.887
G0 X160.66 Y170.956
G0 X160.663 Y169.192
G0 X160.557 Y168.739
G0 X160.197 Y167.952
G0 X159.522 Y167.297
G0 X158.812 Y166.872
G0 X158.346 Y166.765
G0 X158.042 Y166.849
G0 X158.356 Y167.654
G1 F2400 E1102.93946
G1 F3054.6 X158.484 Y167.684 E1102.94383
G1 X158.993 Y167.988 E1102.96355
G1 X159.48 Y168.46 E1102.98611
G1 X159.736 Y169.019 E1103.00655
G1 X159.799 Y169.29 E1103.01581
G1 X159.796 Y170.796 E1103.0659
G1 X159.551 Y171.437 E1103.08872
G1 X159.186 Y171.859 E1103.10728
G1 X158.524 Y172.293 E1103.13361
G1 X158.336 Y172.333 E1103.14
G1 X158.2 Y172.264 E1103.14507
G1 X158.2 Y172.222 E1103.14647
G1 X158 Y172.027 E1103.15576
G1 X158 Y167.861 E1103.29432
G1 X158.2 Y167.773 E1103.30159
G1 X158.2 Y167.714 E1103.30355
G1 X158.356 Y167.654 E1103.30911
G1 F2400 E1102.80911
G0 F15000 X158.042 Y166.849
G0 X158.294 Y166.753
G0 X158.812 Y166.872
G0 X159.522 Y167.297
G0 X160.197 Y167.952
G0 X160.557 Y168.739
G0 X160.663 Y169.192
G0 X160.66 Y170.956
G0 X160.304 Y171.887
G0 X157.653 Y175.653
G0 X154.347 Y175.653
G0 X151.807 Y172.055
G0 X151.435 Y171.251
G0 X151.337 Y170.804
G0 X151.339 Y169.806
G0 X146.82 Y166.876
G0 X146.356 Y167.654
G1 F2400 E1103.30911
G1 F3054.6 X146.484 Y167.684 E1103.31348
G1 X146.993 Y167.988 E1103.3332
G1 X147.48 Y168.46 E1103.35576
G1 X147.736 Y169.019 E1103.37621
G1 X147.799 Y169.29 E1103.38546
G1 X147.796 Y170.796 E1103.43555
G1 X147.551 Y171.437 E1103.45838
G1 X147.186 Y171.859 E1103.47693
G1 X146.524 Y172.293 E1103.50326
G1 X146.336 Y172.333 E1103.50966
G1 X146.2 Y172.264 E1103.51473
G1 X146.2 Y172.222 E1103.51612
G1 X146 Y172.027 E1103.52542
G1 X146 Y167.861 E1103.66398
G1 X146.2 Y167.773 E1103.67124
G1 X146.2 Y167.714 E1103.67321
G1 X146.356 Y167.654 E1103.67877
G1 F2400 E1103.17877
G0 F15000 X146.042 Y166.849
G0 X146.294 Y166.753
G0 X146.812 Y166.872
G0 X147.522 Y167.297
G0 X148.197 Y167.952
G0 X148.557 Y168.739
G0 X148.663 Y169.192
G0 X148.66 Y170.956
G0 X148.304 Y171.887
G0 X145.653 Y175.653
G0 X142.347 Y175.653
G0 X139.807 Y172.055
G0 X139.435 Y171.251
G0 X139.337 Y170.804
G0 X139.34 Y169.043
G0 X139.709 Y168.078
G0 X140.219 Y167.504
G0 X141.139 Y166.891
G0 X141.695 Y166.779
G0 X142.354 Y167.046
G0 X142 Y167.878
G1 F2400 E1103.67877
G1 F3054.6 X141.864 Y167.755 E1103.68486
G1 X141.661 Y167.666 E1103.69224
G1 X141.477 Y167.703 E1103.69848
G1 X140.791 Y168.161 E1103.72591
G1 X140.46 Y168.533 E1103.74248
G1 X140.204 Y169.203 E1103.76633
G1 X140.201 Y170.713 E1103.81655
G1 X140.258 Y170.97 E1103.82531
G1 X140.524 Y171.546 E1103.84641
G1 X141.009 Y172.014 E1103.86883
G1 X141.516 Y172.316 E1103.88846
G1 X141.644 Y172.346 E1103.89283
G1 X141.8 Y172.286 E1103.89839
G1 X141.8 Y172.202 E1103.90118
G1 X142 Y172.024 E1103.91009
G1 F2400 E1103.41009
;MESH:Limiter bracket.stl
G0 F15000 X143.43 Y172.024
G0 X144.09 Y174.12
G0 X144.4 Y174.4
;TYPE:WALL-INNER
G1 F2400 E1103.91009
G1 F3054.6 X144.4 Y150.58 E1104.70234
G1 X143.6 Y150.58 E1104.72895
G1 X143.6 Y174.4 E1105.52121
G1 X144.4 Y174.4 E1105.54782
G0 F15000 X144.8 Y174.8
;TYPE:WALL-OUTER
G1 F3054.6 X144.8 Y150.18 E1106.36668
G1 X143.2 Y150.18 E1106.4199
G1 X143.2 Y174.8 E1107.23876
G1 X144.8 Y174.8 E1107.29198
G0 F15000 X144.52 Y174.52
G0 X144.09 Y172.462
G0 X144.32 Y172.462
;TYPE:FILL
G1 F3054.6 X143.68 Y171.821 E1107.3221
G0 F15000 X143.681 Y172.503
G1 F3054.6 X144.319 Y172.331 E1107.34408
G0 F15000 X144.09 Y172.331
G0 X143.91 Y164.22
G0 X143.681 Y164.22
G1 F3054.6 X144.32 Y164.049 E1107.36608
G0 F15000 X144.09 Y164.049
G0 X144.09 Y161.148
G0 X144.32 Y161.148
G1 F3054.6 X143.68 Y160.508 E1107.39619
G0 F15000 X143.91 Y160.508
G0 X143.91 Y157.737
G0 X143.68 Y157.737
G1 F3054.6 X144.32 Y155.351 E1107.47835
G0 F15000 X144.32 Y155.767
G1 F3054.6 X143.681 Y155.938 E1107.50035
G1 F2400 E1107.00035
G0 F15000 X143.91 Y155.938
G0 X144.57 Y174.12
G0 X145.665 Y174.12
G0 X154.335 Y174.12
G0 X155.43 Y174.12
G0 X155.91 Y174.12
G0 X155.6 Y174.4
;TYPE:WALL-INNER
G1 F2400 E1107.50035
G1 F3054.6 X156.4 Y174.4 E1107.52696
G1 X156.4 Y150.58 E1108.31922
G1 X155.6 Y150.58 E1108.34582
G1 X155.6 Y174.4 E1109.13808
G0 F15000 X155.2 Y174.8
;TYPE:WALL-OUTER
G1 F3054.6 X156.8 Y174.8 E1109.1913
G1 X156.8 Y150.18 E1110.01016
G1 X155.2 Y150.18 E1110.06338
G1 X155.2 Y174.8 E1110.88224
G0 F15000 X155.801 Y174.32
;TYPE:FILL
G1 F3054.6 X156.32 Y172.385 E1110.94888
G0 F15000 X155.68 Y172.508
G1 F3054.6 X156.32 Y173.148 E1110.97898
G0 F15000 X156.09 Y173.148
G0 X155.91 Y169.287
G0 X155.68 Y169.287
G1 F3054.6 X156.32 Y169.116 E1111.00101
G0 F15000 X156.09 Y169.116
G0 X156.09 Y161.834
G0 X156.32 Y161.834
G1 F3054.6 X155.68 Y161.194 E1111.03112
G1 X155.681 Y161.005
G1 X156.319 Y160.834 E1111.05308
G0 F15000 X156.09 Y160.834
G0 X155.91 Y152.723
G0 X155.68 Y152.723
G1 F3054.6 X156.32 Y152.552 E1111.07512
G1 F2400 E1110.57512
G0 F15000 X156.09 Y152.552
G0 X155.885 Y150.393
G0 X154.335 Y150.393
G0 X153.718 Y150.131
G0 X152.839 Y149.438
G0 X152.537 Y148.775
G0 X152.536 Y147.269
G0 X152.743 Y146.732
G0 X152.999 Y146.425
G0 X154.335 Y145.606
G0 X155.881 Y145.606
G0 X155.881 Y145.106
G0 X155.6 Y145.416
;TYPE:WALL-INNER
G1 F2400 E1111.07512
G1 F3054.6 X156.4 Y145.416 E1111.10173
G1 X156.4 Y128.3 E1111.67101
G1 X155.6 Y128.3 E1111.69761
G1 X155.6 Y145.416 E1112.26689
G0 F15000 X155.2 Y145.816
;TYPE:WALL-OUTER
G1 F3054.6 X156.8 Y145.816 E1112.32011
G1 X156.8 Y127.9 E1112.916
G1 X155.2 Y127.9 E1112.96922
G1 X155.2 Y145.816 E1113.5651
G0 F15000 X155.48 Y145.537
G0 X155.91 Y144.441
G0 X155.681 Y144.441
;TYPE:FILL
G1 F3054.6 X156.32 Y144.269 E1113.58711
G0 F15000 X155.68 Y143.864
G1 F3054.6 X156.32 Y141.476 E1113.66934
G0 F15000 X156.09 Y141.476
G0 X156.09 Y139.207
G0 X156.32 Y139.207
G1 F3054.6 X155.679 Y138.566 E1113.69949
G0 F15000 X155.91 Y138.566
G0 X155.91 Y136.158
G0 X155.681 Y136.158
G1 F3054.6 X156.32 Y135.987 E1113.72149
G0 F15000 X156.09 Y135.987
G0 X156 Y129.402
G0 X156 Y128.7
;TYPE:SKIN
G1 F2545.5 X156 Y129.1 E1113.73746
G1 F2400 E1113.23746
G0 F15000 X156 Y129.402
G0 X155.43 Y145.136
G0 X154.335 Y145.136
G0 X145.665 Y145.136
G0 X144.57 Y145.136
G0 X144.09 Y145.136
G0 X144.4 Y145.416
;TYPE:WALL-INNER
G1 F2400 E1113.73746
G1 F3054.6 X144.4 Y128.3 E1114.30674
G1 X143.6 Y128.3 E1114.33335
G1 X143.6 Y145.416 E1114.90263
G1 X144.4 Y145.416 E1114.92924
G0 F15000 X144.8 Y145.816
;TYPE:WALL-OUTER
G1 F3054.6 X144.8 Y127.9 E1115.52512
G1 X143.2 Y127.9 E1115.57834
G1 X143.2 Y145.816 E1116.17423
G1 X144.8 Y145.816 E1116.22745
G0 F15000 X144.52 Y145.536
G0 X143.91 Y139.374
G0 X143.68 Y139.374
;TYPE:FILL
G1 F3054.6 X144.32 Y139.202 E1116.24949
G0 F15000 X144.32 Y138.521
G1 F3054.6 X143.68 Y137.88 E1116.27961
G0 F15000 X143.91 Y137.88
G0 X143.91 Y131.092
G0 X143.68 Y131.092
G1 F3054.6 X144.32 Y130.92 E1116.30166
G0 F15000 X144.09 Y130.92
G0 X144 Y129.402
G0 X144 Y128.7
;TYPE:SKIN
G1 F2545.5 X144 Y129.1 E1116.31762
G1 F2400 E1115.81762
;MESH:NONMESH
G0 F300 X144 Y129.1 Z6
G0 F15000 X144 Y129.402
G0 X143.424 Y145.593
G0 X142.335 Y145.593
G0 X140.999 Y146.425
G0 X140.743 Y146.732
G0 X140.536 Y147.269
G0 X140.537 Y148.776
G0 X140.791 Y149.334
G0 X141.18 Y149.725
G0 X141.842 Y150.111
G0 X142.311 Y149.846
G0 X142 Y149.031
;TIME_ELAPSED:1439.898665
;LAYER:29
;note -- min layer time used
;TYPE:SUPPORT
G1 F2400 E1116.31762
G1 F3045.8 X142 Y146.987 E1116.38561
G1 X141.843 Y146.902 E1116.39154
G1 X141.582 Y147.075 E1116.40196
G1 X141.498 Y147.175 E1116.4063
G1 X141.4 Y147.43 E1116.41539
G1 X141.401 Y148.59 E1116.45397
G1 X141.513 Y148.837 E1116.46299
G1 X141.712 Y149.036 E1116.47235
G1 X141.849 Y149.117 E1116.47764
G1 X142.049 Y149.002 E1116.48532
G1 X144 Y149.002 E1116.55021
G1 X144 Y146.997 E1116.61689
G1 X145.949 Y146.997 E1116.68172
G1 X146.152 Y146.883 E1116.68946
G1 X146.29 Y146.966 E1116.69482
G1 X146.487 Y147.163 E1116.70408
G1 X146.599 Y147.41 E1116.7131
G1 X146.6 Y148.571 E1116.75172
G1 X146.502 Y148.826 E1116.76081
G1 X146.418 Y148.926 E1116.76515
G1 X146.157 Y149.098 E1116.77555
G1 X146 Y149.013 E1116.78148
G1 X146 Y146.968 E1116.8495
G1 F2400 E1116.3495
G0 F15000 X146.712 Y146.211
G0 X153.19 Y149.722
G0 X154 Y149.044
G1 F2400 E1116.8495
G1 F3045.8 X154 Y146.987 E1116.91792
G1 X153.843 Y146.902 E1116.92385
G1 X153.582 Y147.075 E1116.93427
G1 X153.498 Y147.175 E1116.93861
G1 X153.4 Y147.43 E1116.9477
G1 X153.401 Y148.589 E1116.98625
G1 X153.539 Y148.894 E1116.99738
G1 X153.83 Y149.125 E1117.00974
G1 X154.086 Y149.002 E1117.01919
G1 X156 Y149.002 E1117.08285
G1 X156 Y146.997 E1117.14953
G1 X157.949 Y146.997 E1117.21436
G1 X158.152 Y146.883 E1117.2221
G1 X158.29 Y146.966 E1117.22746
G1 X158.487 Y147.163 E1117.23672
G1 X158.599 Y147.41 E1117.24574
G1 X158.6 Y148.571 E1117.28436
G1 X158.501 Y148.828 E1117.29352
G1 X158.39 Y148.962 E1117.29931
G1 X158.163 Y149.125 E1117.3086
G1 X158 Y149.041 E1117.3147
G1 X158 Y146.968 E1117.38365
G1 F2400 E1116.88365
G0 F15000 X157.723 Y146.134
G0 X158.266 Y145.834
G0 X159.209 Y146.666
G0 X159.463 Y147.224
G0 X160.663 Y169.192
G0 X160.66 Y170.956
G0 X160.304 Y171.887
G0 X157.653 Y175.653
G0 X154.347 Y175.653
G0 X151.807 Y172.055
G0 X151.435 Y171.251
G0 X151.337 Y170.804
G0 X151.34 Y169.043
G0 X151.709 Y168.078
G0 X152.219 Y167.504
G0 X153.139 Y166.891
G0 X153.695 Y166.779
G0 X154.371 Y167.034
G0 X154 Y167.878
G1 F2400 E1117.38365
G1 F3045.8 X153.864 Y167.755 E1117.38975
G1 X153.661 Y167.666 E1117.39712
G1 X153.477 Y167.703 E1117.40336
G1 X152.791 Y168.161 E1117.4308
G1 X152.46 Y168.533 E1117.44736
G1 X152.204 Y169.203 E1117.47121
G1 X152.201 Y170.713 E1117.52144
G1 X152.258 Y170.97 E1117.53019
G1 X152.524 Y171.546 E1117.55129
G1 X153.009 Y172.014 E1117.57371
G1 X153.516 Y172.316 E1117.59334
G1 X153.644 Y172.346 E1117.59771
G1 X153.8 Y172.286 E1117.60327
G1 X153.8 Y172.202 E1117.60606
G1 X154 Y172.024 E1117.61497
G1 F2400 E1117.11497
G0 F15000 X154.353 Y172.98
G0 X154.347 Y175.653
G0 X157.653 Y175.653
G0 X160.304 Y171.887
G0 X160.66 Y170.956
G0 X160.663 Y169.192
G0 X160.557 Y168.739
G0 X160.197 Y167.952
G0 X159.522 Y167.297
G0 X158.812 Y166.872
G0 X158.346 Y166.765
G0 X158.042 Y166.849
G0 X158.356 Y167.654
G1 F2400 E1117.61497
G1 F3045.8 X158.484 Y167.684 E1117.61934
G1 X158.993 Y167.988 E1117.63906
G1 X159.48 Y168.46 E1117.66162
G1 X159.736 Y169.019 E1117.68207
G1 X159.799 Y169.29 E1117.69132
G1 X159.796 Y170.796 E1117.74141
G1 X159.551 Y171.437 E1117.76423
G1 X159.186 Y171.859 E1117.78279
G1 X158.524 Y172.293 E1117.80912
G1 X158.336 Y172.333 E1117.81551
G1 X158.2 Y172.264 E1117.82058
G1 X158.2 Y172.222 E1117.82198
G1 X158 Y172.023 E1117.83137
G1 X158 Y167.861 E1117.96979
G1 X158.2 Y167.773 E1117.97706
G1 X158.2 Y167.714 E1117.97902
G1 X158.356 Y167.654 E1117.98458
G1 F2400 E1117.48458
G0 F15000 X158.042 Y166.849
G0 X158.294 Y166.753
G0 X158.812 Y166.872
G0 X159.522 Y167.297
G0 X160.197 Y167.952
G0 X160.557 Y168.739
G0 X160.663 Y169.192
G0 X160.66 Y170.956
G0 X160.304 Y171.887
G0 X157.653 Y175.653
G0 X154.347 Y175.653
G0 X151.807 Y172.055
G0 X151.435 Y171.251
G0 X151.337 Y170.804
G0 X151.339 Y169.806
G0 X146.82 Y166.876
G0 X146.356 Y167.654
G1 F2400 E1117.98458
G1 F3045.8 X146.484 Y167.684 E1117.98896
G1 X146.993 Y167.988 E1118.00867
G1 X147.48 Y168.46 E1118.03123
G1 X147.736 Y169.019 E1118.05168
G1 X147.799 Y169.29 E1118.06093
G1 X147.796 Y170.796 E1118.11102
G1 X147.551 Y171.437 E1118.13385
G1 X147.186 Y171.859 E1118.15241
G1 X146.524 Y172.293 E1118.17873
G1 X146.336 Y172.333 E1118.18513
G1 X146.2 Y172.264 E1118.1902
G1 X146.2 Y172.222 E1118.1916
G1 X146 Y172.023 E1118.20098
G1 X146 Y167.861 E1118.33941
G1 X146.2 Y167.773 E1118.34668
G1 X146.2 Y167.714 E1118.34864
G1 X146.356 Y167.654 E1118.3542
G1 F2400 E1117.8542
G0 F15000 X146.042 Y166.849
G0 X146.294 Y166.753
G0 X146.812 Y166.872
G0 X147.522 Y167.297
G0 X148.197 Y167.952
G0 X148.557 Y168.739
G0 X148.663 Y169.192
G0 X148.66 Y170.956
G0 X148.304 Y171.887
G0 X145.653 Y175.653
G0 X142.347 Y175.653
G0 X139.807 Y172.055
G0 X139.435 Y171.251
G0 X139.337 Y170.804
G0 X139.34 Y169.043
G0 X139.709 Y168.078
G0 X140.219 Y167.504
G0 X141.139 Y166.891
G0 X141.695 Y166.779
G0 X142.354 Y167.046
G0 X142 Y167.878
G1 F2400 E1118.3542
G1 F3045.8 X141.864 Y167.755 E1118.3603
G1 X141.661 Y167.666 E1118.36767
G1 X141.477 Y167.703 E1118.37391
G1 X140.791 Y168.161 E1118.40135
G1 X140.46 Y168.533 E1118.41791
G1 X140.204 Y169.203 E1118.44176
G1 X140.201 Y170.713 E1118.49199
G1 X140.258 Y170.97 E1118.50074
G1 X140.524 Y171.546 E1118.52184
G1 X141.009 Y172.014 E1118.54426
G1 X141.516 Y172.316 E1118.56389
G1 X141.644 Y172.346 E1118.56826
G1 X141.8 Y172.286 E1118.57382
G1 X141.8 Y172.202 E1118.57661
G1 X142 Y172.024 E1118.58552
G1 F2400 E1118.08552
;MESH:Limiter bracket.stl
G0 F15000 X143.43 Y172.024
G0 X144.09 Y174.12
G0 X144.4 Y174.4
;TYPE:WALL-INNER
G1 F2400 E1118.58552
G1 F3045.8 X144.4 Y150.6 E1119.37711
G1 X143.6 Y150.6 E1119.40372
G1 X143.6 Y174.4 E1120.19531
G1 X144.4 Y174.4 E1120.22192
G0 F15000 X144.8 Y174.8
;TYPE:WALL-OUTER
G1 F3045.8 X144.8 Y150.2 E1121.04012
G1 X143.2 Y150.2 E1121.09333
G1 X143.2 Y174.8 E1121.91153
G1 X144.8 Y174.8 E1121.96475
G0 F15000 X144.52 Y174.52
G0 X144.09 Y172.478
G0 X144.319 Y172.478
;TYPE:FILL
G1 F3045.8 X143.681 Y172.649 E1121.98672
G0 F15000 X144.32 Y172.263
G1 F3045.8 X143.68 Y171.622 E1122.01684
G0 F15000 X143.91 Y171.622
G0 X143.91 Y164.367
G0 X143.68 Y164.367
G1 F3045.8 X144.319 Y164.195 E1122.03885
G0 F15000 X144.09 Y164.195
G0 X144.09 Y160.949
G0 X144.32 Y160.949
G1 F3045.8 X143.68 Y160.308 E1122.06898
G0 F15000 X143.91 Y160.308
G0 X143.91 Y157.193
G0 X143.68 Y157.193
G1 F3045.8 X144.32 Y154.807 E1122.15114
G0 F15000 X144.09 Y154.807
G0 X144.09 Y155.913
G0 X144.32 Y155.913
G1 F3045.8 X143.68 Y156.084 E1122.17318
G1 F2400 E1121.67318
G0 F15000 X143.91 Y156.084
G0 X144.57 Y174.12
G0 X145.665 Y174.12
G0 X154.335 Y174.12
G0 X155.43 Y174.12
G0 X155.91 Y174.12
G0 X155.6 Y174.4
;TYPE:WALL-INNER
G1 F2400 E1122.17318
G1 F3045.8 X156.4 Y174.4 E1122.19979
G1 X156.4 Y150.6 E1122.99138
G1 X155.6 Y150.6 E1123.01799
G1 X155.6 Y174.4 E1123.80958
G0 F15000 X155.2 Y174.8
;TYPE:WALL-OUTER
G1 F3045.8 X156.8 Y174.8 E1123.86279
G1 X156.8 Y150.2 E1124.68099
G1 X155.2 Y150.2 E1124.73421
G1 X155.2 Y174.8 E1125.55241
G0 F15000 X155.68 Y174.227
;TYPE:FILL
G1 F3045.8 X156.32 Y171.841 E1125.63457
G0 F15000 X155.68 Y172.308
G1 F3045.8 X156.32 Y172.948 E1125.66468
G0 F15000 X156.09 Y172.948
G0 X155.91 Y169.433
G0 X155.68 Y169.433
G1 F3045.8 X156.32 Y169.262 E1125.68671
G0 F15000 X156.09 Y169.262
G0 X156.09 Y161.635
G0 X156.32 Y161.635
G1 F3045.8 X155.68 Y160.995 E1125.71681
G1 X155.681 Y161.151
G1 X156.32 Y160.98 E1125.73881
G0 F15000 X156.09 Y160.98
G0 X155.91 Y152.869
G0 X155.68 Y152.869
G1 F3045.8 X156.319 Y152.698 E1125.76081
G1 F2400 E1125.26081
G0 F15000 X156.09 Y152.698
G0 X155.91 Y150.432
G0 X154.335 Y150.432
G0 X153.718 Y150.131
G0 X152.913 Y149.476
G0 X152.537 Y148.775
G0 X152.536 Y147.269
G0 X152.743 Y146.732
G0 X152.95 Y146.484
G0 X154.335 Y145.567
G0 X155.91 Y145.567
G0 X155.91 Y145.117
G0 X155.6 Y145.396
;TYPE:WALL-INNER
G1 F2400 E1125.76081
G1 F3045.8 X156.4 Y145.396 E1125.78742
G1 X156.4 Y128.5 E1126.34939
G1 X155.6 Y128.5 E1126.37599
G1 X155.6 Y145.396 E1126.93796
G0 F15000 X155.2 Y145.796
;TYPE:WALL-OUTER
G1 F3045.8 X156.8 Y145.796 E1126.99117
G1 X156.8 Y128.1 E1127.57974
G1 X155.2 Y128.1 E1127.63296
G1 X155.2 Y145.796 E1128.22153
G0 F15000 X155.48 Y145.517
G0 X155.91 Y144.587
G0 X155.68 Y144.587
;TYPE:FILL
G1 F3045.8 X156.32 Y144.415 E1128.24357
G0 F15000 X156.09 Y144.415
G0 X155.91 Y143.318
G0 X155.68 Y143.318
G1 F3045.8 X156.32 Y140.932 E1128.32574
G0 F15000 X156.09 Y140.932
G0 X156.09 Y139.007
G0 X156.32 Y139.007
G1 F3045.8 X155.679 Y138.367 E1128.35587
G0 F15000 X155.91 Y138.367
G0 X155.91 Y136.304
G0 X155.681 Y136.304
G1 F3045.8 X156.319 Y136.133 E1128.37783
G0 F15000 X156.09 Y136.133
G0 X156 Y129.602
G0 X156 Y128.9
;TYPE:SKIN
G1 F2538.1 X156 Y129.3 E1128.3938
G1 F2400 E1127.8938
G0 F15000 X156 Y129.602
G0 X155.43 Y145.117
G0 X154.335 Y145.117
G0 X145.665 Y145.117
G0 X144.57 Y145.117
G0 X144.09 Y145.117
G0 X144.4 Y145.396
;TYPE:WALL-INNER
G1 F2400 E1128.3938
G1 F3045.8 X144.4 Y128.5 E1128.95576
G1 X143.6 Y128.5 E1128.98237
G1 X143.6 Y145.396 E1129.54433
G1 X144.4 Y145.396 E1129.57094
G0 F15000 X144.8 Y145.796
;TYPE:WALL-OUTER
G1 F3045.8 X144.8 Y128.1 E1130.15951
G1 X143.2 Y128.1 E1130.21273
G1 X143.2 Y145.796 E1130.8013
G1 X144.8 Y145.796 E1130.85452
G0 F15000 X144.52 Y145.517
G0 X143.91 Y139.52
G0 X143.681 Y139.52
;TYPE:FILL
G1 F3045.8 X144.32 Y139.349 E1130.87652
G0 F15000 X144.09 Y139.349
G0 X144.09 Y138.321
G0 X144.32 Y138.321
G1 F3045.8 X143.68 Y137.681 E1130.90662
G0 F15000 X143.91 Y137.681
G0 X143.91 Y131.238
G0 X143.681 Y131.238
G1 F3045.8 X144.32 Y131.066 E1130.92863
G0 F15000 X144.09 Y131.066
G0 X144 Y129.602
G0 X144 Y128.9
;TYPE:SKIN
G1 F2538.1 X144 Y129.3 E1130.9446
G1 F2400 E1130.4446
;MESH:NONMESH
G0 F300 X144 Y129.3 Z6.2
G0 F15000 X144 Y129.602
G0 X143.424 Y145.573
G0 X142.335 Y145.573
G0 X140.999 Y146.425
G0 X140.743 Y146.732
G0 X140.536 Y147.269
G0 X140.537 Y148.776
G0 X140.791 Y149.334
G0 X141.18 Y149.725
G0 X141.842 Y150.111
G0 X142.278 Y149.865
G0 X142 Y149.031
;TIME_ELAPSED:1465.377692
;LAYER:30
;note -- min layer time used
;TYPE:SUPPORT
G1 F2400 E1130.9446
G1 F3036.2 X142 Y146.987 E1131.01258
G1 X141.843 Y146.902 E1131.01852
G1 X141.582 Y147.075 E1131.02893
G1 X141.498 Y147.175 E1131.03328
G1 X141.4 Y147.43 E1131.04236
G1 X141.401 Y148.59 E1131.08094
G1 X141.513 Y148.837 E1131.08996
G1 X141.712 Y149.036 E1131.09932
G1 X141.849 Y149.117 E1131.10462
G1 X142.049 Y149.002 E1131.11229
G1 X144 Y149.002 E1131.17718
G1 X144 Y146.997 E1131.24387
G1 X145.952 Y146.997 E1131.30879
G1 X146.152 Y146.884 E1131.31643
G1 X146.292 Y146.968 E1131.32186
G1 X146.487 Y147.163 E1131.33104
G1 X146.599 Y147.41 E1131.34006
G1 X146.6 Y148.571 E1131.37867
G1 X146.502 Y148.826 E1131.38776
G1 X146.418 Y148.926 E1131.3921
G1 X146.157 Y149.098 E1131.4025
G1 X146 Y149.013 E1131.40844
G1 X146 Y146.969 E1131.47642
G1 F2400 E1130.97642
G0 F15000 X146.823 Y146.279
G0 X153.069 Y149.624
G0 X154 Y149.037
G1 F2400 E1131.47642
G1 F3036.2 X154 Y146.987 E1131.5446
G1 X153.843 Y146.902 E1131.55054
G1 X153.582 Y147.075 E1131.56095
G1 X153.498 Y147.175 E1131.5653
G1 X153.4 Y147.43 E1131.57438
G1 X153.401 Y148.59 E1131.61297
G1 X153.54 Y148.897 E1131.62418
G1 X153.833 Y149.12 E1131.63642
G1 X154.07 Y149.002 E1131.64523
G1 X156 Y149.002 E1131.70942
G1 X156 Y146.997 E1131.77611
G1 X157.952 Y146.997 E1131.84103
G1 X158.152 Y146.884 E1131.84867
G1 X158.292 Y146.968 E1131.8541
G1 X158.487 Y147.163 E1131.86327
G1 X158.599 Y147.41 E1131.87229
G1 X158.6 Y148.571 E1131.91091
G1 X158.501 Y148.828 E1131.92007
G1 X158.392 Y148.96 E1131.92576
G1 X158.162 Y149.125 E1131.93518
G1 X158 Y149.042 E1131.94123
G1 X158 Y146.969 E1132.01018
G1 F2400 E1131.51018
G0 F15000 X157.724 Y146.134
G0 X158.164 Y145.89
G0 X158.823 Y146.279
G0 X159.209 Y146.666
G0 X159.463 Y147.224
G0 X160.663 Y169.192
G0 X160.66 Y170.956
G0 X160.304 Y171.887
G0 X157.653 Y175.653
G0 X154.347 Y175.653
G0 X151.807 Y172.055
G0 X151.435 Y171.251
G0 X151.337 Y170.804
G0 X151.34 Y169.043
G0 X151.709 Y168.078
G0 X152.219 Y167.504
G0 X153.139 Y166.891
G0 X153.695 Y166.779
G0 X154.371 Y167.034
G0 X154 Y167.878
G1 F2400 E1132.01018
G1 F3036.2 X153.864 Y167.755 E1132.01628
G1 X153.661 Y167.666 E1132.02365
G1 X153.477 Y167.703 E1132.02989
G1 X152.791 Y168.161 E1132.05733
G1 X152.46 Y168.533 E1132.07389
G1 X152.204 Y169.203 E1132.09774
G1 X152.201 Y170.713 E1132.14797
G1 X152.258 Y170.97 E1132.15672
G1 X152.524 Y171.546 E1132.17782
G1 X153.009 Y172.014 E1132.20024
G1 X153.516 Y172.316 E1132.21987
G1 X153.644 Y172.346 E1132.22424
G1 X153.8 Y172.286 E1132.2298
G1 X153.8 Y172.202 E1132.23259
G1 X154 Y172.024 E1132.2415
G1 F2400 E1131.7415
G0 F15000 X154.353 Y172.98
G0 X154.347 Y175.653
G0 X157.653 Y175.653
G0 X160.304 Y171.887
G0 X160.66 Y170.956
G0 X160.663 Y169.192
G0 X160.557 Y168.739
G0 X160.197 Y167.952
G0 X159.522 Y167.297
G0 X158.812 Y166.872
G0 X158.346 Y166.765
G0 X158.042 Y166.849
G0 X158.356 Y167.654
G1 F2400 E1132.2415
G1 F3036.2 X158.484 Y167.684 E1132.24587
G1 X158.993 Y167.988 E1132.26559
G1 X159.48 Y168.46 E1132.28815
G1 X159.736 Y169.019 E1132.3086
G1 X159.799 Y169.29 E1132.31785
G1 X159.796 Y170.796 E1132.36794
G1 X159.551 Y171.437 E1132.39077
G1 X159.186 Y171.859 E1132.40932
G1 X158.524 Y172.293 E1132.43565
G1 X158.336 Y172.333 E1132.44204
G1 X158.2 Y172.264 E1132.44712
G1 X158.2 Y172.223 E1132.44848
G1 X158 Y172.021 E1132.45793
G1 X158 Y167.861 E1132.5963
G1 X158.2 Y167.773 E1132.60356
G1 X158.2 Y167.714 E1132.60553
G1 X158.356 Y167.654 E1132.61109
G1 F2400 E1132.11109
G0 F15000 X158.042 Y166.849
G0 X158.294 Y166.753
G0 X158.812 Y166.872
G0 X159.522 Y167.297
G0 X160.197 Y167.952
G0 X160.557 Y168.739
G0 X160.663 Y169.192
G0 X160.66 Y170.956
G0 X160.304 Y171.887
G0 X157.653 Y175.653
G0 X154.347 Y175.653
G0 X151.807 Y172.055
G0 X151.435 Y171.251
G0 X151.337 Y170.804
G0 X151.339 Y169.806
G0 X146.82 Y166.876
G0 X146.356 Y167.654
G1 F2400 E1132.61109
G1 F3036.2 X146.484 Y167.684 E1132.61546
G1 X146.993 Y167.988 E1132.63518
G1 X147.48 Y168.46 E1132.65773
G1 X147.736 Y169.019 E1132.67818
G1 X147.799 Y169.29 E1132.68744
G1 X147.796 Y170.796 E1132.73753
G1 X147.551 Y171.437 E1132.76035
G1 X147.186 Y171.859 E1132.77891
G1 X146.524 Y172.293 E1132.80524
G1 X146.336 Y172.333 E1132.81163
G1 X146.2 Y172.264 E1132.8167
G1 X146.2 Y172.223 E1132.81807
G1 X146 Y172.021 E1132.82752
G1 X146 Y167.861 E1132.96588
G1 X146.2 Y167.773 E1132.97315
G1 X146.2 Y167.714 E1132.97511
G1 X146.356 Y167.654 E1132.98067
G1 F2400 E1132.48067
G0 F15000 X146.042 Y166.849
G0 X146.294 Y166.753
G0 X146.812 Y166.872
G0 X147.522 Y167.297
G0 X148.197 Y167.952
G0 X148.557 Y168.739
G0 X148.663 Y169.192
G0 X148.66 Y170.956
G0 X148.304 Y171.887
G0 X145.653 Y175.653
G0 X142.347 Y175.653
G0 X139.807 Y172.055
G0 X139.435 Y171.251
G0 X139.337 Y170.804
G0 X139.34 Y169.043
G0 X139.709 Y168.078
G0 X140.219 Y167.504
G0 X141.139 Y166.891
G0 X141.695 Y166.779
G0 X142.354 Y167.046
G0 X142 Y167.878
G1 F2400 E1132.98067
G1 F3036.2 X141.864 Y167.755 E1132.98677
G1 X141.661 Y167.666 E1132.99414
G1 X141.477 Y167.703 E1133.00038
G1 X140.791 Y168.161 E1133.02782
G1 X140.46 Y168.533 E1133.04438
G1 X140.204 Y169.203 E1133.06824
G1 X140.201 Y170.713 E1133.11846
G1 X140.258 Y170.97 E1133.12721
G1 X140.524 Y171.546 E1133.14832
G1 X141.009 Y172.014 E1133.17073
G1 X141.516 Y172.316 E1133.19036
G1 X141.644 Y172.346 E1133.19473
G1 X141.8 Y172.286 E1133.20029
G1 X141.8 Y172.202 E1133.20309
G1 X142 Y172.024 E1133.21199
G1 F2400 E1132.71199
;MESH:Limiter bracket.stl
G0 F15000 X143.43 Y172.024
G0 X144.09 Y174.12
G0 X144.4 Y174.4
;TYPE:WALL-INNER
G1 F2400 E1133.21199
G1 F3036.2 X144.4 Y150.6 E1134.00358
G1 X143.6 Y150.6 E1134.03019
G1 X143.6 Y174.4 E1134.82178
G1 X144.4 Y174.4 E1134.84839
G0 F15000 X144.8 Y174.8
;TYPE:WALL-OUTER
G1 F3036.2 X144.8 Y150.2 E1135.66659
G1 X143.2 Y150.2 E1135.71981
G1 X143.2 Y174.8 E1136.53801
G1 X144.8 Y174.8 E1136.59122
G0 F15000 X144.52 Y174.52
G0 X144.09 Y172.625
G0 X144.319 Y172.625
;TYPE:FILL
G1 F3036.2 X143.681 Y172.796 E1136.61319
G0 F15000 X144.32 Y172.062
G1 F3036.2 X143.68 Y171.421 E1136.64332
G0 F15000 X143.91 Y171.421
G0 X143.91 Y164.514
G0 X143.68 Y164.514
G1 F3036.2 X144.319 Y164.342 E1136.66533
G0 F15000 X144.09 Y164.342
G0 X144.09 Y160.748
G0 X144.32 Y160.748
G1 F3036.2 X143.68 Y160.107 E1136.69545
G0 F15000 X143.91 Y160.107
G0 X143.91 Y156.645
G0 X143.68 Y156.645
G1 F3036.2 X144.32 Y154.258 E1136.77765
G0 F15000 X144.09 Y154.258
G0 X144.09 Y156.06
G0 X144.32 Y156.06
G1 F3036.2 X143.68 Y156.231 E1136.79968
G1 F2400 E1136.29968
G0 F15000 X143.91 Y156.231
G0 X144.57 Y174.12
G0 X145.665 Y174.12
G0 X154.335 Y174.12
G0 X155.43 Y174.12
G0 X155.91 Y174.12
G0 X155.6 Y174.4
;TYPE:WALL-INNER
G1 F2400 E1136.79968
G1 F3036.2 X156.4 Y174.4 E1136.82629
G1 X156.4 Y150.6 E1137.61788
G1 X155.6 Y150.6 E1137.64449
G1 X155.6 Y174.4 E1138.43608
G0 F15000 X155.2 Y174.8
;TYPE:WALL-OUTER
G1 F3036.2 X156.8 Y174.8 E1138.4893
G1 X156.8 Y150.2 E1139.3075
G1 X155.2 Y150.2 E1139.36071
G1 X155.2 Y174.8 E1140.17891
G0 F15000 X155.48 Y174.52
G0 X155.91 Y173.678
G0 X155.681 Y173.678
;TYPE:FILL
G1 F3036.2 X156.32 Y171.292 E1140.26107
G0 F15000 X156.09 Y171.292
G0 X155.91 Y172.108
G0 X155.68 Y172.108
G1 F3036.2 X156.32 Y172.748 E1140.29117
G0 F15000 X156.09 Y172.748
G0 X155.91 Y169.58
G0 X155.68 Y169.58
G1 F3036.2 X156.32 Y169.409 E1140.31321
G0 F15000 X156.09 Y169.409
G0 X156.09 Y161.434
G0 X156.32 Y161.434
G1 F3036.2 X155.68 Y160.794 E1140.34331
G0 F15000 X155.681 Y161.298
G1 F3036.2 X156.319 Y161.127 E1140.36528
G0 F15000 X156.09 Y161.127
G0 X155.91 Y153.016
G0 X155.68 Y153.016
G1 F3036.2 X156.32 Y152.845 E1140.38731
G1 F2400 E1139.88731
G0 F15000 X156.09 Y152.845
G0 X155.91 Y150.432
G0 X154.335 Y150.432
G0 X153.739 Y150.125
G0 X152.976 Y149.554
G0 X152.772 Y149.295
G0 X152.537 Y148.776
G0 X152.536 Y147.269
G0 X152.743 Y146.732
G0 X152.95 Y146.484
G0 X154.335 Y145.567
G0 X155.91 Y145.567
G0 X155.91 Y145.117
G0 X155.6 Y145.396
;TYPE:WALL-INNER
G1 F2400 E1140.38731
G1 F3036.2 X156.4 Y145.396 E1140.41392
G1 X156.4 Y128.7 E1140.96923
G1 X155.6 Y128.7 E1140.99584
G1 X155.6 Y145.396 E1141.55115
G0 F15000 X155.2 Y145.796
;TYPE:WALL-OUTER
G1 F3036.2 X156.8 Y145.796 E1141.60437
G1 X156.8 Y128.3 E1142.18629
G1 X155.2 Y128.3 E1142.2395
G1 X155.2 Y145.796 E1142.82142
G0 F15000 X155.48 Y145.517
G0 X155.91 Y144.734
G0 X155.68 Y144.734
;TYPE:FILL
G1 F3036.2 X156.32 Y144.562 E1142.84346
G0 F15000 X156.09 Y144.562
G0 X155.91 Y142.77
G0 X155.68 Y142.77
G1 F3036.2 X156.32 Y140.382 E1142.92569
G0 F15000 X156.09 Y140.382
G0 X156.09 Y138.806
G0 X156.32 Y138.806
G1 F3036.2 X155.679 Y138.166 E1142.95582
G0 F15000 X155.91 Y138.166
G0 X155.91 Y136.451
G0 X155.681 Y136.451
G1 F3036.2 X156.319 Y136.28 E1142.97779
G0 F15000 X156.09 Y136.28
G0 X156 Y129.802
G0 X156 Y129.1
;TYPE:SKIN
G1 F2530.2 X156 Y129.5 E1142.99375
G1 F2400 E1142.49375
G0 F15000 X156 Y129.802
G0 X155.43 Y145.117
G0 X154.335 Y145.117
G0 X145.665 Y145.117
G0 X144.57 Y145.117
G0 X144.09 Y145.117
G0 X144.4 Y145.396
;TYPE:WALL-INNER
G1 F2400 E1142.99375
G1 F3036.2 X144.4 Y128.7 E1143.54906
G1 X143.6 Y128.7 E1143.57567
G1 X143.6 Y145.396 E1144.13098
G1 X144.4 Y145.396 E1144.15759
G0 F15000 X144.8 Y145.796
;TYPE:WALL-OUTER
G1 F3036.2 X144.8 Y128.3 E1144.73951
G1 X143.2 Y128.3 E1144.79273
G1 X143.2 Y145.796 E1145.37465
G1 X144.8 Y145.796 E1145.42786
G0 F15000 X144.52 Y145.517
G0 X143.91 Y139.667
G0 X143.681 Y139.667
;TYPE:FILL
G1 F3036.2 X144.32 Y139.496 E1145.44986
G0 F15000 X144.09 Y139.496
G0 X144.09 Y138.121
G0 X144.32 Y138.121
G1 F3036.2 X143.68 Y137.48 E1145.47999
G0 F15000 X143.91 Y137.48
G0 X143.91 Y131.385
G0 X143.681 Y131.385
G1 F3036.2 X144.319 Y131.213 E1145.50197
G0 F15000 X144.09 Y131.213
G0 X144 Y129.802
G0 X144 Y129.1
;TYPE:SKIN
G1 F2530.2 X144 Y129.5 E1145.51793
G1 F2400 E1145.01793
;MESH:NONMESH
G0 F300 X144 Y129.5 Z6.4
G0 F15000 X144 Y129.802
G0 X143.424 Y145.573
G0 X142.335 Y145.573
G0 X140.999 Y146.425
G0 X140.743 Y146.732
G0 X140.536 Y147.269
G0 X140.537 Y148.776
G0 X140.791 Y149.334
G0 X141.18 Y149.725
G0 X141.842 Y150.111
G0 X142.278 Y149.865
G0 X142 Y149.03
;TIME_ELAPSED:1490.978987
;LAYER:31
;note -- min layer time used
;TYPE:SUPPORT
G1 F2400 E1145.51793
G1 F3031.1 X142 Y146.987 E1145.58588
G1 X141.843 Y146.902 E1145.59182
G1 X141.582 Y147.075 E1145.60224
G1 X141.498 Y147.175 E1145.60658
G1 X141.4 Y147.43 E1145.61567
G1 X141.401 Y148.59 E1145.65425
G1 X141.513 Y148.837 E1145.66327
G1 X141.712 Y149.036 E1145.67263
G1 X141.848 Y149.117 E1145.67789
G1 X142.082 Y148.983 E1145.68686
G1 X144 Y148.983 E1145.75065
G1 X144 Y147.017 E1145.81604
G1 X145.918 Y147.017 E1145.87984
G1 X146.152 Y146.883 E1145.88881
G1 X146.288 Y146.964 E1145.89407
G1 X146.487 Y147.163 E1145.90343
G1 X146.599 Y147.41 E1145.91245
G1 X146.6 Y148.571 E1145.95107
G1 X146.502 Y148.826 E1145.96015
G1 X146.418 Y148.926 E1145.9645
G1 X146.157 Y149.098 E1145.97489
G1 X146 Y149.013 E1145.98083
G1 X146 Y146.97 E1146.04878
G1 F2400 E1145.54878
G0 F15000 X146.82 Y146.275
G0 X153.158 Y149.692
G0 X154 Y149.038
G1 F2400 E1146.04878
G1 F3031.1 X154 Y146.987 E1146.117
G1 X153.843 Y146.902 E1146.12294
G1 X153.582 Y147.075 E1146.13335
G1 X153.498 Y147.175 E1146.13769
G1 X153.4 Y147.43 E1146.14678
G1 X153.401 Y148.59 E1146.18536
G1 X153.54 Y148.897 E1146.19657
G1 X153.833 Y149.12 E1146.20882
G1 X154.109 Y148.983 E1146.21907
G1 X156 Y148.983 E1146.28196
G1 X156 Y147.017 E1146.34735
G1 X157.918 Y147.017 E1146.41114
G1 X158.152 Y146.883 E1146.42011
G1 X158.288 Y146.964 E1146.42538
G1 X158.487 Y147.163 E1146.43474
G1 X158.599 Y147.41 E1146.44376
G1 X158.6 Y148.573 E1146.48244
G1 X158.502 Y148.827 E1146.49149
G1 X158.392 Y148.961 E1146.49726
G1 X158.17 Y149.122 E1146.50638
G1 X158 Y149.042 E1146.51263
G1 X158 Y146.97 E1146.58154
G1 F2400 E1146.08154
G0 F15000 X157.689 Y146.154
G0 X158.262 Y145.833
G0 X159.209 Y146.666
G0 X159.463 Y147.224
G0 X160.663 Y169.192
G0 X160.66 Y170.956
G0 X160.304 Y171.887
G0 X157.653 Y175.653
G0 X154.347 Y175.653
G0 X151.807 Y172.055
G0 X151.435 Y171.251
G0 X151.337 Y170.804
G0 X151.34 Y169.043
G0 X151.709 Y168.078
G0 X152.219 Y167.504
G0 X153.139 Y166.891
G0 X153.695 Y166.779
G0 X154.371 Y167.034
G0 X154 Y167.878
G1 F2400 E1146.58154
G1 F3031.1 X153.864 Y167.755 E1146.58764
G1 X153.661 Y167.666 E1146.59502
G1 X153.477 Y167.703 E1146.60126
G1 X152.791 Y168.161 E1146.62869
G1 X152.46 Y168.533 E1146.64525
G1 X152.204 Y169.203 E1146.66911
G1 X152.201 Y170.713 E1146.71933
G1 X152.258 Y170.97 E1146.72809
G1 X152.524 Y171.546 E1146.74919
G1 X153.009 Y172.014 E1146.77161
G1 X153.516 Y172.316 E1146.79123
G1 X153.644 Y172.346 E1146.79561
G1 X153.8 Y172.286 E1146.80117
G1 X153.8 Y172.203 E1146.80393
G1 X154 Y172.024 E1146.81285
G1 F2400 E1146.31285
G0 F15000 X154.353 Y172.98
G0 X154.347 Y175.653
G0 X157.653 Y175.653
G0 X160.304 Y171.887
G0 X160.66 Y170.956
G0 X160.663 Y169.192
G0 X160.557 Y168.739
G0 X160.197 Y167.952
G0 X159.522 Y167.297
G0 X158.812 Y166.872
G0 X158.346 Y166.765
G0 X158.042 Y166.849
G0 X158.356 Y167.654
G1 F2400 E1146.81285
G1 F3031.1 X158.484 Y167.684 E1146.81723
G1 X158.993 Y167.988 E1146.83695
G1 X159.48 Y168.46 E1146.8595
G1 X159.736 Y169.019 E1146.87995
G1 X159.799 Y169.29 E1146.88921
G1 X159.796 Y170.796 E1146.9393
G1 X159.551 Y171.437 E1146.96212
G1 X159.186 Y171.859 E1146.98068
G1 X158.524 Y172.293 E1147.00701
G1 X158.336 Y172.333 E1147.0134
G1 X158.2 Y172.264 E1147.01847
G1 X158.2 Y172.224 E1147.0198
G1 X158 Y172.019 E1147.02933
G1 X158 Y167.861 E1147.16762
G1 X158.2 Y167.773 E1147.17489
G1 X158.2 Y167.714 E1147.17685
G1 X158.356 Y167.654 E1147.18241
G1 F2400 E1146.68241
G0 F15000 X158.042 Y166.849
G0 X158.294 Y166.753
G0 X158.812 Y166.872
G0 X159.522 Y167.297
G0 X160.197 Y167.952
G0 X160.557 Y168.739
G0 X160.663 Y169.192
G0 X160.66 Y170.956
G0 X160.304 Y171.887
G0 X157.653 Y175.653
G0 X154.347 Y175.653
G0 X151.807 Y172.055
G0 X151.435 Y171.251
G0 X151.337 Y170.804
G0 X151.339 Y169.806
G0 X146.82 Y166.876
G0 X146.356 Y167.654
G1 F2400 E1147.18241
G1 F3031.1 X146.484 Y167.684 E1147.18678
G1 X146.993 Y167.988 E1147.2065
G1 X147.48 Y168.46 E1147.22906
G1 X147.736 Y169.019 E1147.24951
G1 X147.799 Y169.29 E1147.25876
G1 X147.796 Y170.796 E1147.30885
G1 X147.551 Y171.437 E1147.33168
G1 X147.186 Y171.859 E1147.35023
G1 X146.524 Y172.293 E1147.37656
G1 X146.336 Y172.333 E1147.38296
G1 X146.2 Y172.264 E1147.38803
G1 X146.2 Y172.224 E1147.38936
G1 X146 Y172.019 E1147.39888
G1 X146 Y167.861 E1147.53718
G1 X146.2 Y167.773 E1147.54445
G1 X146.2 Y167.714 E1147.54641
G1 X146.356 Y167.654 E1147.55197
G1 F2400 E1147.05197
G0 F15000 X146.042 Y166.849
G0 X146.294 Y166.753
G0 X146.812 Y166.872
G0 X147.522 Y167.297
G0 X148.197 Y167.952
G0 X148.557 Y168.739
G0 X148.663 Y169.192
G0 X148.66 Y170.956
G0 X148.304 Y171.887
G0 X145.653 Y175.653
G0 X142.347 Y175.653
G0 X139.807 Y172.055
G0 X139.435 Y171.251
G0 X139.337 Y170.804
G0 X139.34 Y169.043
G0 X139.709 Y168.078
G0 X140.219 Y167.504
G0 X141.139 Y166.891
G0 X141.695 Y166.779
G0 X142.354 Y167.046
G0 X142 Y167.878
G1 F2400 E1147.55197
G1 F3031.1 X141.864 Y167.755 E1147.55807
G1 X141.661 Y167.666 E1147.56544
G1 X141.477 Y167.703 E1147.57168
G1 X140.791 Y168.161 E1147.59912
G1 X140.46 Y168.533 E1147.61568
G1 X140.204 Y169.203 E1147.63953
G1 X140.201 Y170.713 E1147.68976
G1 X140.258 Y170.97 E1147.69851
G1 X140.524 Y171.546 E1147.71961
G1 X141.009 Y172.014 E1147.74203
G1 X141.516 Y172.316 E1147.76166
G1 X141.644 Y172.346 E1147.76603
G1 X141.8 Y172.286 E1147.77159
G1 X141.8 Y172.203 E1147.77435
G1 X142 Y172.024 E1147.78328
G1 F2400 E1147.28328
;MESH:Limiter bracket.stl
G0 F15000 X143.43 Y172.024
G0 X144.09 Y174.12
G0 X144.4 Y174.4
;TYPE:WALL-INNER
G1 F2400 E1147.78328
G1 F3031.1 X144.4 Y150.58 E1148.57553
G1 X143.6 Y150.58 E1148.60214
G1 X143.6 Y174.4 E1149.3944
G1 X144.4 Y174.4 E1149.42101
G0 F15000 X144.8 Y174.8
;TYPE:WALL-OUTER
G1 F3031.1 X144.8 Y150.18 E1150.23987
G1 X143.2 Y150.18 E1150.29309
G1 X143.2 Y174.8 E1151.11195
G1 X144.8 Y174.8 E1151.16517
G0 F15000 X144.52 Y174.52
G0 X144.09 Y172.77
G0 X144.32 Y172.77
;TYPE:FILL
G1 F3031.1 X143.68 Y172.942 E1151.18721
G0 F15000 X143.91 Y172.942
G0 X144.09 Y171.862
G0 X144.32 Y171.862
G1 F3031.1 X143.68 Y171.222 E1151.21731
G0 F15000 X143.91 Y171.222
G0 X143.91 Y164.659
G0 X143.681 Y164.659
G1 F3031.1 X144.319 Y164.488 E1151.23928
G0 F15000 X144.09 Y164.488
G0 X144.09 Y160.549
G0 X144.32 Y160.549
G1 F3031.1 X143.68 Y159.908 E1151.26941
G0 F15000 X143.91 Y159.908
G0 X143.91 Y156.377
G0 X143.681 Y156.377
G1 F3031.1 X144.32 Y156.206 E1151.29141
G0 F15000 X143.68 Y156.099
G1 F3031.1 X144.32 Y153.713 E1151.37358
G1 F2400 E1150.87358
G0 F15000 X144.09 Y153.713
G0 X144.57 Y174.12
G0 X145.665 Y174.12
G0 X154.335 Y174.12
G0 X155.43 Y174.12
G0 X155.91 Y174.12
G0 X155.6 Y174.4
;TYPE:WALL-INNER
G1 F2400 E1151.37358
G1 F3031.1 X156.4 Y174.4 E1151.40018
G1 X156.4 Y150.58 E1152.19244
G1 X155.6 Y150.58 E1152.21905
G1 X155.6 Y174.4 E1153.0113
G0 F15000 X155.2 Y174.8
;TYPE:WALL-OUTER
G1 F3031.1 X156.8 Y174.8 E1153.06452
G1 X156.8 Y150.18 E1153.88338
G1 X155.2 Y150.18 E1153.9366
G1 X155.2 Y174.8 E1154.75547
G0 F15000 X155.48 Y174.52
G0 X155.91 Y173.133
G0 X155.68 Y173.133
;TYPE:FILL
G1 F3031.1 X156.32 Y170.748 E1154.8376
G0 F15000 X156.09 Y170.748
G0 X156.09 Y169.555
G0 X156.32 Y169.555
G1 F3031.1 X155.68 Y169.726 E1154.85963
G0 F15000 X155.91 Y169.726
G0 X155.91 Y171.908
G0 X155.68 Y171.908
G1 F3031.1 X156.32 Y172.548 E1154.88973
G0 F15000 X156.09 Y172.548
G0 X155.91 Y161.444
G0 X155.68 Y161.444
G1 F3031.1 X156.32 Y161.273 E1154.91177
G1 X156.32 Y161.234
G1 X155.68 Y160.595 E1154.94185
G0 F15000 X155.91 Y160.595
G0 X155.91 Y153.162
G0 X155.681 Y153.162
G1 F3031.1 X156.319 Y152.991 E1154.96382
G1 F2400 E1154.46382
G0 F15000 X156.09 Y152.991
G0 X155.91 Y150.413
G0 X154.335 Y150.413
G0 X153.739 Y150.126
G0 X152.97 Y149.548
G0 X152.772 Y149.294
G0 X152.537 Y148.776
G0 X152.536 Y147.269
G0 X152.743 Y146.732
G0 X152.95 Y146.484
G0 X154.335 Y145.587
G0 X155.91 Y145.587
G0 X155.91 Y145.137
G0 X155.6 Y145.416
;TYPE:WALL-INNER
G1 F2400 E1154.96382
G1 F3031.1 X156.4 Y145.416 E1154.99042
G1 X156.4 Y128.9 E1155.53975
G1 X155.6 Y128.9 E1155.56636
G1 X155.6 Y145.416 E1156.11568
G0 F15000 X155.2 Y145.816
;TYPE:WALL-OUTER
G1 F3031.1 X156.8 Y145.816 E1156.1689
G1 X156.8 Y128.5 E1156.74483
G1 X155.2 Y128.5 E1156.79805
G1 X155.2 Y145.816 E1157.37398
G0 F15000 X155.48 Y145.537
G0 X155.91 Y144.879
G0 X155.681 Y144.879
;TYPE:FILL
G1 F3031.1 X156.32 Y144.708 E1157.39598
G0 F15000 X156.09 Y144.708
G0 X155.91 Y142.225
G0 X155.68 Y142.225
G1 F3031.1 X156.32 Y139.837 E1157.47821
G0 F15000 X156.09 Y139.837
G0 X156.09 Y138.607
G0 X156.32 Y138.607
G1 F3031.1 X155.679 Y137.966 E1157.50836
G0 F15000 X155.91 Y137.966
G0 X155.91 Y136.597
G0 X155.681 Y136.597
G1 F3031.1 X156.319 Y136.426 E1157.53033
G0 F15000 X156.09 Y136.426
G0 X156.001 Y130.003
G0 X156 Y129.3
;TYPE:SKIN
G1 F2525.9 X156 Y129.702 E1157.54637
G1 F2400 E1157.04637
G0 F15000 X156 Y130.003
G0 X155.43 Y145.137
G0 X154.335 Y145.137
G0 X145.665 Y145.137
G0 X144.57 Y145.137
G0 X144.09 Y145.137
G0 X144.4 Y145.416
;TYPE:WALL-INNER
G1 F2400 E1157.54637
G1 F3031.1 X144.4 Y128.9 E1158.0957
G1 X143.6 Y128.9 E1158.12231
G1 X143.6 Y145.416 E1158.67163
G1 X144.4 Y145.416 E1158.69824
G0 F15000 X144.8 Y145.816
;TYPE:WALL-OUTER
G1 F3031.1 X144.8 Y128.5 E1159.27417
G1 X143.2 Y128.5 E1159.32739
G1 X143.2 Y145.816 E1159.90332
G1 X144.8 Y145.816 E1159.95653
G0 F15000 X144.52 Y145.537
G0 X143.91 Y139.813
G0 X143.68 Y139.813
;TYPE:FILL
G1 F3031.1 X144.319 Y139.642 E1159.97854
G0 F15000 X144.09 Y139.642
G0 X144.09 Y137.921
G0 X144.32 Y137.921
G1 F3031.1 X143.68 Y137.281 E1160.00864
G0 F15000 X143.91 Y137.281
G0 X143.91 Y131.531
G0 X143.68 Y131.531
G1 F3031.1 X144.319 Y131.359 E1160.03065
G0 F15000 X144.09 Y131.359
G0 X144.001 Y130.003
G0 X144 Y129.3
;TYPE:SKIN
G1 F2525.9 X144 Y129.702 E1160.04669
G1 F2400 E1159.54669
;MESH:NONMESH
G0 F300 X144 Y129.702 Z6.6
G0 F15000 X144 Y130.003
G0 X143.424 Y145.593
G0 X142.335 Y145.593
G0 X140.999 Y146.425
G0 X140.743 Y146.732
G0 X140.536 Y147.269
G0 X140.537 Y148.776
G0 X140.791 Y149.334
G0 X141.738 Y150.167
G0 X142.311 Y149.846
G0 X142 Y149.026
;TIME_ELAPSED:1516.561749
;LAYER:32
;note -- min layer time used
;TYPE:SUPPORT
G1 F2400 E1160.04669
G1 F3022 X142 Y146.987 E1160.11451
G1 X141.842 Y146.902 E1160.12048
G1 X141.582 Y147.075 E1160.13087
G1 X141.498 Y147.175 E1160.13521
G1 X141.4 Y147.43 E1160.1443
G1 X141.401 Y148.59 E1160.18288
G1 X141.513 Y148.837 E1160.1919
G1 X141.71 Y149.034 E1160.20116
G1 X141.847 Y149.115 E1160.20646
G1 X142.146 Y148.941 E1160.21796
G1 X144 Y148.941 E1160.27963
G1 X144 Y147.06 E1160.34219
G1 X145.855 Y147.06 E1160.40389
G1 X146.153 Y146.884 E1160.4154
G1 X146.288 Y146.964 E1160.42062
G1 X146.487 Y147.163 E1160.42998
G1 X146.599 Y147.41 E1160.439
G1 X146.6 Y148.571 E1160.47761
G1 X146.502 Y148.826 E1160.4867
G1 X146.418 Y148.926 E1160.49104
G1 X146.157 Y149.098 E1160.50144
G1 X146 Y149.013 E1160.50738
G1 X146 Y146.974 E1160.5752
G1 F2400 E1160.0752
G0 F15000 X146.82 Y146.275
G0 X153.387 Y149.86
G0 X154 Y149.032
G1 F2400 E1160.5752
G1 F3022 X154 Y146.987 E1160.64321
G1 X153.842 Y146.902 E1160.64918
G1 X153.582 Y147.075 E1160.65957
G1 X153.498 Y147.175 E1160.66391
G1 X153.4 Y147.43 E1160.673
G1 X153.401 Y148.591 E1160.71161
G1 X153.539 Y148.896 E1160.72275
G1 X153.835 Y149.116 E1160.73501
G1 X154 Y149.032 E1160.74117
G1 X154 Y148.941 E1160.7442
G1 X156 Y148.941 E1160.81072
G1 X156 Y147.06 E1160.87328
G1 X157.855 Y147.06 E1160.93498
G1 X158.153 Y146.884 E1160.94649
G1 X158.288 Y146.964 E1160.95171
G1 X158.487 Y147.163 E1160.96107
G1 X158.599 Y147.41 E1160.97009
G1 X158.6 Y148.571 E1161.0087
G1 X158.5 Y148.83 E1161.01794
G1 X158.394 Y148.958 E1161.02347
G1 X158.162 Y149.12 E1161.03288
G1 X158 Y149.036 E1161.03895
G1 X158 Y146.974 E1161.10753
G1 F2400 E1160.60753
G0 F15000 X157.645 Y146.2
G0 X158.262 Y145.833
G0 X159.209 Y146.666
G0 X159.463 Y147.224
G0 X160.663 Y169.192
G0 X160.66 Y170.956
G0 X160.304 Y171.887
G0 X157.653 Y175.653
G0 X154.347 Y175.653
G0 X151.807 Y172.055
G0 X151.435 Y171.251
G0 X151.337 Y170.804
G0 X151.34 Y169.043
G0 X151.709 Y168.078
G0 X152.219 Y167.504
G0 X153.139 Y166.891
G0 X153.695 Y166.779
G0 X154.371 Y167.034
G0 X154 Y167.878
G1 F2400 E1161.10753
G1 F3022 X153.864 Y167.755 E1161.11363
G1 X153.661 Y167.666 E1161.121
G1 X153.477 Y167.703 E1161.12724
G1 X152.791 Y168.161 E1161.15468
G1 X152.46 Y168.533 E1161.17124
G1 X152.204 Y169.203 E1161.19509
G1 X152.201 Y170.713 E1161.24532
G1 X152.258 Y170.97 E1161.25407
G1 X152.524 Y171.546 E1161.27517
G1 X153.009 Y172.014 E1161.29759
G1 X153.516 Y172.316 E1161.31722
G1 X153.644 Y172.346 E1161.32159
G1 X153.8 Y172.286 E1161.32715
G1 X153.8 Y172.203 E1161.32991
G1 X154 Y172.024 E1161.33884
G1 F2400 E1160.83884
G0 F15000 X154.353 Y172.98
G0 X154.347 Y175.653
G0 X157.653 Y175.653
G0 X160.304 Y171.887
G0 X160.66 Y170.956
G0 X160.663 Y169.192
G0 X160.557 Y168.739
G0 X160.197 Y167.952
G0 X159.522 Y167.297
G0 X158.812 Y166.872
G0 X158.346 Y166.765
G0 X158.042 Y166.849
G0 X158.356 Y167.654
G1 F2400 E1161.33884
G1 F3022 X158.484 Y167.684 E1161.34321
G1 X158.993 Y167.988 E1161.36293
G1 X159.48 Y168.46 E1161.38549
G1 X159.736 Y169.019 E1161.40594
G1 X159.799 Y169.29 E1161.41519
G1 X159.796 Y170.796 E1161.46528
G1 X159.551 Y171.437 E1161.4881
G1 X159.186 Y171.859 E1161.50666
G1 X158.524 Y172.293 E1161.53299
G1 X158.336 Y172.333 E1161.53938
G1 X158.2 Y172.264 E1161.54445
G1 X158.2 Y172.224 E1161.54578
G1 X158 Y172.019 E1161.55531
G1 X158 Y167.861 E1161.69361
G1 X158.2 Y167.773 E1161.70087
G1 X158.2 Y167.714 E1161.70284
G1 X158.356 Y167.654 E1161.7084
G1 F2400 E1161.2084
G0 F15000 X158.042 Y166.849
G0 X158.294 Y166.753
G0 X158.812 Y166.872
G0 X159.522 Y167.297
G0 X160.197 Y167.952
G0 X160.557 Y168.739
G0 X160.663 Y169.192
G0 X160.66 Y170.956
G0 X160.304 Y171.887
G0 X157.653 Y175.653
G0 X154.347 Y175.653
G0 X151.807 Y172.055
G0 X151.435 Y171.251
G0 X151.337 Y170.804
G0 X151.339 Y169.806
G0 X146.82 Y166.876
G0 X146.356 Y167.654
G1 F2400 E1161.7084
G1 F3022 X146.484 Y167.684 E1161.71277
G1 X146.993 Y167.988 E1161.73249
G1 X147.48 Y168.46 E1161.75504
G1 X147.736 Y169.019 E1161.77549
G1 X147.799 Y169.29 E1161.78475
G1 X147.796 Y170.796 E1161.83484
G1 X147.551 Y171.437 E1161.85766
G1 X147.186 Y171.859 E1161.87622
G1 X146.524 Y172.293 E1161.90255
G1 X146.336 Y172.333 E1161.90894
G1 X146.2 Y172.264 E1161.91401
G1 X146.2 Y172.224 E1161.91534
G1 X146 Y172.019 E1161.92487
G1 X146 Y167.861 E1162.06316
G1 X146.2 Y167.773 E1162.07043
G1 X146.2 Y167.714 E1162.07239
G1 X146.356 Y167.654 E1162.07795
G1 F2400 E1161.57795
G0 F15000 X146.042 Y166.849
G0 X146.294 Y166.753
G0 X146.812 Y166.872
G0 X147.522 Y167.297
G0 X148.197 Y167.952
G0 X148.557 Y168.739
G0 X148.663 Y169.192
G0 X148.66 Y170.956
G0 X148.304 Y171.887
G0 X145.653 Y175.653
G0 X142.347 Y175.653
G0 X139.807 Y172.055
G0 X139.435 Y171.251
G0 X139.337 Y170.804
G0 X139.34 Y169.043
G0 X139.709 Y168.078
G0 X140.219 Y167.504
G0 X141.139 Y166.891
G0 X141.695 Y166.779
G0 X142.354 Y167.046
G0 X142 Y167.878
G1 F2400 E1162.07795
G1 F3022 X141.864 Y167.755 E1162.08405
G1 X141.661 Y167.666 E1162.09142
G1 X141.477 Y167.703 E1162.09767
G1 X140.791 Y168.161 E1162.1251
G1 X140.46 Y168.533 E1162.14166
G1 X140.204 Y169.203 E1162.16552
G1 X140.201 Y170.713 E1162.21574
G1 X140.258 Y170.97 E1162.2245
G1 X140.524 Y171.546 E1162.2456
G1 X141.009 Y172.014 E1162.26801
G1 X141.516 Y172.316 E1162.28764
G1 X141.644 Y172.346 E1162.29201
G1 X141.8 Y172.286 E1162.29757
G1 X141.8 Y172.203 E1162.30033
G1 X142 Y172.024 E1162.30926
G1 F2400 E1161.80926
;MESH:Limiter bracket.stl
G0 F15000 X143.43 Y172.024
G0 X144.09 Y174.12
G0 X144.4 Y174.4
;TYPE:WALL-INNER
G1 F2400 E1162.30926
G1 F3022 X144.4 Y150.54 E1163.10285
G1 X143.6 Y150.54 E1163.12946
G1 X143.6 Y174.4 E1163.92304
G1 X144.4 Y174.4 E1163.94965
G0 F15000 X144.8 Y174.8
;TYPE:WALL-OUTER
G1 F3022 X144.8 Y150.14 E1164.76985
G1 X143.2 Y150.14 E1164.82306
G1 X143.2 Y174.8 E1165.64326
G1 X144.8 Y174.8 E1165.69647
G0 F15000 X144.52 Y174.52
G0 X144.09 Y172.916
G0 X144.32 Y172.916
;TYPE:FILL
G1 F3022 X143.68 Y173.088 E1165.71852
G0 F15000 X143.91 Y173.088
G0 X144.09 Y171.663
G0 X144.32 Y171.663
G1 F3022 X143.68 Y171.022 E1165.74864
G0 F15000 X143.91 Y171.022
G0 X143.91 Y164.805
G0 X143.681 Y164.805
G1 F3022 X144.319 Y164.634 E1165.77061
G0 F15000 X144.09 Y164.634
G0 X144.09 Y160.349
G0 X144.32 Y160.349
G1 F3022 X143.68 Y159.709 E1165.80072
G0 F15000 X143.91 Y159.709
G0 X143.91 Y156.523
G0 X143.681 Y156.523
G1 F3022 X144.319 Y156.352 E1165.82268
G0 F15000 X144.09 Y156.352
G0 X143.91 Y155.554
G0 X143.681 Y155.554
G1 F3022 X144.32 Y153.167 E1165.90487
G1 F2400 E1165.40487
G0 F15000 X144.09 Y153.167
G0 X144.57 Y174.12
G0 X145.665 Y174.12
G0 X154.335 Y174.12
G0 X155.43 Y174.12
G0 X155.91 Y174.12
G0 X155.6 Y174.4
;TYPE:WALL-INNER
G1 F2400 E1165.90487
G1 F3022 X156.4 Y174.4 E1165.93148
G1 X156.4 Y150.54 E1166.72507
G1 X155.6 Y150.54 E1166.75167
G1 X155.6 Y174.4 E1167.54526
G0 F15000 X155.2 Y174.8
;TYPE:WALL-OUTER
G1 F3022 X156.8 Y174.8 E1167.59848
G1 X156.8 Y150.14 E1168.41867
G1 X155.2 Y150.14 E1168.47189
G1 X155.2 Y174.8 E1169.29208
G0 F15000 X155.48 Y174.52
G0 X155.91 Y172.589
G0 X155.68 Y172.589
;TYPE:FILL
G1 F3022 X156.32 Y170.202 E1169.37428
G0 F15000 X156.319 Y169.701
G1 F3022 X155.681 Y169.872 E1169.39625
G0 F15000 X155.91 Y169.872
G0 X155.91 Y171.709
G0 X155.68 Y171.709
G1 F3022 X156.32 Y172.349 E1169.42635
G0 F15000 X156.09 Y172.349
G0 X155.91 Y161.59
G0 X155.68 Y161.59
G1 F3022 X156.32 Y161.419 E1169.44839
G0 F15000 X156.32 Y161.035
G1 F3022 X155.68 Y160.395 E1169.47849
G0 F15000 X155.91 Y160.395
G0 X155.91 Y153.308
G0 X155.681 Y153.308
G1 F3022 X156.319 Y153.137 E1169.50046
G1 F2400 E1169.00046
G0 F15000 X156.09 Y153.137
G0 X155.91 Y150.371
G0 X154.335 Y150.371
G0 X153.749 Y150.121
G0 X152.975 Y149.553
G0 X152.771 Y149.294
G0 X152.537 Y148.776
G0 X152.536 Y147.269
G0 X152.743 Y146.732
G0 X152.999 Y146.425
G0 X153.45 Y146.128
G0 X154.335 Y145.63
G0 X155.91 Y145.63
G0 X155.91 Y145.18
G0 X155.6 Y145.46
;TYPE:WALL-INNER
G1 F2400 E1169.50046
G1 F3022 X156.4 Y145.46 E1169.52707
G1 X156.4 Y129.1 E1170.0712
G1 X155.6 Y129.1 E1170.09781
G1 X155.6 Y145.46 E1170.64195
G0 F15000 X155.2 Y145.86
;TYPE:WALL-OUTER
G1 F3022 X156.8 Y145.86 E1170.69516
G1 X156.8 Y128.7 E1171.26591
G1 X155.2 Y128.7 E1171.31912
G1 X155.2 Y145.86 E1171.88987
G0 F15000 X155.68 Y145.026
;TYPE:FILL
G1 F3022 X156.32 Y144.854 E1171.91191
G0 F15000 X156.09 Y144.854
G0 X155.91 Y141.682
G0 X155.68 Y141.682
G1 F3022 X156.32 Y139.293 E1171.99417
G0 F15000 X156.32 Y138.408
G1 F3022 X155.68 Y137.768 E1172.02427
G0 F15000 X155.91 Y137.768
G0 X155.91 Y136.743
G0 X155.68 Y136.743
G1 F3022 X156.32 Y136.572 E1172.04631
G0 F15000 X156.09 Y136.572
G0 X156.001 Y130.203
G0 X156 Y129.5
;TYPE:SKIN
G1 F2518.4 X156 Y129.902 E1172.06235
G1 F2400 E1171.56235
G0 F15000 X156 Y130.203
G0 X155.43 Y145.18
G0 X154.335 Y145.18
G0 X145.665 Y145.18
G0 X144.57 Y145.18
G0 X144.09 Y145.18
G0 X144.4 Y145.46
;TYPE:WALL-INNER
G1 F2400 E1172.06235
G1 F3022 X144.4 Y129.1 E1172.60649
G1 X143.6 Y129.1 E1172.63309
G1 X143.6 Y145.46 E1173.17723
G1 X144.4 Y145.46 E1173.20384
G0 F15000 X144.8 Y145.86
;TYPE:WALL-OUTER
G1 F3022 X144.8 Y128.7 E1173.77458
G1 X143.2 Y128.7 E1173.8278
G1 X143.2 Y145.86 E1174.39854
G1 X144.8 Y145.86 E1174.45176
G0 F15000 X144.52 Y145.58
G0 X143.91 Y139.959
G0 X143.681 Y139.959
;TYPE:FILL
G1 F3022 X144.319 Y139.788 E1174.47373
G0 F15000 X144.09 Y139.788
G0 X144.09 Y137.721
G0 X144.32 Y137.721
G1 F3022 X143.68 Y137.081 E1174.50383
G0 F15000 X143.91 Y137.081
G0 X143.91 Y131.677
G0 X143.68 Y131.677
G1 F3022 X144.32 Y131.505 E1174.52587
G0 F15000 X144.09 Y131.505
G0 X144.001 Y130.203
G0 X144 Y129.5
;TYPE:SKIN
G1 F2518.4 X144 Y129.902 E1174.54192
G1 F2400 E1174.04192
;MESH:NONMESH
G0 F300 X144 Y129.902 Z6.8
G0 F15000 X144 Y130.203
G0 X143.424 Y145.636
G0 X142.335 Y145.636
G0 X141.796 Y145.902
G0 X140.999 Y146.425
G0 X140.743 Y146.732
G0 X140.536 Y147.269
G0 X140.537 Y148.776
G0 X140.791 Y149.334
G0 X141.306 Y149.8
G0 X141.839 Y150.108
G0 X142.355 Y149.8
G0 X142 Y149.031
;TIME_ELAPSED:1542.068644
;LAYER:33
;note -- min layer time used
;TYPE:SUPPORT
G1 F2400 E1174.54192
G1 F3018 X142 Y146.987 E1174.6099
G1 X141.842 Y146.902 E1174.61587
G1 X141.582 Y147.075 E1174.62626
G1 X141.498 Y147.175 E1174.6306
G1 X141.4 Y147.43 E1174.63969
G1 X141.401 Y148.59 E1174.67827
G1 X141.513 Y148.837 E1174.68729
G1 X141.708 Y149.032 E1174.69646
G1 X141.852 Y149.114 E1174.70197
G1 X142 Y149.031 E1174.70761
G1 X142 Y148.879 E1174.71267
G1 X144 Y148.879 E1174.77919
G1 X144 Y147.122 E1174.83763
G1 X146 Y147.122 E1174.90415
G1 X146 Y146.972 E1174.90914
G1 X146.151 Y146.886 E1174.91492
G1 X146.292 Y146.968 E1174.92034
G1 X146.487 Y147.163 E1174.92952
G1 X146.599 Y147.41 E1174.93854
G1 X146.6 Y148.571 E1174.97715
G1 X146.502 Y148.826 E1174.98624
G1 X146.418 Y148.926 E1174.99058
G1 X146.158 Y149.098 E1175.00095
G1 X146 Y149.013 E1175.00692
G1 X146 Y147.122 E1175.06981
G1 F2400 E1174.56981
G0 F15000 X146.835 Y146.289
G0 X153.402 Y149.862
G0 X154 Y149.027
G1 F2400 E1175.06981
G1 F3018 X154 Y146.987 E1175.13766
G1 X153.842 Y146.902 E1175.14363
G1 X153.582 Y147.075 E1175.15402
G1 X153.498 Y147.175 E1175.15836
G1 X153.4 Y147.43 E1175.16745
G1 X153.401 Y148.591 E1175.20606
G1 X153.539 Y148.896 E1175.2172
G1 X153.838 Y149.11 E1175.22942
G1 X154 Y149.027 E1175.23548
G1 X154 Y148.879 E1175.2404
G1 X156 Y148.879 E1175.30692
G1 X156 Y147.122 E1175.36536
G1 X158 Y147.122 E1175.43188
G1 X158 Y146.972 E1175.43687
G1 X158.151 Y146.886 E1175.44265
G1 X158.292 Y146.968 E1175.44807
G1 X158.487 Y147.163 E1175.45725
G1 X158.599 Y147.41 E1175.46627
G1 X158.6 Y148.571 E1175.50488
G1 X158.5 Y148.83 E1175.51412
G1 X158.394 Y148.958 E1175.51964
G1 X158.161 Y149.12 E1175.52908
G1 X158 Y149.036 E1175.53512
G1 X158 Y147.122 E1175.59878
G1 F2400 E1175.09878
G0 F15000 X157.645 Y146.202
G0 X158.153 Y145.894
G0 X158.821 Y146.276
G0 X159.209 Y146.666
G0 X159.463 Y147.224
G0 X160.663 Y169.192
G0 X160.66 Y170.956
G0 X160.304 Y171.887
G0 X157.653 Y175.653
G0 X154.347 Y175.653
G0 X151.807 Y172.055
G0 X151.435 Y171.251
G0 X151.337 Y170.804
G0 X151.34 Y169.043
G0 X151.709 Y168.078
G0 X152.219 Y167.504
G0 X153.139 Y166.891
G0 X153.695 Y166.779
G0 X154.371 Y167.034
G0 X154 Y167.878
G1 F2400 E1175.59878
G1 F3018 X153.864 Y167.755 E1175.60488
G1 X153.661 Y167.666 E1175.61225
G1 X153.477 Y167.703 E1175.6185
G1 X152.791 Y168.161 E1175.64593
G1 X152.46 Y168.533 E1175.66249
G1 X152.204 Y169.203 E1175.68635
G1 X152.201 Y170.713 E1175.73657
G1 X152.258 Y170.97 E1175.74533
G1 X152.524 Y171.546 E1175.76643
G1 X153.009 Y172.014 E1175.78884
G1 X153.516 Y172.316 E1175.80847
G1 X153.644 Y172.346 E1175.81284
G1 X153.8 Y172.286 E1175.8184
G1 X153.8 Y172.203 E1175.82116
G1 X154 Y172.024 E1175.83009
G1 F2400 E1175.33009
G0 F15000 X154.353 Y172.98
G0 X154.347 Y175.653
G0 X157.653 Y175.653
G0 X160.304 Y171.887
G0 X160.66 Y170.956
G0 X160.663 Y169.192
G0 X160.557 Y168.739
G0 X160.197 Y167.952
G0 X159.522 Y167.297
G0 X158.812 Y166.872
G0 X158.346 Y166.765
G0 X158.042 Y166.849
G0 X158.356 Y167.654
G1 F2400 E1175.83009
G1 F3018 X158.484 Y167.684 E1175.83446
G1 X158.993 Y167.988 E1175.85418
G1 X159.48 Y168.46 E1175.87674
G1 X159.736 Y169.019 E1175.89719
G1 X159.799 Y169.29 E1175.90644
G1 X159.796 Y170.796 E1175.95653
G1 X159.551 Y171.437 E1175.97936
G1 X159.186 Y171.859 E1175.99791
G1 X158.524 Y172.293 E1176.02424
G1 X158.336 Y172.333 E1176.03064
G1 X158.2 Y172.264 E1176.03571
G1 X158.2 Y172.224 E1176.03704
G1 X158 Y172.019 E1176.04656
G1 X158 Y167.861 E1176.18486
G1 X158.2 Y167.773 E1176.19213
G1 X158.2 Y167.714 E1176.19409
G1 X158.356 Y167.654 E1176.19965
G1 F2400 E1175.69965
G0 F15000 X158.042 Y166.849
G0 X158.294 Y166.753
G0 X158.812 Y166.872
G0 X159.522 Y167.297
G0 X160.197 Y167.952
G0 X160.557 Y168.739
G0 X160.663 Y169.192
G0 X160.66 Y170.956
G0 X160.304 Y171.887
G0 X157.653 Y175.653
G0 X154.347 Y175.653
G0 X151.807 Y172.055
G0 X151.435 Y171.251
G0 X151.337 Y170.804
G0 X151.339 Y169.806
G0 X146.82 Y166.876
G0 X146.356 Y167.654
G1 F2400 E1176.19965
G1 F3018 X146.484 Y167.684 E1176.20402
G1 X146.993 Y167.988 E1176.22374
G1 X147.48 Y168.46 E1176.2463
G1 X147.736 Y169.019 E1176.26675
G1 X147.799 Y169.29 E1176.276
G1 X147.796 Y170.796 E1176.32609
G1 X147.551 Y171.437 E1176.34891
G1 X147.186 Y171.859 E1176.36747
G1 X146.524 Y172.293 E1176.3938
G1 X146.336 Y172.333 E1176.40019
G1 X146.2 Y172.264 E1176.40526
G1 X146.2 Y172.224 E1176.4066
G1 X146 Y172.019 E1176.41612
G1 X146 Y167.861 E1176.55442
G1 X146.2 Y167.773 E1176.56168
G1 X146.2 Y167.714 E1176.56365
G1 X146.356 Y167.654 E1176.56921
G1 F2400 E1176.06921
G0 F15000 X146.042 Y166.849
G0 X146.294 Y166.753
G0 X146.812 Y166.872
G0 X147.522 Y167.297
G0 X148.197 Y167.952
G0 X148.557 Y168.739
G0 X148.663 Y169.192
G0 X148.66 Y170.956
G0 X148.304 Y171.887
G0 X145.653 Y175.653
G0 X142.347 Y175.653
G0 X139.807 Y172.055
G0 X139.435 Y171.251
G0 X139.337 Y170.804
G0 X139.34 Y169.043
G0 X139.709 Y168.078
G0 X140.219 Y167.504
G0 X141.139 Y166.891
G0 X141.695 Y166.779
G0 X142.354 Y167.046
G0 X142 Y167.878
G1 F2400 E1176.56921
G1 F3018 X141.864 Y167.755 E1176.5753
G1 X141.661 Y167.666 E1176.58268
G1 X141.477 Y167.703 E1176.58892
G1 X140.791 Y168.161 E1176.61635
G1 X140.46 Y168.533 E1176.63291
G1 X140.204 Y169.203 E1176.65677
G1 X140.201 Y170.713 E1176.70699
G1 X140.258 Y170.97 E1176.71575
G1 X140.524 Y171.546 E1176.73685
G1 X141.009 Y172.014 E1176.75927
G1 X141.516 Y172.316 E1176.7789
G1 X141.644 Y172.346 E1176.78327
G1 X141.8 Y172.286 E1176.78883
G1 X141.8 Y172.203 E1176.79159
G1 X142 Y172.024 E1176.80051
G1 F2400 E1176.30051
;MESH:Limiter bracket.stl
G0 F15000 X143.43 Y172.024
G0 X144.09 Y174.12
G0 X144.4 Y174.4
;TYPE:WALL-INNER
G1 F2400 E1176.80051
G1 F3018 X144.4 Y150.476 E1177.59623
G1 X143.6 Y150.476 E1177.62284
G1 X143.6 Y174.4 E1178.41855
G1 X144.4 Y174.4 E1178.44516
G0 F15000 X144.8 Y174.8
;TYPE:WALL-OUTER
G1 F3018 X144.8 Y150.076 E1179.26749
G1 X143.2 Y150.076 E1179.3207
G1 X143.2 Y174.8 E1180.14303
G1 X144.8 Y174.8 E1180.19624
G0 F15000 X144.52 Y174.52
G0 X144.09 Y173.063
G0 X144.32 Y173.063
;TYPE:FILL
G1 F3018 X143.68 Y173.235 E1180.21828
G0 F15000 X143.91 Y173.235
G0 X144.09 Y171.462
G0 X144.32 Y171.462
G1 F3018 X143.68 Y170.821 E1180.24841
G0 F15000 X143.91 Y170.821
G0 X143.91 Y164.952
G0 X143.681 Y164.952
G1 F3018 X144.32 Y164.781 E1180.27041
G0 F15000 X144.09 Y164.781
G0 X144.09 Y160.148
G0 X144.32 Y160.148
G1 F3018 X143.68 Y159.508 E1180.30052
G0 F15000 X143.91 Y159.508
G0 X143.91 Y156.67
G0 X143.68 Y156.67
G1 F3018 X144.319 Y156.499 E1180.32252
G0 F15000 X144.09 Y156.499
G0 X143.91 Y155.006
G0 X143.68 Y155.006
G1 F3018 X144.32 Y152.619 E1180.40471
G1 F2400 E1179.90471
G0 F15000 X144.09 Y152.619
G0 X144.57 Y174.12
G0 X145.665 Y174.12
G0 X154.335 Y174.12
G0 X155.43 Y174.12
G0 X155.91 Y174.12
G0 X155.6 Y174.4
;TYPE:WALL-INNER
G1 F2400 E1180.40471
G1 F3018 X156.4 Y174.4 E1180.43132
G1 X156.4 Y150.476 E1181.22704
G1 X155.6 Y150.476 E1181.25364
G1 X155.6 Y174.4 E1182.04936
G0 F15000 X155.2 Y174.8
;TYPE:WALL-OUTER
G1 F3018 X156.8 Y174.8 E1182.10258
G1 X156.8 Y150.076 E1182.9249
G1 X155.2 Y150.076 E1182.97812
G1 X155.2 Y174.8 E1183.80044
G0 F15000 X155.48 Y174.52
G0 X155.91 Y172.04
G0 X155.68 Y172.04
;TYPE:FILL
G1 F3018 X156.32 Y169.653 E1183.88264
G1 X156.319 Y169.848
G1 X155.681 Y170.019 E1183.9046
G0 F15000 X155.91 Y170.019
G0 X155.91 Y171.508
G0 X155.68 Y171.508
G1 F3018 X156.32 Y172.148 E1183.93471
G0 F15000 X156.09 Y172.148
G0 X155.91 Y161.737
G0 X155.68 Y161.737
G1 F3018 X156.32 Y161.566 E1183.95674
G0 F15000 X156.32 Y160.834
G1 F3018 X155.68 Y160.194 E1183.98684
G0 F15000 X155.91 Y160.194
G0 X155.91 Y153.455
G0 X155.681 Y153.455
G1 F3018 X156.32 Y153.283 E1184.00885
G1 F2400 E1183.50885
G0 F15000 X156.09 Y153.283
G0 X155.914 Y150.289
G0 X154.335 Y150.289
G0 X153.764 Y150.113
G0 X152.983 Y149.561
G0 X152.768 Y149.287
G0 X152.537 Y148.776
G0 X152.536 Y147.269
G0 X152.743 Y146.732
G0 X152.999 Y146.425
G0 X153.644 Y146.001
G0 X154.335 Y145.692
G0 X155.919 Y145.692
G0 X155.91 Y145.241
G0 X155.6 Y145.52
;TYPE:WALL-INNER
G1 F2400 E1184.00885
G1 F3018 X156.4 Y145.52 E1184.03546
G1 X156.4 Y129.3 E1184.57494
G1 X155.6 Y129.3 E1184.60155
G1 X155.6 Y145.52 E1185.14103
G0 F15000 X155.2 Y145.92
;TYPE:WALL-OUTER
G1 F3018 X156.8 Y145.92 E1185.19425
G1 X156.8 Y128.9 E1185.76033
G1 X155.2 Y128.9 E1185.81355
G1 X155.2 Y145.92 E1186.37964
G0 F15000 X155.681 Y145.172
;TYPE:FILL
G1 F3018 X156.32 Y145.001 E1186.40164
G0 F15000 X156.09 Y145.001
G0 X155.91 Y141.132
G0 X155.68 Y141.132
G1 F3018 X156.32 Y138.745 E1186.48383
G0 F15000 X156.32 Y138.207
G1 F3018 X155.68 Y137.567 E1186.51394
G0 F15000 X155.681 Y136.89
G1 F3018 X156.32 Y136.719 E1186.53594
G0 F15000 X156.09 Y136.719
G0 X156.001 Y130.403
G0 X156 Y129.7
;TYPE:SKIN
G1 F2515 X156 Y130.102 E1186.55198
G1 F2400 E1186.05198
G0 F15000 X156 Y130.403
G0 X155.43 Y145.242
G0 X154.335 Y145.242
G0 X145.665 Y145.242
G0 X144.57 Y145.242
G0 X144.09 Y145.242
G0 X144.4 Y145.52
;TYPE:WALL-INNER
G1 F2400 E1186.55198
G1 F3018 X144.4 Y129.3 E1187.09146
G1 X143.6 Y129.3 E1187.11807
G1 X143.6 Y145.52 E1187.65755
G1 X144.4 Y145.52 E1187.68416
G0 F15000 X144.8 Y145.92
;TYPE:WALL-OUTER
G1 F3018 X144.8 Y128.9 E1188.25025
G1 X143.2 Y128.9 E1188.30346
G1 X143.2 Y145.92 E1188.86955
G1 X144.8 Y145.92 E1188.92277
G0 F15000 X144.52 Y145.642
G0 X143.91 Y140.106
G0 X143.681 Y140.106
;TYPE:FILL
G1 F3018 X144.319 Y139.935 E1188.94473
G0 F15000 X144.09 Y139.935
G0 X144.09 Y137.52
G0 X144.32 Y137.52
G1 F3018 X143.68 Y136.88 E1188.97484
G0 F15000 X143.91 Y136.88
G0 X143.91 Y131.824
G0 X143.68 Y131.824
G1 F3018 X144.32 Y131.652 E1188.99688
G0 F15000 X144.09 Y131.652
G0 X144.001 Y130.403
G0 X144 Y129.7
;TYPE:SKIN
G1 F2515 X144 Y130.102 E1189.01292
G1 F2400 E1188.51292
;MESH:NONMESH
G0 F300 X144 Y130.102 Z7
G0 F15000 X144 Y130.403
G0 X143.424 Y145.697
G0 X142.335 Y145.697
G0 X141.796 Y145.902
G0 X140.999 Y146.425
G0 X140.743 Y146.732
G0 X140.536 Y147.269
G0 X140.537 Y148.776
G0 X140.791 Y149.334
G0 X141.274 Y149.781
G0 X141.85 Y150.102
G0 X142.355 Y149.8
G0 X142 Y148.789
;TIME_ELAPSED:1567.579073
;LAYER:34
;note -- min layer time used
;TYPE:SUPPORT
G1 F2400 E1189.01292
G1 F2930.1 X142 Y147.212 E1189.06538
G1 X141.955 Y147.211 E1189.06687
G1 X141.833 Y147.387 E1189.074
G1 X141.8 Y147.51 E1189.07823
G1 X141.8 Y148.479 E1189.11046
G1 X141.956 Y148.789 E1189.122
G1 X144 Y148.789 E1189.18999
G1 X144 Y147.212 E1189.24244
G1 X146 Y147.212 E1189.30896
G1 X146 Y148.789 E1189.36141
G1 F2400 E1188.86141
G0 F15000 X146.793 Y149.2
G0 X153.238 Y149.247
G0 X154 Y148.789
G1 F2400 E1189.36141
G1 F2930.1 X154 Y147.212 E1189.41386
G1 X153.955 Y147.211 E1189.41536
G1 X153.833 Y147.387 E1189.42248
G1 X153.8 Y147.51 E1189.42672
G1 X153.8 Y148.479 E1189.45895
G1 X153.956 Y148.789 E1189.47049
G1 X156 Y148.789 E1189.53847
G1 X156 Y147.212 E1189.59092
G1 X158 Y147.212 E1189.65744
G1 X158 Y148.789 E1189.70989
G1 F2400 E1189.20989
G0 F15000 X158 Y149.653
G0 X160.663 Y169.192
G0 X160.66 Y170.956
G0 X160.304 Y171.887
G0 X157.653 Y175.653
G0 X154.347 Y175.653
G0 X151.807 Y172.055
G0 X151.435 Y171.251
G0 X151.337 Y170.804
G0 X151.34 Y169.043
G0 X151.709 Y168.078
G0 X152.219 Y167.504
G0 X153.139 Y166.891
G0 X153.695 Y166.779
G0 X154.371 Y167.034
G0 X154 Y167.878
G1 F2400 E1189.70989
G1 F2930.1 X153.864 Y167.755 E1189.71599
G1 X153.661 Y167.666 E1189.72337
G1 X153.477 Y167.703 E1189.72961
G1 X152.791 Y168.161 E1189.75704
G1 X152.46 Y168.533 E1189.7736
G1 X152.204 Y169.203 E1189.79746
G1 X152.201 Y170.713 E1189.84768
G1 X152.258 Y170.97 E1189.85644
G1 X152.524 Y171.546 E1189.87754
G1 X153.009 Y172.014 E1189.89996
G1 X153.516 Y172.316 E1189.91958
G1 X153.644 Y172.346 E1189.92396
G1 X153.8 Y172.286 E1189.92952
G1 X153.8 Y172.201 E1189.93234
G1 X154 Y172.023 E1189.94125
G1 F2400 E1189.44125
G0 F15000 X154.353 Y172.98
G0 X154.347 Y175.653
G0 X157.653 Y175.653
G0 X160.304 Y171.887
G0 X160.66 Y170.956
G0 X160.663 Y169.192
G0 X160.557 Y168.739
G0 X160.197 Y167.952
G0 X159.522 Y167.297
G0 X158.812 Y166.872
G0 X158.346 Y166.765
G0 X158.042 Y166.849
G0 X158.356 Y167.654
G1 F2400 E1189.94125
G1 F2930.1 X158.484 Y167.684 E1189.94562
G1 X158.993 Y167.988 E1189.96534
G1 X159.48 Y168.46 E1189.9879
G1 X159.736 Y169.019 E1190.00835
G1 X159.799 Y169.29 E1190.0176
G1 X159.796 Y170.796 E1190.06769
G1 X159.551 Y171.437 E1190.09051
G1 X159.186 Y171.859 E1190.10907
G1 X158.524 Y172.293 E1190.1354
G1 X158.336 Y172.333 E1190.14179
G1 X158.2 Y172.264 E1190.14686
G1 X158.2 Y172.224 E1190.14819
G1 X158 Y172.019 E1190.15772
G1 X158 Y167.861 E1190.29602
G1 X158.2 Y167.773 E1190.30328
G1 X158.2 Y167.714 E1190.30525
G1 X158.356 Y167.654 E1190.31081
G1 F2400 E1189.81081
G0 F15000 X158.042 Y166.849
G0 X158.294 Y166.753
G0 X158.812 Y166.872
G0 X159.522 Y167.297
G0 X160.197 Y167.952
G0 X160.557 Y168.739
G0 X160.663 Y169.192
G0 X160.66 Y170.956
G0 X160.304 Y171.887
G0 X157.653 Y175.653
G0 X154.347 Y175.653
G0 X151.807 Y172.055
G0 X151.435 Y171.251
G0 X151.337 Y170.804
G0 X151.339 Y169.806
G0 X146.82 Y166.876
G0 X146.356 Y167.654
G1 F2400 E1190.31081
G1 F2930.1 X146.484 Y167.684 E1190.31518
G1 X146.993 Y167.988 E1190.3349
G1 X147.48 Y168.46 E1190.35745
G1 X147.736 Y169.019 E1190.3779
G1 X147.799 Y169.29 E1190.38716
G1 X147.796 Y170.796 E1190.43725
G1 X147.551 Y171.437 E1190.46007
G1 X147.186 Y171.859 E1190.47863
G1 X146.524 Y172.293 E1190.50496
G1 X146.336 Y172.333 E1190.51135
G1 X146.2 Y172.264 E1190.51642
G1 X146.2 Y172.224 E1190.51775
G1 X146 Y172.019 E1190.52728
G1 X146 Y167.861 E1190.66557
G1 X146.2 Y167.773 E1190.67284
G1 X146.2 Y167.714 E1190.6748
G1 X146.356 Y167.654 E1190.68036
G1 F2400 E1190.18036
G0 F15000 X146.042 Y166.849
G0 X146.294 Y166.753
G0 X146.812 Y166.872
G0 X147.522 Y167.297
G0 X148.197 Y167.952
G0 X148.557 Y168.739
G0 X148.663 Y169.192
G0 X148.66 Y170.956
G0 X148.304 Y171.887
G0 X145.653 Y175.653
G0 X142.347 Y175.653
G0 X139.807 Y172.055
G0 X139.435 Y171.251
G0 X139.337 Y170.804
G0 X139.34 Y169.043
G0 X139.709 Y168.078
G0 X140.219 Y167.504
G0 X141.139 Y166.891
G0 X141.695 Y166.779
G0 X142.354 Y167.046
G0 X142 Y167.878
G1 F2400 E1190.68036
G1 F2930.1 X141.864 Y167.755 E1190.68646
G1 X141.661 Y167.666 E1190.69383
G1 X141.477 Y167.703 E1190.70008
G1 X140.791 Y168.161 E1190.72751
G1 X140.46 Y168.533 E1190.74407
G1 X140.204 Y169.203 E1190.76793
G1 X140.201 Y170.713 E1190.81815
G1 X140.258 Y170.97 E1190.82691
G1 X140.524 Y171.546 E1190.84801
G1 X141.009 Y172.014 E1190.87042
G1 X141.516 Y172.316 E1190.89005
G1 X141.644 Y172.346 E1190.89442
G1 X141.8 Y172.286 E1190.89998
G1 X141.8 Y172.201 E1190.90281
G1 X142 Y172.023 E1190.91172
G1 F2400 E1190.41172
;MESH:Limiter bracket.stl
G0 F15000 X143.43 Y172.023
G0 X144.09 Y174.12
G0 X144.4 Y174.4
;TYPE:WALL-INNER
G1 F2400 E1190.91172
G1 F2930.1 X144.4 Y150.388 E1191.71036
G1 X143.6 Y150.388 E1191.73697
G1 X143.6 Y174.4 E1192.53561
G1 X144.4 Y174.4 E1192.56222
G0 F15000 X144.8 Y174.8
;TYPE:WALL-OUTER
G1 F2930.1 X144.8 Y149.988 E1193.38747
G1 X143.2 Y149.988 E1193.44068
G1 X143.2 Y174.8 E1194.26593
G1 X144.8 Y174.8 E1194.31915
G0 F15000 X144.52 Y174.52
G0 X144.09 Y173.209
G0 X144.319 Y173.209
;TYPE:FILL
G1 F2930.1 X143.681 Y173.38 E1194.34112
G0 F15000 X143.91 Y173.38
G0 X144.09 Y171.263
G0 X144.32 Y171.263
G1 F2930.1 X143.68 Y170.622 E1194.37125
G0 F15000 X143.91 Y170.622
G0 X143.91 Y165.098
G0 X143.68 Y165.098
G1 F2930.1 X144.319 Y164.927 E1194.39325
G0 F15000 X144.09 Y164.927
G0 X144.09 Y159.949
G0 X144.32 Y159.949
G1 F2930.1 X143.68 Y159.308 E1194.42337
G0 F15000 X143.91 Y159.308
G0 X143.91 Y156.816
G0 X143.681 Y156.816
G1 F2930.1 X144.319 Y156.645 E1194.44534
G0 F15000 X144.09 Y156.645
G0 X143.91 Y154.462
G0 X143.68 Y154.462
G1 F2930.1 X144.32 Y152.075 E1194.52754
G1 F2400 E1194.02754
G0 F15000 X144.09 Y152.075
G0 X144.57 Y174.12
G0 X145.665 Y174.12
G0 X154.335 Y174.12
G0 X155.43 Y174.12
G0 X155.91 Y174.12
G0 X155.6 Y174.4
;TYPE:WALL-INNER
G1 F2400 E1194.52754
G1 F2930.1 X156.4 Y174.4 E1194.55415
G1 X156.4 Y150.388 E1195.35279
G1 X155.6 Y150.388 E1195.3794
G1 X155.6 Y174.4 E1196.17804
G0 F15000 X155.2 Y174.8
;TYPE:WALL-OUTER
G1 F2930.1 X156.8 Y174.8 E1196.23126
G1 X156.8 Y149.988 E1197.05651
G1 X155.2 Y149.988 E1197.10972
G1 X155.2 Y174.8 E1197.93497
G0 F15000 X155.48 Y174.52
G0 X156.09 Y171.949
G0 X156.32 Y171.949
;TYPE:FILL
G1 F2930.1 X155.679 Y171.308 E1197.96512
G1 X155.68 Y171.496
G1 X156.32 Y169.109 E1198.04732
G0 F15000 X156.319 Y169.994
G1 F2930.1 X155.681 Y170.165 E1198.06929
G0 F15000 X155.91 Y170.165
G0 X155.91 Y161.883
G0 X155.68 Y161.883
G1 F2930.1 X156.32 Y161.712 E1198.09132
G0 F15000 X156.09 Y161.712
G0 X156.09 Y160.635
G0 X156.32 Y160.635
G1 F2930.1 X155.679 Y159.994 E1198.12147
G0 F15000 X155.91 Y159.994
G0 X155.91 Y153.601
G0 X155.68 Y153.601
G1 F2930.1 X156.32 Y153.429 E1198.14352
G1 F2400 E1197.64352
G0 F15000 X156.09 Y153.429
G0 X155.914 Y150.199
G0 X154.335 Y150.199
G0 X153.449 Y149.648
G0 X153.148 Y149.172
G0 X152.936 Y148.646
G0 X152.936 Y147.394
G0 X153.048 Y146.986
G0 X153.43 Y146.415
G0 X154.335 Y145.782
G0 X155.919 Y145.782
G0 X155.91 Y145.331
G0 X155.6 Y145.609
;TYPE:WALL-INNER
G1 F2400 E1198.14352
G1 F2930.1 X156.4 Y145.61 E1198.17012
G1 X156.4 Y129.5 E1198.70594
G1 X155.6 Y129.5 E1198.73255
G1 X155.6 Y145.609 E1199.26834
G0 F15000 X155.2 Y146.008
;TYPE:WALL-OUTER
G1 F2930.1 X156.8 Y146.011 E1199.32156
G1 X156.8 Y129.1 E1199.88402
G1 X155.2 Y129.1 E1199.93723
G1 X155.2 Y146.008 E1200.4996
G0 F15000 X155.681 Y145.318
;TYPE:FILL
G1 F2930.1 X156.32 Y145.147 E1200.5216
G0 F15000 X156.09 Y145.147
G0 X155.91 Y140.586
G0 X155.68 Y140.586
G1 F2930.1 X156.32 Y138.201 E1200.60373
G1 X156.32 Y138.007
G1 X155.68 Y137.368 E1200.63381
G0 F15000 X155.68 Y137.036
G1 F2930.1 X156.32 Y136.865 E1200.65584
G0 F15000 X156.09 Y136.865
G0 X156.001 Y130.603
G0 X156 Y129.9
;TYPE:SKIN
G1 F2441.8 X156 Y130.302 E1200.67189
G1 F2400 E1200.17189
G0 F15000 X156 Y130.603
G0 X155.43 Y145.332
G0 X154.335 Y145.332
G0 X145.665 Y145.332
G0 X144.57 Y145.332
G0 X144.09 Y145.332
G0 X144.4 Y145.61
;TYPE:WALL-INNER
G1 F2400 E1200.67189
G1 F2930.1 X144.4 Y129.5 E1201.20771
G1 X143.6 Y129.5 E1201.23432
G1 X143.6 Y145.609 E1201.7701
G1 X144.4 Y145.61 E1201.79671
G0 F15000 X144.8 Y146.011
;TYPE:WALL-OUTER
G1 F2930.1 X144.8 Y129.1 E1202.35917
G1 X143.2 Y129.1 E1202.41239
G1 X143.2 Y146.008 E1202.97475
G1 X144.8 Y146.011 E1203.02797
G0 F15000 X144.52 Y145.732
G0 X143.91 Y140.252
G0 X143.681 Y140.252
;TYPE:FILL
G1 F2930.1 X144.319 Y140.081 E1203.04994
G0 F15000 X144.09 Y140.081
G0 X144.09 Y137.322
G0 X144.32 Y137.322
G1 F2930.1 X143.68 Y136.681 E1203.08007
G0 F15000 X143.91 Y136.681
G0 X143.91 Y131.969
G0 X143.681 Y131.969
G1 F2930.1 X144.319 Y131.798 E1203.10203
G0 F15000 X144.09 Y131.798
G0 X144.001 Y130.603
G0 X144 Y129.9
;TYPE:SKIN
G1 F2441.8 X144 Y130.302 E1203.11808
G1 F2400 E1202.61808
;MESH:NONMESH
G0 F300 X144 Y130.302 Z7.2
G0 F15000 X144 Y130.603
G0 X144.003 Y145.782
G0 X144 Y147.328
;TIME_ELAPSED:1591.997520
;LAYER:35
;note -- min layer time used
;TYPE:SUPPORT
G1 F2400 E1203.11808
G1 F2913.2 X144 Y148.672 E1203.16278
G1 X142.086 Y148.672 E1203.22644
G1 X142 Y148.476 E1203.23356
G1 X142 Y147.525 E1203.26519
G1 X142.09 Y147.328 E1203.27239
G1 X145.914 Y147.328 E1203.39958
G1 X146 Y147.524 E1203.4067
G1 F2400 E1202.9067
G0 F15000 X146.865 Y147.524
G0 X153.538 Y146.47
G0 X154.347 Y146.475
G0 X156 Y147.328
G1 F2400 E1203.4067
G1 F2913.2 X156 Y148.672 E1203.4514
G1 X154.086 Y148.672 E1203.51506
G1 X154 Y148.476 E1203.52218
G1 X154 Y147.525 E1203.55381
G1 X154.09 Y147.328 E1203.56101
G1 X157.914 Y147.328 E1203.6882
G1 X158 Y147.524 E1203.69532
G1 F2400 E1203.19532
G0 F15000 X158.865 Y147.524
G0 X160.663 Y169.192
G0 X160.66 Y170.956
G0 X160.304 Y171.887
G0 X157.653 Y175.653
G0 X154.347 Y175.653
G0 X151.807 Y172.055
G0 X151.435 Y171.251
G0 X151.337 Y170.804
G0 X151.34 Y169.043
G0 X151.709 Y168.078
G0 X152.219 Y167.504
G0 X153.139 Y166.891
G0 X153.695 Y166.779
G0 X154.371 Y167.034
G0 X154 Y167.878
G1 F2400 E1203.69532
G1 F2913.2 X153.864 Y167.755 E1203.70142
G1 X153.661 Y167.666 E1203.70879
G1 X153.477 Y167.703 E1203.71503
G1 X152.791 Y168.161 E1203.74247
G1 X152.46 Y168.533 E1203.75903
G1 X152.204 Y169.203 E1203.78288
G1 X152.201 Y170.713 E1203.83311
G1 X152.258 Y170.97 E1203.84186
G1 X152.524 Y171.546 E1203.86296
G1 X153.009 Y172.014 E1203.88538
G1 X153.516 Y172.316 E1203.90501
G1 X153.644 Y172.346 E1203.90938
G1 X153.8 Y172.286 E1203.91494
G1 X153.8 Y172.201 E1203.91777
G1 X154 Y172.021 E1203.92672
G1 F2400 E1203.42672
G0 F15000 X154.353 Y172.98
G0 X154.347 Y175.653
G0 X157.653 Y175.653
G0 X160.304 Y171.887
G0 X160.66 Y170.956
G0 X160.663 Y169.192
G0 X160.557 Y168.739
G0 X160.197 Y167.952
G0 X159.522 Y167.297
G0 X158.812 Y166.872
G0 X158.346 Y166.765
G0 X158.042 Y166.849
G0 X158.356 Y167.654
G1 F2400 E1203.92672
G1 F2913.2 X158.484 Y167.684 E1203.93109
G1 X158.993 Y167.988 E1203.95081
G1 X159.48 Y168.46 E1203.97337
G1 X159.736 Y169.019 E1203.99382
G1 X159.799 Y169.29 E1204.00307
G1 X159.796 Y170.796 E1204.05316
G1 X159.551 Y171.437 E1204.07598
G1 X159.186 Y171.859 E1204.09454
G1 X158.524 Y172.293 E1204.12087
G1 X158.336 Y172.333 E1204.12726
G1 X158.2 Y172.264 E1204.13233
G1 X158.2 Y172.223 E1204.1337
G1 X158 Y172.018 E1204.14322
G1 X158 Y167.861 E1204.28149
G1 X158.2 Y167.773 E1204.28875
G1 X158.2 Y167.714 E1204.29072
G1 X158.356 Y167.654 E1204.29627
G1 F2400 E1203.79627
G0 F15000 X158.042 Y166.849
G0 X158.294 Y166.753
G0 X158.812 Y166.872
G0 X159.522 Y167.297
G0 X160.197 Y167.952
G0 X160.557 Y168.739
G0 X160.663 Y169.192
G0 X160.66 Y170.956
G0 X160.304 Y171.887
G0 X157.653 Y175.653
G0 X154.347 Y175.653
G0 X151.807 Y172.055
G0 X151.435 Y171.251
G0 X151.337 Y170.804
G0 X151.339 Y169.806
G0 X146.82 Y166.876
G0 X146.356 Y167.654
G1 F2400 E1204.29627
G1 F2913.2 X146.484 Y167.684 E1204.30065
G1 X146.993 Y167.988 E1204.32037
G1 X147.48 Y168.46 E1204.34292
G1 X147.736 Y169.019 E1204.36337
G1 X147.799 Y169.29 E1204.37263
G1 X147.796 Y170.796 E1204.42272
G1 X147.551 Y171.437 E1204.44554
G1 X147.186 Y171.859 E1204.4641
G1 X146.524 Y172.293 E1204.49043
G1 X146.336 Y172.333 E1204.49682
G1 X146.2 Y172.264 E1204.50189
G1 X146.2 Y172.223 E1204.50325
G1 X146 Y172.018 E1204.51278
G1 X146 Y167.861 E1204.65104
G1 X146.2 Y167.773 E1204.65831
G1 X146.2 Y167.714 E1204.66027
G1 X146.356 Y167.654 E1204.66583
G1 F2400 E1204.16583
G0 F15000 X146.042 Y166.849
G0 X146.294 Y166.753
G0 X146.812 Y166.872
G0 X147.522 Y167.297
G0 X148.197 Y167.952
G0 X148.557 Y168.739
G0 X148.663 Y169.192
G0 X148.66 Y170.956
G0 X148.304 Y171.887
G0 X145.653 Y175.653
G0 X142.347 Y175.653
G0 X139.807 Y172.055
G0 X139.435 Y171.251
G0 X139.337 Y170.804
G0 X139.34 Y169.043
G0 X139.709 Y168.078
G0 X140.219 Y167.504
G0 X141.139 Y166.891
G0 X141.695 Y166.779
G0 X142.354 Y167.046
G0 X142 Y167.878
G1 F2400 E1204.66583
G1 F2913.2 X141.864 Y167.755 E1204.67193
G1 X141.661 Y167.666 E1204.6793
G1 X141.477 Y167.703 E1204.68555
G1 X140.791 Y168.161 E1204.71298
G1 X140.46 Y168.533 E1204.72954
G1 X140.204 Y169.203 E1204.7534
G1 X140.201 Y170.713 E1204.80362
G1 X140.258 Y170.97 E1204.81238
G1 X140.524 Y171.546 E1204.83348
G1 X141.009 Y172.014 E1204.85589
G1 X141.516 Y172.316 E1204.87552
G1 X141.644 Y172.346 E1204.87989
G1 X141.8 Y172.286 E1204.88545
G1 X141.8 Y172.201 E1204.88828
G1 X142 Y172.021 E1204.89723
G1 F2400 E1204.39723
;MESH:Limiter bracket.stl
G0 F15000 X143.43 Y172.021
G0 X144.09 Y174.12
G0 X144.4 Y174.4
;TYPE:WALL-INNER
G1 F2400 E1204.89723
G1 F2913.2 X144.4 Y150.272 E1205.69973
G1 X143.6 Y150.272 E1205.72634
G1 X143.6 Y174.4 E1206.52884
G1 X144.4 Y174.4 E1206.55545
G0 F15000 X144.8 Y174.8
;TYPE:WALL-OUTER
G1 F2913.2 X144.8 Y149.872 E1207.38456
G1 X143.2 Y149.872 E1207.43777
G1 X143.2 Y174.8 E1208.26688
G1 X144.8 Y174.8 E1208.3201
G0 F15000 X144.52 Y174.52
G0 X144.09 Y173.356
G0 X144.319 Y173.356
;TYPE:FILL
G1 F2913.2 X143.68 Y173.528 E1208.34211
G0 F15000 X143.91 Y173.528
G0 X144.09 Y171.062
G0 X144.32 Y171.062
G1 F2913.2 X143.68 Y170.421 E1208.37223
G0 F15000 X143.91 Y170.421
G0 X143.91 Y165.245
G0 X143.68 Y165.245
G1 F2913.2 X144.319 Y165.074 E1208.39423
G0 F15000 X144.09 Y165.074
G0 X144.09 Y159.748
G0 X144.32 Y159.748
G1 F2913.2 X143.68 Y159.108 E1208.42434
G0 F15000 X143.91 Y159.108
G0 X143.91 Y156.963
G0 X143.68 Y156.963
G1 F2913.2 X144.319 Y156.792 E1208.44634
G0 F15000 X144.09 Y156.792
G0 X143.91 Y153.914
G0 X143.68 Y153.914
G1 F2913.2 X144.32 Y151.527 E1208.52854
G1 F2400 E1208.02854
G0 F15000 X144.09 Y151.527
G0 X144.57 Y174.12
G0 X145.665 Y174.12
G0 X154.335 Y174.12
G0 X155.43 Y174.12
G0 X155.91 Y174.12
G0 X155.6 Y174.4
;TYPE:WALL-INNER
G1 F2400 E1208.52854
G1 F2913.2 X156.4 Y174.4 E1208.55514
G1 X156.4 Y150.27 E1209.35771
G1 X155.6 Y150.271 E1209.38432
G1 X155.6 Y174.4 E1210.18685
G0 F15000 X155.2 Y174.8
;TYPE:WALL-OUTER
G1 F2913.2 X156.8 Y174.8 E1210.24007
G1 X156.8 Y149.869 E1211.06928
G1 X155.2 Y149.872 E1211.12249
G1 X155.2 Y174.8 E1211.9516
G0 F15000 X155.48 Y174.52
G0 X156.09 Y171.748
G0 X156.32 Y171.748
;TYPE:FILL
G1 F2913.2 X155.68 Y171.108 E1211.98171
G1 X155.68 Y170.947
G1 X156.32 Y168.56 E1212.0639
G0 F15000 X156.09 Y168.56
G0 X156.09 Y170.141
G0 X156.319 Y170.141
G1 F2913.2 X155.681 Y170.312 E1212.08587
G0 F15000 X155.91 Y170.312
G0 X155.91 Y162.03
G0 X155.681 Y162.03
G1 F2913.2 X156.32 Y161.859 E1212.10787
G0 F15000 X156.09 Y161.859
G0 X156.09 Y160.434
G0 X156.32 Y160.434
G1 F2913.2 X155.68 Y159.794 E1212.13798
G0 F15000 X155.91 Y159.794
G0 X155.91 Y153.748
G0 X155.681 Y153.748
G1 F2913.2 X156.32 Y153.576 E1212.15999
G1 F2400 E1211.65999
G0 F15000 X156.09 Y153.576
G0 X155.913 Y150.082
G0 X154.335 Y150.082
G0 X153.528 Y149.53
G0 X153.136 Y148.659
G0 X153.136 Y147.337
G0 X153.538 Y146.47
G0 X154.335 Y145.898
G0 X155.913 Y145.898
G0 X155.91 Y145.448
G0 X155.6 Y145.728
;TYPE:WALL-INNER
G1 F2400 E1212.15999
G1 F2913.2 X156.4 Y145.728 E1212.18659
G1 X156.4 Y129.7 E1212.71969
G1 X155.6 Y129.7 E1212.7463
G1 X155.6 Y145.728 E1213.27939
G0 F15000 X155.2 Y146.128
;TYPE:WALL-OUTER
G1 F2913.2 X156.8 Y146.128 E1213.3326
G1 X156.8 Y129.3 E1213.89231
G1 X155.2 Y129.3 E1213.94552
G1 X155.2 Y146.128 E1214.50522
G0 F15000 X155.681 Y145.465
;TYPE:FILL
G1 F2913.2 X156.319 Y145.294 E1214.52719
G0 F15000 X156.09 Y145.294
G0 X155.91 Y140.038
G0 X155.68 Y140.038
G1 F2913.2 X156.32 Y137.65 E1214.60942
G1 X156.32 Y137.807
G1 X155.68 Y137.167 E1214.63952
G1 X155.68 Y137.183
G1 X156.319 Y137.012 E1214.66153
G0 F15000 X156.09 Y137.012
G0 X156.001 Y130.803
G0 X156 Y130.1
;TYPE:SKIN
G1 F2427.7 X156 Y130.502 E1214.67757
G1 F2400 E1214.17757
G0 F15000 X156 Y130.803
G0 X155.43 Y145.448
G0 X154.335 Y145.448
G0 X145.665 Y145.448
G0 X144.57 Y145.448
G0 X144.09 Y145.448
G0 X144.4 Y145.728
;TYPE:WALL-INNER
G1 F2400 E1214.67757
G1 F2913.2 X144.4 Y129.7 E1215.21066
G1 X143.6 Y129.7 E1215.23727
G1 X143.6 Y145.728 E1215.77037
G1 X144.4 Y145.728 E1215.79697
G0 F15000 X144.8 Y146.128
;TYPE:WALL-OUTER
G1 F2913.2 X144.8 Y129.3 E1216.35668
G1 X143.2 Y129.3 E1216.40989
G1 X143.2 Y146.128 E1216.96959
G1 X144.8 Y146.128 E1217.02281
G0 F15000 X144.52 Y145.848
G0 X143.91 Y140.399
G0 X143.681 Y140.399
;TYPE:FILL
G1 F2913.2 X144.319 Y140.228 E1217.04478
G0 F15000 X144.09 Y140.228
G0 X144.09 Y137.12
G0 X144.32 Y137.12
G1 F2913.2 X143.68 Y136.48 E1217.07488
G0 F15000 X143.91 Y136.48
G0 X143.91 Y132.116
G0 X143.681 Y132.116
G1 F2913.2 X144.32 Y131.945 E1217.09688
G0 F15000 X144.09 Y131.945
G0 X144.001 Y130.803
G0 X144 Y130.1
;TYPE:SKIN
G1 F2427.7 X144 Y130.502 E1217.11293
G1 F2400 E1216.61293
;MESH:NONMESH
G0 F300 X144 Y130.502 Z7.4
G0 F15000 X144 Y130.803
G0 X144 Y145.898
G0 X144 Y148.526
;TIME_ELAPSED:1616.377631
;LAYER:36
;note -- min layer time used
;TYPE:SUPPORT
G1 F2400 E1217.11293
G1 F2914.5 X142.2 Y148.526 E1217.1728
G1 X142.2 Y147.474 E1217.20779
G1 X144 Y147.474 E1217.26765
G1 X145.8 Y147.474 E1217.32752
G1 X145.8 Y148.526 E1217.36251
G1 X144 Y148.526 E1217.42238
G1 X144 Y147.474 E1217.45737
G1 F2400 E1216.95737
G0 F15000 X145.653 Y146.621
G0 X146.653 Y146.621
G0 X153.347 Y149.379
G0 X154.347 Y149.379
G0 X156 Y148.526
G1 F2400 E1217.45737
G1 F2914.5 X154.2 Y148.526 E1217.51724
G1 X154.2 Y147.474 E1217.55223
G1 X156 Y147.474 E1217.6121
G1 X157.8 Y147.474 E1217.67196
G1 X157.8 Y148.525 E1217.70692
G1 X156 Y148.526 E1217.76679
G1 X156 Y147.474 E1217.80178
G1 F2400 E1217.30178
G0 F15000 X154.347 Y146.621
G0 X153.347 Y146.621
G0 X153.347 Y149.103
G0 X154.371 Y167.034
G0 X154 Y167.878
G1 F2400 E1217.80178
G1 F2914.5 X153.864 Y167.755 E1217.80788
G1 X153.661 Y167.666 E1217.81525
G1 X153.477 Y167.703 E1217.82149
G1 X152.791 Y168.161 E1217.84893
G1 X152.46 Y168.533 E1217.86549
G1 X152.204 Y169.203 E1217.88934
G1 X152.201 Y170.713 E1217.93957
G1 X152.258 Y170.97 E1217.94832
G1 X152.524 Y171.546 E1217.96942
G1 X153.009 Y172.014 E1217.99184
G1 X153.516 Y172.316 E1218.01147
G1 X153.644 Y172.346 E1218.01584
G1 X153.8 Y172.286 E1218.0214
G1 X153.8 Y172.201 E1218.02423
G1 X154 Y172.021 E1218.03318
G1 F2400 E1217.53318
G0 F15000 X154.353 Y172.98
G0 X154.347 Y175.653
G0 X157.653 Y175.653
G0 X160.304 Y171.887
G0 X160.66 Y170.956
G0 X160.663 Y169.192
G0 X160.557 Y168.739
G0 X160.197 Y167.952
G0 X159.522 Y167.297
G0 X158.812 Y166.872
G0 X158.346 Y166.765
G0 X158.042 Y166.849
G0 X158.356 Y167.654
G1 F2400 E1218.03318
G1 F2914.5 X158.484 Y167.684 E1218.03755
G1 X158.993 Y167.988 E1218.05727
G1 X159.48 Y168.46 E1218.07983
G1 X159.736 Y169.019 E1218.10027
G1 X159.799 Y169.29 E1218.10953
G1 X159.796 Y170.796 E1218.15962
G1 X159.551 Y171.437 E1218.18244
G1 X159.186 Y171.859 E1218.201
G1 X158.524 Y172.293 E1218.22733
G1 X158.336 Y172.333 E1218.23372
G1 X158.2 Y172.264 E1218.23879
G1 X158.2 Y172.222 E1218.24019
G1 X158 Y172.017 E1218.24972
G1 X158 Y167.861 E1218.38794
G1 X158.2 Y167.773 E1218.39521
G1 X158.2 Y167.714 E1218.39717
G1 X158.356 Y167.654 E1218.40273
G1 F2400 E1217.90273
G0 F15000 X158.042 Y166.849
G0 X158.294 Y166.753
G0 X158.812 Y166.872
G0 X159.522 Y167.297
G0 X160.197 Y167.952
G0 X160.557 Y168.739
G0 X160.663 Y169.192
G0 X160.66 Y170.956
G0 X160.304 Y171.887
G0 X157.653 Y175.653
G0 X154.347 Y175.653
G0 X151.807 Y172.055
G0 X151.435 Y171.251
G0 X151.337 Y170.804
G0 X151.339 Y169.806
G0 X146.82 Y166.876
G0 X146.356 Y167.654
G1 F2400 E1218.40273
G1 F2914.5 X146.484 Y167.684 E1218.40711
G1 X146.993 Y167.988 E1218.42683
G1 X147.48 Y168.46 E1218.44938
G1 X147.736 Y169.019 E1218.46983
G1 X147.799 Y169.29 E1218.47909
G1 X147.796 Y170.796 E1218.52918
G1 X147.551 Y171.437 E1218.552
G1 X147.186 Y171.859 E1218.57056
G1 X146.524 Y172.293 E1218.59688
G1 X146.336 Y172.333 E1218.60328
G1 X146.2 Y172.264 E1218.60835
G1 X146.2 Y172.222 E1218.60975
G1 X146 Y172.017 E1218.61927
G1 X146 Y167.861 E1218.7575
G1 X146.2 Y167.773 E1218.76477
G1 X146.2 Y167.714 E1218.76673
G1 X146.356 Y167.654 E1218.77229
G1 F2400 E1218.27229
G0 F15000 X146.042 Y166.849
G0 X146.294 Y166.753
G0 X146.812 Y166.872
G0 X147.522 Y167.297
G0 X148.197 Y167.952
G0 X148.557 Y168.739
G0 X148.663 Y169.192
G0 X148.66 Y170.956
G0 X148.304 Y171.887
G0 X145.653 Y175.653
G0 X142.347 Y175.653
G0 X139.807 Y172.055
G0 X139.435 Y171.251
G0 X139.337 Y170.804
G0 X139.34 Y169.043
G0 X139.709 Y168.078
G0 X140.219 Y167.504
G0 X141.139 Y166.891
G0 X141.695 Y166.779
G0 X142.354 Y167.046
G0 X142 Y167.878
G1 F2400 E1218.77229
G1 F2914.5 X141.864 Y167.755 E1218.77839
G1 X141.661 Y167.666 E1218.78576
G1 X141.477 Y167.703 E1218.792
G1 X140.791 Y168.161 E1218.81944
G1 X140.46 Y168.533 E1218.836
G1 X140.204 Y169.203 E1218.85986
G1 X140.201 Y170.713 E1218.91008
G1 X140.258 Y170.97 E1218.91883
G1 X140.524 Y171.546 E1218.93994
G1 X141.009 Y172.014 E1218.96235
G1 X141.516 Y172.316 E1218.98198
G1 X141.644 Y172.346 E1218.98635
G1 X141.8 Y172.286 E1218.99191
G1 X141.8 Y172.201 E1218.99474
G1 X142 Y172.021 E1219.00369
G1 F2400 E1218.50369
;MESH:Limiter bracket.stl
G0 F15000 X143.43 Y172.021
G0 X144.09 Y174.12
G0 X144.4 Y174.4
;TYPE:WALL-INNER
G1 F2400 E1219.00369
G1 F2914.5 X144.4 Y150.124 E1219.81111
G1 X143.6 Y150.124 E1219.83772
G1 X143.6 Y174.4 E1220.64514
G1 X144.4 Y174.4 E1220.67175
G0 F15000 X144.8 Y174.8
;TYPE:WALL-OUTER
G1 F2914.5 X144.8 Y149.724 E1221.50578
G1 X143.2 Y149.724 E1221.559
G1 X143.2 Y174.8 E1222.39303
G1 X144.8 Y174.8 E1222.44625
G0 F15000 X144.52 Y174.52
G0 X144.09 Y173.502
G0 X144.319 Y173.502
;TYPE:FILL
G1 F2914.5 X143.681 Y173.673 E1222.46821
G0 F15000 X143.91 Y173.673
G0 X144.09 Y170.862
G0 X144.32 Y170.862
G1 F2914.5 X143.68 Y170.222 E1222.49832
G0 F15000 X143.91 Y170.222
G0 X143.91 Y165.391
G0 X143.68 Y165.391
G1 F2914.5 X144.32 Y165.22 E1222.52035
G0 F15000 X144.09 Y165.22
G0 X144.09 Y159.549
G0 X144.32 Y159.549
G1 F2914.5 X143.68 Y158.908 E1222.55048
G0 F15000 X143.91 Y158.908
G0 X143.91 Y157.109
G0 X143.681 Y157.109
G1 F2914.5 X144.32 Y156.938 E1222.57248
G0 F15000 X144.09 Y156.938
G0 X143.91 Y153.368
G0 X143.68 Y153.368
G1 F2914.5 X144.32 Y150.981 E1222.65468
G1 F2400 E1222.15468
G0 F15000 X144.09 Y150.981
G0 X144.57 Y174.12
G0 X145.665 Y174.12
G0 X154.335 Y174.12
G0 X155.43 Y174.12
G0 X155.91 Y174.12
G0 X155.6 Y174.4
;TYPE:WALL-INNER
G1 F2400 E1222.65468
G1 F2914.5 X156.4 Y174.4 E1222.68128
G1 X156.4 Y150.124 E1223.48871
G1 X155.6 Y150.124 E1223.51532
G1 X155.6 Y174.4 E1224.32274
G0 F15000 X155.2 Y174.8
;TYPE:WALL-OUTER
G1 F2914.5 X156.8 Y174.8 E1224.37595
G1 X156.8 Y149.724 E1225.20999
G1 X155.2 Y149.724 E1225.2632
G1 X155.2 Y174.8 E1226.09723
G0 F15000 X155.48 Y174.52
G0 X156.09 Y171.548
G0 X156.32 Y171.548
;TYPE:FILL
G1 F2914.5 X155.68 Y170.908 E1226.12734
G0 F15000 X155.68 Y170.458
G1 F2914.5 X156.319 Y170.287 E1226.14934
G0 F15000 X155.681 Y170.401
G1 F2914.5 X156.32 Y168.016 E1226.23146
G0 F15000 X156.09 Y168.016
G0 X155.91 Y162.176
G0 X155.681 Y162.176
G1 F2914.5 X156.319 Y162.005 E1226.25343
G0 F15000 X156.09 Y162.005
G0 X156.09 Y160.235
G0 X156.32 Y160.235
G1 F2914.5 X155.68 Y159.595 E1226.28353
G0 F15000 X155.91 Y159.595
G0 X155.91 Y153.894
G0 X155.68 Y153.894
G1 F2914.5 X156.32 Y153.722 E1226.30558
G1 F2400 E1225.80558
G0 F15000 X156.09 Y153.722
G0 X155.913 Y149.936
G0 X154.335 Y149.936
G0 X153.347 Y149.379
G0 X153.347 Y146.621
G0 X154.335 Y146.044
G0 X155.913 Y146.044
G0 X155.91 Y145.594
G0 X155.6 Y145.872
;TYPE:WALL-INNER
G1 F2400 E1226.30558
G1 F2914.5 X156.4 Y145.872 E1226.33218
G1 X156.4 Y129.9 E1226.86341
G1 X155.6 Y129.9 E1226.89002
G1 X155.6 Y145.872 E1227.42125
G0 F15000 X155.2 Y146.272
;TYPE:WALL-OUTER
G1 F2914.5 X156.8 Y146.272 E1227.47447
G1 X156.8 Y129.5 E1228.03231
G1 X155.2 Y129.5 E1228.08552
G1 X155.2 Y146.272 E1228.64336
G0 F15000 X155.681 Y145.611
;TYPE:FILL
G1 F2914.5 X156.32 Y145.44 E1228.66536
G0 F15000 X156.09 Y145.44
G0 X155.91 Y139.494
G0 X155.68 Y139.494
G1 F2914.5 X156.319 Y137.107 E1228.74755
G1 X156.32 Y137.158
G1 X155.68 Y137.329 E1228.76959
G0 F15000 X155.68 Y136.967
G1 F2914.5 X156.32 Y137.607 E1228.79969
G0 F15000 X156.09 Y137.607
G0 X156.001 Y131.003
G0 X156 Y130.3
;TYPE:SKIN
G1 F2428.7 X156 Y130.702 E1228.81573
G1 F2400 E1228.31573
G0 F15000 X156 Y131.003
G0 X155.43 Y145.594
G0 X154.335 Y145.594
G0 X145.665 Y145.594
G0 X144.57 Y145.594
G0 X144.09 Y145.594
G0 X144.4 Y145.872
;TYPE:WALL-INNER
G1 F2400 E1228.81573
G1 F2914.5 X144.4 Y129.9 E1229.34696
G1 X143.6 Y129.9 E1229.37357
G1 X143.6 Y145.872 E1229.9048
G1 X144.4 Y145.872 E1229.93141
G0 F15000 X144.8 Y146.272
;TYPE:WALL-OUTER
G1 F2914.5 X144.8 Y129.5 E1230.48925
G1 X143.2 Y129.5 E1230.54247
G1 X143.2 Y146.272 E1231.10031
G1 X144.8 Y146.272 E1231.15352
G0 F15000 X144.52 Y145.994
G0 X143.91 Y140.545
G0 X143.68 Y140.545
;TYPE:FILL
G1 F2914.5 X144.32 Y140.373 E1231.17556
G0 F15000 X144.09 Y140.373
G0 X144.09 Y136.921
G0 X144.32 Y136.921
G1 F2914.5 X143.681 Y136.281 E1231.20564
G0 F15000 X143.91 Y136.281
G0 X143.91 Y132.262
G0 X143.681 Y132.262
G1 F2914.5 X144.32 Y132.091 E1231.22764
G0 F15000 X144.09 Y132.091
G0 X144.001 Y131.003
G0 X144 Y130.3
;TYPE:SKIN
G1 F2428.7 X144 Y130.702 E1231.24369
G1 F2400 E1230.74369
;MESH:NONMESH
G0 F300 X144 Y130.702 Z7.6
G0 F15000 X144 Y131.003
G0 X144 Y146.044
G0 X144 Y148.318
;TIME_ELAPSED:1640.542113
;LAYER:37
;note -- min layer time used
;TYPE:SUPPORT
G1 F2400 E1231.24369
G1 F2910.6 X142.2 Y148.318 E1231.30356
G1 X142.2 Y147.683 E1231.32468
G1 X144 Y147.682 E1231.38455
G1 X145.8 Y147.682 E1231.44441
G1 X145.8 Y148.318 E1231.46557
G1 X144 Y148.318 E1231.52544
G1 X144 Y147.682 E1231.54659
G1 F2400 E1231.04659
G0 F15000 X145.653 Y146.829
G0 X146.653 Y146.829
G0 X153.347 Y149.171
G0 X154.347 Y149.171
G0 X156 Y148.318
G1 F2400 E1231.54659
G1 F2910.6 X154.2 Y148.318 E1231.60646
G1 X154.2 Y147.683 E1231.62758
G1 X156 Y147.682 E1231.68745
G1 X157.8 Y147.682 E1231.74731
G1 X157.8 Y148.318 E1231.76847
G1 X156 Y148.318 E1231.82834
G1 X156 Y147.682 E1231.84949
G1 F2400 E1231.34949
G0 F15000 X154.347 Y146.83
G0 X153.347 Y146.83
G0 X153.347 Y148.726
G0 X154.371 Y167.034
G0 X154 Y167.878
G1 F2400 E1231.84949
G1 F2910.6 X153.864 Y167.755 E1231.85559
G1 X153.661 Y167.666 E1231.86296
G1 X153.477 Y167.703 E1231.8692
G1 X152.791 Y168.161 E1231.89664
G1 X152.46 Y168.533 E1231.9132
G1 X152.204 Y169.203 E1231.93705
G1 X152.201 Y170.713 E1231.98728
G1 X152.258 Y170.97 E1231.99603
G1 X152.524 Y171.546 E1232.01714
G1 X153.009 Y172.014 E1232.03955
G1 X153.516 Y172.316 E1232.05918
G1 X153.644 Y172.346 E1232.06355
G1 X153.8 Y172.286 E1232.06911
G1 X153.8 Y172.204 E1232.07184
G1 X154 Y172.021 E1232.08086
G1 F2400 E1231.58086
G0 F15000 X154.353 Y172.98
G0 X154.347 Y175.653
G0 X157.653 Y175.653
G0 X160.304 Y171.887
G0 X160.66 Y170.956
G0 X160.663 Y169.192
G0 X160.557 Y168.739
G0 X160.197 Y167.952
G0 X159.522 Y167.297
G0 X158.812 Y166.872
G0 X158.346 Y166.765
G0 X158.042 Y166.849
G0 X158.356 Y167.654
G1 F2400 E1232.08086
G1 F2910.6 X158.484 Y167.684 E1232.08523
G1 X158.993 Y167.988 E1232.10495
G1 X159.48 Y168.46 E1232.1275
G1 X159.736 Y169.019 E1232.14795
G1 X159.799 Y169.29 E1232.15721
G1 X159.796 Y170.796 E1232.2073
G1 X159.551 Y171.437 E1232.23012
G1 X159.186 Y171.859 E1232.24868
G1 X158.524 Y172.293 E1232.27501
G1 X158.336 Y172.333 E1232.2814
G1 X158.2 Y172.264 E1232.28647
G1 X158.2 Y172.222 E1232.28787
G1 X158 Y172.017 E1232.29739
G1 X158 Y167.861 E1232.43562
G1 X158.2 Y167.773 E1232.44289
G1 X158.2 Y167.714 E1232.44485
G1 X158.356 Y167.654 E1232.45041
G1 F2400 E1231.95041
G0 F15000 X158.042 Y166.849
G0 X158.294 Y166.753
G0 X158.812 Y166.872
G0 X159.522 Y167.297
G0 X160.197 Y167.952
G0 X160.557 Y168.739
G0 X160.663 Y169.192
G0 X160.66 Y170.956
G0 X160.304 Y171.887
G0 X157.653 Y175.653
G0 X154.347 Y175.653
G0 X151.807 Y172.055
G0 X151.435 Y171.251
G0 X151.337 Y170.804
G0 X151.339 Y169.806
G0 X146.82 Y166.876
G0 X146.356 Y167.654
G1 F2400 E1232.45041
G1 F2910.6 X146.484 Y167.684 E1232.45478
G1 X146.993 Y167.988 E1232.4745
G1 X147.48 Y168.46 E1232.49706
G1 X147.736 Y169.019 E1232.51751
G1 X147.799 Y169.29 E1232.52676
G1 X147.796 Y170.796 E1232.57685
G1 X147.551 Y171.437 E1232.59968
G1 X147.186 Y171.859 E1232.61824
G1 X146.524 Y172.293 E1232.64456
G1 X146.336 Y172.333 E1232.65096
G1 X146.2 Y172.264 E1232.65603
G1 X146.2 Y172.222 E1232.65743
G1 X146 Y172.017 E1232.66695
G1 X146 Y167.861 E1232.80518
G1 X146.2 Y167.773 E1232.81245
G1 X146.2 Y167.714 E1232.81441
G1 X146.356 Y167.654 E1232.81997
G1 F2400 E1232.31997
G0 F15000 X146.042 Y166.849
G0 X146.294 Y166.753
G0 X146.812 Y166.872
G0 X147.522 Y167.297
G0 X148.197 Y167.952
G0 X148.557 Y168.739
G0 X148.663 Y169.192
G0 X148.66 Y170.956
G0 X148.304 Y171.887
G0 X145.653 Y175.653
G0 X142.347 Y175.653
G0 X139.807 Y172.055
G0 X139.435 Y171.251
G0 X139.337 Y170.804
G0 X139.34 Y169.043
G0 X139.709 Y168.078
G0 X140.219 Y167.504
G0 X141.139 Y166.891
G0 X141.695 Y166.779
G0 X142.354 Y167.046
G0 X142 Y167.878
G1 F2400 E1232.81997
G1 F2910.6 X141.864 Y167.755 E1232.82607
G1 X141.661 Y167.666 E1232.83344
G1 X141.477 Y167.703 E1232.83968
G1 X140.791 Y168.161 E1232.86712
G1 X140.46 Y168.533 E1232.88368
G1 X140.204 Y169.203 E1232.90753
G1 X140.201 Y170.713 E1232.95776
G1 X140.258 Y170.97 E1232.96651
G1 X140.524 Y171.546 E1232.98761
G1 X141.009 Y172.014 E1233.01003
G1 X141.516 Y172.316 E1233.02966
G1 X141.644 Y172.346 E1233.03403
G1 X141.8 Y172.286 E1233.03959
G1 X141.8 Y172.204 E1233.04232
G1 X142 Y172.021 E1233.05133
G1 F2400 E1232.55133
;MESH:Limiter bracket.stl
G0 F15000 X143.43 Y172.021
G0 X144.09 Y174.12
G0 X144.4 Y174.4
;TYPE:WALL-INNER
G1 F2400 E1233.05133
G1 F2910.6 X144.4 Y149.916 E1233.86568
G1 X143.6 Y149.916 E1233.89228
G1 X143.6 Y174.4 E1234.70663
G1 X144.4 Y174.4 E1234.73323
G0 F15000 X144.8 Y174.8
;TYPE:WALL-OUTER
G1 F2910.6 X144.8 Y149.516 E1235.57418
G1 X143.2 Y149.516 E1235.6274
G1 X143.2 Y174.8 E1236.46835
G1 X144.8 Y174.8 E1236.52156
G0 F15000 X144.52 Y174.52
G0 X144.09 Y173.649
G0 X144.319 Y173.649
;TYPE:FILL
G1 F2910.6 X143.681 Y173.82 E1236.54353
G0 F15000 X143.91 Y173.82
G0 X144.09 Y170.662
G0 X144.32 Y170.662
G1 F2910.6 X143.68 Y170.021 E1236.57366
G0 F15000 X143.91 Y170.021
G0 X143.91 Y165.538
G0 X143.68 Y165.538
G1 F2910.6 X144.32 Y165.367 E1236.59569
G0 F15000 X144.09 Y165.367
G0 X144.09 Y159.348
G0 X144.32 Y159.348
G1 F2910.6 X143.68 Y158.707 E1236.62582
G0 F15000 X143.91 Y158.707
G0 X143.91 Y157.256
G0 X143.681 Y157.256
G1 F2910.6 X144.32 Y157.085 E1236.64782
G0 F15000 X144.09 Y157.085
G0 X143.91 Y152.819
G0 X143.68 Y152.819
G1 F2910.6 X144.32 Y150.433 E1236.72999
G1 F2400 E1236.22999
G0 F15000 X144.09 Y150.433
G0 X144.57 Y174.12
G0 X145.665 Y174.12
G0 X154.335 Y174.12
G0 X155.43 Y174.12
G0 X155.91 Y174.12
G0 X155.6 Y174.4
;TYPE:WALL-INNER
G1 F2400 E1236.72999
G1 F2910.6 X156.4 Y174.4 E1236.75659
G1 X156.4 Y149.916 E1237.57094
G1 X155.6 Y149.916 E1237.59754
G1 X155.6 Y174.4 E1238.41188
G0 F15000 X155.2 Y174.8
;TYPE:WALL-OUTER
G1 F2910.6 X156.8 Y174.8 E1238.4651
G1 X156.8 Y149.516 E1239.30605
G1 X155.2 Y149.516 E1239.35927
G1 X155.2 Y174.8 E1240.20022
G0 F15000 X155.48 Y174.52
G0 X156.09 Y171.348
G0 X156.32 Y171.348
;TYPE:FILL
G1 F2910.6 X155.68 Y170.708 E1240.23032
G1 X155.681 Y170.605
G1 X156.319 Y170.434 E1240.25229
G0 F15000 X155.68 Y169.854
G1 F2910.6 X156.32 Y167.467 E1240.33448
G0 F15000 X156.09 Y167.467
G0 X155.91 Y162.323
G0 X155.681 Y162.323
G1 F2910.6 X156.319 Y162.152 E1240.35645
G0 F15000 X156.09 Y162.152
G0 X156.09 Y160.034
G0 X156.32 Y160.034
G1 F2910.6 X155.68 Y159.394 E1240.38656
G0 F15000 X155.91 Y159.394
G0 X155.91 Y154.041
G0 X155.681 Y154.041
G1 F2910.6 X156.32 Y153.869 E1240.40857
G1 F2400 E1239.90857
G0 F15000 X156.09 Y153.869
G0 X155.881 Y149.748
G0 X154.335 Y149.748
G0 X153.347 Y149.171
G0 X153.347 Y146.83
G0 X154.335 Y146.272
G0 X155.879 Y146.272
G0 X155.881 Y145.772
G0 X155.6 Y146.08
;TYPE:WALL-INNER
G1 F2400 E1240.40857
G1 F2910.6 X156.4 Y146.08 E1240.43517
G1 X156.4 Y130.1 E1240.96667
G1 X155.6 Y130.1 E1240.99328
G1 X155.6 Y146.08 E1241.52478
G0 F15000 X155.2 Y146.48
;TYPE:WALL-OUTER
G1 F2910.6 X156.8 Y146.48 E1241.57799
G1 X156.8 Y129.7 E1242.1361
G1 X155.2 Y129.7 E1242.18931
G1 X155.2 Y146.48 E1242.74742
G0 F15000 X155.681 Y145.758
;TYPE:FILL
G1 F2910.6 X156.319 Y145.587 E1242.76939
G0 F15000 X156.09 Y145.587
G0 X155.91 Y138.944
G0 X155.68 Y138.944
G1 F2910.6 X156.32 Y136.558 E1242.85155
G0 F15000 X155.679 Y136.766
G1 F2910.6 X156.32 Y137.406 E1242.88168
G1 X156.32 Y137.305
G1 X155.68 Y137.476 E1242.90371
G0 F15000 X155.91 Y137.476
G0 X156.001 Y131.203
G0 X156 Y130.5
;TYPE:SKIN
G1 F2425.5 X156 Y130.902 E1242.91976
G1 F2400 E1242.41976
G0 F15000 X156 Y131.203
G0 X155.43 Y145.802
G0 X154.335 Y145.802
G0 X145.665 Y145.802
G0 X144.57 Y145.802
G0 X144.09 Y145.802
G0 X144.4 Y146.08
;TYPE:WALL-INNER
G1 F2400 E1242.91976
G1 F2910.6 X144.4 Y130.1 E1243.45125
G1 X143.6 Y130.1 E1243.47786
G1 X143.6 Y146.08 E1244.00936
G1 X144.4 Y146.08 E1244.03597
G0 F15000 X144.8 Y146.48
;TYPE:WALL-OUTER
G1 F2910.6 X144.8 Y129.7 E1244.59407
G1 X143.2 Y129.7 E1244.64729
G1 X143.2 Y146.48 E1245.20539
G1 X144.8 Y146.48 E1245.25861
G0 F15000 X144.52 Y146.202
G0 X143.91 Y140.692
G0 X143.68 Y140.692
;TYPE:FILL
G1 F2910.6 X144.32 Y140.52 E1245.28065
G0 F15000 X144.09 Y140.52
G0 X144.09 Y136.72
G0 X144.32 Y136.72
G1 F2910.6 X143.68 Y136.08 E1245.31075
G0 F15000 X143.91 Y136.08
G0 X143.91 Y132.41
G0 X143.68 Y132.41
G1 F2910.6 X144.319 Y132.238 E1245.33276
G0 F15000 X144.09 Y132.238
G0 X144.001 Y131.203
G0 X144 Y130.5
;TYPE:SKIN
G1 F2425.5 X144 Y130.902 E1245.34881
G1 F2400 E1244.84881
;MESH:NONMESH
G0 F300 X144 Y130.902 Z7.8
G0 F15000 X144 Y131.203
G0 X143.424 Y146.259
G0 X142.335 Y146.259
G0 X141.347 Y146.83
G0 X141.347 Y148.726
G0 X142.371 Y167.034
G0 X142 Y167.878
;TIME_ELAPSED:1665.115917
;LAYER:38
;note -- min layer time used
;TYPE:SUPPORT
G1 F2400 E1245.34881
G1 F2806.5 X141.864 Y167.755 E1245.35491
G1 X141.661 Y167.666 E1245.36228
G1 X141.477 Y167.703 E1245.36852
G1 X140.791 Y168.161 E1245.39596
G1 X140.46 Y168.533 E1245.41252
G1 X140.204 Y169.203 E1245.43637
G1 X140.201 Y170.713 E1245.4866
G1 X140.258 Y170.97 E1245.49535
G1 X140.524 Y171.546 E1245.51645
G1 X141.009 Y172.014 E1245.53887
G1 X141.516 Y172.316 E1245.5585
G1 X141.644 Y172.346 E1245.56287
G1 X141.8 Y172.286 E1245.56843
G1 X141.8 Y172.204 E1245.57116
G1 X142 Y172.021 E1245.58017
G1 F2400 E1245.08017
G0 F15000 X142.353 Y172.98
G0 X142.347 Y175.653
G0 X145.653 Y175.653
G0 X148.304 Y171.887
G0 X148.66 Y170.956
G0 X148.663 Y169.192
G0 X148.557 Y168.739
G0 X148.197 Y167.952
G0 X147.522 Y167.297
G0 X146.812 Y166.872
G0 X146.346 Y166.765
G0 X146.042 Y166.849
G0 X146.356 Y167.654
G1 F2400 E1245.58017
G1 F2806.5 X146.484 Y167.684 E1245.58455
G1 X146.993 Y167.988 E1245.60427
G1 X147.48 Y168.46 E1245.62682
G1 X147.736 Y169.019 E1245.64727
G1 X147.799 Y169.29 E1245.65653
G1 X147.796 Y170.796 E1245.70662
G1 X147.551 Y171.437 E1245.72944
G1 X147.186 Y171.859 E1245.748
G1 X146.524 Y172.293 E1245.77433
G1 X146.336 Y172.333 E1245.78072
G1 X146.2 Y172.264 E1245.78579
G1 X146.2 Y172.221 E1245.78722
G1 X146 Y172.016 E1245.79675
G1 X146 Y167.861 E1245.93494
G1 X146.2 Y167.773 E1245.94221
G1 X146.2 Y167.714 E1245.94417
G1 X146.356 Y167.654 E1245.94973
G1 F2400 E1245.44973
G0 F15000 X146.82 Y166.876
G0 X153.757 Y166.766
G0 X154.371 Y167.034
G0 X154 Y167.878
G1 F2400 E1245.94973
G1 F2806.5 X153.864 Y167.755 E1245.95583
G1 X153.661 Y167.666 E1245.9632
G1 X153.477 Y167.703 E1245.96945
G1 X152.791 Y168.161 E1245.99688
G1 X152.46 Y168.533 E1246.01344
G1 X152.204 Y169.203 E1246.0373
G1 X152.201 Y170.713 E1246.08752
G1 X152.258 Y170.97 E1246.09628
G1 X152.524 Y171.546 E1246.11738
G1 X153.009 Y172.014 E1246.13979
G1 X153.516 Y172.316 E1246.15942
G1 X153.644 Y172.346 E1246.16379
G1 X153.8 Y172.286 E1246.16935
G1 X153.8 Y172.204 E1246.17208
G1 X154 Y172.021 E1246.1811
G1 F2400 E1245.6811
G0 F15000 X154.353 Y172.98
G0 X154.347 Y175.653
G0 X157.653 Y175.653
G0 X160.304 Y171.887
G0 X160.66 Y170.956
G0 X160.663 Y169.192
G0 X160.557 Y168.739
G0 X160.197 Y167.952
G0 X159.522 Y167.297
G0 X158.812 Y166.872
G0 X158.346 Y166.765
G0 X158.042 Y166.849
G0 X158.356 Y167.654
G1 F2400 E1246.1811
G1 F2806.5 X158.484 Y167.684 E1246.18547
G1 X158.993 Y167.988 E1246.20519
G1 X159.48 Y168.46 E1246.22775
G1 X159.736 Y169.019 E1246.2482
G1 X159.799 Y169.29 E1246.25745
G1 X159.796 Y170.796 E1246.30754
G1 X159.551 Y171.437 E1246.33036
G1 X159.186 Y171.859 E1246.34892
G1 X158.524 Y172.293 E1246.37525
G1 X158.336 Y172.333 E1246.38164
G1 X158.2 Y172.264 E1246.38671
G1 X158.2 Y172.221 E1246.38814
G1 X158 Y172.016 E1246.39767
G1 X158 Y167.861 E1246.53587
G1 X158.2 Y167.773 E1246.54313
G1 X158.2 Y167.714 E1246.5451
G1 X158.356 Y167.654 E1246.55065
G1 F2400 E1246.05065
;MESH:Limiter bracket.stl
G0 F15000 X156.57 Y167.654
G0 X155.91 Y174.12
G0 X155.6 Y174.4
;TYPE:WALL-INNER
G1 F2400 E1246.55065
G1 F2806.5 X156.4 Y174.4 E1246.57726
G1 X156.4 Y149.644 E1247.40065
G1 X155.6 Y149.644 E1247.42726
G1 X155.6 Y174.4 E1248.25065
G0 F15000 X155.2 Y174.8
;TYPE:WALL-OUTER
G1 F2806.5 X156.8 Y174.8 E1248.30386
G1 X156.8 Y149.244 E1249.15386
G1 X155.2 Y149.244 E1249.20707
G1 X155.2 Y174.8 E1250.05707
G0 F15000 X155.48 Y174.52
G0 X156.09 Y171.148
G0 X156.32 Y171.148
;TYPE:FILL
G1 F2806.5 X155.68 Y170.508 E1250.08717
G0 F15000 X155.68 Y170.751
G1 F2806.5 X156.32 Y170.58 E1250.10921
G0 F15000 X156.09 Y170.58
G0 X155.91 Y169.308
G0 X155.681 Y169.308
G1 F2806.5 X156.32 Y166.922 E1250.19136
G0 F15000 X156.09 Y166.922
G0 X155.91 Y162.469
G0 X155.681 Y162.469
G1 F2806.5 X156.319 Y162.298 E1250.21333
G0 F15000 X156.09 Y162.298
G0 X156.09 Y159.834
G0 X156.32 Y159.834
G1 F2806.5 X155.68 Y159.194 E1250.24344
G0 F15000 X155.91 Y159.194
G0 X155.91 Y154.187
G0 X155.68 Y154.187
G1 F2806.5 X156.32 Y154.015 E1250.26548
G1 F2400 E1249.76548
G0 F15000 X156.09 Y154.015
G0 X155.43 Y174.12
G0 X154.335 Y174.12
G0 X145.665 Y174.12
G0 X144.57 Y174.12
G0 X144.09 Y174.12
G0 X144.4 Y174.4
;TYPE:WALL-INNER
G1 F2400 E1250.26548
G1 F2806.5 X144.4 Y149.644 E1251.08887
G1 X143.6 Y149.644 E1251.11547
G1 X143.6 Y174.4 E1251.93886
G1 X144.4 Y174.4 E1251.96547
G0 F15000 X144.8 Y174.8
;TYPE:WALL-OUTER
G1 F2806.5 X144.8 Y149.244 E1252.81547
G1 X143.2 Y149.244 E1252.86868
G1 X143.2 Y174.8 E1253.71868
G1 X144.8 Y174.8 E1253.77189
G0 F15000 X144.52 Y174.52
G0 X144.09 Y173.795
G0 X144.319 Y173.795
;TYPE:FILL
G1 F2806.5 X143.681 Y173.966 E1253.79386
G0 F15000 X143.91 Y173.966
G0 X144.09 Y170.462
G0 X144.32 Y170.462
G1 F2806.5 X143.68 Y169.822 E1253.82397
G0 F15000 X143.91 Y169.822
G0 X143.91 Y165.684
G0 X143.68 Y165.684
G1 F2806.5 X144.32 Y165.513 E1253.846
G0 F15000 X144.09 Y165.513
G0 X144.09 Y159.149
G0 X144.32 Y159.149
G1 F2806.5 X143.68 Y158.508 E1253.87613
G0 F15000 X143.91 Y158.508
G0 X143.91 Y157.402
G0 X143.68 Y157.402
G1 F2806.5 X144.32 Y157.231 E1253.89816
G0 F15000 X144.09 Y157.231
G0 X143.91 Y152.274
G0 X143.68 Y152.274
G1 F2806.5 X144.32 Y149.887 E1253.98036
G1 F2400 E1253.48036
G0 F15000 X144.089 Y149.955
G0 X144.092 Y149.455
G0 X144.091 Y148.38
G0 X144.092 Y147.62
G0 X144.092 Y146.525
G0 X144.09 Y146.075
G0 X144.4 Y146.352
;TYPE:WALL-INNER
G1 F2400 E1253.98036
G1 F2806.5 X144.4 Y130.3 E1254.51425
G1 X143.6 Y130.3 E1254.54086
G1 X143.6 Y146.352 E1255.07475
G1 X144.4 Y146.352 E1255.10136
G1 F2400 E1254.60136
G0 F15000 X144.09 Y146.075
G0 X144.52 Y130.182
G0 X144.8 Y129.9
;TYPE:WALL-OUTER
G1 F2400 E1255.10136
G1 F2806.5 X143.2 Y129.9 E1255.15457
G1 X143.2 Y146.752 E1255.71507
G1 X144.8 Y146.752 E1255.76829
G1 X144.8 Y129.9 E1256.32879
G0 F15000 X144.52 Y130.182
G0 X144.09 Y132.384
G0 X144.319 Y132.384
;TYPE:FILL
G1 F2806.5 X143.681 Y132.555 E1256.35076
G0 F15000 X143.91 Y132.555
G0 X143.91 Y135.88
G0 X143.68 Y135.88
G1 F2806.5 X144.32 Y136.521 E1256.38088
G0 F15000 X144.09 Y136.521
G0 X144.09 Y140.666
G0 X144.32 Y140.666
G1 F2806.5 X143.68 Y140.838 E1256.40293
G0 F15000 X143.91 Y140.838
G0 X144.001 Y131.403
G0 X144 Y130.7
;TYPE:SKIN
G1 F2338.8 X144 Y131.102 E1256.41897
G1 F2400 E1255.91897
G0 F15000 X144 Y131.403
G0 X144.57 Y146.075
G0 X145.665 Y146.075
G0 X154.335 Y146.075
G0 X155.43 Y146.075
G0 X155.91 Y146.075
G0 X155.6 Y146.352
;TYPE:WALL-INNER
G1 F2400 E1256.41897
G1 F2806.5 X156.4 Y146.352 E1256.44558
G1 X156.4 Y130.3 E1256.97947
G1 X155.6 Y130.3 E1257.00608
G1 X155.6 Y146.352 E1257.53997
G1 F2400 E1257.03997
G0 F15000 X155.91 Y146.075
G0 X155.48 Y130.183
G0 X155.2 Y129.9
;TYPE:WALL-OUTER
G1 F2400 E1257.53997
G1 F2806.5 X155.2 Y146.752 E1258.10047
G1 X156.8 Y146.752 E1258.15369
G1 X156.8 Y129.9 E1258.71419
G1 X155.2 Y129.9 E1258.7674
G0 F15000 X155.48 Y130.183
G0 X156.09 Y136.011
G0 X156.32 Y136.011
;TYPE:FILL
G1 F2806.5 X155.68 Y138.401 E1258.84969
G0 F15000 X155.681 Y137.622
G1 F2806.5 X156.319 Y137.451 E1258.87166
G0 F15000 X156.32 Y137.207
G1 F2806.5 X155.679 Y136.566 E1258.90181
G0 F15000 X155.91 Y136.566
G0 X156.09 Y145.733
G0 X156.32 Y145.733
G1 F2806.5 X155.681 Y145.904 E1258.92382
G0 F15000 X155.91 Y145.904
G0 X156.001 Y131.403
G0 X156 Y130.7
;TYPE:SKIN
G1 F2338.8 X156 Y131.102 E1258.93986
G1 F2400 E1258.43986
;MESH:NONMESH
G0 F300 X156 Y131.102 Z8
G0 F15000 X156 Y131.403
G0 X155.424 Y146.531
G0 X155.424 Y147.62
G0 X154.347 Y148.392
G0 X148.66 Y170.956
G0 X148.304 Y171.887
G0 X145.653 Y175.653
G0 X142.347 Y175.653
G0 X139.807 Y172.055
G0 X139.435 Y171.251
G0 X139.337 Y170.804
G0 X139.34 Y169.043
G0 X139.709 Y168.078
G0 X140.219 Y167.504
G0 X141.139 Y166.891
G0 X141.695 Y166.779
G0 X142.354 Y167.046
G0 X142 Y167.878
;TIME_ELAPSED:1688.576271
;LAYER:39
;note -- min layer time used
;TYPE:SUPPORT
G1 F2400 E1258.93986
G1 F2872.8 X141.864 Y167.755 E1258.94596
G1 X141.661 Y167.666 E1258.95333
G1 X141.477 Y167.703 E1258.95957
G1 X140.791 Y168.161 E1258.98701
G1 X140.46 Y168.533 E1259.00357
G1 X140.204 Y169.203 E1259.02742
G1 X140.201 Y170.713 E1259.07765
G1 X140.258 Y170.97 E1259.0864
G1 X140.524 Y171.546 E1259.10751
G1 X141.009 Y172.014 E1259.12992
G1 X141.516 Y172.316 E1259.14955
G1 X141.644 Y172.346 E1259.15392
G1 X141.8 Y172.286 E1259.15948
G1 X141.8 Y172.206 E1259.16214
G1 X142 Y172.02 E1259.17123
G1 F2400 E1258.67123
G0 F15000 X142.353 Y172.98
G0 X142.347 Y175.653
G0 X145.653 Y175.653
G0 X148.304 Y171.887
G0 X148.66 Y170.956
G0 X148.663 Y169.192
G0 X148.557 Y168.739
G0 X148.197 Y167.952
G0 X147.522 Y167.297
G0 X146.812 Y166.872
G0 X146.346 Y166.765
G0 X146.042 Y166.849
G0 X146.356 Y167.654
G1 F2400 E1259.17123
G1 F2872.8 X146.484 Y167.684 E1259.1756
G1 X146.993 Y167.988 E1259.19532
G1 X147.48 Y168.46 E1259.21788
G1 X147.736 Y169.019 E1259.23832
G1 X147.799 Y169.29 E1259.24758
G1 X147.796 Y170.796 E1259.29767
G1 X147.551 Y171.437 E1259.32049
G1 X147.186 Y171.859 E1259.33905
G1 X146.524 Y172.293 E1259.36538
G1 X146.336 Y172.333 E1259.37177
G1 X146.2 Y172.264 E1259.37684
G1 X146.2 Y172.221 E1259.37827
G1 X146 Y172.016 E1259.3878
G1 X146 Y167.861 E1259.52599
G1 X146.2 Y167.773 E1259.53326
G1 X146.2 Y167.714 E1259.53522
G1 X146.356 Y167.654 E1259.54078
G1 F2400 E1259.04078
G0 F15000 X146.82 Y166.876
G0 X153.757 Y166.766
G0 X154.371 Y167.034
G0 X154 Y167.878
G1 F2400 E1259.54078
G1 F2872.8 X153.864 Y167.755 E1259.54688
G1 X153.661 Y167.666 E1259.55425
G1 X153.477 Y167.703 E1259.5605
G1 X152.791 Y168.161 E1259.58793
G1 X152.46 Y168.533 E1259.60449
G1 X152.204 Y169.203 E1259.62835
G1 X152.201 Y170.713 E1259.67857
G1 X152.258 Y170.97 E1259.68733
G1 X152.524 Y171.546 E1259.70843
G1 X153.009 Y172.014 E1259.73085
G1 X153.516 Y172.316 E1259.75047
G1 X153.644 Y172.346 E1259.75485
G1 X153.8 Y172.286 E1259.76041
G1 X153.8 Y172.206 E1259.76307
G1 X154 Y172.02 E1259.77215
G1 F2400 E1259.27215
G0 F15000 X154.353 Y172.98
G0 X154.347 Y175.653
G0 X157.653 Y175.653
G0 X160.304 Y171.887
G0 X160.66 Y170.956
G0 X160.663 Y169.192
G0 X160.557 Y168.739
G0 X160.197 Y167.952
G0 X159.522 Y167.297
G0 X158.812 Y166.872
G0 X158.346 Y166.765
G0 X158.042 Y166.849
G0 X158.356 Y167.654
G1 F2400 E1259.77215
G1 F2872.8 X158.484 Y167.684 E1259.77652
G1 X158.993 Y167.988 E1259.79624
G1 X159.48 Y168.46 E1259.8188
G1 X159.736 Y169.019 E1259.83925
G1 X159.799 Y169.29 E1259.8485
G1 X159.796 Y170.796 E1259.89859
G1 X159.551 Y171.437 E1259.92142
G1 X159.186 Y171.859 E1259.93997
G1 X158.524 Y172.293 E1259.9663
G1 X158.336 Y172.333 E1259.97269
G1 X158.2 Y172.264 E1259.97777
G1 X158.2 Y172.221 E1259.9792
G1 X158 Y172.016 E1259.98872
G1 X158 Y167.861 E1260.12692
G1 X158.2 Y167.773 E1260.13419
G1 X158.2 Y167.714 E1260.13615
G1 X158.356 Y167.654 E1260.14171
G1 F2400 E1259.64171
;MESH:Limiter bracket.stl
G0 F15000 X156.57 Y167.654
G0 X155.91 Y174.12
G0 X155.6 Y174.4
;TYPE:WALL-INNER
G1 F2400 E1260.14171
G1 F2872.8 X156.4 Y174.4 E1260.16832
G1 X156.4 Y149.2 E1261.00647
G1 X155.6 Y149.2 E1261.03308
G1 X155.6 Y174.4 E1261.87123
G0 F15000 X155.2 Y174.8
;TYPE:WALL-OUTER
G1 F2872.8 X156.8 Y174.8 E1261.92445
G1 X156.8 Y148.8 E1262.78921
G1 X155.2 Y148.8 E1262.84243
G1 X155.2 Y174.8 E1263.70719
G0 F15000 X155.48 Y174.52
G0 X155.91 Y170.897
G0 X155.68 Y170.897
;TYPE:FILL
G1 F2872.8 X156.32 Y170.726 E1263.72923
G0 F15000 X156.32 Y170.949
G1 F2872.8 X155.679 Y170.308 E1263.75938
G0 F15000 X155.91 Y170.308
G0 X155.91 Y168.764
G0 X155.68 Y168.764
G1 F2872.8 X156.32 Y166.378 E1263.84154
G0 F15000 X156.09 Y166.378
G0 X155.91 Y162.615
G0 X155.681 Y162.615
G1 F2872.8 X156.32 Y162.444 E1263.86354
G0 F15000 X156.09 Y162.444
G0 X156.09 Y159.635
G0 X156.32 Y159.635
G1 F2872.8 X155.679 Y158.994 E1263.89369
G0 F15000 X155.91 Y158.994
G0 X155.91 Y154.333
G0 X155.68 Y154.333
G1 F2872.8 X156.319 Y154.161 E1263.9157
G0 F15000 X156.09 Y154.161
G0 X155.7 Y149.6
G0 X156 Y149.6
;TYPE:SKIN
G1 F2394 X156 Y150.27 E1263.94244
G1 F2400 E1263.44244
G0 F15000 X156 Y150.572
G0 X155.43 Y174.12
G0 X154.335 Y174.12
G0 X145.665 Y174.12
G0 X144.57 Y174.12
G0 X144.09 Y174.12
G0 X144.4 Y174.4
;TYPE:WALL-INNER
G1 F2400 E1263.94244
G1 F2872.8 X144.4 Y149.2 E1264.7806
G1 X143.6 Y149.2 E1264.80721
G1 X143.6 Y174.4 E1265.64536
G1 X144.4 Y174.4 E1265.67197
G0 F15000 X144.8 Y174.8
;TYPE:WALL-OUTER
G1 F2872.8 X144.8 Y148.8 E1266.53673
G1 X143.2 Y148.8 E1266.58995
G1 X143.2 Y174.8 E1267.45471
G1 X144.8 Y174.8 E1267.50793
G0 F15000 X144.32 Y173.941
;TYPE:FILL
G1 F2872.8 X143.68 Y174.113 E1267.52997
G0 F15000 X143.91 Y174.113
G0 X144.09 Y170.263
G0 X144.32 Y170.263
G1 F2872.8 X143.68 Y169.622 E1267.5601
G0 F15000 X143.91 Y169.622
G0 X143.91 Y165.83
G0 X143.681 Y165.83
G1 F2872.8 X144.319 Y165.659 E1267.58207
G0 F15000 X144.09 Y165.659
G0 X144.09 Y158.949
G0 X144.32 Y158.949
G1 F2872.8 X143.68 Y158.308 E1267.6122
G0 F15000 X143.68 Y157.548
G1 F2872.8 X144.32 Y157.377 E1267.63423
G0 F15000 X144.09 Y157.377
G0 X143.91 Y151.731
G0 X143.68 Y151.731
G1 F2872.8 X144.049 Y150.352 E1267.68171
G0 F15000 X144 Y149.6
;TYPE:SKIN
G1 F2394 X144 Y150.272 E1267.70853
G1 F2400 E1267.20853
G0 F15000 X144 Y150.572
G0 X144.21 Y149.755
G0 X144.401 Y149.011
G0 X144.4 Y146.989
G0 X144.4 Y146.797
;TYPE:WALL-INNER
G1 F2400 E1267.70853
G1 F2872.8 X144.4 Y130.5 E1268.25057
G1 X143.6 Y130.5 E1268.27718
G1 X143.6 Y146.798 E1268.81925
G1 X144.4 Y146.797 E1268.84586
G1 F2400 E1268.34586
G0 F15000 X144.52 Y130.382
G0 X144.8 Y130.1
;TYPE:WALL-OUTER
G1 F2400 E1268.84586
G1 F2872.8 X143.2 Y130.1 E1268.89908
G1 X143.2 Y147.199 E1269.46779
G1 X144.8 Y147.196 E1269.52101
G1 X144.8 Y130.1 E1270.08962
G0 F15000 X144.52 Y130.382
G0 X144.09 Y132.53
G0 X144.319 Y132.53
;TYPE:FILL
G1 F2872.8 X143.68 Y132.701 E1270.11162
G0 F15000 X143.91 Y132.701
G0 X143.91 Y135.681
G0 X143.68 Y135.681
G1 F2872.8 X144.32 Y136.322 E1270.14175
G0 F15000 X144.09 Y136.322
G0 X144.09 Y140.812
G0 X144.32 Y140.812
G1 F2872.8 X143.681 Y140.984 E1270.16376
G0 F15000 X143.91 Y140.984
G0 X143.7 Y146.396
G0 X144 Y146.396
;TYPE:SKIN
G1 F2394 X144 Y145.728 E1270.19042
G0 F15000 X144 Y145.428
G0 X144.001 Y131.603
G0 X144 Y130.9
G1 F2394 X144 Y131.302 E1270.20647
G1 F2400 E1269.70647
G0 F15000 X144 Y131.603
G0 X144.57 Y146.798
G0 X145.665 Y146.798
G0 X154.335 Y146.798
G0 X155.6 Y146.798
;TYPE:WALL-INNER
G1 F2400 E1270.20647
G1 F2872.8 X156.4 Y146.797 E1270.23307
G1 X156.4 Y130.5 E1270.77511
G1 X155.6 Y130.5 E1270.80172
G1 X155.6 Y146.798 E1271.3438
G1 F2400 E1270.8438
G0 F15000 X155.48 Y130.383
G0 X155.2 Y130.1
;TYPE:WALL-OUTER
G1 F2400 E1271.3438
G1 F2872.8 X155.2 Y147.199 E1271.91251
G1 X156.8 Y147.196 E1271.96573
G1 X156.8 Y130.1 E1272.53434
G1 X155.2 Y130.1 E1272.58756
G0 F15000 X155.48 Y130.383
G0 X156.09 Y135.468
G0 X156.32 Y135.468
;TYPE:FILL
G1 F2872.8 X155.68 Y137.854 E1272.66972
G1 X155.681 Y137.768
G1 X156.319 Y137.597 E1272.69169
G0 F15000 X156.32 Y137.008
G1 F2872.8 X155.68 Y136.368 E1272.7218
G0 F15000 X155.91 Y136.368
G0 X156.001 Y131.603
G0 X156 Y130.9
;TYPE:SKIN
G1 F2394 X156 Y131.302 E1272.73784
G0 F15000 X156 Y131.603
G0 X155.7 Y146.396
G0 X156 Y146.396
G1 F2394 X156 Y145.728 E1272.7645
G1 F2400 E1272.2645
;MESH:NONMESH
G0 F300 X156 Y145.728 Z8.2
G0 F15000 X156 Y145.428
G0 X155.424 Y146.976
G0 X154.335 Y146.976
G0 X148.66 Y170.956
G0 X148.304 Y171.887
G0 X145.653 Y175.653
G0 X142.347 Y175.653
G0 X139.807 Y172.055
G0 X139.435 Y171.251
G0 X139.337 Y170.804
G0 X139.34 Y169.043
G0 X139.709 Y168.078
G0 X140.219 Y167.504
G0 X141.139 Y166.891
G0 X141.695 Y166.779
G0 X142.354 Y167.046
G0 X142 Y167.878
;TIME_ELAPSED:1712.200028
;LAYER:40
;note -- min layer time used
;TYPE:SUPPORT
G1 F2400 E1272.7645
G1 F2855.6 X141.864 Y167.755 E1272.7706
G1 X141.661 Y167.666 E1272.77797
G1 X141.477 Y167.703 E1272.78422
G1 X140.791 Y168.161 E1272.81165
G1 X140.46 Y168.533 E1272.82821
G1 X140.204 Y169.203 E1272.85207
G1 X140.201 Y170.713 E1272.90229
G1 X140.258 Y170.97 E1272.91105
G1 X140.524 Y171.546 E1272.93215
G1 X141.009 Y172.014 E1272.95456
G1 X141.516 Y172.316 E1272.97419
G1 X141.644 Y172.346 E1272.97856
G1 X141.8 Y172.286 E1272.98412
G1 X141.8 Y172.227 E1272.98609
G1 X142 Y172.022 E1272.99561
G1 F2400 E1272.49561
G0 F15000 X142.353 Y172.98
G0 X142.347 Y175.653
G0 X145.653 Y175.653
G0 X148.304 Y171.887
G0 X148.66 Y170.956
G0 X148.663 Y169.192
G0 X148.557 Y168.739
G0 X148.197 Y167.952
G0 X147.522 Y167.297
G0 X146.812 Y166.872
G0 X146.346 Y166.765
G0 X146.042 Y166.849
G0 X146.356 Y167.654
G1 F2400 E1272.99561
G1 F2855.6 X146.484 Y167.684 E1272.99998
G1 X146.993 Y167.988 E1273.0197
G1 X147.48 Y168.46 E1273.04226
G1 X147.736 Y169.019 E1273.06271
G1 X147.799 Y169.29 E1273.07196
G1 X147.796 Y170.796 E1273.12205
G1 X147.551 Y171.437 E1273.14488
G1 X147.186 Y171.859 E1273.16343
G1 X146.524 Y172.293 E1273.18976
G1 X146.336 Y172.333 E1273.19616
G1 X146.2 Y172.264 E1273.20123
G1 X146.2 Y172.219 E1273.20272
G1 X146 Y172.015 E1273.21223
G1 X146 Y167.861 E1273.35039
G1 X146.2 Y167.773 E1273.35766
G1 X146.2 Y167.714 E1273.35962
G1 X146.356 Y167.654 E1273.36518
G1 F2400 E1272.86518
G0 F15000 X146.82 Y166.876
G0 X153.757 Y166.766
G0 X154.371 Y167.034
G0 X154 Y167.878
G1 F2400 E1273.36518
G1 F2855.6 X153.864 Y167.755 E1273.37128
G1 X153.661 Y167.666 E1273.37865
G1 X153.477 Y167.703 E1273.38489
G1 X152.791 Y168.161 E1273.41233
G1 X152.46 Y168.533 E1273.42889
G1 X152.204 Y169.203 E1273.45274
G1 X152.201 Y170.713 E1273.50297
G1 X152.258 Y170.97 E1273.51172
G1 X152.524 Y171.546 E1273.53282
G1 X153.009 Y172.014 E1273.55524
G1 X153.516 Y172.316 E1273.57487
G1 X153.644 Y172.346 E1273.57924
G1 X153.8 Y172.286 E1273.5848
G1 X153.8 Y172.227 E1273.58676
G1 X154 Y172.022 E1273.59629
G1 F2400 E1273.09629
G0 F15000 X154.353 Y172.98
G0 X154.347 Y175.653
G0 X157.653 Y175.653
G0 X160.304 Y171.887
G0 X160.66 Y170.956
G0 X160.663 Y169.192
G0 X160.557 Y168.739
G0 X160.197 Y167.952
G0 X159.522 Y167.297
G0 X158.812 Y166.872
G0 X158.346 Y166.765
G0 X158.042 Y166.849
G0 X158.356 Y167.654
G1 F2400 E1273.59629
G1 F2855.6 X158.484 Y167.684 E1273.60066
G1 X158.993 Y167.988 E1273.62038
G1 X159.48 Y168.46 E1273.64294
G1 X159.736 Y169.019 E1273.66339
G1 X159.799 Y169.29 E1273.67264
G1 X159.796 Y170.796 E1273.72273
G1 X159.551 Y171.437 E1273.74555
G1 X159.186 Y171.859 E1273.76411
G1 X158.524 Y172.293 E1273.79044
G1 X158.336 Y172.333 E1273.79683
G1 X158.2 Y172.264 E1273.8019
G1 X158.2 Y172.219 E1273.8034
G1 X158 Y172.015 E1273.8129
G1 X158 Y167.861 E1273.95107
G1 X158.2 Y167.773 E1273.95833
G1 X158.2 Y167.714 E1273.9603
G1 X158.356 Y167.654 E1273.96585
G1 F2400 E1273.46585
;MESH:Limiter bracket.stl
G0 F15000 X156.57 Y167.654
G0 X155.91 Y174.12
G0 X155.6 Y174.4
;TYPE:WALL-INNER
G1 F2400 E1273.96585
G1 F2855.6 X156.4 Y174.4 E1273.99246
G1 X156.4 Y130.7 E1275.44593
G1 X155.6 Y130.7 E1275.47254
G1 X155.6 Y174.4 E1276.92601
G0 F15000 X155.2 Y174.8
;TYPE:WALL-OUTER
G1 F2855.6 X156.8 Y174.8 E1276.97922
G1 X156.8 Y130.3 E1278.4593
G1 X155.2 Y130.3 E1278.51252
G1 X155.2 Y174.8 E1279.99259
G0 F15000 X155.48 Y174.52
G0 X155.91 Y171.044
G0 X155.68 Y171.044
;TYPE:FILL
G1 F2855.6 X156.32 Y170.873 E1280.01462
G1 X156.32 Y170.748
G1 X155.68 Y170.108 E1280.04473
G0 F15000 X155.91 Y170.108
G0 X155.91 Y168.215
G0 X155.68 Y168.215
G1 F2855.6 X156.32 Y165.829 E1280.12689
G0 F15000 X156.09 Y165.829
G0 X155.91 Y162.762
G0 X155.681 Y162.762
G1 F2855.6 X156.32 Y162.591 E1280.14889
G0 F15000 X156.09 Y162.591
G0 X156.09 Y159.434
G0 X156.32 Y159.434
G1 F2855.6 X155.68 Y158.794 E1280.179
G0 F15000 X155.91 Y158.794
G0 X155.91 Y154.48
G0 X155.68 Y154.48
G1 F2855.6 X156.319 Y154.308 E1280.20101
G0 F15000 X156.09 Y154.308
G0 X156.228 Y150.353
G0 X156.228 Y146.117
G0 X155.91 Y137.915
G0 X155.681 Y137.915
G1 F2855.6 X156.319 Y137.744 E1280.22298
G0 F15000 X155.681 Y137.305
G1 F2855.6 X156.32 Y134.92 E1280.3051
G0 F15000 X156.09 Y134.92
G0 X155.91 Y136.166
G0 X155.679 Y136.166
G1 F2855.6 X156.32 Y136.807 E1280.33525
G0 F15000 X156.09 Y136.807
G0 X156.001 Y131.803
G0 X156 Y131.1
;TYPE:SKIN
G1 F2379.6 X156 Y131.502 E1280.35129
G0 F15000 X156 Y131.803
G0 X156.228 Y145.646
G0 X156.228 Y150.353
G0 X156 Y150.124
G1 F2379.6 X156 Y145.872 E1280.521
G1 F2400 E1280.021
G0 F15000 X156 Y145.574
G0 X155.43 Y174.12
G0 X154.335 Y174.12
G0 X145.665 Y174.12
G0 X144.57 Y174.12
G0 X144.09 Y174.12
G0 X144.4 Y174.4
;TYPE:WALL-INNER
G1 F2400 E1280.521
G1 F2855.6 X144.4 Y130.7 E1281.97447
G1 X143.6 Y130.7 E1282.00108
G1 X143.6 Y174.4 E1283.45454
G1 X144.4 Y174.4 E1283.48115
G0 F15000 X144.8 Y174.8
;TYPE:WALL-OUTER
G1 F2855.6 X144.8 Y130.3 E1284.96123
G1 X143.2 Y130.3 E1285.01444
G1 X143.2 Y174.8 E1286.49452
G1 X144.8 Y174.8 E1286.54774
G0 F15000 X144.32 Y174.088
;TYPE:FILL
G1 F2855.6 X143.68 Y174.26 E1286.56978
G0 F15000 X143.88 Y174.12
G0 X144.09 Y170.062
G0 X144.32 Y170.062
G1 F2855.6 X143.68 Y169.421 E1286.59991
G0 F15000 X143.91 Y169.421
G0 X143.91 Y165.977
G0 X143.681 Y165.977
G1 F2855.6 X144.319 Y165.806 E1286.62187
G0 F15000 X144.09 Y165.806
G0 X144.09 Y158.748
G0 X144.32 Y158.748
G1 F2855.6 X143.68 Y158.108 E1286.65198
G0 F15000 X143.68 Y157.695
G1 F2855.6 X144.32 Y157.524 E1286.67401
G0 F15000 X144.09 Y157.524
G0 X143.91 Y151.183
G0 X143.68 Y151.183
G1 F2855.6 X143.942 Y150.206 E1286.70765
G0 F15000 X143.942 Y150.426
G0 X143.772 Y146.541
G0 X143.91 Y141.131
G0 X143.68 Y141.131
G1 F2855.6 X144.32 Y140.959 E1286.7297
G0 F15000 X144.09 Y140.959
G0 X144.09 Y136.121
G0 X144.32 Y136.121
G1 F2855.6 X143.68 Y135.48 E1286.75982
G0 F15000 X143.91 Y135.48
G0 X143.91 Y132.848
G0 X143.681 Y132.848
G1 F2855.6 X144.319 Y132.677 E1286.78179
G0 F15000 X144.09 Y132.677
G0 X144.001 Y131.803
G0 X144 Y131.1
;TYPE:SKIN
G1 F2379.6 X144 Y131.502 E1286.79784
G0 F15000 X144 Y131.803
G0 X144.228 Y145.646
G0 X144.228 Y150.354
G0 X144 Y150.124
G1 F2379.6 X144 Y145.872 E1286.96754
G1 F2400 E1286.46754
;MESH:NONMESH
G0 F300 X144 Y145.872 Z8.4
G0 F15000 X144 Y145.574
G0 X143.43 Y167.878
G0 X142 Y167.878
;TIME_ELAPSED:1732.576390
;LAYER:41
;note -- min layer time used
;TYPE:SUPPORT
G1 F2400 E1286.96754
G1 F2824.3 X141.864 Y167.755 E1286.97364
G1 X141.661 Y167.666 E1286.98102
G1 X141.477 Y167.703 E1286.98726
G1 X140.791 Y168.161 E1287.01469
G1 X140.46 Y168.533 E1287.03125
G1 X140.204 Y169.203 E1287.05511
G1 X140.201 Y170.713 E1287.10533
G1 X140.258 Y170.97 E1287.11409
G1 X140.524 Y171.546 E1287.13519
G1 X141.009 Y172.014 E1287.15761
G1 X141.516 Y172.316 E1287.17723
G1 X141.644 Y172.346 E1287.18161
G1 X141.8 Y172.286 E1287.18717
G1 X141.8 Y172.227 E1287.18913
G1 X142 Y172.022 E1287.19865
G1 F2400 E1286.69865
G0 F15000 X142.353 Y172.98
G0 X142.347 Y175.653
G0 X145.653 Y175.653
G0 X148.304 Y171.887
G0 X148.66 Y170.956
G0 X148.663 Y169.192
G0 X148.557 Y168.739
G0 X148.197 Y167.952
G0 X147.522 Y167.297
G0 X146.812 Y166.872
G0 X146.346 Y166.765
G0 X146.042 Y166.849
G0 X146.356 Y167.654
G1 F2400 E1287.19865
G1 F2824.3 X146.484 Y167.684 E1287.20303
G1 X146.993 Y167.988 E1287.22275
G1 X147.48 Y168.46 E1287.2453
G1 X147.736 Y169.019 E1287.26575
G1 X147.799 Y169.29 E1287.27501
G1 X147.796 Y170.796 E1287.3251
G1 X147.551 Y171.437 E1287.34792
G1 X147.186 Y171.859 E1287.36648
G1 X146.524 Y172.293 E1287.3928
G1 X146.336 Y172.333 E1287.3992
G1 X146.2 Y172.264 E1287.40427
G1 X146.2 Y172.219 E1287.40577
G1 X146 Y172.015 E1287.41527
G1 X146 Y167.861 E1287.55343
G1 X146.2 Y167.773 E1287.5607
G1 X146.2 Y167.714 E1287.56266
G1 X146.356 Y167.654 E1287.56822
G1 F2400 E1287.06822
G0 F15000 X146.82 Y166.876
G0 X153.757 Y166.766
G0 X154.371 Y167.034
G0 X154 Y167.878
G1 F2400 E1287.56822
G1 F2824.3 X153.864 Y167.755 E1287.57432
G1 X153.661 Y167.666 E1287.58169
G1 X153.477 Y167.703 E1287.58793
G1 X152.791 Y168.161 E1287.61537
G1 X152.46 Y168.533 E1287.63193
G1 X152.204 Y169.203 E1287.65579
G1 X152.201 Y170.713 E1287.70601
G1 X152.258 Y170.97 E1287.71476
G1 X152.524 Y171.546 E1287.73587
G1 X153.009 Y172.014 E1287.75828
G1 X153.516 Y172.316 E1287.77791
G1 X153.644 Y172.346 E1287.78228
G1 X153.8 Y172.286 E1287.78784
G1 X153.8 Y172.227 E1287.7898
G1 X154 Y172.022 E1287.79933
G1 F2400 E1287.29933
G0 F15000 X154.353 Y172.98
G0 X154.347 Y175.653
G0 X157.653 Y175.653
G0 X160.304 Y171.887
G0 X160.66 Y170.956
G0 X160.663 Y169.192
G0 X160.557 Y168.739
G0 X160.197 Y167.952
G0 X159.522 Y167.297
G0 X158.812 Y166.872
G0 X158.346 Y166.765
G0 X158.042 Y166.849
G0 X158.356 Y167.654
G1 F2400 E1287.79933
G1 F2824.3 X158.484 Y167.684 E1287.8037
G1 X158.993 Y167.988 E1287.82342
G1 X159.48 Y168.46 E1287.84598
G1 X159.736 Y169.019 E1287.86643
G1 X159.799 Y169.29 E1287.87568
G1 X159.796 Y170.796 E1287.92577
G1 X159.551 Y171.437 E1287.9486
G1 X159.186 Y171.859 E1287.96715
G1 X158.524 Y172.293 E1287.99348
G1 X158.336 Y172.333 E1287.99987
G1 X158.2 Y172.264 E1288.00495
G1 X158.2 Y172.219 E1288.00644
G1 X158 Y172.015 E1288.01595
G1 X158 Y167.861 E1288.15411
G1 X158.2 Y167.773 E1288.16138
G1 X158.2 Y167.714 E1288.16334
G1 X158.356 Y167.654 E1288.1689
G1 F2400 E1287.6689
;MESH:Limiter bracket.stl
G0 F15000 X156.57 Y167.654
G0 X155.91 Y174.12
G0 X155.6 Y174.4
;TYPE:WALL-INNER
G1 F2400 E1288.1689
G1 F2824.3 X156.4 Y174.4 E1288.1955
G1 X156.4 Y130.9 E1289.64232
G1 X155.6 Y130.9 E1289.66893
G1 X155.6 Y174.4 E1291.11574
G0 F15000 X155.2 Y174.8
;TYPE:WALL-OUTER
G1 F2824.3 X156.8 Y174.8 E1291.16896
G1 X156.8 Y130.5 E1292.64238
G1 X155.2 Y130.5 E1292.6956
G1 X155.2 Y174.8 E1294.16902
G0 F15000 X155.48 Y174.52
G0 X155.91 Y171.19
G0 X155.681 Y171.19
;TYPE:FILL
G1 F2824.3 X156.319 Y171.019 E1294.19099
G0 F15000 X156.32 Y170.548
G1 F2824.3 X155.68 Y169.909 E1294.22107
G0 F15000 X155.91 Y169.909
G0 X155.91 Y167.67
G0 X155.68 Y167.67
G1 F2824.3 X156.32 Y165.283 E1294.30327
G0 F15000 X156.09 Y165.283
G0 X155.91 Y162.908
G0 X155.68 Y162.908
G1 F2824.3 X156.32 Y162.737 E1294.3253
G0 F15000 X156.09 Y162.737
G0 X156.09 Y159.235
G0 X156.32 Y159.235
G1 F2824.3 X155.68 Y158.595 E1294.35541
G0 F15000 X155.91 Y158.595
G0 X155.91 Y154.626
G0 X155.681 Y154.626
G1 F2824.3 X156.319 Y154.455 E1294.37738
G0 F15000 X156.09 Y154.455
G0 X156.228 Y150.146
G0 X156.228 Y146.283
G0 X155.91 Y138.061
G0 X155.681 Y138.061
G1 F2824.3 X156.319 Y137.89 E1294.39934
G0 F15000 X156.09 Y137.89
G0 X156.09 Y136.607
G0 X156.32 Y136.607
G1 F2824.3 X155.68 Y135.967 E1294.42945
G0 F15000 X155.68 Y136.762
G1 F2824.3 X156.32 Y134.374 E1294.51168
G0 F15000 X156.09 Y134.374
G0 X156.001 Y132.003
G0 X156 Y131.3
;TYPE:SKIN
G1 F2353.6 X156 Y131.702 E1294.52772
G0 F15000 X156 Y132.003
G0 X155.772 Y145.855
G0 X155.772 Y150.146
G0 X156 Y149.916
G1 F2353.6 X156 Y146.082 E1294.68074
G1 F2400 E1294.18074
G0 F15000 X156 Y145.782
G0 X155.43 Y174.12
G0 X154.335 Y174.12
G0 X145.665 Y174.12
G0 X144.57 Y174.12
G0 X144.09 Y174.12
G0 X144.4 Y174.4
;TYPE:WALL-INNER
G1 F2400 E1294.68074
G1 F2824.3 X144.4 Y130.9 E1296.12756
G1 X143.6 Y130.9 E1296.15417
G1 X143.6 Y174.4 E1297.60098
G1 X144.4 Y174.4 E1297.62759
G0 F15000 X144.8 Y174.8
;TYPE:WALL-OUTER
G1 F2824.3 X144.8 Y130.5 E1299.10102
G1 X143.2 Y130.5 E1299.15423
G1 X143.2 Y174.8 E1300.62766
G1 X144.8 Y174.8 E1300.68087
G0 F15000 X144.32 Y174.234
;TYPE:FILL
G1 F2824.3 X144 Y174.32 E1300.69189
G0 F15000 X144 Y174.09
G0 X144.09 Y169.863
G0 X144.32 Y169.863
G1 F2824.3 X143.68 Y169.222 E1300.72202
G0 F15000 X143.91 Y169.222
G0 X143.91 Y166.123
G0 X143.681 Y166.123
G1 F2824.3 X144.319 Y165.952 E1300.74399
G0 F15000 X144.09 Y165.952
G0 X144.09 Y158.549
G0 X144.32 Y158.549
G1 F2824.3 X143.68 Y157.908 E1300.77412
G1 X143.68 Y157.841
G1 X144.32 Y157.67 E1300.79615
G0 F15000 X144.09 Y157.67
G0 X143.91 Y150.635
G0 X143.681 Y150.635
G1 F2824.3 X143.851 Y149.998 E1300.81808
G0 F15000 X143.91 Y150.218
G0 X143.772 Y146.67
G0 X143.91 Y141.277
G0 X143.681 Y141.277
G1 F2824.3 X144.319 Y141.105 E1300.84006
G0 F15000 X144.09 Y141.105
G0 X144.09 Y135.921
G0 X144.32 Y135.921
G1 F2824.3 X143.68 Y135.281 E1300.87016
G0 F15000 X143.91 Y135.281
G0 X143.91 Y132.994
G0 X143.68 Y132.994
G1 F2824.3 X144.32 Y132.823 E1300.89219
G0 F15000 X144.09 Y132.823
G0 X144.001 Y132.003
G0 X144 Y131.3
;TYPE:SKIN
G1 F2353.6 X144 Y131.702 E1300.90824
G0 F15000 X144 Y132.003
G0 X143.772 Y145.855
G0 X143.772 Y150.146
G0 X144 Y149.916
G1 F2353.6 X144 Y146.082 E1301.06126
G1 F2400 E1300.56126
;MESH:NONMESH
G0 F300 X144 Y146.082 Z8.6
G0 F15000 X144 Y145.782
G0 X143.43 Y167.878
G0 X142 Y167.878
;TIME_ELAPSED:1752.848352
;LAYER:42
;note -- min layer time used
;TYPE:SUPPORT
G1 F2400 E1301.06126
G1 F2799.7 X141.864 Y167.755 E1301.06736
G1 X141.661 Y167.666 E1301.07473
G1 X141.477 Y167.703 E1301.08097
G1 X140.791 Y168.161 E1301.10841
G1 X140.46 Y168.533 E1301.12497
G1 X140.204 Y169.203 E1301.14883
G1 X140.201 Y170.713 E1301.19905
G1 X140.258 Y170.97 E1301.2078
G1 X140.524 Y171.546 E1301.22891
G1 X141.009 Y172.014 E1301.25132
G1 X141.516 Y172.316 E1301.27095
G1 X141.644 Y172.346 E1301.27532
G1 X141.8 Y172.286 E1301.28088
G1 X141.8 Y172.227 E1301.28284
G1 X142 Y172.018 E1301.29247
G1 F2400 E1300.79247
G0 F15000 X142.353 Y172.98
G0 X142.347 Y175.653
G0 X145.653 Y175.653
G0 X148.304 Y171.887
G0 X148.66 Y170.956
G0 X148.663 Y169.192
G0 X148.557 Y168.739
G0 X148.197 Y167.952
G0 X147.522 Y167.297
G0 X146.812 Y166.872
G0 X146.346 Y166.765
G0 X146.042 Y166.849
G0 X146.356 Y167.654
G1 F2400 E1301.29247
G1 F2799.7 X146.484 Y167.684 E1301.29684
G1 X146.993 Y167.988 E1301.31656
G1 X147.48 Y168.46 E1301.33911
G1 X147.736 Y169.019 E1301.35956
G1 X147.799 Y169.29 E1301.36882
G1 X147.796 Y170.796 E1301.41891
G1 X147.551 Y171.437 E1301.44173
G1 X147.186 Y171.859 E1301.46029
G1 X146.524 Y172.293 E1301.48662
G1 X146.336 Y172.333 E1301.49301
G1 X146.2 Y172.264 E1301.49808
G1 X146.2 Y172.217 E1301.49965
G1 X146 Y172.015 E1301.5091
G1 X146 Y167.861 E1301.64726
G1 X146.2 Y167.773 E1301.65453
G1 X146.2 Y167.714 E1301.65649
G1 X146.356 Y167.654 E1301.66205
G1 F2400 E1301.16205
G0 F15000 X146.82 Y166.876
G0 X153.757 Y166.766
G0 X154.371 Y167.034
G0 X154 Y167.878
G1 F2400 E1301.66205
G1 F2799.7 X153.864 Y167.755 E1301.66815
G1 X153.661 Y167.666 E1301.67552
G1 X153.477 Y167.703 E1301.68177
G1 X152.791 Y168.161 E1301.7092
G1 X152.46 Y168.533 E1301.72576
G1 X152.204 Y169.203 E1301.74962
G1 X152.201 Y170.713 E1301.79984
G1 X152.258 Y170.97 E1301.8086
G1 X152.524 Y171.546 E1301.8297
G1 X153.009 Y172.014 E1301.85211
G1 X153.516 Y172.316 E1301.87174
G1 X153.644 Y172.346 E1301.87611
G1 X153.8 Y172.286 E1301.88167
G1 X153.8 Y172.227 E1301.88364
G1 X154 Y172.018 E1301.89326
G1 F2400 E1301.39326
G0 F15000 X154.353 Y172.98
G0 X154.347 Y175.653
G0 X157.653 Y175.653
G0 X160.304 Y171.887
G0 X160.66 Y170.956
G0 X160.663 Y169.192
G0 X160.557 Y168.739
G0 X160.197 Y167.952
G0 X159.522 Y167.297
G0 X158.812 Y166.872
G0 X158.346 Y166.765
G0 X158.042 Y166.849
G0 X158.356 Y167.654
G1 F2400 E1301.89326
G1 F2799.7 X158.484 Y167.684 E1301.89763
G1 X158.993 Y167.988 E1301.91735
G1 X159.48 Y168.46 E1301.93991
G1 X159.736 Y169.019 E1301.96036
G1 X159.799 Y169.29 E1301.96961
G1 X159.796 Y170.796 E1302.0197
G1 X159.551 Y171.437 E1302.04252
G1 X159.186 Y171.859 E1302.06108
G1 X158.524 Y172.293 E1302.08741
G1 X158.336 Y172.333 E1302.0938
G1 X158.2 Y172.264 E1302.09887
G1 X158.2 Y172.217 E1302.10044
G1 X158 Y172.015 E1302.10989
G1 X158 Y167.861 E1302.24805
G1 X158.2 Y167.773 E1302.25532
G1 X158.2 Y167.714 E1302.25728
G1 X158.356 Y167.654 E1302.26284
G1 F2400 E1301.76284
;MESH:Limiter bracket.stl
G0 F15000 X156.57 Y167.654
G0 X155.91 Y174.12
G0 X155.6 Y174.4
;TYPE:WALL-INNER
G1 F2400 E1302.26284
G1 F2799.7 X156.4 Y174.4 E1302.28945
G1 X156.4 Y131.1 E1303.72962
G1 X155.6 Y131.1 E1303.75622
G1 X155.6 Y174.4 E1305.19639
G0 F15000 X155.2 Y174.8
;TYPE:WALL-OUTER
G1 F2799.7 X156.8 Y174.8 E1305.2496
G1 X156.8 Y130.7 E1306.71638
G1 X155.2 Y130.7 E1306.76959
G1 X155.2 Y174.8 E1308.23636
G0 F15000 X155.48 Y174.52
G0 X155.91 Y171.337
G0 X155.681 Y171.337
;TYPE:FILL
G1 F2799.7 X156.319 Y171.166 E1308.25833
G0 F15000 X156.32 Y170.348
G1 F2799.7 X155.68 Y169.708 E1308.28844
G0 F15000 X155.91 Y169.708
G0 X155.91 Y167.122
G0 X155.68 Y167.122
G1 F2799.7 X156.32 Y164.736 E1308.3706
G0 F15000 X156.09 Y164.736
G0 X155.91 Y163.055
G0 X155.68 Y163.055
G1 F2799.7 X156.32 Y162.884 E1308.39263
G0 F15000 X156.09 Y162.884
G0 X156.09 Y159.034
G0 X156.32 Y159.034
G1 F2799.7 X155.68 Y158.394 E1308.42274
G0 F15000 X155.91 Y158.394
G0 X155.91 Y154.773
G0 X155.681 Y154.773
G1 F2799.7 X156.319 Y154.602 E1308.44471
G0 F15000 X156.09 Y154.602
G0 X156.228 Y149.873
G0 X156.228 Y146.839
G0 X155.91 Y138.208
G0 X155.681 Y138.208
G1 F2799.7 X156.319 Y138.037 E1308.46667
G0 F15000 X156.09 Y138.037
G0 X156.09 Y136.407
G0 X156.32 Y136.407
G1 F2799.7 X155.679 Y135.766 E1308.49683
G0 F15000 X155.68 Y136.213
G1 F2799.7 X156.32 Y133.826 E1308.57902
G0 F15000 X156.09 Y133.826
G0 X156.001 Y132.203
G0 X156 Y131.5
;TYPE:SKIN
G1 F2333.1 X156 Y131.902 E1308.59507
G0 F15000 X156 Y132.203
G0 X156.228 Y146.127
G0 X156.228 Y149.873
G0 X156 Y149.644
G1 F2333.1 X156 Y146.352 E1308.72646
G1 F2400 E1308.22646
G0 F15000 X156 Y146.055
G0 X155.43 Y174.12
G0 X154.335 Y174.12
G0 X145.665 Y174.12
G0 X144.57 Y174.12
G0 X144.09 Y174.12
G0 X144.4 Y174.4
;TYPE:WALL-INNER
G1 F2400 E1308.72646
G1 F2799.7 X144.4 Y131.1 E1310.16662
G1 X143.6 Y131.1 E1310.19323
G1 X143.6 Y174.4 E1311.63339
G1 X144.4 Y174.4 E1311.66
G0 F15000 X144.8 Y174.8
;TYPE:WALL-OUTER
G1 F2799.7 X144.8 Y130.7 E1313.12677
G1 X143.2 Y130.7 E1313.17999
G1 X143.2 Y174.8 E1314.64676
G1 X144.8 Y174.8 E1314.69998
G0 F15000 X144.52 Y174.52
G0 X144.09 Y169.662
G0 X144.32 Y169.662
;TYPE:FILL
G1 F2799.7 X143.68 Y169.021 E1314.7301
G0 F15000 X143.91 Y169.021
G0 X143.91 Y166.27
G0 X143.681 Y166.27
G1 F2799.7 X144.319 Y166.099 E1314.75207
G0 F15000 X144.09 Y166.099
G0 X144.09 Y158.348
G0 X144.32 Y158.348
G1 F2799.7 X143.68 Y157.707 E1314.7822
G0 F15000 X143.681 Y157.988
G1 F2799.7 X144.32 Y157.817 E1314.8042
G0 F15000 X144.09 Y157.817
G0 X143.91 Y150.087
G0 X143.68 Y150.087
G1 F2799.7 X143.778 Y149.724 E1314.81671
G0 F15000 X143.909 Y149.945
G0 X143.772 Y146.839
G0 X143.91 Y141.424
G0 X143.68 Y141.424
G1 F2799.7 X144.319 Y141.252 E1314.83872
G0 F15000 X144.09 Y141.252
G0 X144.09 Y135.721
G0 X144.32 Y135.721
G1 F2799.7 X143.68 Y135.08 E1314.86884
G0 F15000 X143.91 Y135.08
G0 X143.91 Y133.141
G0 X143.681 Y133.141
G1 F2799.7 X144.32 Y132.97 E1314.89085
G0 F15000 X144.09 Y132.97
G0 X144.001 Y132.203
G0 X144 Y131.5
;TYPE:SKIN
G1 F2333.1 X144 Y131.902 E1314.90689
G0 F15000 X144 Y132.203
G0 X144.228 Y146.127
G0 X144.228 Y149.872
G0 X144 Y149.642
G1 F2333.1 X144 Y146.352 E1315.0382
G1 F2400 E1314.5382
;MESH:NONMESH
G0 F300 X144 Y146.352 Z8.8
G0 F15000 X144 Y146.055
G0 X143.43 Y167.878
G0 X142 Y167.878
;TIME_ELAPSED:1773.033890
;LAYER:43
;note -- min layer time used
;TYPE:SUPPORT
G1 F2400 E1315.0382
G1 F2790.2 X141.864 Y167.755 E1315.0443
G1 X141.661 Y167.666 E1315.05167
G1 X141.477 Y167.703 E1315.05791
G1 X140.791 Y168.161 E1315.08535
G1 X140.46 Y168.533 E1315.10191
G1 X140.204 Y169.203 E1315.12577
G1 X140.201 Y170.713 E1315.17599
G1 X140.258 Y170.97 E1315.18474
G1 X140.524 Y171.546 E1315.20585
G1 X141.009 Y172.014 E1315.22826
G1 X141.516 Y172.316 E1315.24789
G1 X141.644 Y172.346 E1315.25226
G1 X141.8 Y172.286 E1315.25782
G1 X141.8 Y172.224 E1315.25988
G1 X142 Y172.017 E1315.26946
G1 F2400 E1314.76946
G0 F15000 X142.353 Y172.98
G0 X142.347 Y175.653
G0 X145.653 Y175.653
G0 X148.304 Y171.887
G0 X148.66 Y170.956
G0 X148.663 Y169.192
G0 X148.557 Y168.739
G0 X148.197 Y167.952
G0 X147.522 Y167.297
G0 X146.812 Y166.872
G0 X146.346 Y166.765
G0 X146.042 Y166.849
G0 X146.356 Y167.654
G1 F2400 E1315.26946
G1 F2790.2 X146.484 Y167.684 E1315.27383
G1 X146.993 Y167.988 E1315.29355
G1 X147.48 Y168.46 E1315.31611
G1 X147.736 Y169.019 E1315.33656
G1 X147.799 Y169.29 E1315.34581
G1 X147.796 Y170.796 E1315.3959
G1 X147.551 Y171.437 E1315.41872
G1 X147.186 Y171.859 E1315.43728
G1 X146.524 Y172.293 E1315.46361
G1 X146.336 Y172.333 E1315.47
G1 X146.2 Y172.264 E1315.47507
G1 X146.2 Y172.217 E1315.47664
G1 X146 Y172.012 E1315.48616
G1 X146 Y167.861 E1315.62423
G1 X146.2 Y167.773 E1315.63149
G1 X146.2 Y167.714 E1315.63346
G1 X146.356 Y167.654 E1315.63902
G1 F2400 E1315.13902
G0 F15000 X146.82 Y166.876
G0 X153.757 Y166.766
G0 X154.371 Y167.034
G0 X154 Y167.878
G1 F2400 E1315.63902
G1 F2790.2 X153.864 Y167.755 E1315.64511
G1 X153.661 Y167.666 E1315.65249
G1 X153.477 Y167.703 E1315.65873
G1 X152.791 Y168.161 E1315.68616
G1 X152.46 Y168.533 E1315.70272
G1 X152.204 Y169.203 E1315.72658
G1 X152.201 Y170.713 E1315.7768
G1 X152.258 Y170.97 E1315.78556
G1 X152.524 Y171.546 E1315.80666
G1 X153.009 Y172.014 E1315.82908
G1 X153.516 Y172.316 E1315.8487
G1 X153.644 Y172.346 E1315.85308
G1 X153.8 Y172.286 E1315.85864
G1 X153.8 Y172.224 E1315.8607
G1 X154 Y172.017 E1315.87027
G1 F2400 E1315.37027
G0 F15000 X154.353 Y172.98
G0 X154.347 Y175.653
G0 X157.653 Y175.653
G0 X160.304 Y171.887
G0 X160.66 Y170.956
G0 X160.663 Y169.192
G0 X160.557 Y168.739
G0 X160.197 Y167.952
G0 X159.522 Y167.297
G0 X158.812 Y166.872
G0 X158.346 Y166.765
G0 X158.042 Y166.849
G0 X158.356 Y167.654
G1 F2400 E1315.87027
G1 F2790.2 X158.484 Y167.684 E1315.87464
G1 X158.993 Y167.988 E1315.89436
G1 X159.48 Y168.46 E1315.91692
G1 X159.736 Y169.019 E1315.93737
G1 X159.799 Y169.29 E1315.94662
G1 X159.796 Y170.796 E1315.99671
G1 X159.551 Y171.437 E1316.01954
G1 X159.186 Y171.859 E1316.0381
G1 X158.524 Y172.293 E1316.06442
G1 X158.336 Y172.333 E1316.07082
G1 X158.2 Y172.264 E1316.07589
G1 X158.2 Y172.217 E1316.07745
G1 X158 Y172.012 E1316.08698
G1 X158 Y167.861 E1316.22504
G1 X158.2 Y167.773 E1316.23231
G1 X158.2 Y167.714 E1316.23427
G1 X158.356 Y167.654 E1316.23983
G1 F2400 E1315.73983
;MESH:Limiter bracket.stl
G0 F15000 X156.57 Y167.654
G0 X155.91 Y174.12
G0 X155.6 Y174.4
;TYPE:WALL-INNER
G1 F2400 E1316.23983
G1 F2790.2 X156.4 Y174.4 E1316.26644
G1 X156.4 Y131.3 E1317.69995
G1 X155.6 Y131.3 E1317.72656
G1 X155.6 Y174.4 E1319.16007
G0 F15000 X155.2 Y174.8
;TYPE:WALL-OUTER
G1 F2790.2 X156.8 Y174.8 E1319.21329
G1 X156.8 Y130.9 E1320.67341
G1 X155.2 Y130.9 E1320.72662
G1 X155.2 Y174.8 E1322.18674
G0 F15000 X155.48 Y174.52
G0 X155.91 Y171.483
G0 X155.681 Y171.483
;TYPE:FILL
G1 F2790.2 X156.319 Y171.312 E1322.20871
G0 F15000 X156.09 Y171.312
G0 X156.09 Y170.148
G0 X156.32 Y170.148
G1 F2790.2 X155.68 Y169.508 E1322.23881
G0 F15000 X155.91 Y169.508
G0 X155.91 Y166.577
G0 X155.68 Y166.577
G1 F2790.2 X156.32 Y164.191 E1322.32098
G0 F15000 X156.09 Y164.191
G0 X156.09 Y163.03
G0 X156.32 Y163.03
G1 F2790.2 X155.68 Y163.201 E1322.34301
G0 F15000 X155.91 Y163.201
G0 X156.09 Y158.835
G0 X156.32 Y158.835
G1 F2790.2 X155.68 Y158.195 E1322.37311
G0 F15000 X155.91 Y158.195
G0 X155.91 Y154.919
G0 X155.681 Y154.919
G1 F2790.2 X156.32 Y154.747 E1322.39512
G0 F15000 X156.09 Y154.747
G0 X155.772 Y149.429
G0 X155.772 Y146.572
G0 X155.68 Y146.637
G1 F2790.2 X156.319 Y146.465 E1322.41713
G0 F15000 X156.09 Y146.465
G0 X155.91 Y138.354
G0 X155.68 Y138.354
G1 F2790.2 X156.32 Y138.183 E1322.43917
G0 F15000 X156.09 Y138.183
G0 X156.09 Y136.207
G0 X156.32 Y136.207
G1 F2790.2 X155.68 Y135.567 E1322.46927
G1 X155.68 Y135.668
G1 X156.32 Y133.28 E1322.5515
G0 F15000 X156.09 Y133.28
G0 X156.001 Y132.403
G0 X156 Y131.7
;TYPE:SKIN
G1 F2325.2 X156 Y132.102 E1322.56754
G0 F15000 X156 Y132.403
G0 X155.772 Y146.572
G0 X155.772 Y149.429
G0 X156 Y149.2
G1 F2325.2 X156 Y146.798 E1322.66341
G1 F2400 E1322.16341
G0 F15000 X156 Y146.499
G0 X155.43 Y174.12
G0 X154.335 Y174.12
G0 X145.665 Y174.12
G0 X144.57 Y174.12
G0 X144.09 Y174.12
G0 X144.4 Y174.4
;TYPE:WALL-INNER
G1 F2400 E1322.66341
G1 F2790.2 X144.4 Y131.3 E1324.09692
G1 X143.6 Y131.3 E1324.12353
G1 X143.6 Y174.4 E1325.55704
G1 X144.4 Y174.4 E1325.58365
G0 F15000 X144.8 Y174.8
;TYPE:WALL-OUTER
G1 F2790.2 X144.8 Y130.9 E1327.04377
G1 X143.2 Y130.9 E1327.09699
G1 X143.2 Y174.8 E1328.55711
G1 X144.8 Y174.8 E1328.61033
G0 F15000 X144.52 Y174.52
G0 X144.09 Y169.462
G0 X144.32 Y169.462
;TYPE:FILL
G1 F2790.2 X143.68 Y168.822 E1328.64043
G0 F15000 X143.91 Y168.822
G0 X143.91 Y166.416
G0 X143.68 Y166.416
G1 F2790.2 X144.32 Y166.245 E1328.66246
G0 F15000 X144.09 Y166.245
G0 X144.09 Y158.149
G0 X144.32 Y158.149
G1 F2790.2 X143.68 Y157.508 E1328.69259
G0 F15000 X143.68 Y158.134
G1 F2790.2 X144.319 Y157.963 E1328.71459
G0 F15000 X144.09 Y157.963
G0 X143.91 Y149.852
G0 X143.68 Y149.852
G1 F2790.2 X144.32 Y149.681 E1328.73662
G0 F15000 X143.68 Y149.543
G1 F2790.2 X143.751 Y149.28 E1328.74568
G0 F15000 X143.909 Y149.501
G0 X143.772 Y146.572
G0 X144.091 Y146.499
G0 X144.205 Y146.719
G1 F2790.2 X143.68 Y146.194 E1328.77038
G0 F15000 X143.91 Y146.194
G0 X143.91 Y141.57
G0 X143.681 Y141.57
G1 F2790.2 X144.319 Y141.398 E1328.79236
G0 F15000 X144.09 Y141.398
G0 X144.09 Y135.521
G0 X144.32 Y135.521
G1 F2790.2 X143.68 Y134.881 E1328.82246
G0 F15000 X143.91 Y134.881
G0 X143.91 Y133.287
G0 X143.681 Y133.287
G1 F2790.2 X144.32 Y133.116 E1328.84446
G0 F15000 X144.09 Y133.116
G0 X144.001 Y132.403
G0 X144 Y131.7
;TYPE:SKIN
G1 F2325.2 X144 Y132.102 E1328.86051
G0 F15000 X144 Y132.403
G0 X144.228 Y146.571
G0 X144.228 Y149.428
G0 X144 Y149.198
G1 F2325.2 X144 Y146.798 E1328.95629
G1 F2400 E1328.45629
;MESH:NONMESH
G0 F300 X144 Y146.798 Z9
G0 F15000 X144 Y146.499
G0 X143.43 Y167.878
G0 X142 Y167.878
;TIME_ELAPSED:1793.717796
;LAYER:44
;note -- min layer time used
;TYPE:SUPPORT
G1 F2400 E1328.95629
G1 F2736 X141.864 Y167.755 E1328.96239
G1 X141.661 Y167.666 E1328.96977
G1 X141.477 Y167.703 E1328.97601
G1 X140.791 Y168.161 E1329.00344
G1 X140.46 Y168.533 E1329.02
G1 X140.204 Y169.203 E1329.04386
G1 X140.201 Y170.713 E1329.09408
G1 X140.258 Y170.97 E1329.10284
G1 X140.524 Y171.546 E1329.12394
G1 X141.009 Y172.014 E1329.14636
G1 X141.516 Y172.316 E1329.16598
G1 X141.644 Y172.346 E1329.17036
G1 X141.8 Y172.286 E1329.17592
G1 X141.8 Y172.225 E1329.17795
G1 X142 Y172.013 E1329.18764
G1 F2400 E1328.68764
G0 F15000 X142.353 Y172.98
G0 X142.347 Y175.653
G0 X145.653 Y175.653
G0 X148.304 Y171.887
G0 X148.66 Y170.956
G0 X148.663 Y169.192
G0 X148.557 Y168.739
G0 X148.197 Y167.952
G0 X147.522 Y167.297
G0 X146.812 Y166.872
G0 X146.346 Y166.765
G0 X146.042 Y166.849
G0 X146.356 Y167.654
G1 F2400 E1329.18764
G1 F2736 X146.484 Y167.684 E1329.19201
G1 X146.993 Y167.988 E1329.21173
G1 X147.48 Y168.46 E1329.23429
G1 X147.736 Y169.019 E1329.25474
G1 X147.799 Y169.29 E1329.26399
G1 X147.796 Y170.796 E1329.31408
G1 X147.551 Y171.437 E1329.3369
G1 X147.186 Y171.859 E1329.35546
G1 X146.524 Y172.293 E1329.38179
G1 X146.336 Y172.333 E1329.38818
G1 X146.2 Y172.264 E1329.39326
G1 X146.2 Y172.216 E1329.39485
G1 X146 Y172.008 E1329.40445
G1 X146 Y167.861 E1329.54238
G1 X146.2 Y167.773 E1329.54965
G1 X146.2 Y167.714 E1329.55161
G1 X146.356 Y167.654 E1329.55717
G1 F2400 E1329.05717
G0 F15000 X146.82 Y166.876
G0 X153.757 Y166.766
G0 X154.371 Y167.034
G0 X154 Y167.878
G1 F2400 E1329.55717
G1 F2736 X153.864 Y167.755 E1329.56327
G1 X153.661 Y167.666 E1329.57064
G1 X153.477 Y167.703 E1329.57688
G1 X152.791 Y168.161 E1329.60432
G1 X152.46 Y168.533 E1329.62088
G1 X152.204 Y169.203 E1329.64473
G1 X152.201 Y170.713 E1329.69496
G1 X152.258 Y170.97 E1329.70371
G1 X152.524 Y171.546 E1329.72481
G1 X153.009 Y172.014 E1329.74723
G1 X153.516 Y172.316 E1329.76686
G1 X153.644 Y172.346 E1329.77123
G1 X153.8 Y172.286 E1329.77679
G1 X153.8 Y172.225 E1329.77882
G1 X154 Y172.013 E1329.78851
G1 F2400 E1329.28851
G0 F15000 X154.353 Y172.98
G0 X154.347 Y175.653
G0 X157.653 Y175.653
G0 X160.304 Y171.887
G0 X160.66 Y170.956
G0 X160.663 Y169.192
G0 X160.557 Y168.739
G0 X160.197 Y167.952
G0 X159.522 Y167.297
G0 X158.812 Y166.872
G0 X158.346 Y166.765
G0 X158.042 Y166.849
G0 X158.356 Y167.654
G1 F2400 E1329.78851
G1 F2736 X158.484 Y167.684 E1329.79288
G1 X158.993 Y167.988 E1329.8126
G1 X159.48 Y168.46 E1329.83516
G1 X159.736 Y169.019 E1329.85561
G1 X159.799 Y169.29 E1329.86486
G1 X159.796 Y170.796 E1329.91495
G1 X159.551 Y171.437 E1329.93778
G1 X159.186 Y171.859 E1329.95634
G1 X158.524 Y172.293 E1329.98266
G1 X158.336 Y172.333 E1329.98906
G1 X158.2 Y172.264 E1329.99413
G1 X158.2 Y172.216 E1329.99572
G1 X158 Y172.008 E1330.00532
G1 X158 Y167.861 E1330.14325
G1 X158.2 Y167.773 E1330.15052
G1 X158.2 Y167.714 E1330.15248
G1 X158.356 Y167.654 E1330.15804
G1 F2400 E1329.65804
;MESH:Limiter bracket.stl
G0 F15000 X156.57 Y167.654
G0 X155.91 Y174.12
G0 X155.6 Y174.4
;TYPE:WALL-INNER
G1 F2400 E1330.15804
G1 F2736 X156.4 Y174.4 E1330.18465
G1 X156.4 Y131.5 E1331.61151
G1 X155.6 Y131.5 E1331.63812
G1 X155.6 Y174.4 E1333.06498
G0 F15000 X155.2 Y174.8
;TYPE:WALL-OUTER
G1 F2736 X156.8 Y174.8 E1333.11819
G1 X156.8 Y131.1 E1334.57166
G1 X155.2 Y131.1 E1334.62488
G1 X155.2 Y174.8 E1336.07835
G0 F15000 X155.48 Y174.52
G0 X155.91 Y171.629
G0 X155.681 Y171.629
;TYPE:FILL
G1 F2736 X156.319 Y171.458 E1336.10031
G0 F15000 X156.09 Y171.458
G0 X156.09 Y169.949
G0 X156.32 Y169.949
G1 F2736 X155.679 Y169.308 E1336.13046
G0 F15000 X155.91 Y169.308
G0 X155.91 Y166.031
G0 X155.681 Y166.031
G1 F2736 X156.32 Y163.646 E1336.21259
G0 F15000 X156.319 Y163.176
G1 F2736 X155.68 Y163.347 E1336.23459
G0 F15000 X155.91 Y163.347
G0 X156.09 Y158.635
G0 X156.32 Y158.635
G1 F2736 X155.679 Y157.995 E1336.26472
G0 F15000 X155.91 Y157.995
G0 X155.91 Y155.065
G0 X155.68 Y155.065
G1 F2736 X156.32 Y154.893 E1336.28676
G0 F15000 X156.09 Y154.893
G0 X156.09 Y147.321
G0 X156.32 Y147.321
G1 F2736 X155.679 Y146.681 E1336.31689
G1 X155.681 Y146.782
G1 X156.32 Y146.611 E1336.33889
G0 F15000 X156.09 Y146.611
G0 X155.91 Y138.5
G0 X155.68 Y138.5
G1 F2736 X156.32 Y138.329 E1336.36092
G0 F15000 X156.09 Y138.329
G0 X156.09 Y136.008
G0 X156.32 Y136.008
G1 F2736 X155.679 Y135.367 E1336.39107
G0 F15000 X155.68 Y135.122
G1 F2736 X156.32 Y132.734 E1336.4733
G0 F15000 X156 Y131.9
;TYPE:SKIN
G1 F2280 X156 Y132.302 E1336.48934
G1 F2400 E1335.98934
G0 F15000 X156 Y132.603
G0 X155.43 Y174.12
G0 X154.335 Y174.12
G0 X145.665 Y174.12
G0 X144.57 Y174.12
G0 X144.09 Y174.12
G0 X144.4 Y174.4
;TYPE:WALL-INNER
G1 F2400 E1336.48934
G1 F2736 X144.4 Y131.5 E1337.9162
G1 X143.6 Y131.5 E1337.94281
G1 X143.6 Y174.4 E1339.36967
G1 X144.4 Y174.4 E1339.39628
G0 F15000 X144.8 Y174.8
;TYPE:WALL-OUTER
G1 F2736 X144.8 Y131.1 E1340.84975
G1 X143.2 Y131.1 E1340.90296
G1 X143.2 Y174.8 E1342.35643
G1 X144.8 Y174.8 E1342.40965
G0 F15000 X144.52 Y174.52
G0 X144.09 Y169.263
G0 X144.32 Y169.263
;TYPE:FILL
G1 F2736 X143.68 Y168.622 E1342.43977
G0 F15000 X143.91 Y168.622
G0 X143.91 Y166.562
G0 X143.68 Y166.562
G1 F2736 X144.32 Y166.391 E1342.46181
G0 F15000 X144.09 Y166.391
G0 X143.91 Y158.28
G0 X143.681 Y158.28
G1 F2736 X144.319 Y158.109 E1342.48378
G1 X144.32 Y157.949
G1 X143.68 Y157.309 E1342.51388
G0 F15000 X143.91 Y157.309
G0 X143.91 Y149.998
G0 X143.68 Y149.998
G1 F2736 X144.32 Y149.827 E1342.53591
G0 F15000 X144.09 Y149.827
G0 X143.91 Y148.999
G0 X143.68 Y148.999
G1 F2736 X144.32 Y146.611 E1342.61814
G1 X144.32 Y146.636
G1 X143.68 Y145.995 E1342.64827
G0 F15000 X143.91 Y145.995
G0 X143.91 Y141.716
G0 X143.68 Y141.716
G1 F2736 X144.319 Y141.545 E1342.67027
G0 F15000 X144.09 Y141.545
G0 X144.09 Y135.322
G0 X144.32 Y135.322
G1 F2736 X143.68 Y134.681 E1342.7004
G0 F15000 X143.91 Y134.681
G0 X143.91 Y133.433
G0 X143.681 Y133.433
G1 F2736 X144.319 Y133.262 E1342.72237
G0 F15000 X144.09 Y133.262
G0 X144.001 Y132.603
G0 X144 Y131.9
;TYPE:SKIN
G1 F2280 X144 Y132.302 E1342.73841
G1 F2400 E1342.23841
;MESH:NONMESH
G0 F300 X144 Y132.302 Z9.2
G0 F15000 X144 Y132.603
G0 X143.43 Y167.878
G0 X142 Y167.878
;TIME_ELAPSED:1813.469498
;LAYER:45
;note -- min layer time used
;TYPE:SUPPORT
G1 F2400 E1342.73841
G1 F2740 X141.864 Y167.755 E1342.74451
G1 X141.661 Y167.666 E1342.75188
G1 X141.477 Y167.703 E1342.75812
G1 X140.791 Y168.161 E1342.78556
G1 X140.46 Y168.533 E1342.80212
G1 X140.204 Y169.203 E1342.82598
G1 X140.201 Y170.713 E1342.8762
G1 X140.258 Y170.97 E1342.88495
G1 X140.524 Y171.546 E1342.90606
G1 X141.009 Y172.014 E1342.92847
G1 X141.516 Y172.316 E1342.9481
G1 X141.644 Y172.346 E1342.95247
G1 X141.8 Y172.286 E1342.95803
G1 X141.8 Y172.225 E1342.96006
G1 X142 Y172.013 E1342.96975
G1 F2400 E1342.46975
G0 F15000 X142.353 Y172.98
G0 X142.347 Y175.653
G0 X145.653 Y175.653
G0 X148.304 Y171.887
G0 X148.66 Y170.956
G0 X148.663 Y169.192
G0 X148.557 Y168.739
G0 X148.197 Y167.952
G0 X147.522 Y167.297
G0 X146.812 Y166.872
G0 X146.346 Y166.765
G0 X146.042 Y166.849
G0 X146.356 Y167.654
G1 F2400 E1342.96975
G1 F2740 X146.484 Y167.684 E1342.97413
G1 X146.993 Y167.988 E1342.99385
G1 X147.48 Y168.46 E1343.0164
G1 X147.736 Y169.019 E1343.03685
G1 X147.799 Y169.29 E1343.04611
G1 X147.796 Y170.796 E1343.0962
G1 X147.551 Y171.437 E1343.11902
G1 X147.186 Y171.859 E1343.13758
G1 X146.524 Y172.293 E1343.16391
G1 X146.336 Y172.333 E1343.1703
G1 X146.2 Y172.264 E1343.17537
G1 X146.2 Y172.215 E1343.177
G1 X146 Y172.007 E1343.1866
G1 X146 Y167.861 E1343.32449
G1 X146.2 Y167.773 E1343.33176
G1 X146.2 Y167.714 E1343.33372
G1 X146.356 Y167.654 E1343.33928
G1 F2400 E1342.83928
G0 F15000 X146.82 Y166.876
G0 X153.757 Y166.766
G0 X154.371 Y167.034
G0 X154 Y167.878
G1 F2400 E1343.33928
G1 F2740 X153.864 Y167.755 E1343.34538
G1 X153.661 Y167.666 E1343.35275
G1 X153.477 Y167.703 E1343.359
G1 X152.791 Y168.161 E1343.38643
G1 X152.46 Y168.533 E1343.40299
G1 X152.204 Y169.203 E1343.42685
G1 X152.201 Y170.713 E1343.47707
G1 X152.258 Y170.97 E1343.48583
G1 X152.524 Y171.546 E1343.50693
G1 X153.009 Y172.014 E1343.52935
G1 X153.516 Y172.316 E1343.54897
G1 X153.644 Y172.346 E1343.55335
G1 X153.8 Y172.286 E1343.55891
G1 X153.8 Y172.225 E1343.56093
G1 X154 Y172.013 E1343.57063
G1 F2400 E1343.07063
G0 F15000 X154.353 Y172.98
G0 X154.347 Y175.653
G0 X157.653 Y175.653
G0 X160.304 Y171.887
G0 X160.66 Y170.956
G0 X160.663 Y169.192
G0 X160.557 Y168.739
G0 X160.197 Y167.952
G0 X159.522 Y167.297
G0 X158.812 Y166.872
G0 X158.346 Y166.765
G0 X158.042 Y166.849
G0 X158.356 Y167.654
G1 F2400 E1343.57063
G1 F2740 X158.484 Y167.684 E1343.575
G1 X158.993 Y167.988 E1343.59472
G1 X159.48 Y168.46 E1343.61728
G1 X159.736 Y169.019 E1343.63773
G1 X159.799 Y169.29 E1343.64698
G1 X159.796 Y170.796 E1343.69707
G1 X159.551 Y171.437 E1343.71989
G1 X159.186 Y171.859 E1343.73845
G1 X158.524 Y172.293 E1343.76478
G1 X158.336 Y172.333 E1343.77117
G1 X158.2 Y172.264 E1343.77624
G1 X158.2 Y172.215 E1343.77787
G1 X158 Y172.007 E1343.78747
G1 X158 Y167.861 E1343.92537
G1 X158.2 Y167.773 E1343.93264
G1 X158.2 Y167.714 E1343.9346
G1 X158.356 Y167.654 E1343.94016
G1 F2400 E1343.44016
;MESH:Limiter bracket.stl
G0 F15000 X156.57 Y167.654
G0 X155.91 Y174.12
G0 X155.6 Y174.4
;TYPE:WALL-INNER
G1 F2400 E1343.94016
G1 F2740 X156.4 Y174.4 E1343.96676
G1 X156.4 Y131.7 E1345.38697
G1 X155.6 Y131.7 E1345.41358
G1 X155.6 Y174.4 E1346.83379
G0 F15000 X155.2 Y174.8
;TYPE:WALL-OUTER
G1 F2740 X156.8 Y174.8 E1346.887
G1 X156.8 Y131.3 E1348.33382
G1 X155.2 Y131.3 E1348.38704
G1 X155.2 Y174.8 E1349.83385
G0 F15000 X155.48 Y174.52
G0 X155.91 Y171.776
G0 X155.681 Y171.776
;TYPE:FILL
G1 F2740 X156.319 Y171.605 E1349.85582
G0 F15000 X156.09 Y171.605
G0 X156.09 Y169.748
G0 X156.32 Y169.748
G1 F2740 X155.68 Y169.108 E1349.88593
G0 F15000 X155.91 Y169.108
G0 X155.91 Y165.484
G0 X155.68 Y165.484
G1 F2740 X156.32 Y163.097 E1349.96812
G0 F15000 X156.319 Y163.323
G1 F2740 X155.68 Y163.494 E1349.99012
G0 F15000 X155.91 Y163.494
G0 X156.09 Y158.434
G0 X156.32 Y158.434
G1 F2740 X155.68 Y157.794 E1350.02023
G0 F15000 X155.91 Y157.794
G0 X155.91 Y155.212
G0 X155.68 Y155.212
G1 F2740 X156.32 Y155.04 E1350.04227
G0 F15000 X156.09 Y155.04
G0 X156.09 Y147.121
G0 X156.32 Y147.121
G1 F2740 X155.68 Y146.481 E1350.07237
G0 F15000 X155.68 Y146.93
G1 F2740 X156.319 Y146.758 E1350.09438
G0 F15000 X156.09 Y146.758
G0 X155.91 Y138.647
G0 X155.68 Y138.647
G1 F2740 X156.32 Y138.476 E1350.11641
G0 F15000 X156.09 Y138.476
G0 X156.09 Y135.807
G0 X156.32 Y135.807
G1 F2740 X155.68 Y135.167 E1350.14652
G0 F15000 X155.68 Y134.575
G1 F2740 X156.214 Y132.582 E1350.21514
G0 F15000 X156 Y132.1
;TYPE:SKIN
G1 F2283.3 X156 Y132.502 E1350.23119
G1 F2400 E1349.73119
G0 F15000 X156 Y132.803
G0 X155.43 Y174.12
G0 X154.335 Y174.12
G0 X145.665 Y174.12
G0 X144.57 Y174.12
G0 X144.09 Y174.12
G0 X144.4 Y174.4
;TYPE:WALL-INNER
G1 F2400 E1350.23119
G1 F2740 X144.4 Y131.7 E1351.6514
G1 X143.6 Y131.7 E1351.678
G1 X143.6 Y174.4 E1353.09821
G1 X144.4 Y174.4 E1353.12482
G0 F15000 X144.8 Y174.8
;TYPE:WALL-OUTER
G1 F2740 X144.8 Y131.3 E1354.57164
G1 X143.2 Y131.3 E1354.62485
G1 X143.2 Y174.8 E1356.07167
G1 X144.8 Y174.8 E1356.12488
G0 F15000 X144.52 Y174.52
G0 X144.09 Y169.062
G0 X144.32 Y169.062
;TYPE:FILL
G1 F2740 X143.68 Y168.422 E1356.15499
G0 F15000 X143.91 Y168.422
G0 X143.91 Y166.709
G0 X143.68 Y166.709
G1 F2740 X144.32 Y166.538 E1356.17702
G0 F15000 X144.09 Y166.538
G0 X143.91 Y158.427
G0 X143.681 Y158.427
G1 F2740 X144.319 Y158.256 E1356.19899
G0 F15000 X144.32 Y157.748
G1 F2740 X143.68 Y157.108 E1356.22909
G0 F15000 X143.91 Y157.108
G0 X143.91 Y150.145
G0 X143.68 Y150.145
G1 F2740 X144.32 Y149.974 E1356.25113
G0 F15000 X144.09 Y149.974
G0 X143.91 Y148.449
G0 X143.68 Y148.449
G1 F2740 X144.32 Y146.063 E1356.33329
G0 F15000 X144.32 Y146.435
G1 F2740 X143.68 Y145.794 E1356.36342
G0 F15000 X143.91 Y145.794
G0 X143.91 Y141.863
G0 X143.681 Y141.863
G1 F2740 X144.32 Y141.691 E1356.38543
G0 F15000 X144.09 Y141.691
G0 X144.09 Y135.121
G0 X144.32 Y135.121
G1 F2740 X143.68 Y134.48 E1356.41556
G0 F15000 X143.68 Y133.581
G1 F2740 X144.319 Y133.409 E1356.43756
G0 F15000 X144.09 Y133.409
G0 X144.001 Y132.803
G0 X144 Y132.1
;TYPE:SKIN
G1 F2283.3 X144 Y132.502 E1356.45361
G1 F2400 E1355.95361
;MESH:NONMESH
G0 F300 X144 Y132.502 Z9.4
G0 F15000 X144 Y132.803
G0 X143.43 Y167.878
G0 X142 Y167.878
;TIME_ELAPSED:1833.240673
;LAYER:46
;note -- min layer time used
;TYPE:SUPPORT
G1 F2400 E1356.45361
G1 F2726.4 X141.864 Y167.755 E1356.45971
G1 X141.661 Y167.666 E1356.46708
G1 X141.477 Y167.703 E1356.47332
G1 X140.791 Y168.161 E1356.50076
G1 X140.46 Y168.533 E1356.51732
G1 X140.204 Y169.203 E1356.54117
G1 X140.201 Y170.713 E1356.5914
G1 X140.258 Y170.97 E1356.60015
G1 X140.524 Y171.546 E1356.62125
G1 X141.009 Y172.014 E1356.64367
G1 X141.516 Y172.316 E1356.6633
G1 X141.644 Y172.346 E1356.66767
G1 X141.8 Y172.286 E1356.67323
G1 X141.8 Y172.225 E1356.67526
G1 X142 Y172.012 E1356.68498
G1 F2400 E1356.18498
G0 F15000 X142.353 Y172.98
G0 X142.347 Y175.653
G0 X145.653 Y175.653
G0 X148.304 Y171.887
G0 X148.66 Y170.956
G0 X148.663 Y169.192
G0 X148.557 Y168.739
G0 X148.197 Y167.952
G0 X147.522 Y167.297
G0 X146.812 Y166.872
G0 X146.346 Y166.765
G0 X146.042 Y166.849
G0 X146.356 Y167.654
G1 F2400 E1356.68498
G1 F2726.4 X146.484 Y167.684 E1356.68935
G1 X146.993 Y167.988 E1356.70907
G1 X147.48 Y168.46 E1356.73163
G1 X147.736 Y169.019 E1356.75208
G1 X147.799 Y169.29 E1356.76133
G1 X147.796 Y170.796 E1356.81142
G1 X147.551 Y171.437 E1356.83424
G1 X147.186 Y171.859 E1356.8528
G1 X146.524 Y172.293 E1356.87913
G1 X146.336 Y172.333 E1356.88552
G1 X146.2 Y172.264 E1356.89059
G1 X146.2 Y172.211 E1356.89236
G1 X146 Y172.006 E1356.90188
G1 X146 Y167.862 E1357.03971
G1 X146.2 Y167.774 E1357.04698
G1 X146.2 Y167.714 E1357.04898
G1 X146.356 Y167.654 E1357.05453
G1 F2400 E1356.55453
G0 F15000 X146.82 Y166.876
G0 X153.757 Y166.766
G0 X154.371 Y167.034
G0 X154 Y167.878
G1 F2400 E1357.05453
G1 F2726.4 X153.864 Y167.755 E1357.06063
G1 X153.661 Y167.666 E1357.06801
G1 X153.477 Y167.703 E1357.07425
G1 X152.791 Y168.161 E1357.10168
G1 X152.46 Y168.533 E1357.11824
G1 X152.204 Y169.203 E1357.1421
G1 X152.201 Y170.713 E1357.19232
G1 X152.258 Y170.97 E1357.20108
G1 X152.524 Y171.546 E1357.22218
G1 X153.009 Y172.014 E1357.2446
G1 X153.516 Y172.316 E1357.26422
G1 X153.644 Y172.346 E1357.2686
G1 X153.8 Y172.286 E1357.27416
G1 X153.8 Y172.225 E1357.27619
G1 X154 Y172.012 E1357.2859
G1 F2400 E1356.7859
G0 F15000 X154.353 Y172.98
G0 X154.347 Y175.653
G0 X157.653 Y175.653
G0 X160.304 Y171.887
G0 X160.66 Y170.956
G0 X160.663 Y169.192
G0 X160.557 Y168.739
G0 X160.197 Y167.952
G0 X159.522 Y167.297
G0 X158.812 Y166.872
G0 X158.346 Y166.765
G0 X158.042 Y166.849
G0 X158.356 Y167.654
G1 F2400 E1357.2859
G1 F2726.4 X158.484 Y167.684 E1357.29028
G1 X158.993 Y167.988 E1357.31
G1 X159.48 Y168.46 E1357.33255
G1 X159.736 Y169.019 E1357.353
G1 X159.799 Y169.29 E1357.36226
G1 X159.796 Y170.796 E1357.41235
G1 X159.551 Y171.437 E1357.43517
G1 X159.186 Y171.859 E1357.45373
G1 X158.524 Y172.293 E1357.48005
G1 X158.336 Y172.333 E1357.48645
G1 X158.2 Y172.264 E1357.49152
G1 X158.2 Y172.211 E1357.49328
G1 X158 Y172.006 E1357.50281
G1 X158 Y167.862 E1357.64064
G1 X158.2 Y167.774 E1357.64791
G1 X158.2 Y167.714 E1357.6499
G1 X158.356 Y167.654 E1357.65546
G1 F2400 E1357.15546
;MESH:Limiter bracket.stl
G0 F15000 X156.57 Y167.654
G0 X155.91 Y174.12
G0 X155.6 Y174.4
;TYPE:WALL-INNER
G1 F2400 E1357.65546
G1 F2726.4 X156.4 Y174.4 E1357.68207
G1 X156.4 Y131.9 E1359.09562
G1 X155.6 Y131.9 E1359.12223
G1 X155.6 Y174.4 E1360.53579
G0 F15000 X155.2 Y174.8
;TYPE:WALL-OUTER
G1 F2726.4 X156.8 Y174.8 E1360.589
G1 X156.8 Y131.5 E1362.02917
G1 X155.2 Y131.5 E1362.08238
G1 X155.2 Y174.8 E1363.52255
G0 F15000 X155.48 Y174.52
G0 X155.91 Y171.922
G0 X155.68 Y171.922
;TYPE:FILL
G1 F2726.4 X156.32 Y171.751 E1363.54458
G0 F15000 X156.09 Y171.751
G0 X156.09 Y169.549
G0 X156.32 Y169.549
G1 F2726.4 X155.68 Y168.909 E1363.57469
G0 F15000 X155.91 Y168.909
G0 X155.91 Y164.939
G0 X155.68 Y164.939
G1 F2726.4 X156.32 Y162.552 E1363.65688
G0 F15000 X156.319 Y163.469
G1 F2726.4 X155.681 Y163.64 E1363.67885
G0 F15000 X155.91 Y163.64
G0 X156.09 Y158.235
G0 X156.32 Y158.235
G1 F2726.4 X155.68 Y157.595 E1363.70895
G0 F15000 X155.91 Y157.595
G0 X155.91 Y155.358
G0 X155.68 Y155.358
G1 F2726.4 X156.32 Y155.186 E1363.731
G0 F15000 X156.09 Y155.186
G0 X155.91 Y147.075
G0 X155.681 Y147.075
G1 F2726.4 X156.319 Y146.904 E1363.75296
G1 X156.32 Y146.921
G1 X155.68 Y146.281 E1363.78307
G0 F15000 X155.91 Y146.281
G0 X155.91 Y138.793
G0 X155.681 Y138.793
G1 F2726.4 X156.319 Y138.622 E1363.80504
G0 F15000 X156.09 Y138.622
G0 X156.09 Y135.608
G0 X156.32 Y135.608
G1 F2726.4 X155.68 Y134.968 E1363.83514
G0 F15000 X155.68 Y134.031
G1 F2726.4 X156.015 Y132.782 E1363.87815
G0 F15000 X156 Y132.3
;TYPE:SKIN
G1 F2272 X156 Y132.702 E1363.8942
G1 F2400 E1363.3942
G0 F15000 X156 Y133.003
G0 X155.43 Y174.12
G0 X154.335 Y174.12
G0 X145.665 Y174.12
G0 X144.57 Y174.12
G0 X144.09 Y174.12
G0 X144.4 Y174.4
;TYPE:WALL-INNER
G1 F2400 E1363.8942
G1 F2726.4 X144.4 Y131.9 E1365.30775
G1 X143.6 Y131.9 E1365.33436
G1 X143.6 Y174.4 E1366.74792
G1 X144.4 Y174.4 E1366.77452
G0 F15000 X144.8 Y174.8
;TYPE:WALL-OUTER
G1 F2726.4 X144.8 Y131.5 E1368.21469
G1 X143.2 Y131.5 E1368.2679
G1 X143.2 Y174.8 E1369.70807
G1 X144.8 Y174.8 E1369.76128
G0 F15000 X144.52 Y174.52
G0 X144.09 Y168.863
G0 X144.32 Y168.863
;TYPE:FILL
G1 F2726.4 X143.68 Y168.222 E1369.79141
G0 F15000 X143.91 Y168.222
G0 X143.91 Y166.855
G0 X143.68 Y166.855
G1 F2726.4 X144.32 Y166.684 E1369.81344
G0 F15000 X144.09 Y166.684
G0 X143.91 Y158.573
G0 X143.681 Y158.573
G1 F2726.4 X144.32 Y158.402 E1369.83544
G0 F15000 X144.32 Y157.549
G1 F2726.4 X143.68 Y156.908 E1369.86557
G0 F15000 X143.91 Y156.908
G0 X143.91 Y150.291
G0 X143.68 Y150.291
G1 F2726.4 X144.319 Y150.12 E1369.88757
G0 F15000 X144.09 Y150.12
G0 X143.91 Y147.904
G0 X143.68 Y147.904
G1 F2726.4 X144.32 Y145.517 E1369.96977
G0 F15000 X143.68 Y145.595
G1 F2726.4 X144.32 Y146.235 E1369.99987
G0 F15000 X144.09 Y146.235
G0 X143.91 Y142.009
G0 X143.68 Y142.009
G1 F2726.4 X144.32 Y141.837 E1370.02191
G0 F15000 X144.09 Y141.837
G0 X144.09 Y134.922
G0 X144.32 Y134.922
G1 F2726.4 X143.68 Y134.281 E1370.05204
G0 F15000 X143.68 Y133.727
G1 F2726.4 X144.319 Y133.555 E1370.07405
G0 F15000 X144.09 Y133.555
G0 X144.001 Y133.003
G0 X144 Y132.3
;TYPE:SKIN
G1 F2272 X144 Y132.702 E1370.0901
G1 F2400 E1369.5901
;MESH:NONMESH
G0 F300 X144 Y132.702 Z9.6
G0 F15000 X144 Y133.003
G0 X143.43 Y167.876
G0 X142 Y167.876
;TIME_ELAPSED:1853.038345
;LAYER:47
;note -- min layer time used
;TYPE:SUPPORT
G1 F2400 E1370.0901
G1 F2714.3 X141.864 Y167.756 E1370.09613
G1 X141.661 Y167.666 E1370.10351
G1 X141.476 Y167.703 E1370.10979
G1 X140.791 Y168.161 E1370.1372
G1 X140.46 Y168.533 E1370.15376
G1 X140.204 Y169.203 E1370.17761
G1 X140.201 Y170.713 E1370.22784
G1 X140.258 Y170.97 E1370.23659
G1 X140.524 Y171.546 E1370.25769
G1 X141.009 Y172.014 E1370.28011
G1 X141.516 Y172.316 E1370.29974
G1 X141.644 Y172.346 E1370.30411
G1 X141.8 Y172.286 E1370.30967
G1 X141.8 Y172.223 E1370.31177
G1 X142 Y172.01 E1370.32148
G1 F2400 E1369.82148
G0 F15000 X142.353 Y172.98
G0 X142.347 Y175.653
G0 X145.653 Y175.653
G0 X148.304 Y171.887
G0 X148.66 Y170.956
G0 X148.663 Y169.192
G0 X148.557 Y168.739
G0 X148.197 Y167.952
G0 X147.522 Y167.297
G0 X146.812 Y166.872
G0 X146.346 Y166.765
G0 X146.042 Y166.849
G0 X146.356 Y167.654
G1 F2400 E1370.32148
G1 F2714.3 X146.484 Y167.684 E1370.32586
G1 X146.993 Y167.988 E1370.34557
G1 X147.48 Y168.46 E1370.36813
G1 X147.736 Y169.019 E1370.38858
G1 X147.799 Y169.29 E1370.39784
G1 X147.796 Y170.796 E1370.44792
G1 X147.551 Y171.437 E1370.47075
G1 X147.186 Y171.859 E1370.48931
G1 X146.524 Y172.293 E1370.51563
G1 X146.336 Y172.333 E1370.52203
G1 X146.2 Y172.264 E1370.5271
G1 X146.2 Y172.213 E1370.5288
G1 X146 Y172.001 E1370.53849
G1 X146 Y167.862 E1370.67615
G1 X146.2 Y167.772 E1370.68345
G1 X146.2 Y167.714 E1370.68538
G1 X146.356 Y167.654 E1370.69094
G1 F2400 E1370.19094
G0 F15000 X146.82 Y166.876
G0 X153.759 Y166.766
G0 X154.373 Y167.037
G0 X154 Y167.876
G1 F2400 E1370.69094
G1 F2714.3 X153.864 Y167.756 E1370.69697
G1 X153.661 Y167.666 E1370.70435
G1 X153.476 Y167.703 E1370.71063
G1 X152.791 Y168.161 E1370.73804
G1 X152.46 Y168.533 E1370.7546
G1 X152.204 Y169.203 E1370.77845
G1 X152.201 Y170.713 E1370.82868
G1 X152.258 Y170.97 E1370.83743
G1 X152.524 Y171.546 E1370.85853
G1 X153.009 Y172.014 E1370.88095
G1 X153.516 Y172.316 E1370.90058
G1 X153.644 Y172.346 E1370.90495
G1 X153.8 Y172.286 E1370.91051
G1 X153.8 Y172.223 E1370.9126
G1 X154 Y172.01 E1370.92232
G1 F2400 E1370.42232
G0 F15000 X154.353 Y172.98
G0 X154.347 Y175.653
G0 X157.653 Y175.653
G0 X160.304 Y171.887
G0 X160.66 Y170.956
G0 X160.663 Y169.192
G0 X160.557 Y168.739
G0 X160.197 Y167.952
G0 X159.522 Y167.297
G0 X158.812 Y166.872
G0 X158.346 Y166.765
G0 X158.042 Y166.849
G0 X158.356 Y167.654
G1 F2400 E1370.92232
G1 F2714.3 X158.484 Y167.684 E1370.9267
G1 X158.993 Y167.988 E1370.94641
G1 X159.48 Y168.46 E1370.96897
G1 X159.736 Y169.019 E1370.98942
G1 X159.799 Y169.29 E1370.99867
G1 X159.796 Y170.796 E1371.04876
G1 X159.551 Y171.437 E1371.07159
G1 X159.186 Y171.859 E1371.09015
G1 X158.524 Y172.293 E1371.11647
G1 X158.336 Y172.333 E1371.12287
G1 X158.2 Y172.264 E1371.12794
G1 X158.2 Y172.213 E1371.12964
G1 X158 Y172.001 E1371.13933
G1 X158 Y167.862 E1371.27699
G1 X158.2 Y167.772 E1371.28429
G1 X158.2 Y167.714 E1371.28622
G1 X158.356 Y167.654 E1371.29178
G1 F2400 E1370.79178
;MESH:Limiter bracket.stl
G0 F15000 X156.57 Y167.654
G0 X155.91 Y174.12
G0 X155.6 Y174.4
;TYPE:WALL-INNER
G1 F2400 E1371.29178
G1 F2714.3 X156.4 Y174.4 E1371.31838
G1 X156.4 Y132.1 E1372.72529
G1 X155.6 Y132.1 E1372.7519
G1 X155.6 Y174.4 E1374.1588
G0 F15000 X155.2 Y174.8
;TYPE:WALL-OUTER
G1 F2714.3 X156.8 Y174.8 E1374.21202
G1 X156.8 Y131.7 E1375.64553
G1 X155.2 Y131.7 E1375.69874
G1 X155.2 Y174.8 E1377.13226
G0 F15000 X155.48 Y174.52
G0 X155.91 Y172.069
G0 X155.68 Y172.069
;TYPE:FILL
G1 F2714.3 X156.319 Y171.898 E1377.15426
G0 F15000 X156.09 Y171.898
G0 X156.09 Y169.348
G0 X156.32 Y169.348
G1 F2714.3 X155.68 Y168.708 E1377.18436
G0 F15000 X155.91 Y168.708
G0 X155.91 Y164.39
G0 X155.681 Y164.39
G1 F2714.3 X156.32 Y162.003 E1377.26655
G0 F15000 X156.09 Y162.003
G0 X156.09 Y163.616
G0 X156.319 Y163.616
G1 F2714.3 X155.681 Y163.787 E1377.28852
G0 F15000 X155.91 Y163.787
G0 X156.09 Y158.034
G0 X156.32 Y158.034
G1 F2714.3 X155.68 Y157.394 E1377.31862
G0 F15000 X155.91 Y157.394
G0 X155.91 Y155.505
G0 X155.68 Y155.505
G1 F2714.3 X156.32 Y155.333 E1377.34066
G0 F15000 X156.09 Y155.333
G0 X155.91 Y147.222
G0 X155.681 Y147.222
G1 F2714.3 X156.319 Y147.051 E1377.36263
G0 F15000 X156.32 Y146.72
G1 F2714.3 X155.68 Y146.08 E1377.39273
G0 F15000 X155.91 Y146.08
G0 X155.91 Y138.94
G0 X155.681 Y138.94
G1 F2714.3 X156.32 Y138.769 E1377.41474
G0 F15000 X156.09 Y138.769
G0 X156.09 Y135.407
G0 X156.32 Y135.407
G1 F2714.3 X155.68 Y134.767 E1377.44484
G0 F15000 X155.91 Y134.767
G0 X155.91 Y133.481
G0 X155.68 Y133.481
G1 F2714.3 X155.814 Y132.983 E1377.46199
G0 F15000 X156 Y132.5
;TYPE:SKIN
G1 F2261.9 X156 Y132.902 E1377.47804
G1 F2400 E1376.97804
G0 F15000 X156 Y133.203
G0 X155.43 Y174.12
G0 X154.335 Y174.12
G0 X145.665 Y174.12
G0 X144.57 Y174.12
G0 X144.09 Y174.12
G0 X144.4 Y174.4
;TYPE:WALL-INNER
G1 F2400 E1377.47804
G1 F2714.3 X144.4 Y132.1 E1378.88494
G1 X143.6 Y132.1 E1378.91155
G1 X143.6 Y174.4 E1380.31845
G1 X144.4 Y174.4 E1380.34506
G0 F15000 X144.8 Y174.8
;TYPE:WALL-OUTER
G1 F2714.3 X144.8 Y131.7 E1381.77857
G1 X143.2 Y131.7 E1381.83179
G1 X143.2 Y174.8 E1383.2653
G1 X144.8 Y174.8 E1383.31852
G0 F15000 X144.52 Y174.52
G0 X144.09 Y168.662
G0 X144.32 Y168.662
;TYPE:FILL
G1 F2714.3 X143.68 Y168.021 E1383.34864
G0 F15000 X143.91 Y168.021
G0 X143.91 Y167.002
G0 X143.68 Y167.002
G1 F2714.3 X144.32 Y166.831 E1383.37068
G0 F15000 X144.09 Y166.831
G0 X143.91 Y158.72
G0 X143.681 Y158.72
G1 F2714.3 X144.319 Y158.549 E1383.39265
G0 F15000 X144.09 Y158.549
G0 X144.09 Y157.348
G0 X144.32 Y157.348
G1 F2714.3 X143.68 Y156.708 E1383.42275
G0 F15000 X143.91 Y156.708
G0 X143.91 Y150.438
G0 X143.681 Y150.438
G1 F2714.3 X144.319 Y150.267 E1383.44472
G0 F15000 X144.09 Y150.267
G0 X143.91 Y147.355
G0 X143.68 Y147.355
G1 F2714.3 X144.32 Y144.967 E1383.52695
G0 F15000 X143.68 Y145.394
G1 F2714.3 X144.32 Y146.035 E1383.55707
G0 F15000 X144.09 Y146.035
G0 X143.91 Y142.156
G0 X143.68 Y142.156
G1 F2714.3 X144.32 Y141.984 E1383.57912
G0 F15000 X144.09 Y141.984
G0 X144.09 Y134.721
G0 X144.32 Y134.721
G1 F2714.3 X143.68 Y134.08 E1383.60924
G0 F15000 X143.681 Y133.873
G1 F2714.3 X144.319 Y133.702 E1383.63121
G0 F15000 X144.09 Y133.702
G0 X144.001 Y133.203
G0 X144 Y132.5
;TYPE:SKIN
G1 F2261.9 X144 Y132.902 E1383.64726
G1 F2400 E1383.14726
;MESH:NONMESH
G0 F300 X144 Y132.902 Z9.8
G0 F15000 X144 Y133.203
G0 X143.43 Y167.876
G0 X142 Y167.876
;TIME_ELAPSED:1873.035830
;LAYER:48
;note -- min layer time used
;TYPE:SUPPORT
G1 F2400 E1383.64726
G1 F2697.1 X141.863 Y167.756 E1383.65331
G1 X141.661 Y167.666 E1383.66067
G1 X141.476 Y167.703 E1383.66694
G1 X140.791 Y168.161 E1383.69435
G1 X140.46 Y168.533 E1383.71091
G1 X140.204 Y169.203 E1383.73477
G1 X140.201 Y170.713 E1383.78499
G1 X140.258 Y170.97 E1383.79375
G1 X140.524 Y171.546 E1383.81485
G1 X141.009 Y172.014 E1383.83726
G1 X141.516 Y172.316 E1383.85689
G1 X141.644 Y172.346 E1383.86127
G1 X141.8 Y172.286 E1383.86682
G1 X141.8 Y172.223 E1383.86892
G1 X142 Y172.01 E1383.87864
G1 F2400 E1383.37864
G0 F15000 X142.353 Y172.98
G0 X142.347 Y175.653
G0 X145.653 Y175.653
G0 X148.304 Y171.887
G0 X148.66 Y170.956
G0 X148.663 Y169.192
G0 X148.557 Y168.739
G0 X148.197 Y167.952
G0 X147.522 Y167.297
G0 X146.812 Y166.872
G0 X146.346 Y166.765
G0 X146.042 Y166.849
G0 X146.356 Y167.654
G1 F2400 E1383.87864
G1 F2697.1 X146.484 Y167.684 E1383.88301
G1 X146.993 Y167.988 E1383.90273
G1 X147.48 Y168.46 E1383.92529
G1 X147.736 Y169.019 E1383.94574
G1 X147.799 Y169.29 E1383.95499
G1 X147.796 Y170.796 E1384.00508
G1 X147.551 Y171.437 E1384.0279
G1 X147.186 Y171.859 E1384.04646
G1 X146.524 Y172.293 E1384.07279
G1 X146.336 Y172.333 E1384.07918
G1 X146.2 Y172.264 E1384.08425
G1 X146.2 Y172.206 E1384.08618
G1 X146 Y171.998 E1384.09578
G1 X146 Y167.873 E1384.23298
G1 X146.2 Y167.79 E1384.24018
G1 X146.2 Y167.714 E1384.24271
G1 X146.356 Y167.654 E1384.24827
G1 F2400 E1383.74827
G0 F15000 X146.82 Y166.876
G0 X153.759 Y166.766
G0 X154.372 Y167.035
G0 X154 Y167.876
G1 F2400 E1384.24827
G1 F2697.1 X153.863 Y167.756 E1384.25433
G1 X153.661 Y167.666 E1384.26168
G1 X153.476 Y167.703 E1384.26796
G1 X152.791 Y168.161 E1384.29536
G1 X152.46 Y168.533 E1384.31192
G1 X152.204 Y169.203 E1384.33578
G1 X152.201 Y170.713 E1384.386
G1 X152.258 Y170.97 E1384.39476
G1 X152.524 Y171.546 E1384.41586
G1 X153.009 Y172.014 E1384.43828
G1 X153.516 Y172.316 E1384.4579
G1 X153.644 Y172.346 E1384.46228
G1 X153.8 Y172.286 E1384.46784
G1 X153.8 Y172.223 E1384.46993
G1 X154 Y172.01 E1384.47965
G1 F2400 E1383.97965
G0 F15000 X154.353 Y172.98
G0 X154.347 Y175.653
G0 X157.653 Y175.653
G0 X160.304 Y171.887
G0 X160.66 Y170.956
G0 X160.663 Y169.192
G0 X160.557 Y168.739
G0 X160.197 Y167.952
G0 X159.522 Y167.297
G0 X158.812 Y166.872
G0 X158.346 Y166.765
G0 X158.042 Y166.849
G0 X158.356 Y167.654
G1 F2400 E1384.47965
G1 F2697.1 X158.484 Y167.684 E1384.48402
G1 X158.993 Y167.988 E1384.50374
G1 X159.48 Y168.46 E1384.5263
G1 X159.736 Y169.019 E1384.54675
G1 X159.799 Y169.29 E1384.556
G1 X159.796 Y170.796 E1384.60609
G1 X159.551 Y171.437 E1384.62891
G1 X159.186 Y171.859 E1384.64747
G1 X158.524 Y172.293 E1384.6738
G1 X158.336 Y172.333 E1384.68019
G1 X158.2 Y172.264 E1384.68527
G1 X158.2 Y172.206 E1384.68719
G1 X158 Y171.998 E1384.69679
G1 X158 Y167.873 E1384.83399
G1 X158.2 Y167.79 E1384.84119
G1 X158.2 Y167.714 E1384.84372
G1 X158.356 Y167.654 E1384.84928
G1 F2400 E1384.34928
;MESH:Limiter bracket.stl
G0 F15000 X156.57 Y167.654
G0 X155.91 Y174.12
G0 X155.6 Y174.4
;TYPE:WALL-INNER
G1 F2400 E1384.84928
G1 F2697.1 X156.4 Y174.4 E1384.87589
G1 X156.4 Y132.3 E1386.27614
G1 X155.6 Y132.3 E1386.30275
G1 X155.6 Y174.4 E1387.703
G0 F15000 X155.2 Y174.8
;TYPE:WALL-OUTER
G1 F2697.1 X156.8 Y174.8 E1387.75621
G1 X156.8 Y131.9 E1389.18307
G1 X155.2 Y131.9 E1389.23629
G1 X155.2 Y174.8 E1390.66315
G0 F15000 X155.48 Y174.52
G0 X155.91 Y172.215
G0 X155.68 Y172.215
;TYPE:FILL
G1 F2697.1 X156.32 Y172.044 E1390.68518
G0 F15000 X156.09 Y172.044
G0 X156.09 Y169.148
G0 X156.32 Y169.148
G1 F2697.1 X155.68 Y168.508 E1390.71529
G0 F15000 X155.91 Y168.508
G0 X155.91 Y163.933
G0 X155.681 Y163.933
G1 F2697.1 X156.319 Y163.762 E1390.73726
G0 F15000 X155.68 Y163.845
G1 F2697.1 X156.32 Y161.458 E1390.81945
G0 F15000 X156.09 Y161.458
G0 X156.09 Y157.835
G0 X156.32 Y157.835
G1 F2697.1 X155.68 Y157.195 E1390.84956
G0 F15000 X155.91 Y157.195
G0 X155.91 Y155.651
G0 X155.68 Y155.651
G1 F2697.1 X156.319 Y155.479 E1390.87157
G0 F15000 X156.09 Y155.479
G0 X155.91 Y147.368
G0 X155.68 Y147.368
G1 F2697.1 X156.319 Y147.197 E1390.89357
G0 F15000 X156.32 Y146.521
G1 F2697.1 X155.68 Y145.881 E1390.92367
G0 F15000 X155.91 Y145.881
G0 X155.91 Y139.086
G0 X155.681 Y139.086
G1 F2697.1 X156.319 Y138.915 E1390.94564
G0 F15000 X156.09 Y138.915
G0 X156.09 Y135.207
G0 X156.32 Y135.207
G1 F2697.1 X155.68 Y134.567 E1390.97574
G0 F15000 X155.91 Y134.567
G0 X156.001 Y133.403
G0 X156 Y132.7
;TYPE:SKIN
G1 F2247.6 X156 Y133.102 E1390.99179
G1 F2400 E1390.49179
G0 F15000 X156 Y133.403
G0 X155.43 Y174.12
G0 X154.335 Y174.12
G0 X145.665 Y174.12
G0 X144.57 Y174.12
G0 X144.09 Y174.12
G0 X144.4 Y174.4
;TYPE:WALL-INNER
G1 F2400 E1390.99179
G1 F2697.1 X144.4 Y132.3 E1392.39204
G1 X143.6 Y132.3 E1392.41865
G1 X143.6 Y174.4 E1393.8189
G1 X144.4 Y174.4 E1393.84551
G0 F15000 X144.8 Y174.8
;TYPE:WALL-OUTER
G1 F2697.1 X144.8 Y131.9 E1395.27237
G1 X143.2 Y131.9 E1395.32558
G1 X143.2 Y174.8 E1396.75244
G1 X144.8 Y174.8 E1396.80566
G0 F15000 X144.52 Y174.52
G0 X144.09 Y168.463
G0 X144.32 Y168.463
;TYPE:FILL
G1 F2697.1 X143.68 Y167.822 E1396.83579
G0 F15000 X143.681 Y167.148
G1 F2697.1 X144.319 Y166.977 E1396.85776
G0 F15000 X144.09 Y166.977
G0 X143.91 Y158.866
G0 X143.68 Y158.866
G1 F2697.1 X144.32 Y158.695 E1396.87979
G0 F15000 X144.09 Y158.695
G0 X144.09 Y157.149
G0 X144.32 Y157.149
G1 F2697.1 X143.68 Y156.508 E1396.90992
G0 F15000 X143.91 Y156.508
G0 X143.91 Y150.584
G0 X143.681 Y150.584
G1 F2697.1 X144.319 Y150.413 E1396.93188
G0 F15000 X144.09 Y150.413
G0 X143.91 Y146.81
G0 X143.681 Y146.81
G1 F2697.1 X144.32 Y144.425 E1397.01401
G0 F15000 X144.09 Y144.425
G0 X143.91 Y145.194
G0 X143.68 Y145.194
G1 F2697.1 X144.32 Y145.835 E1397.04414
G0 F15000 X144.09 Y145.835
G0 X143.91 Y142.302
G0 X143.68 Y142.302
G1 F2697.1 X144.32 Y142.13 E1397.06618
G0 F15000 X144.09 Y142.13
G0 X144.09 Y134.521
G0 X144.32 Y134.521
G1 F2697.1 X143.68 Y133.881 E1397.09628
G1 X143.681 Y134.019
G1 X144.319 Y133.848 E1397.11825
G0 F15000 X144.09 Y133.848
G0 X144.001 Y133.403
G0 X144 Y132.7
;TYPE:SKIN
G1 F2247.6 X144 Y133.102 E1397.13429
G1 F2400 E1396.63429
;MESH:NONMESH
G0 F300 X144 Y133.102 Z10
G0 F15000 X144 Y133.403
G0 X143.43 Y167.875
G0 X142 Y167.875
;TIME_ELAPSED:1892.827102
;LAYER:49
;note -- min layer time used
;TYPE:SUPPORT
G1 F2400 E1397.13429
G1 F2686.4 X141.864 Y167.756 E1397.1403
G1 X141.661 Y167.666 E1397.14769
G1 X141.476 Y167.703 E1397.15397
G1 X140.791 Y168.161 E1397.18137
G1 X140.46 Y168.533 E1397.19793
G1 X140.204 Y169.203 E1397.22179
G1 X140.201 Y170.713 E1397.27201
G1 X140.258 Y170.97 E1397.28077
G1 X140.524 Y171.546 E1397.30187
G1 X141.009 Y172.014 E1397.32429
G1 X141.516 Y172.316 E1397.34391
G1 X141.644 Y172.346 E1397.34829
G1 X141.8 Y172.286 E1397.35385
G1 X141.8 Y172.218 E1397.35611
G1 X142 Y172.007 E1397.36578
G1 F2400 E1396.86578
G0 F15000 X142.353 Y172.98
G0 X142.347 Y175.653
G0 X145.653 Y175.653
G0 X148.304 Y171.887
G0 X148.66 Y170.956
G0 X148.663 Y169.192
G0 X148.557 Y168.739
G0 X148.197 Y167.952
G0 X147.522 Y167.297
G0 X146.812 Y166.872
G0 X146.346 Y166.765
G0 X146.042 Y166.849
G0 X146.356 Y167.654
G1 F2400 E1397.36578
G1 F2686.4 X146.484 Y167.684 E1397.37015
G1 X146.993 Y167.988 E1397.38987
G1 X147.48 Y168.46 E1397.41243
G1 X147.736 Y169.019 E1397.43288
G1 X147.799 Y169.29 E1397.44213
G1 X147.796 Y170.796 E1397.49222
G1 X147.551 Y171.437 E1397.51504
G1 X147.186 Y171.859 E1397.5336
G1 X146.524 Y172.293 E1397.55993
G1 X146.336 Y172.333 E1397.56632
G1 X146.2 Y172.264 E1397.57139
G1 X146.2 Y172.181 E1397.57415
G1 X146 Y171.987 E1397.58342
G1 X146 Y167.86 E1397.72069
G1 X146.2 Y167.753 E1397.72823
G1 X146.2 Y167.714 E1397.72953
G1 X146.356 Y167.654 E1397.73509
G1 F2400 E1397.23509
G0 F15000 X146.82 Y166.876
G0 X153.759 Y166.766
G0 X154.371 Y167.034
G0 X154 Y167.875
G1 F2400 E1397.73509
G1 F2686.4 X153.864 Y167.756 E1397.7411
G1 X153.661 Y167.666 E1397.74848
G1 X153.476 Y167.703 E1397.75476
G1 X152.791 Y168.161 E1397.78216
G1 X152.46 Y168.533 E1397.79873
G1 X152.204 Y169.203 E1397.82258
G1 X152.201 Y170.713 E1397.8728
G1 X152.258 Y170.97 E1397.88156
G1 X152.524 Y171.546 E1397.90266
G1 X153.009 Y172.014 E1397.92508
G1 X153.516 Y172.316 E1397.94471
G1 X153.644 Y172.346 E1397.94908
G1 X153.8 Y172.286 E1397.95464
G1 X153.8 Y172.218 E1397.9569
G1 X154 Y172.007 E1397.96657
G1 F2400 E1397.46657
G0 F15000 X154.353 Y172.98
G0 X154.347 Y175.653
G0 X157.653 Y175.653
G0 X160.304 Y171.887
G0 X160.66 Y170.956
G0 X160.663 Y169.192
G0 X160.557 Y168.739
G0 X160.197 Y167.952
G0 X159.522 Y167.297
G0 X158.812 Y166.872
G0 X158.346 Y166.765
G0 X158.042 Y166.849
G0 X158.356 Y167.654
G1 F2400 E1397.96657
G1 F2686.4 X158.484 Y167.684 E1397.97094
G1 X158.993 Y167.988 E1397.99066
G1 X159.48 Y168.46 E1398.01322
G1 X159.736 Y169.019 E1398.03367
G1 X159.799 Y169.29 E1398.04292
G1 X159.796 Y170.796 E1398.09301
G1 X159.551 Y171.437 E1398.11583
G1 X159.186 Y171.859 E1398.13439
G1 X158.524 Y172.293 E1398.16072
G1 X158.336 Y172.333 E1398.16711
G1 X158.2 Y172.264 E1398.17219
G1 X158.2 Y172.181 E1398.17495
G1 X158 Y171.987 E1398.18421
G1 X158 Y167.86 E1398.32148
G1 X158.2 Y167.753 E1398.32902
G1 X158.2 Y167.714 E1398.33032
G1 X158.356 Y167.654 E1398.33588
G1 F2400 E1397.83588
;MESH:Limiter bracket.stl
G0 F15000 X156.57 Y167.654
G0 X155.91 Y174.12
G0 X155.6 Y174.4
;TYPE:WALL-INNER
G1 F2400 E1398.33588
G1 F2686.4 X156.4 Y174.4 E1398.36249
G1 X156.4 Y132.5 E1399.75609
G1 X155.6 Y132.5 E1399.78269
G1 X155.6 Y174.4 E1401.17629
G0 F15000 X155.2 Y174.8
;TYPE:WALL-OUTER
G1 F2686.4 X156.8 Y174.8 E1401.22951
G1 X156.8 Y132.1 E1402.64972
G1 X155.2 Y132.1 E1402.70293
G1 X155.2 Y174.8 E1404.12314
G0 F15000 X155.48 Y174.52
G0 X155.91 Y172.362
G0 X155.68 Y172.362
;TYPE:FILL
G1 F2686.4 X156.32 Y172.191 E1404.14518
G0 F15000 X156.09 Y172.191
G0 X156.09 Y168.948
G0 X156.32 Y168.948
G1 F2686.4 X155.679 Y168.307 E1404.17533
G0 F15000 X155.91 Y168.307
G0 X155.91 Y164.08
G0 X155.681 Y164.08
G1 F2686.4 X156.319 Y163.909 E1404.1973
G0 F15000 X155.68 Y163.297
G1 F2686.4 X156.32 Y160.91 E1404.27949
G0 F15000 X156.09 Y160.91
G0 X156.09 Y157.634
G0 X156.32 Y157.634
G1 F2686.4 X155.679 Y156.993 E1404.30964
G0 F15000 X155.91 Y156.993
G0 X155.91 Y155.798
G0 X155.68 Y155.798
G1 F2686.4 X156.32 Y155.626 E1404.33168
G0 F15000 X156.09 Y155.626
G0 X155.91 Y147.515
G0 X155.68 Y147.515
G1 F2686.4 X156.32 Y147.344 E1404.35372
G0 F15000 X156.09 Y147.344
G0 X156.09 Y146.32
G0 X156.32 Y146.32
G1 F2686.4 X155.679 Y145.68 E1404.38384
G0 F15000 X155.91 Y145.68
G0 X155.91 Y139.233
G0 X155.68 Y139.233
G1 F2686.4 X156.319 Y139.062 E1404.40585
G0 F15000 X156.09 Y139.062
G0 X156.09 Y135.006
G0 X156.32 Y135.006
G1 F2686.4 X155.679 Y134.366 E1404.43597
G0 F15000 X155.91 Y134.366
G0 X156.001 Y133.603
G0 X156 Y132.9
;TYPE:SKIN
G1 F2238.7 X156 Y133.302 E1404.45202
G1 F2400 E1403.95202
G0 F15000 X156 Y133.603
G0 X155.43 Y174.12
G0 X154.335 Y174.12
G0 X145.665 Y174.12
G0 X144.57 Y174.12
G0 X144.09 Y174.12
G0 X144.4 Y174.4
;TYPE:WALL-INNER
G1 F2400 E1404.45202
G1 F2686.4 X144.4 Y132.5 E1405.84562
G1 X143.6 Y132.5 E1405.87222
G1 X143.6 Y174.4 E1407.26582
G1 X144.4 Y174.4 E1407.29243
G0 F15000 X144.8 Y174.8
;TYPE:WALL-OUTER
G1 F2686.4 X144.8 Y132.1 E1408.71264
G1 X143.2 Y132.1 E1408.76586
G1 X143.2 Y174.8 E1410.18606
G1 X144.8 Y174.8 E1410.23928
G0 F15000 X144.52 Y174.52
G0 X144.09 Y168.262
G0 X144.32 Y168.262
;TYPE:FILL
G1 F2686.4 X143.68 Y167.621 E1410.26941
G0 F15000 X143.68 Y167.295
G1 F2686.4 X144.319 Y167.124 E1410.29141
G0 F15000 X144.09 Y167.124
G0 X143.91 Y159.013
G0 X143.68 Y159.013
G1 F2686.4 X144.32 Y158.842 E1410.31344
G0 F15000 X144.09 Y158.842
G0 X144.09 Y156.948
G0 X144.32 Y156.948
G1 F2686.4 X143.68 Y156.307 E1410.34357
G0 F15000 X143.91 Y156.307
G0 X143.91 Y150.731
G0 X143.681 Y150.731
G1 F2686.4 X144.319 Y150.56 E1410.36554
G0 F15000 X144.09 Y150.56
G0 X143.91 Y146.263
G0 X143.68 Y146.263
G1 F2686.4 X144.32 Y143.875 E1410.44777
G0 F15000 X144.09 Y143.875
G0 X143.91 Y144.994
G0 X143.68 Y144.994
G1 F2686.4 X144.32 Y145.634 E1410.47787
G0 F15000 X144.09 Y145.634
G0 X143.91 Y142.449
G0 X143.68 Y142.449
G1 F2686.4 X144.32 Y142.277 E1410.49991
G0 F15000 X144.09 Y142.277
G0 X144.09 Y134.321
G0 X144.32 Y134.321
G1 F2686.4 X143.68 Y133.68 E1410.53004
G0 F15000 X143.681 Y134.166
G1 F2686.4 X144.32 Y133.995 E1410.55204
G0 F15000 X144.09 Y133.995
G0 X144.001 Y133.603
G0 X144 Y132.9
;TYPE:SKIN
G1 F2238.7 X144 Y133.302 E1410.56808
G1 F2400 E1410.06808
;MESH:NONMESH
G0 F300 X144 Y133.302 Z10.2
G0 F15000 X144 Y133.603
G0 X143.43 Y167.893
G0 X142 Y167.893
;TIME_ELAPSED:1912.693229
;LAYER:50
;note -- min layer time used
;TYPE:SUPPORT
G1 F2400 E1410.56808
G1 F2673.9 X141.921 Y167.853 E1410.57103
G1 X141.861 Y167.754 E1410.57488
G1 X141.661 Y167.666 E1410.58215
G1 X141.476 Y167.703 E1410.58842
G1 X140.791 Y168.161 E1410.61583
G1 X140.46 Y168.533 E1410.63239
G1 X140.204 Y169.203 E1410.65625
G1 X140.201 Y170.713 E1410.70647
G1 X140.258 Y170.97 E1410.71522
G1 X140.524 Y171.546 E1410.73633
G1 X141.009 Y172.014 E1410.75874
G1 X141.516 Y172.316 E1410.77837
G1 X141.644 Y172.346 E1410.78274
G1 X141.8 Y172.286 E1410.7883
G1 X141.8 Y172.205 E1410.791
G1 X142 Y172.001 E1410.8005
G1 F2400 E1410.3005
G0 F15000 X142.353 Y172.98
G0 X142.347 Y175.653
G0 X145.653 Y175.653
G0 X148.304 Y171.887
G0 X148.66 Y170.956
G0 X148.663 Y169.192
G0 X148.557 Y168.739
G0 X148.197 Y167.952
G0 X147.522 Y167.297
G0 X146.812 Y166.872
G0 X146.345 Y166.765
G0 X145.931 Y166.892
G0 X146.356 Y167.654
G1 F2400 E1410.8005
G1 F2673.9 X146.484 Y167.684 E1410.80487
G1 X146.993 Y167.988 E1410.82459
G1 X147.48 Y168.46 E1410.84715
G1 X147.736 Y169.019 E1410.8676
G1 X147.799 Y169.29 E1410.87685
G1 X147.796 Y170.796 E1410.92694
G1 X147.551 Y171.437 E1410.94976
G1 X147.186 Y171.859 E1410.96832
G1 X146.524 Y172.293 E1410.99465
G1 X146.336 Y172.333 E1411.00104
G1 X146.2 Y172.264 E1411.00612
G1 X146.2 Y172.18 E1411.00891
G1 X146 Y171.986 E1411.01818
G1 X146 Y167.871 E1411.15504
G1 X146.2 Y167.714 E1411.1635
G1 X146.356 Y167.654 E1411.16906
G1 F2400 E1410.66906
G0 F15000 X154 Y167.893
G1 F2400 E1411.16906
G1 F2673.9 X153.921 Y167.853 E1411.172
G1 X153.861 Y167.754 E1411.17585
G1 X153.661 Y167.666 E1411.18312
G1 X153.476 Y167.703 E1411.1894
G1 X152.791 Y168.161 E1411.2168
G1 X152.46 Y168.533 E1411.23336
G1 X152.204 Y169.203 E1411.25722
G1 X152.201 Y170.713 E1411.30744
G1 X152.258 Y170.97 E1411.3162
G1 X152.524 Y171.546 E1411.3373
G1 X153.009 Y172.014 E1411.35972
G1 X153.516 Y172.316 E1411.37934
G1 X153.644 Y172.346 E1411.38372
G1 X153.8 Y172.286 E1411.38928
G1 X153.8 Y172.205 E1411.39197
G1 X154 Y172.001 E1411.40147
G1 F2400 E1410.90147
G0 F15000 X154.353 Y172.98
G0 X154.347 Y175.653
G0 X157.653 Y175.653
G0 X160.304 Y171.887
G0 X160.66 Y170.956
G0 X160.663 Y169.192
G0 X160.557 Y168.739
G0 X160.197 Y167.952
G0 X159.522 Y167.297
G0 X158.812 Y166.872
G0 X158.345 Y166.765
G0 X157.931 Y166.892
G0 X158.356 Y167.654
G1 F2400 E1411.40147
G1 F2673.9 X158.484 Y167.684 E1411.40584
G1 X158.993 Y167.988 E1411.42556
G1 X159.48 Y168.46 E1411.44812
G1 X159.736 Y169.019 E1411.46857
G1 X159.799 Y169.29 E1411.47782
G1 X159.796 Y170.796 E1411.52791
G1 X159.551 Y171.437 E1411.55074
G1 X159.186 Y171.859 E1411.5693
G1 X158.524 Y172.293 E1411.59562
G1 X158.336 Y172.333 E1411.60202
G1 X158.2 Y172.264 E1411.60709
G1 X158.2 Y172.18 E1411.60988
G1 X158 Y171.986 E1411.61915
G1 X158 Y167.871 E1411.75602
G1 X158.2 Y167.714 E1411.76447
G1 X158.356 Y167.654 E1411.77003
G1 F2400 E1411.27003
;MESH:Limiter bracket.stl
G0 F15000 X156.57 Y167.654
G0 X155.91 Y174.12
G0 X155.6 Y174.4
;TYPE:WALL-INNER
G1 F2400 E1411.77003
G1 F2673.9 X156.4 Y174.4 E1411.79664
G1 X156.4 Y132.7 E1413.18359
G1 X155.6 Y132.7 E1413.2102
G1 X155.6 Y174.4 E1414.59714
G0 F15000 X155.2 Y174.8
;TYPE:WALL-OUTER
G1 F2673.9 X156.8 Y174.8 E1414.65036
G1 X156.8 Y132.3 E1416.06391
G1 X155.2 Y132.3 E1416.11713
G1 X155.2 Y174.8 E1417.53069
G0 F15000 X155.48 Y174.52
G0 X155.91 Y172.508
G0 X155.68 Y172.508
;TYPE:FILL
G1 F2673.9 X156.319 Y172.337 E1417.55269
G0 F15000 X156.09 Y172.337
G0 X156.09 Y168.748
G0 X156.32 Y168.748
G1 F2673.9 X155.68 Y168.108 E1417.58279
G0 F15000 X155.91 Y168.108
G0 X155.91 Y164.226
G0 X155.68 Y164.226
G1 F2673.9 X156.32 Y164.054 E1417.60483
G0 F15000 X156.09 Y164.054
G0 X155.91 Y162.752
G0 X155.68 Y162.752
G1 F2673.9 X156.32 Y160.366 E1417.687
G0 F15000 X156.09 Y160.366
G0 X156.09 Y157.434
G0 X156.32 Y157.434
G1 F2673.9 X155.68 Y156.795 E1417.71708
G0 F15000 X155.681 Y155.943
G1 F2673.9 X156.319 Y155.772 E1417.73905
G0 F15000 X156.09 Y155.772
G0 X155.91 Y147.661
G0 X155.68 Y147.661
G1 F2673.9 X156.32 Y147.49 E1417.76108
G0 F15000 X156.09 Y147.49
G0 X156.09 Y146.121
G0 X156.32 Y146.121
G1 F2673.9 X155.68 Y145.481 E1417.79118
G0 F15000 X155.91 Y145.481
G0 X155.91 Y139.379
G0 X155.681 Y139.379
G1 F2673.9 X156.319 Y139.208 E1417.81315
G0 F15000 X156.09 Y139.208
G0 X156.09 Y134.807
G0 X156.32 Y134.807
G1 F2673.9 X155.68 Y134.167 E1417.84326
G0 F15000 X155.91 Y134.167
G0 X156.001 Y133.803
G0 X156 Y133.1
;TYPE:SKIN
G1 F2228.3 X156 Y133.502 E1417.8593
G1 F2400 E1417.3593
G0 F15000 X156 Y133.803
G0 X155.43 Y174.12
G0 X154.335 Y174.12
G0 X145.665 Y174.12
G0 X144.57 Y174.12
G0 X144.09 Y174.12
G0 X144.4 Y174.4
;TYPE:WALL-INNER
G1 F2400 E1417.8593
G1 F2673.9 X144.4 Y132.7 E1419.24625
G1 X143.6 Y132.7 E1419.27286
G1 X143.6 Y174.4 E1420.6598
G1 X144.4 Y174.4 E1420.68641
G0 F15000 X144.8 Y174.8
;TYPE:WALL-OUTER
G1 F2673.9 X144.8 Y132.3 E1422.09997
G1 X143.2 Y132.3 E1422.15318
G1 X143.2 Y174.8 E1423.56674
G1 X144.8 Y174.8 E1423.61996
G0 F15000 X144.299 Y174.32
;TYPE:FILL
G1 F2673.9 X144.32 Y174.239 E1423.62274
G0 F15000 X144.12 Y174.12
G0 X144.09 Y168.062
G0 X144.32 Y168.062
G1 F2673.9 X143.68 Y167.422 E1423.65284
G1 X143.681 Y167.441
G1 X144.319 Y167.27 E1423.67481
G0 F15000 X144.09 Y167.27
G0 X143.91 Y159.159
G0 X143.68 Y159.159
G1 F2673.9 X144.32 Y158.988 E1423.69684
G0 F15000 X144.09 Y158.988
G0 X144.09 Y156.749
G0 X144.32 Y156.749
G1 F2673.9 X143.68 Y156.108 E1423.72697
G0 F15000 X143.91 Y156.108
G0 X143.91 Y150.877
G0 X143.681 Y150.877
G1 F2673.9 X144.32 Y150.705 E1423.74898
G0 F15000 X144.09 Y150.705
G0 X143.91 Y145.717
G0 X143.68 Y145.717
G1 F2673.9 X144.32 Y143.331 E1423.83115
G0 F15000 X144.319 Y142.423
G1 F2673.9 X143.68 Y142.595 E1423.85316
G0 F15000 X143.91 Y142.595
G0 X143.91 Y144.794
G0 X143.68 Y144.794
G1 F2673.9 X144.32 Y145.435 E1423.88328
G0 F15000 X144.09 Y145.435
G0 X143.91 Y134.312
G0 X143.68 Y134.312
G1 F2673.9 X144.32 Y134.141 E1423.90532
G1 X144.32 Y134.121
G1 X143.782 Y133.583 E1423.93062
G0 F15000 X144 Y133.1
;TYPE:SKIN
G1 F2228.3 X144 Y133.502 E1423.94667
G1 F2400 E1423.44667
;MESH:NONMESH
G0 F300 X144 Y133.502 Z10.4
G0 F15000 X144 Y133.803
G0 X143.43 Y167.895
G0 X142 Y167.895
;TIME_ELAPSED:1932.304202
;LAYER:51
;note -- min layer time used
;TYPE:SUPPORT
G1 F2400 E1423.94667
G1 F2660 X141.8 Y167.788 E1423.95421
G1 X141.8 Y167.716 E1423.9566
G1 X141.653 Y167.667 E1423.96176
G1 X141.477 Y167.703 E1423.96773
G1 X140.791 Y168.161 E1423.99517
G1 X140.46 Y168.533 E1424.01173
G1 X140.204 Y169.203 E1424.03558
G1 X140.201 Y170.713 E1424.08581
G1 X140.258 Y170.97 E1424.09456
G1 X140.524 Y171.546 E1424.11567
G1 X141.009 Y172.014 E1424.13808
G1 X141.516 Y172.316 E1424.15771
G1 X141.644 Y172.346 E1424.16208
G1 X141.8 Y172.286 E1424.16764
G1 X141.8 Y172.228 E1424.16957
G1 X142 Y171.998 E1424.17971
G1 F2400 E1423.67971
G0 F15000 X142.353 Y172.98
G0 X142.347 Y175.653
G0 X145.653 Y175.653
G0 X148.304 Y171.887
G0 X148.66 Y170.956
G0 X148.663 Y169.192
G0 X148.557 Y168.739
G0 X148.197 Y167.952
G0 X147.522 Y167.297
G0 X146.726 Y166.861
G0 X146.296 Y166.754
G0 X146.046 Y166.849
G0 X145.643 Y167.099
G0 X146.327 Y167.647
G1 F2400 E1424.17971
G1 F2660 X146.485 Y167.684 E1424.18511
G1 X146.993 Y167.988 E1424.2048
G1 X147.48 Y168.46 E1424.22735
G1 X147.736 Y169.019 E1424.2478
G1 X147.799 Y169.29 E1424.25706
G1 X147.796 Y170.796 E1424.30715
G1 X147.551 Y171.437 E1424.32997
G1 X147.186 Y171.859 E1424.34853
G1 X146.524 Y172.293 E1424.37486
G1 X146.336 Y172.333 E1424.38125
G1 X146.2 Y172.264 E1424.38632
G1 X146.2 Y172.203 E1424.38835
G1 X146 Y171.986 E1424.39816
G1 X146 Y167.879 E1424.53476
G1 X146.327 Y167.647 E1424.5481
G1 F2400 E1424.0481
G0 F15000 X146.726 Y166.861
G0 X153.707 Y166.775
G0 X154.307 Y166.974
G0 X154 Y167.895
G1 F2400 E1424.5481
G1 F2660 X153.8 Y167.788 E1424.55564
G1 X153.8 Y167.716 E1424.55804
G1 X153.653 Y167.667 E1424.56319
G1 X153.477 Y167.703 E1424.56917
G1 X152.791 Y168.161 E1424.5966
G1 X152.46 Y168.533 E1424.61316
G1 X152.204 Y169.203 E1424.63702
G1 X152.201 Y170.713 E1424.68724
G1 X152.258 Y170.97 E1424.696
G1 X152.524 Y171.546 E1424.7171
G1 X153.009 Y172.014 E1424.73952
G1 X153.516 Y172.316 E1424.75914
G1 X153.644 Y172.346 E1424.76352
G1 X153.8 Y172.286 E1424.76908
G1 X153.8 Y172.228 E1424.771
G1 X154 Y171.998 E1424.78114
G1 F2400 E1424.28114
G0 F15000 X154.353 Y172.98
G0 X154.347 Y175.653
G0 X157.653 Y175.653
G0 X160.304 Y171.887
G0 X160.66 Y170.956
G0 X160.663 Y169.192
G0 X160.557 Y168.739
G0 X160.197 Y167.952
G0 X159.522 Y167.297
G0 X158.726 Y166.861
G0 X158.296 Y166.754
G0 X158.046 Y166.849
G0 X157.643 Y167.099
G0 X158.327 Y167.647
G1 F2400 E1424.78114
G1 F2660 X158.485 Y167.684 E1424.78654
G1 X158.993 Y167.988 E1424.80623
G1 X159.48 Y168.46 E1424.82879
G1 X159.736 Y169.019 E1424.84924
G1 X159.799 Y169.29 E1424.85849
G1 X159.796 Y170.796 E1424.90858
G1 X159.551 Y171.437 E1424.9314
G1 X159.186 Y171.859 E1424.94996
G1 X158.524 Y172.293 E1424.97629
G1 X158.336 Y172.333 E1424.98268
G1 X158.2 Y172.264 E1424.98775
G1 X158.2 Y172.203 E1424.98978
G1 X158 Y171.986 E1424.9996
G1 X158 Y167.879 E1425.1362
G1 X158.327 Y167.647 E1425.14953
G1 F2400 E1424.64953
;MESH:Limiter bracket.stl
G0 F15000 X156.57 Y167.647
G0 X155.91 Y174.12
G0 X155.6 Y174.4
;TYPE:WALL-INNER
G1 F2400 E1425.14953
G1 F2660 X156.4 Y174.4 E1425.17614
G1 X156.4 Y132.9 E1426.55644
G1 X155.6 Y132.9 E1426.58305
G1 X155.6 Y174.4 E1427.96334
G0 F15000 X155.2 Y174.8
;TYPE:WALL-OUTER
G1 F2660 X156.8 Y174.8 E1428.01656
G1 X156.8 Y132.5 E1429.42346
G1 X155.2 Y132.5 E1429.47668
G1 X155.2 Y174.8 E1430.88358
G0 F15000 X155.48 Y174.52
G0 X155.91 Y172.654
G0 X155.681 Y172.654
;TYPE:FILL
G1 F2660 X156.319 Y172.483 E1430.90555
G0 F15000 X156.09 Y172.483
G0 X156.09 Y168.549
G0 X156.32 Y168.549
G1 F2660 X155.68 Y167.909 E1430.93565
G0 F15000 X155.91 Y167.909
G0 X155.91 Y164.372
G0 X155.68 Y164.372
G1 F2660 X156.32 Y164.2 E1430.9577
G0 F15000 X156.09 Y164.2
G0 X155.91 Y162.207
G0 X155.68 Y162.207
G1 F2660 X156.32 Y159.82 E1431.03989
G0 F15000 X156.09 Y159.82
G0 X156.09 Y157.235
G0 X156.32 Y157.235
G1 F2660 X155.68 Y156.595 E1431.06999
G0 F15000 X155.681 Y156.09
G1 F2660 X156.319 Y155.918 E1431.09197
G0 F15000 X156.09 Y155.918
G0 X155.91 Y147.807
G0 X155.681 Y147.807
G1 F2660 X156.319 Y147.636 E1431.11394
G0 F15000 X156.09 Y147.636
G0 X156.09 Y145.921
G0 X156.32 Y145.921
G1 F2660 X155.68 Y145.281 E1431.14404
G0 F15000 X155.91 Y145.281
G0 X155.91 Y139.525
G0 X155.68 Y139.525
G1 F2660 X156.319 Y139.354 E1431.16605
G0 F15000 X156.09 Y139.354
G0 X156.09 Y134.608
G0 X156.32 Y134.608
G1 F2660 X155.68 Y133.968 E1431.19615
G0 F15000 X156 Y133.3
;TYPE:SKIN
G1 F2216.7 X156 Y133.702 E1431.21219
G1 F2400 E1430.71219
G0 F15000 X156 Y134.003
G0 X155.43 Y174.12
G0 X154.335 Y174.12
G0 X145.665 Y174.12
G0 X144.57 Y174.12
G0 X144.09 Y174.12
G0 X144.4 Y174.4
;TYPE:WALL-INNER
G1 F2400 E1431.21219
G1 F2660 X144.4 Y132.9 E1432.59249
G1 X143.6 Y132.9 E1432.6191
G1 X143.6 Y174.4 E1433.99939
G1 X144.4 Y174.4 E1434.026
G0 F15000 X144.8 Y174.8
;TYPE:WALL-OUTER
G1 F2660 X144.8 Y132.5 E1435.43291
G1 X143.2 Y132.5 E1435.48612
G1 X143.2 Y174.8 E1436.89303
G1 X144.8 Y174.8 E1436.94624
G0 F15000 X144.152 Y174.32
;TYPE:FILL
G1 F2660 X144.32 Y173.694 E1436.9678
G0 F15000 X144.09 Y173.694
G0 X144.09 Y167.863
G0 X144.32 Y167.863
G1 F2660 X143.68 Y167.222 E1436.99793
G0 F15000 X143.681 Y167.587
G1 F2660 X144.319 Y167.416 E1437.0199
G0 F15000 X144.09 Y167.416
G0 X143.91 Y159.305
G0 X143.681 Y159.305
G1 F2660 X144.319 Y159.134 E1437.04186
G0 F15000 X144.09 Y159.134
G0 X144.09 Y156.549
G0 X144.32 Y156.549
G1 F2660 X143.68 Y155.909 E1437.07197
G0 F15000 X143.91 Y155.909
G0 X143.91 Y151.023
G0 X143.68 Y151.023
G1 F2660 X144.32 Y150.851 E1437.09401
G0 F15000 X144.09 Y150.851
G0 X144.09 Y145.235
G0 X144.32 Y145.235
G1 F2660 X143.68 Y144.595 E1437.12411
G0 F15000 X143.681 Y145.172
G1 F2660 X144.32 Y142.785 E1437.2063
G0 F15000 X144.319 Y142.569
G1 F2660 X143.681 Y142.74 E1437.22827
G0 F15000 X143.91 Y142.74
G0 X143.91 Y134.458
G0 X143.681 Y134.458
G1 F2660 X144.32 Y134.287 E1437.25027
G0 F15000 X144.32 Y133.922
G1 F2660 X144.182 Y133.783 E1437.25679
G0 F15000 X144 Y133.3
;TYPE:SKIN
G1 F2216.7 X144 Y133.702 E1437.27283
G1 F2400 E1436.77283
;MESH:NONMESH
G0 F300 X144 Y133.702 Z10.6
G0 F15000 X144 Y134.003
G0 X143.43 Y167.896
G0 X142 Y167.896
;TIME_ELAPSED:1951.979848
;LAYER:52
;note -- min layer time used
;TYPE:SUPPORT
G1 F2400 E1437.27283
G1 F2649 X141.8 Y167.789 E1437.28037
G1 X141.8 Y167.716 E1437.2828
G1 X141.653 Y167.667 E1437.28796
G1 X141.477 Y167.703 E1437.29393
G1 X140.791 Y168.161 E1437.32137
G1 X140.46 Y168.533 E1437.33793
G1 X140.204 Y169.203 E1437.36178
G1 X140.201 Y170.713 E1437.41201
G1 X140.258 Y170.97 E1437.42076
G1 X140.524 Y171.546 E1437.44186
G1 X141.009 Y172.014 E1437.46428
G1 X141.516 Y172.316 E1437.48391
G1 X141.644 Y172.346 E1437.48828
G1 X141.8 Y172.286 E1437.49384
G1 X141.8 Y172.228 E1437.49577
G1 X142 Y171.998 E1437.50591
G1 F2400 E1437.00591
G0 F15000 X142.353 Y172.98
G0 X142.347 Y175.653
G0 X145.653 Y175.653
G0 X148.304 Y171.887
G0 X148.66 Y170.956
G0 X148.663 Y169.192
G0 X148.557 Y168.739
G0 X148.197 Y167.952
G0 X147.522 Y167.297
G0 X146.812 Y166.872
G0 X146.346 Y166.765
G0 X146.042 Y166.849
G0 X146.356 Y167.654
G1 F2400 E1437.50591
G1 F2649 X146.484 Y167.684 E1437.51028
G1 X146.993 Y167.988 E1437.53
G1 X147.48 Y168.46 E1437.55255
G1 X147.736 Y169.019 E1437.573
G1 X147.799 Y169.29 E1437.58226
G1 X147.796 Y170.796 E1437.63235
G1 X147.551 Y171.437 E1437.65517
G1 X147.186 Y171.859 E1437.67373
G1 X146.524 Y172.293 E1437.70006
G1 X146.336 Y172.333 E1437.70645
G1 X146.2 Y172.264 E1437.71152
G1 X146.2 Y172.203 E1437.71355
G1 X146 Y171.986 E1437.72337
G1 X146 Y167.895 E1437.85943
G1 X146.2 Y167.787 E1437.86699
G1 X146.2 Y167.714 E1437.86942
G1 X146.356 Y167.654 E1437.87498
G1 F2400 E1437.37498
G0 F15000 X146.82 Y166.876
G0 X153.707 Y166.775
G0 X154.307 Y166.974
G0 X154 Y167.896
G1 F2400 E1437.87498
G1 F2649 X153.8 Y167.789 E1437.88252
G1 X153.8 Y167.716 E1437.88495
G1 X153.653 Y167.667 E1437.89011
G1 X153.477 Y167.703 E1437.89608
G1 X152.791 Y168.161 E1437.92352
G1 X152.46 Y168.533 E1437.94008
G1 X152.204 Y169.203 E1437.96393
G1 X152.201 Y170.713 E1438.01416
G1 X152.258 Y170.97 E1438.02291
G1 X152.524 Y171.546 E1438.04401
G1 X153.009 Y172.014 E1438.06643
G1 X153.516 Y172.316 E1438.08606
G1 X153.644 Y172.346 E1438.09043
G1 X153.8 Y172.286 E1438.09599
G1 X153.8 Y172.228 E1438.09792
G1 X154 Y171.998 E1438.10806
G1 F2400 E1437.60806
G0 F15000 X154.353 Y172.98
G0 X154.347 Y175.653
G0 X157.653 Y175.653
G0 X160.304 Y171.887
G0 X160.66 Y170.956
G0 X160.663 Y169.192
G0 X160.557 Y168.739
G0 X160.197 Y167.952
G0 X159.522 Y167.297
G0 X158.812 Y166.872
G0 X158.346 Y166.765
G0 X158.042 Y166.849
G0 X158.356 Y167.654
G1 F2400 E1438.10806
G1 F2649 X158.484 Y167.684 E1438.11243
G1 X158.993 Y167.988 E1438.13215
G1 X159.48 Y168.46 E1438.1547
G1 X159.736 Y169.019 E1438.17515
G1 X159.799 Y169.29 E1438.18441
G1 X159.796 Y170.796 E1438.2345
G1 X159.551 Y171.437 E1438.25732
G1 X159.186 Y171.859 E1438.27588
G1 X158.524 Y172.293 E1438.30221
G1 X158.336 Y172.333 E1438.3086
G1 X158.2 Y172.264 E1438.31367
G1 X158.2 Y172.203 E1438.3157
G1 X158 Y171.986 E1438.32552
G1 X158 Y167.895 E1438.46158
G1 X158.2 Y167.787 E1438.46914
G1 X158.2 Y167.714 E1438.47157
G1 X158.356 Y167.654 E1438.47713
G1 F2400 E1437.97713
;MESH:Limiter bracket.stl
G0 F15000 X156.57 Y167.654
G0 X155.91 Y174.12
G0 X155.6 Y174.4
;TYPE:WALL-INNER
G1 F2400 E1438.47713
G1 F2649 X156.4 Y174.4 E1438.50374
G1 X156.4 Y133.1 E1439.87738
G1 X155.6 Y133.1 E1439.90399
G1 X155.6 Y174.4 E1441.27763
G0 F15000 X155.2 Y174.8
;TYPE:WALL-OUTER
G1 F2649 X156.8 Y174.8 E1441.33085
G1 X156.8 Y132.7 E1442.7311
G1 X155.2 Y132.7 E1442.78432
G1 X155.2 Y174.8 E1444.18457
G0 F15000 X155.48 Y174.52
G0 X155.91 Y172.801
G0 X155.681 Y172.801
;TYPE:FILL
G1 F2649 X156.319 Y172.63 E1444.20654
G0 F15000 X156.09 Y172.63
G0 X156.09 Y168.348
G0 X156.32 Y168.348
G1 F2649 X155.68 Y167.708 E1444.23664
G0 F15000 X155.91 Y167.708
G0 X155.91 Y164.519
G0 X155.68 Y164.519
G1 F2649 X156.32 Y164.347 E1444.25868
G0 F15000 X156.09 Y164.347
G0 X155.91 Y161.658
G0 X155.68 Y161.658
G1 F2649 X156.32 Y159.272 E1444.34085
G0 F15000 X156.09 Y159.272
G0 X156.09 Y157.034
G0 X156.32 Y157.034
G1 F2649 X155.68 Y156.394 E1444.37095
G1 X155.681 Y156.237
G1 X156.319 Y156.065 E1444.39293
G0 F15000 X156.09 Y156.065
G0 X155.91 Y147.954
G0 X155.68 Y147.954
G1 F2649 X156.32 Y147.783 E1444.41496
G0 F15000 X156.09 Y147.783
G0 X156.09 Y145.721
G0 X156.32 Y145.721
G1 F2649 X155.68 Y145.081 E1444.44507
G0 F15000 X155.91 Y145.081
G0 X155.91 Y139.672
G0 X155.68 Y139.672
G1 F2649 X156.319 Y139.501 E1444.46707
G0 F15000 X156.09 Y139.501
G0 X156.09 Y134.407
G0 X156.32 Y134.407
G1 F2649 X155.897 Y133.983 E1444.48699
G0 F15000 X156 Y133.5
;TYPE:SKIN
G1 F2207.5 X156 Y133.902 E1444.50303
G1 F2400 E1444.00303
G0 F15000 X156 Y134.203
G0 X155.43 Y174.12
G0 X154.335 Y174.12
G0 X145.665 Y174.12
G0 X144.57 Y174.12
G0 X144.09 Y174.12
G0 X144.4 Y174.4
;TYPE:WALL-INNER
G1 F2400 E1444.50303
G1 F2649 X144.4 Y133.1 E1445.87668
G1 X143.6 Y133.1 E1445.90328
G1 X143.6 Y174.4 E1447.27693
G1 X144.4 Y174.4 E1447.30354
G0 F15000 X144.8 Y174.8
;TYPE:WALL-OUTER
G1 F2649 X144.8 Y132.7 E1448.70379
G1 X143.2 Y132.7 E1448.757
G1 X143.2 Y174.8 E1450.15726
G1 X144.8 Y174.8 E1450.21047
G0 F15000 X144.005 Y174.32
;TYPE:FILL
G1 F2649 X144.32 Y173.146 E1450.2509
G0 F15000 X144.09 Y173.146
G0 X143.91 Y167.734
G0 X143.681 Y167.734
G1 F2649 X144.319 Y167.563 E1450.27287
G1 X144.32 Y167.662
G1 X143.68 Y167.021 E1450.303
G0 F15000 X143.91 Y167.021
G0 X143.91 Y159.452
G0 X143.681 Y159.452
G1 F2649 X144.319 Y159.281 E1450.32497
G0 F15000 X144.09 Y159.281
G0 X144.09 Y156.348
G0 X144.32 Y156.348
G1 F2649 X143.68 Y155.708 E1450.35507
G0 F15000 X143.91 Y155.708
G0 X143.91 Y151.17
G0 X143.68 Y151.17
G1 F2649 X144.319 Y150.999 E1450.37707
G0 F15000 X144.09 Y150.999
G0 X144.09 Y145.035
G0 X144.32 Y145.035
G1 F2649 X143.68 Y144.394 E1450.4072
G0 F15000 X143.681 Y144.623
G1 F2649 X144.32 Y142.235 E1450.48942
G0 F15000 X144.319 Y142.716
G1 F2649 X143.681 Y142.887 E1450.51139
G0 F15000 X143.91 Y142.887
G0 X143.91 Y134.605
G0 X143.68 Y134.605
G1 F2649 X144.319 Y134.434 E1450.53339
G0 F15000 X144 Y133.5
;TYPE:SKIN
G1 F2207.5 X144 Y133.902 E1450.54943
G1 F2400 E1450.04943
;MESH:NONMESH
G0 F300 X144 Y133.902 Z10.8
G0 F15000 X144 Y134.203
G0 X143.43 Y167.924
G0 X142 Y167.924
;TIME_ELAPSED:1971.512502
;LAYER:53
;note -- min layer time used
;TYPE:SUPPORT
G1 F2400 E1450.54943
G1 F2639.7 X141.8 Y167.795 E1450.55735
G1 X141.8 Y167.716 E1450.55997
G1 X141.653 Y167.667 E1450.56513
G1 X141.477 Y167.703 E1450.5711
G1 X140.791 Y168.161 E1450.59854
G1 X140.46 Y168.533 E1450.6151
G1 X140.204 Y169.203 E1450.63895
G1 X140.201 Y170.713 E1450.68918
G1 X140.258 Y170.97 E1450.69793
G1 X140.524 Y171.546 E1450.71904
G1 X141.009 Y172.014 E1450.74145
G1 X141.516 Y172.316 E1450.76108
G1 X141.644 Y172.346 E1450.76545
G1 X141.8 Y172.286 E1450.77101
G1 X141.8 Y172.23 E1450.77287
G1 X142 Y171.992 E1450.78321
G1 F2400 E1450.28321
G0 F15000 X142.353 Y172.98
G0 X142.347 Y175.653
G0 X145.653 Y175.653
G0 X148.304 Y171.887
G0 X148.66 Y170.956
G0 X148.663 Y169.192
G0 X148.557 Y168.739
G0 X148.197 Y167.952
G0 X147.522 Y167.297
G0 X146.812 Y166.872
G0 X146.346 Y166.765
G0 X146.042 Y166.849
G0 X146.356 Y167.654
G1 F2400 E1450.78321
G1 F2639.7 X146.484 Y167.684 E1450.78759
G1 X146.993 Y167.988 E1450.80731
G1 X147.48 Y168.46 E1450.82986
G1 X147.736 Y169.019 E1450.85031
G1 X147.799 Y169.29 E1450.85957
G1 X147.796 Y170.796 E1450.90966
G1 X147.551 Y171.437 E1450.93248
G1 X147.186 Y171.859 E1450.95104
G1 X146.524 Y172.293 E1450.97737
G1 X146.336 Y172.333 E1450.98376
G1 X146.2 Y172.264 E1450.98883
G1 X146.2 Y172.18 E1450.99162
G1 X146 Y171.976 E1451.00113
G1 X146 Y167.93 E1451.1357
G1 X146.2 Y167.807 E1451.14351
G1 X146.2 Y167.714 E1451.1466
G1 X146.356 Y167.654 E1451.15216
G1 F2400 E1450.65216
G0 F15000 X146.82 Y166.876
G0 X153.707 Y166.775
G0 X154.316 Y166.977
G0 X154 Y167.924
G1 F2400 E1451.15216
G1 F2639.7 X153.8 Y167.795 E1451.16007
G1 X153.8 Y167.716 E1451.1627
G1 X153.653 Y167.667 E1451.16786
G1 X153.477 Y167.703 E1451.17383
G1 X152.791 Y168.161 E1451.20126
G1 X152.46 Y168.533 E1451.21783
G1 X152.204 Y169.203 E1451.24168
G1 X152.201 Y170.713 E1451.2919
G1 X152.258 Y170.97 E1451.30066
G1 X152.524 Y171.546 E1451.32176
G1 X153.009 Y172.014 E1451.34418
G1 X153.516 Y172.316 E1451.36381
G1 X153.644 Y172.346 E1451.36818
G1 X153.8 Y172.286 E1451.37374
G1 X153.8 Y172.23 E1451.3756
G1 X154 Y171.992 E1451.38594
G1 F2400 E1450.88594
G0 F15000 X154.353 Y172.98
G0 X154.347 Y175.653
G0 X157.653 Y175.653
G0 X160.304 Y171.887
G0 X160.66 Y170.956
G0 X160.663 Y169.192
G0 X160.557 Y168.739
G0 X160.197 Y167.952
G0 X159.522 Y167.297
G0 X158.812 Y166.872
G0 X158.346 Y166.765
G0 X158.042 Y166.849
G0 X158.356 Y167.654
G1 F2400 E1451.38594
G1 F2639.7 X158.484 Y167.684 E1451.39031
G1 X158.993 Y167.988 E1451.41003
G1 X159.48 Y168.46 E1451.43259
G1 X159.736 Y169.019 E1451.45304
G1 X159.799 Y169.29 E1451.46229
G1 X159.796 Y170.796 E1451.51238
G1 X159.551 Y171.437 E1451.53521
G1 X159.186 Y171.859 E1451.55376
G1 X158.524 Y172.293 E1451.58009
G1 X158.336 Y172.333 E1451.58648
G1 X158.2 Y172.264 E1451.59156
G1 X158.2 Y172.18 E1451.59435
G1 X158 Y171.976 E1451.60385
G1 X158 Y167.93 E1451.73842
G1 X158.2 Y167.807 E1451.74623
G1 X158.2 Y167.714 E1451.74933
G1 X158.356 Y167.654 E1451.75489
G1 F2400 E1451.25489
;MESH:Limiter bracket.stl
G0 F15000 X156.57 Y167.654
G0 X155.91 Y174.12
G0 X155.6 Y174.4
;TYPE:WALL-INNER
G1 F2400 E1451.75489
G1 F2639.7 X156.4 Y174.4 E1451.78149
G1 X156.4 Y133.3 E1453.14848
G1 X155.6 Y133.3 E1453.17509
G1 X155.6 Y174.4 E1454.54208
G0 F15000 X155.2 Y174.8
;TYPE:WALL-OUTER
G1 F2639.7 X156.8 Y174.8 E1454.5953
G1 X156.8 Y132.9 E1455.9889
G1 X155.2 Y132.9 E1456.04212
G1 X155.2 Y174.8 E1457.43572
G0 F15000 X155.48 Y174.52
G0 X155.91 Y172.947
G0 X155.681 Y172.947
;TYPE:FILL
G1 F2639.7 X156.319 Y172.776 E1457.45769
G0 F15000 X156.09 Y172.776
G0 X156.09 Y168.149
G0 X156.32 Y168.149
G1 F2639.7 X155.68 Y167.509 E1457.48779
G0 F15000 X155.91 Y167.509
G0 X155.91 Y164.665
G0 X155.68 Y164.665
G1 F2639.7 X156.32 Y164.494 E1457.50982
G0 F15000 X156.09 Y164.494
G0 X155.91 Y161.114
G0 X155.68 Y161.114
G1 F2639.7 X156.32 Y158.727 E1457.59202
G0 F15000 X156.09 Y158.727
G0 X156.09 Y156.835
G0 X156.32 Y156.835
G1 F2639.7 X155.68 Y156.195 E1457.62212
G1 X155.68 Y156.383
G1 X156.32 Y156.211 E1457.64416
G0 F15000 X156.09 Y156.211
G0 X155.91 Y148.1
G0 X155.681 Y148.1
G1 F2639.7 X156.319 Y147.929 E1457.66613
G0 F15000 X156.09 Y147.929
G0 X156.09 Y145.521
G0 X156.32 Y145.521
G1 F2639.7 X155.68 Y144.881 E1457.69624
G0 F15000 X155.91 Y144.881
G0 X155.91 Y139.818
G0 X155.68 Y139.818
G1 F2639.7 X156.32 Y139.647 E1457.71827
G0 F15000 X156.09 Y139.647
G0 X156.001 Y134.403
G0 X156 Y133.7
;TYPE:SKIN
G1 F2199.8 X156 Y134.102 E1457.73431
G1 F2400 E1457.23431
G0 F15000 X156 Y134.403
G0 X155.43 Y174.12
G0 X154.335 Y174.12
G0 X145.665 Y174.12
G0 X144.57 Y174.12
G0 X144.09 Y174.12
G0 X144.4 Y174.4
;TYPE:WALL-INNER
G1 F2400 E1457.73431
G1 F2639.7 X144.4 Y133.3 E1459.10131
G1 X143.6 Y133.3 E1459.12791
G1 X143.6 Y174.4 E1460.49491
G1 X144.4 Y174.4 E1460.52151
G0 F15000 X144.8 Y174.8
;TYPE:WALL-OUTER
G1 F2639.7 X144.8 Y132.9 E1461.91511
G1 X143.2 Y132.9 E1461.96833
G1 X143.2 Y174.8 E1463.36193
G1 X144.8 Y174.8 E1463.41515
G0 F15000 X144.52 Y174.52
G0 X143.91 Y174.09
G0 X143.859 Y174.32
;TYPE:FILL
G1 F2639.7 X144.32 Y172.601 E1463.47434
G0 F15000 X144.09 Y172.601
G0 X143.91 Y167.88
G0 X143.68 Y167.88
G1 F2639.7 X144.32 Y167.709 E1463.49637
G0 F15000 X144.32 Y167.463
G1 F2639.7 X143.68 Y166.822 E1463.5265
G0 F15000 X143.91 Y166.822
G0 X143.91 Y159.598
G0 X143.681 Y159.598
G1 F2639.7 X144.319 Y159.427 E1463.54847
G0 F15000 X144.09 Y159.427
G0 X144.09 Y156.149
G0 X144.32 Y156.149
G1 F2639.7 X143.68 Y155.508 E1463.5786
G0 F15000 X143.91 Y155.508
G0 X143.91 Y151.316
G0 X143.68 Y151.316
G1 F2639.7 X144.32 Y151.144 E1463.60064
G0 F15000 X144.09 Y151.144
G0 X144.09 Y144.835
G0 X144.32 Y144.835
G1 F2639.7 X143.68 Y144.195 E1463.63074
G1 X143.68 Y144.081
G1 X144.32 Y141.693 E1463.71297
G0 F15000 X144.09 Y141.693
G0 X144.09 Y142.862
G0 X144.32 Y142.862
G1 F2639.7 X143.681 Y143.033 E1463.73497
G0 F15000 X143.91 Y143.033
G0 X143.91 Y134.751
G0 X143.68 Y134.751
G1 F2639.7 X144.32 Y134.58 E1463.757
G0 F15000 X144 Y133.7
;TYPE:SKIN
G1 F2199.8 X144 Y134.102 E1463.77305
G1 F2400 E1463.27305
;MESH:NONMESH
G0 F300 X144 Y134.102 Z11
G0 F15000 X144 Y134.403
G0 X143.43 Y167.937
G0 X142 Y167.937
;TIME_ELAPSED:1991.048085
;LAYER:54
;note -- min layer time used
;TYPE:SUPPORT
G1 F2400 E1463.77305
G1 F2602 X141.8 Y167.786 E1463.78138
G1 X141.8 Y167.716 E1463.78371
G1 X141.653 Y167.667 E1463.78887
G1 X141.477 Y167.703 E1463.79484
G1 X140.791 Y168.161 E1463.82227
G1 X140.46 Y168.533 E1463.83884
G1 X140.204 Y169.203 E1463.86269
G1 X140.201 Y170.713 E1463.91291
G1 X140.258 Y170.97 E1463.92167
G1 X140.524 Y171.546 E1463.94277
G1 X141.009 Y172.014 E1463.96519
G1 X141.516 Y172.316 E1463.98482
G1 X141.644 Y172.346 E1463.98919
G1 X141.8 Y172.286 E1463.99475
G1 X141.8 Y172.229 E1463.99664
G1 X142 Y171.991 E1464.00698
G1 F2400 E1463.50698
G0 F15000 X146.356 Y167.654
G1 F2400 E1464.00698
G1 F2602 X146.484 Y167.684 E1464.01136
G1 X146.993 Y167.988 E1464.03108
G1 X147.48 Y168.46 E1464.05363
G1 X147.736 Y169.019 E1464.07408
G1 X147.799 Y169.29 E1464.08334
G1 X147.796 Y170.796 E1464.13343
G1 X147.551 Y171.437 E1464.15625
G1 X147.186 Y171.859 E1464.17481
G1 X146.524 Y172.293 E1464.20114
G1 X146.336 Y172.333 E1464.20753
G1 X146.2 Y172.264 E1464.2126
G1 X146.2 Y172.218 E1464.21413
G1 X146 Y171.977 E1464.22455
G1 X146 Y167.933 E1464.35905
G1 X146.2 Y167.788 E1464.36727
G1 X146.2 Y167.714 E1464.36973
G1 X146.356 Y167.654 E1464.37529
G1 F2400 E1463.87529
G0 F15000 X146.82 Y166.876
G0 X153.707 Y166.775
G0 X154.32 Y166.978
G0 X154 Y167.937
G1 F2400 E1464.37529
G1 F2602 X153.8 Y167.786 E1464.38362
G1 X153.8 Y167.716 E1464.38595
G1 X153.653 Y167.667 E1464.3911
G1 X153.477 Y167.703 E1464.39708
G1 X152.791 Y168.161 E1464.42451
G1 X152.46 Y168.533 E1464.44108
G1 X152.204 Y169.203 E1464.46493
G1 X152.201 Y170.713 E1464.51515
G1 X152.258 Y170.97 E1464.52391
G1 X152.524 Y171.546 E1464.54501
G1 X153.009 Y172.014 E1464.56743
G1 X153.516 Y172.316 E1464.58706
G1 X153.644 Y172.346 E1464.59143
G1 X153.8 Y172.286 E1464.59699
G1 X153.8 Y172.229 E1464.59888
G1 X154 Y171.991 E1464.60922
G1 F2400 E1464.10922
G0 F15000 X158.356 Y167.654
G1 F2400 E1464.60922
G1 F2602 X158.484 Y167.684 E1464.6136
G1 X158.993 Y167.988 E1464.63332
G1 X159.48 Y168.46 E1464.65587
G1 X159.736 Y169.019 E1464.67632
G1 X159.799 Y169.29 E1464.68558
G1 X159.796 Y170.796 E1464.73567
G1 X159.551 Y171.437 E1464.75849
G1 X159.186 Y171.859 E1464.77705
G1 X158.524 Y172.293 E1464.80337
G1 X158.336 Y172.333 E1464.80977
G1 X158.2 Y172.264 E1464.81484
G1 X158.2 Y172.218 E1464.81637
G1 X158 Y171.977 E1464.82679
G1 X158 Y167.933 E1464.96129
G1 X158.2 Y167.788 E1464.96951
G1 X158.2 Y167.714 E1464.97197
G1 X158.356 Y167.654 E1464.97753
G1 F2400 E1464.47753
;MESH:Limiter bracket.stl
G0 F15000 X156.57 Y167.654
G0 X155.91 Y174.12
G0 X155.6 Y174.4
;TYPE:WALL-INNER
G1 F2400 E1464.97753
G1 F2602 X156.4 Y174.4 E1465.00413
G1 X156.4 Y133.5 E1466.36447
G1 X155.6 Y133.5 E1466.39108
G1 X155.6 Y174.4 E1467.75142
G0 F15000 X155.2 Y174.8
;TYPE:WALL-OUTER
G1 F2602 X156.8 Y174.8 E1467.80464
G1 X156.8 Y133.1 E1469.19159
G1 X155.2 Y133.1 E1469.2448
G1 X155.2 Y174.8 E1470.63175
G0 F15000 X155.48 Y174.52
G0 X155.91 Y173.094
G0 X155.681 Y173.094
;TYPE:FILL
G1 F2602 X156.319 Y172.923 E1470.65372
G0 F15000 X156.09 Y172.923
G0 X156.09 Y167.948
G0 X156.32 Y167.948
G1 F2602 X155.68 Y167.308 E1470.68382
G0 F15000 X155.91 Y167.308
G0 X155.91 Y164.812
G0 X155.68 Y164.812
G1 F2602 X156.32 Y164.641 E1470.70586
G0 F15000 X156.09 Y164.641
G0 X155.91 Y160.565
G0 X155.68 Y160.565
G1 F2602 X156.32 Y158.178 E1470.78805
G0 F15000 X156.09 Y158.178
G0 X156.09 Y156.634
G0 X156.32 Y156.634
G1 F2602 X155.68 Y155.994 E1470.81816
G0 F15000 X155.681 Y156.53
G1 F2602 X156.32 Y156.358 E1470.84017
G0 F15000 X156.09 Y156.358
G0 X155.91 Y148.247
G0 X155.68 Y148.247
G1 F2602 X156.319 Y148.076 E1470.86217
G0 F15000 X156.09 Y148.076
G0 X156.09 Y145.32
G0 X156.32 Y145.32
G1 F2602 X155.68 Y144.68 E1470.89227
G0 F15000 X155.91 Y144.68
G0 X155.91 Y139.965
G0 X155.68 Y139.965
G1 F2602 X156.32 Y139.794 E1470.9143
G0 F15000 X156.09 Y139.794
G0 X156.001 Y134.603
G0 X156 Y133.9
;TYPE:SKIN
G1 F2168.4 X156 Y134.302 E1470.93035
G1 F2400 E1470.43035
G0 F15000 X156 Y134.603
G0 X155.43 Y174.12
G0 X154.335 Y174.12
G0 X145.665 Y174.12
G0 X144.57 Y174.12
G0 X144.09 Y174.12
G0 X144.4 Y174.4
;TYPE:WALL-INNER
G1 F2400 E1470.93035
G1 F2602 X144.4 Y133.5 E1472.29069
G1 X143.6 Y133.5 E1472.3173
G1 X143.6 Y174.4 E1473.67763
G1 X144.4 Y174.4 E1473.70424
G0 F15000 X144.8 Y174.8
;TYPE:WALL-OUTER
G1 F2602 X144.8 Y133.1 E1475.09119
G1 X143.2 Y133.1 E1475.14441
G1 X143.2 Y174.8 E1476.53135
G1 X144.8 Y174.8 E1476.58457
G0 F15000 X144.52 Y174.52
G0 X143.91 Y174.12
G0 X143.712 Y174.32
;TYPE:FILL
G1 F2602 X144.32 Y172.052 E1476.66267
G0 F15000 X144.09 Y172.052
G0 X143.91 Y168.027
G0 X143.68 Y168.027
G1 F2602 X144.32 Y167.856 E1476.6847
G0 F15000 X144.32 Y167.262
G1 F2602 X143.68 Y166.621 E1476.71483
G0 F15000 X143.91 Y166.621
G0 X143.91 Y159.745
G0 X143.681 Y159.745
G1 F2602 X144.319 Y159.574 E1476.7368
G0 F15000 X144.09 Y159.574
G0 X144.09 Y155.948
G0 X144.32 Y155.948
G1 F2602 X143.68 Y155.308 E1476.7669
G0 F15000 X143.91 Y155.308
G0 X143.91 Y151.463
G0 X143.68 Y151.463
G1 F2602 X144.32 Y151.291 E1476.78894
G0 F15000 X144.09 Y151.291
G0 X144.09 Y144.634
G0 X144.32 Y144.634
G1 F2602 X143.68 Y143.994 E1476.81905
G0 F15000 X143.68 Y143.531
G1 F2602 X144.32 Y141.143 E1476.90127
G0 F15000 X144.09 Y141.143
G0 X144.09 Y143.009
G0 X144.32 Y143.009
G1 F2602 X143.681 Y143.18 E1476.92328
G0 F15000 X143.91 Y143.18
G0 X143.91 Y134.898
G0 X143.68 Y134.898
G1 F2602 X144.32 Y134.727 E1476.94531
G0 F15000 X144 Y133.9
;TYPE:SKIN
G1 F2168.4 X144 Y134.302 E1476.96135
G1 F2400 E1476.46135
;MESH:NONMESH
G0 F300 X144 Y134.302 Z11.2
G0 F15000 X144 Y134.603
G0 X143.43 Y167.981
G0 X142 Y167.981
;TIME_ELAPSED:2009.771618
;LAYER:55
;note -- min layer time used
;TYPE:SUPPORT
G1 F2400 E1476.96135
G1 F2615.7 X141.8 Y167.772 E1476.97098
G1 X141.8 Y167.716 E1476.97284
G1 X141.653 Y167.667 E1476.97799
G1 X141.477 Y167.703 E1476.98397
G1 X140.791 Y168.161 E1477.0114
G1 X140.46 Y168.533 E1477.02796
G1 X140.204 Y169.203 E1477.05182
G1 X140.201 Y170.713 E1477.10204
G1 X140.258 Y170.97 E1477.1108
G1 X140.524 Y171.546 E1477.1319
G1 X141.009 Y172.014 E1477.15431
G1 X141.515 Y172.316 E1477.17391
G1 X141.642 Y172.346 E1477.17825
G1 X141.756 Y172.302 E1477.18232
G1 X142 Y171.955 E1477.19643
G1 F2400 E1476.69643
G0 F15000 X142.363 Y172.895
G0 X142.347 Y175.653
G0 X145.653 Y175.653
G0 X148.304 Y171.887
G0 X148.66 Y170.956
G0 X148.663 Y169.192
G0 X148.557 Y168.739
G0 X148.199 Y167.955
G0 X147.522 Y167.297
G0 X146.812 Y166.872
G0 X146.346 Y166.765
G0 X146.042 Y166.849
G0 X146.356 Y167.654
G1 F2400 E1477.19643
G1 F2615.7 X146.484 Y167.684 E1477.2008
G1 X146.993 Y167.988 E1477.22052
G1 X147.48 Y168.46 E1477.24308
G1 X147.736 Y169.019 E1477.26353
G1 X147.799 Y169.29 E1477.27278
G1 X147.796 Y170.796 E1477.32287
G1 X147.551 Y171.437 E1477.34569
G1 X147.186 Y171.859 E1477.36425
G1 X146.524 Y172.293 E1477.39058
G1 X146.34 Y172.332 E1477.39683
G1 X146.239 Y172.288 E1477.4005
G1 X146 Y171.934 E1477.41471
G1 X146 Y167.988 E1477.54595
G1 X146.2 Y167.762 E1477.55599
G1 X146.2 Y167.714 E1477.55758
G1 X146.356 Y167.654 E1477.56314
G1 F2400 E1477.06314
G0 F15000 X146.82 Y166.876
G0 X153.707 Y166.775
G0 X154.333 Y166.983
G0 X154 Y167.981
G1 F2400 E1477.56314
G1 F2615.7 X153.8 Y167.772 E1477.57276
G1 X153.8 Y167.716 E1477.57463
G1 X153.653 Y167.667 E1477.57978
G1 X153.477 Y167.703 E1477.58576
G1 X152.791 Y168.161 E1477.61319
G1 X152.46 Y168.533 E1477.62975
G1 X152.204 Y169.203 E1477.65361
G1 X152.201 Y170.713 E1477.70383
G1 X152.258 Y170.97 E1477.71259
G1 X152.524 Y171.546 E1477.73369
G1 X153.009 Y172.014 E1477.7561
G1 X153.515 Y172.316 E1477.7757
G1 X153.642 Y172.346 E1477.78004
G1 X153.756 Y172.302 E1477.78411
G1 X154 Y171.955 E1477.79822
G1 F2400 E1477.29822
G0 F15000 X154.363 Y172.895
G0 X154.347 Y175.653
G0 X157.653 Y175.653
G0 X160.304 Y171.887
G0 X160.66 Y170.956
G0 X160.663 Y169.192
G0 X160.557 Y168.739
G0 X160.199 Y167.955
G0 X159.522 Y167.297
G0 X158.812 Y166.872
G0 X158.346 Y166.765
G0 X158.042 Y166.849
G0 X158.356 Y167.654
G1 F2400 E1477.79822
G1 F2615.7 X158.484 Y167.684 E1477.80259
G1 X158.993 Y167.988 E1477.82231
G1 X159.48 Y168.46 E1477.84487
G1 X159.736 Y169.019 E1477.86531
G1 X159.799 Y169.29 E1477.87457
G1 X159.796 Y170.796 E1477.92466
G1 X159.551 Y171.437 E1477.94748
G1 X159.186 Y171.859 E1477.96604
G1 X158.524 Y172.293 E1477.99237
G1 X158.34 Y172.332 E1477.99862
G1 X158.239 Y172.288 E1478.00229
G1 X158 Y171.934 E1478.01649
G1 X158 Y167.988 E1478.14774
G1 X158.2 Y167.762 E1478.15778
G1 X158.2 Y167.714 E1478.15937
G1 X158.356 Y167.654 E1478.16493
G1 F2400 E1477.66493
;MESH:Limiter bracket.stl
G0 F15000 X156.57 Y167.654
G0 X155.91 Y174.12
G0 X155.6 Y174.4
;TYPE:WALL-INNER
G1 F2400 E1478.16493
G1 F2615.7 X156.4 Y174.4 E1478.19154
G1 X156.4 Y133.7 E1479.54523
G1 X155.6 Y133.7 E1479.57184
G1 X155.6 Y174.4 E1480.92552
G0 F15000 X155.2 Y174.8
;TYPE:WALL-OUTER
G1 F2615.7 X156.8 Y174.8 E1480.97874
G1 X156.8 Y133.3 E1482.35903
G1 X155.2 Y133.3 E1482.41225
G1 X155.2 Y174.8 E1483.79255
G0 F15000 X155.48 Y174.52
G0 X155.91 Y173.24
G0 X155.68 Y173.24
;TYPE:FILL
G1 F2615.7 X156.319 Y173.069 E1483.81455
G0 F15000 X156.09 Y173.069
G0 X156.09 Y167.748
G0 X156.32 Y167.748
G1 F2615.7 X155.68 Y167.108 E1483.84465
G0 F15000 X155.91 Y167.108
G0 X155.91 Y164.958
G0 X155.681 Y164.958
G1 F2615.7 X156.319 Y164.787 E1483.86662
G0 F15000 X156.09 Y164.787
G0 X155.91 Y160.021
G0 X155.68 Y160.021
G1 F2615.7 X156.32 Y157.634 E1483.94882
G0 F15000 X156.09 Y157.634
G0 X156.09 Y156.504
G0 X156.32 Y156.504
G1 F2615.7 X155.68 Y156.676 E1483.97086
G0 F15000 X156.32 Y156.435
G1 F2615.7 X155.68 Y155.795 E1484.00096
G0 F15000 X155.91 Y155.795
G0 X155.91 Y148.393
G0 X155.681 Y148.393
G1 F2615.7 X156.319 Y148.222 E1484.02293
G0 F15000 X156.09 Y148.222
G0 X156.09 Y145.121
G0 X156.32 Y145.121
G1 F2615.7 X155.68 Y144.481 E1484.05303
G0 F15000 X155.91 Y144.481
G0 X155.91 Y140.111
G0 X155.681 Y140.111
G1 F2615.7 X156.32 Y139.94 E1484.07504
G0 F15000 X156.09 Y139.94
G0 X156.001 Y134.803
G0 X156 Y134.1
;TYPE:SKIN
G1 F2179.8 X156 Y134.502 E1484.09108
G1 F2400 E1483.59108
G0 F15000 X156 Y134.803
G0 X155.43 Y174.12
G0 X154.335 Y174.12
G0 X145.665 Y174.12
G0 X144.57 Y174.12
G0 X144.09 Y174.12
G0 X144.4 Y174.4
;TYPE:WALL-INNER
G1 F2400 E1484.09108
G1 F2615.7 X144.4 Y133.7 E1485.44477
G1 X143.6 Y133.7 E1485.47138
G1 X143.6 Y174.4 E1486.82506
G1 X144.4 Y174.4 E1486.85167
G0 F15000 X144.8 Y174.8
;TYPE:WALL-OUTER
G1 F2615.7 X144.8 Y133.3 E1488.23197
G1 X143.2 Y133.3 E1488.28518
G1 X143.2 Y174.8 E1489.66548
G1 X144.8 Y174.8 E1489.7187
G0 F15000 X144.52 Y174.52
G0 X143.91 Y173.895
G0 X143.681 Y173.895
;TYPE:FILL
G1 F2615.7 X144.32 Y171.508 E1489.80088
G0 F15000 X144.09 Y171.508
G0 X143.91 Y168.173
G0 X143.68 Y168.173
G1 F2615.7 X144.32 Y168.002 E1489.82292
G0 F15000 X144.32 Y167.062
G1 F2615.7 X143.68 Y166.422 E1489.85302
G0 F15000 X143.91 Y166.422
G0 X143.91 Y159.891
G0 X143.681 Y159.891
G1 F2615.7 X144.319 Y159.72 E1489.87499
G0 F15000 X144.09 Y159.72
G0 X144.09 Y155.749
G0 X144.32 Y155.749
G1 F2615.7 X143.68 Y155.108 E1489.90512
G0 F15000 X143.91 Y155.108
G0 X143.91 Y151.609
G0 X143.681 Y151.609
G1 F2615.7 X144.319 Y151.437 E1489.92709
G0 F15000 X144.09 Y151.437
G0 X144.09 Y144.435
G0 X144.32 Y144.435
G1 F2615.7 X143.68 Y143.794 E1489.95722
G0 F15000 X143.68 Y143.327
G1 F2615.7 X144.32 Y143.155 E1489.97926
G0 F15000 X143.68 Y142.985
G1 F2615.7 X144.32 Y140.598 E1490.06146
G0 F15000 X144.09 Y140.598
G0 X143.91 Y135.044
G0 X143.681 Y135.044
G1 F2615.7 X144.319 Y134.873 E1490.08343
G0 F15000 X144 Y134.1
;TYPE:SKIN
G1 F2179.8 X144 Y134.502 E1490.09947
G1 F2400 E1489.59947
;MESH:NONMESH
G0 F300 X144 Y134.502 Z11.4
G0 F15000 X144 Y134.803
G0 X143.43 Y168.092
G0 X142 Y168.092
;TIME_ELAPSED:2029.204520
;LAYER:56
;note -- min layer time used
;TYPE:SUPPORT
G1 F2400 E1490.09947
G1 F2690.1 X141.8 Y167.819 E1490.11073
G1 X141.8 Y167.753 E1490.11292
G1 X141.676 Y167.691 E1490.11753
G1 X141.39 Y167.763 E1490.12734
G1 X140.795 Y168.159 E1490.15112
G1 X140.452 Y168.553 E1490.16849
G1 X140.204 Y169.203 E1490.19163
G1 X140.201 Y170.71 E1490.24175
G1 X140.264 Y170.981 E1490.25101
G1 X140.519 Y171.538 E1490.27138
G1 X141.01 Y172.014 E1490.29413
G1 X141.435 Y172.266 E1490.31056
G1 X141.647 Y172.318 E1490.31782
G1 X141.77 Y172.273 E1490.32218
G1 X141.834 Y172.159 E1490.32652
G1 X142 Y171.949 E1490.33543
G1 F2400 E1489.83543
G0 F15000 X142.363 Y172.895
G0 X142.347 Y175.653
G0 X145.653 Y175.653
G0 X148.304 Y171.887
G0 X148.66 Y170.956
G0 X148.663 Y169.192
G0 X148.557 Y168.739
G0 X148.278 Y168.112
G0 X148.082 Y167.84
G0 X147.519 Y167.295
G0 X146.895 Y166.925
G0 X146.362 Y166.797
G0 X146.058 Y166.87
G0 X146.353 Y167.682
G1 F2400 E1490.33543
G1 F2690.1 X146.565 Y167.734 E1490.34269
G1 X146.99 Y167.986 E1490.35912
G1 X147.48 Y168.461 E1490.38182
G1 X147.736 Y169.019 E1490.40224
G1 X147.799 Y169.29 E1490.41149
G1 X147.796 Y170.796 E1490.46158
G1 X147.551 Y171.437 E1490.48441
G1 X147.186 Y171.859 E1490.50296
G1 X146.606 Y172.239 E1490.52603
G1 X146.443 Y172.298 E1490.53179
G1 X146.251 Y172.268 E1490.53826
G1 X146 Y171.923 E1490.55245
G1 X146 Y168.087 E1490.68003
G1 X146.2 Y167.861 E1490.69007
G1 X146.2 Y167.738 E1490.69416
G1 X146.353 Y167.682 E1490.69958
G1 F2400 E1490.19958
G0 F15000 X146.895 Y166.925
G0 X153.861 Y166.817
G0 X154.354 Y167.084
G0 X154 Y168.092
G1 F2400 E1490.69958
G1 F2690.1 X153.8 Y167.819 E1490.71083
G1 X153.8 Y167.753 E1490.71303
G1 X153.676 Y167.691 E1490.71764
G1 X153.39 Y167.763 E1490.72745
G1 X152.795 Y168.159 E1490.75122
G1 X152.452 Y168.553 E1490.7686
G1 X152.204 Y169.203 E1490.79174
G1 X152.201 Y170.71 E1490.84186
G1 X152.264 Y170.981 E1490.85111
G1 X152.519 Y171.538 E1490.87149
G1 X153.01 Y172.014 E1490.89423
G1 X153.435 Y172.266 E1490.91067
G1 X153.647 Y172.318 E1490.91793
G1 X153.77 Y172.273 E1490.92228
G1 X153.834 Y172.159 E1490.92663
G1 X154 Y171.949 E1490.93553
G1 F2400 E1490.43553
G0 F15000 X154.363 Y172.895
G0 X154.347 Y175.653
G0 X157.653 Y175.653
G0 X160.304 Y171.887
G0 X160.66 Y170.956
G0 X160.663 Y169.192
G0 X160.557 Y168.739
G0 X160.278 Y168.112
G0 X160.082 Y167.84
G0 X159.519 Y167.295
G0 X158.895 Y166.925
G0 X158.362 Y166.797
G0 X158.058 Y166.87
G0 X158.353 Y167.682
G1 F2400 E1490.93553
G1 F2690.1 X158.565 Y167.734 E1490.9428
G1 X158.99 Y167.986 E1490.95923
G1 X159.48 Y168.461 E1490.98193
G1 X159.736 Y169.019 E1491.00235
G1 X159.799 Y169.29 E1491.0116
G1 X159.796 Y170.796 E1491.06169
G1 X159.551 Y171.437 E1491.08451
G1 X159.186 Y171.859 E1491.10307
G1 X158.606 Y172.239 E1491.12613
G1 X158.443 Y172.298 E1491.1319
G1 X158.251 Y172.268 E1491.13836
G1 X158 Y171.923 E1491.15255
G1 X158 Y168.087 E1491.28014
G1 X158.2 Y167.861 E1491.29018
G1 X158.2 Y167.738 E1491.29427
G1 X158.353 Y167.682 E1491.29969
G1 F2400 E1490.79969
;MESH:Limiter bracket.stl
G0 F15000 X156.57 Y167.682
G0 X156.376 Y169.806
G0 X155.91 Y174.12
G0 X155.6 Y174.4
;TYPE:WALL-INNER
G1 F2400 E1491.29969
G1 F2690.1 X156.4 Y174.4 E1491.32629
G1 X156.4 Y133.9 E1492.67333
G1 X155.6 Y133.9 E1492.69994
G1 X155.6 Y174.4 E1494.04697
G0 F15000 X155.2 Y174.8
;TYPE:WALL-OUTER
G1 F2690.1 X156.8 Y174.8 E1494.10019
G1 X156.8 Y133.5 E1495.47383
G1 X155.2 Y133.5 E1495.52705
G1 X155.2 Y174.8 E1496.90069
G0 F15000 X155.48 Y174.52
G0 X155.91 Y173.387
G0 X155.681 Y173.387
;TYPE:FILL
G1 F2690.1 X156.319 Y173.216 E1496.92266
G0 F15000 X156.09 Y173.216
G0 X156.228 Y171.428
G0 X156.228 Y168.857
G0 X156.09 Y167.548
G0 X156.32 Y167.548
G1 F2690.1 X155.679 Y166.907 E1496.95281
G0 F15000 X155.91 Y166.907
G0 X155.91 Y165.105
G0 X155.681 Y165.105
G1 F2690.1 X156.319 Y164.934 E1496.97478
G0 F15000 X156.09 Y164.934
G0 X155.91 Y159.472
G0 X155.68 Y159.472
G1 F2690.1 X156.32 Y157.085 E1497.05698
G0 F15000 X156.32 Y156.651
G1 F2690.1 X155.68 Y156.823 E1497.07902
G0 F15000 X156.32 Y156.234
G1 F2690.1 X155.679 Y155.593 E1497.10917
G0 F15000 X155.91 Y155.593
G0 X155.91 Y148.54
G0 X155.681 Y148.54
G1 F2690.1 X156.319 Y148.369 E1497.13114
G0 F15000 X156.09 Y148.369
G0 X156.09 Y144.92
G0 X156.32 Y144.92
G1 F2690.1 X155.679 Y144.279 E1497.16129
G0 F15000 X155.91 Y144.279
G0 X155.91 Y140.258
G0 X155.68 Y140.258
G1 F2690.1 X156.32 Y140.087 E1497.18332
G0 F15000 X156.09 Y140.087
G0 X156.001 Y135.003
G0 X156 Y134.3
;TYPE:SKIN
G1 F2241.8 X156 Y134.702 E1497.19937
G1 F2400 E1496.69937
G0 F15000 X156 Y135.003
G0 X156.228 Y171.428
G0 X156 Y171.198
G1 F2400 E1497.19937
G1 F2241.8 X156 Y168.796 E1497.29524
G1 F2400 E1496.79524
G0 F15000 X156 Y168.499
G0 X155.43 Y174.12
G0 X154.335 Y174.12
G0 X145.665 Y174.12
G0 X144.57 Y174.12
G0 X144.09 Y174.12
G0 X144.4 Y174.4
;TYPE:WALL-INNER
G1 F2400 E1497.29524
G1 F2690.1 X144.4 Y133.9 E1498.64227
G1 X143.6 Y133.9 E1498.66888
G1 X143.6 Y174.4 E1500.01592
G1 X144.4 Y174.4 E1500.04252
G0 F15000 X144.8 Y174.8
;TYPE:WALL-OUTER
G1 F2690.1 X144.8 Y133.5 E1501.41617
G1 X143.2 Y133.5 E1501.46938
G1 X143.2 Y174.8 E1502.84303
G1 X144.8 Y174.8 E1502.89624
G0 F15000 X144.52 Y174.52
G0 X143.91 Y173.347
G0 X143.68 Y173.347
;TYPE:FILL
G1 F2690.1 X144.234 Y171.28 E1502.96742
G0 F15000 X144.119 Y171.501
G0 X144.228 Y168.571
G0 X143.91 Y168.32
G0 X143.68 Y168.32
G1 F2690.1 X144.32 Y168.149 E1502.98945
G0 F15000 X144.09 Y168.149
G0 X144.09 Y166.861
G0 X144.32 Y166.861
G1 F2690.1 X143.68 Y166.221 E1503.01956
G0 F15000 X143.91 Y166.221
G0 X143.91 Y160.038
G0 X143.681 Y160.038
G1 F2690.1 X144.32 Y159.867 E1503.04156
G0 F15000 X144.09 Y159.867
G0 X144.09 Y155.547
G0 X144.32 Y155.547
G1 F2690.1 X143.68 Y154.907 E1503.07166
G0 F15000 X143.91 Y154.907
G0 X143.91 Y151.756
G0 X143.68 Y151.756
G1 F2690.1 X144.32 Y151.584 E1503.0937
G0 F15000 X144.09 Y151.584
G0 X144.09 Y144.234
G0 X144.32 Y144.234
G1 F2690.1 X143.68 Y143.594 E1503.12381
G1 X143.68 Y143.473
G1 X144.319 Y143.302 E1503.14581
G0 F15000 X144.09 Y143.302
G0 X143.91 Y142.437
G0 X143.68 Y142.437
G1 F2690.1 X144.32 Y140.05 E1503.228
G0 F15000 X144.09 Y140.05
G0 X143.91 Y135.191
G0 X143.681 Y135.191
G1 F2690.1 X144.319 Y135.02 E1503.24997
G0 F15000 X144 Y134.3
;TYPE:SKIN
G1 F2241.8 X144 Y134.702 E1503.26602
G1 F2400 E1502.76602
G0 F15000 X144 Y135.003
G0 X144.228 Y171.428
G0 X144 Y171.198
G1 F2400 E1503.26602
G1 F2241.8 X144 Y168.798 E1503.36181
G1 F2400 E1502.86181
;MESH:NONMESH
G0 F300 X144 Y168.798 Z11.6
G0 F15000 X144 Y168.499
G0 X143.43 Y168.328
G0 X142 Y168.328
;TIME_ELAPSED:2049.220423
;LAYER:57
;note -- min layer time used
;TYPE:SUPPORT
G1 F2400 E1503.36181
G1 F2597.8 X141.881 Y168.215 E1503.36726
G1 X141.631 Y168.082 E1503.37668
G1 X141.061 Y168.461 E1503.39945
G1 X140.8 Y168.758 E1503.4126
G1 X140.603 Y169.265 E1503.43069
G1 X140.601 Y170.655 E1503.47692
G1 X140.646 Y170.858 E1503.48384
G1 X140.844 Y171.297 E1503.49986
G1 X141.268 Y171.702 E1503.51936
G1 X141.649 Y171.929 E1503.53411
G1 X142 Y171.7 E1503.54805
G1 F2400 E1503.04805
G0 F15000 X142.355 Y172.5
G0 X142.347 Y175.653
G0 X145.653 Y175.653
G0 X147.953 Y171.688
G0 X148.261 Y170.895
G0 X148.263 Y169.254
G0 X148.178 Y168.869
G0 X147.872 Y168.193
G0 X147.258 Y167.605
G0 X146.362 Y167.077
G0 X145.645 Y167.5
G0 X146.351 Y168.071
G1 F2400 E1503.54805
G1 F2597.8 X146.732 Y168.298 E1503.5628
G1 X147.156 Y168.703 E1503.5823
G1 X147.354 Y169.142 E1503.59832
G1 X147.399 Y169.345 E1503.60523
G1 X147.397 Y170.734 E1503.65143
G1 X147.204 Y171.231 E1503.66916
G1 X146.921 Y171.555 E1503.68347
G1 X146.369 Y171.917 E1503.70543
G1 X146.2 Y171.833 E1503.71171
G1 X146.2 Y171.791 E1503.7131
G1 X146 Y171.686 E1503.72062
G1 X146 Y168.303 E1503.83313
G1 X146.114 Y168.205 E1503.83813
G1 X146.351 Y168.071 E1503.84719
G1 F2400 E1503.34719
G0 F15000 X146.793 Y167.327
G0 X153.584 Y167.083
G0 X154.361 Y167.509
G0 X154 Y168.328
G1 F2400 E1503.84719
G1 F2597.8 X153.881 Y168.215 E1503.85265
G1 X153.631 Y168.082 E1503.86207
G1 X153.061 Y168.461 E1503.88483
G1 X152.8 Y168.758 E1503.89798
G1 X152.603 Y169.265 E1503.91607
G1 X152.601 Y170.655 E1503.96231
G1 X152.646 Y170.858 E1503.96922
G1 X152.844 Y171.297 E1503.98524
G1 X153.268 Y171.702 E1504.00474
G1 X153.649 Y171.929 E1504.01949
G1 X154 Y171.7 E1504.03343
G1 F2400 E1503.53343
G0 F15000 X154.355 Y172.5
G0 X154.347 Y175.653
G0 X157.653 Y175.653
G0 X159.953 Y171.688
G0 X160.261 Y170.895
G0 X160.263 Y169.254
G0 X160.178 Y168.869
G0 X159.872 Y168.193
G0 X159.258 Y167.605
G0 X158.362 Y167.077
G0 X157.645 Y167.5
G0 X158.351 Y168.071
G1 F2400 E1504.03343
G1 F2597.8 X158.732 Y168.298 E1504.04818
G1 X159.156 Y168.703 E1504.06768
G1 X159.354 Y169.142 E1504.0837
G1 X159.399 Y169.345 E1504.09062
G1 X159.397 Y170.734 E1504.13682
G1 X159.204 Y171.231 E1504.15455
G1 X158.921 Y171.555 E1504.16886
G1 X158.369 Y171.917 E1504.19081
G1 X158.2 Y171.833 E1504.19709
G1 X158.2 Y171.791 E1504.19849
G1 X158 Y171.686 E1504.206
G1 X158 Y168.303 E1504.31852
G1 X158.114 Y168.205 E1504.32352
G1 X158.351 Y168.071 E1504.33257
G1 F2400 E1503.83257
;MESH:Limiter bracket.stl
G0 F15000 X156.57 Y168.071
G0 X156.293 Y171.151
G0 X155.91 Y174.12
G0 X155.6 Y174.4
;TYPE:WALL-INNER
G1 F2400 E1504.33257
G1 F2597.8 X156.4 Y174.4 E1504.35918
G1 X156.4 Y134.1 E1505.69957
G1 X155.6 Y134.1 E1505.72617
G1 X155.6 Y174.4 E1507.06656
G0 F15000 X155.2 Y174.8
;TYPE:WALL-OUTER
G1 F2597.8 X156.8 Y174.8 E1507.11977
G1 X156.8 Y133.7 E1508.48676
G1 X155.2 Y133.7 E1508.53998
G1 X155.2 Y174.8 E1509.90697
G0 F15000 X155.48 Y174.52
G0 X155.91 Y173.533
G0 X155.68 Y173.533
;TYPE:FILL
G1 F2597.8 X156.32 Y173.362 E1509.92901
G0 F15000 X156.09 Y173.362
G0 X156.228 Y171.873
G0 X156.228 Y168.127
G0 X156.09 Y167.348
G0 X156.32 Y167.348
G1 F2597.8 X155.68 Y166.708 E1509.95911
G0 F15000 X155.91 Y166.708
G0 X155.91 Y165.251
G0 X155.681 Y165.251
G1 F2597.8 X156.32 Y165.079 E1509.98112
G0 F15000 X156.09 Y165.079
G0 X155.91 Y158.927
G0 X155.68 Y158.927
G1 F2597.8 X156.32 Y156.541 E1510.06328
G0 F15000 X156.32 Y156.797
G1 F2597.8 X155.681 Y156.968 E1510.08528
G0 F15000 X155.91 Y156.968
G0 X156.09 Y156.034
G0 X156.32 Y156.034
G1 F2597.8 X155.68 Y155.394 E1510.11539
G0 F15000 X155.91 Y155.394
G0 X155.91 Y148.686
G0 X155.681 Y148.686
G1 F2597.8 X156.32 Y148.515 E1510.13739
G0 F15000 X156.09 Y148.515
G0 X156.09 Y144.721
G0 X156.32 Y144.721
G1 F2597.8 X155.68 Y144.081 E1510.16749
G0 F15000 X155.91 Y144.081
G0 X155.91 Y140.404
G0 X155.681 Y140.404
G1 F2597.8 X156.319 Y140.233 E1510.18946
G0 F15000 X156.09 Y140.233
G0 X156.001 Y135.203
G0 X156 Y134.5
;TYPE:SKIN
G1 F2164.9 X156 Y134.902 E1510.20551
G1 F2400 E1509.70551
G0 F15000 X156 Y135.203
G0 X156.228 Y171.873
G0 X156 Y171.644
G1 F2400 E1510.20551
G1 F2164.9 X156 Y168.352 E1510.3369
G1 F2400 E1509.8369
G0 F15000 X156 Y168.055
G0 X155.43 Y174.12
G0 X154.335 Y174.12
G0 X145.665 Y174.12
G0 X144.57 Y174.12
G0 X144.09 Y174.12
G0 X144.4 Y174.4
;TYPE:WALL-INNER
G1 F2400 E1510.3369
G1 F2597.8 X144.4 Y134.1 E1511.67728
G1 X143.6 Y134.1 E1511.70389
G1 X143.6 Y174.4 E1513.04427
G1 X144.4 Y174.4 E1513.07088
G0 F15000 X144.8 Y174.8
;TYPE:WALL-OUTER
G1 F2597.8 X144.8 Y133.7 E1514.43787
G1 X143.2 Y133.7 E1514.49109
G1 X143.2 Y174.8 E1515.85808
G1 X144.8 Y174.8 E1515.9113
G0 F15000 X144.52 Y174.52
G0 X143.91 Y172.801
G0 X143.681 Y172.801
;TYPE:FILL
G1 F2597.8 X143.969 Y171.724 E1515.94838
G0 F15000 X143.969 Y171.945
G0 X144.228 Y171.873
G0 X144.228 Y168.502
G0 X144.09 Y166.662
G0 X144.32 Y166.662
G1 F2597.8 X143.68 Y166.022 E1515.97848
G0 F15000 X143.91 Y166.022
G0 X143.91 Y160.184
G0 X143.68 Y160.184
G1 F2597.8 X144.32 Y160.013 E1516.00051
G0 F15000 X144.09 Y160.013
G0 X144.09 Y155.348
G0 X144.32 Y155.348
G1 F2597.8 X143.68 Y154.708 E1516.03062
G0 F15000 X143.91 Y154.708
G0 X143.91 Y151.902
G0 X143.68 Y151.902
G1 F2597.8 X144.32 Y151.73 E1516.05266
G0 F15000 X144.09 Y151.73
G0 X144.09 Y144.034
G0 X144.32 Y144.034
G1 F2597.8 X143.68 Y143.394 E1516.08276
G0 F15000 X143.68 Y143.62
G1 F2597.8 X144.32 Y143.448 E1516.1048
G0 F15000 X144.09 Y143.448
G0 X143.91 Y141.894
G0 X143.68 Y141.894
G1 F2597.8 X144.319 Y139.507 E1516.18699
G0 F15000 X144.09 Y139.507
G0 X143.91 Y135.337
G0 X143.681 Y135.337
G1 F2597.8 X144.32 Y135.166 E1516.20899
G0 F15000 X144 Y134.5
;TYPE:SKIN
G1 F2164.9 X144 Y134.902 E1516.22504
G1 F2400 E1515.72504
G0 F15000 X144 Y135.203
G0 X144.228 Y171.873
G0 X144 Y171.644
G1 F2400 E1516.22504
G1 F2164.9 X144 Y168.352 E1516.35643
G1 F2400 E1515.85643
;MESH:NONMESH
G0 F300 X144 Y168.352 Z11.8
G0 F15000 X144 Y168.055
G0 X143.43 Y168.462
G0 X142 Y168.462
;TIME_ELAPSED:2069.412237
;LAYER:58
;note -- min layer time used
;TYPE:SUPPORT
G1 F2400 E1516.35643
G1 F2568.7 X141.643 Y168.319 E1516.36922
G1 X141.195 Y168.612 E1516.38702
G1 X140.975 Y168.86 E1516.39805
G1 X140.803 Y169.305 E1516.41392
G1 X140.801 Y170.717 E1516.46088
G1 X141.012 Y171.184 E1516.47792
G1 X141.372 Y171.532 E1516.49458
G1 X141.648 Y171.696 E1516.50526
G1 X142 Y171.544 E1516.51801
G1 F2400 E1516.01801
G0 F15000 X142.351 Y172.334
G0 X142.347 Y175.653
G0 X145.653 Y175.653
G0 X147.78 Y171.582
G0 X148.061 Y170.857
G0 X148.063 Y169.255
G0 X147.997 Y168.95
G0 X147.706 Y168.311
G0 X147.158 Y167.777
G0 X146.36 Y167.31
G0 X145.825 Y167.609
G0 X146.352 Y168.303
G1 F2400 E1516.51801
G1 F2568.7 X146.631 Y168.469 E1516.52881
G1 X146.987 Y168.816 E1516.54534
G1 X147.199 Y169.284 E1516.56243
G1 X147.197 Y170.697 E1516.60943
G1 X147.031 Y171.125 E1516.62469
G1 X146.789 Y171.402 E1516.63693
G1 X146.358 Y171.684 E1516.65406
G1 X146 Y171.535 E1516.66696
G1 X146 Y168.455 E1516.7694
G1 X146.143 Y168.422 E1516.77428
G1 X146.352 Y168.303 E1516.78228
G1 F2400 E1516.28228
G0 F15000 X147.158 Y167.777
G0 X153.601 Y167.32
G0 X154.144 Y167.607
G0 X154 Y168.462
G1 F2400 E1516.78228
G1 F2568.7 X153.643 Y168.319 E1516.79507
G1 X153.195 Y168.612 E1516.81287
G1 X152.975 Y168.86 E1516.8239
G1 X152.803 Y169.305 E1516.83977
G1 X152.801 Y170.717 E1516.88673
G1 X153.012 Y171.184 E1516.90378
G1 X153.372 Y171.532 E1516.92043
G1 X153.648 Y171.696 E1516.93111
G1 X154 Y171.544 E1516.94386
G1 F2400 E1516.44386
G0 F15000 X154.351 Y172.334
G0 X154.347 Y175.653
G0 X157.653 Y175.653
G0 X159.78 Y171.582
G0 X160.061 Y170.857
G0 X160.063 Y169.255
G0 X159.997 Y168.95
G0 X159.706 Y168.311
G0 X159.158 Y167.777
G0 X158.36 Y167.31
G0 X157.825 Y167.609
G0 X158.352 Y168.303
G1 F2400 E1516.94386
G1 F2568.7 X158.631 Y168.469 E1516.95466
G1 X158.987 Y168.816 E1516.97119
G1 X159.199 Y169.284 E1516.98828
G1 X159.197 Y170.697 E1517.03528
G1 X159.031 Y171.125 E1517.05055
G1 X158.789 Y171.402 E1517.06278
G1 X158.358 Y171.684 E1517.07991
G1 X158 Y171.535 E1517.09281
G1 X158 Y168.455 E1517.19525
G1 X158.143 Y168.422 E1517.20013
G1 X158.352 Y168.303 E1517.20813
G1 F2400 E1516.70813
;MESH:Limiter bracket.stl
G0 F15000 X156.57 Y168.303
G0 X156.262 Y171.761
G0 X155.91 Y174.12
G0 X155.6 Y174.4
;TYPE:WALL-INNER
G1 F2400 E1517.20813
G1 F2568.7 X156.4 Y174.4 E1517.23474
G1 X156.4 Y134.3 E1518.56847
G1 X155.6 Y134.3 E1518.59508
G1 X155.6 Y174.4 E1519.92881
G0 F15000 X155.2 Y174.8
;TYPE:WALL-OUTER
G1 F2568.7 X156.8 Y174.8 E1519.98202
G1 X156.8 Y133.9 E1521.34236
G1 X155.2 Y133.9 E1521.39558
G1 X155.2 Y174.8 E1522.75592
G0 F15000 X155.48 Y174.52
G0 X155.91 Y173.679
G0 X155.68 Y173.679
;TYPE:FILL
G1 F2568.7 X156.32 Y173.508 E1522.77795
G0 F15000 X156.09 Y173.508
G0 X156.228 Y172.145
G0 X156.228 Y167.854
G0 X156.09 Y167.149
G0 X156.32 Y167.149
G1 F2568.7 X155.679 Y166.508 E1522.8081
G0 F15000 X155.91 Y166.508
G0 X155.91 Y165.397
G0 X155.68 Y165.397
G1 F2568.7 X156.319 Y165.226 E1522.8301
G0 F15000 X156.09 Y165.226
G0 X155.91 Y158.383
G0 X155.68 Y158.383
G1 F2568.7 X156.32 Y155.995 E1522.91233
G1 X156.32 Y155.835
G1 X155.679 Y155.194 E1522.94248
G0 F15000 X155.91 Y155.194
G0 X156.09 Y156.943
G0 X156.319 Y156.943
G1 F2568.7 X155.68 Y157.115 E1522.96449
G0 F15000 X155.91 Y157.115
G0 X155.91 Y148.832
G0 X155.68 Y148.832
G1 F2568.7 X156.32 Y148.661 E1522.98653
G0 F15000 X156.09 Y148.661
G0 X156.09 Y144.521
G0 X156.32 Y144.521
G1 F2568.7 X155.679 Y143.881 E1523.01665
G0 F15000 X155.91 Y143.881
G0 X155.91 Y140.55
G0 X155.68 Y140.55
G1 F2568.7 X156.319 Y140.379 E1523.03865
G0 F15000 X156.09 Y140.379
G0 X156.001 Y135.403
G0 X156 Y134.7
;TYPE:SKIN
G1 F2140.5 X156 Y135.102 E1523.0547
G1 F2400 E1522.5547
G0 F15000 X156 Y135.403
G0 X156.228 Y172.145
G0 X156 Y171.916
G1 F2400 E1523.0547
G1 F2140.5 X156 Y168.082 E1523.20772
G1 F2400 E1522.70772
G0 F15000 X156 Y167.782
G0 X155.43 Y174.12
G0 X154.335 Y174.12
G0 X145.665 Y174.12
G0 X144.57 Y174.12
G0 X144.09 Y174.12
G0 X144.4 Y174.4
;TYPE:WALL-INNER
G1 F2400 E1523.20772
G1 F2568.7 X144.4 Y134.3 E1524.54145
G1 X143.6 Y134.3 E1524.56806
G1 X143.6 Y174.4 E1525.90179
G1 X144.4 Y174.4 E1525.9284
G0 F15000 X144.8 Y174.8
;TYPE:WALL-OUTER
G1 F2568.7 X144.8 Y133.9 E1527.28874
G1 X143.2 Y133.9 E1527.34196
G1 X143.2 Y174.8 E1528.7023
G1 X144.8 Y174.8 E1528.75551
G0 F15000 X144.52 Y174.52
G0 X143.91 Y172.257
G0 X143.68 Y172.257
;TYPE:FILL
G1 F2568.7 X143.75 Y171.998 E1528.76444
G0 F15000 X143.909 Y172.218
G0 X143.772 Y167.855
G0 X144.09 Y166.463
G0 X144.32 Y166.463
G1 F2568.7 X143.68 Y165.822 E1528.79456
G0 F15000 X143.91 Y165.822
G0 X143.91 Y160.33
G0 X143.68 Y160.33
G1 F2568.7 X144.32 Y160.159 E1528.8166
G0 F15000 X144.09 Y160.159
G0 X144.09 Y155.149
G0 X144.32 Y155.149
G1 F2568.7 X143.68 Y154.508 E1528.84672
G0 F15000 X143.91 Y154.508
G0 X143.91 Y152.048
G0 X143.681 Y152.048
G1 F2568.7 X144.319 Y151.877 E1528.86869
G0 F15000 X144.09 Y151.877
G0 X144.09 Y143.835
G0 X144.32 Y143.835
G1 F2568.7 X143.68 Y143.195 E1528.8988
G0 F15000 X143.68 Y143.766
G1 F2568.7 X144.319 Y143.594 E1528.92081
G0 F15000 X144.09 Y143.594
G0 X143.91 Y141.348
G0 X143.68 Y141.348
G1 F2568.7 X144.32 Y138.961 E1529.003
G0 F15000 X144.09 Y138.961
G0 X143.91 Y135.483
G0 X143.68 Y135.483
G1 F2568.7 X144.32 Y135.312 E1529.02504
G0 F15000 X144 Y134.7
;TYPE:SKIN
G1 F2140.5 X144 Y135.102 E1529.04108
G1 F2400 E1528.54108
G0 F15000 X144 Y135.403
G0 X144.228 Y172.145
G0 X144 Y171.916
G1 F2400 E1529.04108
G1 F2140.5 X144 Y168.082 E1529.1941
G1 F2400 E1528.6941
;MESH:NONMESH
G0 F300 X144 Y168.082 Z12
G0 F15000 X144 Y167.782
G0 X143.43 Y168.463
G0 X142 Y168.463
;TIME_ELAPSED:2089.517774
;LAYER:59
;note -- min layer time used
;TYPE:SUPPORT
G1 F2400 E1529.1941
G1 F2560.9 X141.643 Y168.319 E1529.20691
G1 X141.194 Y168.613 E1529.22476
G1 X140.974 Y168.862 E1529.23581
G1 X140.803 Y169.303 E1529.25154
G1 X140.801 Y170.716 E1529.29854
G1 X141.013 Y171.184 E1529.31563
G1 X141.369 Y171.531 E1529.33216
G1 X141.648 Y171.696 E1529.34294
G1 X142 Y171.541 E1529.35573
G1 F2400 E1528.85573
G0 F15000 X142.352 Y172.327
G0 X142.347 Y175.653
G0 X145.653 Y175.653
G0 X147.78 Y171.58
G0 X148.061 Y170.857
G0 X148.063 Y169.255
G0 X147.997 Y168.95
G0 X147.706 Y168.311
G0 X147.158 Y167.777
G0 X146.357 Y167.307
G0 X145.826 Y167.609
G0 X146.352 Y168.303
G1 F2400 E1529.35573
G1 F2560.9 X146.631 Y168.469 E1529.36653
G1 X146.987 Y168.816 E1529.38307
G1 X147.199 Y169.284 E1529.40015
G1 X147.197 Y170.697 E1529.44715
G1 X147.03 Y171.127 E1529.46249
G1 X146.79 Y171.4 E1529.47458
G1 X146.358 Y171.684 E1529.49178
G1 X146 Y171.526 E1529.50479
G1 X146 Y168.46 E1529.60677
G1 X146.352 Y168.303 E1529.61959
G1 F2400 E1529.11959
G0 F15000 X147.158 Y167.777
G0 X153.601 Y167.32
G0 X154.139 Y167.604
G0 X154 Y168.463
G1 F2400 E1529.61959
G1 F2560.9 X153.643 Y168.319 E1529.63239
G1 X153.194 Y168.613 E1529.65024
G1 X152.974 Y168.862 E1529.66129
G1 X152.803 Y169.303 E1529.67703
G1 X152.801 Y170.716 E1529.72402
G1 X153.013 Y171.184 E1529.74111
G1 X153.369 Y171.531 E1529.75765
G1 X153.648 Y171.696 E1529.76843
G1 X154 Y171.541 E1529.78122
G1 F2400 E1529.28122
G0 F15000 X154.352 Y172.327
G0 X154.347 Y175.653
G0 X157.653 Y175.653
G0 X159.78 Y171.58
G0 X160.061 Y170.857
G0 X160.063 Y169.255
G0 X159.997 Y168.95
G0 X159.706 Y168.311
G0 X159.158 Y167.777
G0 X158.357 Y167.307
G0 X157.826 Y167.609
G0 X158.352 Y168.303
G1 F2400 E1529.78122
G1 F2560.9 X158.631 Y168.469 E1529.79202
G1 X158.987 Y168.816 E1529.80855
G1 X159.199 Y169.284 E1529.82564
G1 X159.197 Y170.697 E1529.87264
G1 X159.03 Y171.127 E1529.88798
G1 X158.79 Y171.4 E1529.90007
G1 X158.358 Y171.684 E1529.91726
G1 X158 Y171.526 E1529.93028
G1 X158 Y168.46 E1530.03226
G1 X158.352 Y168.303 E1530.04507
G1 F2400 E1529.54507
;MESH:Limiter bracket.stl
G0 F15000 X156.57 Y168.303
G0 X156.262 Y171.948
G0 X155.91 Y174.12
G0 X155.6 Y174.4
;TYPE:WALL-INNER
G1 F2400 E1530.04507
G1 F2560.9 X156.4 Y174.4 E1530.07168
G1 X156.4 Y134.5 E1531.39876
G1 X155.6 Y134.5 E1531.42537
G1 X155.6 Y174.4 E1532.75245
G0 F15000 X155.2 Y174.8
;TYPE:WALL-OUTER
G1 F2560.9 X156.8 Y174.8 E1532.80567
G1 X156.8 Y134.1 E1534.15935
G1 X155.2 Y134.1 E1534.21257
G1 X155.2 Y174.8 E1535.56626
G0 F15000 X155.48 Y174.52
G0 X155.91 Y173.826
G0 X155.68 Y173.826
;TYPE:FILL
G1 F2560.9 X156.32 Y173.655 E1535.58829
G0 F15000 X156.09 Y173.655
G0 X156.228 Y172.353
G0 X156.228 Y167.646
G0 X156.09 Y166.948
G0 X156.32 Y166.948
G1 F2560.9 X155.679 Y166.307 E1535.61844
G0 F15000 X155.681 Y165.544
G1 F2560.9 X156.319 Y165.373 E1535.64041
G0 F15000 X156.09 Y165.373
G0 X155.91 Y157.834
G0 X155.68 Y157.834
G1 F2560.9 X156.32 Y155.446 E1535.72264
G1 X156.32 Y155.634
G1 X155.679 Y154.994 E1535.75277
G0 F15000 X155.91 Y154.994
G0 X156.09 Y157.09
G0 X156.319 Y157.09
G1 F2560.9 X155.681 Y157.261 E1535.77473
G0 F15000 X155.91 Y157.261
G0 X155.91 Y148.979
G0 X155.68 Y148.979
G1 F2560.9 X156.32 Y148.808 E1535.79677
G0 F15000 X156.09 Y148.808
G0 X156.09 Y144.32
G0 X156.32 Y144.32
G1 F2560.9 X155.679 Y143.68 E1535.82689
G0 F15000 X155.91 Y143.68
G0 X155.91 Y140.697
G0 X155.681 Y140.697
G1 F2560.9 X156.319 Y140.526 E1535.84886
G0 F15000 X156.09 Y140.526
G0 X156.001 Y135.603
G0 X156 Y134.9
;TYPE:SKIN
G1 F2134.1 X156 Y135.302 E1535.86491
G1 F2400 E1535.36491
G0 F15000 X156 Y135.603
G0 X156.228 Y167.646
G0 X156.228 Y172.353
G0 X156 Y172.124
G1 F2400 E1535.86491
G1 F2134.1 X156 Y167.874 E1536.03453
G1 F2400 E1535.53453
G0 F15000 X156 Y167.574
G0 X155.43 Y174.12
G0 X154.335 Y174.12
G0 X145.665 Y174.12
G0 X144.57 Y174.12
G0 X144.09 Y174.12
G0 X144.4 Y174.4
;TYPE:WALL-INNER
G1 F2400 E1536.03453
G1 F2560.9 X144.4 Y134.5 E1537.36161
G1 X143.6 Y134.5 E1537.38822
G1 X143.6 Y174.4 E1538.7153
G1 X144.4 Y174.4 E1538.74191
G0 F15000 X144.8 Y174.8
;TYPE:WALL-OUTER
G1 F2560.9 X144.8 Y134.1 E1540.0956
G1 X143.2 Y134.1 E1540.14881
G1 X143.2 Y174.8 E1541.5025
G1 X144.8 Y174.8 E1541.55572
G0 F15000 X144.52 Y174.52
G0 X144.257 Y168.333
G0 X144.09 Y166.261
G0 X144.32 Y166.261
;TYPE:FILL
G1 F2560.9 X143.68 Y165.621 E1541.58582
G0 F15000 X143.91 Y165.621
G0 X143.91 Y160.477
G0 X143.681 Y160.477
G1 F2560.9 X144.32 Y160.306 E1541.60782
G0 F15000 X144.09 Y160.306
G0 X144.09 Y154.948
G0 X144.32 Y154.948
G1 F2560.9 X143.68 Y154.308 E1541.63793
G0 F15000 X143.91 Y154.308
G0 X143.91 Y152.195
G0 X143.681 Y152.195
G1 F2560.9 X144.319 Y152.024 E1541.65989
G0 F15000 X144.09 Y152.024
G0 X143.91 Y143.912
G0 X143.681 Y143.912
G1 F2560.9 X144.32 Y143.741 E1541.6819
G1 X144.32 Y143.634
G1 X143.68 Y142.994 E1541.712
G0 F15000 X143.91 Y142.994
G0 X143.91 Y140.8
G0 X143.68 Y140.8
G1 F2560.9 X144.32 Y138.411 E1541.79426
G0 F15000 X144.09 Y138.411
G0 X143.91 Y135.63
G0 X143.68 Y135.63
G1 F2560.9 X144.32 Y135.459 E1541.81629
G0 F15000 X144 Y134.9
;TYPE:SKIN
G1 F2134.1 X144 Y135.302 E1541.83234
G1 F2400 E1541.33234
G0 F15000 X144 Y135.603
G0 X144.228 Y167.646
G0 X144.228 Y172.353
G0 X144 Y172.124
G1 F2400 E1541.83234
G1 F2134.1 X144 Y167.874 E1542.00196
G1 F2400 E1541.50196
;MESH:NONMESH
G0 F300 X144 Y167.874 Z12.2
G0 F15000 X144 Y167.574
G0 X143.43 Y168.747
G0 X142 Y168.747
;TIME_ELAPSED:2109.401242
;LAYER:60
;note -- min layer time used
;TYPE:SUPPORT
G1 F2400 E1542.00196
G1 F2416.2 X141.842 Y168.662 E1542.00793
G1 X141.469 Y168.908 E1542.02279
G1 X141.324 Y169.072 E1542.03007
G1 X141.2 Y169.393 E1542.04152
G1 X141.201 Y170.632 E1542.08273
G1 X141.345 Y170.95 E1542.09434
G1 X141.613 Y171.21 E1542.10676
G1 X141.848 Y171.35 E1542.11586
G1 X142 Y171.263 E1542.12168
G1 F2400 E1541.62168
G0 F15000 X142.355 Y172.033
G0 X142.347 Y175.653
G0 X145.653 Y175.653
G0 X147.664 Y170.77
G0 X147.663 Y169.182
G0 X147.375 Y168.545
G0 X146.916 Y168.099
G0 X146.158 Y167.656
G0 X145.645 Y167.967
G0 X146.152 Y168.65
G1 F2400 E1542.12168
G1 F2416.2 X146.39 Y168.791 E1542.13088
G1 X146.655 Y169.049 E1542.14318
G1 X146.799 Y169.367 E1542.15479
G1 X146.8 Y170.609 E1542.1961
G1 X146.678 Y170.925 E1542.20737
G1 X146.528 Y171.093 E1542.21486
G1 X146.162 Y171.334 E1542.22944
G1 X146 Y171.253 E1542.23546
G1 X146 Y168.737 E1542.31914
G1 X146.152 Y168.65 E1542.32497
G1 F2400 E1541.82497
G0 F15000 X146.916 Y168.099
G0 X153.436 Y167.894
G0 X154 Y168.747
G1 F2400 E1542.32497
G1 F2416.2 X153.842 Y168.662 E1542.33093
G1 X153.469 Y168.908 E1542.3458
G1 X153.324 Y169.072 E1542.35308
G1 X153.2 Y169.393 E1542.36452
G1 X153.201 Y170.632 E1542.40573
G1 X153.345 Y170.95 E1542.41734
G1 X153.613 Y171.21 E1542.42976
G1 X153.848 Y171.35 E1542.43886
G1 X154 Y171.263 E1542.44468
G1 F2400 E1541.94468
G0 F15000 X154.355 Y172.033
G0 X154.347 Y175.653
G0 X157.653 Y175.653
G0 X159.664 Y170.77
G0 X159.663 Y169.182
G0 X159.375 Y168.545
G0 X158.916 Y168.099
G0 X158.158 Y167.656
G0 X157.645 Y167.967
G0 X158.152 Y168.65
G1 F2400 E1542.44468
G1 F2416.2 X158.39 Y168.791 E1542.45388
G1 X158.655 Y169.049 E1542.46619
G1 X158.799 Y169.367 E1542.4778
G1 X158.8 Y170.609 E1542.51911
G1 X158.678 Y170.925 E1542.53037
G1 X158.528 Y171.093 E1542.53786
G1 X158.162 Y171.334 E1542.55244
G1 X158 Y171.253 E1542.55846
G1 X158 Y168.737 E1542.64214
G1 X158.152 Y168.65 E1542.64797
G1 F2400 E1542.14797
;MESH:Limiter bracket.stl
G0 F15000 X156.57 Y168.65
G0 X155.6 Y168.796
;TYPE:WALL-INNER
G1 F2400 E1542.64797
G1 F2416.2 X156.4 Y168.796 E1542.67458
G1 X156.4 Y134.7 E1543.80862
G1 X155.6 Y134.7 E1543.83522
G1 X155.6 Y168.796 E1544.96926
G0 F15000 X155.2 Y169.196
;TYPE:WALL-OUTER
G1 F2416.2 X156.8 Y169.196 E1545.02248
G1 X156.8 Y134.3 E1546.18312
G1 X155.2 Y134.3 E1546.23634
G1 X155.2 Y169.196 E1547.39698
G0 F15000 X155.48 Y168.919
G0 X155.743 Y167.643
G0 X156.09 Y166.749
G0 X156.32 Y166.749
;TYPE:FILL
G1 F2416.2 X155.68 Y166.109 E1547.42709
G0 F15000 X155.68 Y165.69
G1 F2416.2 X156.32 Y165.518 E1547.44913
G0 F15000 X156.09 Y165.518
G0 X155.91 Y157.407
G0 X155.681 Y157.407
G1 F2416.2 X156.319 Y157.236 E1547.4711
G0 F15000 X155.68 Y157.289
G1 F2416.2 X156.32 Y154.902 E1547.5533
G0 F15000 X156.32 Y155.435
G1 F2416.2 X155.68 Y154.795 E1547.5834
G0 F15000 X155.91 Y154.795
G0 X155.91 Y149.125
G0 X155.681 Y149.125
G1 F2416.2 X156.32 Y148.954 E1547.6054
G0 F15000 X156.09 Y148.954
G0 X156.09 Y144.121
G0 X156.32 Y144.121
G1 F2416.2 X155.68 Y143.481 E1547.6355
G0 F15000 X155.91 Y143.481
G0 X155.91 Y140.843
G0 X155.681 Y140.843
G1 F2416.2 X156.319 Y140.672 E1547.65747
G0 F15000 X156.09 Y140.672
G0 X156.001 Y135.803
G0 X156 Y135.1
;TYPE:SKIN
G1 F2013.5 X156 Y135.502 E1547.67352
G1 F2400 E1547.17352
G0 F15000 X156 Y135.803
G0 X155.7 Y168.396
G0 X156 Y168.396
G1 F2400 E1547.67352
G1 F2013.5 X156 Y167.726 E1547.70026
G1 F2400 E1547.20026
G0 F15000 X156 Y167.428
G0 X155.772 Y168.512
G0 X155.91 Y168.969
G0 X155.911 Y171.011
G0 X155.911 Y171.36
G0 X155.772 Y172.286
G0 X155.91 Y174.12
G0 X155.6 Y174.4
;TYPE:WALL-INNER
G1 F2400 E1547.70026
G1 F2416.2 X156.4 Y174.4 E1547.72687
G1 X156.4 Y171.2 E1547.8333
G1 X155.6 Y171.2 E1547.85991
G1 X155.6 Y174.4 E1547.96634
G0 F15000 X155.2 Y174.8
;TYPE:WALL-OUTER
G1 F2416.2 X156.8 Y174.8 E1548.01956
G1 X156.8 Y170.8 E1548.1526
G1 X155.2 Y170.8 E1548.20581
G1 X155.2 Y174.8 E1548.33885
G0 F15000 X155.68 Y173.972
;TYPE:FILL
G1 F2416.2 X156.319 Y173.801 E1548.36085
G0 F15000 X156.09 Y173.801
G0 X155.804 Y172.63
G0 X155.7 Y171.6
G0 X156 Y171.6
;TYPE:SKIN
G1 F2013.5 X156 Y172.27 E1548.3876
G1 F2400 E1547.8876
G0 F15000 X156 Y172.572
G0 X155.43 Y174.12
G0 X154.335 Y174.12
G0 X145.665 Y174.12
G0 X144.57 Y174.12
G0 X144.09 Y174.12
G0 X144.4 Y174.4
;TYPE:WALL-INNER
G1 F2400 E1548.3876
G1 F2416.2 X144.4 Y171.2 E1548.49403
G1 X143.6 Y171.2 E1548.52064
G1 X143.6 Y174.4 E1548.62707
G1 X144.4 Y174.4 E1548.65368
G0 F15000 X144.8 Y174.8
;TYPE:WALL-OUTER
G1 F2416.2 X144.8 Y170.8 E1548.78672
G1 X143.2 Y170.8 E1548.83993
G1 X143.2 Y174.8 E1548.97297
G1 X144.8 Y174.8 E1549.02619
G0 F15000 X144.52 Y174.52
G0 X143.772 Y172.5
G0 X143.7 Y171.6
G0 X144 Y171.6
;TYPE:SKIN
G1 F2013.5 X144 Y172.27 E1549.05293
G1 F2400 E1548.55293
G0 F15000 X144 Y172.572
G0 X144.401 Y171.011
G0 X144.4 Y168.989
G0 X144.4 Y168.797
;TYPE:WALL-INNER
G1 F2400 E1549.05293
G1 F2416.2 X144.4 Y134.7 E1550.187
G1 X143.6 Y134.7 E1550.21361
G1 X143.6 Y168.798 E1551.34771
G1 X144.4 Y168.797 E1551.37432
G0 F15000 X144.8 Y169.196
;TYPE:WALL-OUTER
G1 F2416.2 X144.8 Y134.3 E1552.53497
G1 X143.2 Y134.3 E1552.58818
G1 X143.2 Y169.199 E1553.74893
G1 X144.8 Y169.196 E1553.80215
G0 F15000 X144.52 Y168.919
G0 X144.09 Y166.063
G0 X144.32 Y166.063
;TYPE:FILL
G1 F2416.2 X143.68 Y165.422 E1553.83227
G0 F15000 X143.91 Y165.422
G0 X143.91 Y160.623
G0 X143.68 Y160.623
G1 F2416.2 X144.32 Y160.452 E1553.85431
G0 F15000 X144.09 Y160.452
G0 X144.09 Y154.749
G0 X144.32 Y154.749
G1 F2416.2 X143.68 Y154.108 E1553.88443
G0 F15000 X143.91 Y154.108
G0 X143.91 Y152.341
G0 X143.68 Y152.341
G1 F2416.2 X144.32 Y152.169 E1553.90648
G0 F15000 X144.09 Y152.169
G0 X143.91 Y144.058
G0 X143.681 Y144.058
G1 F2416.2 X144.319 Y143.887 E1553.92844
G0 F15000 X144.32 Y143.435
G1 F2416.2 X143.68 Y142.795 E1553.95855
G0 F15000 X143.91 Y142.795
G0 X143.91 Y140.254
G0 X143.68 Y140.254
G1 F2416.2 X144.32 Y137.866 E1554.04078
G0 F15000 X144.09 Y137.866
G0 X143.91 Y135.776
G0 X143.68 Y135.776
G1 F2416.2 X144.32 Y135.605 E1554.06281
G0 F15000 X144 Y135.1
;TYPE:SKIN
G1 F2013.5 X144 Y135.502 E1554.07885
G1 F2400 E1553.57885
G0 F15000 X144 Y135.803
G0 X143.7 Y168.396
G0 X144 Y168.396
G1 F2400 E1554.07885
G1 F2013.5 X144 Y167.726 E1554.1056
G1 F2400 E1553.6056
;MESH:NONMESH
G0 F300 X144 Y167.726 Z12.4
G0 F15000 X144 Y167.428
G0 X143.43 Y168.747
G0 X142 Y168.747
;TIME_ELAPSED:2130.347370
;LAYER:61
;note -- min layer time used
;TYPE:SUPPORT
G1 F2400 E1554.1056
G1 F2292.9 X141.842 Y168.662 E1554.11156
G1 X141.468 Y168.909 E1554.12647
G1 X141.324 Y169.072 E1554.1337
G1 X141.2 Y169.393 E1554.14515
G1 X141.201 Y170.632 E1554.18636
G1 X141.345 Y170.95 E1554.19797
G1 X141.612 Y171.209 E1554.21034
G1 X141.849 Y171.349 E1554.2195
G1 X142 Y171.263 E1554.22528
G1 F2400 E1553.72528
G0 F15000 X142.355 Y172.033
G0 X142.347 Y175.653
G0 X145.653 Y175.653
G0 X147.664 Y170.768
G0 X147.663 Y169.182
G0 X147.375 Y168.545
G0 X146.917 Y168.1
G0 X146.158 Y167.656
G0 X145.645 Y167.967
G0 X146.151 Y168.651
G1 F2400 E1554.22528
G1 F2292.9 X146.391 Y168.792 E1554.23453
G1 X146.655 Y169.049 E1554.24679
G1 X146.799 Y169.367 E1554.2584
G1 X146.8 Y170.607 E1554.29964
G1 X146.676 Y170.929 E1554.31112
G1 X146.534 Y171.089 E1554.31823
G1 X146.163 Y171.333 E1554.333
G1 X146 Y171.249 E1554.3391
G1 X146 Y168.737 E1554.42265
G1 X146.151 Y168.651 E1554.42843
G1 F2400 E1553.92843
G0 F15000 X146.917 Y168.1
G0 X153.174 Y168.067
G0 X154 Y168.747
G1 F2400 E1554.42843
G1 F2292.9 X153.842 Y168.662 E1554.4344
G1 X153.468 Y168.909 E1554.4493
G1 X153.324 Y169.072 E1554.45654
G1 X153.2 Y169.393 E1554.46798
G1 X153.201 Y170.632 E1554.50919
G1 X153.345 Y170.95 E1554.5208
G1 X153.612 Y171.209 E1554.53318
G1 X153.849 Y171.349 E1554.54233
G1 X154 Y171.263 E1554.54811
G1 F2400 E1554.04811
G0 F15000 X154.355 Y172.033
G0 X154.347 Y175.653
G0 X157.653 Y175.653
G0 X159.664 Y170.768
G0 X159.663 Y169.182
G0 X159.375 Y168.545
G0 X158.917 Y168.1
G0 X158.158 Y167.656
G0 X157.645 Y167.967
G0 X158.151 Y168.651
G1 F2400 E1554.54811
G1 F2292.9 X158.391 Y168.792 E1554.55737
G1 X158.655 Y169.049 E1554.56962
G1 X158.799 Y169.367 E1554.58123
G1 X158.8 Y170.607 E1554.62248
G1 X158.676 Y170.929 E1554.63395
G1 X158.534 Y171.089 E1554.64107
G1 X158.163 Y171.333 E1554.65584
G1 X158 Y171.249 E1554.66194
G1 X158 Y168.737 E1554.74549
G1 X158.151 Y168.651 E1554.75127
G1 F2400 E1554.25127
;MESH:Limiter bracket.stl
G0 F15000 X156.576 Y168.531
G0 X155.91 Y168.075
G0 X155.6 Y168.352
;TYPE:WALL-INNER
G1 F2400 E1554.75127
G1 F2292.9 X156.4 Y168.352 E1554.77787
G1 X156.4 Y134.9 E1555.89049
G1 X155.6 Y134.9 E1555.9171
G1 X155.6 Y168.352 E1557.02972
G0 F15000 X155.2 Y168.752
;TYPE:WALL-OUTER
G1 F2292.9 X156.8 Y168.752 E1557.08293
G1 X156.8 Y134.5 E1558.22216
G1 X155.2 Y134.5 E1558.27538
G1 X155.2 Y168.752 E1559.4146
G0 F15000 X155.48 Y168.475
G0 X156.09 Y166.548
G0 X156.32 Y166.548
;TYPE:FILL
G1 F2292.9 X155.679 Y165.907 E1559.44475
G1 X155.68 Y165.837
G1 X156.32 Y165.665 E1559.4668
G0 F15000 X156.09 Y165.665
G0 X155.91 Y157.555
G0 X155.68 Y157.555
G1 F2292.9 X156.32 Y157.383 E1559.48884
G0 F15000 X155.68 Y156.741
G1 F2292.9 X156.32 Y154.353 E1559.57107
G0 F15000 X155.679 Y154.593
G1 F2292.9 X156.32 Y155.234 E1559.60122
G0 F15000 X156.09 Y155.234
G0 X155.91 Y149.272
G0 X155.68 Y149.272
G1 F2292.9 X156.32 Y149.101 E1559.62325
G0 F15000 X156.09 Y149.101
G0 X156.09 Y143.92
G0 X156.32 Y143.92
G1 F2292.9 X155.679 Y143.28 E1559.65338
G0 F15000 X155.91 Y143.28
G0 X155.91 Y140.99
G0 X155.681 Y140.99
G1 F2292.9 X156.32 Y140.819 E1559.67538
G0 F15000 X156.09 Y140.819
G0 X156.001 Y136.003
G0 X156 Y135.3
;TYPE:SKIN
G1 F1910.8 X156 Y135.702 E1559.69142
G1 F2400 E1559.19142
G0 F15000 X156 Y136.003
G0 X155.91 Y168.525
G0 X155.91 Y169.62
G0 X155.91 Y170.38
G0 X155.91 Y171.475
G0 X155.91 Y174.12
G0 X155.6 Y174.4
;TYPE:WALL-INNER
G1 F2400 E1559.69142
G1 F2292.9 X156.4 Y174.4 E1559.71803
G1 X156.4 Y171.644 E1559.80969
G1 X155.6 Y171.644 E1559.8363
G1 X155.6 Y174.4 E1559.92797
G0 F15000 X155.2 Y174.8
;TYPE:WALL-OUTER
G1 F2292.9 X156.8 Y174.8 E1559.98118
G1 X156.8 Y171.244 E1560.09946
G1 X155.2 Y171.244 E1560.15267
G1 X155.2 Y174.8 E1560.27095
G0 F15000 X155.681 Y174.119
;TYPE:FILL
G1 F2292.9 X156.319 Y173.948 E1560.29292
G1 F2400 E1559.79292
G0 F15000 X156.09 Y173.948
G0 X155.43 Y174.12
G0 X154.335 Y174.12
G0 X145.665 Y174.12
G0 X144.57 Y174.12
G0 X144.09 Y174.12
G0 X144.4 Y174.4
;TYPE:WALL-INNER
G1 F2400 E1560.29292
G1 F2292.9 X144.4 Y171.644 E1560.38458
G1 X143.6 Y171.644 E1560.41119
G1 X143.6 Y174.4 E1560.50285
G1 X144.4 Y174.4 E1560.52946
G0 F15000 X144.8 Y174.8
;TYPE:WALL-OUTER
G1 F2292.9 X144.8 Y171.244 E1560.64773
G1 X143.2 Y171.244 E1560.70095
G1 X143.2 Y174.8 E1560.81922
G1 X144.8 Y174.8 E1560.87244
G1 F2400 E1560.37244
G0 F15000 X144.52 Y174.52
G0 X144.09 Y171.475
G0 X144.09 Y170.38
G0 X144.09 Y169.62
G0 X144.09 Y168.525
G0 X144.09 Y168.075
G0 X144.4 Y168.352
;TYPE:WALL-INNER
G1 F2400 E1560.87244
G1 F2292.9 X144.4 Y134.9 E1561.98506
G1 X143.6 Y134.9 E1562.01167
G1 X143.6 Y168.352 E1563.12428
G1 X144.4 Y168.352 E1563.15089
G0 F15000 X144.8 Y168.752
;TYPE:WALL-OUTER
G1 F2292.9 X144.8 Y134.5 E1564.29012
G1 X143.2 Y134.5 E1564.34333
G1 X143.2 Y168.752 E1565.48256
G1 X144.8 Y168.752 E1565.53578
G0 F15000 X144.52 Y168.475
G0 X144.09 Y165.861
G0 X144.32 Y165.861
;TYPE:FILL
G1 F2292.9 X143.68 Y165.221 E1565.56588
G0 F15000 X143.91 Y165.221
G0 X143.91 Y160.77
G0 X143.68 Y160.77
G1 F2292.9 X144.32 Y160.599 E1565.58791
G0 F15000 X144.09 Y160.599
G0 X144.09 Y154.547
G0 X144.32 Y154.547
G1 F2292.9 X143.68 Y153.907 E1565.61802
G0 F15000 X143.91 Y153.907
G0 X143.91 Y152.488
G0 X143.68 Y152.488
G1 F2292.9 X144.319 Y152.317 E1565.64002
G0 F15000 X144.09 Y152.317
G0 X143.91 Y144.206
G0 X143.68 Y144.206
G1 F2292.9 X144.319 Y144.034 E1565.66203
G0 F15000 X144.32 Y143.234
G1 F2292.9 X143.68 Y142.594 E1565.69213
G0 F15000 X143.91 Y142.594
G0 X143.91 Y139.707
G0 X143.68 Y139.707
G1 F2292.9 X144.319 Y137.321 E1565.77429
G0 F15000 X144.09 Y137.321
G0 X143.91 Y135.923
G0 X143.68 Y135.923
G1 F2292.9 X144.208 Y135.782 E1565.79246
G0 F15000 X144 Y135.3
;TYPE:SKIN
G1 F1910.8 X144 Y135.702 E1565.80851
G1 F2400 E1565.30851
;MESH:NONMESH
G0 F300 X144 Y135.702 Z12.6
G0 F15000 X144 Y136.003
G0 X143.424 Y168.531
G0 X143.424 Y169.62
G0 X142.853 Y170.392
G0 X142 Y171.03
;TIME_ELAPSED:2150.160529
;LAYER:62
;note -- min layer time used
;TYPE:SUPPORT
G1 F2400 E1565.80851
G1 F2331.9 X142 Y168.986 E1565.87649
G1 X141.842 Y168.901 E1565.88246
G1 X141.582 Y169.074 E1565.89285
G1 X141.498 Y169.174 E1565.89719
G1 X141.4 Y169.429 E1565.90628
G1 X141.401 Y170.59 E1565.94489
G1 X141.513 Y170.837 E1565.95391
G1 X141.712 Y171.036 E1565.96327
G1 X141.848 Y171.117 E1565.96854
G1 X142 Y171.03 E1565.97436
G1 X142 Y170.318 E1565.99804
G1 X144 Y170.318 E1566.06456
G1 X144 Y169.682 E1566.08572
G1 X146 Y169.682 E1566.15224
G1 X146 Y168.97 E1566.17592
G1 X146.152 Y168.883 E1566.18174
G1 X146.288 Y168.964 E1566.18701
G1 X146.487 Y169.163 E1566.19637
G1 X146.599 Y169.41 E1566.20539
G1 X146.6 Y170.57 E1566.24397
G1 X146.502 Y170.825 E1566.25306
G1 X146.418 Y170.925 E1566.2574
G1 X146.158 Y171.097 E1566.26777
G1 X146 Y171.012 E1566.27374
G1 X146 Y169.682 E1566.31797
G1 F2400 E1565.81797
G0 F15000 X147.464 Y169.681
G0 X153.18 Y171.725
G0 X154 Y171.03
G1 F2400 E1566.31797
G1 F2331.9 X154 Y168.986 E1566.38596
G1 X153.842 Y168.901 E1566.39192
G1 X153.582 Y169.074 E1566.40231
G1 X153.498 Y169.174 E1566.40665
G1 X153.4 Y169.429 E1566.41574
G1 X153.401 Y170.59 E1566.45436
G1 X153.513 Y170.837 E1566.46338
G1 X153.712 Y171.036 E1566.47274
G1 X153.848 Y171.117 E1566.478
G1 X154 Y171.03 E1566.48383
G1 X154 Y170.318 E1566.50751
G1 X156 Y170.318 E1566.57403
G1 X156 Y169.682 E1566.59518
G1 X158 Y169.682 E1566.6617
G1 X158 Y168.97 E1566.68538
G1 X158.152 Y168.883 E1566.69121
G1 X158.288 Y168.964 E1566.69647
G1 X158.487 Y169.163 E1566.70583
G1 X158.599 Y169.41 E1566.71485
G1 X158.6 Y170.57 E1566.75344
G1 X158.502 Y170.825 E1566.76252
G1 X158.418 Y170.925 E1566.76687
G1 X158.158 Y171.097 E1566.77723
G1 X158 Y171.012 E1566.7832
G1 X158 Y169.682 E1566.82744
G1 F2400 E1566.32744
;MESH:Limiter bracket.stl
G0 F15000 X156.576 Y168.258
G0 X155.881 Y167.772
G0 X155.6 Y168.08
;TYPE:WALL-INNER
G1 F2400 E1566.82744
G1 F2331.9 X156.4 Y168.08 E1566.85405
G1 X156.4 Y135.1 E1567.95096
G1 X155.6 Y135.1 E1567.97757
G1 X155.6 Y168.08 E1569.07449
G0 F15000 X155.2 Y168.48
;TYPE:WALL-OUTER
G1 F2331.9 X156.8 Y168.48 E1569.12771
G1 X156.8 Y134.7 E1570.25124
G1 X155.2 Y134.7 E1570.30445
G1 X155.2 Y168.48 E1571.42798
G0 F15000 X155.48 Y168.203
G0 X156.09 Y166.348
G0 X156.32 Y166.348
;TYPE:FILL
G1 F2331.9 X155.679 Y165.708 E1571.45811
G0 F15000 X155.68 Y165.983
G1 F2331.9 X156.32 Y165.811 E1571.48015
G0 F15000 X156.09 Y165.811
G0 X155.91 Y157.7
G0 X155.681 Y157.7
G1 F2331.9 X156.32 Y157.529 E1571.50215
G0 F15000 X156.09 Y157.529
G0 X155.91 Y156.197
G0 X155.68 Y156.197
G1 F2331.9 X156.32 Y153.809 E1571.58438
G0 F15000 X155.679 Y154.394
G1 F2331.9 X156.32 Y155.035 E1571.61453
G0 F15000 X156.09 Y155.035
G0 X155.91 Y149.418
G0 X155.68 Y149.418
G1 F2331.9 X156.319 Y149.247 E1571.63653
G0 F15000 X156.09 Y149.247
G0 X156.09 Y143.721
G0 X156.32 Y143.721
G1 F2331.9 X155.679 Y143.08 E1571.66668
G0 F15000 X155.91 Y143.08
G0 X155.91 Y141.136
G0 X155.68 Y141.136
G1 F2331.9 X156.32 Y140.965 E1571.68871
G0 F15000 X156.09 Y140.965
G0 X156.001 Y136.203
G0 X156 Y135.5
;TYPE:SKIN
G1 F1943.3 X156 Y135.902 E1571.70476
G1 F2400 E1571.20476
G0 F15000 X156 Y136.203
G0 X155.906 Y168.272
G0 X154.355 Y168.216
G0 X153.796 Y167.901
G0 X152.999 Y168.424
G0 X152.743 Y168.731
G0 X152.536 Y169.268
G0 X152.537 Y170.776
G0 X152.791 Y171.334
G0 X153.18 Y171.725
G0 X153.842 Y172.111
G0 X154.355 Y171.8
G0 X155.908 Y171.728
G0 X155.91 Y174.12
G0 X155.6 Y174.4
;TYPE:WALL-INNER
G1 F2400 E1571.70476
G1 F2331.9 X156.4 Y174.4 E1571.73137
G1 X156.4 Y171.916 E1571.81398
G1 X155.6 Y171.916 E1571.84059
G1 X155.6 Y174.4 E1571.92321
G0 F15000 X155.2 Y174.8
;TYPE:WALL-OUTER
G1 F2331.9 X156.8 Y174.8 E1571.97643
G1 X156.8 Y171.516 E1572.08565
G1 X155.2 Y171.516 E1572.13887
G1 X155.2 Y174.8 E1572.2481
G0 F15000 X155.681 Y174.265
;TYPE:FILL
G1 F2331.9 X156.319 Y174.094 E1572.27006
G1 F2400 E1571.77006
G0 F15000 X156.09 Y174.09
G0 X155.43 Y174.12
G0 X154.335 Y174.12
G0 X145.665 Y174.12
G0 X144.57 Y174.12
G0 X144.09 Y174.12
G0 X144.4 Y174.4
;TYPE:WALL-INNER
G1 F2400 E1572.27006
G1 F2331.9 X144.4 Y171.916 E1572.35268
G1 X143.6 Y171.916 E1572.37929
G1 X143.6 Y174.4 E1572.46191
G1 X144.4 Y174.4 E1572.48852
G0 F15000 X144.8 Y174.8
;TYPE:WALL-OUTER
G1 F2331.9 X144.8 Y171.516 E1572.59774
G1 X143.2 Y171.516 E1572.65096
G1 X143.2 Y174.8 E1572.76019
G1 X144.8 Y174.8 E1572.8134
G1 F2400 E1572.3134
G0 F15000 X144.52 Y174.52
G0 X144.093 Y171.728
G0 X145.645 Y171.781
G0 X146.202 Y172.096
G0 X147.002 Y171.575
G0 X147.257 Y171.268
G0 X147.464 Y170.731
G0 X147.463 Y169.224
G0 X147.209 Y168.666
G0 X146.82 Y168.275
G0 X146.158 Y167.889
G0 X145.645 Y168.2
G0 X144.091 Y168.272
G0 X144.09 Y167.802
G0 X144.4 Y168.08
;TYPE:WALL-INNER
G1 F2400 E1572.8134
G1 F2331.9 X144.4 Y135.1 E1573.91032
G1 X143.6 Y135.1 E1573.93693
G1 X143.6 Y168.08 E1575.03385
G1 X144.4 Y168.08 E1575.06046
G0 F15000 X144.8 Y168.48
;TYPE:WALL-OUTER
G1 F2331.9 X144.8 Y134.7 E1576.18398
G1 X143.2 Y134.7 E1576.2372
G1 X143.2 Y168.48 E1577.36073
G1 X144.8 Y168.48 E1577.41394
G0 F15000 X144.235 Y168
;TYPE:FILL
G1 F2331.9 X144.32 Y167.683 E1577.42486
G0 F15000 X144.09 Y167.683
G0 X144.09 Y165.662
G0 X144.32 Y165.662
G1 F2331.9 X143.68 Y165.022 E1577.45496
G0 F15000 X143.91 Y165.022
G0 X143.91 Y160.916
G0 X143.681 Y160.916
G1 F2331.9 X144.319 Y160.745 E1577.47693
G0 F15000 X144.09 Y160.745
G0 X144.09 Y154.349
G0 X144.32 Y154.349
G1 F2331.9 X143.68 Y153.708 E1577.50706
G0 F15000 X143.91 Y153.708
G0 X143.91 Y152.634
G0 X143.68 Y152.634
G1 F2331.9 X144.32 Y152.462 E1577.5291
G0 F15000 X144.09 Y152.462
G0 X143.91 Y144.351
G0 X143.681 Y144.351
G1 F2331.9 X144.32 Y144.18 E1577.5511
G0 F15000 X144.09 Y144.18
G0 X144.09 Y143.035
G0 X144.32 Y143.035
G1 F2331.9 X143.68 Y142.394 E1577.58123
G0 F15000 X143.91 Y142.394
G0 X143.91 Y139.162
G0 X143.68 Y139.162
G1 F2331.9 X144.32 Y136.775 E1577.66343
G0 F15000 X144.005 Y135.982
G1 F2331.9 X143.68 Y136.069 E1577.67462
G0 F15000 X144 Y135.5
;TYPE:SKIN
G1 F1943.3 X144 Y135.902 E1577.69066
G1 F2400 E1577.19066
;MESH:NONMESH
G0 F300 X144 Y135.902 Z12.8
G0 F15000 X144 Y136.203
G0 X143.424 Y168.259
G0 X142.355 Y168.216
G0 X141.796 Y167.901
G0 X140.999 Y168.424
G0 X140.743 Y168.731
G0 X140.536 Y169.268
G0 X140.537 Y170.776
G0 X140.791 Y171.334
G0 X141.18 Y171.725
G0 X141.842 Y172.111
G0 X142.355 Y171.8
G0 X142 Y171.03
;TIME_ELAPSED:2170.184208
;LAYER:63
;note -- min layer time used
;TYPE:SUPPORT
G1 F2400 E1577.69066
G1 F2301 X142 Y168.986 E1577.75864
G1 X141.842 Y168.901 E1577.76461
G1 X141.582 Y169.074 E1577.775
G1 X141.498 Y169.174 E1577.77934
G1 X141.4 Y169.429 E1577.78843
G1 X141.401 Y170.59 E1577.82704
G1 X141.513 Y170.837 E1577.83606
G1 X141.712 Y171.036 E1577.84542
G1 X141.848 Y171.117 E1577.85069
G1 X142 Y171.03 E1577.85651
G1 X142 Y170.526 E1577.87328
G1 X144 Y170.526 E1577.9398
G1 X144 Y169.474 E1577.97479
G1 X146 Y169.474 E1578.04131
G1 X146 Y168.97 E1578.05807
G1 X146.152 Y168.883 E1578.0639
G1 X146.288 Y168.964 E1578.06916
G1 X146.487 Y169.163 E1578.07852
G1 X146.599 Y169.41 E1578.08754
G1 X146.6 Y170.57 E1578.12612
G1 X146.502 Y170.825 E1578.13521
G1 X146.418 Y170.925 E1578.13955
G1 X146.158 Y171.097 E1578.14992
G1 X146 Y171.012 E1578.15589
G1 X146 Y169.474 E1578.20704
G1 F2400 E1577.70704
G0 F15000 X147.464 Y169.473
G0 X153.18 Y171.725
G0 X154 Y171.03
G1 F2400 E1578.20704
G1 F2301 X154 Y168.986 E1578.27503
G1 X153.842 Y168.901 E1578.28099
G1 X153.582 Y169.074 E1578.29138
G1 X153.498 Y169.174 E1578.29572
G1 X153.4 Y169.429 E1578.30481
G1 X153.401 Y170.59 E1578.34343
G1 X153.513 Y170.837 E1578.35245
G1 X153.712 Y171.036 E1578.36181
G1 X153.848 Y171.117 E1578.36707
G1 X154 Y171.03 E1578.3729
G1 X154 Y170.526 E1578.38966
G1 X156 Y170.526 E1578.45618
G1 X156 Y169.474 E1578.49117
G1 X158 Y169.474 E1578.55769
G1 X158 Y168.97 E1578.57445
G1 X158.152 Y168.883 E1578.58028
G1 X158.288 Y168.964 E1578.58554
G1 X158.487 Y169.163 E1578.5949
G1 X158.599 Y169.41 E1578.60392
G1 X158.6 Y170.57 E1578.6425
G1 X158.502 Y170.825 E1578.65159
G1 X158.418 Y170.925 E1578.65593
G1 X158.158 Y171.097 E1578.6663
G1 X158 Y171.012 E1578.67227
G1 X158 Y169.474 E1578.72342
G1 F2400 E1578.22342
;MESH:Limiter bracket.stl
G0 F15000 X156.576 Y168.05
G0 X155.881 Y167.564
G0 X155.6 Y167.872
;TYPE:WALL-INNER
G1 F2400 E1578.72342
G1 F2301 X156.4 Y167.872 E1578.75003
G1 X156.4 Y135.3 E1579.83338
G1 X155.6 Y135.3 E1579.85999
G1 X155.6 Y167.872 E1580.94334
G0 F15000 X155.2 Y168.272
;TYPE:WALL-OUTER
G1 F2301 X156.8 Y168.272 E1580.99656
G1 X156.8 Y134.9 E1582.10651
G1 X155.2 Y134.9 E1582.15973
G1 X155.2 Y168.272 E1583.26969
G0 F15000 X155.48 Y167.995
G0 X155.91 Y166.129
G0 X155.681 Y166.129
;TYPE:FILL
G1 F2301 X156.319 Y165.957 E1583.29166
G1 X156.32 Y166.149
G1 X155.679 Y165.508 E1583.32181
G0 F15000 X155.91 Y165.508
G0 X155.91 Y157.846
G0 X155.681 Y157.846
G1 F2301 X156.32 Y157.675 E1583.34382
G0 F15000 X156.09 Y157.675
G0 X155.91 Y155.652
G0 X155.68 Y155.652
G1 F2301 X156.32 Y153.264 E1583.42604
G0 F15000 X156.09 Y153.264
G0 X155.91 Y154.195
G0 X155.679 Y154.195
G1 F2301 X156.32 Y154.835 E1583.45617
G0 F15000 X156.09 Y154.835
G0 X155.91 Y149.564
G0 X155.681 Y149.564
G1 F2301 X156.319 Y149.393 E1583.47814
G0 F15000 X156.09 Y149.393
G0 X156.09 Y143.521
G0 X156.32 Y143.521
G1 F2301 X155.679 Y142.881 E1583.50827
G0 F15000 X155.91 Y142.881
G0 X155.91 Y141.282
G0 X155.681 Y141.282
G1 F2301 X156.32 Y141.111 E1583.53027
G0 F15000 X156.09 Y141.111
G0 X156.001 Y136.403
G0 X156 Y135.7
;TYPE:SKIN
G1 F1917.5 X156 Y136.102 E1583.54631
G1 F2400 E1583.04631
G0 F15000 X156 Y136.403
G0 X155.905 Y168.064
G0 X154.355 Y168.216
G0 X153.796 Y167.901
G0 X152.999 Y168.424
G0 X152.743 Y168.731
G0 X152.536 Y169.268
G0 X152.537 Y170.776
G0 X152.791 Y171.334
G0 X153.18 Y171.725
G0 X153.842 Y172.111
G0 X154.355 Y171.8
G0 X155.908 Y171.936
G0 X155.91 Y174.12
G0 X155.6 Y174.4
;TYPE:WALL-INNER
G1 F2400 E1583.54631
G1 F2301 X156.4 Y174.4 E1583.57292
G1 X156.4 Y172.124 E1583.64862
G1 X155.6 Y172.124 E1583.67523
G1 X155.6 Y174.4 E1583.75093
G0 F15000 X155.2 Y174.8
;TYPE:WALL-OUTER
G1 F2301 X156.8 Y174.8 E1583.80415
G1 X156.8 Y171.724 E1583.90645
G1 X155.2 Y171.724 E1583.95967
G1 X155.2 Y174.8 E1584.06198
G0 F15000 X156.019 Y174.32
;TYPE:FILL
G1 F2301 X156.319 Y174.24 E1584.0723
G1 F2400 E1583.5723
G0 F15000 X156.09 Y174.12
G0 X155.43 Y174.12
G0 X154.335 Y174.12
G0 X145.665 Y174.12
G0 X144.57 Y174.12
G0 X144.09 Y174.12
G0 X144.4 Y174.4
;TYPE:WALL-INNER
G1 F2400 E1584.0723
G1 F2301 X144.4 Y172.124 E1584.148
G1 X143.6 Y172.124 E1584.17461
G1 X143.6 Y174.4 E1584.25031
G1 X144.4 Y174.4 E1584.27692
G0 F15000 X144.8 Y174.8
;TYPE:WALL-OUTER
G1 F2301 X144.8 Y171.724 E1584.37923
G1 X143.2 Y171.724 E1584.43245
G1 X143.2 Y174.8 E1584.53475
G1 X144.8 Y174.8 E1584.58797
G1 F2400 E1584.08797
G0 F15000 X144.52 Y174.52
G0 X144.093 Y171.936
G0 X145.645 Y171.781
G0 X146.202 Y172.096
G0 X147.002 Y171.575
G0 X147.257 Y171.268
G0 X147.464 Y170.731
G0 X147.463 Y169.224
G0 X147.209 Y168.666
G0 X146.82 Y168.275
G0 X146.158 Y167.889
G0 X145.645 Y168.2
G0 X144.09 Y168.064
G0 X144.09 Y167.594
G0 X144.4 Y167.872
;TYPE:WALL-INNER
G1 F2400 E1584.58797
G1 F2301 X144.4 Y135.3 E1585.67132
G1 X143.6 Y135.3 E1585.69793
G1 X143.6 Y167.872 E1586.78128
G1 X144.4 Y167.872 E1586.80788
G0 F15000 X144.8 Y168.272
;TYPE:WALL-OUTER
G1 F2301 X144.8 Y134.9 E1587.91784
G1 X143.2 Y134.9 E1587.97106
G1 X143.2 Y168.272 E1589.08101
G1 X144.8 Y168.272 E1589.13423
G0 F15000 X144.145 Y167.793
;TYPE:FILL
G1 F2301 X144.32 Y167.14 E1589.15672
G0 F15000 X144.09 Y167.14
G0 X144.09 Y165.463
G0 X144.32 Y165.463
G1 F2301 X143.68 Y164.822 E1589.18684
G0 F15000 X143.91 Y164.822
G0 X143.91 Y161.062
G0 X143.68 Y161.062
G1 F2301 X144.32 Y160.89 E1589.20889
G0 F15000 X144.09 Y160.89
G0 X144.09 Y154.149
G0 X144.32 Y154.149
G1 F2301 X143.68 Y153.509 E1589.23899
G0 F15000 X143.68 Y152.78
G1 F2301 X144.32 Y152.608 E1589.26103
G0 F15000 X144.09 Y152.608
G0 X143.91 Y144.497
G0 X143.68 Y144.497
G1 F2301 X144.32 Y144.326 E1589.28306
G0 F15000 X144.09 Y144.326
G0 X144.09 Y142.836
G0 X144.32 Y142.836
G1 F2301 X143.68 Y142.195 E1589.31319
G0 F15000 X143.91 Y142.195
G0 X143.91 Y138.617
G0 X143.68 Y138.617
G1 F2301 X144.32 Y136.229 E1589.39542
G0 F15000 X143.802 Y136.183
G1 F2301 X143.68 Y136.215 E1589.39961
G0 F15000 X144 Y135.7
;TYPE:SKIN
G1 F1917.5 X144 Y136.102 E1589.41566
G1 F2400 E1588.91566
;MESH:NONMESH
G0 F300 X144 Y136.102 Z13
G0 F15000 X144 Y136.403
G0 X143.424 Y168.051
G0 X142.355 Y168.216
G0 X141.796 Y167.901
G0 X140.999 Y168.424
G0 X140.743 Y168.731
G0 X140.536 Y169.268
G0 X140.537 Y170.776
G0 X140.791 Y171.334
G0 X141.18 Y171.725
G0 X141.842 Y172.111
G0 X142.355 Y171.8
G0 X142 Y171.03
;TIME_ELAPSED:2190.147779
;LAYER:64
;note -- min layer time used
;TYPE:SUPPORT
G1 F2400 E1589.41566
G1 F2270.2 X142 Y168.986 E1589.48364
G1 X141.842 Y168.901 E1589.48961
G1 X141.582 Y169.074 E1589.5
G1 X141.498 Y169.174 E1589.50434
G1 X141.4 Y169.429 E1589.51343
G1 X141.401 Y170.59 E1589.55204
G1 X141.513 Y170.837 E1589.56106
G1 X141.712 Y171.036 E1589.57042
G1 X141.848 Y171.117 E1589.57569
G1 X142 Y171.03 E1589.58151
G1 X142 Y170.672 E1589.59342
G1 X144 Y170.672 E1589.65994
G1 X144 Y169.328 E1589.70464
G1 X146 Y169.328 E1589.77116
G1 X146 Y168.97 E1589.78307
G1 X146.152 Y168.883 E1589.78889
G1 X146.288 Y168.964 E1589.79416
G1 X146.487 Y169.163 E1589.80352
G1 X146.599 Y169.41 E1589.81254
G1 X146.6 Y170.57 E1589.85112
G1 X146.502 Y170.825 E1589.86021
G1 X146.418 Y170.925 E1589.86455
G1 X146.158 Y171.097 E1589.87492
G1 X146 Y171.012 E1589.88089
G1 X146 Y169.328 E1589.9369
G1 F2400 E1589.4369
G0 F15000 X147.252 Y168.759
G0 X153.18 Y171.725
G0 X154 Y171.03
G1 F2400 E1589.9369
G1 F2270.2 X154 Y168.986 E1590.00488
G1 X153.842 Y168.901 E1590.01085
G1 X153.582 Y169.074 E1590.02124
G1 X153.498 Y169.174 E1590.02558
G1 X153.4 Y169.429 E1590.03466
G1 X153.401 Y170.59 E1590.07328
G1 X153.513 Y170.837 E1590.0823
G1 X153.712 Y171.036 E1590.09166
G1 X153.848 Y171.117 E1590.09693
G1 X154 Y171.03 E1590.10275
G1 X154 Y170.672 E1590.11466
G1 X156 Y170.672 E1590.18118
G1 X156 Y169.328 E1590.22588
G1 X158 Y169.328 E1590.2924
G1 X158 Y168.97 E1590.30431
G1 X158.152 Y168.883 E1590.31013
G1 X158.288 Y168.964 E1590.3154
G1 X158.487 Y169.163 E1590.32476
G1 X158.599 Y169.41 E1590.33378
G1 X158.6 Y170.57 E1590.37236
G1 X158.502 Y170.825 E1590.38145
G1 X158.418 Y170.925 E1590.38579
G1 X158.158 Y171.097 E1590.39616
G1 X158 Y171.012 E1590.40213
G1 X158 Y169.328 E1590.45814
G1 F2400 E1589.95814
;MESH:Limiter bracket.stl
G0 F15000 X156.576 Y167.904
G0 X155.881 Y167.418
G0 X155.6 Y167.728
;TYPE:WALL-INNER
G1 F2400 E1590.45814
G1 F2270.2 X156.4 Y167.728 E1590.48474
G1 X156.4 Y135.5 E1591.55665
G1 X155.6 Y135.5 E1591.58326
G1 X155.6 Y167.728 E1592.65517
G0 F15000 X155.2 Y168.128
;TYPE:WALL-OUTER
G1 F2270.2 X156.8 Y168.128 E1592.70838
G1 X156.8 Y135.1 E1593.8069
G1 X155.2 Y135.1 E1593.86012
G1 X155.2 Y168.128 E1594.95863
G0 F15000 X155.48 Y167.849
G0 X155.91 Y166.276
G0 X155.681 Y166.276
;TYPE:FILL
G1 F2270.2 X156.319 Y166.104 E1594.98061
G1 X156.32 Y165.948
G1 X155.679 Y165.307 E1595.01076
G0 F15000 X155.91 Y165.307
G0 X155.91 Y157.993
G0 X155.68 Y157.993
G1 F2270.2 X156.32 Y157.822 E1595.03279
G0 F15000 X156.09 Y157.822
G0 X155.91 Y155.102
G0 X155.68 Y155.102
G1 F2270.2 X156.32 Y152.715 E1595.11499
G0 F15000 X156.09 Y152.715
G0 X155.91 Y153.994
G0 X155.679 Y153.994
G1 F2270.2 X156.32 Y154.634 E1595.14512
G0 F15000 X156.09 Y154.634
G0 X155.91 Y149.711
G0 X155.681 Y149.711
G1 F2270.2 X156.319 Y149.54 E1595.16708
G0 F15000 X156.09 Y149.54
G0 X156.09 Y143.321
G0 X156.32 Y143.321
G1 F2270.2 X155.679 Y142.68 E1595.19724
G0 F15000 X155.91 Y142.68
G0 X155.91 Y141.429
G0 X155.68 Y141.429
G1 F2270.2 X156.32 Y141.258 E1595.21927
G0 F15000 X156.09 Y141.258
G0 X156.001 Y136.603
G0 X156 Y135.9
;TYPE:SKIN
G1 F1891.8 X156 Y136.302 E1595.23531
G1 F2400 E1594.73531
G0 F15000 X156 Y136.603
G0 X155.905 Y167.918
G0 X154.355 Y168.216
G0 X153.796 Y167.901
G0 X152.999 Y168.424
G0 X152.743 Y168.731
G0 X152.536 Y169.268
G0 X152.537 Y170.776
G0 X152.791 Y171.334
G0 X153.18 Y171.725
G0 X153.842 Y172.111
G0 X154.355 Y171.8
G0 X155.908 Y172.082
G0 X155.91 Y174.12
G0 X155.6 Y174.4
;TYPE:WALL-INNER
G1 F2400 E1595.23531
G1 F2270.2 X156.4 Y174.4 E1595.26192
G1 X156.4 Y172.27 E1595.33277
G1 X155.6 Y172.271 E1595.35937
G1 X155.6 Y174.4 E1595.43018
G0 F15000 X155.2 Y174.8
;TYPE:WALL-OUTER
G1 F2270.2 X156.8 Y174.8 E1595.4834
G1 X156.8 Y171.869 E1595.58089
G1 X155.2 Y171.872 E1595.6341
G1 X155.2 Y174.8 E1595.73149
G1 F2400 E1595.23149
G0 F15000 X155.48 Y174.52
G0 X155.43 Y174.12
G0 X154.335 Y174.12
G0 X145.665 Y174.12
G0 X144.57 Y174.12
G0 X144.09 Y174.12
G0 X144.4 Y174.4
;TYPE:WALL-INNER
G1 F2400 E1595.73149
G1 F2270.2 X144.4 Y172.27 E1595.80233
G1 X143.6 Y172.271 E1595.82894
G1 X143.6 Y174.4 E1595.89975
G1 X144.4 Y174.4 E1595.92636
G0 F15000 X144.8 Y174.8
;TYPE:WALL-OUTER
G1 F2270.2 X144.8 Y171.869 E1596.02384
G1 X143.2 Y171.872 E1596.07706
G1 X143.2 Y174.8 E1596.17445
G1 X144.8 Y174.8 E1596.22766
G1 F2400 E1595.72766
G0 F15000 X144.52 Y174.52
G0 X144.093 Y172.082
G0 X145.645 Y171.781
G0 X146.202 Y172.096
G0 X147.002 Y171.575
G0 X147.257 Y171.268
G0 X147.464 Y170.731
G0 X147.463 Y169.224
G0 X147.209 Y168.666
G0 X146.82 Y168.275
G0 X146.158 Y167.889
G0 X145.645 Y168.2
G0 X144.09 Y167.918
G0 X144.09 Y167.448
G0 X144.4 Y167.728
;TYPE:WALL-INNER
G1 F2400 E1596.22766
G1 F2270.2 X144.4 Y135.5 E1597.29957
G1 X143.6 Y135.5 E1597.32618
G1 X143.6 Y167.728 E1598.39809
G1 X144.4 Y167.728 E1598.42469
G0 F15000 X144.8 Y168.128
;TYPE:WALL-OUTER
G1 F2270.2 X144.8 Y135.1 E1599.52321
G1 X143.2 Y135.1 E1599.57643
G1 X143.2 Y168.128 E1600.67494
G1 X144.8 Y168.128 E1600.72816
G0 F15000 X144.036 Y167.649
;TYPE:FILL
G1 F2270.2 X144.32 Y166.59 E1600.76463
G0 F15000 X144.09 Y166.59
G0 X144.09 Y165.262
G0 X144.32 Y165.262
G1 F2270.2 X143.68 Y164.622 E1600.79473
G0 F15000 X143.91 Y164.622
G0 X143.91 Y161.209
G0 X143.681 Y161.209
G1 F2270.2 X144.319 Y161.038 E1600.8167
G0 F15000 X144.09 Y161.038
G0 X144.09 Y153.948
G0 X144.32 Y153.948
G1 F2270.2 X143.68 Y153.308 E1600.8468
G0 F15000 X143.681 Y152.926
G1 F2270.2 X144.32 Y152.755 E1600.8688
G0 F15000 X144.09 Y152.755
G0 X143.91 Y144.644
G0 X143.681 Y144.644
G1 F2270.2 X144.319 Y144.473 E1600.89077
G0 F15000 X144.09 Y144.473
G0 X144.09 Y142.635
G0 X144.32 Y142.635
G1 F2270.2 X143.68 Y141.994 E1600.9209
G0 F15000 X143.91 Y141.994
G0 X143.91 Y138.068
G0 X143.68 Y138.068
G1 F2270.2 X144.132 Y136.382 E1600.97896
G0 F15000 X144 Y135.9
;TYPE:SKIN
G1 F1891.8 X144 Y136.302 E1600.995
G1 F2400 E1600.495
;MESH:NONMESH
G0 F300 X144 Y136.302 Z13.2
G0 F15000 X144 Y136.603
G0 X143.424 Y167.905
G0 X142.355 Y168.216
G0 X141.796 Y167.901
G0 X140.999 Y168.424
G0 X140.743 Y168.731
G0 X140.536 Y169.268
G0 X140.537 Y170.776
G0 X140.791 Y171.334
G0 X141.18 Y171.725
G0 X141.842 Y172.111
G0 X142.355 Y171.8
G0 X142 Y171.03
;TIME_ELAPSED:2209.974506
;LAYER:65
;note -- min layer time used
;TYPE:SUPPORT
G1 F2400 E1600.995
G1 F2245.7 X142 Y168.986 E1601.06298
G1 X141.842 Y168.901 E1601.06895
G1 X141.582 Y169.074 E1601.07934
G1 X141.498 Y169.174 E1601.08368
G1 X141.4 Y169.429 E1601.09277
G1 X141.401 Y170.59 E1601.13138
G1 X141.513 Y170.837 E1601.1404
G1 X141.712 Y171.036 E1601.14976
G1 X141.848 Y171.117 E1601.15503
G1 X142 Y171.03 E1601.16085
G1 X142 Y170.79 E1601.16884
G1 X144 Y170.79 E1601.23536
G1 X144 Y169.21 E1601.28791
G1 X146 Y169.21 E1601.35443
G1 X146 Y168.97 E1601.36241
G1 X146.152 Y168.883 E1601.36824
G1 X146.288 Y168.964 E1601.3735
G1 X146.487 Y169.163 E1601.38286
G1 X146.599 Y169.41 E1601.39188
G1 X146.6 Y170.57 E1601.43046
G1 X146.502 Y170.825 E1601.43955
G1 X146.418 Y170.925 E1601.44389
G1 X146.158 Y171.097 E1601.45426
G1 X146 Y171.012 E1601.46023
G1 X146 Y169.21 E1601.52016
G1 F2400 E1601.02016
G0 F15000 X146.879 Y168.333
G0 X153.18 Y171.725
G0 X154 Y171.03
G1 F2400 E1601.52016
G1 F2245.7 X154 Y168.986 E1601.58815
G1 X153.842 Y168.901 E1601.59411
G1 X153.582 Y169.074 E1601.6045
G1 X153.498 Y169.174 E1601.60884
G1 X153.4 Y169.429 E1601.61793
G1 X153.401 Y170.59 E1601.65655
G1 X153.513 Y170.837 E1601.66557
G1 X153.712 Y171.036 E1601.67493
G1 X153.848 Y171.117 E1601.68019
G1 X154 Y171.03 E1601.68602
G1 X154 Y170.79 E1601.694
G1 X156 Y170.79 E1601.76052
G1 X156 Y169.21 E1601.81307
G1 X158 Y169.21 E1601.87959
G1 X158 Y168.97 E1601.88757
G1 X158.152 Y168.883 E1601.8934
G1 X158.288 Y168.964 E1601.89866
G1 X158.487 Y169.163 E1601.90802
G1 X158.599 Y169.41 E1601.91704
G1 X158.6 Y170.57 E1601.95563
G1 X158.502 Y170.825 E1601.96471
G1 X158.418 Y170.925 E1601.96906
G1 X158.158 Y171.097 E1601.97942
G1 X158 Y171.012 E1601.98539
G1 X158 Y169.21 E1602.04533
G1 F2400 E1601.54533
;MESH:Limiter bracket.stl
G0 F15000 X156.576 Y167.786
G0 X155.91 Y167.33
G0 X155.6 Y167.608
;TYPE:WALL-INNER
G1 F2400 E1602.04533
G1 F2245.7 X156.4 Y167.608 E1602.07193
G1 X156.4 Y135.7 E1603.1332
G1 X155.6 Y135.7 E1603.15981
G1 X155.6 Y167.608 E1604.22107
G0 F15000 X155.2 Y168.008
;TYPE:WALL-OUTER
G1 F2245.7 X156.8 Y168.008 E1604.27429
G1 X156.8 Y135.3 E1605.36216
G1 X155.2 Y135.3 E1605.41538
G1 X155.2 Y168.008 E1606.50325
G0 F15000 X155.48 Y167.73
G0 X155.91 Y166.422
G0 X155.681 Y166.422
;TYPE:FILL
G1 F2245.7 X156.319 Y166.25 E1606.52523
G0 F15000 X156.32 Y165.749
G1 F2245.7 X155.68 Y165.109 E1606.55533
G0 F15000 X155.91 Y165.109
G0 X155.91 Y158.139
G0 X155.68 Y158.139
G1 F2245.7 X156.32 Y157.968 E1606.57736
G0 F15000 X156.09 Y157.968
G0 X155.91 Y154.557
G0 X155.68 Y154.557
G1 F2245.7 X156.32 Y152.17 E1606.65956
G0 F15000 X156.09 Y152.17
G0 X155.91 Y153.795
G0 X155.68 Y153.795
G1 F2245.7 X156.32 Y154.435 E1606.68966
G0 F15000 X156.09 Y154.435
G0 X155.91 Y149.857
G0 X155.681 Y149.857
G1 F2245.7 X156.32 Y149.686 E1606.71166
G0 F15000 X156.09 Y149.686
G0 X156.09 Y143.121
G0 X156.32 Y143.121
G1 F2245.7 X155.68 Y142.481 E1606.74177
G0 F15000 X155.68 Y141.575
G1 F2245.7 X156.32 Y141.404 E1606.7638
G0 F15000 X156.09 Y141.404
G0 X156.001 Y136.803
G0 X156 Y136.1
;TYPE:SKIN
G1 F1871.4 X156 Y136.502 E1606.77985
G1 F2400 E1606.27985
G0 F15000 X156 Y136.803
G0 X155.91 Y167.78
G0 X154.355 Y168.216
G0 X153.796 Y167.901
G0 X152.999 Y168.424
G0 X152.743 Y168.731
G0 X152.536 Y169.268
G0 X152.537 Y170.776
G0 X152.791 Y171.334
G0 X153.18 Y171.725
G0 X153.842 Y172.111
G0 X154.355 Y171.8
G0 X155.913 Y172.2
G0 X155.91 Y174.12
G0 X155.6 Y174.4
;TYPE:WALL-INNER
G1 F2400 E1606.77985
G1 F2245.7 X156.4 Y174.4 E1606.80645
G1 X156.4 Y172.388 E1606.87337
G1 X155.6 Y172.388 E1606.89998
G1 X155.6 Y174.4 E1606.9669
G0 F15000 X155.2 Y174.8
;TYPE:WALL-OUTER
G1 F2245.7 X156.8 Y174.8 E1607.02012
G1 X156.8 Y171.988 E1607.11364
G1 X155.2 Y171.988 E1607.16686
G1 X155.2 Y174.8 E1607.26039
G1 F2400 E1606.76039
G0 F15000 X155.48 Y174.52
G0 X155.43 Y174.12
G0 X154.335 Y174.12
G0 X145.665 Y174.12
G0 X144.57 Y174.12
G0 X144.09 Y174.12
G0 X144.4 Y174.4
;TYPE:WALL-INNER
G1 F2400 E1607.26039
G1 F2245.7 X144.4 Y172.388 E1607.32731
G1 X143.6 Y172.388 E1607.35391
G1 X143.6 Y174.4 E1607.42083
G1 X144.4 Y174.4 E1607.44744
G0 F15000 X144.8 Y174.8
;TYPE:WALL-OUTER
G1 F2245.7 X144.8 Y171.988 E1607.54097
G1 X143.2 Y171.988 E1607.59419
G1 X143.2 Y174.8 E1607.68771
G1 X144.8 Y174.8 E1607.74093
G1 F2400 E1607.24093
G0 F15000 X144.52 Y174.52
G0 X144.09 Y172.22
G0 X145.645 Y171.781
G0 X146.202 Y172.096
G0 X147.002 Y171.575
G0 X147.257 Y171.268
G0 X147.464 Y170.731
G0 X147.463 Y169.224
G0 X147.209 Y168.666
G0 X146.82 Y168.275
G0 X146.158 Y167.889
G0 X145.645 Y168.2
G0 X144.09 Y167.78
G0 X144.09 Y167.33
G0 X144.4 Y167.608
;TYPE:WALL-INNER
G1 F2400 E1607.74093
G1 F2245.7 X144.4 Y135.7 E1608.80219
G1 X143.6 Y135.7 E1608.8288
G1 X143.6 Y167.608 E1609.89007
G1 X144.4 Y167.608 E1609.91667
G0 F15000 X144.8 Y168.008
;TYPE:WALL-OUTER
G1 F2245.7 X144.8 Y135.3 E1611.00455
G1 X143.2 Y135.3 E1611.05776
G1 X143.2 Y168.008 E1612.14564
G1 X144.8 Y168.008 E1612.19885
G0 F15000 X144.52 Y167.73
G0 X143.922 Y167.3
G0 X143.922 Y167.529
;TYPE:FILL
G1 F2245.7 X144.32 Y166.045 E1612.24995
G0 F15000 X144.32 Y165.063
G1 F2245.7 X143.68 Y164.422 E1612.28008
G0 F15000 X143.91 Y164.422
G0 X143.91 Y161.355
G0 X143.68 Y161.355
G1 F2245.7 X144.319 Y161.184 E1612.30208
G0 F15000 X144.09 Y161.184
G0 X144.09 Y153.749
G0 X144.32 Y153.749
G1 F2245.7 X143.68 Y153.108 E1612.33221
G1 X143.681 Y153.072
G1 X144.319 Y152.901 E1612.35418
G0 F15000 X144.09 Y152.901
G0 X143.91 Y144.79
G0 X143.68 Y144.79
G1 F2245.7 X144.319 Y144.619 E1612.37618
G0 F15000 X144.09 Y144.619
G0 X144.09 Y142.435
G0 X144.32 Y142.435
G1 F2245.7 X143.68 Y141.795 E1612.40628
G0 F15000 X143.91 Y141.795
G0 X143.91 Y137.521
G0 X143.681 Y137.521
G1 F2245.7 X143.932 Y136.582 E1612.43861
G0 F15000 X144 Y136.1
;TYPE:SKIN
G1 F1871.4 X144 Y136.502 E1612.45466
G1 F2400 E1611.95466
;MESH:NONMESH
G0 F300 X144 Y136.502 Z13.4
G0 F15000 X144 Y136.803
G0 X143.424 Y167.786
G0 X142.335 Y167.786
G0 X141.796 Y167.901
G0 X140.999 Y168.424
G0 X140.743 Y168.731
G0 X140.536 Y169.268
G0 X140.537 Y170.776
G0 X140.791 Y171.334
G0 X141.18 Y171.725
G0 X141.842 Y172.111
G0 X142.355 Y171.8
G0 X142 Y171.03
;TIME_ELAPSED:2229.645155
;LAYER:66
;note -- min layer time used
;TYPE:SUPPORT
G1 F2400 E1612.45466
G1 F2220.4 X142 Y168.986 E1612.52264
G1 X141.842 Y168.901 E1612.52861
G1 X141.582 Y169.074 E1612.53899
G1 X141.498 Y169.174 E1612.54334
G1 X141.4 Y169.429 E1612.55242
G1 X141.401 Y170.59 E1612.59104
G1 X141.513 Y170.837 E1612.60006
G1 X141.712 Y171.036 E1612.60942
G1 X141.848 Y171.117 E1612.61468
G1 X142 Y171.03 E1612.62051
G1 X142 Y170.879 E1612.62553
G1 X144 Y170.879 E1612.69205
G1 X144 Y169.121 E1612.75052
G1 X146 Y169.121 E1612.81704
G1 X146 Y168.97 E1612.82207
G1 X146.152 Y168.883 E1612.82789
G1 X146.288 Y168.964 E1612.83316
G1 X146.487 Y169.163 E1612.84252
G1 X146.599 Y169.41 E1612.85154
G1 X146.6 Y170.57 E1612.89012
G1 X146.502 Y170.825 E1612.8992
G1 X146.418 Y170.925 E1612.90355
G1 X146.158 Y171.097 E1612.91392
G1 X146 Y171.012 E1612.91988
G1 X146 Y169.121 E1612.98278
G1 F2400 E1612.48278
G0 F15000 X146.834 Y168.288
G0 X153.18 Y171.725
G0 X154 Y171.03
G1 F2400 E1612.98278
G1 F2220.4 X154 Y168.986 E1613.05076
G1 X153.842 Y168.901 E1613.05673
G1 X153.582 Y169.074 E1613.06712
G1 X153.498 Y169.174 E1613.07146
G1 X153.4 Y169.429 E1613.08055
G1 X153.401 Y170.59 E1613.11916
G1 X153.513 Y170.837 E1613.12818
G1 X153.712 Y171.036 E1613.13754
G1 X153.848 Y171.117 E1613.14281
G1 X154 Y171.03 E1613.14863
G1 X154 Y170.879 E1613.15366
G1 X156 Y170.879 E1613.22018
G1 X156 Y169.121 E1613.27865
G1 X158 Y169.121 E1613.34517
G1 X158 Y168.97 E1613.35019
G1 X158.152 Y168.883 E1613.35601
G1 X158.288 Y168.964 E1613.36128
G1 X158.487 Y169.163 E1613.37064
G1 X158.599 Y169.41 E1613.37966
G1 X158.6 Y170.57 E1613.41824
G1 X158.502 Y170.825 E1613.42733
G1 X158.418 Y170.925 E1613.43167
G1 X158.158 Y171.097 E1613.44204
G1 X158 Y171.012 E1613.44801
G1 X158 Y169.121 E1613.5109
G1 F2400 E1613.0109
;MESH:Limiter bracket.stl
G0 F15000 X156.576 Y167.697
G0 X155.91 Y167.241
G0 X155.6 Y167.52
;TYPE:WALL-INNER
G1 F2400 E1613.5109
G1 F2220.4 X156.4 Y167.52 E1613.53751
G1 X156.4 Y135.9 E1614.5892
G1 X155.6 Y135.9 E1614.6158
G1 X155.6 Y167.52 E1615.66749
G0 F15000 X155.2 Y167.92
;TYPE:WALL-OUTER
G1 F2220.4 X156.8 Y167.92 E1615.72071
G1 X156.8 Y135.5 E1616.799
G1 X155.2 Y135.5 E1616.85222
G1 X155.2 Y167.92 E1617.93051
G0 F15000 X155.48 Y167.641
G0 X155.91 Y166.569
G0 X155.681 Y166.569
;TYPE:FILL
G1 F2220.4 X156.319 Y166.397 E1617.95249
G0 F15000 X156.32 Y165.548
G1 F2220.4 X155.679 Y164.907 E1617.98264
G0 F15000 X155.91 Y164.907
G0 X155.91 Y158.286
G0 X155.68 Y158.286
G1 F2220.4 X156.32 Y158.115 E1618.00467
G0 F15000 X156.09 Y158.115
G0 X156.09 Y154.234
G0 X156.32 Y154.234
G1 F2220.4 X155.679 Y153.593 E1618.03482
G0 F15000 X155.68 Y154.01
G1 F2220.4 X156.32 Y151.623 E1618.11702
G0 F15000 X156.09 Y151.623
G0 X155.91 Y150.004
G0 X155.681 Y150.004
G1 F2220.4 X156.32 Y149.833 E1618.13902
G0 F15000 X156.09 Y149.833
G0 X156.09 Y142.92
G0 X156.32 Y142.92
G1 F2220.4 X155.679 Y142.28 E1618.16915
G0 F15000 X155.68 Y141.722
G1 F2220.4 X156.319 Y141.551 E1618.19115
G0 F15000 X156.09 Y141.551
G0 X156.001 Y137.003
G0 X156 Y136.3
;TYPE:SKIN
G1 F1850.4 X156 Y136.702 E1618.20719
G1 F2400 E1617.70719
G0 F15000 X156 Y137.003
G0 X155.91 Y167.691
G0 X154.335 Y167.691
G0 X153.796 Y167.901
G0 X152.999 Y168.424
G0 X152.743 Y168.731
G0 X152.536 Y169.268
G0 X152.537 Y170.776
G0 X152.791 Y171.334
G0 X153.18 Y171.725
G0 X153.716 Y172.037
G0 X154.335 Y172.289
G0 X155.913 Y172.289
G0 X155.91 Y174.12
G0 X155.6 Y174.4
;TYPE:WALL-INNER
G1 F2400 E1618.20719
G1 F2220.4 X156.4 Y174.4 E1618.2338
G1 X156.4 Y172.476 E1618.29779
G1 X155.6 Y172.476 E1618.3244
G1 X155.6 Y174.4 E1618.38839
G0 F15000 X155.2 Y174.8
;TYPE:WALL-OUTER
G1 F2220.4 X156.8 Y174.8 E1618.44161
G1 X156.8 Y172.076 E1618.53221
G1 X155.2 Y172.076 E1618.58543
G1 X155.2 Y174.8 E1618.67603
G1 F2400 E1618.17603
G0 F15000 X155.48 Y174.52
G0 X155.43 Y174.12
G0 X154.335 Y174.12
G0 X145.665 Y174.12
G0 X144.57 Y174.12
G0 X144.09 Y174.12
G0 X144.4 Y174.4
;TYPE:WALL-INNER
G1 F2400 E1618.67603
G1 F2220.4 X144.4 Y172.476 E1618.74002
G1 X143.6 Y172.476 E1618.76663
G1 X143.6 Y174.4 E1618.83062
G1 X144.4 Y174.4 E1618.85723
G0 F15000 X144.8 Y174.8
;TYPE:WALL-OUTER
G1 F2220.4 X144.8 Y172.076 E1618.94783
G1 X143.2 Y172.076 E1619.00104
G1 X143.2 Y174.8 E1619.09164
G1 X144.8 Y174.8 E1619.14486
G1 F2400 E1618.64486
G0 F15000 X144.52 Y174.52
G0 X144.09 Y172.309
G0 X145.665 Y172.309
G0 X146.202 Y172.096
G0 X147.002 Y171.575
G0 X147.257 Y171.268
G0 X147.464 Y170.731
G0 X147.463 Y169.224
G0 X147.209 Y168.666
G0 X146.82 Y168.275
G0 X146.445 Y168.057
G0 X145.665 Y167.691
G0 X144.09 Y167.691
G0 X144.09 Y167.241
G0 X144.4 Y167.52
;TYPE:WALL-INNER
G1 F2400 E1619.14486
G1 F2220.4 X144.4 Y135.9 E1620.19655
G1 X143.6 Y135.9 E1620.22315
G1 X143.6 Y167.52 E1621.27484
G1 X144.4 Y167.52 E1621.30145
G0 F15000 X144.8 Y167.92
;TYPE:WALL-OUTER
G1 F2220.4 X144.8 Y135.5 E1622.37974
G1 X143.2 Y135.5 E1622.43296
G1 X143.2 Y167.92 E1623.51125
G1 X144.8 Y167.92 E1623.56447
G0 F15000 X144.52 Y167.641
G0 X143.91 Y167.241
G0 X143.799 Y167.44
;TYPE:FILL
G1 F2220.4 X144.32 Y165.497 E1623.63138
G0 F15000 X144.32 Y164.862
G1 F2220.4 X143.68 Y164.221 E1623.6615
G0 F15000 X143.91 Y164.221
G0 X143.91 Y161.502
G0 X143.681 Y161.502
G1 F2220.4 X144.32 Y161.33 E1623.68351
G0 F15000 X144.09 Y161.33
G0 X144.09 Y153.548
G0 X144.32 Y153.548
G1 F2220.4 X143.68 Y152.908 E1623.71362
G0 F15000 X143.681 Y153.219
G1 F2220.4 X144.319 Y153.048 E1623.73558
G0 F15000 X144.09 Y153.048
G0 X143.91 Y144.937
G0 X143.68 Y144.937
G1 F2220.4 X144.32 Y144.766 E1623.75762
G0 F15000 X144.09 Y144.766
G0 X144.09 Y142.235
G0 X144.32 Y142.235
G1 F2220.4 X143.68 Y141.594 E1623.78775
G0 F15000 X143.91 Y141.594
G0 X143.91 Y136.975
G0 X143.68 Y136.975
G1 F2220.4 X143.732 Y136.782 E1623.79439
G0 F15000 X144 Y136.3
;TYPE:SKIN
G1 F1850.4 X144 Y136.702 E1623.81044
G1 F2400 E1623.31044
;MESH:NONMESH
G0 F300 X144 Y136.702 Z13.6
G0 F15000 X144 Y137.003
G0 X143.424 Y167.697
G0 X142.335 Y167.697
G0 X141.796 Y167.901
G0 X140.999 Y168.424
G0 X140.743 Y168.731
G0 X140.536 Y169.268
G0 X140.537 Y170.776
G0 X140.791 Y171.334
G0 X141.18 Y171.725
G0 X141.842 Y172.111
G0 X142.355 Y171.8
G0 X142 Y171.027
;TIME_ELAPSED:2248.925140
;LAYER:67
;note -- min layer time used
;TYPE:SUPPORT
G1 F2400 E1623.81044
G1 F2204.8 X142 Y168.986 E1623.87832
G1 X141.842 Y168.901 E1623.88429
G1 X141.582 Y169.074 E1623.89468
G1 X141.498 Y169.174 E1623.89902
G1 X141.4 Y169.429 E1623.90811
G1 X141.401 Y170.59 E1623.94672
G1 X141.513 Y170.837 E1623.95574
G1 X141.712 Y171.036 E1623.9651
G1 X141.847 Y171.116 E1623.97032
G1 X142.146 Y170.941 E1623.98184
G1 X144 Y170.941 E1624.04351
G1 X144 Y169.059 E1624.1061
G1 X145.854 Y169.059 E1624.16777
G1 X146.153 Y168.884 E1624.17929
G1 X146.288 Y168.964 E1624.18451
G1 X146.487 Y169.163 E1624.19387
G1 X146.599 Y169.41 E1624.20289
G1 X146.6 Y170.57 E1624.24147
G1 X146.502 Y170.825 E1624.25056
G1 X146.418 Y170.925 E1624.2549
G1 X146.158 Y171.097 E1624.26527
G1 X146 Y171.012 E1624.27124
G1 X146 Y168.973 E1624.33906
G1 F2400 E1623.83906
G0 F15000 X146.82 Y168.275
G0 X153.18 Y171.725
G0 X154 Y171.027
G1 F2400 E1624.33906
G1 F2204.8 X154 Y168.986 E1624.40694
G1 X153.842 Y168.901 E1624.41291
G1 X153.582 Y169.074 E1624.42329
G1 X153.498 Y169.174 E1624.42764
G1 X153.4 Y169.429 E1624.43672
G1 X153.401 Y170.59 E1624.47534
G1 X153.513 Y170.837 E1624.48436
G1 X153.712 Y171.036 E1624.49372
G1 X153.847 Y171.116 E1624.49894
G1 X154.146 Y170.941 E1624.51046
G1 X156 Y170.941 E1624.57213
G1 X156 Y169.059 E1624.63472
G1 X157.854 Y169.059 E1624.69639
G1 X158.153 Y168.884 E1624.70791
G1 X158.288 Y168.964 E1624.71313
G1 X158.487 Y169.163 E1624.72249
G1 X158.599 Y169.41 E1624.73151
G1 X158.6 Y170.57 E1624.77009
G1 X158.502 Y170.825 E1624.77918
G1 X158.418 Y170.925 E1624.78352
G1 X158.158 Y171.097 E1624.79389
G1 X158 Y171.012 E1624.79986
G1 X158 Y168.973 E1624.86767
G1 F2400 E1624.36767
;MESH:Limiter bracket.stl
G0 F15000 X156.576 Y167.635
G0 X155.91 Y167.179
G0 X155.6 Y167.456
;TYPE:WALL-INNER
G1 F2400 E1624.86767
G1 F2204.8 X156.4 Y167.456 E1624.89428
G1 X156.4 Y136.1 E1625.93719
G1 X155.6 Y136.1 E1625.96379
G1 X155.6 Y167.456 E1627.0067
G0 F15000 X155.2 Y167.856
;TYPE:WALL-OUTER
G1 F2204.8 X156.8 Y167.856 E1627.05992
G1 X156.8 Y135.7 E1628.12943
G1 X155.2 Y135.7 E1628.18265
G1 X155.2 Y167.856 E1629.25216
G0 F15000 X155.48 Y167.579
G0 X155.91 Y166.715
G0 X155.681 Y166.715
;TYPE:FILL
G1 F2204.8 X156.319 Y166.543 E1629.27414
G0 F15000 X156.09 Y166.543
G0 X156.09 Y165.348
G0 X156.32 Y165.348
G1 F2204.8 X155.68 Y164.709 E1629.30422
G0 F15000 X155.91 Y164.709
G0 X155.91 Y158.433
G0 X155.68 Y158.433
G1 F2204.8 X156.319 Y158.261 E1629.32623
G0 F15000 X156.09 Y158.261
G0 X156.09 Y154.035
G0 X156.32 Y154.035
G1 F2204.8 X155.68 Y153.395 E1629.35633
G1 X155.68 Y153.465
G1 X156.32 Y151.076 E1629.43859
G0 F15000 X156.09 Y151.076
G0 X156.09 Y149.979
G0 X156.319 Y149.979
G1 F2204.8 X155.68 Y150.15 E1629.46059
G0 F15000 X155.91 Y150.15
G0 X156.09 Y142.721
G0 X156.32 Y142.721
G1 F2204.8 X155.68 Y142.081 E1629.49069
G0 F15000 X155.681 Y141.868
G1 F2204.8 X156.319 Y141.697 E1629.51266
G0 F15000 X156.09 Y141.697
G0 X156.001 Y137.203
G0 X156 Y136.5
;TYPE:SKIN
G1 F1837.4 X156 Y136.902 E1629.52871
G1 F2400 E1629.02871
G0 F15000 X156 Y137.203
G0 X155.91 Y167.629
G0 X154.335 Y167.629
G0 X153.796 Y167.901
G0 X152.999 Y168.424
G0 X152.743 Y168.731
G0 X152.536 Y169.268
G0 X152.537 Y170.776
G0 X152.791 Y171.334
G0 X153.106 Y171.651
G0 X154.335 Y172.371
G0 X155.91 Y172.371
G0 X155.91 Y174.12
G0 X155.6 Y174.4
;TYPE:WALL-INNER
G1 F2400 E1629.52871
G1 F2204.8 X156.4 Y174.4 E1629.55532
G1 X156.4 Y172.54 E1629.61718
G1 X155.6 Y172.54 E1629.64379
G1 X155.6 Y174.4 E1629.70565
G0 F15000 X155.2 Y174.8
;TYPE:WALL-OUTER
G1 F2204.8 X156.8 Y174.8 E1629.75887
G1 X156.8 Y172.14 E1629.84734
G1 X155.2 Y172.14 E1629.90056
G1 X155.2 Y174.8 E1629.98903
G1 F2400 E1629.48903
G0 F15000 X155.48 Y174.52
G0 X155.43 Y174.12
G0 X154.335 Y174.12
G0 X145.665 Y174.12
G0 X144.57 Y174.12
G0 X144.09 Y174.12
G0 X144.4 Y174.4
;TYPE:WALL-INNER
G1 F2400 E1629.98903
G1 F2204.8 X144.4 Y172.54 E1630.05089
G1 X143.6 Y172.54 E1630.0775
G1 X143.6 Y174.4 E1630.13936
G1 X144.4 Y174.4 E1630.16597
G0 F15000 X144.8 Y174.8
;TYPE:WALL-OUTER
G1 F2204.8 X144.8 Y172.14 E1630.25444
G1 X143.2 Y172.14 E1630.30766
G1 X143.2 Y174.8 E1630.39613
G1 X144.8 Y174.8 E1630.44935
G1 F2400 E1629.94935
G0 F15000 X144.52 Y174.52
G0 X144.09 Y172.371
G0 X145.665 Y172.371
G0 X146.202 Y172.096
G0 X147.002 Y171.575
G0 X147.257 Y171.268
G0 X147.464 Y170.731
G0 X147.463 Y169.224
G0 X147.209 Y168.666
G0 X146.859 Y168.314
G0 X145.665 Y167.649
G0 X144.086 Y167.649
G0 X144.09 Y167.179
G0 X144.4 Y167.457
;TYPE:WALL-INNER
G1 F2400 E1630.44935
G1 F2204.8 X144.4 Y136.1 E1631.49229
G1 X143.6 Y136.1 E1631.51889
G1 X143.6 Y167.458 E1632.56187
G1 X144.4 Y167.457 E1632.58847
G0 F15000 X144.8 Y167.856
;TYPE:WALL-OUTER
G1 F2204.8 X144.8 Y135.7 E1633.65799
G1 X143.2 Y135.7 E1633.7112
G1 X143.2 Y167.859 E1634.78082
G1 X144.8 Y167.856 E1634.83403
G0 F15000 X144.52 Y167.579
G0 X143.881 Y167.149
G0 X143.68 Y167.339
;TYPE:FILL
G1 F2204.8 X144.32 Y164.951 E1634.91626
G0 F15000 X144.32 Y164.663
G1 F2204.8 X143.68 Y164.022 E1634.94639
G0 F15000 X143.91 Y164.022
G0 X143.91 Y161.648
G0 X143.68 Y161.648
G1 F2204.8 X144.32 Y161.476 E1634.96843
G0 F15000 X144.09 Y161.476
G0 X144.09 Y153.349
G0 X144.32 Y153.349
G1 F2204.8 X143.68 Y152.708 E1634.99856
G0 F15000 X143.681 Y153.365
G1 F2204.8 X144.319 Y153.194 E1635.02053
G0 F15000 X144.09 Y153.194
G0 X143.91 Y145.083
G0 X143.68 Y145.083
G1 F2204.8 X144.32 Y144.912 E1635.04256
G0 F15000 X144.09 Y144.912
G0 X144.09 Y142.035
G0 X144.32 Y142.035
G1 F2204.8 X143.68 Y141.394 E1635.07269
G0 F15000 X143.91 Y141.394
G0 X144.001 Y137.203
G0 X144 Y136.5
;TYPE:SKIN
G1 F1837.4 X144 Y136.902 E1635.08873
G1 F2400 E1634.58873
;MESH:NONMESH
G0 F300 X144 Y136.902 Z13.8
G0 F15000 X144 Y137.203
G0 X143.424 Y167.636
G0 X142.335 Y167.636
G0 X141.796 Y167.901
G0 X140.999 Y168.424
G0 X140.743 Y168.731
G0 X140.536 Y169.268
G0 X140.537 Y170.776
G0 X140.791 Y171.334
G0 X141.18 Y171.725
G0 X141.844 Y172.112
G0 X142.355 Y171.8
G0 X142 Y171.03
;TIME_ELAPSED:2268.040157
;LAYER:68
;note -- min layer time used
;TYPE:SUPPORT
G1 F2400 E1635.08873
G1 F2190.3 X142 Y168.986 E1635.15671
G1 X141.843 Y168.901 E1635.16265
G1 X141.582 Y169.074 E1635.17307
G1 X141.498 Y169.174 E1635.17741
G1 X141.4 Y169.429 E1635.1865
G1 X141.401 Y170.59 E1635.22511
G1 X141.513 Y170.837 E1635.23413
G1 X141.712 Y171.036 E1635.24349
G1 X141.848 Y171.117 E1635.24876
G1 X142.082 Y170.983 E1635.25773
G1 X144 Y170.983 E1635.32152
G1 X144 Y169.016 E1635.38694
G1 X145.919 Y169.016 E1635.45077
G1 X146.151 Y168.883 E1635.45966
G1 X146.288 Y168.964 E1635.46496
G1 X146.487 Y169.163 E1635.47432
G1 X146.599 Y169.41 E1635.48334
G1 X146.6 Y170.57 E1635.52192
G1 X146.502 Y170.825 E1635.531
G1 X146.418 Y170.925 E1635.53535
G1 X146.157 Y171.097 E1635.54574
G1 X146 Y171.012 E1635.55168
G1 X146 Y168.969 E1635.61963
G1 F2400 E1635.11963
G0 F15000 X146.82 Y168.275
G0 X153.18 Y171.725
G0 X154 Y171.03
G1 F2400 E1635.61963
G1 F2190.3 X154 Y168.986 E1635.68762
G1 X153.843 Y168.901 E1635.69355
G1 X153.582 Y169.074 E1635.70397
G1 X153.498 Y169.174 E1635.70831
G1 X153.4 Y169.429 E1635.7174
G1 X153.401 Y170.59 E1635.75601
G1 X153.513 Y170.837 E1635.76503
G1 X153.712 Y171.036 E1635.77439
G1 X153.848 Y171.117 E1635.77966
G1 X154.082 Y170.983 E1635.78863
G1 X156 Y170.983 E1635.85242
G1 X156 Y169.016 E1635.91784
G1 X157.919 Y169.016 E1635.98167
G1 X158.151 Y168.883 E1635.99056
G1 X158.288 Y168.964 E1635.99586
G1 X158.487 Y169.163 E1636.00522
G1 X158.599 Y169.41 E1636.01424
G1 X158.6 Y170.57 E1636.05282
G1 X158.502 Y170.825 E1636.06191
G1 X158.418 Y170.925 E1636.06625
G1 X158.157 Y171.097 E1636.07665
G1 X158 Y171.012 E1636.08258
G1 X158 Y168.969 E1636.15054
G1 F2400 E1635.65054
;MESH:Limiter bracket.stl
G0 F15000 X156.576 Y167.592
G0 X155.91 Y167.136
G0 X155.6 Y167.416
;TYPE:WALL-INNER
G1 F2400 E1636.15054
G1 F2190.3 X156.4 Y167.416 E1636.17714
G1 X156.4 Y136.3 E1637.21207
G1 X155.6 Y136.3 E1637.23867
G1 X155.6 Y167.416 E1638.2736
G0 F15000 X155.2 Y167.816
;TYPE:WALL-OUTER
G1 F2190.3 X156.8 Y167.816 E1638.32681
G1 X156.8 Y135.9 E1639.38834
G1 X155.2 Y135.9 E1639.44156
G1 X155.2 Y167.816 E1640.50309
G0 F15000 X155.48 Y167.536
G0 X155.91 Y166.862
G0 X155.681 Y166.862
;TYPE:FILL
G1 F2190.3 X156.32 Y166.69 E1640.5251
G0 F15000 X156.09 Y166.69
G0 X156.09 Y165.148
G0 X156.32 Y165.148
G1 F2190.3 X155.679 Y164.507 E1640.55525
G0 F15000 X155.91 Y164.507
G0 X155.91 Y158.579
G0 X155.681 Y158.579
G1 F2190.3 X156.32 Y158.408 E1640.57725
G0 F15000 X156.09 Y158.408
G0 X156.09 Y153.834
G0 X156.32 Y153.834
G1 F2190.3 X155.679 Y153.193 E1640.6074
G0 F15000 X155.68 Y152.915
G1 F2190.3 X156.32 Y150.529 E1640.68957
G0 F15000 X156.32 Y150.126
G1 F2190.3 X155.68 Y150.297 E1640.7116
G0 F15000 X155.91 Y150.297
G0 X156.09 Y142.52
G0 X156.32 Y142.52
G1 F2190.3 X155.679 Y141.88 E1640.74173
G1 X155.681 Y142.015
G1 X156.319 Y141.844 E1640.76369
G0 F15000 X156.09 Y141.844
G0 X156.001 Y137.403
G0 X156 Y136.7
;TYPE:SKIN
G1 F1825.2 X156 Y137.102 E1640.77974
G1 F2400 E1640.27974
G0 F15000 X156 Y137.403
G0 X155.91 Y167.586
G0 X154.335 Y167.586
G0 X152.999 Y168.424
G0 X152.743 Y168.731
G0 X152.536 Y169.268
G0 X152.537 Y170.776
G0 X152.791 Y171.334
G0 X153.106 Y171.651
G0 X154.335 Y172.413
G0 X155.91 Y172.413
G0 X155.91 Y174.12
G0 X155.6 Y174.4
;TYPE:WALL-INNER
G1 F2400 E1640.77974
G1 F2190.3 X156.4 Y174.4 E1640.80635
G1 X156.4 Y172.58 E1640.86688
G1 X155.6 Y172.58 E1640.89349
G1 X155.6 Y174.4 E1640.95402
G0 F15000 X155.2 Y174.8
;TYPE:WALL-OUTER
G1 F2190.3 X156.8 Y174.8 E1641.00724
G1 X156.8 Y172.18 E1641.09438
G1 X155.2 Y172.18 E1641.1476
G1 X155.2 Y174.8 E1641.23474
G1 F2400 E1640.73474
G0 F15000 X155.48 Y174.52
G0 X155.43 Y174.12
G0 X154.335 Y174.12
G0 X145.665 Y174.12
G0 X144.57 Y174.12
G0 X144.09 Y174.12
G0 X144.4 Y174.4
;TYPE:WALL-INNER
G1 F2400 E1641.23474
G1 F2190.3 X144.4 Y172.58 E1641.29527
G1 X143.6 Y172.58 E1641.32188
G1 X143.6 Y174.4 E1641.38241
G1 X144.4 Y174.4 E1641.40902
G0 F15000 X144.8 Y174.8
;TYPE:WALL-OUTER
G1 F2190.3 X144.8 Y172.18 E1641.49616
G1 X143.2 Y172.18 E1641.54938
G1 X143.2 Y174.8 E1641.63652
G1 X144.8 Y174.8 E1641.68974
G1 F2400 E1641.18974
G0 F15000 X144.52 Y174.52
G0 X144.09 Y172.413
G0 X145.665 Y172.413
G0 X147.002 Y171.575
G0 X147.257 Y171.268
G0 X147.464 Y170.731
G0 X147.463 Y169.224
G0 X147.209 Y168.666
G0 X146.894 Y168.349
G0 X145.665 Y167.606
G0 X144.086 Y167.606
G0 X144.09 Y167.136
G0 X144.4 Y167.416
;TYPE:WALL-INNER
G1 F2400 E1641.68974
G1 F2190.3 X144.4 Y136.3 E1642.72466
G1 X143.6 Y136.3 E1642.75127
G1 X143.6 Y167.416 E1643.78619
G1 X144.4 Y167.416 E1643.8128
G0 F15000 X144.8 Y167.816
;TYPE:WALL-OUTER
G1 F2190.3 X144.8 Y135.9 E1644.87433
G1 X143.2 Y135.9 E1644.92754
G1 X143.2 Y167.816 E1645.98907
G1 X144.8 Y167.816 E1646.04229
G0 F15000 X144.52 Y167.536
G0 X143.91 Y166.79
G0 X143.68 Y166.79
;TYPE:FILL
G1 F2190.3 X144.32 Y164.404 E1646.12446
G1 X144.32 Y164.461
G1 X143.68 Y163.821 E1646.15456
G0 F15000 X143.91 Y163.821
G0 X143.91 Y161.795
G0 X143.68 Y161.795
G1 F2190.3 X144.32 Y161.623 E1646.1766
G0 F15000 X144.09 Y161.623
G0 X143.91 Y153.512
G0 X143.681 Y153.512
G1 F2190.3 X144.319 Y153.341 E1646.19857
G1 X144.32 Y153.147
G1 X143.68 Y152.507 E1646.22867
G0 F15000 X143.91 Y152.507
G0 X143.91 Y145.23
G0 X143.68 Y145.23
G1 F2190.3 X144.32 Y145.059 E1646.25071
G0 F15000 X144.09 Y145.059
G0 X144.09 Y141.834
G0 X144.32 Y141.834
G1 F2190.3 X143.68 Y141.194 E1646.28081
G0 F15000 X143.91 Y141.194
G0 X144.001 Y137.403
G0 X144 Y136.7
;TYPE:SKIN
G1 F1825.2 X144 Y137.102 E1646.29685
G1 F2400 E1645.79685
;MESH:NONMESH
G0 F300 X144 Y137.102 Z14
G0 F15000 X144 Y137.403
G0 X143.424 Y167.593
G0 X142.335 Y167.593
G0 X140.999 Y168.424
G0 X140.743 Y168.731
G0 X140.536 Y169.268
G0 X140.537 Y170.776
G0 X140.791 Y171.334
G0 X141.18 Y171.725
G0 X141.842 Y172.111
G0 X142.311 Y171.846
G0 X142 Y171.031
;TIME_ELAPSED:2286.982723
;LAYER:69
;note -- min layer time used
;TYPE:SUPPORT
G1 F2400 E1646.29685
G1 F2176.6 X142 Y168.986 E1646.36487
G1 X141.842 Y168.901 E1646.37084
G1 X141.582 Y169.074 E1646.38123
G1 X141.498 Y169.174 E1646.38557
G1 X141.4 Y169.429 E1646.39466
G1 X141.401 Y170.59 E1646.43327
G1 X141.513 Y170.837 E1646.44229
G1 X141.712 Y171.036 E1646.45165
G1 X141.849 Y171.117 E1646.45695
G1 X142.049 Y171.002 E1646.46462
G1 X144 Y171.002 E1646.52951
G1 X144 Y168.997 E1646.5962
G1 X145.953 Y168.997 E1646.66115
G1 X146.152 Y168.883 E1646.66878
G1 X146.288 Y168.964 E1646.67405
G1 X146.487 Y169.163 E1646.68341
G1 X146.599 Y169.41 E1646.69243
G1 X146.6 Y170.57 E1646.73101
G1 X146.502 Y170.825 E1646.74009
G1 X146.418 Y170.925 E1646.74444
G1 X146.157 Y171.097 E1646.75483
G1 X146 Y171.012 E1646.76077
G1 X146 Y168.97 E1646.82869
G1 F2400 E1646.32869
G0 F15000 X146.82 Y168.275
G0 X153.18 Y171.725
G0 X154 Y171.031
G1 F2400 E1646.82869
G1 F2176.6 X154 Y168.986 E1646.89671
G1 X153.842 Y168.901 E1646.90267
G1 X153.582 Y169.074 E1646.91306
G1 X153.498 Y169.174 E1646.9174
G1 X153.4 Y169.429 E1646.92649
G1 X153.401 Y170.59 E1646.96511
G1 X153.513 Y170.837 E1646.97413
G1 X153.712 Y171.036 E1646.98349
G1 X153.849 Y171.117 E1646.98878
G1 X154.049 Y171.002 E1646.99645
G1 X156 Y171.002 E1647.06134
G1 X156 Y168.997 E1647.12803
G1 X157.953 Y168.997 E1647.19299
G1 X158.152 Y168.883 E1647.20061
G1 X158.288 Y168.964 E1647.20588
G1 X158.487 Y169.163 E1647.21524
G1 X158.599 Y169.41 E1647.22426
G1 X158.6 Y170.57 E1647.26284
G1 X158.502 Y170.825 E1647.27193
G1 X158.418 Y170.925 E1647.27627
G1 X158.157 Y171.097 E1647.28667
G1 X158 Y171.012 E1647.29261
G1 X158 Y168.97 E1647.36052
G1 F2400 E1646.86052
;MESH:Limiter bracket.stl
G0 F15000 X156.576 Y167.573
G0 X155.91 Y167.117
G0 X155.6 Y167.396
;TYPE:WALL-INNER
G1 F2400 E1647.36052
G1 F2176.6 X156.4 Y167.396 E1647.38713
G1 X156.4 Y136.5 E1648.41474
G1 X155.6 Y136.5 E1648.44135
G1 X155.6 Y167.396 E1649.46895
G0 F15000 X155.2 Y167.796
;TYPE:WALL-OUTER
G1 F2176.6 X156.8 Y167.796 E1649.52217
G1 X156.8 Y136.1 E1650.57638
G1 X155.2 Y136.1 E1650.6296
G1 X155.2 Y167.796 E1651.68381
G0 F15000 X155.68 Y167.008
;TYPE:FILL
G1 F2176.6 X156.32 Y166.836 E1651.70585
G0 F15000 X156.09 Y166.836
G0 X156.09 Y164.948
G0 X156.32 Y164.948
G1 F2176.6 X155.68 Y164.308 E1651.73595
G0 F15000 X155.91 Y164.308
G0 X155.91 Y158.725
G0 X155.681 Y158.725
G1 F2176.6 X156.319 Y158.554 E1651.75792
G0 F15000 X156.09 Y158.554
G0 X156.09 Y153.635
G0 X156.32 Y153.635
G1 F2176.6 X155.68 Y152.995 E1651.78803
G0 F15000 X155.68 Y152.371
G1 F2176.6 X156.32 Y149.982 E1651.87029
G0 F15000 X156.319 Y150.272
G1 F2176.6 X155.68 Y150.443 E1651.89229
G0 F15000 X155.91 Y150.443
G0 X156.09 Y142.321
G0 X156.32 Y142.321
G1 F2176.6 X155.68 Y141.681 E1651.92239
G0 F15000 X155.681 Y142.161
G1 F2176.6 X156.319 Y141.99 E1651.94436
G0 F15000 X156.09 Y141.99
G0 X156.001 Y137.603
G0 X156 Y136.9
;TYPE:SKIN
G1 F1813.9 X156 Y137.302 E1651.96041
G1 F2400 E1651.46041
G0 F15000 X156 Y137.603
G0 X155.91 Y167.567
G0 X154.335 Y167.567
G0 X152.999 Y168.424
G0 X152.743 Y168.731
G0 X152.536 Y169.268
G0 X152.537 Y170.776
G0 X152.791 Y171.334
G0 X153.106 Y171.651
G0 X154.335 Y172.432
G0 X155.91 Y172.432
G0 X155.91 Y174.12
G0 X155.6 Y174.4
;TYPE:WALL-INNER
G1 F2400 E1651.96041
G1 F2176.6 X156.4 Y174.4 E1651.98701
G1 X156.4 Y172.6 E1652.04688
G1 X155.6 Y172.6 E1652.07349
G1 X155.6 Y174.4 E1652.13336
G0 F15000 X155.2 Y174.8
;TYPE:WALL-OUTER
G1 F2176.6 X156.8 Y174.8 E1652.18657
G1 X156.8 Y172.2 E1652.27305
G1 X155.2 Y172.2 E1652.32627
G1 X155.2 Y174.8 E1652.41274
G1 F2400 E1651.91274
G0 F15000 X155.48 Y174.52
G0 X155.43 Y174.12
G0 X154.335 Y174.12
G0 X145.665 Y174.12
G0 X144.57 Y174.12
G0 X144.09 Y174.12
G0 X144.4 Y174.4
;TYPE:WALL-INNER
G1 F2400 E1652.41274
G1 F2176.6 X144.4 Y172.6 E1652.47261
G1 X143.6 Y172.6 E1652.49922
G1 X143.6 Y174.4 E1652.55909
G1 X144.4 Y174.4 E1652.5857
G0 F15000 X144.8 Y174.8
;TYPE:WALL-OUTER
G1 F2176.6 X144.8 Y172.2 E1652.67217
G1 X143.2 Y172.2 E1652.72539
G1 X143.2 Y174.8 E1652.81187
G1 X144.8 Y174.8 E1652.86508
G1 F2400 E1652.36508
G0 F15000 X144.52 Y174.52
G0 X144.09 Y172.432
G0 X145.665 Y172.432
G0 X147.002 Y171.575
G0 X147.257 Y171.268
G0 X147.464 Y170.731
G0 X147.463 Y169.224
G0 X147.209 Y168.666
G0 X146.894 Y168.349
G0 X145.665 Y167.567
G0 X144.09 Y167.567
G0 X144.09 Y167.117
G0 X144.4 Y167.396
;TYPE:WALL-INNER
G1 F2400 E1652.86508
G1 F2176.6 X144.4 Y136.5 E1653.89269
G1 X143.6 Y136.5 E1653.91929
G1 X143.6 Y167.396 E1654.9469
G1 X144.4 Y167.396 E1654.97351
G0 F15000 X144.8 Y167.796
;TYPE:WALL-OUTER
G1 F2176.6 X144.8 Y136.1 E1656.02772
G1 X143.2 Y136.1 E1656.08094
G1 X143.2 Y167.796 E1657.13515
G1 X144.8 Y167.796 E1657.18837
G0 F15000 X144.52 Y167.517
G0 X143.91 Y166.246
G0 X143.68 Y166.246
;TYPE:FILL
G1 F2176.6 X144.32 Y163.859 E1657.27056
G0 F15000 X144.32 Y164.262
G1 F2176.6 X143.68 Y163.622 E1657.30067
G0 F15000 X143.91 Y163.622
G0 X143.91 Y161.941
G0 X143.681 Y161.941
G1 F2176.6 X144.32 Y161.77 E1657.32267
G0 F15000 X144.09 Y161.77
G0 X143.91 Y153.659
G0 X143.681 Y153.659
G1 F2176.6 X144.32 Y153.487 E1657.34468
G0 F15000 X144.32 Y152.948
G1 F2176.6 X143.68 Y152.308 E1657.37478
G0 F15000 X143.91 Y152.308
G0 X143.91 Y145.376
G0 X143.681 Y145.376
G1 F2176.6 X144.319 Y145.205 E1657.39675
G0 F15000 X144.09 Y145.205
G0 X144.09 Y141.634
G0 X144.32 Y141.634
G1 F2176.6 X143.68 Y140.994 E1657.42685
G0 F15000 X143.91 Y140.994
G0 X144.001 Y137.603
G0 X144 Y136.9
;TYPE:SKIN
G1 F1813.9 X144 Y137.302 E1657.4429
G1 F2400 E1656.9429
;MESH:NONMESH
G0 F300 X144 Y137.302 Z14.2
G0 F15000 X144 Y137.603
G0 X143.424 Y167.573
G0 X142.335 Y167.573
G0 X140.999 Y168.424
G0 X140.743 Y168.731
G0 X140.536 Y169.268
G0 X140.537 Y170.776
G0 X140.791 Y171.334
G0 X141.18 Y171.725
G0 X141.842 Y172.111
G0 X142.278 Y171.865
G0 X142 Y171.031
;TIME_ELAPSED:2306.015281
;LAYER:70
;note -- min layer time used
;TYPE:SUPPORT
G1 F2400 E1657.4429
G1 F2167.1 X142 Y168.986 E1657.51092
G1 X141.842 Y168.901 E1657.51688
G1 X141.582 Y169.074 E1657.52727
G1 X141.498 Y169.174 E1657.53161
G1 X141.4 Y169.429 E1657.5407
G1 X141.401 Y170.59 E1657.57931
G1 X141.513 Y170.837 E1657.58833
G1 X141.712 Y171.036 E1657.5977
G1 X141.849 Y171.117 E1657.60299
G1 X142.049 Y171.002 E1657.61066
G1 X144 Y171.002 E1657.67555
G1 X144 Y168.997 E1657.74224
G1 X145.953 Y168.997 E1657.8072
G1 X146.152 Y168.883 E1657.81482
G1 X146.288 Y168.964 E1657.82009
G1 X146.487 Y169.163 E1657.82945
G1 X146.599 Y169.41 E1657.83847
G1 X146.6 Y170.57 E1657.87705
G1 X146.502 Y170.825 E1657.88614
G1 X146.418 Y170.925 E1657.89048
G1 X146.157 Y171.097 E1657.90088
G1 X146 Y171.012 E1657.90682
G1 X146 Y168.97 E1657.97473
G1 F2400 E1657.47473
G0 F15000 X146.82 Y168.275
G0 X153.18 Y171.725
G0 X154 Y171.031
G1 F2400 E1657.97473
G1 F2167.1 X154 Y168.986 E1658.04275
G1 X153.842 Y168.901 E1658.04872
G1 X153.582 Y169.074 E1658.0591
G1 X153.498 Y169.174 E1658.06345
G1 X153.4 Y169.429 E1658.07253
G1 X153.401 Y170.59 E1658.11115
G1 X153.513 Y170.837 E1658.12017
G1 X153.712 Y171.036 E1658.12953
G1 X153.849 Y171.117 E1658.13482
G1 X154.049 Y171.002 E1658.1425
G1 X156 Y171.002 E1658.20739
G1 X156 Y168.997 E1658.27407
G1 X157.953 Y168.997 E1658.33903
G1 X158.152 Y168.883 E1658.34666
G1 X158.288 Y168.964 E1658.35192
G1 X158.487 Y169.163 E1658.36128
G1 X158.599 Y169.41 E1658.3703
G1 X158.6 Y170.57 E1658.40889
G1 X158.502 Y170.825 E1658.41797
G1 X158.418 Y170.925 E1658.42232
G1 X158.157 Y171.097 E1658.43271
G1 X158 Y171.012 E1658.43865
G1 X158 Y168.97 E1658.50657
G1 F2400 E1658.00657
;MESH:Limiter bracket.stl
G0 F15000 X156.576 Y167.573
G0 X155.91 Y167.117
G0 X155.6 Y167.396
;TYPE:WALL-INNER
G1 F2400 E1658.50657
G1 F2167.1 X156.4 Y167.396 E1658.53318
G1 X156.4 Y136.7 E1659.55413
G1 X155.6 Y136.7 E1659.58074
G1 X155.6 Y167.396 E1660.60169
G0 F15000 X155.2 Y167.796
;TYPE:WALL-OUTER
G1 F2167.1 X156.8 Y167.796 E1660.65491
G1 X156.8 Y136.3 E1661.70247
G1 X155.2 Y136.3 E1661.75568
G1 X155.2 Y167.796 E1662.80324
G0 F15000 X155.681 Y167.153
;TYPE:FILL
G1 F2167.1 X156.32 Y166.982 E1662.82525
G0 F15000 X156.09 Y166.982
G0 X156.09 Y164.749
G0 X156.32 Y164.749
G1 F2167.1 X155.68 Y164.109 E1662.85535
G0 F15000 X155.91 Y164.109
G0 X155.91 Y158.871
G0 X155.681 Y158.871
G1 F2167.1 X156.32 Y158.7 E1662.87735
G0 F15000 X156.09 Y158.7
G0 X156.09 Y153.435
G0 X156.32 Y153.435
G1 F2167.1 X155.68 Y152.795 E1662.90745
G0 F15000 X155.68 Y151.827
G1 F2167.1 X156.32 Y149.44 E1662.98965
G0 F15000 X156.319 Y150.418
G1 F2167.1 X155.68 Y150.589 E1663.01165
G0 F15000 X155.91 Y150.589
G0 X155.91 Y142.307
G0 X155.68 Y142.307
G1 F2167.1 X156.32 Y142.136 E1663.03368
G1 X156.32 Y142.121
G1 X155.68 Y141.481 E1663.06379
G0 F15000 X155.91 Y141.481
G0 X156.001 Y137.803
G0 X156 Y137.1
;TYPE:SKIN
G1 F1805.9 X156 Y137.502 E1663.07983
G1 F2400 E1662.57983
G0 F15000 X156 Y137.803
G0 X155.91 Y167.567
G0 X154.335 Y167.567
G0 X152.999 Y168.424
G0 X152.743 Y168.731
G0 X152.536 Y169.268
G0 X152.537 Y170.776
G0 X152.791 Y171.334
G0 X153.106 Y171.651
G0 X154.335 Y172.432
G0 X155.91 Y172.432
G0 X155.91 Y174.12
G0 X155.6 Y174.4
;TYPE:WALL-INNER
G1 F2400 E1663.07983
G1 F2167.1 X156.4 Y174.4 E1663.10644
G1 X156.4 Y172.6 E1663.16631
G1 X155.6 Y172.6 E1663.19292
G1 X155.6 Y174.4 E1663.25279
G0 F15000 X155.2 Y174.8
;TYPE:WALL-OUTER
G1 F2167.1 X156.8 Y174.8 E1663.306
G1 X156.8 Y172.2 E1663.39248
G1 X155.2 Y172.2 E1663.44569
G1 X155.2 Y174.8 E1663.53217
G1 F2400 E1663.03217
G0 F15000 X155.48 Y174.52
G0 X155.43 Y174.12
G0 X154.335 Y174.12
G0 X145.665 Y174.12
G0 X144.57 Y174.12
G0 X144.09 Y174.12
G0 X144.4 Y174.4
;TYPE:WALL-INNER
G1 F2400 E1663.53217
G1 F2167.1 X144.4 Y172.6 E1663.59204
G1 X143.6 Y172.6 E1663.61865
G1 X143.6 Y174.4 E1663.67852
G1 X144.4 Y174.4 E1663.70512
G0 F15000 X144.8 Y174.8
;TYPE:WALL-OUTER
G1 F2167.1 X144.8 Y172.2 E1663.7916
G1 X143.2 Y172.2 E1663.84482
G1 X143.2 Y174.8 E1663.93129
G1 X144.8 Y174.8 E1663.98451
G1 F2400 E1663.48451
G0 F15000 X144.52 Y174.52
G0 X144.09 Y172.432
G0 X145.665 Y172.432
G0 X147.002 Y171.575
G0 X147.257 Y171.268
G0 X147.464 Y170.731
G0 X147.463 Y169.224
G0 X147.209 Y168.666
G0 X146.894 Y168.349
G0 X145.665 Y167.567
G0 X144.09 Y167.567
G0 X144.09 Y167.117
G0 X144.4 Y167.396
;TYPE:WALL-INNER
G1 F2400 E1663.98451
G1 F2167.1 X144.4 Y136.7 E1665.00546
G1 X143.6 Y136.7 E1665.03207
G1 X143.6 Y167.396 E1666.05302
G1 X144.4 Y167.396 E1666.07963
G0 F15000 X144.8 Y167.796
;TYPE:WALL-OUTER
G1 F2167.1 X144.8 Y136.3 E1667.12719
G1 X143.2 Y136.3 E1667.18041
G1 X143.2 Y167.796 E1668.22797
G1 X144.8 Y167.796 E1668.28119
G0 F15000 X144.52 Y167.517
G0 X143.91 Y165.701
G0 X143.68 Y165.701
;TYPE:FILL
G1 F2167.1 X144.32 Y163.314 E1668.36338
G0 F15000 X143.68 Y163.422
G1 F2167.1 X144.32 Y164.062 E1668.39349
G0 F15000 X144.09 Y164.062
G0 X143.91 Y162.087
G0 X143.681 Y162.087
G1 F2167.1 X144.319 Y161.916 E1668.41545
G0 F15000 X144.09 Y161.916
G0 X143.91 Y153.805
G0 X143.68 Y153.805
G1 F2167.1 X144.32 Y153.633 E1668.4375
G0 F15000 X144.32 Y152.748
G1 F2167.1 X143.68 Y152.109 E1668.46758
G0 F15000 X143.91 Y152.109
G0 X143.91 Y145.522
G0 X143.681 Y145.522
G1 F2167.1 X144.32 Y145.351 E1668.48958
G0 F15000 X144.09 Y145.351
G0 X144.09 Y141.435
G0 X144.32 Y141.435
G1 F2167.1 X143.68 Y140.795 E1668.51968
G0 F15000 X143.91 Y140.795
G0 X144.001 Y137.803
G0 X144 Y137.1
;TYPE:SKIN
G1 F1805.9 X144 Y137.502 E1668.53573
G1 F2400 E1668.03573
;MESH:NONMESH
G0 F300 X144 Y137.502 Z14.4
G0 F15000 X144 Y137.803
G0 X143.424 Y167.573
G0 X142.335 Y167.573
G0 X140.999 Y168.424
G0 X140.743 Y168.731
G0 X140.536 Y169.268
G0 X140.537 Y170.776
G0 X140.791 Y171.334
G0 X141.18 Y171.725
G0 X141.842 Y172.111
G0 X142.278 Y171.865
G0 X142 Y171.03
;TIME_ELAPSED:2325.070620
;LAYER:71
;note -- min layer time used
;TYPE:SUPPORT
G1 F2400 E1668.53573
G1 F2161.4 X142 Y168.986 E1668.60371
G1 X141.843 Y168.901 E1668.60965
G1 X141.582 Y169.074 E1668.62006
G1 X141.498 Y169.174 E1668.62441
G1 X141.4 Y169.429 E1668.63349
G1 X141.401 Y170.59 E1668.67211
G1 X141.513 Y170.837 E1668.68113
G1 X141.712 Y171.036 E1668.69049
G1 X141.848 Y171.117 E1668.69575
G1 X142.082 Y170.983 E1668.70472
G1 X144 Y170.983 E1668.76851
G1 X144 Y169.016 E1668.83394
G1 X145.919 Y169.016 E1668.89776
G1 X146.151 Y168.883 E1668.90666
G1 X146.288 Y168.964 E1668.91195
G1 X146.487 Y169.163 E1668.92131
G1 X146.599 Y169.41 E1668.93033
G1 X146.6 Y170.57 E1668.96891
G1 X146.502 Y170.825 E1668.978
G1 X146.418 Y170.925 E1668.98234
G1 X146.157 Y171.097 E1668.99274
G1 X146 Y171.012 E1668.99868
G1 X146 Y168.969 E1669.06663
G1 F2400 E1668.56663
G0 F15000 X146.82 Y168.275
G0 X153.18 Y171.725
G0 X154 Y171.03
G1 F2400 E1669.06663
G1 F2161.4 X154 Y168.986 E1669.13461
G1 X153.843 Y168.901 E1669.14055
G1 X153.582 Y169.074 E1669.15096
G1 X153.498 Y169.174 E1669.15531
G1 X153.4 Y169.429 E1669.16439
G1 X153.401 Y170.59 E1669.20301
G1 X153.513 Y170.837 E1669.21203
G1 X153.712 Y171.036 E1669.22139
G1 X153.848 Y171.117 E1669.22665
G1 X154.082 Y170.983 E1669.23562
G1 X156 Y170.983 E1669.29942
G1 X156 Y169.016 E1669.36484
G1 X157.919 Y169.016 E1669.42867
G1 X158.151 Y168.883 E1669.43756
G1 X158.288 Y168.964 E1669.44285
G1 X158.487 Y169.163 E1669.45221
G1 X158.599 Y169.41 E1669.46123
G1 X158.6 Y170.57 E1669.49982
G1 X158.502 Y170.825 E1669.5089
G1 X158.418 Y170.925 E1669.51325
G1 X158.157 Y171.097 E1669.52364
G1 X158 Y171.012 E1669.52958
G1 X158 Y168.969 E1669.59753
G1 F2400 E1669.09753
;MESH:Limiter bracket.stl
G0 F15000 X156.576 Y167.592
G0 X155.881 Y167.106
G0 X155.6 Y167.416
;TYPE:WALL-INNER
G1 F2400 E1669.59753
G1 F2161.4 X156.4 Y167.416 E1669.62414
G1 X156.4 Y136.9 E1670.6391
G1 X155.6 Y136.9 E1670.66571
G1 X155.6 Y167.416 E1671.68068
G0 F15000 X155.2 Y167.816
;TYPE:WALL-OUTER
G1 F2161.4 X156.8 Y167.816 E1671.7339
G1 X156.8 Y136.5 E1672.77547
G1 X155.2 Y136.5 E1672.82869
G1 X155.2 Y167.816 E1673.87026
G0 F15000 X155.681 Y167.3
;TYPE:FILL
G1 F2161.4 X156.32 Y167.129 E1673.89226
G0 F15000 X156.09 Y167.129
G0 X156.09 Y164.548
G0 X156.32 Y164.548
G1 F2161.4 X155.68 Y163.908 E1673.92237
G0 F15000 X155.91 Y163.908
G0 X155.91 Y159.018
G0 X155.681 Y159.018
G1 F2161.4 X156.32 Y158.847 E1673.94437
G0 F15000 X156.09 Y158.847
G0 X156.09 Y153.234
G0 X156.32 Y153.234
G1 F2161.4 X155.68 Y152.594 E1673.97447
G0 F15000 X155.91 Y152.594
G0 X155.91 Y151.278
G0 X155.68 Y151.278
G1 F2161.4 X156.32 Y148.891 E1674.05667
G0 F15000 X156.09 Y148.891
G0 X156.09 Y150.565
G0 X156.32 Y150.565
G1 F2161.4 X155.68 Y150.736 E1674.0787
G0 F15000 X155.91 Y150.736
G0 X155.91 Y142.454
G0 X155.68 Y142.454
G1 F2161.4 X156.32 Y142.283 E1674.10073
G0 F15000 X156.32 Y141.921
G1 F2161.4 X155.68 Y141.281 E1674.13084
G0 F15000 X155.91 Y141.281
G0 X156.001 Y138.003
G0 X156 Y137.3
;TYPE:SKIN
G1 F1801.1 X156 Y137.702 E1674.14688
G1 F2400 E1673.64688
G0 F15000 X156 Y138.003
G0 X155.905 Y167.606
G0 X154.335 Y167.606
G0 X152.999 Y168.424
G0 X152.743 Y168.731
G0 X152.536 Y169.268
G0 X152.537 Y170.776
G0 X152.791 Y171.334
G0 X153.643 Y172.084
G0 X154.335 Y172.413
G0 X155.905 Y172.413
G0 X155.91 Y174.12
G0 X155.6 Y174.4
;TYPE:WALL-INNER
G1 F2400 E1674.14688
G1 F2161.4 X156.4 Y174.4 E1674.17349
G1 X156.4 Y172.58 E1674.23402
G1 X155.6 Y172.58 E1674.26063
G1 X155.6 Y174.4 E1674.32116
G0 F15000 X155.2 Y174.8
;TYPE:WALL-OUTER
G1 F2161.4 X156.8 Y174.8 E1674.37438
G1 X156.8 Y172.18 E1674.46152
G1 X155.2 Y172.18 E1674.51474
G1 X155.2 Y174.8 E1674.60188
G1 F2400 E1674.10188
G0 F15000 X155.48 Y174.52
G0 X155.43 Y174.12
G0 X154.335 Y174.12
G0 X145.665 Y174.12
G0 X144.57 Y174.12
G0 X144.09 Y174.12
G0 X144.4 Y174.4
;TYPE:WALL-INNER
G1 F2400 E1674.60188
G1 F2161.4 X144.4 Y172.58 E1674.66241
G1 X143.6 Y172.58 E1674.68902
G1 X143.6 Y174.4 E1674.74955
G1 X144.4 Y174.4 E1674.77616
G0 F15000 X144.8 Y174.8
;TYPE:WALL-OUTER
G1 F2161.4 X144.8 Y172.18 E1674.8633
G1 X143.2 Y172.18 E1674.91652
G1 X143.2 Y174.8 E1675.00366
G1 X144.8 Y174.8 E1675.05688
G1 F2400 E1674.55688
G0 F15000 X144.52 Y174.52
G0 X144.09 Y172.413
G0 X145.665 Y172.413
G0 X147.002 Y171.575
G0 X147.257 Y171.268
G0 X147.464 Y170.731
G0 X147.463 Y169.224
G0 X147.209 Y168.666
G0 X146.357 Y167.916
G0 X145.665 Y167.586
G0 X144.09 Y167.586
G0 X144.09 Y167.136
G0 X144.4 Y167.416
;TYPE:WALL-INNER
G1 F2400 E1675.05688
G1 F2161.4 X144.4 Y136.9 E1676.07184
G1 X143.6 Y136.9 E1676.09845
G1 X143.6 Y167.416 E1677.11342
G1 X144.4 Y167.416 E1677.14003
G0 F15000 X144.8 Y167.816
;TYPE:WALL-OUTER
G1 F2161.4 X144.8 Y136.5 E1678.1816
G1 X143.2 Y136.5 E1678.23482
G1 X143.2 Y167.816 E1679.27639
G1 X144.8 Y167.816 E1679.32961
G0 F15000 X144.52 Y167.536
G0 X143.91 Y165.153
G0 X143.68 Y165.153
;TYPE:FILL
G1 F2161.4 X144.32 Y162.765 E1679.41184
G0 F15000 X144.319 Y162.063
G1 F2161.4 X143.68 Y162.234 E1679.43384
G0 F15000 X143.68 Y163.221
G1 F2161.4 X144.32 Y163.861 E1679.46394
G0 F15000 X144.09 Y163.861
G0 X143.91 Y153.952
G0 X143.68 Y153.952
G1 F2161.4 X144.32 Y153.78 E1679.48598
G0 F15000 X144.09 Y153.78
G0 X144.09 Y152.548
G0 X144.32 Y152.548
G1 F2161.4 X143.68 Y151.908 E1679.51609
G0 F15000 X143.91 Y151.908
G0 X143.91 Y145.669
G0 X143.68 Y145.669
G1 F2161.4 X144.32 Y145.498 E1679.53812
G0 F15000 X144.09 Y145.498
G0 X144.09 Y141.234
G0 X144.32 Y141.234
G1 F2161.4 X143.68 Y140.594 E1679.56822
G0 F15000 X143.91 Y140.594
G0 X144.001 Y138.003
G0 X144 Y137.3
;TYPE:SKIN
G1 F1801.1 X144 Y137.702 E1679.58427
G1 F2400 E1679.08427
;MESH:NONMESH
G0 F300 X144 Y137.702 Z14.6
G0 F15000 X144 Y138.003
G0 X143.424 Y167.592
G0 X142.335 Y167.592
G0 X140.999 Y168.424
G0 X140.743 Y168.731
G0 X140.536 Y169.268
G0 X140.537 Y170.776
G0 X140.791 Y171.334
G0 X141.738 Y172.167
G0 X142.311 Y171.846
G0 X142 Y171.026
;TIME_ELAPSED:2344.314101
;LAYER:72
;note -- min layer time used
;TYPE:SUPPORT
G1 F2400 E1679.58427
G1 F2148.4 X142 Y168.986 E1679.65212
G1 X141.842 Y168.901 E1679.65809
G1 X141.582 Y169.074 E1679.66847
G1 X141.498 Y169.174 E1679.67282
G1 X141.4 Y169.429 E1679.6819
G1 X141.401 Y170.59 E1679.72052
G1 X141.513 Y170.837 E1679.72954
G1 X141.71 Y171.034 E1679.7388
G1 X141.847 Y171.115 E1679.7441
G1 X142.146 Y170.941 E1679.7556
G1 X144 Y170.941 E1679.81727
G1 X144 Y169.059 E1679.87986
G1 X145.854 Y169.059 E1679.94153
G1 X146.153 Y168.885 E1679.95303
G1 X146.29 Y168.966 E1679.95833
G1 X146.487 Y169.163 E1679.96759
G1 X146.599 Y169.41 E1679.97661
G1 X146.6 Y170.57 E1680.0152
G1 X146.502 Y170.825 E1680.02428
G1 X146.418 Y170.925 E1680.02863
G1 X146.158 Y171.097 E1680.03899
G1 X146 Y171.012 E1680.04496
G1 X146 Y168.974 E1680.11275
G1 F2400 E1679.61275
G0 F15000 X146.651 Y168.175
G0 X153.336 Y171.817
G0 X154 Y171.026
G1 F2400 E1680.11275
G1 F2148.4 X154 Y168.986 E1680.1806
G1 X153.842 Y168.901 E1680.18656
G1 X153.582 Y169.074 E1680.19695
G1 X153.498 Y169.174 E1680.20129
G1 X153.4 Y169.429 E1680.21038
G1 X153.401 Y170.59 E1680.249
G1 X153.513 Y170.837 E1680.25802
G1 X153.71 Y171.034 E1680.26728
G1 X153.847 Y171.115 E1680.27258
G1 X154.146 Y170.941 E1680.28408
G1 X156 Y170.941 E1680.34575
G1 X156 Y169.059 E1680.40834
G1 X157.854 Y169.059 E1680.47001
G1 X158.153 Y168.885 E1680.48151
G1 X158.29 Y168.966 E1680.48681
G1 X158.487 Y169.163 E1680.49607
G1 X158.599 Y169.41 E1680.50509
G1 X158.6 Y170.57 E1680.54367
G1 X158.502 Y170.825 E1680.55276
G1 X158.418 Y170.925 E1680.5571
G1 X158.158 Y171.097 E1680.56747
G1 X158 Y171.012 E1680.57344
G1 X158 Y168.974 E1680.64122
G1 F2400 E1680.14122
;MESH:Limiter bracket.stl
G0 F15000 X156.576 Y167.635
G0 X155.881 Y167.149
G0 X155.6 Y167.458
;TYPE:WALL-INNER
G1 F2400 E1680.64122
G1 F2148.4 X156.4 Y167.457 E1680.66783
G1 X156.4 Y137.1 E1681.67751
G1 X155.6 Y137.1 E1681.70412
G1 X155.6 Y167.458 E1682.71383
G0 F15000 X155.2 Y167.859
;TYPE:WALL-OUTER
G1 F2148.4 X156.8 Y167.856 E1682.76705
G1 X156.8 Y136.7 E1683.8033
G1 X155.2 Y136.7 E1683.85651
G1 X155.2 Y167.859 E1684.89287
G0 F15000 X155.937 Y167.378
;TYPE:FILL
G1 F2148.4 X156.319 Y167.275 E1684.90603
G0 F15000 X156.12 Y167.179
G0 X156.09 Y164.349
G0 X156.32 Y164.349
G1 F2148.4 X155.68 Y163.709 E1684.93613
G0 F15000 X155.91 Y163.709
G0 X155.91 Y159.164
G0 X155.68 Y159.164
G1 F2148.4 X156.319 Y158.993 E1684.95813
G0 F15000 X156.09 Y158.993
G0 X156.09 Y153.035
G0 X156.32 Y153.035
G1 F2148.4 X155.68 Y152.395 E1684.98823
G0 F15000 X155.91 Y152.395
G0 X155.91 Y150.882
G0 X155.681 Y150.882
G1 F2148.4 X156.319 Y150.711 E1685.0102
G0 F15000 X155.68 Y150.733
G1 F2148.4 X156.32 Y148.345 E1685.09243
G0 F15000 X156.09 Y148.345
G0 X155.91 Y142.6
G0 X155.68 Y142.6
G1 F2148.4 X156.32 Y142.429 E1685.11447
G0 F15000 X156.32 Y141.721
G1 F2148.4 X155.68 Y141.081 E1685.14457
G0 F15000 X155.91 Y141.081
G0 X156.001 Y138.203
G0 X156 Y137.5
;TYPE:SKIN
G1 F1790.3 X156 Y137.902 E1685.16061
G1 F2400 E1684.66061
G0 F15000 X156 Y138.203
G0 X155.905 Y167.649
G0 X154.335 Y167.649
G0 X153.796 Y167.901
G0 X152.999 Y168.424
G0 X152.743 Y168.731
G0 X152.536 Y169.268
G0 X152.537 Y170.776
G0 X152.791 Y171.334
G0 X153.232 Y171.726
G0 X154.335 Y172.371
G0 X155.905 Y172.371
G0 X155.91 Y174.12
G0 X155.6 Y174.4
;TYPE:WALL-INNER
G1 F2400 E1685.16061
G1 F2148.4 X156.4 Y174.4 E1685.18722
G1 X156.4 Y172.54 E1685.24909
G1 X155.6 Y172.54 E1685.27569
G1 X155.6 Y174.4 E1685.33756
G0 F15000 X155.2 Y174.8
;TYPE:WALL-OUTER
G1 F2148.4 X156.8 Y174.8 E1685.39077
G1 X156.8 Y172.14 E1685.47925
G1 X155.2 Y172.14 E1685.53246
G1 X155.2 Y174.8 E1685.62093
G1 F2400 E1685.12093
G0 F15000 X155.48 Y174.52
G0 X155.43 Y174.12
G0 X154.335 Y174.12
G0 X145.665 Y174.12
G0 X144.57 Y174.12
G0 X144.09 Y174.12
G0 X144.4 Y174.4
;TYPE:WALL-INNER
G1 F2400 E1685.62093
G1 F2148.4 X144.4 Y172.54 E1685.6828
G1 X143.6 Y172.54 E1685.70941
G1 X143.6 Y174.4 E1685.77127
G1 X144.4 Y174.4 E1685.79788
G0 F15000 X144.8 Y174.8
;TYPE:WALL-OUTER
G1 F2148.4 X144.8 Y172.14 E1685.88635
G1 X143.2 Y172.14 E1685.93957
G1 X143.2 Y174.8 E1686.02804
G1 X144.8 Y174.8 E1686.08125
G1 F2400 E1685.58125
G0 F15000 X144.52 Y174.52
G0 X144.09 Y172.371
G0 X145.665 Y172.371
G0 X146.202 Y172.096
G0 X147.002 Y171.575
G0 X147.257 Y171.268
G0 X147.464 Y170.731
G0 X147.463 Y169.224
G0 X147.209 Y168.666
G0 X146.757 Y168.268
G0 X145.665 Y167.629
G0 X144.09 Y167.629
G0 X144.09 Y167.179
G0 X144.4 Y167.456
;TYPE:WALL-INNER
G1 F2400 E1686.08125
G1 F2148.4 X144.4 Y137.1 E1687.0909
G1 X143.6 Y137.1 E1687.11751
G1 X143.6 Y167.456 E1688.12715
G1 X144.4 Y167.456 E1688.15376
G0 F15000 X144.8 Y167.856
;TYPE:WALL-OUTER
G1 F2148.4 X144.8 Y136.7 E1689.19001
G1 X143.2 Y136.7 E1689.24323
G1 X143.2 Y167.856 E1690.27948
G1 X144.8 Y167.856 E1690.3327
G0 F15000 X144.52 Y167.579
G0 X143.91 Y164.609
G0 X143.68 Y164.609
;TYPE:FILL
G1 F2148.4 X144.32 Y162.218 E1690.41502
G1 X144.319 Y162.209
G1 X143.681 Y162.38 E1690.43699
G0 F15000 X143.68 Y163.022
G1 F2148.4 X144.32 Y163.663 E1690.46712
G0 F15000 X144.09 Y163.663
G0 X143.91 Y154.098
G0 X143.68 Y154.098
G1 F2148.4 X144.32 Y153.926 E1690.48916
G0 F15000 X144.09 Y153.926
G0 X144.09 Y152.349
G0 X144.32 Y152.349
G1 F2148.4 X143.68 Y151.708 E1690.51929
G0 F15000 X143.91 Y151.708
G0 X143.91 Y145.815
G0 X143.681 Y145.815
G1 F2148.4 X144.319 Y145.644 E1690.54126
G0 F15000 X144.09 Y145.644
G0 X144.09 Y141.035
G0 X144.32 Y141.035
G1 F2148.4 X143.68 Y140.395 E1690.57136
G0 F15000 X143.91 Y140.395
G0 X144.001 Y138.203
G0 X144 Y137.5
;TYPE:SKIN
G1 F1790.3 X144 Y137.902 E1690.5874
G1 F2400 E1690.0874
;MESH:NONMESH
G0 F300 X144 Y137.902 Z14.8
G0 F15000 X144 Y138.203
G0 X143.424 Y167.635
G0 X142.335 Y167.635
G0 X141.796 Y167.901
G0 X140.999 Y168.424
G0 X140.743 Y168.731
G0 X140.536 Y169.268
G0 X140.537 Y170.776
G0 X140.791 Y171.334
G0 X141.336 Y171.817
G0 X141.839 Y172.108
G0 X142.355 Y171.8
G0 X142 Y171.031
;TIME_ELAPSED:2363.378336
;LAYER:73
;note -- min layer time used
;TYPE:SUPPORT
G1 F2400 E1690.5874
G1 F2144 X142 Y168.986 E1690.65542
G1 X141.842 Y168.901 E1690.66139
G1 X141.582 Y169.074 E1690.67178
G1 X141.498 Y169.174 E1690.67612
G1 X141.4 Y169.429 E1690.68521
G1 X141.401 Y170.59 E1690.72382
G1 X141.513 Y170.837 E1690.73284
G1 X141.708 Y171.032 E1690.74201
G1 X141.852 Y171.114 E1690.74752
G1 X142 Y171.031 E1690.75317
G1 X142 Y170.879 E1690.75822
G1 X144 Y170.879 E1690.82474
G1 X144 Y169.121 E1690.88322
G1 X146 Y169.121 E1690.94974
G1 X146 Y168.972 E1690.95469
G1 X146.151 Y168.886 E1690.96047
G1 X146.292 Y168.968 E1690.9659
G1 X146.487 Y169.163 E1690.97507
G1 X146.599 Y169.41 E1690.98409
G1 X146.6 Y170.57 E1691.02267
G1 X146.502 Y170.825 E1691.03176
G1 X146.418 Y170.925 E1691.0361
G1 X146.158 Y171.097 E1691.04647
G1 X146 Y171.012 E1691.05244
G1 X146 Y169.121 E1691.11533
G1 F2400 E1690.61533
G0 F15000 X146.834 Y168.288
G0 X153.281 Y171.785
G0 X154 Y171.031
G1 F2400 E1691.11533
G1 F2144 X154 Y168.986 E1691.18335
G1 X153.842 Y168.901 E1691.18932
G1 X153.582 Y169.074 E1691.1997
G1 X153.498 Y169.174 E1691.20405
G1 X153.4 Y169.429 E1691.21313
G1 X153.401 Y170.59 E1691.25175
G1 X153.513 Y170.837 E1691.26077
G1 X153.708 Y171.032 E1691.26994
G1 X153.852 Y171.114 E1691.27545
G1 X154 Y171.031 E1691.2811
G1 X154 Y170.879 E1691.28615
G1 X156 Y170.879 E1691.35267
G1 X156 Y169.121 E1691.41114
G1 X158 Y169.121 E1691.47766
G1 X158 Y168.972 E1691.48262
G1 X158.151 Y168.886 E1691.4884
G1 X158.292 Y168.968 E1691.49382
G1 X158.487 Y169.163 E1691.503
G1 X158.599 Y169.41 E1691.51202
G1 X158.6 Y170.57 E1691.5506
G1 X158.502 Y170.825 E1691.55968
G1 X158.418 Y170.925 E1691.56403
G1 X158.158 Y171.097 E1691.5744
G1 X158 Y171.012 E1691.58036
G1 X158 Y169.121 E1691.64326
G1 F2400 E1691.14326
;MESH:Limiter bracket.stl
G0 F15000 X156.576 Y167.697
G0 X155.91 Y167.241
G0 X155.6 Y167.52
;TYPE:WALL-INNER
G1 F2400 E1691.64326
G1 F2144 X156.4 Y167.52 E1691.66987
G1 X156.4 Y137.3 E1692.67499
G1 X155.6 Y137.3 E1692.7016
G1 X155.6 Y167.52 E1693.70672
G0 F15000 X155.2 Y167.92
;TYPE:WALL-OUTER
G1 F2144 X156.8 Y167.92 E1693.75993
G1 X156.8 Y136.9 E1694.79166
G1 X155.2 Y136.9 E1694.84488
G1 X155.2 Y167.92 E1695.87661
G0 F15000 X155.48 Y167.641
G0 X156.09 Y164.148
G0 X156.32 Y164.148
;TYPE:FILL
G1 F2144 X155.679 Y163.507 E1695.90676
G0 F15000 X155.91 Y163.507
G0 X155.91 Y159.311
G0 X155.68 Y159.311
G1 F2144 X156.32 Y159.14 E1695.92879
G0 F15000 X156.09 Y159.14
G0 X156.09 Y152.834
G0 X156.32 Y152.834
G1 F2144 X155.679 Y152.193 E1695.95894
G0 F15000 X155.91 Y152.193
G0 X155.91 Y151.029
G0 X155.681 Y151.029
G1 F2144 X156.319 Y150.858 E1695.98091
G0 F15000 X155.68 Y150.184
G1 F2144 X156.32 Y147.796 E1696.06314
G0 F15000 X156.09 Y147.796
G0 X155.91 Y142.747
G0 X155.68 Y142.747
G1 F2144 X156.319 Y142.576 E1696.08514
G0 F15000 X156.09 Y142.576
G0 X156.09 Y141.52
G0 X156.32 Y141.52
G1 F2144 X155.679 Y140.88 E1696.11527
G0 F15000 X155.91 Y140.88
G0 X156.001 Y138.403
G0 X156 Y137.7
;TYPE:SKIN
G1 F1786.6 X156 Y138.102 E1696.13131
G1 F2400 E1695.63131
G0 F15000 X156 Y138.403
G0 X155.91 Y167.691
G0 X154.335 Y167.691
G0 X153.796 Y167.901
G0 X152.999 Y168.424
G0 X152.743 Y168.731
G0 X152.536 Y169.268
G0 X152.537 Y170.776
G0 X152.791 Y171.334
G0 X153.281 Y171.785
G0 X154.335 Y172.289
G0 X155.913 Y172.289
G0 X155.91 Y174.12
G0 X155.6 Y174.4
;TYPE:WALL-INNER
G1 F2400 E1696.13131
G1 F2144 X156.4 Y174.4 E1696.15792
G1 X156.4 Y172.476 E1696.22191
G1 X155.6 Y172.476 E1696.24852
G1 X155.6 Y174.4 E1696.31251
G0 F15000 X155.2 Y174.8
;TYPE:WALL-OUTER
G1 F2144 X156.8 Y174.8 E1696.36573
G1 X156.8 Y172.076 E1696.45633
G1 X155.2 Y172.076 E1696.50955
G1 X155.2 Y174.8 E1696.60015
G1 F2400 E1696.10015
G0 F15000 X155.48 Y174.52
G0 X155.43 Y174.12
G0 X154.335 Y174.12
G0 X145.665 Y174.12
G0 X144.57 Y174.12
G0 X144.09 Y174.12
G0 X144.4 Y174.4
;TYPE:WALL-INNER
G1 F2400 E1696.60015
G1 F2144 X144.4 Y172.476 E1696.66414
G1 X143.6 Y172.476 E1696.69075
G1 X143.6 Y174.4 E1696.75474
G1 X144.4 Y174.4 E1696.78135
G0 F15000 X144.8 Y174.8
;TYPE:WALL-OUTER
G1 F2144 X144.8 Y172.076 E1696.87195
G1 X143.2 Y172.076 E1696.92517
G1 X143.2 Y174.8 E1697.01577
G1 X144.8 Y174.8 E1697.06898
G0 F15000 X144.52 Y174.52
G0 X143.91 Y174.09
G0 X143.865 Y174.32
;TYPE:FILL
G1 F2144 X143.68 Y174.135 E1697.07768
G1 F2400 E1696.57768
G0 F15000 X143.91 Y174.09
G0 X144.094 Y172.289
G0 X145.665 Y172.289
G0 X146.202 Y172.096
G0 X147.002 Y171.575
G0 X147.257 Y171.268
G0 X147.464 Y170.731
G0 X147.463 Y169.224
G0 X147.209 Y168.666
G0 X146.821 Y168.276
G0 X146.442 Y168.059
G0 X145.665 Y167.711
G0 X144.091 Y167.711
G0 X144.09 Y167.241
G0 X144.4 Y167.52
;TYPE:WALL-INNER
G1 F2400 E1697.07768
G1 F2144 X144.4 Y137.3 E1698.08281
G1 X143.6 Y137.3 E1698.10941
G1 X143.6 Y167.52 E1699.11454
G1 X144.4 Y167.52 E1699.14114
G0 F15000 X144.8 Y167.92
;TYPE:WALL-OUTER
G1 F2144 X144.8 Y136.9 E1700.17287
G1 X143.2 Y136.9 E1700.22609
G1 X143.2 Y167.92 E1701.25782
G1 X144.8 Y167.92 E1701.31103
G0 F15000 X144.52 Y167.641
G0 X143.91 Y164.058
G0 X143.68 Y164.058
;TYPE:FILL
G1 F2144 X144.32 Y161.672 E1701.3932
G0 F15000 X144.319 Y162.356
G1 F2144 X143.681 Y162.527 E1701.41517
G0 F15000 X143.68 Y162.821
G1 F2144 X144.32 Y163.462 E1701.44529
G0 F15000 X144.09 Y163.462
G0 X143.91 Y154.244
G0 X143.681 Y154.244
G1 F2144 X144.32 Y154.073 E1701.4673
G0 F15000 X144.09 Y154.073
G0 X144.09 Y152.148
G0 X144.32 Y152.148
G1 F2144 X143.68 Y151.508 E1701.4974
G0 F15000 X143.91 Y151.508
G0 X143.91 Y145.962
G0 X143.681 Y145.962
G1 F2144 X144.319 Y145.791 E1701.51937
G0 F15000 X144.09 Y145.791
G0 X144.09 Y140.834
G0 X144.32 Y140.834
G1 F2144 X143.68 Y140.194 E1701.54947
G0 F15000 X143.91 Y140.194
G0 X144.001 Y138.403
G0 X144 Y137.7
;TYPE:SKIN
G1 F1786.6 X144 Y138.102 E1701.56552
G1 F2400 E1701.06552
;MESH:NONMESH
G0 F300 X144 Y138.102 Z15
G0 F15000 X144 Y138.403
G0 X143.424 Y167.698
G0 X142 Y169.211
;TIME_ELAPSED:2382.322655
;LAYER:74
;note -- min layer time used
;TYPE:SUPPORT
G1 F2400 E1701.56552
G1 F2070.4 X142 Y170.789 E1701.618
G1 X144 Y170.789 E1701.68452
G1 X144 Y169.211 E1701.73701
G1 X146.044 Y169.211 E1701.80499
G1 X146.2 Y169.521 E1701.81653
G1 X146.2 Y170.489 E1701.84873
G1 X146.166 Y170.611 E1701.85294
G1 X146.042 Y170.788 E1701.86013
G1 X146 Y170.789 E1701.86153
G1 X146 Y169.211 E1701.91401
G1 F2400 E1701.41401
G0 F15000 X146.762 Y168.753
G0 X153.203 Y168.802
G0 X154 Y169.211
G1 F2400 E1701.91401
G1 F2070.4 X154 Y170.789 E1701.96649
G1 X156 Y170.789 E1702.03302
G1 X156 Y169.211 E1702.0855
G1 X158.044 Y169.211 E1702.15348
G1 X158.2 Y169.521 E1702.16503
G1 X158.2 Y170.489 E1702.19722
G1 X158.166 Y170.611 E1702.20143
G1 X158.042 Y170.788 E1702.20862
G1 X158 Y170.789 E1702.21002
G1 X158 Y169.211 E1702.2625
G1 F2400 E1701.7625
;MESH:Limiter bracket.stl
G0 F15000 X156.576 Y167.787
G0 X155.91 Y167.331
G0 X155.6 Y167.608
;TYPE:WALL-INNER
G1 F2400 E1702.2625
G1 F2070.4 X156.4 Y167.608 E1702.28911
G1 X156.4 Y137.5 E1703.29051
G1 X155.6 Y137.5 E1703.31712
G1 X155.6 Y167.608 E1704.31851
G0 F15000 X155.2 Y168.008
;TYPE:WALL-OUTER
G1 F2070.4 X156.8 Y168.008 E1704.37173
G1 X156.8 Y137.1 E1705.39973
G1 X155.2 Y137.1 E1705.45295
G1 X155.2 Y168.008 E1706.48095
G0 F15000 X155.48 Y167.731
G0 X156.09 Y163.948
G0 X156.32 Y163.948
;TYPE:FILL
G1 F2070.4 X155.68 Y163.308 E1706.51106
G0 F15000 X155.91 Y163.308
G0 X155.91 Y159.457
G0 X155.68 Y159.457
G1 F2070.4 X156.32 Y159.286 E1706.53309
G0 F15000 X156.09 Y159.286
G0 X156.09 Y152.635
G0 X156.32 Y152.635
G1 F2070.4 X155.68 Y151.995 E1706.56319
G0 F15000 X155.681 Y151.175
G1 F2070.4 X156.319 Y151.004 E1706.58516
G0 F15000 X156.09 Y151.004
G0 X155.91 Y149.641
G0 X155.68 Y149.641
G1 F2070.4 X156.32 Y147.253 E1706.66739
G0 F15000 X156.09 Y147.253
G0 X155.91 Y142.893
G0 X155.68 Y142.893
G1 F2070.4 X156.32 Y142.722 E1706.68942
G0 F15000 X156.09 Y142.722
G0 X156.09 Y141.321
G0 X156.32 Y141.321
G1 F2070.4 X155.68 Y140.681 E1706.71953
G0 F15000 X155.91 Y140.681
G0 X156.001 Y138.603
G0 X156 Y137.9
;TYPE:SKIN
G1 F1725.3 X156 Y138.302 E1706.73557
G1 F2400 E1706.23557
G0 F15000 X156 Y138.603
G0 X155.91 Y167.781
G0 X154.335 Y167.781
G0 X153.461 Y168.352
G0 X153.048 Y168.985
G0 X152.936 Y169.393
G0 X152.936 Y170.646
G0 X153.148 Y171.172
G0 X153.419 Y171.6
G0 X154.335 Y172.199
G0 X155.913 Y172.199
G0 X155.91 Y174.12
G0 X155.6 Y174.4
;TYPE:WALL-INNER
G1 F2400 E1706.73557
G1 F2070.4 X156.4 Y174.4 E1706.76218
G1 X156.4 Y172.388 E1706.8291
G1 X155.6 Y172.388 E1706.85571
G1 X155.6 Y174.4 E1706.92263
G0 F15000 X155.2 Y174.8
;TYPE:WALL-OUTER
G1 F2070.4 X156.8 Y174.8 E1706.97584
G1 X156.8 Y171.988 E1707.06937
G1 X155.2 Y171.988 E1707.12259
G1 X155.2 Y174.8 E1707.21611
G1 F2400 E1706.71611
G0 F15000 X155.48 Y174.52
G0 X155.43 Y174.12
G0 X154.335 Y174.12
G0 X145.665 Y174.12
G0 X144.57 Y174.12
G0 X144.09 Y174.12
G0 X144.4 Y174.4
;TYPE:WALL-INNER
G1 F2400 E1707.21611
G1 F2070.4 X144.4 Y172.388 E1707.28303
G1 X143.6 Y172.388 E1707.30964
G1 X143.6 Y174.4 E1707.37656
G1 X144.4 Y174.4 E1707.40317
G0 F15000 X144.8 Y174.8
;TYPE:WALL-OUTER
G1 F2070.4 X144.8 Y171.988 E1707.4967
G1 X143.2 Y171.988 E1707.54991
G1 X143.2 Y174.8 E1707.64344
G1 X144.8 Y174.8 E1707.69666
G0 F15000 X144.065 Y174.32
;TYPE:FILL
G1 F2070.4 X143.68 Y173.936 E1707.71474
G1 F2400 E1707.21474
G0 F15000 X143.91 Y173.936
G0 X144.094 Y172.199
G0 X145.665 Y172.199
G0 X146.53 Y171.647
G0 X146.949 Y171.02
G0 X147.064 Y170.607
G0 X147.064 Y169.354
G0 X146.852 Y168.828
G0 X146.581 Y168.4
G0 X145.665 Y167.801
G0 X144.091 Y167.801
G0 X144.09 Y167.331
G0 X144.4 Y167.609
;TYPE:WALL-INNER
G1 F2400 E1707.71474
G1 F2070.4 X144.4 Y137.5 E1708.71617
G1 X143.6 Y137.5 E1708.74278
G1 X143.6 Y167.61 E1709.74424
G1 X144.4 Y167.609 E1709.77085
G0 F15000 X144.8 Y168.008
;TYPE:WALL-OUTER
G1 F2070.4 X144.8 Y137.1 E1710.79886
G1 X143.2 Y137.1 E1710.85207
G1 X143.2 Y168.011 E1711.88018
G1 X144.8 Y168.008 E1711.93339
G0 F15000 X144.52 Y167.731
G0 X143.91 Y163.515
G0 X143.68 Y163.515
;TYPE:FILL
G1 F2070.4 X144.32 Y161.128 E1712.01559
G0 F15000 X144.09 Y161.128
G0 X144.09 Y162.501
G0 X144.32 Y162.501
G1 F2070.4 X143.681 Y162.673 E1712.0376
G1 X143.681 Y162.623
G1 X144.32 Y163.262 E1712.06765
G0 F15000 X144.09 Y163.262
G0 X143.91 Y154.391
G0 X143.68 Y154.391
G1 F2070.4 X144.319 Y154.219 E1712.08966
G0 F15000 X144.09 Y154.219
G0 X144.09 Y151.949
G0 X144.32 Y151.949
G1 F2070.4 X143.681 Y151.309 E1712.11974
G0 F15000 X143.91 Y151.309
G0 X143.91 Y146.108
G0 X143.68 Y146.108
G1 F2070.4 X144.32 Y145.937 E1712.14178
G0 F15000 X144.09 Y145.937
G0 X144.09 Y140.635
G0 X144.32 Y140.635
G1 F2070.4 X143.681 Y139.995 E1712.17186
G0 F15000 X143.91 Y139.995
G0 X144.001 Y138.603
G0 X144 Y137.9
;TYPE:SKIN
G1 F1725.3 X144 Y138.302 E1712.1879
G1 F2400 E1711.6879
;MESH:NONMESH
G0 F300 X144 Y138.302 Z15.2
G0 F15000 X144 Y138.603
G0 X143.999 Y167.801
G0 X144 Y169.328
;TIME_ELAPSED:2400.829351
;LAYER:75
;note -- min layer time used
;TYPE:SUPPORT
G1 F2400 E1712.1879
G1 F2048.6 X144 Y170.672 E1712.2326
G1 X142.086 Y170.672 E1712.29626
G1 X142 Y170.476 E1712.30338
G1 X142 Y169.525 E1712.33501
G1 X142.088 Y169.328 E1712.34219
G1 X145.914 Y169.328 E1712.46944
G1 X146 Y169.524 E1712.47656
G1 F2400 E1711.97656
G0 F15000 X146.865 Y169.524
G0 X153.537 Y168.471
G0 X154.347 Y168.476
G0 X156 Y169.328
G1 F2400 E1712.47656
G1 F2048.6 X156 Y170.672 E1712.52126
G1 X154.086 Y170.672 E1712.58492
G1 X154 Y170.476 E1712.59204
G1 X154 Y169.524 E1712.62371
G1 X154.089 Y169.329 E1712.63083
G1 X157.914 Y169.328 E1712.75805
G1 X158 Y169.524 E1712.76517
G1 F2400 E1712.26517
;MESH:Limiter bracket.stl
G0 F15000 X156.576 Y167.904
G0 X155.881 Y167.418
G0 X155.6 Y167.728
;TYPE:WALL-INNER
G1 F2400 E1712.76517
G1 F2048.6 X156.4 Y167.728 E1712.79178
G1 X156.4 Y137.7 E1713.79052
G1 X155.6 Y137.7 E1713.81713
G1 X155.6 Y167.728 E1714.81586
G0 F15000 X155.2 Y168.128
;TYPE:WALL-OUTER
G1 F2048.6 X156.8 Y168.128 E1714.86908
G1 X156.8 Y137.3 E1715.89442
G1 X155.2 Y137.3 E1715.94764
G1 X155.2 Y168.128 E1716.97298
G0 F15000 X155.48 Y167.849
G0 X156.09 Y163.748
G0 X156.32 Y163.748
;TYPE:FILL
G1 F2048.6 X155.679 Y163.107 E1717.00313
G0 F15000 X155.91 Y163.107
G0 X155.91 Y159.604
G0 X155.68 Y159.604
G1 F2048.6 X156.32 Y159.433 E1717.02516
G0 F15000 X156.09 Y159.433
G0 X156.09 Y152.434
G0 X156.32 Y152.434
G1 F2048.6 X155.679 Y151.793 E1717.05531
G0 F15000 X155.681 Y151.322
G1 F2048.6 X156.319 Y151.151 E1717.07728
G0 F15000 X156.09 Y151.151
G0 X155.91 Y149.091
G0 X155.68 Y149.091
G1 F2048.6 X156.32 Y146.703 E1717.15951
G0 F15000 X156.09 Y146.703
G0 X155.91 Y143.04
G0 X155.68 Y143.04
G1 F2048.6 X156.32 Y142.869 E1717.18154
G0 F15000 X156.09 Y142.869
G0 X156.09 Y141.12
G0 X156.32 Y141.12
G1 F2048.6 X155.679 Y140.479 E1717.2117
G0 F15000 X155.91 Y140.479
G0 X156.001 Y138.803
G0 X156 Y138.1
;TYPE:SKIN
G1 F1707.1 X156 Y138.502 E1717.22774
G1 F2400 E1716.72774
G0 F15000 X156 Y138.803
G0 X155.905 Y167.918
G0 X154.335 Y167.918
G0 X153.537 Y168.471
G0 X153.136 Y169.336
G0 X153.136 Y170.659
G0 X153.528 Y171.53
G0 X154.335 Y172.082
G0 X155.908 Y172.082
G0 X155.91 Y174.12
G0 X155.6 Y174.4
;TYPE:WALL-INNER
G1 F2400 E1717.22774
G1 F2048.6 X156.4 Y174.4 E1717.25435
G1 X156.4 Y172.27 E1717.32519
G1 X155.6 Y172.271 E1717.3518
G1 X155.6 Y174.4 E1717.42261
G0 F15000 X155.2 Y174.8
;TYPE:WALL-OUTER
G1 F2048.6 X156.8 Y174.8 E1717.47583
G1 X156.8 Y171.869 E1717.57331
G1 X155.2 Y171.872 E1717.62653
G1 X155.2 Y174.8 E1717.72392
G1 F2400 E1717.22392
G0 F15000 X155.48 Y174.52
G0 X155.43 Y174.12
G0 X154.335 Y174.12
G0 X145.665 Y174.12
G0 X144.57 Y174.12
G0 X144.09 Y174.12
G0 X144.4 Y174.4
;TYPE:WALL-INNER
G1 F2400 E1717.72392
G1 F2048.6 X144.4 Y172.272 E1717.79469
G1 X143.6 Y172.272 E1717.8213
G1 X143.6 Y174.4 E1717.89208
G1 X144.4 Y174.4 E1717.91869
G0 F15000 X144.8 Y174.8
;TYPE:WALL-OUTER
G1 F2048.6 X144.8 Y171.872 E1718.01607
G1 X143.2 Y171.872 E1718.06929
G1 X143.2 Y174.8 E1718.16667
G1 X144.8 Y174.8 E1718.21989
G0 F15000 X144.265 Y174.32
;TYPE:FILL
G1 F2048.6 X143.68 Y173.735 E1718.24741
G1 F2400 E1717.74741
G0 F15000 X143.91 Y173.735
G0 X144.09 Y172.102
G0 X145.665 Y172.102
G0 X146.462 Y171.53
G0 X146.864 Y170.663
G0 X146.864 Y169.341
G0 X146.472 Y168.47
G0 X145.665 Y167.898
G0 X144.09 Y167.898
G0 X144.09 Y167.448
G0 X144.4 Y167.728
;TYPE:WALL-INNER
G1 F2400 E1718.24741
G1 F2048.6 X144.4 Y137.7 E1719.24614
G1 X143.6 Y137.7 E1719.27275
G1 X143.6 Y167.728 E1720.27149
G1 X144.4 Y167.728 E1720.29809
G0 F15000 X144.8 Y168.128
;TYPE:WALL-OUTER
G1 F2048.6 X144.8 Y137.3 E1721.32344
G1 X143.2 Y137.3 E1721.37665
G1 X143.2 Y168.128 E1722.402
G1 X144.8 Y168.128 E1722.45521
G0 F15000 X144.52 Y167.848
G0 X144.09 Y163.062
G0 X144.32 Y163.062
;TYPE:FILL
G1 F2048.6 X143.68 Y162.421 E1722.48534
G0 F15000 X143.681 Y162.82
G1 F2048.6 X144.319 Y162.649 E1722.50731
G0 F15000 X143.68 Y162.965
G1 F2048.6 X144.32 Y160.578 E1722.58951
G0 F15000 X144.09 Y160.578
G0 X143.91 Y154.537
G0 X143.681 Y154.537
G1 F2048.6 X144.319 Y154.366 E1722.61147
G0 F15000 X144.09 Y154.366
G0 X144.09 Y151.748
G0 X144.32 Y151.748
G1 F2048.6 X143.68 Y151.107 E1722.6416
G0 F15000 X143.91 Y151.107
G0 X143.91 Y146.255
G0 X143.68 Y146.255
G1 F2048.6 X144.32 Y146.084 E1722.66363
G0 F15000 X144.09 Y146.084
G0 X144.09 Y140.434
G0 X144.32 Y140.434
G1 F2048.6 X143.68 Y139.794 E1722.69374
G0 F15000 X143.91 Y139.794
G0 X144.001 Y138.803
G0 X144 Y138.1
;TYPE:SKIN
G1 F1707.1 X144 Y138.502 E1722.70978
G1 F2400 E1722.20978
;MESH:NONMESH
G0 F300 X144 Y138.502 Z15.4
G0 F15000 X144 Y138.803
G0 X144 Y167.898
G0 X144 Y170.526
;TIME_ELAPSED:2419.137440
;LAYER:76
;note -- min layer time used
;TYPE:SUPPORT
G1 F2400 E1722.70978
G1 F2080.1 X142.2 Y170.526 E1722.76965
G1 X142.2 Y169.474 E1722.80464
G1 X144 Y169.474 E1722.86451
G1 X145.8 Y169.474 E1722.92438
G1 X145.8 Y170.526 E1722.95937
G1 X144 Y170.526 E1723.01924
G1 X144 Y169.474 E1723.05422
G1 F2400 E1722.55422
G0 F15000 X145.653 Y168.621
G0 X146.653 Y168.621
G0 X153.347 Y171.379
G0 X154.347 Y171.379
G0 X156 Y170.526
G1 F2400 E1723.05422
G1 F2080.1 X154.2 Y170.526 E1723.11409
G1 X154.2 Y169.475 E1723.14905
G1 X156 Y169.474 E1723.20892
G1 X157.8 Y169.474 E1723.26879
G1 X157.8 Y170.525 E1723.30374
G1 X156 Y170.526 E1723.36361
G1 X156 Y169.474 E1723.3986
G1 F2400 E1722.8986
;MESH:Limiter bracket.stl
G0 F15000 X155.999 Y168.064
G0 X155.881 Y167.564
G0 X155.6 Y167.872
;TYPE:WALL-INNER
G1 F2400 E1723.3986
G1 F2080.1 X156.4 Y167.872 E1723.42521
G1 X156.4 Y137.9 E1724.42208
G1 X155.6 Y137.9 E1724.44869
G1 X155.6 Y167.872 E1725.44556
G0 F15000 X155.2 Y168.272
;TYPE:WALL-OUTER
G1 F2080.1 X156.8 Y168.272 E1725.49878
G1 X156.8 Y137.5 E1726.52226
G1 X155.2 Y137.5 E1726.57548
G1 X155.2 Y168.272 E1727.59896
G0 F15000 X155.48 Y167.995
G0 X156.09 Y163.548
G0 X156.32 Y163.548
;TYPE:FILL
G1 F2080.1 X155.68 Y162.908 E1727.62906
G0 F15000 X155.91 Y162.908
G0 X155.91 Y159.75
G0 X155.681 Y159.75
G1 F2080.1 X156.32 Y159.579 E1727.65106
G0 F15000 X156.09 Y159.579
G0 X156.09 Y152.234
G0 X156.32 Y152.234
G1 F2080.1 X155.68 Y151.595 E1727.68114
G1 X155.681 Y151.468
G1 X156.32 Y151.297 E1727.70314
G0 F15000 X156.09 Y151.297
G0 X155.91 Y148.547
G0 X155.68 Y148.547
G1 F2080.1 X156.32 Y146.159 E1727.78537
G0 F15000 X156.09 Y146.159
G0 X155.91 Y143.186
G0 X155.681 Y143.186
G1 F2080.1 X156.319 Y143.015 E1727.80734
G0 F15000 X156.09 Y143.015
G0 X156.09 Y140.921
G0 X156.32 Y140.921
G1 F2080.1 X155.68 Y140.281 E1727.83744
G0 F15000 X155.91 Y140.281
G0 X156.001 Y139.003
G0 X156 Y138.3
;TYPE:SKIN
G1 F1733.4 X156 Y138.702 E1727.85349
G1 F2400 E1727.35349
G0 F15000 X156 Y139.003
G0 X155.905 Y168.064
G0 X154.335 Y168.064
G0 X153.347 Y168.622
G0 X153.347 Y171.379
G0 X154.335 Y171.936
G0 X155.908 Y171.936
G0 X155.91 Y174.12
G0 X155.6 Y174.4
;TYPE:WALL-INNER
G1 F2400 E1727.85349
G1 F2080.1 X156.4 Y174.4 E1727.8801
G1 X156.4 Y172.124 E1727.9558
G1 X155.6 Y172.124 E1727.9824
G1 X155.6 Y174.4 E1728.0581
G0 F15000 X155.2 Y174.8
;TYPE:WALL-OUTER
G1 F2080.1 X156.8 Y174.8 E1728.11132
G1 X156.8 Y171.724 E1728.21363
G1 X155.2 Y171.724 E1728.26684
G1 X155.2 Y174.8 E1728.36915
G0 F15000 X155.68 Y174.222
;TYPE:FILL
G1 F2080.1 X155.778 Y174.319 E1728.37374
G1 F2400 E1727.87374
G0 F15000 X155.91 Y174.12
G0 X155.43 Y174.12
G0 X154.335 Y174.12
G0 X145.665 Y174.12
G0 X144.57 Y174.12
G0 X144.09 Y174.12
G0 X144.4 Y174.4
;TYPE:WALL-INNER
G1 F2400 E1728.37374
G1 F2080.1 X144.4 Y172.124 E1728.44944
G1 X143.6 Y172.124 E1728.47605
G1 X143.6 Y174.4 E1728.55175
G1 X144.4 Y174.4 E1728.57836
G0 F15000 X144.8 Y174.8
;TYPE:WALL-OUTER
G1 F2080.1 X144.8 Y171.724 E1728.68066
G1 X143.2 Y171.724 E1728.73388
G1 X143.2 Y174.8 E1728.83619
G1 X144.8 Y174.8 E1728.8894
G0 F15000 X144.32 Y174.176
;TYPE:FILL
G1 F2080.1 X143.68 Y173.535 E1728.91953
G1 F2400 E1728.41953
G0 F15000 X143.91 Y173.535
G0 X144.09 Y171.956
G0 X145.665 Y171.956
G0 X146.653 Y171.379
G0 X146.653 Y168.621
G0 X145.665 Y168.044
G0 X144.09 Y168.044
G0 X144.09 Y167.594
G0 X144.4 Y167.872
;TYPE:WALL-INNER
G1 F2400 E1728.91953
G1 F2080.1 X144.4 Y137.9 E1729.9164
G1 X143.6 Y137.9 E1729.94301
G1 X143.6 Y167.872 E1730.93988
G1 X144.4 Y167.872 E1730.96649
G0 F15000 X144.8 Y168.272
;TYPE:WALL-OUTER
G1 F2080.1 X144.8 Y137.5 E1731.98997
G1 X143.2 Y137.5 E1732.04319
G1 X143.2 Y168.272 E1733.06667
G1 X144.8 Y168.272 E1733.11989
G0 F15000 X144.52 Y167.994
G0 X143.91 Y162.966
G0 X143.68 Y162.966
;TYPE:FILL
G1 F2080.1 X144.32 Y162.794 E1733.14193
G1 X144.32 Y162.862
G1 X143.68 Y162.222 E1733.17203
G1 X143.68 Y162.421
G1 X144.32 Y160.034 E1733.25423
G0 F15000 X144.09 Y160.034
G0 X143.91 Y154.683
G0 X143.681 Y154.683
G1 F2080.1 X144.319 Y154.512 E1733.2762
G0 F15000 X144.09 Y154.512
G0 X144.09 Y151.549
G0 X144.32 Y151.549
G1 F2080.1 X143.68 Y150.908 E1733.30632
G0 F15000 X143.91 Y150.908
G0 X143.91 Y146.401
G0 X143.68 Y146.401
G1 F2080.1 X144.32 Y146.23 E1733.32836
G0 F15000 X144.09 Y146.23
G0 X144.09 Y140.235
G0 X144.32 Y140.235
G1 F2080.1 X143.68 Y139.594 E1733.35849
G0 F15000 X143.91 Y139.594
G0 X144.001 Y139.003
G0 X144 Y138.3
;TYPE:SKIN
G1 F1733.4 X144 Y138.702 E1733.37453
G1 F2400 E1732.87453
;MESH:NONMESH
G0 F300 X144 Y138.702 Z15.6
G0 F15000 X144 Y139.003
G0 X144 Y168.044
G0 X144 Y170.318
;TIME_ELAPSED:2437.649242
;LAYER:77
;note -- min layer time used
;TYPE:SUPPORT
G1 F2400 E1733.37453
G1 F2074.6 X142.2 Y170.318 E1733.4344
G1 X142.2 Y169.682 E1733.45555
G1 X144 Y169.682 E1733.51542
G1 X145.8 Y169.682 E1733.57529
G1 X145.8 Y170.317 E1733.59641
G1 X144 Y170.318 E1733.65628
G1 X144 Y169.682 E1733.67743
G1 F2400 E1733.17743
G0 F15000 X145.653 Y168.829
G0 X146.653 Y168.829
G0 X153.347 Y171.171
G0 X154.347 Y171.171
G0 X156 Y170.318
G1 F2400 E1733.67743
G1 F2074.6 X154.2 Y170.318 E1733.7373
G1 X154.2 Y169.682 E1733.75845
G1 X156 Y169.682 E1733.81832
G1 X157.8 Y169.682 E1733.87819
G1 X157.8 Y170.317 E1733.89931
G1 X156 Y170.318 E1733.95918
G1 X156 Y169.682 E1733.98033
G1 F2400 E1733.48033
;MESH:Limiter bracket.stl
G0 F15000 X156 Y168.252
G0 X155.91 Y167.802
G0 X155.6 Y168.08
;TYPE:WALL-INNER
G1 F2400 E1733.98033
G1 F2074.6 X156.4 Y168.08 E1734.00694
G1 X156.4 Y138.1 E1735.00408
G1 X155.6 Y138.1 E1735.03069
G1 X155.6 Y168.08 E1736.02782
G0 F15000 X155.2 Y168.48
;TYPE:WALL-OUTER
G1 F2074.6 X156.8 Y168.48 E1736.08104
G1 X156.8 Y137.7 E1737.10479
G1 X155.2 Y137.7 E1737.158
G1 X155.2 Y168.48 E1738.18175
G0 F15000 X155.48 Y168.202
G0 X156.09 Y163.349
G0 X156.32 Y163.349
;TYPE:FILL
G1 F2074.6 X155.679 Y162.708 E1738.2119
G0 F15000 X155.91 Y162.708
G0 X155.91 Y159.896
G0 X155.681 Y159.896
G1 F2074.6 X156.319 Y159.725 E1738.23387
G0 F15000 X156.09 Y159.725
G0 X156.09 Y152.035
G0 X156.32 Y152.035
G1 F2074.6 X155.679 Y151.394 E1738.26402
G0 F15000 X155.68 Y151.614
G1 F2074.6 X156.32 Y151.443 E1738.28605
G0 F15000 X156.09 Y151.443
G0 X155.91 Y148.001
G0 X155.68 Y148.001
G1 F2074.6 X156.32 Y145.613 E1738.36828
G0 F15000 X156.09 Y145.613
G0 X155.91 Y143.332
G0 X155.681 Y143.332
G1 F2074.6 X156.319 Y143.161 E1738.39025
G0 F15000 X156.09 Y143.161
G0 X156.09 Y140.721
G0 X156.32 Y140.721
G1 F2074.6 X155.679 Y140.081 E1738.42038
G0 F15000 X155.91 Y140.081
G0 X156.001 Y139.203
G0 X156 Y138.5
;TYPE:SKIN
G1 F1728.8 X156 Y138.902 E1738.43642
G1 F2400 E1737.93642
G0 F15000 X156 Y139.203
G0 X155.91 Y168.252
G0 X154.335 Y168.252
G0 X153.347 Y168.829
G0 X153.347 Y171.171
G0 X154.335 Y171.728
G0 X155.912 Y171.728
G0 X155.91 Y174.12
G0 X155.6 Y174.4
;TYPE:WALL-INNER
G1 F2400 E1738.43642
G1 F2074.6 X156.4 Y174.4 E1738.46303
G1 X156.4 Y171.916 E1738.54565
G1 X155.6 Y171.916 E1738.57226
G1 X155.6 Y174.4 E1738.65488
G0 F15000 X155.2 Y174.8
;TYPE:WALL-OUTER
G1 F2074.6 X156.8 Y174.8 E1738.70809
G1 X156.8 Y171.516 E1738.81732
G1 X155.2 Y171.516 E1738.87053
G1 X155.2 Y174.8 E1738.97976
G0 F15000 X155.68 Y174.023
;TYPE:FILL
G1 F2074.6 X155.977 Y174.319 E1738.99371
G1 F2400 E1738.49371
G0 F15000 X155.977 Y174.09
G0 X155.43 Y174.12
G0 X154.335 Y174.12
G0 X145.665 Y174.12
G0 X144.57 Y174.12
G0 X144.09 Y174.12
G0 X144.4 Y174.4
;TYPE:WALL-INNER
G1 F2400 E1738.99371
G1 F2074.6 X144.4 Y171.916 E1739.07632
G1 X143.6 Y171.916 E1739.10293
G1 X143.6 Y174.4 E1739.18555
G1 X144.4 Y174.4 E1739.21216
G0 F15000 X144.8 Y174.8
;TYPE:WALL-OUTER
G1 F2074.6 X144.8 Y171.516 E1739.32139
G1 X143.2 Y171.516 E1739.3746
G1 X143.2 Y174.8 E1739.48383
G1 X144.8 Y174.8 E1739.53704
G0 F15000 X144.32 Y173.977
;TYPE:FILL
G1 F2074.6 X143.68 Y173.336 E1739.56717
G1 F2400 E1739.06717
G0 F15000 X143.91 Y173.336
G0 X144.093 Y171.728
G0 X145.665 Y171.728
G0 X146.653 Y171.17
G0 X146.653 Y168.829
G0 X145.665 Y168.252
G0 X144.093 Y168.252
G0 X144.09 Y167.802
G0 X144.4 Y168.08
;TYPE:WALL-INNER
G1 F2400 E1739.56717
G1 F2074.6 X144.4 Y138.1 E1740.56431
G1 X143.6 Y138.1 E1740.59092
G1 X143.6 Y168.08 E1741.58806
G1 X144.4 Y168.08 E1741.61467
G0 F15000 X144.8 Y168.48
;TYPE:WALL-OUTER
G1 F2074.6 X144.8 Y137.7 E1742.63841
G1 X143.2 Y137.7 E1742.69163
G1 X143.2 Y168.48 E1743.71538
G1 X144.8 Y168.48 E1743.76859
G0 F15000 X144.52 Y168.202
G0 X143.91 Y163.111
G0 X143.681 Y163.111
;TYPE:FILL
G1 F2074.6 X144.32 Y162.94 E1743.79059
G0 F15000 X144.32 Y162.663
G1 F2074.6 X143.68 Y162.022 E1743.82072
G1 X143.68 Y161.875
G1 X144.32 Y159.488 E1743.90292
G0 F15000 X144.09 Y159.488
G0 X143.91 Y154.829
G0 X143.681 Y154.829
G1 F2074.6 X144.319 Y154.658 E1743.92489
G0 F15000 X144.09 Y154.658
G0 X144.09 Y151.349
G0 X144.32 Y151.349
G1 F2074.6 X143.68 Y150.708 E1743.95501
G0 F15000 X143.91 Y150.708
G0 X143.91 Y146.547
G0 X143.681 Y146.547
G1 F2074.6 X144.319 Y146.376 E1743.97698
G0 F15000 X144.09 Y146.376
G0 X144.09 Y140.035
G0 X144.32 Y140.035
G1 F2074.6 X143.68 Y139.395 E1744.00708
G0 F15000 X144 Y138.5
;TYPE:SKIN
G1 F1728.8 X144 Y138.902 E1744.02313
;MESH:NONMESH
G0 F300 X144 Y138.902 Z15.8
G0 F15000 X144 Y139.203
G0 X144.12 Y167.802
G0 X144.4 Y168.353
;TIME_ELAPSED:2456.017473
;LAYER:78
;note -- min layer time used
;TYPE:WALL-INNER
;MESH:Limiter bracket.stl
G1 F2055.9 X144.4 Y138.3 E1745.0227
G1 X143.6 Y138.3 E1745.0493
G1 X143.6 Y168.354 E1746.0489
G1 X144.4 Y168.353 E1746.07551
G1 F2400 E1745.57551
G0 F15000 X144.09 Y168.075
G0 X144.52 Y138.182
G0 X144.8 Y137.9
;TYPE:WALL-OUTER
G1 F2400 E1746.07551
G1 F2055.9 X143.2 Y137.9 E1746.12873
G1 X143.2 Y168.755 E1747.15497
G1 X144.8 Y168.752 E1747.20819
G1 X144.8 Y137.9 E1748.23433
G0 F15000 X144.52 Y138.182
G0 X144.228 Y139.33
G0 X143.909 Y139.403
G0 X143.68 Y139.194
;TYPE:FILL
G1 F2055.9 X144.32 Y139.835 E1748.26446
G0 F15000 X144.09 Y139.835
G0 X144.09 Y146.523
G0 X144.32 Y146.523
G1 F2055.9 X143.681 Y146.694 E1748.28646
G0 F15000 X143.91 Y146.694
G0 X143.91 Y150.508
G0 X143.68 Y150.508
G1 F2055.9 X144.32 Y151.148 E1748.31656
G0 F15000 X144.09 Y151.148
G0 X144.09 Y154.805
G0 X144.319 Y154.805
G1 F2055.9 X143.681 Y154.976 E1748.33853
G0 F15000 X143.91 Y154.976
G0 X144.09 Y158.94
G0 X144.32 Y158.94
G1 F2055.9 X143.68 Y161.327 E1748.42073
G0 F15000 X143.68 Y161.821
G1 F2055.9 X144.32 Y162.462 E1748.45085
G0 F15000 X144.32 Y163.087
G1 F2055.9 X143.68 Y163.259 E1748.47289
G0 F15000 X143.91 Y163.259
G0 X144.001 Y139.403
G0 X144 Y138.7
;TYPE:SKIN
G1 F1713.2 X144 Y139.102 E1748.48894
G1 F2400 E1747.98894
G0 F15000 X144 Y139.403
G0 X144.086 Y168.545
G0 X144.087 Y169.62
G0 X144.087 Y170.38
G0 X144.088 Y171.455
G0 X144.09 Y174.12
G0 X144.4 Y174.4
;TYPE:WALL-INNER
G1 F2400 E1748.48894
G1 F2055.9 X144.4 Y171.644 E1748.5806
G1 X143.6 Y171.644 E1748.60721
G1 X143.6 Y174.4 E1748.69888
G1 X144.4 Y174.4 E1748.72548
G0 F15000 X144.8 Y174.8
;TYPE:WALL-OUTER
G1 F2055.9 X144.8 Y171.244 E1748.84376
G1 X143.2 Y171.244 E1748.89697
G1 X143.2 Y174.8 E1749.01525
G1 X144.8 Y174.8 E1749.06846
G0 F15000 X144.52 Y174.52
G0 X144.09 Y173.776
G0 X144.32 Y173.776
;TYPE:FILL
G1 F2055.9 X143.68 Y173.135 E1749.09859
G1 F2400 E1748.59859
G0 F15000 X143.91 Y173.135
G0 X144.57 Y174.12
G0 X145.665 Y174.12
G0 X154.335 Y174.12
G0 X155.43 Y174.12
G0 X155.91 Y174.12
G0 X155.6 Y174.4
;TYPE:WALL-INNER
G1 F2400 E1749.09859
G1 F2055.9 X156.4 Y174.4 E1749.1252
G1 X156.4 Y171.644 E1749.21686
G1 X155.6 Y171.644 E1749.24347
G1 X155.6 Y174.4 E1749.33514
G0 F15000 X155.2 Y174.8
;TYPE:WALL-OUTER
G1 F2055.9 X156.8 Y174.8 E1749.38835
G1 X156.8 Y171.244 E1749.50663
G1 X155.2 Y171.244 E1749.55984
G1 X155.2 Y174.8 E1749.67812
G0 F15000 X155.48 Y174.52
G0 X155.91 Y173.822
G0 X155.68 Y173.822
;TYPE:FILL
G1 F2055.9 X156.178 Y174.319 E1749.70152
G1 F2400 E1749.20152
G0 F15000 X156.09 Y174.09
G0 X155.881 Y171.475
G0 X155.881 Y170.38
G0 X155.88 Y169.62
G0 X155.879 Y168.545
G0 X155.881 Y168.045
G0 X155.6 Y168.354
;TYPE:WALL-INNER
G1 F2400 E1749.70152
G1 F2055.9 X156.4 Y168.353 E1749.72812
G1 X156.4 Y138.3 E1750.72769
G1 X155.6 Y138.3 E1750.7543
G1 X155.6 Y168.354 E1751.7539
G1 F2400 E1751.2539
G0 F15000 X155.881 Y168.045
G0 X155.48 Y138.183
G0 X155.2 Y137.9
;TYPE:WALL-OUTER
G1 F2400 E1751.7539
G1 F2055.9 X155.2 Y168.755 E1752.78014
G1 X156.8 Y168.752 E1752.83336
G1 X156.8 Y137.9 E1753.8595
G1 X155.2 Y137.9 E1753.91271
G0 F15000 X155.48 Y138.183
G0 X155.91 Y139.881
G0 X155.68 Y139.881
;TYPE:FILL
G1 F2055.9 X156.32 Y140.521 E1753.94282
G0 F15000 X156.09 Y140.521
G0 X156.09 Y143.307
G0 X156.32 Y143.307
G1 F2055.9 X155.681 Y143.479 E1753.96483
G0 F15000 X155.91 Y143.479
G0 X156.09 Y145.066
G0 X156.319 Y145.066
G1 F2055.9 X155.68 Y147.451 E1754.04695
G0 F15000 X155.91 Y147.451
G0 X155.91 Y151.194
G0 X155.68 Y151.194
G1 F2055.9 X156.32 Y151.834 E1754.07706
G0 F15000 X156.32 Y151.59
G1 F2055.9 X155.68 Y151.761 E1754.09909
G0 F15000 X155.91 Y151.761
G0 X156.09 Y159.872
G0 X156.319 Y159.872
G1 F2055.9 X155.681 Y160.043 E1754.12106
G0 F15000 X155.91 Y160.043
G0 X155.91 Y162.508
G0 X155.68 Y162.508
G1 F2055.9 X156.32 Y163.148 E1754.15116
G0 F15000 X156.09 Y163.148
G0 X156.12 Y168.075
G0 X156.319 Y168.154
G1 F2055.9 X155.874 Y168.274 E1754.16649
G0 F15000 X155.91 Y168.045
G0 X156.001 Y139.403
G0 X156 Y138.7
;TYPE:SKIN
G1 F1713.2 X156 Y139.102 E1754.18254
G1 F2400 E1753.68254
;MESH:NONMESH
G0 F300 X156 Y139.102 Z16
G0 F15000 X156 Y139.403
G0 X155.43 Y168.075
G0 X154.335 Y168.075
G0 X145.665 Y168.075
G0 X144.4 Y168.796
;TIME_ELAPSED:2474.484937
;LAYER:79
;note -- min layer time used
;TYPE:WALL-INNER
;MESH:Limiter bracket.stl
G1 F2400 E1754.18254
G1 F2118.9 X144.4 Y138.5 E1755.19018
G1 X143.6 Y138.5 E1755.21679
G1 X143.6 Y168.796 E1756.22444
G1 X144.4 Y168.796 E1756.25105
G1 F2400 E1755.75105
G0 F15000 X144.52 Y138.382
G0 X144.8 Y138.1
;TYPE:WALL-OUTER
G1 F2400 E1756.25105
G1 F2118.9 X143.2 Y138.1 E1756.30427
G1 X143.2 Y169.196 E1757.33852
G1 X144.8 Y169.196 E1757.39174
G1 X144.8 Y138.1 E1758.426
G0 F15000 X144.52 Y138.382
G0 X144.228 Y139.53
G0 X144.068 Y139.383
;TYPE:FILL
G1 F2118.9 X144.32 Y139.635 E1758.43785
G0 F15000 X144.09 Y139.635
G0 X144.09 Y146.669
G0 X144.319 Y146.669
G1 F2118.9 X143.681 Y146.84 E1758.45982
G0 F15000 X143.91 Y146.84
G0 X143.91 Y150.308
G0 X143.68 Y150.308
G1 F2118.9 X144.32 Y150.949 E1758.48995
G0 F15000 X144.09 Y150.949
G0 X144.09 Y154.951
G0 X144.32 Y154.951
G1 F2118.9 X143.68 Y155.122 E1758.51198
G0 F15000 X143.91 Y155.122
G0 X144.09 Y158.395
G0 X144.32 Y158.395
G1 F2118.9 X143.68 Y160.782 E1758.59417
G0 F15000 X143.68 Y161.622
G1 F2118.9 X144.32 Y162.263 E1758.6243
G0 F15000 X144.319 Y163.233
G1 F2118.9 X143.681 Y163.404 E1758.64627
G0 F15000 X143.91 Y163.404
G0 X143.7 Y168.396
G0 X144 Y168.396
;TYPE:SKIN
G1 F1765.8 X144 Y167.728 E1758.67293
G0 F15000 X144 Y167.428
G0 X144.001 Y139.603
G0 X144 Y138.9
G1 F1765.8 X144 Y139.302 E1758.68898
G1 F2400 E1758.18898
G0 F15000 X144 Y139.603
G0 X144.228 Y168.624
G0 X144.09 Y168.969
G0 X144.09 Y171.031
G0 X144.228 Y171.372
G0 X144.228 Y172.286
G0 X144.09 Y174.12
G0 X144.4 Y174.4
;TYPE:WALL-INNER
G1 F2400 E1758.68898
G1 F2118.9 X144.4 Y171.2 E1758.79541
G1 X143.6 Y171.2 E1758.82202
G1 X143.6 Y174.4 E1758.92845
G1 X144.4 Y174.4 E1758.95506
G0 F15000 X144.8 Y174.8
;TYPE:WALL-OUTER
G1 F2118.9 X144.8 Y170.8 E1759.0881
G1 X143.2 Y170.8 E1759.14131
G1 X143.2 Y174.8 E1759.27436
G1 X144.8 Y174.8 E1759.32757
G0 F15000 X144.52 Y174.52
G0 X144.09 Y173.576
G0 X144.32 Y173.576
;TYPE:FILL
G1 F2118.9 X143.68 Y172.936 E1759.35768
G0 F15000 X143.91 Y172.936
G0 X143.798 Y172.583
G0 X143.7 Y171.6
G0 X144 Y171.6
;TYPE:SKIN
G1 F1765.8 X144 Y172.272 E1759.3845
G1 F2400 E1758.8845
G0 F15000 X144 Y172.572
G0 X144.57 Y174.12
G0 X145.665 Y174.12
G0 X154.335 Y174.12
G0 X155.43 Y174.12
G0 X155.91 Y174.12
G0 X155.6 Y174.4
;TYPE:WALL-INNER
G1 F2400 E1759.3845
G1 F2118.9 X156.4 Y174.4 E1759.4111
G1 X156.4 Y171.2 E1759.51754
G1 X155.6 Y171.2 E1759.54414
G1 X155.6 Y174.4 E1759.65058
G0 F15000 X155.2 Y174.8
;TYPE:WALL-OUTER
G1 F2118.9 X156.8 Y174.8 E1759.70379
G1 X156.8 Y170.8 E1759.83683
G1 X155.2 Y170.8 E1759.89005
G1 X155.2 Y174.8 E1760.02309
G0 F15000 X155.48 Y174.52
G0 X156.09 Y174.12
G0 X156.32 Y174.262
;TYPE:FILL
G1 F2118.9 X155.68 Y173.622 E1760.05319
G0 F15000 X155.91 Y173.622
G0 X155.7 Y171.6
G0 X156 Y171.6
;TYPE:SKIN
G1 F1765.8 X156 Y172.27 E1760.07994
G1 F2400 E1759.57994
G0 F15000 X156 Y172.572
G0 X155.601 Y171.011
G0 X155.601 Y168.969
G0 X155.6 Y168.796
;TYPE:WALL-INNER
G1 F2400 E1760.07994
G1 F2118.9 X156.4 Y168.796 E1760.10654
G1 X156.4 Y138.5 E1761.11419
G1 X155.6 Y138.5 E1761.1408
G1 X155.6 Y168.796 E1762.14845
G1 F2400 E1761.64845
G0 F15000 X155.48 Y138.383
G0 X155.2 Y138.1
;TYPE:WALL-OUTER
G1 F2400 E1762.14845
G1 F2118.9 X155.2 Y169.196 E1763.18271
G1 X156.8 Y169.196 E1763.23592
G1 X156.8 Y138.1 E1764.27018
G1 X155.2 Y138.1 E1764.3234
G0 F15000 X155.48 Y138.383
G0 X155.743 Y139.416
G0 X155.91 Y139.681
G0 X155.68 Y139.681
;TYPE:FILL
G1 F2118.9 X156.32 Y140.321 E1764.3535
G0 F15000 X156.09 Y140.321
G0 X156.09 Y143.453
G0 X156.32 Y143.453
G1 F2118.9 X155.681 Y143.625 E1764.37551
G0 F15000 X155.91 Y143.625
G0 X156.09 Y144.521
G0 X156.32 Y144.521
G1 F2118.9 X155.68 Y146.909 E1764.45774
G0 F15000 X155.91 Y146.909
G0 X155.91 Y150.995
G0 X155.68 Y150.995
G1 F2118.9 X156.32 Y151.635 E1764.48784
G1 X156.32 Y151.736
G1 X155.68 Y151.907 E1764.50987
G0 F15000 X155.91 Y151.907
G0 X156.09 Y160.018
G0 X156.319 Y160.018
G1 F2118.9 X155.681 Y160.189 E1764.53184
G0 F15000 X155.91 Y160.189
G0 X155.91 Y162.309
G0 X155.68 Y162.309
G1 F2118.9 X156.32 Y162.949 E1764.56195
G0 F15000 X156.09 Y162.949
G0 X155.7 Y168.396
G0 X156 Y168.396
;TYPE:SKIN
G1 F1765.8 X156 Y167.726 E1764.58869
G0 F15000 X156 Y167.428
G0 X156.001 Y139.603
G0 X156 Y138.9
G1 F1765.8 X156 Y139.302 E1764.60473
G1 F2400 E1764.10473
;MESH:NONMESH
G0 F300 X156 Y139.302 Z16.2
G0 F15000 X156 Y139.603
G0 X155.424 Y168.975
G0 X154.335 Y168.975
G0 X145.665 Y171.025
G0 X144.576 Y171.025
G0 X144.09 Y174.12
G0 X144.4 Y174.4
;TIME_ELAPSED:2493.803012
;LAYER:80
;note -- min layer time used
;TYPE:WALL-INNER
;MESH:Limiter bracket.stl
G1 F2400 E1764.60473
G1 F2105.7 X144.4 Y138.7 E1765.79212
G1 X143.6 Y138.7 E1765.81873
G1 X143.6 Y174.4 E1767.00612
G1 X144.4 Y174.4 E1767.03272
G0 F15000 X144.8 Y174.8
;TYPE:WALL-OUTER
G1 F2105.7 X144.8 Y138.3 E1768.24672
G1 X143.2 Y138.3 E1768.29993
G1 X143.2 Y174.8 E1769.51393
G1 X144.8 Y174.8 E1769.56715
G0 F15000 X144.52 Y174.52
G0 X144.09 Y173.376
G0 X144.32 Y173.376
;TYPE:FILL
G1 F2105.7 X143.68 Y172.735 E1769.59727
G0 F15000 X143.91 Y172.735
G0 X143.772 Y172.354
G0 X143.772 Y168.541
G0 X143.91 Y163.552
G0 X143.68 Y163.552
G1 F2105.7 X144.32 Y163.38 E1769.61931
G0 F15000 X144.09 Y163.38
G0 X144.09 Y162.061
G0 X144.32 Y162.061
G1 F2105.7 X143.68 Y161.421 E1769.64942
G0 F15000 X143.91 Y161.421
G0 X143.91 Y160.233
G0 X143.68 Y160.233
G1 F2105.7 X144.32 Y157.846 E1769.73161
G0 F15000 X144.09 Y157.846
G0 X143.91 Y155.269
G0 X143.68 Y155.269
G1 F2105.7 X144.32 Y155.098 E1769.75365
G0 F15000 X144.09 Y155.098
G0 X144.09 Y150.747
G0 X144.32 Y150.747
G1 F2105.7 X143.68 Y150.107 E1769.78375
G0 F15000 X143.91 Y150.107
G0 X143.91 Y146.987
G0 X143.68 Y146.987
G1 F2105.7 X144.319 Y146.816 E1769.80575
G0 F15000 X144.09 Y146.816
G0 X144.001 Y139.803
G0 X144 Y139.1
;TYPE:SKIN
G1 F1754.8 X144 Y139.502 E1769.8218
G1 F2400 E1769.3218
G0 F15000 X144 Y139.803
G0 X144.228 Y167.646
G0 X144.228 Y172.354
G0 X144 Y172.124
G1 F2400 E1769.8218
G1 F1754.8 X144 Y167.872 E1769.9915
G1 F2400 E1769.4915
G0 F15000 X144 Y167.574
G0 X144.57 Y174.12
G0 X145.665 Y174.12
G0 X154.335 Y174.12
G0 X155.43 Y174.12
G0 X155.91 Y174.12
G0 X155.6 Y174.4
;TYPE:WALL-INNER
G1 F2400 E1769.9915
G1 F2105.7 X156.4 Y174.4 E1770.01811
G1 X156.4 Y138.7 E1771.2055
G1 X155.6 Y138.7 E1771.23211
G1 X155.6 Y174.4 E1772.41949
G0 F15000 X155.2 Y174.8
;TYPE:WALL-OUTER
G1 F2105.7 X156.8 Y174.8 E1772.47271
G1 X156.8 Y138.3 E1773.6867
G1 X155.2 Y138.3 E1773.73992
G1 X155.2 Y174.8 E1774.95392
G0 F15000 X155.48 Y174.52
G0 X156.09 Y174.061
G0 X156.32 Y174.061
;TYPE:FILL
G1 F2105.7 X155.679 Y173.421 E1774.98404
G0 F15000 X155.91 Y173.421
G0 X155.772 Y172.354
G0 X155.772 Y168.118
G0 X156.09 Y162.748
G0 X156.32 Y162.748
G1 F2105.7 X155.679 Y162.107 E1775.01419
G0 F15000 X155.91 Y162.107
G0 X155.91 Y160.336
G0 X155.681 Y160.336
G1 F2105.7 X156.319 Y160.165 E1775.03616
G0 F15000 X156.09 Y160.165
G0 X155.91 Y152.054
G0 X155.681 Y152.054
G1 F2105.7 X156.32 Y151.883 E1775.05816
G0 F15000 X156.32 Y151.434
G1 F2105.7 X155.679 Y150.793 E1775.08831
G0 F15000 X155.91 Y150.793
G0 X155.91 Y146.359
G0 X155.68 Y146.359
G1 F2105.7 X156.32 Y143.971 E1775.17054
G0 F15000 X156.319 Y143.601
G1 F2105.7 X155.681 Y143.772 E1775.19251
G0 F15000 X155.91 Y143.772
G0 X156.09 Y140.12
G0 X156.32 Y140.12
G1 F2105.7 X155.783 Y139.583 E1775.21777
G0 F15000 X156 Y139.1
;TYPE:SKIN
G1 F1754.8 X156 Y139.502 E1775.23381
G1 F2400 E1774.73381
G0 F15000 X156 Y139.803
G0 X156.228 Y167.646
G0 X156.228 Y172.353
G0 X156 Y172.124
G1 F2400 E1775.23381
G1 F1754.8 X156 Y167.874 E1775.40344
G1 F2400 E1774.90344
;MESH:NONMESH
G0 F300 X156 Y167.874 Z16.4
G0 F15000 X156 Y167.574
G0 X155.43 Y174.12
G0 X154.335 Y174.12
G0 X145.665 Y174.12
G0 X144.57 Y174.12
G0 X144.09 Y174.12
G0 X144.4 Y174.4
;TIME_ELAPSED:2510.267878
;LAYER:81
;note -- min layer time used
;TYPE:WALL-INNER
;MESH:Limiter bracket.stl
G1 F2400 E1775.40344
G1 F2064.5 X144.4 Y138.9 E1776.58418
G1 X143.6 Y138.9 E1776.61078
G1 X143.6 Y174.4 E1777.79152
G1 X144.4 Y174.4 E1777.81813
G0 F15000 X144.8 Y174.8
;TYPE:WALL-OUTER
G1 F2064.5 X144.8 Y138.5 E1779.02547
G1 X143.2 Y138.5 E1779.07869
G1 X143.2 Y174.8 E1780.28603
G1 X144.8 Y174.8 E1780.33925
G0 F15000 X144.52 Y174.52
G0 X144.09 Y173.176
G0 X144.32 Y173.176
;TYPE:FILL
G1 F2064.5 X143.68 Y172.535 E1780.36937
G0 F15000 X143.91 Y172.535
G0 X143.772 Y172.146
G0 X143.772 Y168.669
G0 X143.91 Y163.698
G0 X143.681 Y163.698
G1 F2064.5 X144.319 Y163.526 E1780.39135
G0 F15000 X144.09 Y163.526
G0 X144.09 Y161.862
G0 X144.32 Y161.862
G1 F2064.5 X143.68 Y161.222 E1780.42145
G0 F15000 X143.91 Y161.222
G0 X143.91 Y159.689
G0 X143.68 Y159.689
G1 F2064.5 X144.32 Y157.301 E1780.50368
G0 F15000 X144.09 Y157.301
G0 X143.91 Y155.415
G0 X143.68 Y155.415
G1 F2064.5 X144.32 Y155.244 E1780.52572
G0 F15000 X144.09 Y155.244
G0 X144.09 Y150.548
G0 X144.32 Y150.548
G1 F2064.5 X143.68 Y149.908 E1780.55582
G0 F15000 X143.91 Y149.908
G0 X143.91 Y147.133
G0 X143.681 Y147.133
G1 F2064.5 X144.319 Y146.962 E1780.57779
G0 F15000 X144.09 Y146.962
G0 X144.001 Y140.003
G0 X144 Y139.3
;TYPE:SKIN
G1 F1720.4 X144 Y139.702 E1780.59383
G1 F2400 E1780.09383
G0 F15000 X144 Y140.003
G0 X144.228 Y167.854
G0 X144.228 Y172.145
G0 X144 Y171.916
G1 F2400 E1780.59383
G1 F1720.4 X144 Y168.08 E1780.74694
G1 F2400 E1780.24694
G0 F15000 X144 Y167.782
G0 X144.57 Y174.12
G0 X145.665 Y174.12
G0 X154.335 Y174.12
G0 X155.43 Y174.12
G0 X155.91 Y174.12
G0 X155.6 Y174.4
;TYPE:WALL-INNER
G1 F2400 E1780.74694
G1 F2064.5 X156.4 Y174.4 E1780.77354
G1 X156.4 Y138.9 E1781.95428
G1 X155.6 Y138.9 E1781.98089
G1 X155.6 Y174.4 E1783.16162
G0 F15000 X155.2 Y174.8
;TYPE:WALL-OUTER
G1 F2064.5 X156.8 Y174.8 E1783.21484
G1 X156.8 Y138.5 E1784.42218
G1 X155.2 Y138.5 E1784.4754
G1 X155.2 Y174.8 E1785.68274
G0 F15000 X155.48 Y174.52
G0 X156.09 Y173.862
G0 X156.32 Y173.862
;TYPE:FILL
G1 F2064.5 X155.679 Y173.221 E1785.71289
G0 F15000 X155.91 Y173.221
G0 X155.772 Y172.146
G0 X155.772 Y168.283
G0 X156.09 Y162.548
G0 X156.32 Y162.548
G1 F2064.5 X155.68 Y161.908 E1785.74299
G0 F15000 X155.91 Y161.908
G0 X155.91 Y160.482
G0 X155.681 Y160.482
G1 F2064.5 X156.319 Y160.311 E1785.76496
G0 F15000 X156.09 Y160.311
G0 X155.91 Y152.2
G0 X155.68 Y152.2
G1 F2064.5 X156.319 Y152.029 E1785.78696
G0 F15000 X156.32 Y151.235
G1 F2064.5 X155.68 Y150.595 E1785.81707
G0 F15000 X155.91 Y150.595
G0 X155.91 Y145.814
G0 X155.68 Y145.814
G1 F2064.5 X156.32 Y143.426 E1785.8993
G0 F15000 X156.319 Y143.747
G1 F2064.5 X155.68 Y143.918 E1785.9213
G0 F15000 X155.91 Y143.918
G0 X156.09 Y139.921
G0 X156.32 Y139.921
G1 F2064.5 X156.182 Y139.783 E1785.92779
G0 F15000 X156 Y139.3
;TYPE:SKIN
G1 F1720.4 X156 Y139.702 E1785.94383
G1 F2400 E1785.44383
G0 F15000 X156 Y140.003
G0 X156.228 Y167.854
G0 X156.228 Y172.145
G0 X156 Y171.916
G1 F2400 E1785.94383
G1 F1720.4 X156 Y168.08 E1786.09694
G1 F2400 E1785.59694
;MESH:NONMESH
G0 F300 X156 Y168.08 Z16.6
G0 F15000 X156 Y167.782
G0 X155.43 Y174.12
G0 X154.335 Y174.12
G0 X145.665 Y174.12
G0 X144.57 Y174.12
G0 X144.09 Y174.12
G0 X144.4 Y174.4
;TIME_ELAPSED:2526.801865
;LAYER:82
;note -- min layer time used
;TYPE:WALL-INNER
;MESH:Limiter bracket.stl
G1 F2400 E1786.09694
G1 F2054.5 X144.4 Y139.1 E1787.27102
G1 X143.6 Y139.1 E1787.29763
G1 X143.6 Y174.4 E1788.47171
G1 X144.4 Y174.4 E1788.49832
G0 F15000 X144.8 Y174.8
;TYPE:WALL-OUTER
G1 F2054.5 X144.8 Y138.7 E1789.69901
G1 X143.2 Y138.7 E1789.75222
G1 X143.2 Y174.8 E1790.95292
G1 X144.8 Y174.8 E1791.00613
G0 F15000 X144.52 Y174.52
G0 X144.09 Y172.977
G0 X144.32 Y172.977
;TYPE:FILL
G1 F2054.5 X143.68 Y172.336 E1791.03626
G0 F15000 X143.681 Y172.126
G1 F2054.5 X144.32 Y171.955 E1791.05826
G0 F15000 X144.09 Y171.955
G0 X144.228 Y168.502
G0 X143.91 Y163.844
G0 X143.681 Y163.844
G1 F2054.5 X144.32 Y163.672 E1791.08027
G0 F15000 X144.09 Y163.672
G0 X144.09 Y161.662
G0 X144.32 Y161.662
G1 F2054.5 X143.68 Y161.022 E1791.11037
G0 F15000 X143.91 Y161.022
G0 X143.91 Y159.146
G0 X143.68 Y159.146
G1 F2054.5 X144.32 Y156.758 E1791.1926
G0 F15000 X144.09 Y156.758
G0 X143.91 Y155.561
G0 X143.68 Y155.561
G1 F2054.5 X144.319 Y155.39 E1791.2146
G0 F15000 X144.09 Y155.39
G0 X144.09 Y150.349
G0 X144.32 Y150.349
G1 F2054.5 X143.68 Y149.709 E1791.24471
G0 F15000 X143.91 Y149.709
G0 X143.91 Y147.279
G0 X143.68 Y147.279
G1 F2054.5 X144.319 Y147.108 E1791.26671
G0 F15000 X144.09 Y147.108
G0 X144.001 Y140.203
G0 X144 Y139.5
;TYPE:SKIN
G1 F1712.1 X144 Y139.902 E1791.28275
G1 F2400 E1790.78275
G0 F15000 X144 Y140.203
G0 X144.228 Y171.872
G0 X144 Y171.642
G1 F2400 E1791.28275
G1 F1712.1 X144 Y168.354 E1791.41398
G1 F2400 E1790.91398
G0 F15000 X144 Y168.055
G0 X144.57 Y174.12
G0 X145.665 Y174.12
G0 X154.335 Y174.12
G0 X155.43 Y174.12
G0 X155.91 Y174.12
G0 X155.6 Y174.4
;TYPE:WALL-INNER
G1 F2400 E1791.41398
G1 F2054.5 X156.4 Y174.4 E1791.44059
G1 X156.4 Y139.1 E1792.61467
G1 X155.6 Y139.1 E1792.64128
G1 X155.6 Y174.4 E1793.81536
G0 F15000 X155.2 Y174.8
;TYPE:WALL-OUTER
G1 F2054.5 X156.8 Y174.8 E1793.86858
G1 X156.8 Y138.7 E1795.06927
G1 X155.2 Y138.7 E1795.12249
G1 X155.2 Y174.8 E1796.32318
G0 F15000 X155.48 Y174.52
G0 X156.09 Y174.09
G0 X156.178 Y174.321
;TYPE:FILL
G1 F2054.5 X156.32 Y173.791 E1796.34143
G1 X156.32 Y173.663
G1 X155.679 Y173.022 E1796.37158
G0 F15000 X155.91 Y173.022
G0 X155.772 Y171.873
G0 X155.772 Y168.503
G0 X156.09 Y162.349
G0 X156.32 Y162.349
G1 F2054.5 X155.679 Y161.708 E1796.40173
G0 F15000 X155.91 Y161.708
G0 X155.91 Y160.628
G0 X155.68 Y160.628
G1 F2054.5 X156.32 Y160.457 E1796.42376
G0 F15000 X156.09 Y160.457
G0 X155.91 Y152.346
G0 X155.681 Y152.346
G1 F2054.5 X156.32 Y152.175 E1796.44576
G0 F15000 X156.09 Y152.175
G0 X156.09 Y151.035
G0 X156.32 Y151.035
G1 F2054.5 X155.679 Y150.395 E1796.47589
G0 F15000 X155.91 Y150.395
G0 X155.91 Y145.268
G0 X155.681 Y145.268
G1 F2054.5 X156.32 Y142.881 E1796.55808
G0 F15000 X156.09 Y142.881
G0 X156.09 Y143.893
G0 X156.32 Y143.893
G1 F2054.5 X155.68 Y144.064 E1796.58011
G0 F15000 X155.91 Y144.064
G0 X156.001 Y140.203
G0 X156 Y139.5
;TYPE:SKIN
G1 F1712.1 X156 Y139.902 E1796.59616
G1 F2400 E1796.09616
G0 F15000 X156 Y140.203
G0 X155.772 Y171.873
G0 X156 Y171.644
G1 F2400 E1796.59616
G1 F1712.1 X156 Y168.354 E1796.72747
G1 F2400 E1796.22747
;MESH:NONMESH
G0 F300 X156 Y168.354 Z16.8
G0 F15000 X156 Y168.055
G0 X155.43 Y174.12
G0 X154.335 Y174.12
G0 X145.665 Y174.12
G0 X144.57 Y174.12
G0 X144.09 Y174.12
G0 X144.4 Y174.4
;TIME_ELAPSED:2543.452634
;LAYER:83
;note -- min layer time used
;TYPE:WALL-INNER
;MESH:Limiter bracket.stl
G1 F2400 E1796.72747
G1 F2034.9 X144.4 Y139.3 E1797.8949
G1 X143.6 Y139.3 E1797.92151
G1 X143.6 Y174.4 E1799.08894
G1 X144.4 Y174.4 E1799.11555
G0 F15000 X144.8 Y174.8
;TYPE:WALL-OUTER
G1 F2034.9 X144.8 Y138.9 E1800.30958
G1 X143.2 Y138.9 E1800.3628
G1 X143.2 Y174.8 E1801.55684
G1 X144.8 Y174.8 E1801.61006
G0 F15000 X144.52 Y174.52
G0 X144.09 Y172.776
G0 X144.32 Y172.776
;TYPE:FILL
G1 F2034.9 X143.68 Y172.135 E1801.64018
G1 X143.68 Y172.273
G1 X144.32 Y172.102 E1801.66222
G0 F15000 X144.09 Y172.102
G0 X144.228 Y171.429
G0 X144.228 Y168.857
G0 X143.91 Y163.991
G0 X143.681 Y163.991
G1 F2034.9 X144.32 Y163.819 E1801.68423
G0 F15000 X144.09 Y163.819
G0 X144.09 Y161.461
G0 X144.32 Y161.461
G1 F2034.9 X143.68 Y160.822 E1801.71431
G0 F15000 X143.91 Y160.822
G0 X143.91 Y158.596
G0 X143.68 Y158.596
G1 F2034.9 X144.32 Y156.209 E1801.7965
G0 F15000 X144.32 Y155.537
G1 F2034.9 X143.681 Y155.708 E1801.8185
G0 F15000 X143.91 Y155.708
G0 X144.09 Y150.148
G0 X144.32 Y150.148
G1 F2034.9 X143.68 Y149.508 E1801.84861
G0 F15000 X143.91 Y149.508
G0 X143.91 Y147.426
G0 X143.68 Y147.426
G1 F2034.9 X144.32 Y147.255 E1801.87064
G0 F15000 X144.09 Y147.255
G0 X144.001 Y140.403
G0 X144 Y139.7
;TYPE:SKIN
G1 F1695.8 X144 Y140.102 E1801.88668
G1 F2400 E1801.38668
G0 F15000 X144 Y140.403
G0 X144.228 Y171.429
G0 X144 Y171.2
G1 F2400 E1801.88668
G1 F1695.8 X144 Y168.796 E1801.98263
G1 F2400 E1801.48263
G0 F15000 X144 Y168.499
G0 X144.57 Y174.12
G0 X145.665 Y174.12
G0 X154.335 Y174.12
G0 X155.43 Y174.12
G0 X155.91 Y174.12
G0 X155.6 Y174.4
;TYPE:WALL-INNER
G1 F2400 E1801.98263
G1 F2034.9 X156.4 Y174.4 E1802.00924
G1 X156.4 Y139.3 E1803.17667
G1 X155.6 Y139.3 E1803.20328
G1 X155.6 Y174.4 E1804.37071
G0 F15000 X155.2 Y174.8
;TYPE:WALL-OUTER
G1 F2034.9 X156.8 Y174.8 E1804.42393
G1 X156.8 Y138.9 E1805.61797
G1 X155.2 Y138.9 E1805.67118
G1 X155.2 Y174.8 E1806.86522
G0 F15000 X156.031 Y174.321
;TYPE:FILL
G1 F2034.9 X156.32 Y173.243 E1806.90234
G0 F15000 X156.32 Y173.462
G1 F2034.9 X155.679 Y172.821 E1806.93249
G0 F15000 X155.91 Y172.821
G0 X155.772 Y171.429
G0 X155.772 Y169.114
G0 X156.09 Y162.148
G0 X156.32 Y162.148
G1 F2034.9 X155.68 Y161.508 E1806.9626
G0 F15000 X155.68 Y160.775
G1 F2034.9 X156.32 Y160.604 E1806.98463
G0 F15000 X156.09 Y160.604
G0 X155.91 Y152.493
G0 X155.681 Y152.493
G1 F2034.9 X156.32 Y152.322 E1807.00663
G0 F15000 X156.09 Y152.322
G0 X156.09 Y150.834
G0 X156.32 Y150.834
G1 F2034.9 X155.68 Y150.194 E1807.03673
G0 F15000 X155.91 Y150.194
G0 X155.91 Y144.722
G0 X155.68 Y144.722
G1 F2034.9 X156.32 Y142.334 E1807.11896
G0 F15000 X156.09 Y142.334
G0 X156.09 Y144.04
G0 X156.32 Y144.04
G1 F2034.9 X155.68 Y144.211 E1807.141
G0 F15000 X155.91 Y144.211
G0 X156.001 Y140.403
G0 X156 Y139.7
;TYPE:SKIN
G1 F1695.8 X156 Y140.102 E1807.15704
G1 F2400 E1806.65704
G0 F15000 X156 Y140.403
G0 X156.228 Y171.428
G0 X156 Y171.198
G1 F2400 E1807.15704
G1 F1695.8 X156 Y168.796 E1807.25291
G1 F2400 E1806.75291
;MESH:NONMESH
G0 F300 X156 Y168.796 Z17
G0 F15000 X156 Y168.499
G0 X155.43 Y174.12
G0 X154.335 Y174.12
G0 X145.665 Y174.12
G0 X144.57 Y174.12
G0 X144.09 Y174.12
G0 X144.4 Y174.4
;TIME_ELAPSED:2559.997181
;LAYER:84
;note -- min layer time used
;TYPE:WALL-INNER
;MESH:Limiter bracket.stl
G1 F2400 E1807.25291
G1 F1963 X144.4 Y139.5 E1808.41369
G1 X143.6 Y139.5 E1808.4403
G1 X143.6 Y174.4 E1809.60107
G1 X144.4 Y174.4 E1809.62768
G0 F15000 X144.8 Y174.8
;TYPE:WALL-OUTER
G1 F1963 X144.8 Y139.1 E1810.81507
G1 X143.2 Y139.1 E1810.86829
G1 X143.2 Y174.8 E1812.05567
G1 X144.8 Y174.8 E1812.10889
G0 F15000 X144.52 Y174.52
G0 X144.09 Y172.576
G0 X144.32 Y172.576
;TYPE:FILL
G1 F1963 X143.68 Y171.936 E1812.13899
G0 F15000 X143.68 Y172.419
G1 F1963 X144.32 Y172.248 E1812.16103
G0 F15000 X144.09 Y172.248
G0 X143.91 Y164.137
G0 X143.68 Y164.137
G1 F1963 X144.32 Y163.965 E1812.18307
G0 F15000 X144.09 Y163.965
G0 X144.09 Y161.263
G0 X144.32 Y161.263
G1 F1963 X143.68 Y160.622 E1812.21319
G0 F15000 X143.91 Y160.622
G0 X143.91 Y158.05
G0 X143.681 Y158.05
G1 F1963 X144.32 Y155.663 E1812.29538
G1 X144.319 Y155.683
G1 X143.68 Y155.855 E1812.31739
G0 F15000 X143.91 Y155.855
G0 X144.09 Y149.949
G0 X144.32 Y149.949
G1 F1963 X143.68 Y149.308 E1812.34752
G0 F15000 X143.91 Y149.308
G0 X143.91 Y147.572
G0 X143.68 Y147.572
G1 F1963 X144.32 Y147.401 E1812.36955
G0 F15000 X144.09 Y147.401
G0 X144.001 Y140.603
G0 X144 Y139.9
;TYPE:SKIN
G1 F1635.8 X144 Y140.302 E1812.3856
G1 F2400 E1811.8856
G0 F15000 X144 Y140.603
G0 X144.57 Y174.12
G0 X145.665 Y174.12
G0 X154.335 Y174.12
G0 X155.43 Y174.12
G0 X155.91 Y174.12
G0 X155.6 Y174.4
;TYPE:WALL-INNER
G1 F2400 E1812.3856
G1 F1963 X156.4 Y174.4 E1812.4122
G1 X156.4 Y139.5 E1813.57298
G1 X155.6 Y139.5 E1813.59959
G1 X155.6 Y174.4 E1814.76037
G0 F15000 X155.2 Y174.8
;TYPE:WALL-OUTER
G1 F1963 X156.8 Y174.8 E1814.81359
G1 X156.8 Y139.1 E1816.00097
G1 X155.2 Y139.1 E1816.05419
G1 X155.2 Y174.8 E1817.24158
G0 F15000 X155.885 Y174.321
;TYPE:FILL
G1 F1963 X156.32 Y172.698 E1817.29746
G0 F15000 X156.32 Y173.262
G1 F1963 X155.68 Y172.622 E1817.32757
G0 F15000 X155.91 Y172.622
G0 X155.91 Y169.203
G0 X155.681 Y169.203
G1 F1963 X156.319 Y169.032 E1817.34954
G0 F15000 X156.09 Y169.032
G0 X156.09 Y161.949
G0 X156.32 Y161.949
G1 F1963 X155.68 Y161.309 E1817.37964
G0 F15000 X155.681 Y160.921
G1 F1963 X156.32 Y160.75 E1817.40164
G0 F15000 X156.09 Y160.75
G0 X155.91 Y152.639
G0 X155.681 Y152.639
G1 F1963 X156.319 Y152.468 E1817.42361
G0 F15000 X156.09 Y152.468
G0 X156.09 Y150.635
G0 X156.32 Y150.635
G1 F1963 X155.68 Y149.995 E1817.45371
G0 F15000 X155.91 Y149.995
G0 X155.91 Y144.357
G0 X155.681 Y144.357
G1 F1963 X156.319 Y144.186 E1817.47568
G0 F15000 X155.68 Y144.177
G1 F1963 X156.32 Y141.789 E1817.55791
G0 F15000 X156.09 Y141.789
G0 X156.001 Y140.603
G0 X156 Y139.9
;TYPE:SKIN
G1 F1635.8 X156 Y140.302 E1817.57395
G1 F2400 E1817.07395
;MESH:NONMESH
G0 F300 X156 Y140.302 Z17.2
G0 F15000 X156 Y140.603
G0 X155.43 Y174.12
G0 X154.335 Y174.12
G0 X145.665 Y174.12
G0 X144.57 Y174.12
G0 X144.09 Y174.12
G0 X144.4 Y174.4
;TIME_ELAPSED:2575.902646
;LAYER:85
;note -- min layer time used
;TYPE:WALL-INNER
;MESH:Limiter bracket.stl
G1 F2400 E1817.57395
G1 F1976.4 X144.4 Y139.7 E1818.72808
G1 X143.6 Y139.7 E1818.75469
G1 X143.6 Y174.4 E1819.90882
G1 X144.4 Y174.4 E1819.93542
G0 F15000 X144.8 Y174.8
;TYPE:WALL-OUTER
G1 F1976.4 X144.8 Y139.3 E1821.11616
G1 X143.2 Y139.3 E1821.16938
G1 X143.2 Y174.8 E1822.35011
G1 X144.8 Y174.8 E1822.40333
G0 F15000 X144.52 Y174.52
G0 X144.09 Y172.395
G0 X144.32 Y172.395
;TYPE:FILL
G1 F1976.4 X143.68 Y172.566 E1822.42536
G0 F15000 X144.32 Y172.376
G1 F1976.4 X143.68 Y171.735 E1822.45549
G0 F15000 X143.91 Y171.735
G0 X143.91 Y164.284
G0 X143.681 Y164.284
G1 F1976.4 X144.32 Y164.112 E1822.4775
G0 F15000 X144.09 Y164.112
G0 X144.09 Y161.062
G0 X144.32 Y161.062
G1 F1976.4 X143.68 Y160.421 E1822.50762
G0 F15000 X143.91 Y160.421
G0 X143.91 Y157.502
G0 X143.68 Y157.502
G1 F1976.4 X144.32 Y155.114 E1822.58985
G0 F15000 X144.319 Y155.83
G1 F1976.4 X143.681 Y156.001 E1822.61182
G0 F15000 X143.91 Y156.001
G0 X144.09 Y149.748
G0 X144.32 Y149.748
G1 F1976.4 X143.68 Y149.108 E1822.64192
G0 F15000 X143.91 Y149.108
G0 X143.91 Y147.719
G0 X143.68 Y147.719
G1 F1976.4 X144.32 Y147.548 E1822.66396
G0 F15000 X144.09 Y147.548
G0 X144.001 Y140.803
G0 X144 Y140.1
;TYPE:SKIN
G1 F1647 X144 Y140.502 E1822.68
G1 F2400 E1822.18
G0 F15000 X144 Y140.803
G0 X144.57 Y174.12
G0 X145.665 Y174.12
G0 X154.335 Y174.12
G0 X155.43 Y174.12
G0 X155.91 Y174.12
G0 X155.6 Y174.4
;TYPE:WALL-INNER
G1 F2400 E1822.68
G1 F1976.4 X156.4 Y174.4 E1822.70661
G1 X156.4 Y139.7 E1823.86074
G1 X155.6 Y139.7 E1823.88734
G1 X155.6 Y174.4 E1825.04147
G0 F15000 X155.2 Y174.8
;TYPE:WALL-OUTER
G1 F1976.4 X156.8 Y174.8 E1825.09469
G1 X156.8 Y139.3 E1826.27542
G1 X155.2 Y139.3 E1826.32864
G1 X155.2 Y174.8 E1827.50937
G0 F15000 X155.738 Y174.321
;TYPE:FILL
G1 F1976.4 X156.32 Y172.149 E1827.58416
G0 F15000 X155.68 Y172.422
G1 F1976.4 X156.32 Y173.062 E1827.61427
G0 F15000 X156.09 Y173.062
G0 X155.91 Y169.35
G0 X155.681 Y169.35
G1 F1976.4 X156.319 Y169.179 E1827.63624
G0 F15000 X156.09 Y169.179
G0 X156.09 Y161.748
G0 X156.32 Y161.748
G1 F1976.4 X155.68 Y161.108 E1827.66634
G1 X155.68 Y161.068
G1 X156.32 Y160.897 E1827.68837
G0 F15000 X156.09 Y160.897
G0 X155.91 Y152.786
G0 X155.681 Y152.786
G1 F1976.4 X156.319 Y152.615 E1827.71034
G0 F15000 X156.09 Y152.615
G0 X156.09 Y150.434
G0 X156.32 Y150.434
G1 F1976.4 X155.68 Y149.794 E1827.74045
G0 F15000 X155.91 Y149.794
G0 X155.91 Y144.504
G0 X155.681 Y144.504
G1 F1976.4 X156.319 Y144.333 E1827.76241
G0 F15000 X155.68 Y143.627
G1 F1976.4 X156.32 Y141.239 E1827.84464
G0 F15000 X156.09 Y141.239
G0 X156.001 Y140.803
G0 X156 Y140.1
;TYPE:SKIN
G1 F1647 X156 Y140.502 E1827.86069
G1 F2400 E1827.36069
;MESH:NONMESH
G0 F300 X156 Y140.502 Z17.4
G0 F15000 X156 Y140.803
G0 X155.43 Y174.12
G0 X154.335 Y174.12
G0 X145.665 Y174.12
G0 X144.57 Y174.12
G0 X144.09 Y174.12
G0 X144.4 Y174.4
;TIME_ELAPSED:2591.753051
;LAYER:86
;note -- min layer time used
;TYPE:WALL-INNER
;MESH:Limiter bracket.stl
G1 F2400 E1827.86069
G1 F1968.3 X144.4 Y139.9 E1829.00816
G1 X143.6 Y139.9 E1829.03477
G1 X143.6 Y174.4 E1830.18224
G1 X144.4 Y174.4 E1830.20885
G0 F15000 X144.8 Y174.8
;TYPE:WALL-OUTER
G1 F1968.3 X144.8 Y139.5 E1831.38294
G1 X143.2 Y139.5 E1831.43615
G1 X143.2 Y174.8 E1832.61023
G1 X144.8 Y174.8 E1832.66345
G0 F15000 X144.52 Y174.52
G0 X144.09 Y172.541
G0 X144.319 Y172.541
;TYPE:FILL
G1 F1968.3 X143.681 Y172.712 E1832.68542
G0 F15000 X144.32 Y172.176
G1 F1968.3 X143.68 Y171.536 E1832.71552
G0 F15000 X143.91 Y171.536
G0 X143.91 Y164.43
G0 X143.68 Y164.43
G1 F1968.3 X144.32 Y164.258 E1832.73756
G0 F15000 X144.09 Y164.258
G0 X144.09 Y160.863
G0 X144.32 Y160.863
G1 F1968.3 X143.68 Y160.222 E1832.76769
G0 F15000 X143.91 Y160.222
G0 X143.91 Y156.956
G0 X143.68 Y156.956
G1 F1968.3 X144.32 Y154.571 E1832.84982
G0 F15000 X144.09 Y154.571
G0 X144.09 Y155.976
G0 X144.319 Y155.976
G1 F1968.3 X143.681 Y156.147 E1832.87179
G0 F15000 X143.91 Y156.147
G0 X144.09 Y149.549
G0 X144.32 Y149.549
G1 F1968.3 X143.68 Y148.908 E1832.90192
G0 F15000 X143.91 Y148.908
G0 X143.91 Y147.865
G0 X143.68 Y147.865
G1 F1968.3 X144.32 Y147.694 E1832.92395
G0 F15000 X144.09 Y147.694
G0 X144.001 Y141.003
G0 X144 Y140.3
;TYPE:SKIN
G1 F1640.3 X144 Y140.702 E1832.94
G1 F2400 E1832.44
G0 F15000 X144 Y141.003
G0 X144.57 Y174.12
G0 X145.665 Y174.12
G0 X154.335 Y174.12
G0 X155.43 Y174.12
G0 X155.91 Y174.12
G0 X155.6 Y174.4
;TYPE:WALL-INNER
G1 F2400 E1832.94
G1 F1968.3 X156.4 Y174.4 E1832.96661
G1 X156.4 Y139.9 E1834.11408
G1 X155.6 Y139.9 E1834.14069
G1 X155.6 Y174.4 E1835.28816
G0 F15000 X155.2 Y174.8
;TYPE:WALL-OUTER
G1 F1968.3 X156.8 Y174.8 E1835.34138
G1 X156.8 Y139.5 E1836.51546
G1 X155.2 Y139.5 E1836.56868
G1 X155.2 Y174.8 E1837.74276
G0 F15000 X155.681 Y173.991
;TYPE:FILL
G1 F1968.3 X156.32 Y171.605 E1837.82492
G0 F15000 X155.68 Y172.222
G1 F1968.3 X156.32 Y172.862 E1837.85502
G0 F15000 X156.09 Y172.862
G0 X155.91 Y169.496
G0 X155.681 Y169.496
G1 F1968.3 X156.319 Y169.325 E1837.87699
G0 F15000 X156.09 Y169.325
G0 X156.09 Y161.548
G0 X156.32 Y161.548
G1 F1968.3 X155.68 Y160.909 E1837.90707
G0 F15000 X155.68 Y161.214
G1 F1968.3 X156.319 Y161.043 E1837.92907
G0 F15000 X156.09 Y161.043
G0 X155.91 Y152.932
G0 X155.68 Y152.932
G1 F1968.3 X156.319 Y152.761 E1837.95107
G0 F15000 X156.09 Y152.761
G0 X156.09 Y150.235
G0 X156.32 Y150.235
G1 F1968.3 X155.68 Y149.595 E1837.98118
G0 F15000 X155.91 Y149.595
G0 X155.91 Y144.65
G0 X155.681 Y144.65
G1 F1968.3 X156.319 Y144.479 E1838.00314
G0 F15000 X156.09 Y144.479
G0 X155.91 Y143.081
G0 X155.68 Y143.081
G1 F1968.3 X156.297 Y140.782 E1838.08232
G0 F15000 X156 Y140.3
;TYPE:SKIN
G1 F1640.3 X156 Y140.702 E1838.09836
G1 F2400 E1837.59836
;MESH:NONMESH
G0 F300 X156 Y140.702 Z17.6
G0 F15000 X156 Y141.003
G0 X155.43 Y174.12
G0 X154.335 Y174.12
G0 X145.665 Y174.12
G0 X144.57 Y174.12
G0 X144.09 Y174.12
G0 X144.4 Y174.4
;TIME_ELAPSED:2607.747127
;LAYER:87
;note -- min layer time used
;TYPE:WALL-INNER
;MESH:Limiter bracket.stl
G1 F2400 E1838.09836
G1 F1955.6 X144.4 Y140.1 E1839.23918
G1 X143.6 Y140.1 E1839.26579
G1 X143.6 Y174.4 E1840.40661
G1 X144.4 Y174.4 E1840.43322
G0 F15000 X144.8 Y174.8
;TYPE:WALL-OUTER
G1 F1955.6 X144.8 Y139.7 E1841.60065
G1 X143.2 Y139.7 E1841.65387
G1 X143.2 Y174.8 E1842.8213
G1 X144.8 Y174.8 E1842.87452
G0 F15000 X144.52 Y174.52
G0 X144.09 Y172.688
G0 X144.319 Y172.688
;TYPE:FILL
G1 F1955.6 X143.681 Y172.859 E1842.89648
G0 F15000 X143.91 Y172.859
G0 X144.09 Y171.975
G0 X144.32 Y171.975
G1 F1955.6 X143.68 Y171.335 E1842.92659
G0 F15000 X143.91 Y171.335
G0 X143.91 Y164.577
G0 X143.68 Y164.577
G1 F1955.6 X144.32 Y164.405 E1842.94863
G0 F15000 X144.09 Y164.405
G0 X144.09 Y160.662
G0 X144.32 Y160.662
G1 F1955.6 X143.68 Y160.021 E1842.97876
G0 F15000 X143.91 Y160.021
G0 X143.91 Y156.409
G0 X143.68 Y156.409
G1 F1955.6 X144.32 Y154.021 E1843.06098
G0 F15000 X144.09 Y154.021
G0 X144.09 Y156.123
G0 X144.32 Y156.123
G1 F1955.6 X143.681 Y156.294 E1843.08299
G0 F15000 X143.91 Y156.294
G0 X144.09 Y149.348
G0 X144.32 Y149.348
G1 F1955.6 X143.68 Y148.707 E1843.11311
G0 F15000 X143.68 Y148.012
G1 F1955.6 X144.32 Y147.841 E1843.13515
G0 F15000 X144.09 Y147.841
G0 X144.001 Y141.203
G0 X144 Y140.5
;TYPE:SKIN
G1 F1629.7 X144 Y140.902 E1843.15119
G1 F2400 E1842.65119
G0 F15000 X144 Y141.203
G0 X144.57 Y174.12
G0 X145.665 Y174.12
G0 X154.335 Y174.12
G0 X155.43 Y174.12
G0 X155.91 Y174.12
G0 X155.6 Y174.4
;TYPE:WALL-INNER
G1 F2400 E1843.15119
G1 F1955.6 X156.4 Y174.4 E1843.1778
G1 X156.4 Y140.1 E1844.31862
G1 X155.6 Y140.1 E1844.34523
G1 X155.6 Y174.4 E1845.48605
G0 F15000 X155.2 Y174.8
;TYPE:WALL-OUTER
G1 F1955.6 X156.8 Y174.8 E1845.53927
G1 X156.8 Y139.7 E1846.7067
G1 X155.2 Y139.7 E1846.75992
G1 X155.2 Y174.8 E1847.92735
G0 F15000 X155.48 Y174.52
G0 X155.91 Y173.442
G0 X155.681 Y173.442
;TYPE:FILL
G1 F1955.6 X156.32 Y171.056 E1848.0095
G0 F15000 X156.09 Y171.056
G0 X155.91 Y172.021
G0 X155.679 Y172.021
G1 F1955.6 X156.32 Y172.661 E1848.03963
G0 F15000 X156.09 Y172.661
G0 X155.91 Y169.643
G0 X155.681 Y169.643
G1 F1955.6 X156.319 Y169.472 E1848.0616
G0 F15000 X156.09 Y169.472
G0 X156.09 Y161.348
G0 X156.32 Y161.348
G1 F1955.6 X155.679 Y160.707 E1848.09175
G0 F15000 X155.68 Y161.361
G1 F1955.6 X156.319 Y161.19 E1848.11375
G0 F15000 X156.09 Y161.19
G0 X155.91 Y153.079
G0 X155.68 Y153.079
G1 F1955.6 X156.32 Y152.908 E1848.13578
G0 F15000 X156.09 Y152.908
G0 X156.09 Y150.034
G0 X156.32 Y150.034
G1 F1955.6 X155.679 Y149.393 E1848.16593
G0 F15000 X155.91 Y149.393
G0 X155.91 Y144.797
G0 X155.68 Y144.797
G1 F1955.6 X156.32 Y144.625 E1848.18798
G0 F15000 X156.09 Y144.625
G0 X155.91 Y142.536
G0 X155.68 Y142.536
G1 F1955.6 X156.096 Y140.982 E1848.24148
G0 F15000 X156 Y140.5
;TYPE:SKIN
G1 F1629.7 X156 Y140.902 E1848.25753
G1 F2400 E1847.75753
;MESH:NONMESH
G0 F300 X156 Y140.902 Z17.8
G0 F15000 X156 Y141.203
G0 X155.43 Y174.12
G0 X154.335 Y174.12
G0 X145.665 Y174.12
G0 X144.57 Y174.12
G0 X144.09 Y174.12
G0 X144.4 Y174.4
;TIME_ELAPSED:2623.868341
;LAYER:88
;note -- min layer time used
;TYPE:WALL-INNER
;MESH:Limiter bracket.stl
G1 F2400 E1848.25753
G1 F1938.1 X144.4 Y140.3 E1849.3917
G1 X143.6 Y140.3 E1849.4183
G1 X143.6 Y174.4 E1850.55248
G1 X144.4 Y174.4 E1850.57908
G0 F15000 X144.8 Y174.8
;TYPE:WALL-OUTER
G1 F1938.1 X144.8 Y139.9 E1851.73986
G1 X143.2 Y139.9 E1851.79308
G1 X143.2 Y174.8 E1852.95386
G1 X144.8 Y174.8 E1853.00707
G0 F15000 X144.52 Y174.52
G0 X144.09 Y172.834
G0 X144.319 Y172.834
;TYPE:FILL
G1 F1938.1 X143.681 Y173.005 E1853.02904
G0 F15000 X143.91 Y173.005
G0 X144.09 Y171.776
G0 X144.32 Y171.776
G1 F1938.1 X143.68 Y171.135 E1853.05917
G0 F15000 X143.91 Y171.135
G0 X143.91 Y164.723
G0 X143.68 Y164.723
G1 F1938.1 X144.32 Y164.551 E1853.08121
G0 F15000 X144.09 Y164.551
G0 X144.09 Y160.462
G0 X144.32 Y160.462
G1 F1938.1 X143.68 Y159.822 E1853.11132
G0 F15000 X143.91 Y159.822
G0 X143.91 Y156.44
G0 X143.681 Y156.44
G1 F1938.1 X144.32 Y156.269 E1853.13332
G0 F15000 X143.68 Y155.863
G1 F1938.1 X144.32 Y153.476 E1853.21551
G0 F15000 X144.09 Y153.476
G0 X144.09 Y149.149
G0 X144.32 Y149.149
G1 F1938.1 X143.68 Y148.508 E1853.24564
G0 F15000 X143.68 Y148.158
G1 F1938.1 X144.319 Y147.987 E1853.26764
G0 F15000 X144.09 Y147.987
G0 X144.001 Y141.403
G0 X144 Y140.7
;TYPE:SKIN
G1 F1615.1 X144 Y141.102 E1853.28369
G1 F2400 E1852.78369
G0 F15000 X144 Y141.403
G0 X144.57 Y174.12
G0 X145.665 Y174.12
G0 X154.335 Y174.12
G0 X155.43 Y174.12
G0 X155.91 Y174.12
G0 X155.6 Y174.4
;TYPE:WALL-INNER
G1 F2400 E1853.28369
G1 F1938.1 X156.4 Y174.4 E1853.31029
G1 X156.4 Y140.3 E1854.44446
G1 X155.6 Y140.3 E1854.47107
G1 X155.6 Y174.4 E1855.60524
G0 F15000 X155.2 Y174.8
;TYPE:WALL-OUTER
G1 F1938.1 X156.8 Y174.8 E1855.65846
G1 X156.8 Y139.9 E1856.81924
G1 X155.2 Y139.9 E1856.87245
G1 X155.2 Y174.8 E1858.03323
G0 F15000 X155.48 Y174.52
G0 X155.91 Y172.897
G0 X155.681 Y172.897
;TYPE:FILL
G1 F1938.1 X156.32 Y170.512 E1858.11536
G0 F15000 X156.32 Y169.618
G1 F1938.1 X155.68 Y169.789 E1858.13739
G0 F15000 X155.91 Y169.789
G0 X155.91 Y171.822
G0 X155.68 Y171.822
G1 F1938.1 X156.32 Y172.462 E1858.16749
G0 F15000 X156.09 Y172.462
G0 X155.91 Y161.507
G0 X155.68 Y161.507
G1 F1938.1 X156.319 Y161.336 E1858.18949
G1 X156.32 Y161.148
G1 X155.68 Y160.508 E1858.2196
G0 F15000 X155.91 Y160.508
G0 X155.91 Y153.225
G0 X155.68 Y153.225
G1 F1938.1 X156.32 Y153.054 E1858.24163
G0 F15000 X156.09 Y153.054
G0 X156.09 Y149.835
G0 X156.32 Y149.835
G1 F1938.1 X155.68 Y149.195 E1858.27173
G0 F15000 X155.91 Y149.195
G0 X155.91 Y144.943
G0 X155.68 Y144.943
G1 F1938.1 X156.319 Y144.772 E1858.29374
G0 F15000 X156.09 Y144.772
G0 X155.91 Y141.989
G0 X155.68 Y141.989
G1 F1938.1 X155.897 Y141.182 E1858.32153
G0 F15000 X156 Y140.7
;TYPE:SKIN
G1 F1615.1 X156 Y141.102 E1858.33757
G1 F2400 E1857.83757
;MESH:NONMESH
G0 F300 X156 Y141.102 Z18
G0 F15000 X156 Y141.403
G0 X155.43 Y174.12
G0 X154.335 Y174.12
G0 X145.665 Y174.12
G0 X144.57 Y174.12
G0 X144.09 Y174.12
G0 X144.4 Y174.4
;TIME_ELAPSED:2639.750924
;LAYER:89
;note -- min layer time used
;TYPE:WALL-INNER
;MESH:Limiter bracket.stl
G1 F2400 E1858.33757
G1 F1920.9 X144.4 Y140.5 E1859.46509
G1 X143.6 Y140.5 E1859.4917
G1 X143.6 Y174.4 E1860.61922
G1 X144.4 Y174.4 E1860.64583
G0 F15000 X144.8 Y174.8
;TYPE:WALL-OUTER
G1 F1920.9 X144.8 Y140.1 E1861.79995
G1 X143.2 Y140.1 E1861.85317
G1 X143.2 Y174.8 E1863.0073
G1 X144.8 Y174.8 E1863.06051
G0 F15000 X144.52 Y174.52
G0 X144.09 Y172.98
G0 X144.319 Y172.98
;TYPE:FILL
G1 F1920.9 X143.68 Y173.151 E1863.08251
G0 F15000 X143.91 Y173.151
G0 X144.09 Y171.577
G0 X144.32 Y171.577
G1 F1920.9 X143.68 Y170.936 E1863.11264
G0 F15000 X143.91 Y170.936
G0 X143.91 Y164.868
G0 X143.681 Y164.868
G1 F1920.9 X144.319 Y164.697 E1863.13461
G0 F15000 X144.09 Y164.697
G0 X144.09 Y160.263
G0 X144.32 Y160.263
G1 F1920.9 X143.68 Y159.622 E1863.16474
G0 F15000 X143.91 Y159.622
G0 X143.91 Y156.586
G0 X143.68 Y156.586
G1 F1920.9 X144.32 Y156.415 E1863.18677
G0 F15000 X144.09 Y156.415
G0 X143.91 Y155.319
G0 X143.68 Y155.319
G1 F1920.9 X144.32 Y152.931 E1863.269
G0 F15000 X144.09 Y152.931
G0 X144.09 Y148.949
G0 X144.32 Y148.949
G1 F1920.9 X143.68 Y148.309 E1863.2991
G1 X143.681 Y148.304
G1 X144.319 Y148.133 E1863.32107
G0 F15000 X144.09 Y148.133
G0 X144.001 Y141.603
G0 X144 Y140.9
;TYPE:SKIN
G1 F1600.7 X144 Y141.302 E1863.33712
G1 F2400 E1862.83712
G0 F15000 X144 Y141.603
G0 X144.57 Y174.12
G0 X145.665 Y174.12
G0 X154.335 Y174.12
G0 X155.43 Y174.12
G0 X155.91 Y174.12
G0 X155.6 Y174.4
;TYPE:WALL-INNER
G1 F2400 E1863.33712
G1 F1920.9 X156.4 Y174.4 E1863.36372
G1 X156.4 Y140.5 E1864.49124
G1 X155.6 Y140.5 E1864.51785
G1 X155.6 Y174.4 E1865.64537
G0 F15000 X155.2 Y174.8
;TYPE:WALL-OUTER
G1 F1920.9 X156.8 Y174.8 E1865.69859
G1 X156.8 Y140.1 E1866.85271
G1 X155.2 Y140.1 E1866.90593
G1 X155.2 Y174.8 E1868.06006
G0 F15000 X155.48 Y174.52
G0 X155.91 Y172.353
G0 X155.68 Y172.353
;TYPE:FILL
G1 F1920.9 X156.32 Y169.966 E1868.14225
G0 F15000 X156.32 Y169.764
G1 F1920.9 X155.68 Y169.935 E1868.16428
G0 F15000 X155.91 Y169.935
G0 X155.91 Y171.623
G0 X155.68 Y171.623
G1 F1920.9 X156.32 Y172.263 E1868.19439
G0 F15000 X156.09 Y172.263
G0 X155.91 Y161.653
G0 X155.681 Y161.653
G1 F1920.9 X156.319 Y161.482 E1868.21636
G0 F15000 X156.32 Y160.949
G1 F1920.9 X155.68 Y160.309 E1868.24646
G0 F15000 X155.91 Y160.309
G0 X155.91 Y153.371
G0 X155.681 Y153.371
G1 F1920.9 X156.319 Y153.2 E1868.26843
G0 F15000 X156.09 Y153.2
G0 X156.09 Y149.635
G0 X156.32 Y149.635
G1 F1920.9 X155.68 Y148.995 E1868.29853
G0 F15000 X155.91 Y148.995
G0 X155.91 Y145.089
G0 X155.68 Y145.089
G1 F1920.9 X156.319 Y144.918 E1868.32053
G0 F15000 X156.09 Y144.918
G0 X156.001 Y141.603
G0 X156 Y140.9
;TYPE:SKIN
G1 F1600.7 X156 Y141.302 E1868.33658
G1 F2400 E1867.83658
;MESH:NONMESH
G0 F300 X156 Y141.302 Z18.2
G0 F15000 X156 Y141.603
G0 X155.43 Y174.12
G0 X154.335 Y174.12
G0 X145.665 Y174.12
G0 X144.57 Y174.12
G0 X144.09 Y174.12
G0 X144.4 Y174.4
;TIME_ELAPSED:2655.561285
;LAYER:90
;note -- min layer time used
;TYPE:WALL-INNER
;MESH:Limiter bracket.stl
G1 F2400 E1868.33658
G1 F1907.8 X144.4 Y140.7 E1869.45745
G1 X143.6 Y140.7 E1869.48405
G1 X143.6 Y174.4 E1870.60492
G1 X144.4 Y174.4 E1870.63153
G0 F15000 X144.8 Y174.8
;TYPE:WALL-OUTER
G1 F1907.8 X144.8 Y140.3 E1871.779
G1 X143.2 Y140.3 E1871.83222
G1 X143.2 Y174.8 E1872.97969
G1 X144.8 Y174.8 E1873.03291
G0 F15000 X144.52 Y174.52
G0 X144.09 Y173.127
G0 X144.319 Y173.127
;TYPE:FILL
G1 F1907.8 X143.681 Y173.298 E1873.05488
G0 F15000 X143.91 Y173.298
G0 X144.09 Y171.376
G0 X144.32 Y171.376
G1 F1907.8 X143.68 Y170.735 E1873.08501
G0 F15000 X143.91 Y170.735
G0 X143.91 Y165.015
G0 X143.681 Y165.015
G1 F1907.8 X144.319 Y164.844 E1873.10698
G0 F15000 X144.09 Y164.844
G0 X144.09 Y160.062
G0 X144.32 Y160.062
G1 F1907.8 X143.68 Y159.421 E1873.1371
G0 F15000 X143.91 Y159.421
G0 X143.91 Y156.733
G0 X143.68 Y156.733
G1 F1907.8 X144.319 Y156.562 E1873.1591
G0 F15000 X144.09 Y156.562
G0 X143.91 Y154.77
G0 X143.68 Y154.77
G1 F1907.8 X144.32 Y152.382 E1873.24133
G0 F15000 X144.09 Y152.382
G0 X144.09 Y148.748
G0 X144.32 Y148.748
G1 F1907.8 X143.68 Y148.108 E1873.27144
G0 F15000 X143.681 Y148.451
G1 F1907.8 X144.319 Y148.28 E1873.2934
G0 F15000 X144.09 Y148.28
G0 X144.001 Y141.803
G0 X144 Y141.1
;TYPE:SKIN
G1 F1589.8 X144 Y141.502 E1873.30945
G1 F2400 E1872.80945
G0 F15000 X144 Y141.803
G0 X144.57 Y174.12
G0 X145.665 Y174.12
G0 X154.335 Y174.12
G0 X155.43 Y174.12
G0 X155.91 Y174.12
G0 X155.6 Y174.4
;TYPE:WALL-INNER
G1 F2400 E1873.30945
G1 F1907.8 X156.4 Y174.4 E1873.33606
G1 X156.4 Y140.7 E1874.45692
G1 X155.6 Y140.7 E1874.48353
G1 X155.6 Y174.4 E1875.6044
G0 F15000 X155.2 Y174.8
;TYPE:WALL-OUTER
G1 F1907.8 X156.8 Y174.8 E1875.65761
G1 X156.8 Y140.3 E1876.80509
G1 X155.2 Y140.3 E1876.85831
G1 X155.2 Y174.8 E1878.00578
G0 F15000 X155.48 Y174.52
G0 X156.09 Y172.062
G0 X156.32 Y172.062
;TYPE:FILL
G1 F1907.8 X155.68 Y171.422 E1878.03588
G0 F15000 X155.68 Y171.804
G1 F1907.8 X156.32 Y169.417 E1878.11808
G0 F15000 X156.32 Y169.911
G1 F1907.8 X155.68 Y170.082 E1878.14011
G0 F15000 X155.91 Y170.082
G0 X155.91 Y161.8
G0 X155.681 Y161.8
G1 F1907.8 X156.319 Y161.629 E1878.16208
G0 F15000 X156.32 Y160.748
G1 F1907.8 X155.68 Y160.108 E1878.19219
G0 F15000 X155.91 Y160.108
G0 X155.91 Y153.518
G0 X155.681 Y153.518
G1 F1907.8 X156.32 Y153.347 E1878.21419
G0 F15000 X156.09 Y153.347
G0 X156.09 Y149.434
G0 X156.32 Y149.434
G1 F1907.8 X155.68 Y148.794 E1878.24429
G0 F15000 X155.91 Y148.794
G0 X155.91 Y145.236
G0 X155.68 Y145.236
G1 F1907.8 X156.319 Y145.065 E1878.26629
G0 F15000 X156.09 Y145.065
G0 X156.001 Y141.803
G0 X156 Y141.1
;TYPE:SKIN
G1 F1589.8 X156 Y141.502 E1878.28234
G1 F2400 E1877.78234
;MESH:NONMESH
G0 F300 X156 Y141.502 Z18.4
G0 F15000 X156 Y141.803
G0 X155.43 Y174.12
G0 X154.335 Y174.12
G0 X145.665 Y174.12
G0 X144.57 Y174.12
G0 X144.09 Y174.12
G0 X144.4 Y174.4
;TIME_ELAPSED:2671.338126
;LAYER:91
;note -- min layer time used
;TYPE:WALL-INNER
;MESH:Limiter bracket.stl
G1 F2400 E1878.28234
G1 F1899 X144.4 Y140.9 E1879.39655
G1 X143.6 Y140.9 E1879.42316
G1 X143.6 Y174.4 E1880.53737
G1 X144.4 Y174.4 E1880.56398
G0 F15000 X144.8 Y174.8
;TYPE:WALL-OUTER
G1 F1899 X144.8 Y140.5 E1881.7048
G1 X143.2 Y140.5 E1881.75802
G1 X143.2 Y174.8 E1882.89884
G1 X144.8 Y174.8 E1882.95206
G0 F15000 X144.52 Y174.52
G0 X144.09 Y173.272
G0 X144.32 Y173.272
;TYPE:FILL
G1 F1899 X143.68 Y173.444 E1882.9741
G0 F15000 X143.91 Y173.444
G0 X144.09 Y171.176
G0 X144.32 Y171.176
G1 F1899 X143.68 Y170.536 E1883.0042
G0 F15000 X143.91 Y170.536
G0 X143.91 Y165.161
G0 X143.681 Y165.161
G1 F1899 X144.319 Y164.99 E1883.02617
G0 F15000 X144.09 Y164.99
G0 X144.09 Y159.863
G0 X144.32 Y159.863
G1 F1899 X143.68 Y159.222 E1883.0563
G0 F15000 X143.91 Y159.222
G0 X143.91 Y156.879
G0 X143.68 Y156.879
G1 F1899 X144.32 Y156.708 E1883.07833
G0 F15000 X144.09 Y156.708
G0 X143.91 Y154.226
G0 X143.68 Y154.226
G1 F1899 X144.32 Y151.839 E1883.16053
G0 F15000 X144.09 Y151.839
G0 X144.09 Y148.549
G0 X144.32 Y148.549
G1 F1899 X143.68 Y147.908 E1883.19066
G0 F15000 X143.681 Y148.597
G1 F1899 X144.32 Y148.426 E1883.21266
G0 F15000 X144.09 Y148.426
G0 X144.001 Y142.003
G0 X144 Y141.3
;TYPE:SKIN
G1 F1582.5 X144 Y141.702 E1883.2287
G1 F2400 E1882.7287
G0 F15000 X144 Y142.003
G0 X144.57 Y174.12
G0 X145.665 Y174.12
G0 X154.335 Y174.12
G0 X155.43 Y174.12
G0 X155.91 Y174.12
G0 X155.6 Y174.4
;TYPE:WALL-INNER
G1 F2400 E1883.2287
G1 F1899 X156.4 Y174.4 E1883.25531
G1 X156.4 Y140.9 E1884.36953
G1 X155.6 Y140.9 E1884.39613
G1 X155.6 Y174.4 E1885.51035
G0 F15000 X155.2 Y174.8
;TYPE:WALL-OUTER
G1 F1899 X156.8 Y174.8 E1885.56356
G1 X156.8 Y140.5 E1886.70439
G1 X155.2 Y140.5 E1886.7576
G1 X155.2 Y174.8 E1887.89843
G0 F15000 X155.48 Y174.52
G0 X156.09 Y171.862
G0 X156.32 Y171.862
;TYPE:FILL
G1 F1899 X155.68 Y171.222 E1887.92853
G1 X155.68 Y171.26
G1 X156.32 Y168.874 E1888.01069
G0 F15000 X156.09 Y168.874
G0 X156.09 Y170.057
G0 X156.319 Y170.057
G1 F1899 X155.68 Y170.228 E1888.03269
G0 F15000 X155.91 Y170.228
G0 X155.91 Y161.946
G0 X155.68 Y161.946
G1 F1899 X156.32 Y161.775 E1888.05473
G0 F15000 X156.09 Y161.775
G0 X156.09 Y160.549
G0 X156.32 Y160.549
G1 F1899 X155.68 Y159.909 E1888.08483
G0 F15000 X155.91 Y159.909
G0 X155.91 Y153.664
G0 X155.681 Y153.664
G1 F1899 X156.319 Y153.493 E1888.1068
G0 F15000 X156.09 Y153.493
G0 X156.09 Y149.235
G0 X156.32 Y149.235
G1 F1899 X155.68 Y148.595 E1888.1369
G0 F15000 X155.91 Y148.595
G0 X155.91 Y145.382
G0 X155.68 Y145.382
G1 F1899 X156.32 Y145.21 E1888.15895
G0 F15000 X156.09 Y145.21
G0 X156.001 Y142.003
G0 X156 Y141.3
;TYPE:SKIN
G1 F1582.5 X156 Y141.702 E1888.17499
G1 F2400 E1887.67499
;MESH:NONMESH
G0 F300 X156 Y141.702 Z18.6
G0 F15000 X156 Y142.003
G0 X155.43 Y174.12
G0 X154.335 Y174.12
G0 X145.665 Y174.12
G0 X144.57 Y174.12
G0 X144.09 Y174.12
G0 X144.4 Y174.4
;TIME_ELAPSED:2687.236171
;LAYER:92
;note -- min layer time used
;TYPE:WALL-INNER
;MESH:Limiter bracket.stl
G1 F2400 E1888.17499
G1 F1888 X144.4 Y141.1 E1889.28255
G1 X143.6 Y141.1 E1889.30916
G1 X143.6 Y174.4 E1890.41672
G1 X144.4 Y174.4 E1890.44333
G0 F15000 X144.8 Y174.8
;TYPE:WALL-OUTER
G1 F1888 X144.8 Y140.7 E1891.5775
G1 X143.2 Y140.7 E1891.63072
G1 X143.2 Y174.8 E1892.76489
G1 X144.8 Y174.8 E1892.81811
G0 F15000 X144.52 Y174.52
G0 X144.09 Y173.419
G0 X144.32 Y173.419
;TYPE:FILL
G1 F1888 X143.68 Y173.591 E1892.84015
G0 F15000 X143.91 Y173.591
G0 X144.09 Y170.976
G0 X144.32 Y170.976
G1 F1888 X143.68 Y170.335 E1892.87027
G0 F15000 X143.91 Y170.335
G0 X143.91 Y165.308
G0 X143.681 Y165.308
G1 F1888 X144.319 Y165.137 E1892.89224
G0 F15000 X144.09 Y165.137
G0 X144.09 Y159.662
G0 X144.32 Y159.662
G1 F1888 X143.68 Y159.021 E1892.92237
G0 F15000 X143.91 Y159.021
G0 X143.91 Y157.026
G0 X143.68 Y157.026
G1 F1888 X144.32 Y156.855 E1892.9444
G0 F15000 X144.09 Y156.855
G0 X143.91 Y153.678
G0 X143.68 Y153.678
G1 F1888 X144.32 Y151.29 E1893.02663
G0 F15000 X144.09 Y151.29
G0 X143.91 Y148.744
G0 X143.681 Y148.744
G1 F1888 X144.32 Y148.573 E1893.04863
G0 F15000 X144.32 Y148.348
G1 F1888 X143.68 Y147.708 E1893.07874
G0 F15000 X143.91 Y147.708
G0 X144.001 Y142.203
G0 X144 Y141.5
;TYPE:SKIN
G1 F1573.3 X144 Y141.902 E1893.09478
G1 F2400 E1892.59478
G0 F15000 X144 Y142.203
G0 X144.57 Y174.12
G0 X145.665 Y174.12
G0 X154.335 Y174.12
G0 X155.43 Y174.12
G0 X155.91 Y174.12
G0 X155.6 Y174.4
;TYPE:WALL-INNER
G1 F2400 E1893.09478
G1 F1888 X156.4 Y174.4 E1893.12139
G1 X156.4 Y141.1 E1894.22895
G1 X155.6 Y141.1 E1894.25556
G1 X155.6 Y174.4 E1895.36312
G0 F15000 X155.2 Y174.8
;TYPE:WALL-OUTER
G1 F1888 X156.8 Y174.8 E1895.41634
G1 X156.8 Y140.7 E1896.55051
G1 X155.2 Y140.7 E1896.60373
G1 X155.2 Y174.8 E1897.7379
G0 F15000 X155.48 Y174.52
G0 X156.09 Y171.661
G0 X156.32 Y171.661
;TYPE:FILL
G1 F1888 X155.68 Y171.022 E1897.76798
G0 F15000 X155.68 Y170.711
G1 F1888 X156.32 Y168.324 E1897.85017
G0 F15000 X156.09 Y168.324
G0 X156.09 Y170.204
G0 X156.32 Y170.204
G1 F1888 X155.68 Y170.375 E1897.87221
G0 F15000 X155.91 Y170.375
G0 X155.91 Y162.093
G0 X155.68 Y162.093
G1 F1888 X156.32 Y161.922 E1897.89424
G0 F15000 X156.09 Y161.922
G0 X156.09 Y160.348
G0 X156.32 Y160.348
G1 F1888 X155.68 Y159.708 E1897.92434
G0 F15000 X155.91 Y159.708
G0 X155.91 Y153.811
G0 X155.68 Y153.811
G1 F1888 X156.319 Y153.64 E1897.94634
G0 F15000 X156.09 Y153.64
G0 X156.09 Y149.034
G0 X156.32 Y149.034
G1 F1888 X155.68 Y148.394 E1897.97645
G0 F15000 X155.91 Y148.394
G0 X155.91 Y145.529
G0 X155.68 Y145.529
G1 F1888 X156.32 Y145.357 E1897.99849
G0 F15000 X156.09 Y145.357
G0 X156.001 Y142.203
G0 X156 Y141.5
;TYPE:SKIN
G1 F1573.3 X156 Y141.902 E1898.01453
G1 F2400 E1897.51453
;MESH:NONMESH
G0 F300 X156 Y141.902 Z18.8
G0 F15000 X156 Y142.203
G0 X155.43 Y174.12
G0 X154.335 Y174.12
G0 X145.665 Y174.12
G0 X144.57 Y174.12
G0 X144.09 Y174.12
G0 X144.4 Y174.4
;TIME_ELAPSED:2703.134611
;LAYER:93
;note -- min layer time used
;TYPE:WALL-INNER
;MESH:Limiter bracket.stl
G1 F2400 E1898.01453
G1 F1873.8 X144.4 Y141.3 E1899.11544
G1 X143.6 Y141.3 E1899.14205
G1 X143.6 Y174.4 E1900.24296
G1 X144.4 Y174.4 E1900.26957
G0 F15000 X144.8 Y174.8
;TYPE:WALL-OUTER
G1 F1873.8 X144.8 Y140.9 E1901.39709
G1 X143.2 Y140.9 E1901.45031
G1 X143.2 Y174.8 E1902.57782
G1 X144.8 Y174.8 E1902.63104
G0 F15000 X144.52 Y174.52
G0 X144.09 Y173.565
G0 X144.32 Y173.565
;TYPE:FILL
G1 F1873.8 X143.68 Y173.737 E1902.65308
G0 F15000 X143.91 Y173.737
G0 X144.09 Y170.776
G0 X144.32 Y170.776
G1 F1873.8 X143.68 Y170.136 E1902.68319
G0 F15000 X143.91 Y170.136
G0 X143.91 Y165.454
G0 X143.681 Y165.454
G1 F1873.8 X144.319 Y165.283 E1902.70515
G0 F15000 X144.09 Y165.283
G0 X144.09 Y159.462
G0 X144.32 Y159.462
G1 F1873.8 X143.68 Y158.822 E1902.73526
G0 F15000 X143.91 Y158.822
G0 X143.91 Y157.172
G0 X143.681 Y157.172
G1 F1873.8 X144.319 Y157.001 E1902.75723
G0 F15000 X144.09 Y157.001
G0 X143.91 Y153.132
G0 X143.68 Y153.132
G1 F1873.8 X144.32 Y150.744 E1902.83946
G0 F15000 X144.09 Y150.744
G0 X143.91 Y148.89
G0 X143.68 Y148.89
G1 F1873.8 X144.32 Y148.719 E1902.86149
G0 F15000 X144.32 Y148.149
G1 F1873.8 X143.68 Y147.508 E1902.89162
G0 F15000 X143.91 Y147.508
G0 X144.001 Y142.403
G0 X144 Y141.7
;TYPE:SKIN
G1 F1561.5 X144 Y142.102 E1902.90766
G1 F2400 E1902.40766
G0 F15000 X144 Y142.403
G0 X144.57 Y174.12
G0 X145.665 Y174.12
G0 X154.335 Y174.12
G0 X155.43 Y174.12
G0 X155.91 Y174.12
G0 X155.6 Y174.4
;TYPE:WALL-INNER
G1 F2400 E1902.90766
G1 F1873.8 X156.4 Y174.4 E1902.93427
G1 X156.4 Y141.3 E1904.03518
G1 X155.6 Y141.3 E1904.06179
G1 X155.6 Y174.4 E1905.1627
G0 F15000 X155.2 Y174.8
;TYPE:WALL-OUTER
G1 F1873.8 X156.8 Y174.8 E1905.21591
G1 X156.8 Y140.9 E1906.34343
G1 X155.2 Y140.9 E1906.39665
G1 X155.2 Y174.8 E1907.52417
G0 F15000 X155.48 Y174.52
G0 X156.09 Y171.462
G0 X156.32 Y171.462
;TYPE:FILL
G1 F1873.8 X155.68 Y170.822 E1907.55427
G0 F15000 X155.681 Y170.521
G1 F1873.8 X156.319 Y170.35 E1907.57624
G0 F15000 X155.68 Y170.166
G1 F1873.8 X156.32 Y167.78 E1907.6584
G0 F15000 X156.09 Y167.78
G0 X155.91 Y162.239
G0 X155.68 Y162.239
G1 F1873.8 X156.32 Y162.068 E1907.68044
G0 F15000 X156.09 Y162.068
G0 X156.09 Y160.148
G0 X156.32 Y160.148
G1 F1873.8 X155.68 Y159.508 E1907.71054
G0 F15000 X155.91 Y159.508
G0 X155.91 Y153.957
G0 X155.681 Y153.957
G1 F1873.8 X156.319 Y153.786 E1907.73251
G0 F15000 X156.09 Y153.786
G0 X156.09 Y148.835
G0 X156.32 Y148.835
G1 F1873.8 X155.68 Y148.195 E1907.76261
G0 F15000 X155.91 Y148.195
G0 X155.91 Y145.675
G0 X155.681 Y145.675
G1 F1873.8 X156.32 Y145.503 E1907.78462
G0 F15000 X156.09 Y145.503
G0 X156.001 Y142.403
G0 X156 Y141.7
;TYPE:SKIN
G1 F1561.5 X156 Y142.102 E1907.80067
G1 F2400 E1907.30067
;MESH:NONMESH
G0 F300 X156 Y142.102 Z19
G0 F15000 X156 Y142.403
G0 X155.43 Y174.12
G0 X154.335 Y174.12
G0 X145.665 Y174.12
G0 X144.57 Y174.12
G0 X144.09 Y174.12
G0 X144.4 Y174.4
;TIME_ELAPSED:2718.906576
;LAYER:94
;note -- min layer time used
;TYPE:WALL-INNER
;MESH:Limiter bracket.stl
G1 F2400 E1907.80067
G1 F1863.4 X144.4 Y141.5 E1908.89493
G1 X143.6 Y141.5 E1908.92153
G1 X143.6 Y174.4 E1910.01579
G1 X144.4 Y174.4 E1910.0424
G0 F15000 X144.8 Y174.8
;TYPE:WALL-OUTER
G1 F1863.4 X144.8 Y141.1 E1911.16327
G1 X143.2 Y141.1 E1911.21648
G1 X143.2 Y174.8 E1912.33735
G1 X144.8 Y174.8 E1912.39057
G0 F15000 X144.52 Y174.52
G0 X144.09 Y173.712
G0 X144.32 Y173.712
;TYPE:FILL
G1 F1863.4 X143.68 Y173.884 E1912.41261
G0 F15000 X143.91 Y173.884
G0 X144.09 Y170.575
G0 X144.32 Y170.575
G1 F1863.4 X143.68 Y169.935 E1912.44271
G0 F15000 X143.91 Y169.935
G0 X143.91 Y165.601
G0 X143.681 Y165.601
G1 F1863.4 X144.319 Y165.43 E1912.46468
G0 F15000 X144.09 Y165.43
G0 X144.09 Y159.262
G0 X144.32 Y159.262
G1 F1863.4 X143.68 Y158.621 E1912.49481
G0 F15000 X143.91 Y158.621
G0 X143.91 Y157.319
G0 X143.681 Y157.319
G1 F1863.4 X144.319 Y157.148 E1912.51678
G0 F15000 X144.09 Y157.148
G0 X143.91 Y152.582
G0 X143.681 Y152.582
G1 F1863.4 X144.32 Y150.196 E1912.59893
G0 F15000 X144.09 Y150.196
G0 X143.91 Y149.037
G0 X143.68 Y149.037
G1 F1863.4 X144.319 Y148.866 E1912.62093
G0 F15000 X144.32 Y147.948
G1 F1863.4 X143.68 Y147.307 E1912.65106
G0 F15000 X143.91 Y147.307
G0 X144.001 Y142.603
G0 X144 Y141.9
;TYPE:SKIN
G1 F1552.8 X144 Y142.302 E1912.6671
G1 F2400 E1912.1671
G0 F15000 X144 Y142.603
G0 X144.57 Y174.12
G0 X145.665 Y174.12
G0 X154.335 Y174.12
G0 X155.43 Y174.12
G0 X155.91 Y174.12
G0 X155.6 Y174.4
;TYPE:WALL-INNER
G1 F2400 E1912.6671
G1 F1863.4 X156.4 Y174.4 E1912.69371
G1 X156.4 Y141.5 E1913.78797
G1 X155.6 Y141.5 E1913.81458
G1 X155.6 Y174.4 E1914.90884
G0 F15000 X155.2 Y174.8
;TYPE:WALL-OUTER
G1 F1863.4 X156.8 Y174.8 E1914.96205
G1 X156.8 Y141.1 E1916.08292
G1 X155.2 Y141.1 E1916.13614
G1 X155.2 Y174.8 E1917.257
G0 F15000 X155.48 Y174.52
G0 X156.09 Y171.261
G0 X156.32 Y171.261
;TYPE:FILL
G1 F1863.4 X155.679 Y170.621 E1917.28713
G1 X155.681 Y170.668
G1 X156.319 Y170.497 E1917.3091
G0 F15000 X156.09 Y170.497
G0 X155.91 Y169.618
G0 X155.68 Y169.618
G1 F1863.4 X156.32 Y167.231 E1917.3913
G0 F15000 X156.09 Y167.231
G0 X155.91 Y162.386
G0 X155.68 Y162.386
G1 F1863.4 X156.32 Y162.215 E1917.41333
G0 F15000 X156.09 Y162.215
G0 X156.09 Y159.948
G0 X156.32 Y159.948
G1 F1863.4 X155.679 Y159.307 E1917.44348
G0 F15000 X155.91 Y159.307
G0 X155.91 Y154.104
G0 X155.681 Y154.104
G1 F1863.4 X156.319 Y153.933 E1917.46545
G0 F15000 X156.09 Y153.933
G0 X156.09 Y148.634
G0 X156.32 Y148.634
G1 F1863.4 X155.679 Y147.993 E1917.4956
G0 F15000 X155.91 Y147.993
G0 X155.91 Y145.822
G0 X155.68 Y145.822
G1 F1863.4 X156.32 Y145.65 E1917.51764
G0 F15000 X156.09 Y145.65
G0 X156.001 Y142.603
G0 X156 Y141.9
;TYPE:SKIN
G1 F1552.8 X156 Y142.302 E1917.53369
G1 F2400 E1917.03369
;MESH:NONMESH
G0 F300 X156 Y142.302 Z19.2
G0 F15000 X156 Y142.603
G0 X155.43 Y174.12
G0 X154.335 Y174.12
G0 X145.665 Y174.12
G0 X144.57 Y174.12
G0 X144.09 Y174.12
G0 X144.4 Y174.4
;TIME_ELAPSED:2734.679738
;LAYER:95
;note -- min layer time used
;TYPE:WALL-INNER
;MESH:Limiter bracket.stl
G1 F2400 E1917.53369
G1 F1852.7 X144.4 Y141.7 E1918.62129
G1 X143.6 Y141.7 E1918.6479
G1 X143.6 Y174.4 E1919.73551
G1 X144.4 Y174.4 E1919.76211
G0 F15000 X144.8 Y174.8
;TYPE:WALL-OUTER
G1 F1852.7 X144.8 Y141.3 E1920.87633
G1 X143.2 Y141.3 E1920.92955
G1 X143.2 Y174.8 E1922.04376
G1 X144.8 Y174.8 E1922.09698
G0 F15000 X144.52 Y174.52
G0 X144.09 Y173.858
G0 X144.319 Y173.858
;TYPE:FILL
G1 F1852.7 X143.681 Y174.03 E1922.11895
G0 F15000 X143.91 Y174.03
G0 X144.09 Y170.376
G0 X144.32 Y170.376
G1 F1852.7 X143.68 Y169.735 E1922.14908
G0 F15000 X143.91 Y169.735
G0 X143.91 Y165.747
G0 X143.68 Y165.747
G1 F1852.7 X144.319 Y165.576 E1922.17108
G0 F15000 X144.09 Y165.576
G0 X144.09 Y159.062
G0 X144.32 Y159.062
G1 F1852.7 X143.68 Y158.422 E1922.20119
G0 F15000 X143.681 Y157.465
G1 F1852.7 X144.319 Y157.294 E1922.22315
G0 F15000 X144.09 Y157.294
G0 X143.91 Y152.04
G0 X143.68 Y152.04
G1 F1852.7 X144.32 Y149.653 E1922.30535
G0 F15000 X144.319 Y149.012
G1 F1852.7 X143.68 Y149.183 E1922.32735
G0 F15000 X143.91 Y149.183
G0 X144.09 Y147.749
G0 X144.32 Y147.749
G1 F1852.7 X143.68 Y147.108 E1922.35748
G0 F15000 X143.91 Y147.108
G0 X144.001 Y142.803
G0 X144 Y142.1
;TYPE:SKIN
G1 F1543.9 X144 Y142.502 E1922.37352
G1 F2400 E1921.87352
G0 F15000 X144 Y142.803
G0 X144.57 Y174.12
G0 X145.665 Y174.12
G0 X154.335 Y174.12
G0 X155.43 Y174.12
G0 X155.91 Y174.12
G0 X155.6 Y174.4
;TYPE:WALL-INNER
G1 F2400 E1922.37352
G1 F1852.7 X156.4 Y174.4 E1922.40013
G1 X156.4 Y141.7 E1923.48774
G1 X155.6 Y141.7 E1923.51435
G1 X155.6 Y174.4 E1924.60195
G0 F15000 X155.2 Y174.8
;TYPE:WALL-OUTER
G1 F1852.7 X156.8 Y174.8 E1924.65517
G1 X156.8 Y141.3 E1925.76938
G1 X155.2 Y141.3 E1925.8226
G1 X155.2 Y174.8 E1926.93681
G0 F15000 X155.48 Y174.52
G0 X156.09 Y171.062
G0 X156.32 Y171.062
;TYPE:FILL
G1 F1852.7 X155.68 Y170.422 E1926.96692
G0 F15000 X155.681 Y170.814
G1 F1852.7 X156.319 Y170.643 E1926.98889
G0 F15000 X156.09 Y170.643
G0 X155.91 Y169.072
G0 X155.681 Y169.072
G1 F1852.7 X156.32 Y166.686 E1927.07104
G0 F15000 X156.09 Y166.686
G0 X155.91 Y162.532
G0 X155.68 Y162.532
G1 F1852.7 X156.32 Y162.361 E1927.09308
G0 F15000 X156.09 Y162.361
G0 X156.09 Y159.748
G0 X156.32 Y159.748
G1 F1852.7 X155.68 Y159.108 E1927.12318
G0 F15000 X155.91 Y159.108
G0 X155.91 Y154.25
G0 X155.68 Y154.25
G1 F1852.7 X156.32 Y154.079 E1927.14521
G0 F15000 X156.09 Y154.079
G0 X156.09 Y148.434
G0 X156.32 Y148.434
G1 F1852.7 X155.68 Y147.795 E1927.17529
G0 F15000 X155.91 Y147.795
G0 X155.91 Y145.968
G0 X155.681 Y145.968
G1 F1852.7 X156.319 Y145.796 E1927.19727
G0 F15000 X156.09 Y145.796
G0 X156.001 Y142.803
G0 X156 Y142.1
;TYPE:SKIN
G1 F1543.9 X156 Y142.502 E1927.21331
G1 F2400 E1926.71331
;MESH:NONMESH
G0 F300 X156 Y142.502 Z19.4
G0 F15000 X156 Y142.803
G0 X155.43 Y174.12
G0 X154.335 Y174.12
G0 X145.665 Y174.12
G0 X144.57 Y174.12
G0 X144.09 Y174.12
G0 X144.4 Y174.4
;TIME_ELAPSED:2750.436952
;LAYER:96
;note -- min layer time used
;TYPE:WALL-INNER
;MESH:Limiter bracket.stl
G1 F2400 E1927.21331
G1 F1841.9 X144.4 Y141.9 E1928.29427
G1 X143.6 Y141.9 E1928.32088
G1 X143.6 Y174.4 E1929.40183
G1 X144.4 Y174.4 E1929.42844
G0 F15000 X144.8 Y174.8
;TYPE:WALL-OUTER
G1 F1841.9 X144.8 Y141.5 E1930.536
G1 X143.2 Y141.5 E1930.58922
G1 X143.2 Y174.8 E1931.69678
G1 X144.8 Y174.8 E1931.75
G0 F15000 X144.319 Y174.004
;TYPE:FILL
G1 F1841.9 X143.681 Y174.176 E1931.77197
G0 F15000 X143.91 Y174.176
G0 X144.09 Y170.177
G0 X144.32 Y170.177
G1 F1841.9 X143.68 Y169.536 E1931.8021
G0 F15000 X143.91 Y169.536
G0 X143.91 Y165.894
G0 X143.68 Y165.894
G1 F1841.9 X144.32 Y165.722 E1931.82414
G0 F15000 X144.09 Y165.722
G0 X144.09 Y158.863
G0 X144.32 Y158.863
G1 F1841.9 X143.68 Y158.222 E1931.85427
G0 F15000 X143.681 Y157.611
G1 F1841.9 X144.32 Y157.44 E1931.87627
G0 F15000 X144.09 Y157.44
G0 X143.91 Y151.495
G0 X143.68 Y151.495
G1 F1841.9 X144.32 Y149.107 E1931.9585
G1 X144.319 Y149.158
G1 X143.68 Y149.329 E1931.9805
G0 F15000 X143.91 Y149.329
G0 X144.09 Y147.549
G0 X144.32 Y147.549
G1 F1841.9 X143.68 Y146.909 E1932.0106
G0 F15000 X143.91 Y146.909
G0 X144.001 Y143.003
G0 X144 Y142.3
;TYPE:SKIN
G1 F1534.9 X144 Y142.702 E1932.02665
G1 F2400 E1931.52665
G0 F15000 X144 Y143.003
G0 X144.57 Y174.12
G0 X145.665 Y174.12
G0 X154.335 Y174.12
G0 X155.43 Y174.12
G0 X155.91 Y174.12
G0 X155.6 Y174.4
;TYPE:WALL-INNER
G1 F2400 E1932.02665
G1 F1841.9 X156.4 Y174.4 E1932.05326
G1 X156.4 Y141.9 E1933.13421
G1 X155.6 Y141.9 E1933.16082
G1 X155.6 Y174.4 E1934.24177
G0 F15000 X155.2 Y174.8
;TYPE:WALL-OUTER
G1 F1841.9 X156.8 Y174.8 E1934.29499
G1 X156.8 Y141.5 E1935.40255
G1 X155.2 Y141.5 E1935.45577
G1 X155.2 Y174.8 E1936.56333
G0 F15000 X155.48 Y174.52
G0 X155.91 Y170.96
G0 X155.68 Y170.96
;TYPE:FILL
G1 F1841.9 X156.319 Y170.789 E1936.58533
G1 X156.32 Y170.862
G1 X155.68 Y170.223 E1936.61541
G0 F15000 X155.91 Y170.223
G0 X155.91 Y168.528
G0 X155.68 Y168.528
G1 F1841.9 X156.32 Y166.142 E1936.69758
G0 F15000 X156.09 Y166.142
G0 X155.91 Y162.678
G0 X155.68 Y162.678
G1 F1841.9 X156.319 Y162.507 E1936.71958
G0 F15000 X156.09 Y162.507
G0 X156.09 Y159.549
G0 X156.32 Y159.549
G1 F1841.9 X155.68 Y158.909 E1936.74968
G0 F15000 X155.91 Y158.909
G0 X155.91 Y154.396
G0 X155.68 Y154.396
G1 F1841.9 X156.32 Y154.225 E1936.77171
G0 F15000 X156.09 Y154.225
G0 X156.09 Y148.235
G0 X156.32 Y148.235
G1 F1841.9 X155.68 Y147.595 E1936.80182
G0 F15000 X155.91 Y147.595
G0 X155.91 Y146.114
G0 X155.681 Y146.114
G1 F1841.9 X156.319 Y145.942 E1936.8238
G0 F15000 X156.09 Y145.942
G0 X156.001 Y143.003
G0 X156 Y142.3
;TYPE:SKIN
G1 F1534.9 X156 Y142.702 E1936.83984
G1 F2400 E1936.33984
;MESH:NONMESH
G0 F300 X156 Y142.702 Z19.6
G0 F15000 X156 Y143.003
G0 X155.43 Y174.12
G0 X154.335 Y174.12
G0 X145.665 Y174.12
G0 X144.57 Y174.12
G0 X144.09 Y174.12
G0 X144.4 Y174.4
;TIME_ELAPSED:2766.065253
;LAYER:97
;note -- min layer time used
;TYPE:WALL-INNER
;MESH:Limiter bracket.stl
G1 F2400 E1936.83984
G1 F1831.2 X144.4 Y142.1 E1937.91414
G1 X143.6 Y142.1 E1937.94075
G1 X143.6 Y174.4 E1939.01505
G1 X144.4 Y174.4 E1939.04166
G0 F15000 X144.8 Y174.8
;TYPE:WALL-OUTER
G1 F1831.2 X144.8 Y141.7 E1940.14257
G1 X143.2 Y141.7 E1940.19579
G1 X143.2 Y174.8 E1941.2967
G1 X144.8 Y174.8 E1941.34992
G0 F15000 X144.319 Y174.151
;TYPE:FILL
G1 F1831.2 X143.691 Y174.32 E1941.37155
G0 F15000 X143.88 Y174.12
G0 X144.09 Y169.976
G0 X144.32 Y169.976
G1 F1831.2 X143.68 Y169.335 E1941.40167
G0 F15000 X143.91 Y169.335
G0 X143.91 Y166.041
G0 X143.68 Y166.041
G1 F1831.2 X144.32 Y165.869 E1941.42371
G0 F15000 X144.09 Y165.869
G0 X144.09 Y158.662
G0 X144.32 Y158.662
G1 F1831.2 X143.68 Y158.021 E1941.45384
G0 F15000 X143.681 Y157.758
G1 F1831.2 X144.319 Y157.587 E1941.47581
G0 F15000 X144.09 Y157.587
G0 X143.91 Y150.946
G0 X143.68 Y150.946
G1 F1831.2 X144.32 Y148.558 E1941.55804
G0 F15000 X144.319 Y149.305
G1 F1831.2 X143.68 Y149.476 E1941.58004
G0 F15000 X143.91 Y149.476
G0 X144.09 Y147.348
G0 X144.32 Y147.348
G1 F1831.2 X143.68 Y146.708 E1941.61014
G0 F15000 X143.91 Y146.708
G0 X144.001 Y143.203
G0 X144 Y142.5
;TYPE:SKIN
G1 F1526 X144 Y142.902 E1941.62619
G1 F2400 E1941.12619
G0 F15000 X144 Y143.203
G0 X144.57 Y174.12
G0 X145.665 Y174.12
G0 X154.335 Y174.12
G0 X155.43 Y174.12
G0 X155.91 Y174.12
G0 X155.6 Y174.4
;TYPE:WALL-INNER
G1 F2400 E1941.62619
G1 F1831.2 X156.4 Y174.4 E1941.6528
G1 X156.4 Y142.1 E1942.7271
G1 X155.6 Y142.1 E1942.75371
G1 X155.6 Y174.4 E1943.82801
G0 F15000 X155.2 Y174.8
;TYPE:WALL-OUTER
G1 F1831.2 X156.8 Y174.8 E1943.88123
G1 X156.8 Y141.7 E1944.98214
G1 X155.2 Y141.7 E1945.03535
G1 X155.2 Y174.8 E1946.13626
G0 F15000 X155.48 Y174.52
G0 X155.91 Y171.107
G0 X155.681 Y171.107
;TYPE:FILL
G1 F1831.2 X156.319 Y170.936 E1946.15823
G0 F15000 X156.32 Y170.662
G1 F1831.2 X155.68 Y170.022 E1946.18834
G0 F15000 X155.91 Y170.022
G0 X155.91 Y167.98
G0 X155.68 Y167.98
G1 F1831.2 X156.32 Y165.593 E1946.27053
G0 F15000 X156.09 Y165.593
G0 X155.91 Y162.825
G0 X155.681 Y162.825
G1 F1831.2 X156.319 Y162.654 E1946.2925
G0 F15000 X156.09 Y162.654
G0 X156.09 Y159.348
G0 X156.32 Y159.348
G1 F1831.2 X155.68 Y158.708 E1946.3226
G0 F15000 X155.91 Y158.708
G0 X155.91 Y154.543
G0 X155.68 Y154.543
G1 F1831.2 X156.32 Y154.372 E1946.34464
G0 F15000 X156.09 Y154.372
G0 X156.09 Y148.034
G0 X156.32 Y148.034
G1 F1831.2 X155.68 Y147.394 E1946.37474
G0 F15000 X155.91 Y147.394
G0 X155.91 Y146.261
G0 X155.681 Y146.261
G1 F1831.2 X156.319 Y146.089 E1946.39672
G0 F15000 X156.09 Y146.089
G0 X156.001 Y143.203
G0 X156 Y142.5
;TYPE:SKIN
G1 F1526 X156 Y142.902 E1946.41276
G1 F2400 E1945.91276
;MESH:NONMESH
G0 F300 X156 Y142.902 Z19.8
G0 F15000 X156 Y143.203
G0 X155.43 Y174.12
G0 X154.335 Y174.12
G0 X145.665 Y174.12
G0 X144.57 Y174.12
G0 X144.09 Y174.12
G0 X144.4 Y174.4
;TIME_ELAPSED:2781.727768
;LAYER:98
;note -- min layer time used
;TYPE:WALL-INNER
;MESH:Limiter bracket.stl
G1 F2400 E1946.41276
G1 F1820.3 X144.4 Y142.3 E1947.48041
G1 X143.6 Y142.3 E1947.50702
G1 X143.6 Y174.4 E1948.57467
G1 X144.4 Y174.4 E1948.60128
G0 F15000 X144.8 Y174.8
;TYPE:WALL-OUTER
G1 F1820.3 X144.8 Y141.9 E1949.69554
G1 X143.2 Y141.9 E1949.74875
G1 X143.2 Y174.8 E1950.84301
G1 X144.8 Y174.8 E1950.89623
G0 F15000 X144.319 Y174.298
;TYPE:FILL
G1 F1820.3 X144.235 Y174.32 E1950.89912
G0 F15000 X144.12 Y174.12
G0 X144.09 Y169.776
G0 X144.32 Y169.776
G1 F1820.3 X143.68 Y169.136 E1950.92922
G0 F15000 X143.91 Y169.136
G0 X143.91 Y166.186
G0 X143.681 Y166.186
G1 F1820.3 X144.319 Y166.015 E1950.95119
G0 F15000 X144.09 Y166.015
G0 X144.09 Y158.463
G0 X144.32 Y158.463
G1 F1820.3 X143.68 Y157.822 E1950.98132
G1 X143.68 Y157.904
G1 X144.32 Y157.733 E1951.00335
G0 F15000 X144.09 Y157.733
G0 X143.91 Y150.4
G0 X143.68 Y150.4
G1 F1820.3 X144.32 Y148.012 E1951.08558
G0 F15000 X144.32 Y147.149
G1 F1820.3 X143.68 Y146.508 E1951.11571
G0 F15000 X143.91 Y146.508
G0 X144.09 Y149.451
G0 X144.319 Y149.451
G1 F1820.3 X143.681 Y149.622 E1951.13767
G0 F15000 X143.91 Y149.622
G0 X144.001 Y143.403
G0 X144 Y142.7
;TYPE:SKIN
G1 F1516.9 X144 Y143.102 E1951.15372
G1 F2400 E1950.65372
G0 F15000 X144 Y143.403
G0 X144.57 Y174.12
G0 X145.665 Y174.12
G0 X154.335 Y174.12
G0 X155.43 Y174.12
G0 X155.91 Y174.12
G0 X155.6 Y174.4
;TYPE:WALL-INNER
G1 F2400 E1951.15372
G1 F1820.3 X156.4 Y174.4 E1951.18033
G1 X156.4 Y142.3 E1952.24798
G1 X155.6 Y142.3 E1952.27459
G1 X155.6 Y174.4 E1953.34224
G0 F15000 X155.2 Y174.8
;TYPE:WALL-OUTER
G1 F1820.3 X156.8 Y174.8 E1953.39545
G1 X156.8 Y141.9 E1954.48971
G1 X155.2 Y141.9 E1954.54293
G1 X155.2 Y174.8 E1955.63719
G0 F15000 X155.48 Y174.52
G0 X155.91 Y171.253
G0 X155.68 Y171.253
;TYPE:FILL
G1 F1820.3 X156.32 Y171.082 E1955.65922
G0 F15000 X156.32 Y170.462
G1 F1820.3 X155.68 Y169.822 E1955.68932
G0 F15000 X155.91 Y169.822
G0 X155.91 Y167.434
G0 X155.681 Y167.434
G1 F1820.3 X156.32 Y165.047 E1955.77151
G0 F15000 X156.09 Y165.047
G0 X155.91 Y162.971
G0 X155.681 Y162.971
G1 F1820.3 X156.319 Y162.8 E1955.79348
G0 F15000 X156.09 Y162.8
G0 X156.09 Y159.149
G0 X156.32 Y159.149
G1 F1820.3 X155.68 Y158.509 E1955.82358
G0 F15000 X155.91 Y158.509
G0 X155.91 Y154.689
G0 X155.68 Y154.689
G1 F1820.3 X156.32 Y154.518 E1955.84562
G0 F15000 X156.09 Y154.518
G0 X156.09 Y147.835
G0 X156.32 Y147.835
G1 F1820.3 X155.68 Y147.195 E1955.87572
G0 F15000 X155.681 Y146.407
G1 F1820.3 X156.319 Y146.236 E1955.89769
G0 F15000 X156.09 Y146.236
G0 X156.001 Y143.403
G0 X156 Y142.7
;TYPE:SKIN
G1 F1516.9 X156 Y143.102 E1955.91373
G1 F2400 E1955.41373
;MESH:NONMESH
G0 F300 X156 Y143.102 Z20
G0 F15000 X156 Y143.403
G0 X155.43 Y174.12
G0 X154.335 Y174.12
G0 X145.665 Y174.12
G0 X144.57 Y174.12
G0 X144.09 Y174.12
G0 X144.4 Y174.4
;TIME_ELAPSED:2797.339499
;LAYER:99
;note -- min layer time used
;TYPE:WALL-INNER
;MESH:Limiter bracket.stl
G1 F2400 E1955.91373
G1 F1809.5 X144.4 Y142.5 E1956.97473
G1 X143.6 Y142.5 E1957.00134
G1 X143.6 Y174.4 E1958.06234
G1 X144.4 Y174.4 E1958.08895
G0 F15000 X144.8 Y174.8
;TYPE:WALL-OUTER
G1 F1809.5 X144.8 Y142.1 E1959.17655
G1 X143.2 Y142.1 E1959.22977
G1 X143.2 Y174.8 E1960.31737
G1 X144.8 Y174.8 E1960.37059
G0 F15000 X144.52 Y174.52
G0 X144.09 Y169.576
G0 X144.32 Y169.576
;TYPE:FILL
G1 F1809.5 X143.68 Y168.935 E1960.40072
G0 F15000 X143.91 Y168.935
G0 X143.91 Y166.334
G0 X143.68 Y166.334
G1 F1809.5 X144.32 Y166.162 E1960.42276
G0 F15000 X144.09 Y166.162
G0 X144.09 Y158.262
G0 X144.32 Y158.262
G1 F1809.5 X143.68 Y157.621 E1960.45289
G0 F15000 X143.68 Y158.051
G1 F1809.5 X144.319 Y157.88 E1960.47489
G0 F15000 X144.09 Y157.88
G0 X143.91 Y149.853
G0 X143.68 Y149.853
G1 F1809.5 X144.319 Y147.466 E1960.55708
G0 F15000 X144.32 Y146.948
G1 F1809.5 X143.68 Y146.307 E1960.5872
G0 F15000 X143.91 Y146.307
G0 X144.09 Y149.598
G0 X144.319 Y149.598
G1 F1809.5 X143.681 Y149.769 E1960.60917
G0 F15000 X143.91 Y149.769
G0 X144.001 Y143.603
G0 X144 Y142.9
;TYPE:SKIN
G1 F1507.9 X144 Y143.302 E1960.62522
G1 F2400 E1960.12522
G0 F15000 X144 Y143.603
G0 X144.57 Y174.12
G0 X145.665 Y174.12
G0 X154.335 Y174.12
G0 X155.43 Y174.12
G0 X155.91 Y174.12
G0 X155.6 Y174.4
;TYPE:WALL-INNER
G1 F2400 E1960.62522
G1 F1809.5 X156.4 Y174.4 E1960.65182
G1 X156.4 Y142.5 E1961.71282
G1 X155.6 Y142.5 E1961.73943
G1 X155.6 Y174.4 E1962.80043
G0 F15000 X155.2 Y174.8
;TYPE:WALL-OUTER
G1 F1809.5 X156.8 Y174.8 E1962.85365
G1 X156.8 Y142.1 E1963.94125
G1 X155.2 Y142.1 E1963.99447
G1 X155.2 Y174.8 E1965.08207
G0 F15000 X155.48 Y174.52
G0 X155.91 Y171.4
G0 X155.68 Y171.4
;TYPE:FILL
G1 F1809.5 X156.32 Y171.229 E1965.10411
G0 F15000 X156.32 Y170.261
G1 F1809.5 X155.679 Y169.621 E1965.13423
G0 F15000 X155.91 Y169.621
G0 X155.91 Y166.886
G0 X155.681 Y166.886
G1 F1809.5 X156.32 Y164.499 E1965.21642
G0 F15000 X156.09 Y164.499
G0 X155.91 Y163.118
G0 X155.681 Y163.118
G1 F1809.5 X156.319 Y162.947 E1965.23839
G0 F15000 X156.09 Y162.947
G0 X156.09 Y158.948
G0 X156.32 Y158.948
G1 F1809.5 X155.679 Y158.307 E1965.26854
G0 F15000 X155.91 Y158.307
G0 X155.91 Y154.836
G0 X155.68 Y154.836
G1 F1809.5 X156.32 Y154.665 E1965.29057
G0 F15000 X156.09 Y154.665
G0 X156.09 Y147.634
G0 X156.32 Y147.634
G1 F1809.5 X155.679 Y146.993 E1965.32073
G0 F15000 X155.681 Y146.554
G1 F1809.5 X156.32 Y146.382 E1965.34274
G0 F15000 X156.09 Y146.382
G0 X156.001 Y143.603
G0 X156 Y142.9
;TYPE:SKIN
G1 F1507.9 X156 Y143.302 E1965.35878
G1 F2400 E1964.85878
;MESH:NONMESH
G0 F300 X156 Y143.302 Z20.2
G0 F15000 X156 Y143.603
G0 X155.43 Y174.12
G0 X154.335 Y174.12
G0 X145.665 Y174.12
G0 X144.57 Y174.12
G0 X144.09 Y174.12
G0 X144.4 Y174.4
;TIME_ELAPSED:2812.917489
;LAYER:100
;note -- min layer time used
;TYPE:WALL-INNER
;MESH:Limiter bracket.stl
G1 F2400 E1965.35878
G1 F1794.7 X144.4 Y142.7 E1966.41313
G1 X143.6 Y142.7 E1966.43973
G1 X143.6 Y174.4 E1967.49408
G1 X144.4 Y174.4 E1967.52069
G0 F15000 X144.8 Y174.8
;TYPE:WALL-OUTER
G1 F1794.7 X144.8 Y142.3 E1968.60164
G1 X143.2 Y142.3 E1968.65486
G1 X143.2 Y174.8 E1969.73581
G1 X144.8 Y174.8 E1969.78903
G0 F15000 X144.52 Y174.52
G0 X144.09 Y169.376
G0 X144.32 Y169.376
;TYPE:FILL
G1 F1794.7 X143.68 Y168.735 E1969.81916
G0 F15000 X143.91 Y168.735
G0 X143.91 Y166.479
G0 X143.681 Y166.479
G1 F1794.7 X144.319 Y166.308 E1969.84113
G0 F15000 X144.09 Y166.308
G0 X143.91 Y158.197
G0 X143.68 Y158.197
G1 F1794.7 X144.32 Y158.026 E1969.86316
G1 X144.32 Y158.062
G1 X143.68 Y157.422 E1969.89326
G0 F15000 X143.91 Y157.422
G0 X143.91 Y149.915
G0 X143.681 Y149.915
G1 F1794.7 X144.32 Y149.744 E1969.91526
G0 F15000 X143.68 Y149.308
G1 F1794.7 X144.32 Y146.921 E1969.99746
G1 X144.32 Y146.749
G1 X143.68 Y146.108 E1970.02759
G0 F15000 X143.91 Y146.108
G0 X144.001 Y143.803
G0 X144 Y143.1
;TYPE:SKIN
G1 F1495.6 X144 Y143.502 E1970.04363
G1 F2400 E1969.54363
G0 F15000 X144 Y143.803
G0 X144.57 Y174.12
G0 X145.665 Y174.12
G0 X154.335 Y174.12
G0 X155.43 Y174.12
G0 X155.91 Y174.12
G0 X155.6 Y174.4
;TYPE:WALL-INNER
G1 F2400 E1970.04363
G1 F1794.7 X156.4 Y174.4 E1970.07024
G1 X156.4 Y142.7 E1971.12459
G1 X155.6 Y142.7 E1971.15119
G1 X155.6 Y174.4 E1972.20554
G0 F15000 X155.2 Y174.8
;TYPE:WALL-OUTER
G1 F1794.7 X156.8 Y174.8 E1972.25876
G1 X156.8 Y142.3 E1973.33971
G1 X155.2 Y142.3 E1973.39293
G1 X155.2 Y174.8 E1974.47388
G0 F15000 X155.48 Y174.52
G0 X155.91 Y171.546
G0 X155.68 Y171.546
;TYPE:FILL
G1 F1794.7 X156.32 Y171.375 E1974.49592
G0 F15000 X156.09 Y171.375
G0 X156.09 Y170.062
G0 X156.32 Y170.062
G1 F1794.7 X155.68 Y169.422 E1974.52602
G0 F15000 X155.91 Y169.422
G0 X155.91 Y166.342
G0 X155.68 Y166.342
G1 F1794.7 X156.32 Y163.955 E1974.60821
G0 F15000 X156.32 Y163.093
G1 F1794.7 X155.681 Y163.264 E1974.63022
G0 F15000 X155.91 Y163.264
G0 X156.09 Y158.748
G0 X156.32 Y158.748
G1 F1794.7 X155.68 Y158.108 E1974.66032
G0 F15000 X155.91 Y158.108
G0 X155.91 Y154.982
G0 X155.68 Y154.982
G1 F1794.7 X156.319 Y154.811 E1974.68232
G0 F15000 X156.09 Y154.811
G0 X156.09 Y147.435
G0 X156.32 Y147.435
G1 F1794.7 X155.68 Y146.795 E1974.71242
G1 X155.68 Y146.7
G1 X156.32 Y146.528 E1974.73447
G0 F15000 X156.09 Y146.528
G0 X156.001 Y143.803
G0 X156 Y143.1
;TYPE:SKIN
G1 F1495.6 X156 Y143.502 E1974.75051
G1 F2400 E1974.25051
;MESH:NONMESH
G0 F300 X156 Y143.502 Z20.4
G0 F15000 X156 Y143.803
G0 X155.43 Y174.12
G0 X154.335 Y174.12
G0 X145.665 Y174.12
G0 X144.57 Y174.12
G0 X144.09 Y174.12
G0 X144.4 Y174.4
;TIME_ELAPSED:2828.144660
;LAYER:101
;note -- min layer time used
;TYPE:WALL-INNER
;MESH:Limiter bracket.stl
G1 F2400 E1974.75051
G1 F2056.2 X144.4 Y142.9 E1975.79821
G1 X143.6 Y142.9 E1975.82481
G1 X143.6 Y174.4 E1976.87251
G1 X144.4 Y174.4 E1976.89912
G0 F15000 X144.8 Y174.8
;TYPE:WALL-OUTER
G1 F2056.2 X144.8 Y142.5 E1977.97342
G1 X143.2 Y142.5 E1978.02663
G1 X143.2 Y174.8 E1979.10094
G1 X144.8 Y174.8 E1979.15415
G1 F2400 E1978.65415
G0 F15000 X144.52 Y174.52
G0 X144.228 Y143.072
G0 X143.772 Y143.072
G0 X144 Y143.3
;TYPE:SKIN
G1 F2400 E1979.15415
G1 F1713.5 X144 Y174 E1980.37946
G1 F2400 E1979.87946
G0 F15000 X143.7 Y174
G0 X144.57 Y174.4
G0 X145.665 Y174.4
G0 X154.335 Y174.4
G0 X155.6 Y174.4
;TYPE:WALL-INNER
G1 F2400 E1980.37946
G1 F2056.2 X156.4 Y174.4 E1980.40606
G1 X156.4 Y142.9 E1981.45376
G1 X155.6 Y142.9 E1981.48037
G1 X155.6 Y174.4 E1982.52806
G0 F15000 X155.2 Y174.8
;TYPE:WALL-OUTER
G1 F2056.2 X156.8 Y174.8 E1982.58128
G1 X156.8 Y142.5 E1983.65558
G1 X155.2 Y142.5 E1983.7088
G1 X155.2 Y174.8 E1984.7831
G1 F2400 E1984.2831
G0 F15000 X155.48 Y174.52
G0 X155.7 Y143.3
G0 X156 Y143.3
;TYPE:SKIN
G1 F2400 E1984.7831
G1 F1713.5 X156 Y174 E1986.0084
G1 F2400 E1985.5084
;MESH:NONMESH
G0 F300 X156 Y174 Z20.6
G0 F15000 X155.7 Y174
G0 X155.43 Y174.4
G0 X154.335 Y174.4
G0 X145.665 Y174.4
G0 X144.4 Y174.4
;TIME_ELAPSED:2841.195820
;LAYER:102
;note -- min layer time used
;TYPE:WALL-INNER
;MESH:Limiter bracket.stl
G1 F2400 E1986.0084
G1 F2025 X144.4 Y143.1 E1987.04944
G1 X143.6 Y143.1 E1987.07605
G1 X143.6 Y174.4 E1988.11709
G1 X144.4 Y174.4 E1988.1437
G0 F15000 X144.8 Y174.8
;TYPE:WALL-OUTER
G1 F2025 X144.8 Y142.7 E1989.21135
G1 X143.2 Y142.7 E1989.26457
G1 X143.2 Y174.8 E1990.33222
G1 X144.8 Y174.8 E1990.38544
G1 F2400 E1989.88544
G0 F15000 X144.52 Y174.52
G0 X144.228 Y143.272
G0 X143.772 Y143.272
G0 X144 Y143.5
;TYPE:SKIN
G1 F2400 E1990.38544
G1 F1687.5 X144 Y174 E1991.60276
G1 F2400 E1991.10276
G0 F15000 X143.7 Y174
G0 X144.57 Y174.4
G0 X145.665 Y174.4
G0 X154.335 Y174.4
G0 X155.6 Y174.4
;TYPE:WALL-INNER
G1 F2400 E1991.60276
G1 F2025 X156.4 Y174.4 E1991.62936
G1 X156.4 Y143.1 E1992.67041
G1 X155.6 Y143.1 E1992.69701
G1 X155.6 Y174.4 E1993.73806
G0 F15000 X155.2 Y174.8
;TYPE:WALL-OUTER
G1 F2025 X156.8 Y174.8 E1993.79127
G1 X156.8 Y142.7 E1994.85892
G1 X155.2 Y142.7 E1994.91214
G1 X155.2 Y174.8 E1995.97979
G1 F2400 E1995.47979
G0 F15000 X155.48 Y174.52
G0 X155.7 Y143.5
G0 X156 Y143.5
;TYPE:SKIN
G1 F2400 E1995.97979
G1 F1687.5 X156 Y174 E1997.19711
G1 F2400 E1996.69711
;MESH:NONMESH
G0 F300 X156 Y174 Z20.8
G0 F15000 X155.7 Y174
G0 X155.43 Y174.4
G0 X154.335 Y174.4
G0 X145.665 Y174.4
G0 X144.4 Y174.4
;TIME_ELAPSED:2854.320661
;LAYER:103
;note -- min layer time used
;TYPE:WALL-INNER
;MESH:Limiter bracket.stl
G1 F2400 E1997.19711
G1 F2012.2 X144.4 Y143.3 E1998.2315
G1 X143.6 Y143.3 E1998.25811
G1 X143.6 Y174.4 E1999.2925
G1 X144.4 Y174.4 E1999.31911
G0 F15000 X144.8 Y174.8
;TYPE:WALL-OUTER
G1 F2012.2 X144.8 Y142.9 E2000.38011
G1 X143.2 Y142.9 E2000.43332
G1 X143.2 Y174.8 E2001.49432
G1 X144.8 Y174.8 E2001.54754
G1 F2400 E2001.04754
G0 F15000 X144.52 Y174.52
G0 X144.228 Y143.472
G0 X143.772 Y143.472
G0 X144 Y143.7
;TYPE:SKIN
G1 F2400 E2001.54754
G1 F1676.8 X144 Y174 E2002.75687
G1 F2400 E2002.25687
G0 F15000 X143.7 Y174
G0 X144.57 Y174.4
G0 X145.665 Y174.4
G0 X154.335 Y174.4
G0 X155.6 Y174.4
;TYPE:WALL-INNER
G1 F2400 E2002.75687
G1 F2012.2 X156.4 Y174.4 E2002.78348
G1 X156.4 Y143.3 E2003.81787
G1 X155.6 Y143.3 E2003.84448
G1 X155.6 Y174.4 E2004.87887
G0 F15000 X155.2 Y174.8
;TYPE:WALL-OUTER
G1 F2012.2 X156.8 Y174.8 E2004.93209
G1 X156.8 Y142.9 E2005.99309
G1 X155.2 Y142.9 E2006.0463
G1 X155.2 Y174.8 E2007.1073
G1 F2400 E2006.6073
G0 F15000 X155.48 Y174.52
G0 X155.7 Y143.7
G0 X156 Y143.7
;TYPE:SKIN
G1 F2400 E2007.1073
G1 F1676.8 X156 Y174 E2008.31664
G1 F2400 E2007.81664
;MESH:NONMESH
G0 F300 X156 Y174 Z21
G0 F15000 X155.7 Y174
G0 X155.43 Y174.4
G0 X154.335 Y174.4
G0 X145.665 Y174.4
G0 X144.4 Y174.4
;TIME_ELAPSED:2867.438238
;LAYER:104
;note -- min layer time used
;TYPE:WALL-INNER
;MESH:Limiter bracket.stl
G1 F2400 E2008.31664
G1 F1999.4 X144.4 Y143.5 E2009.34438
G1 X143.6 Y143.5 E2009.37099
G1 X143.6 Y174.4 E2010.39872
G1 X144.4 Y174.4 E2010.42533
G0 F15000 X144.8 Y174.8
;TYPE:WALL-OUTER
G1 F1999.4 X144.8 Y143.1 E2011.47968
G1 X143.2 Y143.1 E2011.53289
G1 X143.2 Y174.8 E2012.58724
G1 X144.8 Y174.8 E2012.64046
G1 F2400 E2012.14046
G0 F15000 X144.52 Y174.52
G0 X144.228 Y143.672
G0 X143.772 Y143.672
G1 F2400 E2012.64046
G0 F15000 X144 Y143.9
;TYPE:SKIN
G1 F1666.1 X144 Y174 E2013.84181
G1 F2400 E2013.34181
G0 F15000 X143.7 Y174
G0 X144.57 Y174.4
G0 X145.665 Y174.4
G0 X154.335 Y174.4
G0 X155.6 Y174.4
;TYPE:WALL-INNER
G1 F2400 E2013.84181
G1 F1999.4 X156.4 Y174.4 E2013.86842
G1 X156.4 Y143.5 E2014.89616
G1 X155.6 Y143.5 E2014.92277
G1 X155.6 Y174.4 E2015.95051
G0 F15000 X155.2 Y174.8
;TYPE:WALL-OUTER
G1 F1999.4 X156.8 Y174.8 E2016.00372
G1 X156.8 Y143.1 E2017.05807
G1 X155.2 Y143.1 E2017.11128
G1 X155.2 Y174.8 E2018.16563
G1 F2400 E2017.66563
G0 F15000 X155.48 Y174.52
G0 X155.7 Y143.9
G1 F2400 E2018.16563
G0 F15000 X156 Y143.9
;TYPE:SKIN
G1 F1666.1 X156 Y174 E2019.36699
;TIME_ELAPSED:2880.101941
G1 F2400 E2018.86699
M140 S0
M107
END_PRINT
M82 ;absolute extrusion mode
M104 S0
;End of Gcode
;SETTING_3 {"global_quality": "[general]\\nversion = 4\\nname = Standard Quality
;SETTING_3  #2\\ndefinition = creality_k1max\\n\\n[metadata]\\ntype = quality_ch
;SETTING_3 anges\\nquality_type = standard\\nsetting_version = 25\\n\\n[values]\
;SETTING_3 \nadhesion_type = brim\\nmaterial_bed_temperature = 45\\nsupport_enab
;SETTING_3 le = True\\n\\n", "extruder_quality": ["[general]\\nversion = 4\\nnam
;SETTING_3 e = Standard Quality #2\\ndefinition = creality_k1max\\n\\n[metadata]
;SETTING_3 \\ntype = quality_changes\\nquality_type = standard\\nsetting_version
;SETTING_3  = 25\\nposition = 0\\n\\n[values]\\nbrim_width = 4.0\\ninfill_sparse
;SETTING_3 _density = 15.0\\nmaterial_print_temperature = 230.0\\nspeed_print = 
;SETTING_3 200.0\\n\\n"]}
