;FLAVOR:Marlin
;TIME:1781
;Filament used: 1.49406m
;Layer height: 0.2
;MINX:107.7
;MINY:111.7
;MINZ:0.2
;MAXX:192.3
;MAXY:188.3
;MAXZ:5
;TARGET_MACHINE.NAME:Creality K1 Max
;Generated with Cura_SteamEngine 5.10.1
M140 S0
M104 S0 
START_PRINT EXTRUDER_TEMP=230.0 BED_TEMP=45

M82 ;absolute extrusion mode
G92 E0
G92 E0
G1 F2400 E-0.5
;LAYER_COUNT:25
;LAYER:0
M107
G0 F6000 X120.445 Y113.181 Z0.2
;TYPE:SKIRT
G1 F2400 E0
G1 F1200 X121.2 Y112.478 E0.03431
G1 X122.191 Y111.887 E0.07269
G1 X123.171 Y111.725 E0.10573
G1 X135.89 Y111.7 E0.52876
G1 X136.822 Y111.929 E0.56068
G1 X137.819 Y112.445 E0.59802
G1 X138.522 Y113.2 E0.63233
G1 X139.113 Y114.191 E0.67071
G1 X139.275 Y115.171 E0.70375
G1 X139.298 Y123.7 E0.98742
G1 X172.7 Y123.7 E2.09838
G1 X172.7 Y120.11 E2.21778
G1 X172.929 Y119.178 E2.2497
G1 X173.445 Y118.181 E2.28704
G1 X174.2 Y117.478 E2.32135
G1 X175.191 Y116.887 E2.35973
G1 X176.171 Y116.725 E2.39277
G1 X188.89 Y116.7 E2.8158
G1 X189.822 Y116.929 E2.84772
G1 X190.819 Y117.445 E2.88506
G1 X191.522 Y118.2 E2.91937
G1 X192.113 Y119.191 E2.95775
G1 X192.275 Y120.171 E2.99079
G1 X192.3 Y132.89 E3.41383
G1 X192.071 Y133.822 E3.44575
G1 X191.555 Y134.819 E3.48308
G1 X190.8 Y135.522 E3.5174
G1 X189.809 Y136.113 E3.55577
G1 X188.829 Y136.275 E3.58881
G1 X185.3 Y136.296 E3.70619
G1 X185.3 Y163.7 E4.61765
G1 X188.89 Y163.7 E4.73705
G1 X189.822 Y163.929 E4.76897
G1 X190.819 Y164.445 E4.80631
G1 X191.522 Y165.2 E4.84062
G1 X192.113 Y166.191 E4.879
G1 X192.275 Y167.171 E4.91204
G1 X192.3 Y179.89 E5.33507
G1 X192.071 Y180.822 E5.36699
G1 X191.555 Y181.819 E5.40433
G1 X190.8 Y182.522 E5.43864
G1 X189.809 Y183.113 E5.47702
G1 X188.829 Y183.275 E5.51006
G1 X176.11 Y183.3 E5.9331
G1 X175.178 Y183.071 E5.96502
G1 X174.181 Y182.555 E6.00235
G1 X173.478 Y181.8 E6.03667
G1 X172.887 Y180.809 E6.07504
G1 X172.725 Y179.829 E6.10808
G1 X172.704 Y176.3 E6.22546
G1 X139.3 Y176.3 E7.33648
G1 X139.3 Y184.89 E7.62218
G1 X139.071 Y185.822 E7.6541
G1 X138.555 Y186.819 E7.69144
G1 X137.8 Y187.522 E7.72575
G1 X136.809 Y188.113 E7.76413
G1 X135.829 Y188.275 E7.79717
G1 X123.11 Y188.3 E8.2202
G1 X122.178 Y188.071 E8.25213
G1 X121.181 Y187.555 E8.28946
G1 X120.478 Y186.8 E8.32378
G1 X119.887 Y185.809 E8.36215
G1 X119.725 Y184.829 E8.39519
G1 X119.702 Y176.3 E8.67887
G1 X111.11 Y176.3 E8.96464
G1 X110.178 Y176.071 E8.99656
G1 X109.181 Y175.555 E9.0339
G1 X108.478 Y174.8 E9.06821
G1 X107.887 Y173.809 E9.10658
G1 X107.725 Y172.829 E9.13962
G1 X107.7 Y127.11 E10.66024
G1 X107.929 Y126.178 E10.69216
G1 X108.445 Y125.181 E10.7295
G1 X109.2 Y124.478 E10.76381
G1 X110.191 Y123.887 E10.80219
G1 X111.171 Y123.725 E10.83523
G1 X119.7 Y123.702 E11.1189
G1 X119.7 Y115.11 E11.40468
G1 X119.929 Y114.178 E11.4366
G1 X120.445 Y113.181 E11.47393
G0 F6000 X120.768 Y113.426
G1 F1200 X121.439 Y112.802 E11.50441
G1 X122.331 Y112.27 E11.53895
G1 X123.236 Y112.12 E11.56947
G1 X135.844 Y112.1 E11.98881
G1 X136.679 Y112.305 E12.01741
G1 X137.574 Y112.768 E12.05092
G1 X138.198 Y113.439 E12.0814
G1 X138.73 Y114.331 E12.11594
G1 X138.88 Y115.236 E12.14645
G1 X138.899 Y124.1 E12.44127
G1 X173.1 Y124.1 E13.5788
G1 X173.1 Y120.156 E13.70998
G1 X173.305 Y119.321 E13.73858
G1 X173.768 Y118.426 E13.77209
G1 X174.439 Y117.802 E13.80257
G1 X175.331 Y117.27 E13.83711
G1 X176.236 Y117.12 E13.86762
G1 X188.844 Y117.1 E14.28697
G1 X189.679 Y117.305 E14.31556
G1 X190.574 Y117.768 E14.34908
G1 X191.198 Y118.439 E14.37956
G1 X191.73 Y119.331 E14.4141
G1 X191.88 Y120.236 E14.44461
G1 X191.9 Y132.844 E14.86396
G1 X191.695 Y133.679 E14.89255
G1 X191.232 Y134.574 E14.92607
G1 X190.561 Y135.198 E14.95654
G1 X189.669 Y135.73 E14.99109
G1 X188.764 Y135.88 E15.0216
G1 X184.9 Y135.898 E15.15012
G1 X184.9 Y164.1 E16.08812
G1 X188.844 Y164.1 E16.2193
G1 X189.679 Y164.305 E16.2479
G1 X190.574 Y164.768 E16.28141
G1 X191.198 Y165.439 E16.31189
G1 X191.73 Y166.331 E16.34643
G1 X191.88 Y167.236 E16.37694
G1 X191.9 Y179.844 E16.79629
G1 X191.695 Y180.679 E16.82488
G1 X191.232 Y181.574 E16.8584
G1 X190.561 Y182.198 E16.88887
G1 X189.669 Y182.73 E16.92342
G1 X188.764 Y182.88 E16.95393
G1 X176.156 Y182.9 E17.37327
G1 X175.321 Y182.695 E17.40187
G1 X174.426 Y182.232 E17.43539
G1 X173.802 Y181.561 E17.46586
G1 X173.27 Y180.669 E17.50041
G1 X173.12 Y179.764 E17.53092
G1 X173.102 Y175.9 E17.65944
G1 X138.9 Y175.9 E18.797
G1 X138.9 Y184.844 E19.09448
G1 X138.695 Y185.679 E19.12307
G1 X138.232 Y186.574 E19.15659
G1 X137.561 Y187.198 E19.18707
G1 X136.669 Y187.73 E19.22161
G1 X135.764 Y187.88 E19.25212
G1 X123.156 Y187.9 E19.67147
G1 X122.321 Y187.695 E19.70006
G1 X121.426 Y187.232 E19.73358
G1 X120.802 Y186.561 E19.76405
G1 X120.27 Y185.669 E19.7986
G1 X120.12 Y184.764 E19.82911
G1 X120.101 Y175.9 E20.12393
G1 X111.156 Y175.9 E20.42144
G1 X110.321 Y175.695 E20.45004
G1 X109.426 Y175.232 E20.48355
G1 X108.802 Y174.561 E20.51403
G1 X108.27 Y173.669 E20.54857
G1 X108.12 Y172.764 E20.57908
G1 X108.1 Y127.156 E22.09601
G1 X108.305 Y126.321 E22.12461
G1 X108.768 Y125.426 E22.15812
G1 X109.439 Y124.802 E22.1886
G1 X110.331 Y124.27 E22.22314
G1 X111.236 Y124.12 E22.25366
G1 X120.1 Y124.101 E22.54847
G1 X120.1 Y115.156 E22.84599
G1 X120.305 Y114.321 E22.87458
G1 X120.768 Y113.426 E22.9081
G0 F6000 X121.091 Y113.671
G1 F1200 X121.678 Y113.126 E22.93474
G1 X122.471 Y112.653 E22.96545
G1 X123.302 Y112.515 E22.99347
G1 X135.798 Y112.5 E23.40909
G1 X136.536 Y112.681 E23.43436
G1 X137.329 Y113.091 E23.46405
G1 X137.874 Y113.678 E23.49069
G1 X138.347 Y114.471 E23.5214
G1 X138.485 Y115.302 E23.54942
G1 X138.5 Y124.5 E23.85535
G1 X173.5 Y124.5 E25.01945
G1 X173.5 Y120.202 E25.16241
G1 X173.681 Y119.464 E25.18768
G1 X174.091 Y118.671 E25.21737
G1 X174.678 Y118.126 E25.24401
G1 X175.471 Y117.653 E25.27472
G1 X176.302 Y117.515 E25.30274
G1 X188.798 Y117.5 E25.71836
G1 X189.536 Y117.681 E25.74363
G1 X190.329 Y118.091 E25.77333
G1 X190.874 Y118.678 E25.79997
G1 X191.347 Y119.471 E25.83068
G1 X191.485 Y120.302 E25.85869
G1 X191.5 Y132.798 E26.27431
G1 X191.319 Y133.536 E26.29959
G1 X190.909 Y134.329 E26.32928
G1 X190.322 Y134.874 E26.35592
G1 X189.529 Y135.347 E26.38663
G1 X188.698 Y135.485 E26.41465
G1 X184.5 Y135.499 E26.55428
G1 X184.5 Y164.5 E27.51885
G1 X188.798 Y164.5 E27.6618
G1 X189.536 Y164.681 E27.68708
G1 X190.329 Y165.091 E27.71677
G1 X190.874 Y165.678 E27.74341
G1 X191.347 Y166.471 E27.77412
G1 X191.485 Y167.302 E27.80214
G1 X191.5 Y179.798 E28.21776
G1 X191.319 Y180.536 E28.24303
G1 X190.909 Y181.329 E28.27272
G1 X190.322 Y181.874 E28.29937
G1 X189.529 Y182.347 E28.33008
G1 X188.698 Y182.485 E28.35809
G1 X176.202 Y182.5 E28.77371
G1 X175.464 Y182.319 E28.79899
G1 X174.671 Y181.909 E28.82868
G1 X174.126 Y181.322 E28.85532
G1 X173.653 Y180.529 E28.88603
G1 X173.515 Y179.698 E28.91405
G1 X173.501 Y175.5 E29.05368
G1 X138.5 Y175.5 E30.21781
G1 X138.5 Y184.798 E30.52707
G1 X138.319 Y185.536 E30.55234
G1 X137.909 Y186.329 E30.58203
G1 X137.322 Y186.874 E30.60867
G1 X136.529 Y187.347 E30.63938
G1 X135.698 Y187.485 E30.6674
G1 X123.202 Y187.5 E31.08302
G1 X122.464 Y187.319 E31.10829
G1 X121.671 Y186.909 E31.13799
G1 X121.126 Y186.322 E31.16463
G1 X120.653 Y185.529 E31.19534
G1 X120.515 Y184.698 E31.22335
G1 X120.5 Y175.5 E31.52928
G1 X111.202 Y175.5 E31.83853
G1 X110.464 Y175.319 E31.86381
G1 X109.671 Y174.909 E31.8935
G1 X109.126 Y174.322 E31.92014
G1 X108.653 Y173.529 E31.95085
G1 X108.515 Y172.698 E31.97887
G1 X108.5 Y127.202 E33.49207
G1 X108.681 Y126.464 E33.51735
G1 X109.091 Y125.671 E33.54704
G1 X109.678 Y125.126 E33.57368
G1 X110.471 Y124.653 E33.60439
G1 X111.302 Y124.515 E33.63241
G1 X120.5 Y124.5 E33.93834
G1 X120.5 Y115.202 E34.24759
G1 X120.681 Y114.464 E34.27286
G1 X121.091 Y113.671 E34.30255
G0 F6000 X121.414 Y113.916
G1 F1200 X121.917 Y113.45 E34.32536
G1 X122.611 Y113.036 E34.35224
G1 X123.368 Y112.91 E34.37776
G1 X135.748 Y112.9 E34.78952
G1 X136.397 Y113.059 E34.81175
G1 X137.084 Y113.414 E34.83747
G1 X137.55 Y113.917 E34.86027
G1 X137.964 Y114.611 E34.88715
G1 X138.09 Y115.368 E34.91267
G1 X138.1 Y124.9 E35.22971
G1 X173.9 Y124.9 E36.42042
G1 X173.9 Y120.252 E36.57502
G1 X174.059 Y119.603 E36.59724
G1 X174.414 Y118.916 E36.62296
G1 X174.917 Y118.45 E36.64577
G1 X175.611 Y118.036 E36.67264
G1 X176.368 Y117.91 E36.69817
G1 X188.748 Y117.9 E37.10993
G1 X189.397 Y118.059 E37.13215
G1 X190.084 Y118.414 E37.15787
G1 X190.55 Y118.917 E37.18068
G1 X190.964 Y119.611 E37.20756
G1 X191.09 Y120.368 E37.23308
G1 X191.1 Y132.748 E37.64484
G1 X190.941 Y133.397 E37.66707
G1 X190.586 Y134.084 E37.69279
G1 X190.083 Y134.55 E37.71559
G1 X189.389 Y134.964 E37.74247
G1 X188.632 Y135.09 E37.76799
G1 X184.1 Y135.1 E37.91873
G1 X184.1 Y164.9 E38.90988
G1 X188.748 Y164.9 E39.06447
G1 X189.397 Y165.059 E39.0867
G1 X190.084 Y165.414 E39.11242
G1 X190.55 Y165.917 E39.13522
G1 X190.964 Y166.611 E39.1621
G1 X191.09 Y167.368 E39.18763
G1 X191.1 Y179.748 E39.59939
G1 X190.941 Y180.397 E39.62161
G1 X190.586 Y181.084 E39.64733
G1 X190.083 Y181.55 E39.67014
G1 X189.389 Y181.964 E39.69702
G1 X188.632 Y182.09 E39.72254
G1 X176.252 Y182.1 E40.1343
G1 X175.603 Y181.941 E40.15652
G1 X174.916 Y181.586 E40.18224
G1 X174.45 Y181.083 E40.20505
G1 X174.036 Y180.389 E40.23193
G1 X173.91 Y179.632 E40.25745
G1 X173.9 Y175.1 E40.40819
G1 X138.1 Y175.1 E41.5989
G1 X138.1 Y184.748 E41.91979
G1 X137.941 Y185.397 E41.94202
G1 X137.586 Y186.084 E41.96774
G1 X137.083 Y186.55 E41.99054
G1 X136.389 Y186.964 E42.01742
G1 X135.632 Y187.09 E42.04295
G1 X123.252 Y187.1 E42.45471
G1 X122.603 Y186.941 E42.47693
G1 X121.916 Y186.586 E42.50265
G1 X121.45 Y186.083 E42.52546
G1 X121.036 Y185.389 E42.55234
G1 X120.91 Y184.632 E42.57786
G1 X120.9 Y175.1 E42.8949
G1 X111.252 Y175.1 E43.21579
G1 X110.603 Y174.941 E43.23801
G1 X109.916 Y174.586 E43.26373
G1 X109.45 Y174.083 E43.28654
G1 X109.036 Y173.389 E43.31342
G1 X108.91 Y172.632 E43.33894
G1 X108.9 Y127.252 E44.84829
G1 X109.059 Y126.603 E44.87051
G1 X109.414 Y125.916 E44.89623
G1 X109.917 Y125.45 E44.91904
G1 X110.611 Y125.036 E44.94591
G1 X111.368 Y124.91 E44.97144
G1 X120.9 Y124.9 E45.28847
G1 X120.9 Y115.252 E45.60937
G1 X121.059 Y114.603 E45.63159
G1 X121.414 Y113.916 E45.65731
G0 F6000 X121.737 Y114.162
G1 F1200 X122.156 Y113.774 E45.67631
G1 X122.751 Y113.419 E45.69935
G1 X123.434 Y113.305 E45.72238
G1 X135.698 Y113.3 E46.13028
G1 X136.258 Y113.437 E46.14946
G1 X136.838 Y113.737 E46.17118
G1 X137.226 Y114.156 E46.19017
G1 X137.581 Y114.751 E46.21321
G1 X137.695 Y115.434 E46.23625
G1 X137.7 Y125.3 E46.56439
G1 X174.3 Y125.3 E47.78171
G1 X174.3 Y120.302 E47.94795
G1 X174.437 Y119.742 E47.96712
G1 X174.737 Y119.162 E47.98884
G1 X175.156 Y118.774 E48.00783
G1 X175.751 Y118.419 E48.03088
G1 X176.434 Y118.305 E48.05391
G1 X188.698 Y118.3 E48.46181
G1 X189.258 Y118.437 E48.48099
G1 X189.838 Y118.737 E48.5027
G1 X190.226 Y119.156 E48.5217
G1 X190.581 Y119.751 E48.54474
G1 X190.695 Y120.434 E48.56777
G1 X190.7 Y132.698 E48.97567
G1 X190.563 Y133.258 E48.99485
G1 X190.263 Y133.838 E49.01657
G1 X189.844 Y134.226 E49.03556
G1 X189.249 Y134.581 E49.05861
G1 X188.566 Y134.695 E49.08164
G1 X183.7 Y134.7 E49.24348
G1 X183.7 Y165.3 E50.26124
G1 X188.698 Y165.3 E50.42748
G1 X189.258 Y165.437 E50.44665
G1 X189.838 Y165.737 E50.46837
G1 X190.226 Y166.156 E50.48736
G1 X190.581 Y166.751 E50.51041
G1 X190.695 Y167.434 E50.53344
G1 X190.7 Y179.698 E50.94134
G1 X190.563 Y180.258 E50.96052
G1 X190.263 Y180.838 E50.98223
G1 X189.844 Y181.226 E51.00123
G1 X189.249 Y181.581 E51.02427
G1 X188.566 Y181.695 E51.0473
G1 X176.302 Y181.7 E51.45521
G1 X175.742 Y181.563 E51.47438
G1 X175.162 Y181.263 E51.4961
G1 X174.774 Y180.844 E51.51509
G1 X174.419 Y180.249 E51.53814
G1 X174.305 Y179.566 E51.56117
G1 X174.3 Y174.7 E51.72301
G1 X137.7 Y174.7 E52.94033
G1 X137.7 Y184.698 E53.27287
G1 X137.563 Y185.258 E53.29204
G1 X137.263 Y185.838 E53.31376
G1 X136.844 Y186.226 E53.33275
G1 X136.249 Y186.581 E53.3558
G1 X135.566 Y186.695 E53.37883
G1 X123.302 Y186.7 E53.78673
G1 X122.742 Y186.563 E53.80591
G1 X122.162 Y186.263 E53.82763
G1 X121.774 Y185.844 E53.84662
G1 X121.419 Y185.249 E53.86966
G1 X121.305 Y184.566 E53.89269
G1 X121.3 Y174.7 E54.22084
G1 X111.302 Y174.7 E54.55337
G1 X110.742 Y174.563 E54.57255
G1 X110.162 Y174.263 E54.59427
G1 X109.774 Y173.844 E54.61326
G1 X109.419 Y173.249 E54.63631
G1 X109.305 Y172.566 E54.65934
G1 X109.3 Y127.302 E56.16482
G1 X109.437 Y126.742 E56.184
G1 X109.737 Y126.162 E56.20572
G1 X110.156 Y125.774 E56.22471
G1 X110.751 Y125.419 E56.24775
G1 X111.434 Y125.305 E56.27079
G1 X121.3 Y125.3 E56.59893
G1 X121.3 Y115.302 E56.93146
G1 X121.437 Y114.742 E56.95064
G1 X121.737 Y114.162 E56.97236
G0 F6000 X122.06 Y114.408
G1 F1200 X122.398 Y114.095 E56.98768
G1 X122.889 Y113.802 E57.0067
G1 X123.5 Y113.7 E57.0273
G1 X135.648 Y113.7 E57.43134
G1 X136.119 Y113.815 E57.44747
G1 X136.592 Y114.06 E57.46519
G1 X136.905 Y114.398 E57.48051
G1 X137.198 Y114.889 E57.49953
G1 X137.3 Y115.5 E57.52013
G1 X137.3 Y125.7 E57.85938
G1 X174.7 Y125.7 E59.10331
G1 X174.7 Y120.352 E59.28119
G1 X174.815 Y119.881 E59.29731
G1 X175.06 Y119.408 E59.31503
G1 X175.398 Y119.095 E59.33035
G1 X175.889 Y118.802 E59.34937
G1 X176.5 Y118.7 E59.36997
G1 X188.648 Y118.7 E59.77402
G1 X189.119 Y118.815 E59.79014
G1 X189.592 Y119.06 E59.80786
G1 X189.905 Y119.398 E59.82318
G1 X190.198 Y119.889 E59.8422
G1 X190.3 Y120.5 E59.8628
G1 X190.3 Y132.648 E60.26685
G1 X190.185 Y133.119 E60.28297
G1 X189.94 Y133.592 E60.30069
G1 X189.602 Y133.905 E60.31601
G1 X189.111 Y134.198 E60.33503
G1 X188.5 Y134.3 E60.35563
G1 X183.3 Y134.3 E60.52858
G1 X183.3 Y165.7 E61.57295
G1 X188.648 Y165.7 E61.75083
G1 X189.119 Y165.815 E61.76695
G1 X189.592 Y166.06 E61.78467
G1 X189.905 Y166.398 E61.79999
G1 X190.198 Y166.889 E61.81901
G1 X190.3 Y167.5 E61.83961
G1 X190.3 Y179.648 E62.24366
G1 X190.185 Y180.119 E62.25978
G1 X189.94 Y180.592 E62.2775
G1 X189.602 Y180.905 E62.29282
G1 X189.111 Y181.198 E62.31184
G1 X188.5 Y181.3 E62.33244
G1 X176.352 Y181.3 E62.73649
G1 X175.881 Y181.185 E62.75261
G1 X175.408 Y180.94 E62.77033
G1 X175.095 Y180.602 E62.78565
G1 X174.802 Y180.111 E62.80467
G1 X174.7 Y179.5 E62.82527
G1 X174.7 Y174.3 E62.99822
G1 X137.3 Y174.3 E64.24215
G1 X137.3 Y184.648 E64.58633
G1 X137.185 Y185.119 E64.60246
G1 X136.94 Y185.592 E64.62017
G1 X136.602 Y185.905 E64.63549
G1 X136.111 Y186.198 E64.65451
G1 X135.5 Y186.3 E64.67512
G1 X123.352 Y186.3 E65.07916
G1 X122.881 Y186.185 E65.09528
G1 X122.408 Y185.94 E65.113
G1 X122.095 Y185.602 E65.12832
G1 X121.802 Y185.111 E65.14734
G1 X121.7 Y184.5 E65.16794
G1 X121.7 Y174.3 E65.5072
G1 X111.352 Y174.3 E65.85137
G1 X110.881 Y174.185 E65.8675
G1 X110.408 Y173.94 E65.88522
G1 X110.095 Y173.602 E65.90054
G1 X109.802 Y173.111 E65.91956
G1 X109.7 Y172.5 E65.94016
G1 X109.7 Y127.352 E67.44179
G1 X109.815 Y126.881 E67.45791
G1 X110.06 Y126.408 E67.47563
G1 X110.398 Y126.095 E67.49095
G1 X110.889 Y125.802 E67.50997
G1 X111.5 Y125.7 E67.53057
G1 X121.7 Y125.7 E67.86983
G1 X121.7 Y115.352 E68.214
G1 X121.815 Y114.881 E68.23013
G1 X122.06 Y114.408 E68.24785
G0 F6000 X122.383 Y114.654
G1 F1200 X122.193 Y115.02 E68.26156
G1 X122.1 Y115.402 E68.27464
G1 X122.1 Y126.1 E68.63045
G1 X111.5 Y126.1 E68.98301
G1 X111.027 Y126.185 E68.999
G1 X110.64 Y126.416 E69.01399
G1 X110.383 Y126.654 E69.02564
G1 X110.193 Y127.02 E69.03935
G1 X110.1 Y127.402 E69.05243
G1 X110.1 Y172.5 E70.55239
G1 X110.185 Y172.973 E70.56838
G1 X110.416 Y173.36 E70.58337
G1 X110.654 Y173.617 E70.59502
G1 X111.02 Y173.807 E70.60873
G1 X111.402 Y173.9 E70.62181
G1 X122.1 Y173.9 E70.97763
G1 X122.1 Y184.5 E71.33019
G1 X122.185 Y184.973 E71.34617
G1 X122.416 Y185.36 E71.36116
G1 X122.654 Y185.617 E71.37281
G1 X123.02 Y185.807 E71.38653
G1 X123.402 Y185.9 E71.3996
G1 X135.5 Y185.9 E71.80198
G1 X135.973 Y185.815 E71.81797
G1 X136.36 Y185.584 E71.83296
G1 X136.617 Y185.346 E71.84461
G1 X136.807 Y184.98 E71.85832
G1 X136.9 Y184.598 E71.8714
G1 X136.9 Y173.9 E72.22722
G1 X175.1 Y173.9 E73.49775
G1 X175.1 Y179.5 E73.68401
G1 X175.185 Y179.973 E73.69999
G1 X175.416 Y180.36 E73.71499
G1 X175.654 Y180.617 E73.72664
G1 X176.02 Y180.807 E73.74035
G1 X176.402 Y180.9 E73.75343
G1 X188.5 Y180.9 E74.15581
G1 X188.973 Y180.815 E74.17179
G1 X189.36 Y180.584 E74.18678
G1 X189.617 Y180.346 E74.19843
G1 X189.807 Y179.98 E74.21215
G1 X189.9 Y179.598 E74.22523
G1 X189.9 Y167.5 E74.62761
G1 X189.815 Y167.027 E74.64359
G1 X189.584 Y166.64 E74.65858
G1 X189.346 Y166.383 E74.67023
G1 X188.98 Y166.193 E74.68395
G1 X188.598 Y166.1 E74.69702
G1 X182.9 Y166.1 E74.88654
G1 X182.9 Y133.9 E75.95752
G1 X188.5 Y133.9 E76.14377
G1 X188.973 Y133.815 E76.15976
G1 X189.36 Y133.584 E76.17475
G1 X189.617 Y133.346 E76.1864
G1 X189.807 Y132.98 E76.20011
G1 X189.9 Y132.598 E76.21319
G1 X189.9 Y120.5 E76.61557
G1 X189.815 Y120.027 E76.63155
G1 X189.584 Y119.64 E76.64655
G1 X189.346 Y119.383 E76.6582
G1 X188.98 Y119.193 E76.67191
G1 X188.598 Y119.1 E76.68499
G1 X176.5 Y119.1 E77.08737
G1 X176.027 Y119.185 E77.10335
G1 X175.64 Y119.416 E77.11834
G1 X175.383 Y119.654 E77.12999
G1 X175.193 Y120.02 E77.14371
G1 X175.1 Y120.402 E77.15679
G1 X175.1 Y126.1 E77.3463
G1 X136.9 Y126.1 E78.61684
G1 X136.9 Y115.5 E78.9694
G1 X136.815 Y115.027 E78.98538
G1 X136.584 Y114.64 E79.00037
G1 X136.346 Y114.383 E79.01202
G1 X135.98 Y114.193 E79.02574
G1 X135.598 Y114.1 E79.03881
G1 X123.5 Y114.1 E79.44119
G1 X123.027 Y114.185 E79.45718
G1 X122.64 Y114.416 E79.47217
G1 X122.383 Y114.654 E79.48382
G0 F6000 X122.707 Y114.899
G1 F1200 X122.845 Y114.76 E79.49033
G1 X123.172 Y114.565 E79.503
G1 X123.5 Y114.5 E79.51412
G1 X135.549 Y114.5 E79.91487
G1 X135.838 Y114.57 E79.92476
G1 X136.101 Y114.707 E79.93462
G1 X136.24 Y114.845 E79.94114
G1 X136.435 Y115.172 E79.9538
G1 X136.5 Y115.5 E79.96492
G1 X136.5 Y126.5 E80.33078
G1 X175.5 Y126.5 E81.62793
G1 X175.5 Y120.451 E81.82912
G1 X175.57 Y120.162 E81.83901
G1 X175.707 Y119.899 E81.84887
G1 X175.845 Y119.76 E81.85539
G1 X176.172 Y119.565 E81.86805
G1 X176.5 Y119.5 E81.87917
G1 X188.549 Y119.5 E82.27992
G1 X188.838 Y119.57 E82.28981
G1 X189.101 Y119.707 E82.29968
G1 X189.24 Y119.845 E82.30619
G1 X189.435 Y120.172 E82.31885
G1 X189.5 Y120.5 E82.32998
G1 X189.5 Y132.549 E82.73073
G1 X189.43 Y132.838 E82.74062
G1 X189.293 Y133.101 E82.75048
G1 X189.155 Y133.24 E82.75699
G1 X188.828 Y133.435 E82.76966
G1 X188.5 Y133.5 E82.78078
G1 X182.5 Y133.5 E82.98034
G1 X182.5 Y166.5 E84.07792
G1 X188.549 Y166.5 E84.27912
G1 X188.838 Y166.57 E84.28901
G1 X189.101 Y166.707 E84.29887
G1 X189.24 Y166.845 E84.30538
G1 X189.435 Y167.172 E84.31805
G1 X189.5 Y167.5 E84.32917
G1 X189.5 Y179.549 E84.72992
G1 X189.43 Y179.838 E84.73981
G1 X189.293 Y180.101 E84.74967
G1 X189.155 Y180.24 E84.75619
G1 X188.828 Y180.435 E84.76885
G1 X188.5 Y180.5 E84.77997
G1 X176.451 Y180.5 E85.18072
G1 X176.162 Y180.43 E85.19061
G1 X175.899 Y180.293 E85.20048
G1 X175.76 Y180.155 E85.20699
G1 X175.565 Y179.828 E85.21965
G1 X175.5 Y179.5 E85.23078
G1 X175.5 Y173.5 E85.43034
G1 X136.5 Y173.5 E86.72748
G1 X136.5 Y184.549 E87.09497
G1 X136.43 Y184.838 E87.10486
G1 X136.293 Y185.101 E87.11473
G1 X136.155 Y185.24 E87.12124
G1 X135.828 Y185.435 E87.1339
G1 X135.5 Y185.5 E87.14502
G1 X123.451 Y185.5 E87.54578
G1 X123.162 Y185.43 E87.55567
G1 X122.899 Y185.293 E87.56553
G1 X122.76 Y185.155 E87.57204
G1 X122.565 Y184.828 E87.58471
G1 X122.5 Y184.5 E87.59583
G1 X122.5 Y173.5 E87.96169
G1 X111.451 Y173.5 E88.32918
G1 X111.162 Y173.43 E88.33907
G1 X110.899 Y173.293 E88.34893
G1 X110.76 Y173.155 E88.35545
G1 X110.565 Y172.828 E88.36811
G1 X110.5 Y172.5 E88.37923
G1 X110.5 Y127.451 E89.87757
G1 X110.57 Y127.162 E89.88746
G1 X110.707 Y126.899 E89.89732
G1 X110.845 Y126.76 E89.90384
G1 X111.172 Y126.565 E89.9165
G1 X111.5 Y126.5 E89.92762
G1 X122.5 Y126.5 E90.29348
G1 X122.5 Y115.451 E90.66097
G1 X122.57 Y115.162 E90.67086
G1 X122.707 Y114.899 E90.68073
G0 F6000 X123.339 Y115.381
G1 F1200 X123.5 Y115.3 E90.68672
G1 X135.5 Y115.3 E91.08584
G1 X135.619 Y115.339 E91.09001
G1 X135.7 Y115.5 E91.096
G1 X135.7 Y127.3 E91.48847
G1 X176.3 Y127.3 E92.83883
G1 X176.3 Y120.5 E93.065
G1 X176.339 Y120.381 E93.06917
G1 X176.5 Y120.3 E93.07516
G1 X188.5 Y120.3 E93.47428
G1 X188.619 Y120.339 E93.47845
G1 X188.7 Y120.5 E93.48444
G1 X188.7 Y132.5 E93.88357
G1 X188.661 Y132.619 E93.88773
G1 X188.5 Y132.7 E93.89372
G1 X181.7 Y132.7 E94.11989
G1 X181.7 Y167.3 E95.27069
G1 X188.5 Y167.3 E95.49686
G1 X188.619 Y167.339 E95.50103
G1 X188.7 Y167.5 E95.50702
G1 X188.7 Y179.5 E95.90614
G1 X188.661 Y179.619 E95.91031
G1 X188.5 Y179.7 E95.9163
G1 X176.5 Y179.7 E96.31543
G1 X176.381 Y179.661 E96.31959
G1 X176.3 Y179.5 E96.32559
G1 X176.3 Y172.7 E96.55175
G1 X135.7 Y172.7 E97.90212
G1 X135.7 Y184.5 E98.29459
G1 X135.661 Y184.619 E98.29875
G1 X135.5 Y184.7 E98.30474
G1 X123.5 Y184.7 E98.70387
G1 X123.381 Y184.661 E98.70803
G1 X123.3 Y184.5 E98.71403
G1 X123.3 Y172.7 E99.1065
G1 X111.5 Y172.7 E99.49896
G1 X111.381 Y172.661 E99.50313
G1 X111.3 Y172.5 E99.50912
G1 X111.3 Y127.5 E101.00583
G1 X111.339 Y127.381 E101.01
G1 X111.5 Y127.3 E101.01599
G1 X123.3 Y127.3 E101.40846
G1 X123.3 Y115.5 E101.80093
G1 X123.339 Y115.381 E101.80509
G0 F6000 X122.959 Y115.256
G1 F1200 X123.05 Y115.104 E101.81099
G1 X123.32 Y114.943 E101.82144
G1 X123.5 Y114.9 E101.8276
G1 X135.5 Y114.9 E102.22672
G1 X135.744 Y114.959 E102.23507
G1 X135.896 Y115.05 E102.24096
G1 X136.057 Y115.32 E102.25142
G1 X136.1 Y115.5 E102.25757
G1 X136.1 Y126.9 E102.63674
G1 X175.9 Y126.9 E103.96049
G1 X175.9 Y120.5 E104.17336
G1 X175.959 Y120.256 E104.1817
G1 X176.05 Y120.104 E104.1876
G1 X176.32 Y119.943 E104.19805
G1 X176.5 Y119.9 E104.20421
G1 X188.5 Y119.9 E104.60333
G1 X188.744 Y119.959 E104.61168
G1 X188.896 Y120.05 E104.61757
G1 X189.057 Y120.32 E104.62803
G1 X189.1 Y120.5 E104.63418
G1 X189.1 Y132.5 E105.0333
G1 X189.041 Y132.744 E105.04165
G1 X188.95 Y132.896 E105.04755
G1 X188.68 Y133.057 E105.058
G1 X188.5 Y133.1 E105.06416
G1 X182.1 Y133.1 E105.27702
G1 X182.1 Y166.9 E106.40121
G1 X188.5 Y166.9 E106.61408
G1 X188.744 Y166.959 E106.62243
G1 X188.896 Y167.05 E106.62832
G1 X189.057 Y167.32 E106.63878
G1 X189.1 Y167.5 E106.64493
G1 X189.1 Y179.5 E107.04405
G1 X189.041 Y179.744 E107.0524
G1 X188.95 Y179.896 E107.05829
G1 X188.68 Y180.057 E107.06875
G1 X188.5 Y180.1 E107.07491
G1 X176.5 Y180.1 E107.47403
G1 X176.256 Y180.041 E107.48238
G1 X176.104 Y179.95 E107.48827
G1 X175.943 Y179.68 E107.49872
G1 X175.9 Y179.5 E107.50488
G1 X175.9 Y173.1 E107.71774
G1 X136.1 Y173.1 E109.0415
G1 X136.1 Y184.5 E109.42066
G1 X136.041 Y184.744 E109.42901
G1 X135.95 Y184.896 E109.4349
G1 X135.68 Y185.057 E109.44536
G1 X135.5 Y185.1 E109.45152
G1 X123.5 Y185.1 E109.85064
G1 X123.256 Y185.041 E109.85899
G1 X123.104 Y184.95 E109.86488
G1 X122.943 Y184.68 E109.87533
G1 X122.9 Y184.5 E109.88149
G1 X122.9 Y173.1 E110.26066
G1 X111.5 Y173.1 E110.63982
G1 X111.256 Y173.041 E110.64817
G1 X111.104 Y172.95 E110.65406
G1 X110.943 Y172.68 E110.66452
G1 X110.9 Y172.5 E110.67067
G1 X110.9 Y127.5 E112.16738
G1 X110.959 Y127.256 E112.17573
G1 X111.05 Y127.104 E112.18162
G1 X111.32 Y126.943 E112.19208
G1 X111.5 Y126.9 E112.19823
G1 X122.9 Y126.9 E112.5774
G1 X122.9 Y115.5 E112.95656
G1 X122.959 Y115.256 E112.96491
G1 F2400 E112.46491
;MESH:Vakuumpumpe casing (berre sk??l)V2.stl
G0 F6000 X126.839 Y118.61
G0 X129.497 Y122.1
;TYPE:WALL-INNER
G1 F2400 E112.96491
G1 F1200 X129.124 Y122.073 E112.97735
G1 X128.786 Y122.002 E112.98884
G1 X128.464 Y121.887 E113.00021
G1 X128.171 Y121.735 E113.01119
G1 X127.884 Y121.54 E113.02273
G1 X127.628 Y121.308 E113.03422
G1 X127.417 Y121.056 E113.04515
G1 X127.223 Y120.762 E113.05687
G1 X127.082 Y120.462 E113.06789
G1 X126.998 Y120.226 E113.07622
G1 X126.92 Y119.86 E113.08867
G1 X126.896 Y119.5 E113.10067
G1 X126.923 Y119.123 E113.11324
G1 X127.014 Y118.662 E113.12887
G1 X127.317 Y118.047 E113.15167
G1 X127.688 Y117.628 E113.17029
G1 X127.945 Y117.414 E113.18141
G1 X128.235 Y117.225 E113.19292
G1 X128.537 Y117.081 E113.20405
G1 X128.86 Y116.975 E113.21536
G1 X129.136 Y116.92 E113.22472
G1 X129.5 Y116.896 E113.23685
G1 X129.794 Y116.913 E113.24665
G1 X130.139 Y116.974 E113.2583
G1 X130.522 Y117.107 E113.27178
G1 X130.761 Y117.223 E113.28062
G1 X131.056 Y117.416 E113.29235
G1 X131.308 Y117.628 E113.3033
G1 X131.591 Y117.951 E113.31758
G1 X131.767 Y118.227 E113.32847
G1 X131.921 Y118.546 E113.34025
G1 X132.021 Y118.859 E113.35118
G1 X132.083 Y119.203 E113.36281
G1 X132.1 Y119.5 E113.3727
G1 X132.076 Y119.86 E113.3847
G1 X132.001 Y120.217 E113.39683
G1 X131.889 Y120.529 E113.40786
G1 X131.732 Y120.833 E113.41924
G1 X131.544 Y121.108 E113.43032
G1 X131.308 Y121.371 E113.44207
G1 X131.049 Y121.588 E113.45331
G1 X130.769 Y121.769 E113.4644
G1 X130.453 Y121.921 E113.47606
G1 X130.142 Y122.021 E113.48693
G1 X129.868 Y122.076 E113.49622
G1 X129.497 Y122.1 E113.50859
G1 F2400 E113.00859
G0 F6000 X130.51 Y122.092
G0 X130.51 Y129.699
G0 X150 Y170.1
G1 F2400 E113.50859
G1 F1200 X114.5 Y170.1 E114.68932
G1 X114.261 Y170.051 E114.69744
G1 X114.075 Y169.925 E114.70491
G1 X113.949 Y169.739 E114.71238
G1 X113.9 Y169.574 E114.71811
G1 X113.9 Y130.5 E116.01771
G1 X113.949 Y130.261 E116.02583
G1 X114.075 Y130.075 E116.0333
G1 X114.261 Y129.949 E116.04077
G1 X114.426 Y129.9 E116.0465
G1 X178.5 Y129.896 E118.17761
G1 X178.731 Y129.941 E118.18543
G1 X178.999 Y130.161 E118.19697
G1 X179.1 Y130.392 E118.20535
G1 X179.1 Y169.608 E119.50968
G1 X178.982 Y169.859 E119.51891
G1 X178.785 Y170.029 E119.52756
G1 X178.6 Y170.1 E119.53415
G1 X150 Y170.1 E120.48539
G1 F2400 E119.98539
G0 F6000 X150 Y171.7
G0 X150 Y171.9
G1 F2400 E120.48539
G1 F1200 X176.5 Y171.9 E121.36678
G1 X176.755 Y171.956 E121.37547
G1 X176.946 Y172.097 E121.38336
G1 X177.1 Y172.429 E121.39554
G1 X177.1 Y178.9 E121.61076
G1 X187.9 Y178.9 E121.96997
G1 X187.9 Y168.1 E122.32918
G1 X181.429 Y168.1 E122.54441
G1 X181.097 Y167.946 E122.55658
G1 X180.956 Y167.754 E122.5645
G1 X180.9 Y167.575 E122.57074
G1 X180.9 Y132.5 E123.73734
G1 X180.956 Y132.245 E123.74602
G1 X181.098 Y132.054 E123.75394
G1 X181.27 Y131.945 E123.76071
G1 X181.431 Y131.9 E123.76627
G1 X187.9 Y131.9 E123.98143
G1 X187.9 Y121.1 E124.34064
G1 X177.1 Y121.1 E124.69985
G1 X177.1 Y127.569 E124.91501
G1 X177.055 Y127.731 E124.9206
G1 X176.86 Y127.98 E124.93112
G1 X176.583 Y128.1 E124.94116
G1 X135.5 Y128.1 E126.30759
G1 X135.217 Y128.03 E126.31729
G1 X135.02 Y127.86 E126.32594
G1 X134.9 Y127.62 E126.33487
G1 X134.9 Y116.1 E126.71802
G1 X124.101 Y116.101 E127.0772
G1 X124.1 Y127.62 E127.46032
G1 X123.98 Y127.861 E127.46928
G1 X123.782 Y128.03 E127.47793
G1 X123.578 Y128.1 E127.48511
G1 X112.1 Y128.1 E127.86687
G1 X112.1 Y171.9 E129.32366
G1 X123.5 Y171.9 E129.70283
G1 X123.783 Y171.97 E129.71252
G1 X123.98 Y172.14 E129.72118
G1 X124.1 Y172.379 E129.73007
G1 X124.1 Y183.9 E130.11326
G1 X134.9 Y183.9 E130.47247
G1 X134.9 Y172.379 E130.85566
G1 X135.02 Y172.14 E130.86456
G1 X135.217 Y171.97 E130.87321
G1 X135.422 Y171.9 E130.88042
G1 X150 Y171.9 E131.36528
G1 F2400 E130.86528
G0 F6000 X135.062 Y172.062
G0 X135.058 Y182.838
G0 X134.7 Y183.1
G0 X130.849 Y182.931
G0 X129.496 Y183.1
G1 F2400 E131.36528
G1 F1200 X129.123 Y183.073 E131.37772
G1 X128.859 Y183.021 E131.38667
G1 X128.463 Y182.887 E131.40058
G1 X128.171 Y182.734 E131.41154
G1 X127.951 Y182.591 E131.42027
G1 X127.688 Y182.368 E131.43174
G1 X127.416 Y182.056 E131.4455
G1 X127.223 Y181.762 E131.4572
G1 X127.082 Y181.462 E131.46822
G1 X126.998 Y181.226 E131.47656
G1 X126.92 Y180.86 E131.489
G1 X126.896 Y180.5 E131.501
G1 X126.923 Y180.123 E131.51357
G1 X127.014 Y179.662 E131.5292
G1 X127.318 Y179.044 E131.55211
G1 X127.688 Y178.629 E131.5706
G1 X127.945 Y178.414 E131.58175
G1 X128.235 Y178.225 E131.59326
G1 X128.537 Y178.081 E131.60439
G1 X128.86 Y177.975 E131.6157
G1 X129.136 Y177.92 E131.62506
G1 X129.5 Y177.896 E131.63719
G1 X129.871 Y177.922 E131.64956
G1 X130.226 Y177.998 E131.66163
G1 X130.522 Y178.107 E131.67212
G1 X130.84 Y178.269 E131.68399
G1 X131.108 Y178.457 E131.69488
G1 X131.367 Y178.688 E131.70643
G1 X131.591 Y178.951 E131.71792
G1 X131.767 Y179.228 E131.72883
G1 X131.921 Y179.546 E131.74058
G1 X132.021 Y179.859 E131.75151
G1 X132.083 Y180.203 E131.76314
G1 X132.1 Y180.5 E131.77303
G1 X132.076 Y180.86 E131.78503
G1 X132.003 Y181.203 E131.7967
G1 X131.889 Y181.529 E131.80818
G1 X131.732 Y181.833 E131.81956
G1 X131.543 Y182.108 E131.83066
G1 X131.308 Y182.372 E131.84242
G1 X131.049 Y182.588 E131.85363
G1 X130.769 Y182.769 E131.86472
G1 X130.453 Y182.921 E131.87639
G1 X130.142 Y183.021 E131.88725
G1 X129.868 Y183.076 E131.89655
G1 X129.496 Y183.1 E131.90894
G1 F2400 E131.40894
G0 F6000 X129.763 Y183.005
G0 X131.68 Y182.226
G0 X182.848 Y177.74
G0 X184.5 Y178.1
G1 F2400 E131.90894
G1 F1200 X184.123 Y178.073 E131.92152
G1 X183.859 Y178.021 E131.93047
G1 X183.47 Y177.891 E131.94411
G1 X183.156 Y177.73 E131.95584
G1 X182.948 Y177.59 E131.96418
G1 X182.637 Y177.317 E131.97795
G1 X182.461 Y177.117 E131.98681
G1 X182.223 Y176.762 E132.00102
G1 X182.082 Y176.462 E132.01205
G1 X181.974 Y176.139 E132.02338
G1 X181.92 Y175.86 E132.03283
G1 X181.896 Y175.5 E132.04483
G1 X181.923 Y175.122 E132.05743
G1 X181.997 Y174.781 E132.06904
G1 X182.109 Y174.475 E132.07988
G1 X182.264 Y174.169 E132.09128
G1 X182.431 Y173.915 E132.10139
G1 X182.637 Y173.683 E132.11171
G1 X182.914 Y173.436 E132.12406
G1 X183.235 Y173.225 E132.13683
G1 X183.537 Y173.081 E132.14796
G1 X183.859 Y172.975 E132.15924
G1 X184.136 Y172.92 E132.16863
G1 X184.5 Y172.896 E132.18076
G1 X184.794 Y172.913 E132.19056
G1 X185.226 Y172.998 E132.2052
G1 X185.462 Y173.082 E132.21353
G1 X185.762 Y173.223 E132.22456
G1 X186.108 Y173.456 E132.23843
G1 X186.368 Y173.688 E132.25002
G1 X186.591 Y173.951 E132.26149
G1 X186.767 Y174.228 E132.27241
G1 X186.922 Y174.545 E132.28414
G1 X187.002 Y174.785 E132.29256
G1 X187.073 Y175.123 E132.30404
G1 X187.1 Y175.5 E132.31662
G1 X187.074 Y175.871 E132.32899
G1 X187.001 Y176.217 E132.34075
G1 X186.889 Y176.529 E132.35177
G1 X186.732 Y176.833 E132.36315
G1 X186.543 Y177.108 E132.37425
G1 X186.341 Y177.341 E132.38451
G1 X186.049 Y177.588 E132.39723
G1 X185.769 Y177.769 E132.40832
G1 X185.453 Y177.921 E132.41998
G1 X185.139 Y178.022 E132.43095
G1 X184.86 Y178.076 E132.4404
G1 X184.5 Y178.1 E132.4524
G1 F2400 E131.9524
G0 F6000 X183.275 Y177.624
G0 X182.772 Y177.241
G0 X182.376 Y176.725
G0 X182.131 Y176.134
G0 X182.046 Y175.5
G0 X182.131 Y174.866
G0 X182.376 Y174.275
G0 X182.765 Y173.765
G0 X183.054 Y173.545
G0 X184.5 Y172.716
G0 X184.504 Y127.28
G0 X184.504 Y127.1
G1 F2400 E132.4524
G1 F1200 X184.128 Y127.073 E132.46494
G1 X183.66 Y126.981 E132.4808
G1 X183.043 Y126.675 E132.50371
G1 X182.658 Y126.34 E132.52068
G1 X182.457 Y126.108 E132.53089
G1 X182.263 Y125.832 E132.54212
G1 X182.082 Y125.462 E132.55581
G1 X181.975 Y125.142 E132.56704
G1 X181.92 Y124.868 E132.57633
G1 X181.896 Y124.508 E132.58833
G1 X181.912 Y124.204 E132.59846
G1 X181.997 Y123.781 E132.61281
G1 X182.109 Y123.475 E132.62365
G1 X182.264 Y123.169 E132.63505
G1 X182.461 Y122.879 E132.64672
G1 X182.688 Y122.632 E132.65787
G1 X182.945 Y122.414 E132.66908
G1 X183.235 Y122.225 E132.68059
G1 X183.537 Y122.081 E132.69172
G1 X183.86 Y121.975 E132.70303
G1 X184.136 Y121.92 E132.71239
G1 X184.5 Y121.896 E132.72452
G1 X184.794 Y121.913 E132.73432
G1 X185.139 Y121.974 E132.74597
G1 X185.522 Y122.107 E132.75946
G1 X185.761 Y122.223 E132.76829
G1 X186.056 Y122.416 E132.78002
G1 X186.341 Y122.659 E132.79247
G1 X186.591 Y122.951 E132.80526
G1 X186.767 Y123.228 E132.81617
G1 X186.922 Y123.545 E132.82791
G1 X187.002 Y123.785 E132.83632
G1 X187.073 Y124.123 E132.84781
G1 X187.1 Y124.5 E132.86038
G1 X187.074 Y124.871 E132.87275
G1 X187.001 Y125.217 E132.88451
G1 X186.889 Y125.529 E132.89554
G1 X186.732 Y125.833 E132.90692
G1 X186.543 Y126.108 E132.91802
G1 X186.308 Y126.371 E132.92975
G1 X186.108 Y126.544 E132.93854
G1 X185.833 Y126.732 E132.94962
G1 X185.446 Y126.922 E132.96396
G1 X185.134 Y127.021 E132.97485
G1 X184.86 Y127.076 E132.98414
G1 X184.504 Y127.1 E132.99601
G0 F6000 X184.491 Y126.7
;TYPE:WALL-OUTER
G1 F1200 X184.205 Y126.681 E133.00555
G1 X183.791 Y126.6 E133.01958
G1 X183.279 Y126.347 E133.03857
G1 X182.942 Y126.058 E133.05334
G1 X182.747 Y125.83 E133.06332
G1 X182.583 Y125.588 E133.07304
G1 X182.467 Y125.348 E133.0819
G1 X182.367 Y125.064 E133.09192
G1 X182.314 Y124.799 E133.10091
G1 X182.296 Y124.496 E133.111
G1 X182.315 Y124.2 E133.12087
G1 X182.367 Y123.94 E133.12969
G1 X182.468 Y123.651 E133.13987
G1 X182.588 Y123.407 E133.14891
G1 X182.759 Y123.146 E133.15929
G1 X182.952 Y122.933 E133.16885
G1 X183.168 Y122.746 E133.17835
G1 X183.411 Y122.584 E133.18807
G1 X183.669 Y122.459 E133.1976
G1 X183.937 Y122.367 E133.20703
G1 X184.205 Y122.314 E133.21611
G1 X184.513 Y122.296 E133.22638
G1 X184.794 Y122.315 E133.23574
G1 X185.092 Y122.375 E133.24585
G1 X185.348 Y122.467 E133.2549
G1 X185.587 Y122.583 E133.26374
G1 X185.83 Y122.746 E133.27347
G1 X186.058 Y122.942 E133.28347
G1 X186.256 Y123.17 E133.29351
G1 X186.411 Y123.409 E133.30299
G1 X186.531 Y123.645 E133.31179
G1 X186.629 Y123.937 E133.32204
G1 X186.684 Y124.227 E133.33185
G1 X186.7 Y124.5 E133.34095
G1 X186.681 Y124.795 E133.35078
G1 X186.597 Y125.216 E133.36506
G1 X186.399 Y125.611 E133.37976
G1 X186.24 Y125.847 E133.38922
G1 X186.047 Y126.068 E133.39898
G1 X185.827 Y126.255 E133.40858
G1 X185.589 Y126.412 E133.41807
G1 X185.32 Y126.542 E133.428
G1 X185.056 Y126.629 E133.43725
G1 X184.791 Y126.682 E133.44624
G1 X184.491 Y126.7 E133.45623
G1 F2400 E132.95623
G0 F6000 X184.471 Y127.009
G0 X184.504 Y127.28
G0 X184.5 Y172.716
G0 X184.487 Y177.7
G1 F2400 E133.45623
G1 F1200 X184.201 Y177.681 E133.46577
G1 X183.912 Y177.622 E133.47558
G1 X183.647 Y177.532 E133.48489
G1 X183.403 Y177.412 E133.49393
G1 X183.152 Y177.243 E133.50399
G1 X182.937 Y177.053 E133.51354
G1 X182.761 Y176.853 E133.5224
G1 X182.583 Y176.588 E133.53302
G1 X182.459 Y176.328 E133.5426
G1 X182.367 Y176.063 E133.55193
G1 X182.314 Y175.791 E133.56114
G1 X182.296 Y175.487 E133.57127
G1 X182.315 Y175.2 E133.58084
G1 X182.367 Y174.94 E133.58966
G1 X182.468 Y174.651 E133.59984
G1 X182.588 Y174.407 E133.60888
G1 X182.749 Y174.158 E133.61875
G1 X182.952 Y173.933 E133.62882
G1 X183.158 Y173.753 E133.63792
G1 X183.411 Y173.584 E133.64804
G1 X183.669 Y173.459 E133.65758
G1 X183.937 Y173.367 E133.667
G1 X184.205 Y173.314 E133.67609
G1 X184.513 Y173.296 E133.68635
G1 X184.795 Y173.315 E133.69575
G1 X185.063 Y173.367 E133.70483
G1 X185.328 Y173.459 E133.71416
G1 X185.588 Y173.583 E133.72374
G1 X185.847 Y173.76 E133.73418
G1 X186.067 Y173.952 E133.74389
G1 X186.256 Y174.17 E133.75348
G1 X186.411 Y174.409 E133.76296
G1 X186.531 Y174.645 E133.77176
G1 X186.629 Y174.937 E133.78201
G1 X186.684 Y175.227 E133.79183
G1 X186.7 Y175.513 E133.80135
G1 X186.681 Y175.795 E133.81075
G1 X186.597 Y176.216 E133.82503
G1 X186.399 Y176.611 E133.83973
G1 X186.24 Y176.847 E133.84919
G1 X186.058 Y177.058 E133.85846
G1 X185.827 Y177.255 E133.86856
G1 X185.59 Y177.411 E133.878
G1 X185.325 Y177.542 E133.88783
G1 X185.063 Y177.629 E133.89701
G1 X184.791 Y177.682 E133.90623
G1 X184.487 Y177.7 E133.91636
G1 F2400 E133.41636
G0 F6000 X184.466 Y178.01
G0 X183.562 Y177.766
G0 X182.083 Y176.889
G0 X177.3 Y176.889
G0 X150 Y172.302
G1 F2400 E133.91636
G1 F1200 X176.56 Y172.3 E134.79974
G1 X176.649 Y172.365 E134.80341
G1 X176.698 Y172.468 E134.8072
G1 X176.7 Y179.3 E135.03444
G1 X188.3 Y179.3 E135.42025
G1 X188.3 Y167.7 E135.80607
G1 X181.468 Y167.698 E136.03331
G1 X181.365 Y167.649 E136.0371
G1 X181.303 Y167.535 E136.04142
G1 X181.3 Y132.439 E137.20871
G1 X181.366 Y132.351 E137.21237
G1 X181.468 Y132.302 E137.21614
G1 X188.3 Y132.3 E137.44337
G1 X188.3 Y120.7 E137.82919
G1 X176.7 Y120.7 E138.215
G1 X176.698 Y127.56 E138.44317
G1 X176.62 Y127.66 E138.44739
G1 X176.535 Y127.697 E138.45047
G1 X135.423 Y127.7 E139.81786
G1 X135.3 Y127.54 E139.82457
G1 X135.3 Y115.7 E140.21837
G1 X123.701 Y115.701 E140.60416
G1 X123.7 Y127.54 E140.99792
G1 X123.66 Y127.621 E141.00093
G1 X123.535 Y127.697 E141.00579
G1 X111.7 Y127.7 E141.39943
G1 X111.7 Y172.3 E142.88283
G1 X123.577 Y172.3 E143.27786
G1 X123.7 Y172.459 E143.28455
G1 X123.7 Y184.3 E143.67838
G1 X135.3 Y184.3 E144.0642
G1 X135.3 Y172.459 E144.45803
G1 X135.34 Y172.38 E144.46098
G1 X135.465 Y172.303 E144.46586
G1 X150 Y172.302 E144.94929
G1 F2400 E144.44929
G0 F6000 X150 Y171.99
G0 X149.999 Y171.7
G0 X149.999 Y170.28
G0 X150 Y169.697
G1 F2400 E144.94929
G1 F1200 X114.444 Y169.7 E146.13189
G1 X114.358 Y169.642 E146.13534
G1 X114.303 Y169.535 E146.13934
G1 X114.3 Y130.444 E147.43952
G1 X114.358 Y130.358 E147.44297
G1 X114.465 Y130.303 E147.44697
G1 X178.547 Y130.301 E149.57834
G1 X178.656 Y130.369 E149.58262
G1 X178.695 Y130.449 E149.58558
G1 X178.695 Y169.548 E150.88601
G1 X178.622 Y169.66 E150.89046
G1 X178.548 Y169.695 E150.89318
G1 X150 Y169.697 E151.84269
G1 F2400 E151.34269
G0 F6000 X149.999 Y170.01
G0 X129.462 Y170.28
G0 X129.5 Y177.716
G0 X129.483 Y182.7
G1 F2400 E151.84269
G1 F1200 X129.201 Y182.681 E151.85209
G1 X128.912 Y182.622 E151.8619
G1 X128.645 Y182.531 E151.87129
G1 X128.39 Y182.4 E151.88082
G1 X128.148 Y182.239 E151.89049
G1 X127.932 Y182.047 E151.9001
G1 X127.746 Y181.83 E151.90961
G1 X127.583 Y181.588 E151.91931
G1 X127.467 Y181.348 E151.92818
G1 X127.367 Y181.063 E151.93822
G1 X127.314 Y180.791 E151.94744
G1 X127.296 Y180.487 E151.95757
G1 X127.315 Y180.201 E151.9671
G1 X127.396 Y179.79 E151.98104
G1 X127.668 Y179.252 E152.00109
G1 X127.949 Y178.932 E152.01525
G1 X128.149 Y178.76 E152.02402
G1 X128.411 Y178.584 E152.03452
G1 X128.669 Y178.459 E152.04406
G1 X128.937 Y178.367 E152.05348
G1 X129.205 Y178.314 E152.06257
G1 X129.513 Y178.296 E152.07283
G1 X129.769 Y178.312 E152.08136
G1 X130.064 Y178.367 E152.09134
G1 X130.348 Y178.467 E152.10136
G1 X130.588 Y178.583 E152.11022
G1 X130.847 Y178.76 E152.12066
G1 X131.067 Y178.952 E152.13037
G1 X131.256 Y179.17 E152.13996
G1 X131.411 Y179.409 E152.14944
G1 X131.531 Y179.645 E152.15824
G1 X131.629 Y179.937 E152.16849
G1 X131.684 Y180.227 E152.17831
G1 X131.7 Y180.513 E152.18783
G1 X131.681 Y180.796 E152.19727
G1 X131.623 Y181.079 E152.20688
G1 X131.543 Y181.323 E152.21542
G1 X131.399 Y181.611 E152.22613
G1 X131.24 Y181.847 E152.23559
G1 X131.047 Y182.068 E152.24535
G1 X130.827 Y182.255 E152.25495
G1 X130.59 Y182.411 E152.26439
G1 X130.325 Y182.542 E152.27422
G1 X130.064 Y182.629 E152.28337
G1 X129.799 Y182.682 E152.29236
G1 X129.483 Y182.7 E152.30289
G1 F2400 E151.80289
G0 F6000 X129.462 Y183.009
G0 X128.562 Y182.766
G0 X128.007 Y182.446
G0 X127.554 Y181.993
G0 X127.234 Y181.438
G0 X127.069 Y180.82
G0 X127.069 Y180.18
G0 X127.234 Y179.562
G0 X127.548 Y179.015
G0 X127.961 Y178.6
G0 X129.5 Y177.716
G0 X129.497 Y122.28
G0 X129.483 Y121.7
G1 F2400 E152.30289
G1 F1200 X129.201 Y121.681 E152.31229
G1 X128.936 Y121.629 E152.32127
G1 X128.645 Y121.531 E152.33148
G1 X128.39 Y121.4 E152.34102
G1 X128.148 Y121.239 E152.35069
G1 X127.932 Y121.047 E152.3603
G1 X127.747 Y120.83 E152.36978
G1 X127.583 Y120.588 E152.37951
G1 X127.467 Y120.348 E152.38837
G1 X127.367 Y120.063 E152.39842
G1 X127.314 Y119.791 E152.40763
G1 X127.296 Y119.487 E152.41776
G1 X127.315 Y119.201 E152.4273
G1 X127.396 Y118.791 E152.4412
G1 X127.64 Y118.295 E152.45958
G1 X127.949 Y117.932 E152.47544
G1 X128.149 Y117.76 E152.48421
G1 X128.411 Y117.584 E152.49471
G1 X128.669 Y117.459 E152.50424
G1 X128.937 Y117.367 E152.51367
G1 X129.205 Y117.314 E152.52275
G1 X129.513 Y117.296 E152.53302
G1 X129.794 Y117.315 E152.54238
G1 X130.092 Y117.375 E152.55249
G1 X130.348 Y117.467 E152.56154
G1 X130.587 Y117.583 E152.57038
G1 X130.83 Y117.746 E152.58011
G1 X131.067 Y117.952 E152.59055
G1 X131.256 Y118.17 E152.60015
G1 X131.411 Y118.409 E152.60962
G1 X131.531 Y118.645 E152.61843
G1 X131.629 Y118.937 E152.62867
G1 X131.684 Y119.227 E152.63849
G1 X131.7 Y119.513 E152.64802
G1 X131.682 Y119.791 E152.65728
G1 X131.596 Y120.216 E152.67171
G1 X131.399 Y120.611 E152.68639
G1 X131.24 Y120.847 E152.69585
G1 X131.047 Y121.068 E152.70561
G1 X130.827 Y121.255 E152.71521
G1 X130.59 Y121.411 E152.72465
G1 X130.325 Y121.542 E152.73448
G1 X130.064 Y121.629 E152.74363
G1 X129.799 Y121.682 E152.75262
G1 X129.483 Y121.7 E152.76315
G1 F2400 E152.26315
G0 F6000 X129.462 Y122.009
G0 X131.149 Y121.738
G0 X135.07 Y121.738
G0 X184.059 Y121.512
;TYPE:SKIN
G1 F2400 E152.76315
G1 F977.6 X184.513 Y121.498 E152.78169
G1 F991.7 X184.813 Y121.506 E152.79377
G1 F905.7 X185.275 Y121.544 E152.8142
G1 F2400 E152.3142
G0 F6000 X185.275 Y121.2
G0 X187.181 Y121.3
G0 X186.469 Y122.532
G0 X187.487 Y124.091
G1 F2400 E152.8142
G1 F1059.6 X187.305 Y123.518 E152.83685
G1 F1200 X187.093 Y123.07 E152.85333
G1 X186.865 Y122.711 E152.86748
G1 X186.591 Y122.403 E152.88119
G1 X186.253 Y122.115 E152.89596
G1 X185.937 Y121.911 E152.90847
G1 X185.656 Y121.773 E152.91888
G1 F991.7 X185.275 Y121.544 E152.93677
G1 X185.713 Y121.46 E152.95472
G1 F1200 X187.54 Y121.46 E153.01548
G1 X187.54 Y123.539 E153.08463
G1 F1059.6 X187.487 Y124.091 E153.10552
G1 F973.6 X187.5 Y124.505 E153.1225
G1 F969.7 X187.485 Y124.928 E153.13992
G1 F2400 E152.63992
G0 F6000 X187.174 Y124.881
G0 X186.466 Y126.474
G0 X186.504 Y173.569
G0 X187.487 Y175.091
G1 F2400 E153.13992
G1 F973.6 X187.5 Y175.509 E153.15706
G1 F969.7 X187.485 Y175.928 E153.17432
G1 F2400 E152.67432
G0 F6000 X187.174 Y175.881
G0 X186.414 Y176.978
G0 X185.562 Y178.075
G0 X185.562 Y178.7
G0 X185.662 Y178.54
G1 F2400 E153.17432
G1 F1165 X185.251 Y178.527 E153.18841
G1 F1023.5 X184.939 Y178.483 E153.2007
G1 F1050.3 X185.648 Y178.23 E153.2293
G1 F1200 X186.012 Y178.042 E153.24293
G1 X186.326 Y177.83 E153.25553
G1 X186.594 Y177.594 E153.26741
G1 X186.814 Y177.345 E153.27846
G1 X187.042 Y177.013 E153.29185
G1 X187.202 Y176.705 E153.3034
G1 F1054.9 X187.485 Y175.928 E153.33468
G1 X187.54 Y176.332 E153.35011
G1 F1200 X187.54 Y178.54 E153.42355
G1 X185.662 Y178.54 E153.48601
G0 F6000 X184.939 Y178.483
G1 F960 X184.484 Y178.498 E153.50494
G1 F956.2 X184.033 Y178.481 E153.52377
G1 F2400 E153.02377
G0 F6000 X184.101 Y178.172
G0 X183.389 Y178.053
G0 X131.68 Y182.226
G0 X129.029 Y183.481
G1 F2400 E153.52377
G1 F956.2 X129.48 Y183.498 E153.54261
G1 F960 X129.95 Y183.484 E153.56216
G1 F2400 E153.06216
G0 F6000 X129.95 Y183.8
G0 X134.728 Y183.728
G0 X135.062 Y172.062
G0 X150 Y171.7
G0 X150 Y170.28
G0 X150 Y170.457
G1 F2400 E153.56216
G1 F1200 X178.684 Y170.458 E154.5162
G1 X179.084 Y170.265 E154.53097
G1 X179.37 Y169.897 E154.54647
G1 X179.456 Y169.541 E154.55865
G1 X179.458 Y130.333 E155.86271
G1 X179.255 Y129.867 E155.87962
G1 X178.901 Y129.622 E155.89394
G1 X178.516 Y129.537 E155.90705
G1 X114.369 Y129.542 E158.04059
G1 X114.087 Y129.634 E158.05046
G1 X113.822 Y129.818 E158.06119
G1 X113.611 Y130.12 E158.07344
G1 X113.544 Y130.46 E158.08497
G1 X113.542 Y169.627 E159.38767
G1 X113.633 Y169.907 E159.39746
G1 X113.818 Y170.178 E159.40837
G1 X114.119 Y170.384 E159.4205
G1 X114.458 Y170.456 E159.43203
G1 X150 Y170.457 E160.61416
G0 F6000 X150 Y170.2
G0 X150 Y171.7
G0 X150 Y171.543
G1 F1200 X135.365 Y171.542 E161.10092
G1 X135.039 Y171.65 E161.11235
G1 X134.732 Y171.918 E161.1259
G1 X134.59 Y172.192 E161.13616
G1 X134.541 Y172.478 E161.14581
G1 X134.54 Y183.54 E161.51374
G1 X130.613 Y183.54 E161.64435
G1 F1159.4 X130.248 Y183.526 E161.65692
G1 F1019.1 X129.95 Y183.484 E161.66871
G1 F1050.3 X130.595 Y183.249 E161.6948
G1 F1200 X130.919 Y183.093 E161.70676
G1 X131.243 Y182.89 E161.71947
G1 X131.585 Y182.606 E161.73426
G1 X131.812 Y182.347 E161.74571
G1 X132.029 Y182.034 E161.75838
G1 X132.234 Y181.645 E161.77301
G1 X132.343 Y181.309 E161.78476
G1 X132.43 Y180.919 E161.79805
G1 X132.46 Y180.507 E161.81179
G1 X132.438 Y180.158 E161.82342
G1 X132.378 Y179.802 E161.83542
G1 X132.243 Y179.374 E161.85035
G1 X132.042 Y178.983 E161.86497
G1 X131.891 Y178.753 E161.87412
G1 X131.642 Y178.452 E161.88712
G1 X131.336 Y178.181 E161.90071
G1 X131.002 Y177.938 E161.91445
G1 X130.682 Y177.783 E161.92628
G1 X130.257 Y177.627 E161.94133
G1 X129.834 Y177.554 E161.95561
G1 X129.511 Y177.536 E161.96637
G1 X129.091 Y177.56 E161.98036
G1 X128.56 Y177.676 E161.99844
G1 X128.078 Y177.899 E162.0161
G1 X127.744 Y178.111 E162.02926
G1 X127.414 Y178.387 E162.04357
G1 X127.012 Y178.843 E162.06379
G1 X126.664 Y179.557 E162.09021
G1 X126.555 Y180.147 E162.11016
G1 X126.536 Y180.498 E162.12185
G1 X126.56 Y180.901 E162.13528
G1 X126.619 Y181.208 E162.14568
G1 X126.746 Y181.593 E162.15916
G1 X126.894 Y181.909 E162.17077
G1 X127.116 Y182.254 E162.18441
G1 X127.414 Y182.605 E162.19973
G1 X127.734 Y182.877 E162.2137
G1 X128.047 Y183.081 E162.22612
G1 X128.405 Y183.253 E162.23933
G1 F1194 X128.673 Y183.343 E162.24878
G1 F1043.5 X129.029 Y183.481 E162.26339
G1 X128.642 Y183.538 E162.27835
G1 F1194 X124.46 Y183.54 E162.41814
G1 F1200 X124.46 Y172.504 E162.7852
G1 X124.422 Y172.223 E162.79463
G1 X124.269 Y171.917 E162.80601
G1 X123.95 Y171.644 E162.81997
G1 X123.544 Y171.545 E162.83387
G1 X112.46 Y171.54 E163.20253
G1 X112.46 Y128.46 E164.63537
G1 X123.631 Y128.458 E165.00692
G1 X123.958 Y128.345 E165.01843
G1 X124.269 Y128.083 E165.03196
G1 X124.408 Y127.801 E165.04241
G1 X124.458 Y127.521 E165.05187
G1 X124.46 Y116.46 E165.41976
G1 X128.333 Y116.46 E165.54858
G1 F1170.7 X128.735 Y116.469 E165.56229
G1 F1039 X129.059 Y116.512 E165.57484
G1 F1059.6 X128.421 Y116.737 E165.60033
G1 F1200 X128.078 Y116.899 E165.61294
G1 X127.746 Y117.112 E165.62606
G1 X127.411 Y117.39 E165.64054
G1 X127 Y117.871 E165.66158
G1 X126.664 Y118.555 E165.68693
G1 X126.555 Y119.147 E165.70695
G1 X126.536 Y119.498 E165.71864
G1 X126.56 Y119.901 E165.73207
G1 X126.619 Y120.208 E165.74247
G1 X126.737 Y120.574 E165.75526
G1 X126.894 Y120.913 E165.76768
G1 X127.112 Y121.25 E165.78103
G1 X127.354 Y121.541 E165.79362
G1 X127.657 Y121.817 E165.80725
G1 X127.973 Y122.037 E165.82006
G1 X128.339 Y122.23 E165.83382
G1 X128.792 Y122.377 E165.84966
G1 X129.163 Y122.438 E165.86217
G1 X129.478 Y122.46 E165.87267
G1 X129.914 Y122.432 E165.8872
G1 X130.223 Y122.368 E165.8977
G1 X130.563 Y122.264 E165.90952
G1 X130.939 Y122.082 E165.92342
G1 X131.243 Y121.89 E165.93538
G1 X131.585 Y121.606 E165.95016
G1 X131.812 Y121.347 E165.96162
G1 X132.029 Y121.034 E165.97428
G1 X132.234 Y120.645 E165.98891
G1 X132.367 Y120.228 E166.00347
G1 X132.429 Y119.928 E166.01366
G1 X132.46 Y119.507 E166.0277
G1 X132.438 Y119.158 E166.03933
G1 X132.378 Y118.802 E166.05133
G1 X132.243 Y118.378 E166.06613
G1 X132.078 Y118.045 E166.07849
G1 X131.866 Y117.709 E166.09171
G1 X131.56 Y117.372 E166.10685
G1 X131.274 Y117.127 E166.11937
G1 X130.917 Y116.9 E166.13344
G1 X130.656 Y116.773 E166.1431
G1 F991.7 X130.275 Y116.544 E166.16099
G1 X130.713 Y116.46 E166.17894
G1 F1200 X134.54 Y116.46 E166.30622
G1 X134.541 Y127.518 E166.67401
G1 X134.589 Y127.803 E166.68363
G1 X134.731 Y128.082 E166.69404
G1 X135.042 Y128.35 E166.70769
G1 X135.454 Y128.454 E166.72183
G1 X176.635 Y128.458 E168.09151
G1 X177.082 Y128.269 E168.10765
G1 X177.38 Y127.888 E168.12374
G1 X177.46 Y127.597 E168.13378
G1 X177.46 Y121.46 E168.3379
G1 X183.333 Y121.46 E168.53323
G1 F1170.7 X183.735 Y121.469 E168.54694
G1 F1039 X184.059 Y121.512 E168.5595
G1 F1059.6 X183.421 Y121.737 E168.58498
G1 F1200 X183.078 Y121.899 E168.5976
G1 X182.746 Y122.112 E168.61072
G1 X182.455 Y122.354 E168.6233
G1 X182.153 Y122.68 E168.63809
G1 X181.904 Y123.076 E168.65364
G1 X181.733 Y123.431 E168.66675
G1 X181.625 Y123.771 E168.67861
G1 X181.555 Y124.152 E168.6915
G1 X181.536 Y124.506 E168.70329
G1 X181.562 Y124.927 E168.71732
G1 X181.619 Y125.212 E168.72699
G1 X181.746 Y125.597 E168.74047
G1 X181.931 Y125.987 E168.75483
G1 X182.172 Y126.328 E168.76871
G1 X182.396 Y126.588 E168.78013
G1 X182.845 Y126.977 E168.79989
G1 X183.548 Y127.328 E168.82602
G1 X184.156 Y127.437 E168.84657
G1 X184.497 Y127.456 E168.85793
G1 X184.927 Y127.43 E168.87225
G1 X185.215 Y127.368 E168.88205
G1 X185.555 Y127.264 E168.89388
G1 X185.917 Y127.098 E168.90712
G1 X186.245 Y126.889 E168.92006
G1 X186.585 Y126.606 E168.93477
G1 X186.812 Y126.347 E168.94623
G1 X187.029 Y126.034 E168.9589
G1 X187.202 Y125.705 E168.97126
G1 F1054.9 X187.485 Y124.928 E169.00254
G1 X187.54 Y125.332 E169.01797
G1 F1200 X187.54 Y131.54 E169.22445
G1 X181.391 Y131.541 E169.42897
G1 X181.147 Y131.605 E169.43736
G1 X180.853 Y131.786 E169.44884
G1 X180.625 Y132.09 E169.46148
G1 X180.544 Y132.456 E169.47395
G1 X180.542 Y167.627 E170.64374
G1 X180.631 Y167.913 E170.6537
G1 X180.849 Y168.21 E170.66595
G1 X181.133 Y168.389 E170.67712
G1 X181.382 Y168.459 E170.68572
G1 X187.54 Y168.46 E170.89054
G1 X187.54 Y174.535 E171.09259
G1 F1059.6 X187.487 Y175.091 E171.11363
G1 X187.305 Y174.512 E171.13649
G1 F1200 X187.082 Y174.057 E171.15335
G1 X186.894 Y173.757 E171.16512
G1 X186.637 Y173.45 E171.17844
G1 X186.343 Y173.18 E171.19171
G1 X185.99 Y172.935 E171.20601
G1 X185.666 Y172.776 E171.21801
G1 X185.254 Y172.626 E171.23259
G1 X184.834 Y172.554 E171.24677
G1 X184.511 Y172.536 E171.25752
G1 X184.069 Y172.562 E171.27225
G1 X183.684 Y172.648 E171.28537
G1 X183.294 Y172.79 E171.29918
G1 X182.983 Y172.954 E171.31087
G1 X182.703 Y173.142 E171.32209
G1 X182.45 Y173.355 E171.33309
G1 X182.156 Y173.672 E171.34747
G1 X181.962 Y173.973 E171.35938
G1 X181.786 Y174.311 E171.37205
G1 X181.626 Y174.737 E171.38719
G1 X181.555 Y175.149 E171.40109
G1 X181.536 Y175.494 E171.41259
G1 X181.562 Y175.923 E171.42688
G1 X181.619 Y176.208 E171.43655
G1 X181.737 Y176.574 E171.44934
G1 X181.932 Y176.992 E171.46468
G1 X182.176 Y177.336 E171.47871
G1 X182.436 Y177.623 E171.49159
G1 X182.726 Y177.873 E171.50432
G1 X183.067 Y178.092 E171.5178
G1 X183.311 Y178.212 E171.52684
G1 F1045.8 X184.033 Y178.481 E171.55625
G1 X183.634 Y178.54 E171.57164
G1 F1200 X177.46 Y178.54 E171.77699
G1 X177.459 Y172.384 E171.98174
G1 X177.389 Y172.128 E171.99057
G1 X177.209 Y171.848 E172.00164
G1 X176.905 Y171.625 E172.01418
G1 X176.54 Y171.544 E172.02661
G1 X150 Y171.543 E172.90934
G1 F2400 E172.40934
G0 F6000 X150 Y171.8
G0 X134.891 Y172.044
G0 X134.728 Y183.728
G0 X124.272 Y183.728
G0 X124.109 Y172.044
G0 X112.272 Y171.728
G0 X112.272 Y128.272
G0 X124.109 Y127.957
G0 X124.273 Y116.273
G0 X130.275 Y116.2
G0 X130.275 Y116.544
G1 F2400 E172.90934
G1 F905.7 X129.813 Y116.506 E172.92977
G1 F991.7 X129.513 Y116.498 E172.94185
G1 F977.6 X129.059 Y116.512 E172.96039
G1 F2400 E172.46039
G0 F6000 X129.059 Y116.2
G0 X134.728 Y116.272
G0 X135.062 Y127.938
G0 X176.938 Y127.938
G0 X176.938 Y120.938
G0 X187.279 Y121.2
G0 X187.279 Y121.66
G1 F2400 E172.96039
G1 F1200 X187.34 Y121.721 E172.96326
G0 F6000 X187.34 Y122.286
G1 F1200 X186.714 Y121.66 E172.9927
G0 F6000 X186.148 Y121.66
G1 F1200 X187.34 Y122.852 E173.04877
G1 F2400 E172.54877
G0 F6000 X187.8 Y122.852
G0 X187.7 Y125.893
G0 X187.05 Y125.61
G0 X187.21 Y126.116
G1 F2400 E173.04877
G1 F1200 X187.34 Y126.246 E173.05489
G0 F6000 X186.981 Y126.453
G1 F1200 X187.34 Y126.812 E173.07177
G0 F6000 X187.34 Y127.378
G1 F1200 X186.716 Y126.754 E173.10112
G0 F6000 X186.408 Y127.011
G1 F1200 X187.34 Y127.943 E173.14496
G0 F6000 X187.34 Y128.509
G1 F1200 X186.071 Y127.24 E173.20465
G0 F6000 X185.687 Y127.421
G1 F1200 X187.34 Y129.075 E173.28243
G0 F6000 X187.34 Y129.64
G1 F1200 X185.261 Y127.561 E173.38022
G0 F6000 X184.773 Y127.638
G1 F1200 X187.34 Y130.206 E173.50099
G0 F6000 X187.34 Y130.772
G1 F1200 X184.208 Y127.64 E173.6483
G0 F6000 X183.532 Y127.529
G1 F1200 X187.34 Y131.337 E173.82742
G0 F6000 X186.777 Y131.34
G1 F1200 X177.66 Y122.223 E174.25626
G0 F6000 X177.663 Y121.66
G1 F1200 X181.504 Y125.501 E174.43693
G0 F6000 X181.354 Y124.785
G1 F1200 X178.228 Y121.66 E174.58394
G0 F6000 X178.794 Y121.66
G1 F1200 X181.35 Y124.216 E174.70417
G0 F6000 X181.43 Y123.73
G1 F1200 X179.36 Y121.66 E174.80153
G0 F6000 X179.925 Y121.66
G1 F1200 X181.57 Y123.305 E174.87891
G0 F6000 X181.761 Y122.93
G1 F1200 X180.491 Y121.66 E174.93865
G0 F6000 X181.057 Y121.66
G1 F1200 X181.977 Y122.58 E174.98192
G0 F6000 X182.248 Y122.286
G1 F1200 X181.622 Y121.66 E175.01136
G0 F6000 X182.188 Y121.66
G1 F1200 X182.547 Y122.018 E175.02823
G0 F6000 X182.882 Y121.788
G1 F1200 X182.754 Y121.66 E175.03425
G0 F6000 X182.754 Y121.2
G0 X177.272 Y121.272
G0 X177.2 Y122.788
G0 X177.66 Y122.788
G1 F1200 X186.212 Y131.34 E175.43651
G0 F6000 X185.646 Y131.34
G1 F1200 X177.66 Y123.354 E175.81215
G0 F6000 X177.66 Y123.92
G1 F1200 X185.081 Y131.341 E176.16121
G0 F6000 X184.515 Y131.341
G1 F1200 X177.66 Y124.485 E176.48367
G0 F6000 X177.66 Y125.051
G1 F1200 X183.95 Y131.341 E176.77953
G0 F6000 X183.384 Y131.341
G1 F1200 X177.66 Y125.617 E177.04877
G0 F6000 X177.66 Y126.182
G1 F1200 X182.819 Y131.342 E177.29146
G0 F6000 X182.253 Y131.342
G1 F1200 X177.66 Y126.748 E177.50752
G0 F6000 X177.66 Y127.314
G1 F1200 X181.688 Y131.342 E177.69699
G0 F6000 X181.172 Y131.392
G1 F1200 X177.605 Y127.825 E177.86477
G0 F6000 X177.4 Y128.186
G1 F1200 X178.556 Y129.342 E177.91914
G0 F6000 X177.987 Y129.338
G1 F1200 X177.119 Y128.47 E177.95997
G0 F6000 X176.726 Y128.643
G1 F1200 X177.422 Y129.338 E177.99268
G0 F6000 X176.856 Y129.338
G1 F1200 X176.173 Y128.655 E178.02481
G0 F6000 X175.607 Y128.655
G1 F1200 X176.29 Y129.338 E178.05694
G0 F6000 X175.725 Y129.338
G1 F1200 X175.041 Y128.655 E178.08909
G0 F6000 X174.476 Y128.655
G1 F1200 X175.159 Y129.338 E178.12121
G0 F6000 X174.593 Y129.338
G1 F1200 X173.91 Y128.655 E178.15334
G0 F6000 X173.344 Y128.655
G1 F1200 X174.027 Y129.338 E178.18546
G0 F6000 X173.462 Y129.338
G1 F1200 X172.779 Y128.655 E178.21759
G0 F6000 X172.213 Y128.655
G1 F1200 X172.896 Y129.338 E178.24972
G0 F6000 X172.33 Y129.338
G1 F1200 X171.647 Y128.655 E178.28184
G0 F6000 X171.082 Y128.655
G1 F1200 X171.765 Y129.339 E178.31399
G0 F6000 X171.2 Y129.339
G1 F1200 X170.517 Y128.656 E178.34612
G0 F6000 X169.951 Y128.656
G1 F1200 X170.634 Y129.339 E178.37824
G0 F6000 X170.068 Y129.339
G1 F1200 X169.385 Y128.656 E178.41037
G0 F6000 X168.82 Y128.656
G1 F1200 X169.503 Y129.339 E178.4425
G0 F6000 X168.937 Y129.339
G1 F1200 X168.254 Y128.656 E178.47462
G0 F6000 X167.688 Y128.656
G1 F1200 X168.371 Y129.339 E178.50675
G0 F6000 X167.806 Y129.339
G1 F1200 X167.123 Y128.656 E178.53888
G0 F6000 X166.557 Y128.656
G1 F1200 X167.24 Y129.339 E178.571
G0 F6000 X166.674 Y129.339
G1 F1200 X165.991 Y128.656 E178.60313
G0 F6000 X165.426 Y128.656
G1 F1200 X166.109 Y129.339 E178.63525
G0 F6000 X165.544 Y129.34
G1 F1200 X164.861 Y128.657 E178.66738
G0 F6000 X164.295 Y128.657
G1 F1200 X164.978 Y129.34 E178.69951
G0 F6000 X164.412 Y129.34
G1 F1200 X163.729 Y128.657 E178.73163
G0 F6000 X163.163 Y128.657
G1 F1200 X163.847 Y129.34 E178.76378
G0 F6000 X163.281 Y129.34
G1 F1200 X162.598 Y128.657 E178.79591
G0 F6000 X162.032 Y128.657
G1 F1200 X162.715 Y129.34 E178.82804
G0 F6000 X162.149 Y129.34
G1 F1200 X161.466 Y128.657 E178.86016
G0 F6000 X160.901 Y128.657
G1 F1200 X161.584 Y129.34 E178.89229
G0 F6000 X161.018 Y129.34
G1 F1200 X160.335 Y128.657 E178.92441
G0 F6000 X159.769 Y128.657
G1 F1200 X160.452 Y129.34 E178.95654
G0 F6000 X159.887 Y129.34
G1 F1200 X159.204 Y128.657 E178.98867
G0 F6000 X158.639 Y128.657
G1 F1200 X159.321 Y129.34 E179.02077
G0 F6000 X158.756 Y129.34
G1 F1200 X158.073 Y128.657 E179.0529
G0 F6000 X157.507 Y128.657
G1 F1200 X158.19 Y129.34 E179.08502
G0 F6000 X157.625 Y129.34
G1 F1200 X156.942 Y128.657 E179.11715
G0 F6000 X156.376 Y128.657
G1 F1200 X157.059 Y129.34 E179.14927
G0 F6000 X156.493 Y129.34
G1 F1200 X155.81 Y128.657 E179.1814
G0 F6000 X155.245 Y128.657
G1 F1200 X155.928 Y129.34 E179.21353
G0 F6000 X155.362 Y129.34
G1 F1200 X154.679 Y128.657 E179.24565
G0 F6000 X154.113 Y128.657
G1 F1200 X154.796 Y129.34 E179.27778
G0 F6000 X154.231 Y129.34
G1 F1200 X153.548 Y128.657 E179.30991
G0 F6000 X152.983 Y128.658
G1 F1200 X153.665 Y129.34 E179.34198
G0 F6000 X153.099 Y129.34
G1 F1200 X152.417 Y128.658 E179.37406
G0 F6000 X151.851 Y128.658
G1 F1200 X152.534 Y129.341 E179.40619
G0 F6000 X151.969 Y129.341
G1 F1200 X151.285 Y128.658 E179.43834
G0 F6000 X150.72 Y128.658
G1 F1200 X151.403 Y129.341 E179.47047
G0 F6000 X150.837 Y129.341
G1 F1200 X150.154 Y128.658 E179.50259
G0 F6000 X149.588 Y128.658
G1 F1200 X150.272 Y129.341 E179.53474
G0 F6000 X149.706 Y129.341
G1 F1200 X149.023 Y128.658 E179.56687
G0 F6000 X148.457 Y128.658
G1 F1200 X149.14 Y129.341 E179.59899
G0 F6000 X148.574 Y129.341
G1 F1200 X147.891 Y128.658 E179.63112
G0 F6000 X147.326 Y128.658
G1 F1200 X148.009 Y129.341 E179.66325
G0 F6000 X147.443 Y129.341
G1 F1200 X146.761 Y128.659 E179.69533
G0 F6000 X146.195 Y128.659
G1 F1200 X146.877 Y129.341 E179.72741
G0 F6000 X146.312 Y129.342
G1 F1200 X145.629 Y128.659 E179.75953
G0 F6000 X145.064 Y128.659
G1 F1200 X145.747 Y129.342 E179.79166
G0 F6000 X145.181 Y129.342
G1 F1200 X144.498 Y128.659 E179.82378
G0 F6000 X143.932 Y128.659
G1 F1200 X144.615 Y129.342 E179.85591
G0 F6000 X144.05 Y129.342
G1 F1200 X143.367 Y128.659 E179.88804
G0 F6000 X142.801 Y128.659
G1 F1200 X143.484 Y129.342 E179.92016
G0 F6000 X142.918 Y129.342
G1 F1200 X142.235 Y128.659 E179.95229
G0 F6000 X141.67 Y128.659
G1 F1200 X142.353 Y129.342 E179.98442
G0 F6000 X141.787 Y129.342
G1 F1200 X141.105 Y128.659 E180.01652
G0 F6000 X140.539 Y128.659
G1 F1200 X141.221 Y129.342 E180.04862
G0 F6000 X140.656 Y129.342
G1 F1200 X139.973 Y128.659 E180.08075
G0 F6000 X139.408 Y128.659
G1 F1200 X140.09 Y129.342 E180.11285
G0 F6000 X139.525 Y129.343
G1 F1200 X138.842 Y128.659 E180.145
G0 F6000 X138.276 Y128.659
G1 F1200 X138.959 Y129.343 E180.17715
G0 F6000 X138.394 Y129.343
G1 F1200 X137.71 Y128.659 E180.20932
G0 F6000 X137.145 Y128.659
G1 F1200 X137.828 Y129.343 E180.24147
G0 F6000 X137.262 Y129.343
G1 F1200 X136.579 Y128.659 E180.27362
G0 F6000 X136.013 Y128.659
G1 F1200 X136.696 Y129.343 E180.30577
G0 F6000 X136.131 Y129.343
G1 F1200 X135.446 Y128.658 E180.33799
G0 F6000 X135.565 Y129.343
G1 F1200 X128.804 Y122.582 E180.65601
G0 F6000 X129.447 Y122.659
G1 F1200 X134.348 Y127.56 E180.88654
G0 F6000 X134.34 Y126.986
G1 F1200 X129.977 Y122.623 E181.09176
G0 F6000 X130.433 Y122.513
G1 F1200 X134.34 Y126.421 E181.27556
G0 F6000 X134.34 Y125.855
G1 F1200 X130.837 Y122.352 E181.44033
G0 F6000 X131.203 Y122.152
G1 F1200 X134.34 Y125.289 E181.58788
G0 F6000 X134.34 Y124.724
G1 F1200 X131.529 Y121.912 E181.72013
G0 F6000 X131.82 Y121.637
G1 F1200 X134.34 Y124.158 E181.83868
G0 F6000 X134.34 Y123.592
G1 F1200 X132.072 Y121.324 E181.94536
G0 F6000 X132.286 Y120.973
G1 F1200 X134.34 Y123.027 E182.04198
G0 F6000 X134.34 Y122.461
G1 F1200 X132.462 Y120.582 E182.13033
G0 F6000 X132.588 Y120.143
G1 F1200 X134.34 Y121.895 E182.21274
G0 F6000 X134.34 Y121.33
G1 F1200 X132.648 Y119.637 E182.29235
G0 F6000 X132.619 Y119.043
G1 F1200 X134.34 Y120.764 E182.3733
G0 F6000 X134.34 Y120.198
G1 F1200 X132.409 Y118.266 E182.46416
G1 F2400 E181.96416
G0 F6000 X132.001 Y118.463
G0 X131.929 Y118.146
G0 X131.929 Y116.3
G0 X132.499 Y116.66
G1 F2400 E182.46416
G1 F1200 X134.34 Y118.501 E182.55075
G0 F6000 X134.34 Y117.936
G1 F1200 X133.065 Y116.66 E182.61075
G0 F6000 X133.63 Y116.66
G1 F1200 X134.34 Y117.37 E182.64414
G0 F6000 X134.34 Y116.804
G1 F1200 X134.196 Y116.66 E182.65092
G0 F6000 X134.196 Y116.2
G0 X131.933 Y116.2
G0 X131.933 Y116.66
G1 F1200 X134.34 Y119.067 E182.76413
G0 F6000 X134.34 Y119.633
G1 F1200 X131.368 Y116.66 E182.90395
G1 F2400 E182.40395
G0 F6000 X131.368 Y116.2
G0 X127.92 Y116.3
G0 X128.249 Y116.997
G0 X127.67 Y116.922
G1 F2400 E182.90395
G1 F1200 X127.408 Y116.66 E182.91627
G0 F6000 X127.357 Y117.175
G1 F1200 X126.842 Y116.66 E182.9405
G0 F6000 X126.277 Y116.66
G1 F1200 X127.082 Y117.465 E182.97836
G0 F6000 X126.826 Y117.775
G1 F1200 X125.711 Y116.66 E183.03081
G0 F6000 X125.145 Y116.66
G1 F1200 X126.639 Y118.153 E183.10106
G0 F6000 X126.463 Y118.543
G1 F1200 X124.659 Y116.74 E183.18589
G0 F6000 X124.659 Y117.305
G1 F1200 X126.375 Y119.021 E183.26661
G0 F6000 X126.337 Y119.549
G1 F1200 X124.659 Y117.871 E183.34553
G0 F6000 X124.659 Y118.437
G1 F1200 X126.412 Y120.19 E183.42799
G0 F6000 X126.866 Y120.102
G0 X127.202 Y120.911
G0 X126.817 Y121.161
G1 F1200 X124.659 Y119.002 E183.52952
G0 F6000 X124.659 Y119.568
G1 F1200 X134.434 Y129.343 E183.9893
G0 F6000 X134.999 Y129.343
G1 F1200 X127.855 Y122.198 E184.32536
G1 F2400 E183.82536
G0 F6000 X128.112 Y121.817
G0 X127.764 Y121.675
G0 X124.281 Y121.673
G0 X124.658 Y122.395
G1 F2400 E184.32536
G1 F1200 X131.606 Y129.343 E184.65217
G0 F6000 X131.04 Y129.343
G1 F1200 X124.658 Y122.961 E184.95236
G0 F6000 X124.657 Y123.526
G1 F1200 X130.475 Y129.343 E185.226
G0 F6000 X129.909 Y129.343
G1 F1200 X124.657 Y124.092 E185.47301
G0 F6000 X124.657 Y124.657
G1 F1200 X129.343 Y129.343 E185.69343
G0 F6000 X128.778 Y129.343
G1 F1200 X124.657 Y125.223 E185.88724
G0 F6000 X124.657 Y125.788
G1 F1200 X128.212 Y129.343 E186.05446
G0 F6000 X127.646 Y129.343
G1 F1200 X124.657 Y126.354 E186.19505
G0 F6000 X124.657 Y126.919
G1 F1200 X127.081 Y129.344 E186.3091
G0 F6000 X126.516 Y129.344
G1 F1200 X124.657 Y127.485 E186.39654
G0 F6000 X124.556 Y127.95
G1 F1200 X125.95 Y129.344 E186.46211
G0 F6000 X125.384 Y129.344
G1 F1200 X124.333 Y128.293 E186.51154
G0 F6000 X124.013 Y128.539
G1 F1200 X124.818 Y129.344 E186.54941
G0 F6000 X124.253 Y129.344
G1 F1200 X123.564 Y128.655 E186.58182
G0 F6000 X122.998 Y128.655
G1 F1200 X123.687 Y129.344 E186.61422
G0 F6000 X123.121 Y129.344
G1 F1200 X122.433 Y128.655 E186.64661
G0 F6000 X121.868 Y128.656
G1 F1200 X122.556 Y129.344 E186.67897
G0 F6000 X121.99 Y129.344
G1 F1200 X121.302 Y128.656 E186.71133
G0 F6000 X120.737 Y128.657
G1 F1200 X121.424 Y129.344 E186.74365
G0 F6000 X120.859 Y129.344
G1 F1200 X120.171 Y128.657 E186.77598
G0 F6000 X119.606 Y128.657
G1 F1200 X120.294 Y129.345 E186.80835
G0 F6000 X119.728 Y129.345
G1 F1200 X119.041 Y128.657 E186.84068
G0 F6000 X118.475 Y128.657
G1 F1200 X119.162 Y129.345 E186.87302
G0 F6000 X118.597 Y129.345
G1 F1200 X117.91 Y128.658 E186.90534
G0 F6000 X117.344 Y128.658
G1 F1200 X118.031 Y129.345 E186.93765
G0 F6000 X117.465 Y129.345
G1 F1200 X116.779 Y128.659 E186.96992
G0 F6000 X116.214 Y128.659
G1 F1200 X116.9 Y129.345 E187.00218
G0 F6000 X116.334 Y129.345
G1 F1200 X115.648 Y128.659 E187.03445
G0 F6000 X115.083 Y128.659
G1 F1200 X115.768 Y129.345 E187.0667
G0 F6000 X115.203 Y129.345
G1 F1200 X114.517 Y128.659 E187.09896
G0 F6000 X113.952 Y128.66
G1 F1200 X114.637 Y129.345 E187.13118
G0 F6000 X114.13 Y129.403
G1 F1200 X113.387 Y128.66 E187.16613
G0 F6000 X112.821 Y128.66
G1 F1200 X113.772 Y129.611 E187.21086
G0 F6000 X113.511 Y129.916
G1 F1200 X112.66 Y129.065 E187.25089
G0 F6000 X112.66 Y129.63
G1 F1200 X113.369 Y130.34 E187.28427
G0 F6000 X113.341 Y130.877
G1 F1200 X112.66 Y130.196 E187.3163
G0 F6000 X112.66 Y130.762
G1 F1200 X113.341 Y131.443 E187.34833
G0 F6000 X113.341 Y132.008
G1 F1200 X112.66 Y131.327 E187.38036
G0 F6000 X112.66 Y131.893
G1 F1200 X113.341 Y132.574 E187.41239
G0 F6000 X113.341 Y133.14
G1 F1200 X112.66 Y132.459 E187.44443
G0 F6000 X112.66 Y133.024
G1 F1200 X113.341 Y133.705 E187.47646
G0 F6000 X113.341 Y134.271
G1 F1200 X112.66 Y133.59 E187.50849
G0 F6000 X112.66 Y134.156
G1 F1200 X113.341 Y134.837 E187.54052
G0 F6000 X113.341 Y135.402
G1 F1200 X112.66 Y134.722 E187.57253
G0 F6000 X112.66 Y135.287
G1 F1200 X113.341 Y135.968 E187.60456
G0 F6000 X113.341 Y136.535
G1 F1200 X112.66 Y135.853 E187.63662
G0 F6000 X112.66 Y136.419
G1 F1200 X113.341 Y137.1 E187.66865
G0 F6000 X113.341 Y137.666
G1 F1200 X112.66 Y136.984 E187.70071
G0 F6000 X112.66 Y137.55
G1 F1200 X113.341 Y138.232 E187.73276
G0 F6000 X113.341 Y138.797
G1 F1200 X112.66 Y138.116 E187.76479
G0 F6000 X112.66 Y138.681
G1 F1200 X113.341 Y139.363 E187.79685
G0 F6000 X113.341 Y139.929
G1 F1200 X112.66 Y139.247 E187.82891
G0 F6000 X112.66 Y139.813
G1 F1200 X113.341 Y140.494 E187.86094
G0 F6000 X113.341 Y141.06
G1 F1200 X112.66 Y140.378 E187.89299
G0 F6000 X112.66 Y140.944
G1 F1200 X113.341 Y141.626 E187.92505
G0 F6000 X113.342 Y142.192
G1 F1200 X112.66 Y141.51 E187.95713
G0 F6000 X112.66 Y142.075
G1 F1200 X113.342 Y142.758 E187.98923
G0 F6000 X113.342 Y143.323
G1 F1200 X112.66 Y142.641 E188.02131
G0 F6000 X112.66 Y143.207
G1 F1200 X113.342 Y143.889 E188.05339
G0 F6000 X113.342 Y144.455
G1 F1200 X112.66 Y143.772 E188.08549
G0 F6000 X112.66 Y144.338
G1 F1200 X113.342 Y145.021 E188.1176
G0 F6000 X113.342 Y145.586
G1 F1200 X112.66 Y144.904 E188.14967
G0 F6000 X112.66 Y145.47
G1 F1200 X113.342 Y146.152 E188.18175
G0 F6000 X113.342 Y146.718
G1 F1200 X112.66 Y146.035 E188.21386
G0 F6000 X112.66 Y146.601
G1 F1200 X113.343 Y147.284 E188.24598
G0 F6000 X113.343 Y147.85
G1 F1200 X112.66 Y147.167 E188.27811
G0 F6000 X112.66 Y147.732
G1 F1200 X113.343 Y148.415 E188.31024
G0 F6000 X113.343 Y148.981
G1 F1200 X112.66 Y148.298 E188.34236
G0 F6000 X112.66 Y148.864
G1 F1200 X113.343 Y149.547 E188.37449
G0 F6000 X113.343 Y150.112
G1 F1200 X112.66 Y149.429 E188.40661
G0 F6000 X112.66 Y149.995
G1 F1200 X113.343 Y150.678 E188.43874
G0 F6000 X113.343 Y151.244
G1 F1200 X112.66 Y150.561 E188.47087
G0 F6000 X112.66 Y151.126
G1 F1200 X113.343 Y151.809 E188.50299
G0 F6000 X113.343 Y152.375
G1 F1200 X112.66 Y151.692 E188.53512
G0 F6000 X112.66 Y152.258
G1 F1200 X113.344 Y152.942 E188.56729
G0 F6000 X113.344 Y153.507
G1 F1200 X112.66 Y152.823 E188.59947
G0 F6000 X112.66 Y153.389
G1 F1200 X113.344 Y154.073 E188.63164
G0 F6000 X113.344 Y154.639
G1 F1200 X112.66 Y153.955 E188.66381
G0 F6000 X112.66 Y154.521
G1 F1200 X113.344 Y155.204 E188.69596
G0 F6000 X113.344 Y155.77
G1 F1200 X112.66 Y155.086 E188.72813
G0 F6000 X112.66 Y155.652
G1 F1200 X113.344 Y156.336 E188.76031
G0 F6000 X113.344 Y156.901
G1 F1200 X112.66 Y156.218 E188.79246
G0 F6000 X112.66 Y156.783
G1 F1200 X113.344 Y157.467 E188.82463
G0 F6000 X113.344 Y158.033
G1 F1200 X112.66 Y157.349 E188.8568
G0 F6000 X112.66 Y157.915
G1 F1200 X113.344 Y158.599 E188.88898
G0 F6000 X113.344 Y159.165
G1 F1200 X112.66 Y158.48 E188.92117
G0 F6000 X112.66 Y159.046
G1 F1200 X113.344 Y159.73 E188.95335
G0 F6000 X113.344 Y160.296
G1 F1200 X112.66 Y159.612 E188.98552
G0 F6000 X112.66 Y160.177
G1 F1200 X113.344 Y160.862 E189.01772
G0 F6000 X113.344 Y161.428
G1 F1200 X112.66 Y160.743 E189.04991
G0 F6000 X112.66 Y161.309
G1 F1200 X113.344 Y161.993 E189.08209
G0 F6000 X113.344 Y162.559
G1 F1200 X112.66 Y161.874 E189.11428
G0 F6000 X112.66 Y162.44
G1 F1200 X113.344 Y163.125 E189.14648
G0 F6000 X113.344 Y163.69
G1 F1200 X112.66 Y163.006 E189.17865
G0 F6000 X112.66 Y163.571
G1 F1200 X113.345 Y164.257 E189.2109
G0 F6000 X113.345 Y164.822
G1 F1200 X112.66 Y164.137 E189.24312
G0 F6000 X112.66 Y164.703
G1 F1200 X113.345 Y165.388 E189.27534
G0 F6000 X113.345 Y165.954
G1 F1200 X112.66 Y165.269 E189.30756
G0 F6000 X112.66 Y165.834
G1 F1200 X113.345 Y166.519 E189.33978
G0 F6000 X113.345 Y167.085
G1 F1200 X112.66 Y166.4 E189.372
G0 F6000 X112.66 Y166.966
G1 F1200 X113.345 Y167.651 E189.40422
G0 F6000 X113.345 Y168.216
G1 F1200 X112.66 Y167.531 E189.43644
G0 F6000 X112.66 Y168.097
G1 F1200 X113.345 Y168.782 E189.46866
G0 F6000 X113.345 Y169.348
G1 F1200 X112.66 Y168.663 E189.50088
G0 F6000 X112.66 Y169.228
G1 F1200 X113.505 Y170.073 E189.54063
G0 F6000 X113.925 Y170.493
G1 F1200 X114.771 Y171.34 E189.58044
G0 F6000 X114.206 Y171.34
G1 F1200 X112.66 Y169.794 E189.65316
G0 F6000 X112.66 Y170.36
G1 F1200 X113.64 Y171.34 E189.69926
G0 F6000 X113.074 Y171.34
G1 F1200 X112.66 Y170.925 E189.71876
G1 F2400 E189.21876
G0 F6000 X112.2 Y170.925
G0 X112.3 Y170.2
G0 X113.783 Y169.81
G0 X114.657 Y170.66
G1 F2400 E189.71876
G1 F1200 X115.337 Y171.34 E189.75074
G0 F6000 X115.903 Y171.34
G1 F1200 X115.223 Y170.66 E189.78273
G0 F6000 X115.789 Y170.66
G1 F1200 X116.468 Y171.34 E189.81469
G0 F6000 X117.034 Y171.34
G1 F1200 X116.354 Y170.66 E189.84667
G0 F6000 X116.92 Y170.66
G1 F1200 X117.6 Y171.34 E189.87866
G0 F6000 X118.165 Y171.34
G1 F1200 X117.486 Y170.66 E189.91062
G0 F6000 X118.051 Y170.66
G1 F1200 X118.731 Y171.34 E189.9426
G0 F6000 X119.297 Y171.34
G1 F1200 X118.617 Y170.66 E189.97459
G0 F6000 X119.183 Y170.66
G1 F1200 X119.862 Y171.34 E190.00655
G0 F6000 X120.428 Y171.34
G1 F1200 X119.749 Y170.66 E190.03851
G0 F6000 X120.314 Y170.66
G1 F1200 X120.994 Y171.34 E190.0705
G0 F6000 X121.559 Y171.34
G1 F1200 X120.88 Y170.66 E190.10246
G0 F6000 X121.446 Y170.66
G1 F1200 X122.125 Y171.34 E190.13442
G0 F6000 X122.691 Y171.34
G1 F1200 X122.011 Y170.66 E190.16641
G0 F6000 X122.577 Y170.66
G1 F1200 X123.256 Y171.34 E190.19837
G0 F6000 X123.911 Y171.429
G1 F1200 X123.143 Y170.66 E190.23452
G0 F6000 X123.708 Y170.66
G1 F1200 X130.583 Y177.535 E190.5579
G0 F6000 X129.838 Y177.355
G1 F1200 X124.584 Y172.102 E190.805
G0 F6000 X124.66 Y172.743
G1 F1200 X129.268 Y177.352 E191.02177
G0 F6000 X128.775 Y177.424
G1 F1200 X124.66 Y173.309 E191.21533
G0 F6000 X124.66 Y173.875
G1 F1200 X128.339 Y177.554 E191.38838
G0 F6000 X127.959 Y177.739
G1 F1200 X124.66 Y174.44 E191.54355
G0 F6000 X124.66 Y175.006
G1 F1200 X127.614 Y177.96 E191.6825
G0 F6000 X127.305 Y178.217
G1 F1200 X124.66 Y175.572 E191.80691
G0 F6000 X124.66 Y176.137
G1 F1200 X127.037 Y178.515 E191.91874
G0 F6000 X126.793 Y178.836
G1 F1200 X124.66 Y176.703 E192.01907
G0 F6000 X124.66 Y177.269
G1 F1200 X126.607 Y179.216 E192.11065
G0 F6000 X126.448 Y179.623
G1 F1200 X124.66 Y177.835 E192.19476
G0 F6000 X124.66 Y178.4
G1 F1200 X126.36 Y180.1 E192.27472
G0 F6000 X126.344 Y180.65
G1 F1200 X124.66 Y178.966 E192.35393
G0 F6000 X124.66 Y179.532
G1 F1200 X126.447 Y181.318 E192.43796
G0 F6000 X126.882 Y181.175
G0 X127.411 Y182.205
G0 X127.061 Y182.499
G1 F1200 X124.66 Y180.097 E192.55092
G0 F6000 X124.66 Y180.663
G1 F1200 X127.337 Y183.34 E192.67684
G0 F6000 X127.508 Y182.945
G1 F1200 X127.903 Y183.34 E192.69542
G0 F6000 X127.903 Y183.8
G0 X126.772 Y183.8
G0 X126.772 Y183.34
G1 F1200 X124.66 Y181.229 E192.79474
G0 F6000 X124.66 Y181.794
G1 F1200 X126.206 Y183.34 E192.86746
G0 F6000 X125.64 Y183.34
G1 F1200 X124.66 Y182.36 E192.91355
G0 F6000 X124.66 Y182.926
G1 F1200 X125.074 Y183.34 E192.93303
G1 F2400 E192.43303
G0 F6000 X125.074 Y183.8
G0 X130.899 Y183.7
G0 X130.6 Y183.07
G0 X131.145 Y183.188
G1 F2400 E192.93303
G1 F1200 X131.296 Y183.339 E192.94013
G0 F6000 X131.477 Y182.955
G1 F1200 X131.862 Y183.339 E192.95821
G0 F6000 X132.428 Y183.339
G1 F1200 X131.776 Y182.687 E192.98888
G0 F6000 X132.032 Y182.378
G1 F1200 X132.993 Y183.339 E193.03408
G0 F6000 X133.559 Y183.339
G1 F1200 X132.254 Y182.034 E193.09547
G0 F6000 X132.438 Y181.653
G1 F1200 X134.125 Y183.339 E193.17479
G0 F6000 X134.341 Y182.99
G1 F1200 X132.568 Y181.217 E193.25819
G0 F6000 X132.642 Y180.725
G1 F1200 X134.341 Y182.424 E193.33811
G0 F6000 X134.341 Y181.859
G1 F1200 X132.638 Y180.156 E193.41821
G0 F6000 X132.462 Y179.413
G1 F1200 X134.341 Y181.293 E193.50662
G0 F6000 X134.341 Y180.727
G1 F1200 X124.274 Y170.66 E193.98014
G0 F6000 X124.84 Y170.66
G1 F1200 X134.342 Y180.162 E194.42708
G0 F6000 X134.342 Y179.597
G1 F1200 X125.405 Y170.66 E194.84745
G0 F6000 X125.97 Y170.66
G1 F1200 X134.342 Y179.031 E195.24122
G0 F6000 X134.342 Y178.465
G1 F1200 X126.536 Y170.66 E195.60837
G0 F6000 X127.102 Y170.66
G1 F1200 X134.342 Y177.9 E195.94892
G0 F6000 X134.343 Y177.335
G1 F1200 X127.667 Y170.66 E196.26291
G0 F6000 X128.233 Y170.66
G1 F1200 X134.343 Y176.769 E196.55028
G0 F6000 X134.343 Y176.203
G1 F1200 X128.799 Y170.66 E196.81103
G0 F6000 X129.364 Y170.66
G1 F1200 X134.343 Y175.638 E197.04521
G0 F6000 X134.343 Y175.073
G1 F1200 X129.93 Y170.66 E197.25278
G0 F6000 X130.496 Y170.66
G1 F1200 X134.343 Y174.507 E197.43373
G0 F6000 X134.343 Y173.941
G1 F1200 X131.062 Y170.66 E197.58806
G0 F6000 X131.627 Y170.66
G1 F1200 X134.343 Y173.376 E197.71581
G0 F6000 X134.343 Y172.81
G1 F1200 X132.193 Y170.66 E197.81694
G0 F6000 X132.759 Y170.66
G1 F1200 X134.378 Y172.279 E197.89309
G0 F6000 X134.533 Y171.868
G1 F1200 X133.324 Y170.66 E197.94994
G0 F6000 X133.89 Y170.66
G1 F1200 X134.812 Y171.582 E197.99331
G0 F6000 X135.187 Y171.391
G1 F1200 X134.456 Y170.66 E198.02769
G0 F6000 X135.021 Y170.66
G1 F1200 X135.707 Y171.345 E198.05993
G0 F6000 X136.272 Y171.345
G1 F1200 X135.587 Y170.66 E198.09215
G0 F6000 X136.152 Y170.659
G1 F1200 X136.838 Y171.345 E198.12442
G0 F6000 X137.404 Y171.345
G1 F1200 X136.718 Y170.659 E198.15669
G0 F6000 X137.283 Y170.659
G1 F1200 X137.969 Y171.345 E198.18896
G0 F6000 X138.535 Y171.345
G1 F1200 X137.849 Y170.659 E198.22122
G0 F6000 X138.415 Y170.659
G1 F1200 X139.101 Y171.345 E198.25349
G0 F6000 X139.666 Y171.345
G1 F1200 X138.98 Y170.659 E198.28576
G0 F6000 X139.546 Y170.659
G1 F1200 X140.232 Y171.345 E198.31803
G0 F6000 X140.798 Y171.345
G1 F1200 X140.112 Y170.659 E198.35029
G0 F6000 X140.677 Y170.659
G1 F1200 X141.363 Y171.344 E198.38254
G0 F6000 X141.928 Y171.344
G1 F1200 X141.243 Y170.659 E198.41476
G0 F6000 X141.809 Y170.659
G1 F1200 X142.494 Y171.344 E198.44698
G0 F6000 X143.06 Y171.344
G1 F1200 X142.375 Y170.659 E198.4792
G0 F6000 X142.94 Y170.659
G1 F1200 X143.625 Y171.344 E198.51142
G0 F6000 X144.191 Y171.344
G1 F1200 X143.506 Y170.659 E198.54364
G0 F6000 X144.072 Y170.659
G1 F1200 X144.757 Y171.344 E198.57586
G0 F6000 X145.322 Y171.344
G1 F1200 X144.637 Y170.659 E198.60808
G0 F6000 X145.203 Y170.659
G1 F1200 X145.888 Y171.344 E198.6403
G0 F6000 X146.454 Y171.344
G1 F1200 X145.769 Y170.659 E198.67252
G0 F6000 X146.334 Y170.659
G1 F1200 X147.02 Y171.344 E198.70476
G0 F6000 X147.584 Y171.343
G1 F1200 X146.899 Y170.658 E198.73698
G0 F6000 X147.465 Y170.658
G1 F1200 X148.15 Y171.343 E198.7692
G0 F6000 X148.716 Y171.343
G1 F1200 X148.031 Y170.658 E198.80142
G0 F6000 X148.596 Y170.658
G1 F1200 X149.282 Y171.343 E198.83367
G0 F6000 X149.847 Y171.343
G1 F1200 X149.162 Y170.658 E198.86589
G0 F6000 X149.728 Y170.658
G1 F1200 X150.413 Y171.343 E198.89811
G0 F6000 X150.979 Y171.343
G1 F1200 X150.293 Y170.658 E198.93035
G0 F6000 X150.859 Y170.658
G1 F1200 X151.544 Y171.343 E198.96257
G0 F6000 X152.11 Y171.343
G1 F1200 X151.425 Y170.658 E198.99479
G0 F6000 X151.99 Y170.658
G1 F1200 X152.676 Y171.343 E199.02704
G0 F6000 X153.241 Y171.343
G1 F1200 X152.556 Y170.658 E199.05926
G0 F6000 X153.122 Y170.658
G1 F1200 X153.806 Y171.343 E199.09145
G0 F6000 X154.372 Y171.343
G1 F1200 X153.688 Y170.658 E199.12365
G0 F6000 X154.253 Y170.658
G1 F1200 X154.938 Y171.343 E199.15587
G0 F6000 X155.503 Y171.343
G1 F1200 X154.819 Y170.658 E199.18807
G0 F6000 X155.385 Y170.658
G1 F1200 X156.069 Y171.343 E199.22026
G0 F6000 X156.635 Y171.343
G1 F1200 X155.95 Y170.658 E199.25248
G0 F6000 X156.516 Y170.658
G1 F1200 X157.2 Y171.343 E199.28468
G0 F6000 X157.766 Y171.343
G1 F1200 X157.082 Y170.658 E199.31688
G0 F6000 X157.647 Y170.657
G1 F1200 X158.332 Y171.343 E199.34912
G0 F6000 X158.897 Y171.342
G1 F1200 X158.212 Y170.657 E199.38134
G0 F6000 X158.778 Y170.657
G1 F1200 X159.462 Y171.342 E199.41354
G0 F6000 X160.028 Y171.342
G1 F1200 X159.344 Y170.657 E199.44574
G0 F6000 X159.909 Y170.657
G1 F1200 X160.594 Y171.342 E199.47796
G0 F6000 X161.16 Y171.342
G1 F1200 X160.475 Y170.657 E199.51018
G0 F6000 X161.041 Y170.657
G1 F1200 X161.725 Y171.342 E199.54237
G0 F6000 X162.291 Y171.342
G1 F1200 X161.606 Y170.657 E199.57459
G0 F6000 X162.172 Y170.657
G1 F1200 X162.857 Y171.342 E199.60681
G0 F6000 X163.422 Y171.342
G1 F1200 X162.738 Y170.657 E199.63901
G0 F6000 X163.303 Y170.657
G1 F1200 X163.988 Y171.342 E199.67123
G0 F6000 X164.554 Y171.342
G1 F1200 X163.869 Y170.657 E199.70345
G0 F6000 X164.435 Y170.657
G1 F1200 X165.119 Y171.341 E199.73562
G0 F6000 X165.684 Y171.341
G1 F1200 X165.001 Y170.657 E199.76777
G0 F6000 X165.566 Y170.657
G1 F1200 X166.25 Y171.341 E199.79995
G0 F6000 X166.816 Y171.341
G1 F1200 X166.132 Y170.657 E199.83212
G0 F6000 X166.698 Y170.657
G1 F1200 X167.381 Y171.341 E199.86427
G0 F6000 X167.947 Y171.341
G1 F1200 X167.263 Y170.657 E199.89644
G0 F6000 X167.829 Y170.657
G1 F1200 X168.513 Y171.341 E199.92862
G0 F6000 X169.078 Y171.341
G1 F1200 X168.394 Y170.657 E199.96079
G0 F6000 X168.96 Y170.657
G1 F1200 X169.644 Y171.341 E199.99296
G0 F6000 X170.21 Y171.341
G1 F1200 X169.525 Y170.657 E200.02516
G0 F6000 X170.091 Y170.657
G1 F1200 X170.775 Y171.34 E200.05731
G0 F6000 X171.34 Y171.34
G1 F1200 X170.657 Y170.657 E200.08944
G0 F6000 X171.222 Y170.657
G1 F1200 X171.906 Y171.34 E200.12159
G0 F6000 X172.472 Y171.34
G1 F1200 X171.788 Y170.657 E200.15374
G0 F6000 X172.354 Y170.657
G1 F1200 X173.038 Y171.34 E200.18589
G0 F6000 X173.603 Y171.34
G1 F1200 X172.919 Y170.657 E200.21804
G0 F6000 X173.485 Y170.657
G1 F1200 X174.169 Y171.34 E200.25018
G0 F6000 X174.735 Y171.34
G1 F1200 X174.051 Y170.657 E200.28233
G0 F6000 X174.616 Y170.657
G1 F1200 X175.3 Y171.34 E200.31448
G0 F6000 X175.866 Y171.34
G1 F1200 X175.182 Y170.657 E200.34663
G0 F6000 X175.748 Y170.657
G1 F1200 X176.432 Y171.34 E200.37878
G0 F6000 X176.314 Y170.657
G1 F1200 X181.347 Y175.691 E200.61554
G0 F6000 X181.357 Y175.135
G1 F1200 X176.879 Y170.657 E200.82618
G0 F6000 X177.445 Y170.657
G1 F1200 X181.446 Y174.657 E201.01435
G0 F6000 X181.599 Y174.245
G1 F1200 X178.011 Y170.657 E201.18312
G0 F6000 X178.576 Y170.657
G1 F1200 X181.791 Y173.871 E201.33432
G0 F6000 X182.019 Y173.534
G1 F1200 X179.008 Y170.522 E201.47597
G0 F6000 X179.327 Y170.276
G1 F1200 X182.287 Y173.236 E201.6152
G0 F6000 X182.592 Y172.975
G1 F1200 X179.568 Y169.951 E201.75744
G0 F6000 X179.657 Y169.475
G1 F1200 X182.936 Y172.753 E201.91165
G0 F6000 X183.317 Y172.569
G1 F1200 X179.657 Y168.909 E202.0838
G0 F6000 X179.657 Y168.344
G1 F1200 X183.744 Y172.43 E202.27602
G0 F6000 X184.232 Y172.353
G1 F1200 X179.657 Y167.778 E202.49121
G0 F6000 X179.657 Y167.212
G1 F1200 X180.452 Y168.007 E202.52861
G0 F6000 X180.345 Y167.334
G1 F1200 X179.657 Y166.647 E202.56094
G0 F6000 X179.657 Y166.081
G1 F1200 X180.345 Y166.768 E202.59328
G0 F6000 X180.345 Y166.203
G1 F1200 X179.657 Y165.515 E202.62564
G0 F6000 X179.657 Y164.95
G1 F1200 X180.345 Y165.637 E202.65798
G0 F6000 X180.345 Y165.071
G1 F1200 X179.657 Y164.384 E202.69032
G0 F6000 X179.657 Y163.818
G1 F1200 X180.345 Y164.506 E202.72268
G0 F6000 X180.345 Y163.94
G1 F1200 X179.657 Y163.253 E202.75502
G0 F6000 X179.657 Y162.687
G1 F1200 X180.345 Y163.374 E202.78736
G0 F6000 X180.345 Y162.809
G1 F1200 X179.657 Y162.121 E202.81972
G0 F6000 X179.657 Y161.555
G1 F1200 X180.345 Y162.243 E202.85208
G0 F6000 X180.344 Y161.676
G1 F1200 X179.657 Y160.989 E202.88439
G0 F6000 X179.657 Y160.423
G1 F1200 X180.344 Y161.111 E202.91673
G0 F6000 X180.344 Y160.545
G1 F1200 X179.657 Y159.858 E202.94905
G0 F6000 X179.657 Y159.292
G1 F1200 X180.344 Y159.979 E202.98136
G0 F6000 X180.344 Y159.414
G1 F1200 X179.657 Y158.726 E203.0137
G0 F6000 X179.657 Y158.161
G1 F1200 X180.344 Y158.848 E203.04601
G0 F6000 X180.344 Y158.282
G1 F1200 X179.657 Y157.595 E203.07833
G0 F6000 X179.657 Y157.029
G1 F1200 X180.344 Y157.717 E203.11067
G0 F6000 X180.344 Y157.151
G1 F1200 X179.657 Y156.464 E203.14298
G0 F6000 X179.657 Y155.898
G1 F1200 X180.344 Y156.585 E203.17529
G0 F6000 X180.344 Y156.02
G1 F1200 X179.657 Y155.332 E203.20763
G0 F6000 X179.657 Y154.767
G1 F1200 X180.343 Y155.453 E203.2399
G0 F6000 X180.343 Y154.887
G1 F1200 X179.657 Y154.201 E203.27217
G0 F6000 X179.656 Y153.635
G1 F1200 X180.343 Y154.322 E203.30448
G0 F6000 X180.343 Y153.756
G1 F1200 X179.656 Y153.069 E203.3368
G0 F6000 X179.656 Y152.503
G1 F1200 X180.343 Y153.19 E203.36911
G0 F6000 X180.343 Y152.625
G1 F1200 X179.656 Y151.937 E203.40145
G0 F6000 X179.656 Y151.372
G1 F1200 X180.343 Y152.059 E203.43376
G0 F6000 X180.343 Y151.493
G1 F1200 X179.656 Y150.806 E203.46608
G0 F6000 X179.656 Y150.24
G1 F1200 X180.343 Y150.928 E203.49841
G0 F6000 X180.343 Y150.362
G1 F1200 X179.656 Y149.675 E203.53073
G0 F6000 X179.656 Y149.109
G1 F1200 X180.343 Y149.796 E203.56304
G0 F6000 X180.343 Y149.23
G1 F1200 X179.656 Y148.543 E203.59536
G0 F6000 X179.656 Y147.978
G1 F1200 X180.343 Y148.664 E203.62765
G0 F6000 X180.343 Y148.099
G1 F1200 X179.656 Y147.412 E203.65996
G0 F6000 X179.656 Y146.846
G1 F1200 X180.343 Y147.533 E203.69228
G0 F6000 X180.343 Y146.967
G1 F1200 X179.656 Y146.281 E203.72457
G0 F6000 X179.655 Y145.714
G1 F1200 X180.343 Y146.402 E203.75693
G0 F6000 X180.343 Y145.836
G1 F1200 X179.655 Y145.149 E203.78927
G0 F6000 X179.655 Y144.583
G1 F1200 X180.343 Y145.27 E203.82161
G0 F6000 X180.343 Y144.704
G1 F1200 X179.655 Y144.017 E203.85394
G0 F6000 X179.655 Y143.451
G1 F1200 X180.342 Y144.138 E203.88626
G0 F6000 X180.342 Y143.572
G1 F1200 X179.655 Y142.886 E203.91855
G0 F6000 X179.655 Y142.32
G1 F1200 X180.342 Y143.007 E203.95086
G0 F6000 X180.342 Y142.441
G1 F1200 X179.655 Y141.754 E203.98318
G0 F6000 X179.655 Y141.189
G1 F1200 X180.342 Y141.875 E204.01547
G0 F6000 X180.342 Y141.31
G1 F1200 X179.655 Y140.623 E204.04778
G0 F6000 X179.655 Y140.057
G1 F1200 X180.342 Y140.744 E204.0801
G0 F6000 X180.342 Y140.178
G1 F1200 X179.655 Y139.492 E204.11239
G0 F6000 X179.655 Y138.926
G1 F1200 X180.342 Y139.613 E204.1447
G0 F6000 X180.342 Y139.047
G1 F1200 X179.655 Y138.36 E204.17702
G0 F6000 X179.655 Y137.794
G1 F1200 X180.342 Y138.481 E204.20933
G0 F6000 X180.341 Y137.915
G1 F1200 X179.655 Y137.228 E204.24162
G0 F6000 X179.655 Y136.663
G1 F1200 X180.341 Y137.349 E204.27389
G0 F6000 X180.341 Y136.783
G1 F1200 X179.655 Y136.097 E204.30616
G0 F6000 X179.655 Y135.531
G1 F1200 X180.341 Y136.218 E204.33845
G0 F6000 X180.341 Y135.652
G1 F1200 X179.655 Y134.965 E204.37074
G0 F6000 X179.655 Y134.4
G1 F1200 X180.341 Y135.086 E204.40301
G0 F6000 X180.341 Y134.521
G1 F1200 X179.655 Y133.834 E204.4353
G0 F6000 X179.655 Y133.268
G1 F1200 X180.341 Y133.955 E204.46759
G0 F6000 X180.341 Y133.389
G1 F1200 X179.655 Y132.703 E204.49985
G0 F6000 X179.655 Y132.137
G1 F1200 X180.341 Y132.824 E204.53215
G0 F6000 X180.377 Y132.293
G1 F1200 X179.655 Y131.571 E204.56611
G0 F6000 X179.655 Y131.006
G1 F1200 X180.531 Y131.882 E204.60731
G0 F6000 X180.799 Y131.584
G1 F1200 X179.655 Y130.44 E204.66112
G1 F2400 E204.16112
G0 F6000 X179.2 Y130.44
G0 X179.28 Y168.129
G0 X180.775 Y167.839
G0 X180.959 Y168.513
G1 F2400 E204.66112
G1 F1200 X184.797 Y172.352 E204.84167
G0 F6000 X185.526 Y172.515
G1 F1200 X181.671 Y168.661 E205.02298
G0 F6000 X182.237 Y168.661
G1 F1200 X187.34 Y173.764 E205.26301
G0 F6000 X187.34 Y173.198
G1 F1200 X182.803 Y168.661 E205.47641
G0 F6000 X183.368 Y168.661
G1 F1200 X187.34 Y172.632 E205.66322
G0 F6000 X187.34 Y172.067
G1 F1200 X183.934 Y168.661 E205.82343
G0 F6000 X184.5 Y168.661
G1 F1200 X187.34 Y171.501 E205.95701
G0 F6000 X187.34 Y170.935
G1 F1200 X185.065 Y168.661 E206.064
G0 F6000 X185.631 Y168.661
G1 F1200 X187.34 Y170.37 E206.14438
G0 F6000 X187.34 Y169.804
G1 F1200 X186.197 Y168.661 E206.19815
G0 F6000 X186.762 Y168.661
G1 F1200 X187.34 Y169.238 E206.22531
G1 F2400 E205.72531
G0 F6000 X187.8 Y169.238
G0 X187.7 Y176.847
G0 X187.05 Y176.61
G0 X187.243 Y177.06
G1 F2400 E206.22531
G1 F1200 X187.34 Y177.158 E206.2299
G0 F6000 X187.017 Y177.4
G1 F1200 X187.34 Y177.724 E206.24511
G0 F6000 X187.34 Y178.289
G1 F1200 X186.76 Y177.709 E206.27239
G0 F6000 X186.461 Y177.976
G1 F1200 X186.825 Y178.34 E206.28952
G0 F6000 X186.26 Y178.34
G1 F1200 X186.125 Y178.206 E206.29584
G1 F2400 E205.79584
G0 F6000 X185.893 Y177.813
G0 X183.727 Y178.172
G0 X183.727 Y178.7
G0 X182.866 Y178.34
G1 F2400 E206.29584
G1 F1200 X177.658 Y173.133 E206.54079
G0 F6000 X177.658 Y173.699
G1 F1200 X182.3 Y178.34 E206.75911
G0 F6000 X181.734 Y178.34
G1 F1200 X177.658 Y174.264 E206.95083
G0 F6000 X177.658 Y174.83
G1 F1200 X181.169 Y178.34 E207.11595
G0 F6000 X180.603 Y178.34
G1 F1200 X177.659 Y175.396 E207.25443
G0 F6000 X177.659 Y175.962
G1 F1200 X180.037 Y178.34 E207.36629
G0 F6000 X179.471 Y178.34
G1 F1200 X177.659 Y176.528 E207.45152
G0 F6000 X177.659 Y177.093
G1 F1200 X178.906 Y178.34 E207.51017
G0 F6000 X178.34 Y178.34
G1 F1200 X177.659 Y177.659 E207.5422
G0 F6000 X177.659 Y178.225
G1 F1200 X177.774 Y178.34 E207.54761
G1 F2400 E207.04761
G0 F6000 X177.774 Y178.8
G0 X181.9 Y178.7
G0 X182.573 Y177.508
G0 X181.463 Y176.372
G1 F2400 E207.54761
G1 F1200 X177.658 Y172.567 E207.72659
G1 F2400 E207.22659
G0 F6000 X177.2 Y172.567
G0 X176.938 Y172.062
G0 X154.152 Y172.089
G0 X135.396 Y171.7
G0 X135.395 Y169.93
G0 X133.868 Y129.343
G1 F2400 E207.72659
G1 F1200 X124.659 Y120.133 E208.15978
G0 F6000 X124.659 Y120.699
G1 F1200 X133.303 Y129.343 E208.56636
G0 F6000 X132.737 Y129.343
G1 F1200 X124.658 Y121.264 E208.94637
G0 F6000 X124.658 Y121.83
G1 F1200 X132.172 Y129.343 E209.29979
M104 S230
G1 F2400 E208.79979
;MESH:NONMESH
G0 F300 X132.172 Y129.343 Z0.4
G0 F6000 X132.172 Y129.799
G0 X129.501 Y129.7
G0 X129.497 Y122.28
G0 X129.501 Y122.1
;TIME_ELAPSED:381.458197
;LAYER:1
M106 S85
;TYPE:WALL-INNER
;MESH:Vakuumpumpe casing (berre sk??l)V2.stl
G1 F2400 E209.29979
G1 F3600 X129.124 Y122.073 E209.31236
G1 X128.786 Y122.002 E209.32384
G1 X128.464 Y121.887 E209.33522
G1 X128.171 Y121.735 E209.34619
G1 X127.884 Y121.54 E209.35774
G1 X127.628 Y121.308 E209.36923
G1 X127.417 Y121.056 E209.38016
G1 X127.223 Y120.762 E209.39187
G1 X127.082 Y120.462 E209.4029
G1 X126.998 Y120.226 E209.41123
G1 X126.92 Y119.86 E209.42368
G1 X126.896 Y119.5 E209.43568
G1 X126.923 Y119.124 E209.44822
G1 X126.997 Y118.777 E209.46002
G1 X127.109 Y118.471 E209.47085
G1 X127.266 Y118.164 E209.48232
G1 X127.461 Y117.884 E209.49367
G1 X127.688 Y117.632 E209.50495
G1 X127.884 Y117.461 E209.5136
G1 X128.235 Y117.225 E209.52767
G1 X128.537 Y117.081 E209.5388
G1 X128.86 Y116.975 E209.55011
G1 X129.136 Y116.92 E209.55947
G1 X129.5 Y116.896 E209.5716
G1 X129.794 Y116.913 E209.58139
G1 X130.139 Y116.974 E209.59305
G1 X130.522 Y117.107 E209.60653
G1 X130.761 Y117.223 E209.61537
G1 X131.056 Y117.416 E209.62709
G1 X131.308 Y117.628 E209.63805
G1 X131.591 Y117.951 E209.65233
G1 X131.767 Y118.227 E209.66322
G1 X131.921 Y118.546 E209.675
G1 X132.021 Y118.859 E209.68593
G1 X132.083 Y119.203 E209.69755
G1 X132.1 Y119.5 E209.70745
G1 X132.076 Y119.86 E209.71945
G1 X132.001 Y120.217 E209.73158
G1 X131.889 Y120.529 E209.74261
G1 X131.732 Y120.833 E209.75399
G1 X131.544 Y121.108 E209.76507
G1 X131.308 Y121.371 E209.77682
G1 X131.049 Y121.588 E209.78806
G1 X130.769 Y121.769 E209.79915
G1 X130.341 Y121.975 E209.81494
G1 X129.86 Y122.076 E209.83129
G1 X129.501 Y122.1 E209.84326
G1 F2400 E209.34326
G0 F10500 X130.51 Y122.092
G0 X130.51 Y129.699
G0 X150 Y170.1
G1 F2400 E209.84326
G1 F3600 X114.5 Y170.1 E211.02399
G1 X114.261 Y170.051 E211.03211
G1 X114.075 Y169.925 E211.03958
G1 X113.949 Y169.739 E211.04705
G1 X113.9 Y169.574 E211.05278
G1 X113.9 Y130.5 E212.35238
G1 X113.949 Y130.261 E212.3605
G1 X114.075 Y130.075 E212.36797
G1 X114.261 Y129.949 E212.37544
G1 X114.426 Y129.9 E212.38117
G1 X178.5 Y129.896 E214.51228
G1 X178.731 Y129.941 E214.5201
G1 X178.923 Y130.069 E214.52778
G1 X179.1 Y130.392 E214.54003
G1 X179.1 Y169.608 E215.84436
G1 X178.982 Y169.859 E215.85358
G1 X178.859 Y169.982 E215.85937
G1 X178.608 Y170.1 E215.86859
G1 X150 Y170.1 E216.8201
G1 F2400 E216.3201
G0 F10500 X150 Y171.7
G0 X150 Y171.9
G1 F2400 E216.8201
G1 F3600 X176.5 Y171.9 E217.70149
G1 X176.755 Y171.956 E217.71018
G1 X176.946 Y172.097 E217.71807
G1 X177.1 Y172.429 E217.73025
G1 X177.1 Y178.9 E217.94547
G1 X187.9 Y178.9 E218.30468
G1 X187.9 Y168.1 E218.66389
G1 X181.429 Y168.1 E218.87912
G1 X181.097 Y167.946 E218.89129
G1 X180.956 Y167.754 E218.89921
G1 X180.9 Y167.575 E218.90545
G1 X180.9 Y132.5 E220.07205
G1 X180.956 Y132.245 E220.08073
G1 X181.098 Y132.054 E220.08865
G1 X181.27 Y131.945 E220.09542
G1 X181.431 Y131.9 E220.10098
G1 X187.9 Y131.9 E220.31614
G1 X187.9 Y121.1 E220.67535
G1 X177.1 Y121.1 E221.03456
G1 X177.1 Y127.569 E221.24972
G1 X177.055 Y127.731 E221.25531
G1 X176.86 Y127.98 E221.26583
G1 X176.583 Y128.1 E221.27587
G1 X135.5 Y128.1 E222.6423
G1 X135.217 Y128.03 E222.652
G1 X135.02 Y127.86 E222.66065
G1 X134.9 Y127.62 E222.66957
G1 X134.9 Y116.1 E223.05273
G1 X124.1 Y116.1 E223.41194
G1 X124.1 Y127.62 E223.7951
G1 X123.98 Y127.861 E223.80405
G1 X123.782 Y128.03 E223.81271
G1 X123.578 Y128.1 E223.81988
G1 X112.1 Y128.1 E224.20164
G1 X112.1 Y171.9 E225.65844
G1 X123.5 Y171.9 E226.0376
G1 X123.783 Y171.97 E226.0473
G1 X123.98 Y172.14 E226.05595
G1 X124.1 Y172.379 E226.06485
G1 X124.1 Y183.9 E226.44804
G1 X134.9 Y183.9 E226.80725
G1 X134.9 Y172.379 E227.19044
G1 X135.02 Y172.14 E227.19933
G1 X135.217 Y171.97 E227.20799
G1 X135.422 Y171.9 E227.21519
G1 X150 Y171.9 E227.70006
G1 F2400 E227.20006
G0 F10500 X135.062 Y172.062
G0 X135.058 Y182.838
G0 X134.7 Y183.1
G0 X130.849 Y182.931
G0 X129.5 Y183.1
G1 F2400 E227.70006
G1 F3600 X129.123 Y183.073 E227.71263
G1 X128.859 Y183.021 E227.72158
G1 X128.463 Y182.887 E227.73548
G1 X128.171 Y182.734 E227.74645
G1 X127.951 Y182.591 E227.75518
G1 X127.688 Y182.368 E227.76664
G1 X127.416 Y182.056 E227.78041
G1 X127.223 Y181.762 E227.79211
G1 X127.082 Y181.462 E227.80313
G1 X126.998 Y181.226 E227.81146
G1 X126.92 Y180.86 E227.82391
G1 X126.896 Y180.5 E227.83591
G1 X126.923 Y180.124 E227.84845
G1 X126.997 Y179.777 E227.86025
G1 X127.109 Y179.471 E227.87109
G1 X127.225 Y179.235 E227.87983
G1 X127.46 Y178.884 E227.89388
G1 X127.688 Y178.633 E227.90516
G1 X127.884 Y178.46 E227.91386
G1 X128.235 Y178.225 E227.92791
G1 X128.537 Y178.081 E227.93903
G1 X128.858 Y177.975 E227.95028
G1 X129.136 Y177.92 E227.9597
G1 X129.5 Y177.896 E227.97184
G1 X129.871 Y177.922 E227.98421
G1 X130.226 Y177.998 E227.99628
G1 X130.522 Y178.107 E228.00677
G1 X130.84 Y178.269 E228.01864
G1 X131.108 Y178.457 E228.02953
G1 X131.367 Y178.688 E228.04107
G1 X131.591 Y178.951 E228.05256
G1 X131.767 Y179.228 E228.06348
G1 X131.921 Y179.546 E228.07523
G1 X132.021 Y179.859 E228.08616
G1 X132.083 Y180.203 E228.09779
G1 X132.1 Y180.5 E228.10768
G1 X132.076 Y180.86 E228.11968
G1 X132.001 Y181.217 E228.13181
G1 X131.889 Y181.529 E228.14284
G1 X131.732 Y181.833 E228.15422
G1 X131.543 Y182.108 E228.16532
G1 X131.308 Y182.372 E228.17707
G1 X131.049 Y182.588 E228.18829
G1 X130.769 Y182.769 E228.19938
G1 X130.453 Y182.921 E228.21104
G1 X130.139 Y183.022 E228.22201
G1 X129.86 Y183.076 E228.23146
G1 X129.5 Y183.1 E228.24346
G1 F2400 E227.74346
G0 F10500 X129.766 Y183.005
G0 X131.68 Y182.226
G0 X182.852 Y177.742
G0 X184.5 Y178.1
G1 F2400 E228.24346
G1 F3600 X184.123 Y178.073 E228.25604
G1 X183.859 Y178.021 E228.26499
G1 X183.463 Y177.887 E228.27889
G1 X183.171 Y177.734 E228.28985
G1 X182.951 Y177.591 E228.29858
G1 X182.688 Y177.368 E228.31005
G1 X182.416 Y177.056 E228.32382
G1 X182.223 Y176.762 E228.33551
G1 X182.082 Y176.462 E228.34654
G1 X181.974 Y176.139 E228.35787
G1 X181.92 Y175.86 E228.36732
G1 X181.896 Y175.5 E228.37932
G1 X181.923 Y175.124 E228.39186
G1 X181.997 Y174.777 E228.40366
G1 X182.109 Y174.471 E228.4145
G1 X182.266 Y174.165 E228.42593
G1 X182.436 Y173.914 E228.43602
G1 X182.659 Y173.659 E228.44728
G1 X182.914 Y173.436 E228.45855
G1 X183.235 Y173.225 E228.47133
G1 X183.537 Y173.081 E228.48246
G1 X183.859 Y172.975 E228.49373
G1 X184.136 Y172.92 E228.50312
G1 X184.5 Y172.896 E228.51526
G1 X184.794 Y172.913 E228.52505
G1 X185.226 Y172.998 E228.5397
G1 X185.462 Y173.082 E228.54803
G1 X185.762 Y173.223 E228.55905
G1 X186.108 Y173.456 E228.57293
G1 X186.368 Y173.688 E228.58452
G1 X186.591 Y173.951 E228.59599
G1 X186.767 Y174.228 E228.6069
G1 X186.922 Y174.545 E228.61864
G1 X187.002 Y174.785 E228.62705
G1 X187.073 Y175.123 E228.63854
G1 X187.1 Y175.5 E228.65111
G1 X187.074 Y175.871 E228.66348
G1 X187.001 Y176.217 E228.67524
G1 X186.889 Y176.529 E228.68627
G1 X186.732 Y176.833 E228.69765
G1 X186.543 Y177.108 E228.70874
G1 X186.341 Y177.341 E228.719
G1 X186.049 Y177.588 E228.73172
G1 X185.769 Y177.769 E228.74281
G1 X185.453 Y177.921 E228.75447
G1 X185.139 Y178.022 E228.76544
G1 X184.86 Y178.076 E228.7749
G1 X184.5 Y178.1 E228.7869
G1 F2400 E228.2869
G0 F10500 X183.275 Y177.624
G0 X182.765 Y177.235
G0 X182.376 Y176.725
G0 X182.131 Y176.134
G0 X182.046 Y175.5
G0 X182.131 Y174.866
G0 X182.376 Y174.275
G0 X182.765 Y173.765
G0 X183.054 Y173.545
G0 X184.5 Y172.716
G0 X184.5 Y127.28
G0 X184.5 Y127.1
G1 F2400 E228.7869
G1 F3600 X184.123 Y127.073 E228.79947
G1 X183.786 Y127.002 E228.81092
G1 X183.546 Y126.922 E228.81934
G1 X183.227 Y126.767 E228.83113
G1 X182.917 Y126.567 E228.8434
G1 X182.657 Y126.339 E228.8549
G1 X182.457 Y126.108 E228.86507
G1 X182.263 Y125.832 E228.87629
G1 X182.082 Y125.462 E228.88999
G1 X181.974 Y125.139 E228.90132
G1 X181.92 Y124.86 E228.91077
G1 X181.896 Y124.5 E228.92277
G1 X181.923 Y124.124 E228.93531
G1 X181.997 Y123.777 E228.94711
G1 X182.109 Y123.471 E228.95794
G1 X182.266 Y123.164 E228.96941
G1 X182.461 Y122.884 E228.98076
G1 X182.688 Y122.632 E228.99204
G1 X182.945 Y122.414 E229.00325
G1 X183.235 Y122.225 E229.01476
G1 X183.537 Y122.081 E229.02589
G1 X183.86 Y121.975 E229.0372
G1 X184.136 Y121.92 E229.04656
G1 X184.5 Y121.896 E229.05869
G1 X184.794 Y121.913 E229.06849
G1 X185.139 Y121.974 E229.08014
G1 X185.522 Y122.107 E229.09362
G1 X185.761 Y122.223 E229.10246
G1 X186.056 Y122.416 E229.11419
G1 X186.341 Y122.659 E229.12664
G1 X186.591 Y122.951 E229.13943
G1 X186.767 Y123.228 E229.15034
G1 X186.922 Y123.545 E229.16208
G1 X187.002 Y123.785 E229.17049
G1 X187.073 Y124.123 E229.18198
G1 X187.1 Y124.5 E229.19455
G1 X187.074 Y124.871 E229.20692
G1 X187.001 Y125.217 E229.21868
G1 X186.889 Y125.529 E229.22971
G1 X186.732 Y125.833 E229.24109
G1 X186.543 Y126.108 E229.25219
G1 X186.308 Y126.371 E229.26392
G1 X186.108 Y126.544 E229.27271
G1 X185.833 Y126.732 E229.28379
G1 X185.529 Y126.889 E229.29517
G1 X185.217 Y127.001 E229.3062
G1 X184.86 Y127.076 E229.31833
G1 X184.5 Y127.1 E229.33033
G0 F10500 X184.487 Y126.7
;TYPE:WALL-OUTER
G1 F3600 X184.201 Y126.681 E229.33986
G1 X183.912 Y126.622 E229.34968
G1 X183.645 Y126.531 E229.35906
G1 X183.409 Y126.411 E229.36786
G1 X183.159 Y126.248 E229.37779
G1 X182.941 Y126.057 E229.38743
G1 X182.747 Y125.83 E229.39736
G1 X182.583 Y125.588 E229.40708
G1 X182.467 Y125.348 E229.41595
G1 X182.367 Y125.063 E229.426
G1 X182.314 Y124.791 E229.43521
G1 X182.296 Y124.487 E229.44534
G1 X182.315 Y124.201 E229.45488
G1 X182.367 Y123.937 E229.46382
G1 X182.468 Y123.647 E229.47404
G1 X182.584 Y123.411 E229.48278
G1 X182.761 Y123.148 E229.49333
G1 X182.952 Y122.933 E229.50289
G1 X183.168 Y122.746 E229.5124
G1 X183.411 Y122.584 E229.52211
G1 X183.669 Y122.459 E229.53164
G1 X183.937 Y122.367 E229.54107
G1 X184.205 Y122.314 E229.55016
G1 X184.513 Y122.296 E229.56042
G1 X184.794 Y122.315 E229.56978
G1 X185.092 Y122.375 E229.57989
G1 X185.348 Y122.467 E229.58894
G1 X185.587 Y122.583 E229.59778
G1 X185.83 Y122.746 E229.60751
G1 X186.058 Y122.942 E229.61751
G1 X186.256 Y123.17 E229.62755
G1 X186.411 Y123.409 E229.63703
G1 X186.531 Y123.645 E229.64584
G1 X186.629 Y123.937 E229.65608
G1 X186.684 Y124.227 E229.6659
G1 X186.7 Y124.513 E229.67542
G1 X186.681 Y124.795 E229.68482
G1 X186.597 Y125.216 E229.6991
G1 X186.399 Y125.611 E229.7138
G1 X186.24 Y125.847 E229.72326
G1 X186.047 Y126.068 E229.73302
G1 X185.827 Y126.255 E229.74263
G1 X185.59 Y126.411 E229.75206
G1 X185.325 Y126.542 E229.7619
G1 X185.063 Y126.629 E229.77108
G1 X184.791 Y126.682 E229.78029
G1 X184.487 Y126.7 E229.79042
G1 F2400 E229.29042
G0 F10500 X184.466 Y127.01
G0 X184.5 Y127.28
G0 X184.5 Y172.716
G0 X184.487 Y177.7
G1 F2400 E229.79042
G1 F3600 X184.201 Y177.681 E229.79996
G1 X183.912 Y177.622 E229.80977
G1 X183.645 Y177.531 E229.81915
G1 X183.39 Y177.4 E229.82868
G1 X183.148 Y177.239 E229.83835
G1 X182.932 Y177.047 E229.84796
G1 X182.746 Y176.83 E229.85747
G1 X182.583 Y176.588 E229.86717
G1 X182.459 Y176.328 E229.87675
G1 X182.367 Y176.063 E229.88608
G1 X182.314 Y175.791 E229.8953
G1 X182.296 Y175.487 E229.90543
G1 X182.315 Y175.201 E229.91496
G1 X182.367 Y174.937 E229.92391
G1 X182.468 Y174.647 E229.93413
G1 X182.584 Y174.411 E229.94287
G1 X182.753 Y174.158 E229.95299
G1 X182.942 Y173.942 E229.96254
G1 X183.158 Y173.753 E229.97208
G1 X183.411 Y173.584 E229.9822
G1 X183.669 Y173.459 E229.99174
G1 X183.937 Y173.367 E230.00116
G1 X184.205 Y173.314 E230.01025
G1 X184.513 Y173.296 E230.02051
G1 X184.795 Y173.315 E230.02991
G1 X185.063 Y173.367 E230.03899
G1 X185.328 Y173.459 E230.04832
G1 X185.588 Y173.583 E230.0579
G1 X185.847 Y173.76 E230.06834
G1 X186.067 Y173.952 E230.07805
G1 X186.256 Y174.17 E230.08765
G1 X186.411 Y174.409 E230.09712
G1 X186.531 Y174.645 E230.10593
G1 X186.629 Y174.937 E230.11617
G1 X186.684 Y175.227 E230.12599
G1 X186.7 Y175.5 E230.13508
G1 X186.681 Y175.795 E230.14491
G1 X186.597 Y176.216 E230.15919
G1 X186.399 Y176.611 E230.17389
G1 X186.24 Y176.847 E230.18335
G1 X186.058 Y177.058 E230.19262
G1 X185.827 Y177.255 E230.20272
G1 X185.59 Y177.411 E230.21216
G1 X185.325 Y177.542 E230.22199
G1 X185.063 Y177.629 E230.23117
G1 X184.791 Y177.682 E230.24039
G1 X184.487 Y177.7 E230.25052
G1 F2400 E229.75052
G0 F10500 X184.466 Y178.01
G0 X183.562 Y177.766
G0 X182.06 Y176.84
G0 X177.3 Y176.84
G0 X150 Y172.302
G1 F2400 E230.25052
G1 F3600 X176.56 Y172.3 E231.13391
G1 X176.649 Y172.365 E231.13757
G1 X176.698 Y172.468 E231.14136
G1 X176.7 Y179.3 E231.3686
G1 X188.3 Y179.3 E231.75442
G1 X188.3 Y167.7 E232.14023
G1 X181.468 Y167.698 E232.36747
G1 X181.365 Y167.649 E232.37126
G1 X181.303 Y167.535 E232.37558
G1 X181.3 Y132.439 E233.54287
G1 X181.366 Y132.351 E233.54653
G1 X181.468 Y132.302 E233.5503
G1 X188.3 Y132.3 E233.77753
G1 X188.3 Y120.7 E234.16335
G1 X176.7 Y120.7 E234.54916
G1 X176.698 Y127.56 E234.77733
G1 X176.62 Y127.66 E234.78155
G1 X176.535 Y127.697 E234.78463
G1 X135.423 Y127.7 E236.15202
G1 X135.3 Y127.54 E236.15873
G1 X135.3 Y115.7 E236.55253
G1 X123.7 Y115.7 E236.93835
G1 X123.7 Y127.54 E237.33215
G1 X123.66 Y127.621 E237.33516
G1 X123.535 Y127.697 E237.34002
G1 X111.7 Y127.7 E237.73366
G1 X111.7 Y172.3 E239.21706
G1 X123.577 Y172.3 E239.61209
G1 X123.7 Y172.459 E239.61877
G1 X123.7 Y184.3 E240.01261
G1 X135.3 Y184.3 E240.39842
G1 X135.3 Y172.459 E240.79226
G1 X135.34 Y172.38 E240.7952
G1 X135.465 Y172.303 E240.80009
G1 X150 Y172.302 E241.28352
G1 F2400 E240.78352
G0 F10500 X150 Y171.99
G0 X149.999 Y171.7
G0 X149.999 Y170.28
G0 X150 Y169.697
G1 F2400 E241.28352
G1 F3600 X114.444 Y169.7 E242.46612
G1 X114.358 Y169.642 E242.46957
G1 X114.303 Y169.535 E242.47357
G1 X114.3 Y130.444 E243.77374
G1 X114.358 Y130.358 E243.77719
G1 X114.465 Y130.303 E243.78119
G1 X178.547 Y130.301 E245.91257
G1 X178.661 Y130.376 E245.91711
G1 X178.695 Y130.449 E245.91979
G1 X178.695 Y169.548 E247.22023
G1 X178.62 Y169.661 E247.22474
G1 X178.548 Y169.695 E247.22738
G1 X150 Y169.697 E248.1769
G1 F2400 E247.6769
G0 F10500 X149.999 Y170.01
G0 X129.466 Y170.28
G0 X129.5 Y177.716
G0 X129.487 Y182.7
G1 F2400 E248.1769
G1 F3600 X129.201 Y182.681 E248.18643
G1 X128.912 Y182.622 E248.19624
G1 X128.645 Y182.531 E248.20562
G1 X128.39 Y182.4 E248.21516
G1 X128.148 Y182.239 E248.22482
G1 X127.932 Y182.047 E248.23444
G1 X127.746 Y181.83 E248.24394
G1 X127.583 Y181.588 E248.25365
G1 X127.467 Y181.348 E248.26251
G1 X127.367 Y181.063 E248.27256
G1 X127.314 Y180.791 E248.28177
G1 X127.296 Y180.487 E248.2919
G1 X127.315 Y180.201 E248.30144
G1 X127.367 Y179.937 E248.31039
G1 X127.468 Y179.647 E248.3206
G1 X127.584 Y179.411 E248.32935
G1 X127.761 Y179.148 E248.33989
G1 X127.952 Y178.933 E248.34946
G1 X128.168 Y178.746 E248.35896
G1 X128.411 Y178.584 E248.36867
G1 X128.669 Y178.459 E248.37821
G1 X128.936 Y178.367 E248.3876
G1 X129.205 Y178.314 E248.39672
G1 X129.513 Y178.296 E248.40698
G1 X129.795 Y178.315 E248.41638
G1 X130.064 Y178.367 E248.42549
G1 X130.348 Y178.467 E248.43551
G1 X130.588 Y178.583 E248.44437
G1 X130.847 Y178.76 E248.45481
G1 X131.067 Y178.952 E248.46452
G1 X131.256 Y179.17 E248.47412
G1 X131.411 Y179.409 E248.48359
G1 X131.531 Y179.645 E248.4924
G1 X131.629 Y179.937 E248.50264
G1 X131.684 Y180.227 E248.51246
G1 X131.7 Y180.513 E248.52199
G1 X131.681 Y180.795 E248.53139
G1 X131.597 Y181.216 E248.54566
G1 X131.399 Y181.611 E248.56036
G1 X131.24 Y181.847 E248.56982
G1 X131.047 Y182.068 E248.57958
G1 X130.827 Y182.255 E248.58919
G1 X130.59 Y182.411 E248.59862
G1 X130.325 Y182.542 E248.60846
G1 X130.063 Y182.629 E248.61764
G1 X129.791 Y182.682 E248.62686
G1 X129.487 Y182.7 E248.63698
G1 F2400 E248.13698
G0 F10500 X129.466 Y183.01
G0 X128.562 Y182.766
G0 X128.007 Y182.446
G0 X127.554 Y181.993
G0 X127.234 Y181.438
G0 X127.069 Y180.82
G0 X127.069 Y180.18
G0 X127.234 Y179.562
G0 X127.554 Y179.007
G0 X127.962 Y178.599
G0 X129.5 Y177.716
G0 X129.501 Y122.28
G0 X129.487 Y121.7
G1 F2400 E248.63698
G1 F3600 X129.201 Y121.681 E248.64652
G1 X128.936 Y121.629 E248.6555
G1 X128.645 Y121.531 E248.66571
G1 X128.39 Y121.4 E248.67525
G1 X128.148 Y121.239 E248.68491
G1 X127.932 Y121.047 E248.69453
G1 X127.747 Y120.83 E248.70401
G1 X127.583 Y120.588 E248.71373
G1 X127.467 Y120.348 E248.7226
G1 X127.367 Y120.063 E248.73265
G1 X127.314 Y119.791 E248.74186
G1 X127.296 Y119.487 E248.75199
G1 X127.315 Y119.201 E248.76152
G1 X127.367 Y118.937 E248.77047
G1 X127.468 Y118.647 E248.78069
G1 X127.584 Y118.411 E248.78943
G1 X127.761 Y118.148 E248.79998
G1 X127.952 Y117.933 E248.80954
G1 X128.148 Y117.761 E248.81822
G1 X128.411 Y117.584 E248.82876
G1 X128.669 Y117.459 E248.8383
G1 X128.937 Y117.367 E248.84772
G1 X129.205 Y117.314 E248.85681
G1 X129.513 Y117.296 E248.86707
G1 X129.794 Y117.315 E248.87644
G1 X130.092 Y117.375 E248.88655
G1 X130.348 Y117.467 E248.89559
G1 X130.587 Y117.583 E248.90443
G1 X130.83 Y117.746 E248.91416
G1 X131.067 Y117.952 E248.92461
G1 X131.256 Y118.17 E248.9342
G1 X131.411 Y118.409 E248.94368
G1 X131.531 Y118.645 E248.95248
G1 X131.629 Y118.937 E248.96273
G1 X131.684 Y119.227 E248.97254
G1 X131.7 Y119.513 E248.98207
G1 X131.681 Y119.795 E248.99147
G1 X131.597 Y120.216 E249.00575
G1 X131.399 Y120.611 E249.02045
G1 X131.24 Y120.847 E249.02991
G1 X131.047 Y121.068 E249.03967
G1 X130.827 Y121.255 E249.04927
G1 X130.59 Y121.411 E249.05871
G1 X130.325 Y121.542 E249.06854
G1 X130.063 Y121.629 E249.07772
G1 X129.791 Y121.682 E249.08694
G1 X129.487 Y121.7 E249.09707
G1 F2400 E248.59707
G0 F10500 X129.466 Y122.01
G0 X130.51 Y122.092
G0 X182.532 Y173.532
G0 X186.503 Y178.163
;TYPE:SKIN
G1 F2400 E249.09707
G1 F4056.3 X186.861 Y177.859 E249.11093
G1 X187.163 Y177.518 E249.12438
G1 X187.163 Y178.163 E249.14342
G1 X186.503 Y178.163 E249.1629
G0 F10500 X186.143 Y177.64
G0 X184.101 Y178.172
G0 X184.033 Y178.481
G1 F2868.5 X184.484 Y178.498 E249.18174
G1 F2880 X184.939 Y178.483 E249.20067
G0 F10500 X185.662 Y178.54
G1 F3495.1 X185.251 Y178.527 E249.21475
G1 F3070.4 X184.939 Y178.483 E249.22704
G1 F3151 X185.648 Y178.23 E249.25565
G1 F3600 X186.012 Y178.042 E249.26927
G1 X186.326 Y177.83 E249.28187
G1 X186.594 Y177.594 E249.29375
G1 X186.814 Y177.345 E249.3048
G1 X187.042 Y177.013 E249.3182
G1 X187.202 Y176.705 E249.32974
G1 F3164.8 X187.485 Y175.928 E249.36103
G1 X187.54 Y176.332 E249.37645
G1 F3600 X187.54 Y178.54 E249.44989
G1 X185.662 Y178.54 E249.51235
G1 F2400 E249.01235
G0 F10500 X185.662 Y178.8
G0 X187.174 Y178.7
G0 X186.468 Y177.468
G0 X187.485 Y175.928
G1 F2400 E249.51235
G1 F2909.1 X187.5 Y175.509 E249.52961
G1 F2920.9 X187.487 Y175.091 E249.54676
G1 F2400 E249.04676
G0 F10500 X187.181 Y175.15
G0 X186.235 Y173.765
G0 X185.725 Y173.376
G0 X185.246 Y173.178
G0 X183.716 Y172.827
G0 X179.281 Y169.498
G0 X179.828 Y167.549
G1 F2400 E249.54676
G1 F4210.5 X179.83 Y132.414 E250.5459
G1 F4222.9 X180.17 Y132.452 E250.5556
G1 F4210.5 X180.172 Y167.499 E251.55225
G1 F4186 X179.828 Y167.549 E251.56219
G1 F2400 E251.06219
G0 F10500 X179.2 Y167.549
G0 X179.281 Y130.359
G0 X182.629 Y126.552
G0 X187.163 Y122.484
G1 F2400 E251.56219
G1 F4056.3 X186.878 Y122.158 E251.57498
G1 X186.504 Y121.837 E251.58952
G1 X187.163 Y121.837 E251.60898
G1 X187.163 Y122.484 E251.62807
G0 F10500 X186.651 Y122.857
G0 X187.174 Y124.881
G0 X187.485 Y124.928
G1 F2909.1 X187.5 Y124.509 E251.64533
G1 F2920.9 X187.487 Y124.091 E251.66247
G1 F3178.8 X187.305 Y123.518 E251.68512
G1 F3600 X187.093 Y123.07 E251.70161
G1 X186.865 Y122.711 E251.71575
G1 X186.591 Y122.403 E251.72946
G1 X186.253 Y122.115 E251.74423
G1 X185.937 Y121.911 E251.75674
G1 X185.656 Y121.773 E251.76715
G1 F2975.2 X185.275 Y121.544 E251.78504
G1 X185.713 Y121.46 E251.80299
G1 F3600 X187.54 Y121.46 E251.86376
G1 X187.54 Y123.539 E251.93291
G1 F3178.8 X187.487 Y124.091 E251.95379
G1 F2400 E251.45379
G0 F10500 X187.181 Y124.15
G0 X186.33 Y122.904
G0 X185.234 Y121.808
G0 X185.234 Y121.3
G0 X185.275 Y121.544
G1 F2400 E251.95379
G1 F2717 X184.813 Y121.506 E251.97422
G1 F2975.2 X184.513 Y121.498 E251.9863
G1 F2932.8 X184.059 Y121.512 E252.00484
G1 F2400 E251.50484
G0 F10500 X184.059 Y121.2
G0 X177.272 Y121.272
G0 X176.938 Y127.938
G0 X149.925 Y128.3
G0 X149.925 Y129.698
G0 X149.925 Y129.17
G1 F2400 E252.00484
G1 F4210.5 X135.487 Y129.17 E252.41542
G1 F4222.9 X135.527 Y128.83 E252.42513
G1 F4210.5 X176.432 Y128.824 E253.58836
G1 F4186 X176.504 Y129.168 E253.59842
G1 F4198.3 X149.925 Y129.17 E254.35646
G0 F10500 X149.925 Y129.798
G0 X123.517 Y129.8
G0 X123.517 Y129.171
G1 F4173.9 X114.475 Y129.172 E254.61585
G1 F4186 X114.421 Y128.828 E254.62581
G1 F4173.9 X123.461 Y128.825 E254.88514
G1 F4161.8 X123.517 Y129.171 E254.89522
G1 F2400 E254.39522
G0 F10500 X123.517 Y129.8
G0 X114.062 Y130.062
G0 X113.72 Y169.574
G0 X112.3 Y169.574
G0 X112.831 Y169.574
G1 F2400 E254.89522
G1 F4210.5 X112.83 Y130.392 E256.00946
G1 F4222.9 X113.17 Y130.495 E256.01953
G1 F4210.5 X113.173 Y169.524 E257.12942
G1 X112.831 Y169.574 E257.13925
G0 F10500 X112.2 Y169.574
G0 X112.272 Y171.728
G0 X123.486 Y171.8
G0 X123.486 Y171.169
G1 F4222.9 X114.391 Y171.17 E257.39713
G1 X114.497 Y170.83 E257.40723
G1 X123.533 Y170.827 E257.66343
G1 X123.486 Y171.169 E257.67322
G1 F2400 E257.17322
G0 F10500 X123.486 Y171.8
G0 X123.938 Y172.062
G0 X124.3 Y183.172
G0 X128.146 Y182.929
G0 X129.033 Y183.481
G1 F2400 E257.67322
G1 F2868.5 X129.484 Y183.498 E257.69206
G1 F2880 X129.932 Y183.485 E257.71069
G1 F2400 E257.21069
G0 F10500 X129.932 Y183.8
G0 X134.728 Y183.728
G0 X135.062 Y172.062
G0 X150 Y171.7
G0 X150 Y170.28
G0 X150 Y170.457
G1 F2400 E257.71069
G1 F3600 X178.683 Y170.458 E258.6647
G1 X179.077 Y170.271 E258.6792
G1 X179.373 Y169.899 E258.69501
G1 X179.456 Y169.541 E258.70724
G1 X179.458 Y130.326 E260.01153
G1 X179.275 Y129.923 E260.02625
G1 X179.071 Y129.718 E260.03587
G1 X178.685 Y129.538 E260.05004
G1 X114.369 Y129.542 E262.1892
G1 X114.089 Y129.633 E262.19899
G1 X113.818 Y129.818 E262.2099
G1 X113.61 Y130.122 E262.22215
G1 X113.544 Y130.46 E262.23361
G1 X113.542 Y169.627 E263.53631
G1 X113.633 Y169.907 E263.5461
G1 X113.818 Y170.178 E263.55701
G1 X114.119 Y170.384 E263.56914
G1 X114.458 Y170.456 E263.58067
G1 X150 Y170.457 E264.7628
G0 F10500 X150 Y171.171
G1 F4198.3 X135.511 Y171.172 E265.17604
G1 F4186 X135.457 Y170.828 E265.186
G1 F4198.3 X176.558 Y170.827 E266.35822
G1 F4210.5 X176.522 Y171.169 E266.368
G1 X150 Y171.171 E267.12222
G0 F10500 X150 Y171.543
G1 F3600 X135.365 Y171.542 E267.60898
G1 X135.039 Y171.65 E267.6204
G1 X134.732 Y171.918 E267.63396
G1 X134.59 Y172.192 E267.64422
G1 X134.541 Y172.478 E267.65387
G1 X134.54 Y183.54 E268.0218
G1 X130.658 Y183.54 E268.15091
G1 F3503.6 X130.253 Y183.529 E268.16476
G1 F3076.9 X129.932 Y183.485 E268.17737
G1 F3151 X130.564 Y183.264 E268.20281
G1 F3600 X130.92 Y183.092 E268.21596
G1 X131.243 Y182.89 E268.22863
G1 X131.585 Y182.606 E268.24341
G1 X131.812 Y182.347 E268.25487
G1 X132.029 Y182.034 E268.26754
G1 X132.234 Y181.645 E268.28216
G1 X132.367 Y181.228 E268.29672
G1 X132.429 Y180.928 E268.30691
G1 X132.46 Y180.507 E268.32095
G1 X132.438 Y180.158 E268.33258
G1 X132.378 Y179.802 E268.34459
G1 X132.243 Y179.374 E268.35951
G1 X132.042 Y178.983 E268.37414
G1 X131.891 Y178.753 E268.38329
G1 X131.642 Y178.452 E268.39628
G1 X131.336 Y178.181 E268.40988
G1 X130.969 Y177.918 E268.42489
G1 X130.685 Y177.786 E268.43531
G1 X130.264 Y177.631 E268.45023
G1 X129.944 Y177.567 E268.46108
G1 X129.51 Y177.536 E268.47556
G1 X129.095 Y177.56 E268.48938
G1 X128.785 Y177.619 E268.49988
G1 X128.396 Y177.747 E268.5135
G1 X128.032 Y177.923 E268.52695
G1 X127.662 Y178.175 E268.54184
G1 X127.377 Y178.432 E268.5546
G1 X127.107 Y178.752 E268.56852
G1 X126.901 Y179.077 E268.58132
G1 X126.785 Y179.305 E268.58983
G1 X126.626 Y179.741 E268.60527
G1 X126.555 Y180.153 E268.61917
G1 X126.536 Y180.497 E268.63063
G1 X126.56 Y180.901 E268.64409
G1 X126.619 Y181.208 E268.65449
G1 X126.746 Y181.593 E268.66797
G1 X126.894 Y181.909 E268.67958
G1 X127.116 Y182.254 E268.69322
G1 X127.414 Y182.605 E268.70854
G1 X127.734 Y182.877 E268.72251
G1 X128.047 Y183.081 E268.73493
G1 X128.405 Y183.253 E268.74814
G1 F3591 X128.673 Y183.343 E268.75757
G1 F3130.4 X129.033 Y183.481 E268.77232
G1 X128.642 Y183.538 E268.78743
G1 F3591 X124.46 Y183.54 E268.92687
G1 F3600 X124.46 Y172.504 E269.29393
G1 X124.422 Y172.223 E269.30336
G1 X124.269 Y171.917 E269.31474
G1 X123.95 Y171.644 E269.32871
G1 X123.544 Y171.545 E269.3426
G1 X112.46 Y171.54 E269.71126
G1 X112.46 Y128.46 E271.14411
G1 X123.631 Y128.458 E271.51566
G1 X123.958 Y128.345 E271.52716
G1 X124.269 Y128.083 E271.54069
G1 X124.408 Y127.801 E271.55115
G1 X124.458 Y127.521 E271.56061
G1 X124.46 Y116.46 E271.9285
G1 X128.374 Y116.46 E272.05868
G1 F3512.2 X128.736 Y116.47 E272.07102
G1 F3110.2 X129.059 Y116.512 E272.08356
G1 F3178.8 X128.418 Y116.737 E272.10915
G1 F3600 X128.008 Y116.932 E272.12425
G1 X127.661 Y117.176 E272.13836
G1 X127.377 Y117.431 E272.15105
G1 X127.107 Y117.752 E272.16501
G1 X126.901 Y118.077 E272.1778
G1 X126.776 Y118.326 E272.18707
G1 X126.626 Y118.741 E272.20175
G1 X126.555 Y119.153 E272.21565
G1 X126.536 Y119.497 E272.22711
G1 X126.56 Y119.901 E272.24057
G1 X126.619 Y120.208 E272.25097
G1 X126.737 Y120.574 E272.26376
G1 X126.894 Y120.913 E272.27619
G1 X127.112 Y121.25 E272.28954
G1 X127.354 Y121.541 E272.30212
G1 X127.657 Y121.817 E272.31576
G1 X127.973 Y122.037 E272.32856
G1 X128.339 Y122.23 E272.34232
G1 X128.792 Y122.377 E272.35816
G1 X129.15 Y122.438 E272.37024
G1 X129.494 Y122.456 E272.3817
G1 X129.901 Y122.432 E272.39526
G1 X130.228 Y122.368 E272.40634
G1 X130.564 Y122.264 E272.41804
G1 X130.939 Y122.082 E272.43191
G1 X131.243 Y121.89 E272.44386
G1 X131.585 Y121.606 E272.45865
G1 X131.812 Y121.347 E272.4701
G1 X132.029 Y121.034 E272.48277
G1 X132.234 Y120.645 E272.4974
G1 X132.367 Y120.228 E272.51195
G1 X132.429 Y119.928 E272.52214
G1 X132.46 Y119.507 E272.53618
G1 X132.438 Y119.158 E272.54781
G1 X132.378 Y118.802 E272.55982
G1 X132.243 Y118.378 E272.57462
G1 X132.078 Y118.045 E272.58698
G1 X131.866 Y117.709 E272.6002
G1 X131.56 Y117.372 E272.61534
G1 X131.274 Y117.127 E272.62786
G1 X130.917 Y116.9 E272.64193
G1 X130.656 Y116.773 E272.65159
G1 F2975.2 X130.275 Y116.544 E272.66948
G1 X130.713 Y116.46 E272.68743
G1 F3600 X134.54 Y116.46 E272.81471
G1 X134.541 Y127.518 E273.1825
G1 X134.589 Y127.803 E273.19212
G1 X134.731 Y128.082 E273.20253
G1 X135.042 Y128.35 E273.21618
G1 X135.454 Y128.454 E273.23032
G1 X176.635 Y128.458 E274.6
G1 X177.082 Y128.269 E274.61614
G1 X177.383 Y127.884 E274.6324
G1 X177.459 Y127.61 E274.64185
G1 X177.46 Y121.46 E274.8464
G1 X183.374 Y121.46 E275.0431
G1 F3512.2 X183.736 Y121.47 E275.05545
G1 F3110.2 X184.059 Y121.512 E275.06799
G1 F3178.8 X183.418 Y121.737 E275.09358
G1 F3600 X183.008 Y121.932 E275.10868
G1 X182.661 Y122.176 E275.12279
G1 X182.377 Y122.431 E275.13548
G1 X182.108 Y122.75 E275.14936
G1 X181.908 Y123.054 E275.16146
G1 X181.746 Y123.404 E275.17429
G1 X181.619 Y123.792 E275.18787
G1 X181.555 Y124.153 E275.20007
G1 X181.536 Y124.493 E275.21139
G1 X181.562 Y124.923 E275.22572
G1 X181.619 Y125.208 E275.23539
G1 X181.737 Y125.574 E275.24818
G1 X181.914 Y125.957 E275.26221
G1 X182.176 Y126.332 E275.27742
G1 X182.388 Y126.579 E275.28825
G1 X182.704 Y126.859 E275.30229
G1 X182.948 Y127.023 E275.31207
G1 X183.379 Y127.247 E275.32823
G1 X183.798 Y127.378 E275.34283
G1 X184.15 Y127.438 E275.35471
G1 X184.494 Y127.456 E275.36616
G1 X184.923 Y127.43 E275.38046
G1 X185.228 Y127.368 E275.39081
G1 X185.564 Y127.264 E275.40251
G1 X185.939 Y127.082 E275.41637
G1 X186.243 Y126.89 E275.42833
G1 X186.585 Y126.606 E275.44312
G1 X186.812 Y126.347 E275.45457
G1 X187.029 Y126.034 E275.46724
G1 X187.202 Y125.705 E275.4796
G1 F3164.8 X187.485 Y124.928 E275.51089
G1 X187.54 Y125.332 E275.52631
G1 F3600 X187.54 Y131.54 E275.73279
G1 X181.393 Y131.541 E275.93724
G1 X181.148 Y131.604 E275.94566
G1 X180.853 Y131.786 E275.95718
G1 X180.625 Y132.09 E275.96982
G1 X180.544 Y132.456 E275.98229
G1 X180.542 Y167.627 E277.15208
G1 X180.631 Y167.913 E277.16205
G1 X180.849 Y168.21 E277.1743
G1 X181.133 Y168.389 E277.18546
G1 X181.382 Y168.459 E277.19407
G1 X187.54 Y168.46 E277.39888
G1 X187.54 Y174.535 E277.60094
G1 F3178.8 X187.487 Y175.091 E277.62198
G1 X187.305 Y174.512 E277.64484
G1 F3600 X187.082 Y174.057 E277.66169
G1 X186.894 Y173.757 E277.67347
G1 X186.637 Y173.45 E277.68678
G1 X186.343 Y173.18 E277.70006
G1 X185.99 Y172.935 E277.71435
G1 X185.666 Y172.776 E277.72635
G1 X185.254 Y172.626 E277.74094
G1 X184.834 Y172.554 E277.75511
G1 X184.511 Y172.536 E277.76587
G1 X184.069 Y172.562 E277.7806
G1 X183.684 Y172.648 E277.79372
G1 X183.294 Y172.79 E277.80752
G1 X182.983 Y172.954 E277.81922
G1 X182.708 Y173.137 E277.8302
G1 X182.395 Y173.414 E277.8441
G1 X182.136 Y173.706 E277.85709
G1 X181.968 Y173.962 E277.86727
G1 X181.79 Y174.299 E277.87995
G1 X181.64 Y174.707 E277.89441
G1 X181.555 Y175.151 E277.90944
G1 X181.536 Y175.493 E277.92083
G1 X181.562 Y175.923 E277.93516
G1 X181.619 Y176.208 E277.94483
G1 X181.738 Y176.571 E277.95753
G1 X181.894 Y176.909 E277.96992
G1 X182.116 Y177.254 E277.98356
G1 X182.414 Y177.605 E277.99887
G1 X182.734 Y177.877 E278.01284
G1 X183.047 Y178.081 E278.02527
G1 X183.405 Y178.253 E278.03848
G1 F3591 X183.673 Y178.343 E278.04791
G1 F3130.4 X184.033 Y178.481 E278.06265
G1 X183.642 Y178.538 E278.07777
G1 F3591 X177.46 Y178.54 E278.28389
G1 F3600 X177.459 Y172.384 E278.48864
G1 X177.389 Y172.128 E278.49747
G1 X177.209 Y171.848 E278.50854
G1 X176.905 Y171.625 E278.52108
G1 X176.54 Y171.544 E278.53352
G1 X150 Y171.543 E279.41624
G1 F2400 E278.91624
G0 F10500 X150 Y171.8
G0 X134.891 Y172.044
G0 X134.728 Y183.728
G0 X124.272 Y183.728
G0 X124.109 Y172.044
G0 X112.272 Y171.728
G0 X112.272 Y128.272
G0 X124.109 Y127.957
G0 X124.272 Y116.272
G0 X130.275 Y116.2
G0 X130.275 Y116.544
G1 F2400 E279.41624
G1 F2717 X129.813 Y116.506 E279.43667
G1 F2975.2 X129.513 Y116.498 E279.44875
G1 F2932.8 X129.059 Y116.512 E279.46729
G0 F10500 X129.059 Y116.2
G0 X124.272 Y116.272
G0 X124.2 Y116.888
G0 X124.66 Y116.888
G1 F3600 X124.888 Y116.66 E279.47802
G0 F10500 X125.453 Y116.66
G1 F3600 X124.66 Y117.453 E279.51532
G0 F10500 X124.66 Y118.019
G1 F3600 X126.019 Y116.66 E279.57924
G0 F10500 X126.585 Y116.66
G1 F3600 X124.66 Y118.585 E279.66979
G0 F10500 X124.659 Y119.151
G1 F3600 X127.151 Y116.66 E279.78698
G0 F10500 X127.716 Y116.66
G1 F3600 X124.659 Y119.717 E279.93077
G0 F10500 X124.659 Y120.282
G1 F3600 X126.539 Y118.403 E280.01918
G0 F10500 X126.354 Y119.153
G1 F3600 X124.659 Y120.848 E280.0989
G0 F10500 X124.659 Y121.414
G1 F3600 X126.349 Y119.724 E280.1784
G0 F10500 X126.418 Y120.221
G1 F3600 X124.659 Y121.98 E280.26113
G0 F10500 X124.659 Y122.546
G1 F3600 X126.554 Y120.651 E280.35027
G0 F10500 X126.735 Y121.035
G1 F3600 X124.659 Y123.112 E280.44794
G0 F10500 X124.658 Y123.678
G1 F3600 X126.959 Y121.377 E280.55617
G0 F10500 X127.218 Y121.684
G1 F3600 X124.658 Y124.244 E280.67659
G0 F10500 X124.658 Y124.809
G1 F3600 X127.514 Y121.953 E280.81093
G0 F10500 X127.843 Y122.189
G1 F3600 X124.657 Y125.376 E280.96081
G0 F10500 X124.657 Y125.941
G1 F3600 X128.211 Y122.387 E281.12798
G0 F10500 X128.631 Y122.533
G1 F3600 X124.657 Y126.507 E281.3149
G0 F10500 X124.657 Y127.073
G1 F3600 X129.099 Y122.631 E281.52384
G0 F10500 X129.647 Y122.648
G1 F3600 X124.634 Y127.662 E281.75966
G1 F2400 E281.25966
G0 F10500 X124.185 Y127.598
G0 X124.14 Y127.981
G0 X124.14 Y129.7
G0 X124.649 Y129.344
G1 F2400 E281.75966
G1 F3600 X134.34 Y119.653 E282.2155
G0 F10500 X134.34 Y120.219
G1 F3600 X125.214 Y129.344 E282.64473
G0 F10500 X125.78 Y129.344
G1 F3600 X134.34 Y120.784 E283.04737
G0 F10500 X134.34 Y121.35
G1 F3600 X126.346 Y129.344 E283.42338
G0 F10500 X126.912 Y129.344
G1 F3600 X134.34 Y121.916 E283.77277
G0 F10500 X134.34 Y122.482
G1 F3600 X127.477 Y129.344 E284.09556
G0 F10500 X128.043 Y129.344
G1 F3600 X134.34 Y123.047 E284.39175
G0 F10500 X134.34 Y123.613
G1 F3600 X128.609 Y129.344 E284.66132
G0 F10500 X129.174 Y129.344
G1 F3600 X134.34 Y124.179 E284.90429
G0 F10500 X134.34 Y124.744
G1 F3600 X129.74 Y129.344 E285.12066
G0 F10500 X130.306 Y129.344
G1 F3600 X134.34 Y125.31 E285.31041
G0 F10500 X134.34 Y125.876
G1 F3600 X130.871 Y129.344 E285.47356
G0 F10500 X131.437 Y129.344
G1 F3600 X134.34 Y126.441 E285.6101
G0 F10500 X134.34 Y127.007
G1 F3600 X132.003 Y129.344 E285.72003
G0 F10500 X132.568 Y129.344
G1 F3600 X134.347 Y127.565 E285.80371
G0 F10500 X134.469 Y128.009
G1 F3600 X133.134 Y129.344 E285.8665
G0 F10500 X133.7 Y129.344
G1 F3600 X134.714 Y128.33 E285.9142
G0 F10500 X135.051 Y128.558
G1 F3600 X134.265 Y129.344 E285.95117
G0 F10500 X134.831 Y129.344
G1 F3600 X135.359 Y128.816 E285.976
G1 F2400 E285.476
G0 F10500 X135.513 Y128.202
G0 X135.062 Y127.938
G0 X134.7 Y121.624
G0 X131.881 Y120.934
G0 X131.452 Y121.975
G1 F2400 E285.976
G1 F3600 X124.083 Y129.344 E286.32262
G0 F10500 X123.692 Y129.169
G1 F3600 X130.31 Y122.552 E286.63389
G0 F10500 X130.172 Y122.115
G0 X131.628 Y121.16
G0 X132.006 Y121.421
G1 F3600 X134.34 Y119.087 E286.74367
G0 F10500 X134.34 Y118.522
G1 F3600 X132.551 Y120.311 E286.82782
G0 F10500 X132.648 Y119.648
G1 F3600 X134.34 Y117.956 E286.90741
G0 F10500 X134.34 Y117.39
G1 F3600 X132.63 Y119.1 E286.98784
G0 F10500 X132.532 Y118.632
G1 F3600 X134.34 Y116.825 E287.07286
G0 F10500 X133.939 Y116.66
G1 F3600 X132.384 Y118.215 E287.146
G0 F10500 X132.187 Y117.846
G1 F3600 X133.373 Y116.66 E287.20179
G0 F10500 X132.807 Y116.66
G1 F3600 X131.955 Y117.512 E287.24186
G0 F10500 X131.684 Y117.218
G1 F3600 X132.242 Y116.66 E287.26811
G0 F10500 X131.676 Y116.66
G1 F3600 X131.378 Y116.958 E287.28213
G0 F10500 X131.11 Y116.66
G1 F3600 X131.033 Y116.738 E287.28577
G1 F2400 E286.78577
G0 F10500 X130.799 Y117.13
G0 X129.18 Y117.069
G0 X128.562 Y117.234
G0 X128.007 Y117.554
G0 X127.554 Y118.007
G0 X127.234 Y118.562
G0 X127.086 Y119.118
G0 X127.06 Y120.84
G0 X114.27 Y128.975
G1 F2400 E287.28577
G1 F3600 X112.982 Y130.263 E287.34636
G0 F10500 X112.66 Y130.019
G1 F3600 X114.02 Y128.659 E287.41033
G0 F10500 X113.454 Y128.659
G1 F3600 X112.66 Y129.454 E287.4477
G0 F10500 X112.66 Y128.888
G1 F3600 X112.888 Y128.659 E287.45844
G1 F2400 E286.95844
G0 F10500 X112.888 Y128.2
G0 X113.798 Y128.3
G0 X113.719 Y130.502
G0 X113.138 Y169.705
G1 F2400 E287.45844
G1 F3600 X112.66 Y170.183 E287.48093
G0 F10500 X112.66 Y170.749
G1 F3600 X113.435 Y169.974 E287.51738
G0 F10500 X113.667 Y170.307
G1 F3600 X112.66 Y171.314 E287.56475
G0 F10500 X113.199 Y171.34
G1 F3600 X113.997 Y170.543 E287.60226
G0 F10500 X114.331 Y170.775
G1 F3600 X113.765 Y171.34 E287.62886
G1 F2400 E287.12886
G0 F10500 X113.765 Y171.8
G0 X123.5 Y171.7
G0 X123.68 Y171.042
G1 F2400 E287.62886
G1 F3600 X124.063 Y170.659 E287.64687
G0 F10500 X124.629 Y170.659
G1 F3600 X123.871 Y171.417 E287.68253
G0 F10500 X124.231 Y171.623
G1 F3600 X125.195 Y170.659 E287.72787
G0 F10500 X125.76 Y170.659
G1 F3600 X124.495 Y171.924 E287.78737
G0 F10500 X124.64 Y172.345
G1 F3600 X126.326 Y170.659 E287.86668
G0 F10500 X126.892 Y170.659
G1 F3600 X124.66 Y172.89 E287.97164
G0 F10500 X124.66 Y173.456
G1 F3600 X127.457 Y170.659 E288.1032
G0 F10500 X128.023 Y170.659
G1 F3600 X124.66 Y174.022 E288.26139
G0 F10500 X124.66 Y174.587
G1 F3600 X128.589 Y170.659 E288.44617
G0 F10500 X129.154 Y170.659
G1 F3600 X124.66 Y175.153 E288.65756
G0 F10500 X124.66 Y175.719
G1 F3600 X129.72 Y170.659 E288.89556
G0 F10500 X130.286 Y170.659
G1 F3600 X124.66 Y176.285 E289.16019
G0 F10500 X124.66 Y176.85
G1 F3600 X130.852 Y170.659 E289.45142
G0 F10500 X131.417 Y170.659
G1 F3600 X124.66 Y177.416 E289.76925
G0 F10500 X124.66 Y177.982
G1 F3600 X131.983 Y170.659 E290.1137
G0 F10500 X132.549 Y170.659
G1 F3600 X124.66 Y178.547 E290.48475
G0 F10500 X124.66 Y179.113
G1 F3600 X133.114 Y170.659 E290.8824
G0 F10500 X133.68 Y170.659
G1 F3600 X124.66 Y179.679 E291.30668
G0 F10500 X124.66 Y180.244
G1 F3600 X134.246 Y170.659 E291.75755
G0 F10500 X134.811 Y170.659
G1 F3600 X124.66 Y180.81 E292.23502
G0 F10500 X124.66 Y181.376
G1 F3600 X126.486 Y179.55 E292.32091
G0 F10500 X126.347 Y180.254
G1 F3600 X124.66 Y181.941 E292.40026
G0 F10500 X124.66 Y182.507
G1 F3600 X126.354 Y180.814 E292.47992
G0 F10500 X126.438 Y181.294
G1 F3600 X124.66 Y183.073 E292.56357
G0 F10500 X124.958 Y183.34
G1 F3600 X126.584 Y181.714 E292.64006
G0 F10500 X126.774 Y182.091
G1 F3600 X125.524 Y183.34 E292.69883
G0 F10500 X126.09 Y183.34
G1 F3600 X127.002 Y182.428 E292.74173
G0 F10500 X127.264 Y182.732
G1 F3600 X126.656 Y183.34 E292.77033
G0 F10500 X127.221 Y183.34
G1 F3600 X127.566 Y182.995 E292.78655
G0 F10500 X127.903 Y183.224
G1 F3600 X127.787 Y183.34 E292.79201
G0 F10500 X127.787 Y183.8
G0 X131.181 Y183.8
G0 X131.181 Y183.34
G1 F3600 X134.341 Y180.18 E292.94065
G0 F10500 X134.341 Y179.614
G1 F3600 X132.505 Y181.45 E293.02701
G0 F10500 X132.641 Y180.749
G1 F3600 X134.341 Y179.049 E293.10697
G0 F10500 X134.341 Y178.483
G1 F3600 X132.642 Y180.182 E293.18688
G0 F10500 X132.558 Y179.701
G1 F3600 X134.341 Y177.917 E293.27077
G0 F10500 X134.342 Y177.351
G1 F3600 X132.416 Y179.276 E293.36134
G0 F10500 X132.225 Y178.902
G1 F3600 X134.342 Y176.785 E293.46092
G0 F10500 X134.342 Y176.219
G1 F3600 X131.995 Y178.566 E293.57132
G0 F10500 X131.73 Y178.265
G1 F3600 X134.342 Y175.654 E293.69415
G0 F10500 X134.343 Y175.087
G1 F3600 X131.429 Y178.001 E293.83122
G0 F10500 X131.1 Y177.764
G1 F3600 X134.343 Y174.522 E293.98374
G0 F10500 X134.343 Y173.956
G1 F3600 X130.714 Y177.585 E294.15443
G0 F10500 X130.299 Y177.434
G1 F3600 X134.343 Y173.39 E294.34465
G0 F10500 X134.343 Y172.825
G1 F3600 X129.811 Y177.356 E294.5578
G0 F10500 X129.25 Y177.352
G1 F3600 X134.391 Y172.211 E294.79962
G0 F10500 X134.827 Y172.304
G0 X135.368 Y171.815
G0 X135.221 Y171.381
G1 F3600 X135.351 Y171.251 E294.80573
G0 F10500 X135.274 Y170.762
G1 F3600 X128.547 Y177.489 E295.12215
G1 F2400 E294.62215
G0 F10500 X128.688 Y177.926
G0 X130.134 Y178.131
G0 X130.725 Y178.376
G0 X131.235 Y178.765
G0 X132.264 Y180.193
G0 X134.7 Y180.193
G0 X134.34 Y180.746
G1 F2400 E295.12215
G1 F3600 X131.747 Y183.34 E295.24414
G0 F10500 X132.312 Y183.34
G1 F3600 X134.34 Y181.312 E295.33953
G0 F10500 X134.34 Y181.878
G1 F3600 X132.878 Y183.34 E295.4083
G0 F10500 X133.444 Y183.34
G1 F3600 X134.34 Y182.443 E295.45047
G0 F10500 X134.34 Y183.009
G1 F3600 X134.009 Y183.34 E295.46604
G1 F2400 E294.96604
G0 F10500 X134.009 Y183.8
G0 X135.051 Y183.664
G0 X135.062 Y172.062
G0 X176.938 Y172.062
G0 X177.2 Y178.156
G0 X177.66 Y178.156
G1 F2400 E295.46604
G1 F3600 X181.616 Y174.2 E295.65211
G0 F10500 X181.379 Y175.003
G1 F3600 X178.042 Y178.34 E295.80908
G0 F10500 X178.607 Y178.34
G1 F3600 X181.343 Y175.604 E295.93777
G0 F10500 X181.397 Y176.116
G1 F3600 X179.173 Y178.34 E296.04238
G0 F10500 X179.739 Y178.34
G1 F3600 X181.523 Y176.556 E296.12629
G0 F10500 X181.693 Y176.951
G1 F3600 X180.304 Y178.34 E296.19163
G0 F10500 X180.87 Y178.34
G1 F3600 X181.908 Y177.302 E296.24045
G0 F10500 X182.159 Y177.617
G1 F3600 X181.436 Y178.34 E296.27446
G0 F10500 X182.002 Y178.34
G1 F3600 X182.448 Y177.893 E296.29546
G0 F10500 X182.77 Y178.137
G1 F3600 X182.567 Y178.34 E296.30501
G0 F10500 X182.567 Y178.8
G0 X177.272 Y178.728
G0 X177.2 Y177.591
G0 X177.66 Y177.591
G1 F3600 X186.591 Y168.66 E296.7251
G0 F10500 X187.156 Y168.66
G1 F3600 X183.205 Y172.611 E296.91094
G0 F10500 X184.011 Y172.371
G1 F3600 X187.34 Y169.042 E297.06753
G0 F10500 X187.34 Y169.607
G1 F3600 X184.606 Y172.342 E297.19615
G0 F10500 X185.114 Y172.399
G1 F3600 X187.34 Y170.173 E297.30085
G0 F10500 X187.34 Y170.739
G1 F3600 X185.553 Y172.526 E297.38491
G0 F10500 X185.95 Y172.695
G1 F3600 X187.34 Y171.304 E297.45031
G0 F10500 X187.34 Y171.87
G1 F3600 X186.301 Y172.909 E297.49918
G0 F10500 X186.616 Y173.16
G1 F3600 X187.34 Y172.436 E297.53324
G0 F10500 X187.34 Y173.001
G1 F3600 X186.896 Y173.446 E297.55415
G0 F10500 X187.137 Y173.77
G1 F3600 X187.34 Y173.567 E297.56369
G0 F10500 X187.8 Y173.567
G0 X187.728 Y168.272
G0 X186.025 Y168.2
G0 X186.025 Y168.66
G1 F3600 X177.66 Y177.025 E297.95716
G0 F10500 X177.66 Y176.459
G1 F3600 X185.459 Y168.66 E298.324
G0 F10500 X184.894 Y168.66
G1 F3600 X177.66 Y175.894 E298.66426
G0 F10500 X177.659 Y175.329
G1 F3600 X184.328 Y168.66 E298.97795
G0 F10500 X183.762 Y168.66
G1 F3600 X177.659 Y174.763 E299.26502
G0 F10500 X177.659 Y174.197
G1 F3600 X183.197 Y168.66 E299.52549
G0 F10500 X182.631 Y168.66
G1 F3600 X177.659 Y173.631 E299.75933
G0 F10500 X177.659 Y173.066
G1 F3600 X182.065 Y168.66 E299.96658
G0 F10500 X181.499 Y168.66
G1 F3600 X177.659 Y172.5 E300.1472
G0 F10500 X177.564 Y172.029
G1 F3600 X179.124 Y170.47 E300.22055
G0 F10500 X179.364 Y170.23
G1 F3600 X181.034 Y168.559 E300.29913
G0 F10500 X180.692 Y168.336
G1 F3600 X179.658 Y169.37 E300.34776
G0 F10500 X179.658 Y168.804
G1 F3600 X180.453 Y168.009 E300.38516
G0 F10500 X180.233 Y167.664
G1 F3600 X179.658 Y168.238 E300.41218
G0 F10500 X179.2 Y168.238
G0 X178.939 Y169.939
G0 X178.372 Y170.2
G0 X178.372 Y170.656
G1 F3600 X177.335 Y171.693 E300.46096
G0 F10500 X177.009 Y171.454
G1 F3600 X177.806 Y170.656 E300.49847
G0 F10500 X177.241 Y170.656
G1 F3600 X176.69 Y171.207 E300.52439
G1 F2400 E300.02439
G0 F10500 X176.556 Y171.814
G0 X179.994 Y132.264
G1 F2400 E300.52439
G1 F3600 X184.608 Y127.65 E300.74142
G0 F10500 X184.067 Y127.626
G1 F3600 X179.66 Y132.032 E300.94868
G0 F10500 X179.66 Y131.467
G1 F3600 X183.602 Y127.525 E301.1341
G0 F10500 X183.187 Y127.375
G1 F3600 X179.66 Y130.901 E301.29998
G0 F10500 X179.66 Y130.335
G1 F3600 X182.818 Y127.177 E301.44852
G0 F10500 X182.493 Y126.937
G1 F3600 X179.496 Y129.934 E301.58949
G0 F10500 X179.252 Y129.613
G1 F3600 X182.199 Y126.665 E301.72813
G0 F10500 X181.946 Y126.352
G1 F3600 X178.885 Y129.413 E301.87211
G0 F10500 X178.393 Y129.34
G1 F3600 X181.719 Y126.013 E302.02858
G0 F10500 X181.543 Y125.625
G1 F3600 X177.827 Y129.34 E302.20335
G0 F10500 X177.262 Y129.34
G1 F3600 X181.411 Y125.19 E302.39853
G0 F10500 X181.348 Y124.688
G1 F3600 X176.715 Y129.321 E302.61645
G0 F10500 X176.618 Y128.853
G1 F3600 X176.905 Y128.565 E302.62997
G0 F10500 X177.592 Y127.878
G1 F3600 X181.362 Y124.108 E302.8073
G0 F10500 X181.553 Y123.351
G1 F3600 X177.658 Y127.247 E302.99053
G0 F10500 X177.658 Y126.681
G1 F3600 X182.679 Y121.66 E303.22671
G0 F10500 X182.113 Y121.66
G1 F3600 X177.658 Y126.115 E303.43626
G0 F10500 X177.658 Y125.549
G1 F3600 X181.548 Y121.66 E303.61921
G0 F10500 X180.982 Y121.66
G1 F3600 X177.658 Y124.983 E303.77553
G0 F10500 X177.659 Y124.417
G1 F3600 X180.416 Y121.66 E303.90521
G0 F10500 X179.85 Y121.66
G1 F3600 X177.659 Y123.851 E304.00827
G0 F10500 X177.659 Y123.285
G1 F3600 X179.285 Y121.66 E304.08473
G0 F10500 X178.719 Y121.66
G1 F3600 X177.66 Y122.719 E304.13454
G0 F10500 X177.66 Y122.153
G1 F3600 X178.153 Y121.66 E304.15773
G1 F2400 E303.65773
G0 F10500 X178.153 Y121.2
G0 X185.153 Y121.3
G0 X185.234 Y121.808
G0 X185.259 Y127.565
G1 F2400 E304.15773
G1 F3600 X181.482 Y131.342 E304.33539
G0 F10500 X182.048 Y131.342
G1 F3600 X186.299 Y127.09 E304.53537
G0 F10500 X186.052 Y126.704
G0 X186.466 Y126.474
G0 X187.7 Y126.474
G0 X187.34 Y127.181
G1 F3600 X183.18 Y131.342 E304.73107
G0 F10500 X183.745 Y131.342
G1 F3600 X187.34 Y127.747 E304.90016
G0 F10500 X187.34 Y128.312
G1 F3600 X184.311 Y131.342 E305.04266
G0 F10500 X184.877 Y131.341
G1 F3600 X187.34 Y128.878 E305.15851
G0 F10500 X187.34 Y129.444
G1 F3600 X185.443 Y131.341 E305.24774
G0 F10500 X186.009 Y131.341
G1 F3600 X187.34 Y130.009 E305.31037
G0 F10500 X187.34 Y130.575
G1 F3600 X186.574 Y131.341 E305.3464
G0 F10500 X187.14 Y131.341
G1 F3600 X187.34 Y131.141 E305.35581
G0 F10500 X187.8 Y131.141
G0 X187.8 Y126.615
G0 X187.34 Y126.615
G1 F3600 X182.614 Y131.342 E305.57813
G1 F2400 E305.07813
G0 F10500 X182.614 Y131.8
G0 X186.71 Y131.7
G0 X186.466 Y126.474
G0 X187.087 Y126.303
G1 F2400 E305.57813
G1 F3600 X187.34 Y126.05 E305.59003
G1 F2400 E305.09003
;MESH:NONMESH
G0 F300 X187.34 Y126.05 Z0.6
G0 F10500 X187.8 Y126.05
G0 X187.728 Y121.272
G0 X177.272 Y121.272
G0 X176.938 Y127.938
G0 X135.062 Y127.938
G0 X135.049 Y122.126
G0 X134.7 Y122.1
G0 X131.149 Y121.738
G0 X129.501 Y122.1
;TIME_ELAPSED:492.302077
;LAYER:2
M106 S170
;TYPE:WALL-INNER
;MESH:Vakuumpumpe casing (berre sk??l)V2.stl
G1 F2400 E305.59003
G1 F6000 X129.124 Y122.073 E305.6026
G1 X128.786 Y122.002 E305.61409
G1 X128.464 Y121.887 E305.62546
G1 X128.171 Y121.735 E305.63644
G1 X127.884 Y121.54 E305.64798
G1 X127.628 Y121.308 E305.65947
G1 X127.457 Y121.108 E305.66822
G1 X127.223 Y120.762 E305.68212
G1 X127.082 Y120.462 E305.69314
G1 X126.998 Y120.226 E305.70147
G1 X126.92 Y119.86 E305.71392
G1 X126.896 Y119.5 E305.72592
G1 X126.923 Y119.124 E305.73846
G1 X126.997 Y118.777 E305.75026
G1 X127.109 Y118.471 E305.7611
G1 X127.266 Y118.164 E305.77256
G1 X127.461 Y117.884 E305.78391
G1 X127.688 Y117.632 E305.79519
G1 X127.945 Y117.414 E305.8064
G1 X128.235 Y117.225 E305.81792
G1 X128.537 Y117.081 E305.82904
G1 X128.86 Y116.975 E305.84035
G1 X129.136 Y116.92 E305.84971
G1 X129.5 Y116.896 E305.86184
G1 X129.794 Y116.913 E305.87164
G1 X130.139 Y116.974 E305.88329
G1 X130.522 Y117.107 E305.89678
G1 X130.761 Y117.223 E305.90561
G1 X131.056 Y117.416 E305.91734
G1 X131.308 Y117.628 E305.92829
G1 X131.591 Y117.951 E305.94257
G1 X131.767 Y118.227 E305.95346
G1 X131.921 Y118.546 E305.96524
G1 X132.021 Y118.859 E305.97617
G1 X132.083 Y119.203 E305.9878
G1 X132.1 Y119.5 E305.99769
G1 X132.076 Y119.86 E306.00969
G1 X132.001 Y120.217 E306.02182
G1 X131.889 Y120.529 E306.03285
G1 X131.732 Y120.833 E306.04423
G1 X131.544 Y121.108 E306.05531
G1 X131.308 Y121.371 E306.06706
G1 X131.049 Y121.588 E306.0783
G1 X130.769 Y121.769 E306.08939
G1 X130.341 Y121.975 E306.10519
G1 X129.86 Y122.076 E306.12154
G1 X129.501 Y122.1 E306.1335
G1 F2400 E305.6335
G0 F15000 X130.51 Y122.092
G0 X130.51 Y129.699
G0 X150 Y170.1
G1 F2400 E306.1335
G1 F6000 X114.5 Y170.1 E307.31424
G1 X114.261 Y170.051 E307.32235
G1 X114.075 Y169.925 E307.32982
G1 X113.949 Y169.739 E307.3373
G1 X113.9 Y169.574 E307.34302
G1 X113.9 Y130.5 E308.64263
G1 X113.949 Y130.261 E308.65074
G1 X114.075 Y130.075 E308.65821
G1 X114.261 Y129.949 E308.66569
G1 X114.426 Y129.9 E308.67141
G1 X178.5 Y129.896 E310.80252
G1 X178.731 Y129.941 E310.81035
G1 X178.923 Y130.069 E310.81802
G1 X179.1 Y130.392 E310.83027
G1 X179.1 Y169.608 E312.1346
G1 X178.982 Y169.859 E312.14383
G1 X178.859 Y169.982 E312.14961
G1 X178.608 Y170.1 E312.15884
G1 X150 Y170.1 E313.11034
G1 F2400 E312.61034
G0 F15000 X150 Y171.7
G0 X150 Y171.9
G1 F2400 E313.11034
G1 F6000 X176.5 Y171.9 E313.99174
G1 X176.755 Y171.956 E314.00042
G1 X176.946 Y172.097 E314.00832
G1 X177.1 Y172.429 E314.02049
G1 X177.1 Y178.9 E314.23572
G1 X187.9 Y178.9 E314.59493
G1 X187.9 Y168.1 E314.95414
G1 X181.429 Y168.1 E315.16936
G1 X181.097 Y167.946 E315.18153
G1 X180.956 Y167.754 E315.18946
G1 X180.9 Y167.575 E315.1957
G1 X180.9 Y132.5 E316.36229
G1 X180.956 Y132.245 E316.37098
G1 X181.098 Y132.054 E316.37889
G1 X181.27 Y131.945 E316.38567
G1 X181.431 Y131.9 E316.39123
G1 X187.9 Y131.9 E316.60639
G1 X187.9 Y121.1 E316.9656
G1 X177.1 Y121.1 E317.32481
G1 X177.1 Y127.569 E317.53997
G1 X177.055 Y127.731 E317.54556
G1 X176.86 Y127.98 E317.55608
G1 X176.583 Y128.1 E317.56612
G1 X135.5 Y128.1 E318.93254
G1 X135.217 Y128.03 E318.94224
G1 X135.02 Y127.86 E318.95089
G1 X134.9 Y127.62 E318.95982
G1 X134.9 Y116.1 E319.34298
G1 X124.1 Y116.1 E319.70219
G1 X124.1 Y127.62 E320.08534
G1 X123.98 Y127.861 E320.0943
G1 X123.782 Y128.03 E320.10295
G1 X123.578 Y128.1 E320.11013
G1 X112.1 Y128.1 E320.49189
G1 X112.1 Y171.9 E321.94868
G1 X123.5 Y171.9 E322.32785
G1 X123.783 Y171.97 E322.33754
G1 X123.98 Y172.14 E322.3462
G1 X124.1 Y172.379 E322.35509
G1 X124.1 Y183.9 E322.73828
G1 X134.9 Y183.9 E323.09749
G1 X134.9 Y172.379 E323.48068
G1 X135.02 Y172.14 E323.48958
G1 X135.217 Y171.97 E323.49823
G1 X135.422 Y171.9 E323.50544
G1 X150 Y171.9 E323.9903
G1 F2400 E323.4903
G0 F15000 X135.062 Y172.062
G0 X135.058 Y182.838
G0 X134.7 Y183.1
G0 X130.849 Y182.931
G0 X129.5 Y183.1
G1 F2400 E323.9903
G1 F6000 X129.123 Y183.073 E324.00287
G1 X128.859 Y183.021 E324.01182
G1 X128.463 Y182.887 E324.02573
G1 X128.171 Y182.734 E324.03669
G1 X127.951 Y182.591 E324.04542
G1 X127.688 Y182.368 E324.05689
G1 X127.416 Y182.056 E324.07066
G1 X127.223 Y181.762 E324.08235
G1 X127.082 Y181.462 E324.09338
G1 X126.998 Y181.226 E324.10171
G1 X126.92 Y180.86 E324.11416
G1 X126.896 Y180.5 E324.12616
G1 X126.923 Y180.124 E324.13869
G1 X126.997 Y179.777 E324.1505
G1 X127.109 Y179.471 E324.16133
G1 X127.225 Y179.235 E324.17008
G1 X127.46 Y178.884 E324.18413
G1 X127.688 Y178.633 E324.19541
G1 X127.884 Y178.46 E324.2041
G1 X128.235 Y178.225 E324.21815
G1 X128.537 Y178.081 E324.22928
G1 X128.86 Y177.975 E324.24059
G1 X129.136 Y177.92 E324.24995
G1 X129.5 Y177.896 E324.26208
G1 X129.871 Y177.922 E324.27445
G1 X130.226 Y177.998 E324.28652
G1 X130.522 Y178.107 E324.29702
G1 X130.84 Y178.269 E324.30889
G1 X131.108 Y178.457 E324.31977
G1 X131.367 Y178.688 E324.33132
G1 X131.591 Y178.951 E324.34281
G1 X131.767 Y179.228 E324.35372
G1 X131.921 Y179.546 E324.36547
G1 X132.021 Y179.859 E324.3764
G1 X132.083 Y180.203 E324.38803
G1 X132.1 Y180.5 E324.39792
G1 X132.076 Y180.86 E324.40992
G1 X132.001 Y181.217 E324.42206
G1 X131.889 Y181.529 E324.43308
G1 X131.732 Y181.833 E324.44446
G1 X131.543 Y182.108 E324.45556
G1 X131.308 Y182.372 E324.46732
G1 X131.049 Y182.588 E324.47853
G1 X130.769 Y182.769 E324.48962
G1 X130.453 Y182.921 E324.50128
G1 X130.139 Y183.022 E324.51226
G1 X129.86 Y183.076 E324.52171
G1 X129.5 Y183.1 E324.53371
G1 F2400 E324.03371
G0 F15000 X129.766 Y183.005
G0 X131.68 Y182.226
G0 X182.852 Y177.742
G0 X184.5 Y178.1
G1 F2400 E324.53371
G1 F6000 X184.123 Y178.073 E324.54628
G1 X183.859 Y178.021 E324.55523
G1 X183.463 Y177.887 E324.56913
G1 X183.171 Y177.734 E324.5801
G1 X182.951 Y177.591 E324.58882
G1 X182.688 Y177.368 E324.60029
G1 X182.416 Y177.056 E324.61406
G1 X182.223 Y176.762 E324.62576
G1 X182.082 Y176.462 E324.63678
G1 X181.974 Y176.139 E324.64811
G1 X181.92 Y175.86 E324.65756
G1 X181.896 Y175.5 E324.66956
G1 X181.923 Y175.124 E324.6821
G1 X181.997 Y174.777 E324.6939
G1 X182.109 Y174.471 E324.70474
G1 X182.266 Y174.165 E324.71618
G1 X182.436 Y173.914 E324.72626
G1 X182.659 Y173.659 E324.73753
G1 X182.914 Y173.436 E324.74879
G1 X183.235 Y173.225 E324.76157
G1 X183.537 Y173.081 E324.7727
G1 X183.859 Y172.975 E324.78397
G1 X184.136 Y172.92 E324.79337
G1 X184.5 Y172.896 E324.8055
G1 X184.794 Y172.913 E324.81529
G1 X185.226 Y172.998 E324.82994
G1 X185.462 Y173.082 E324.83827
G1 X185.762 Y173.223 E324.8493
G1 X186.108 Y173.456 E324.86317
G1 X186.368 Y173.688 E324.87476
G1 X186.591 Y173.951 E324.88623
G1 X186.767 Y174.228 E324.89714
G1 X186.922 Y174.545 E324.90888
G1 X187.002 Y174.785 E324.91729
G1 X187.073 Y175.123 E324.92878
G1 X187.1 Y175.5 E324.94135
G1 X187.074 Y175.871 E324.95372
G1 X187.001 Y176.217 E324.96548
G1 X186.889 Y176.529 E324.97651
G1 X186.732 Y176.833 E324.98789
G1 X186.543 Y177.108 E324.99899
G1 X186.341 Y177.341 E325.00924
G1 X186.049 Y177.588 E325.02196
G1 X185.769 Y177.769 E325.03305
G1 X185.453 Y177.921 E325.04472
G1 X185.139 Y178.022 E325.05569
G1 X184.86 Y178.076 E325.06514
G1 X184.5 Y178.1 E325.07714
G1 F2400 E324.57714
G0 F15000 X183.275 Y177.624
G0 X182.765 Y177.235
G0 X182.376 Y176.725
G0 X182.131 Y176.134
G0 X182.046 Y175.5
G0 X182.131 Y174.866
G0 X182.376 Y174.275
G0 X182.765 Y173.765
G0 X183.054 Y173.545
G0 X184.5 Y172.716
G0 X184.5 Y127.28
G0 X184.5 Y127.1
G1 F2400 E325.07714
G1 F6000 X184.123 Y127.073 E325.08971
G1 X183.786 Y127.002 E325.10117
G1 X183.546 Y126.922 E325.10958
G1 X183.227 Y126.767 E325.12138
G1 X182.917 Y126.567 E325.13365
G1 X182.657 Y126.339 E325.14515
G1 X182.457 Y126.108 E325.15531
G1 X182.263 Y125.832 E325.16653
G1 X182.082 Y125.462 E325.18023
G1 X181.974 Y125.139 E325.19156
G1 X181.92 Y124.86 E325.20101
G1 X181.896 Y124.5 E325.21301
G1 X181.923 Y124.124 E325.22555
G1 X181.997 Y123.777 E325.23735
G1 X182.109 Y123.471 E325.24819
G1 X182.266 Y123.164 E325.25966
G1 X182.461 Y122.884 E325.271
G1 X182.688 Y122.632 E325.28229
G1 X182.945 Y122.414 E325.29349
G1 X183.235 Y122.225 E325.30501
G1 X183.537 Y122.081 E325.31613
G1 X183.86 Y121.975 E325.32744
G1 X184.136 Y121.92 E325.3368
G1 X184.5 Y121.896 E325.34893
G1 X184.794 Y121.913 E325.35873
G1 X185.139 Y121.974 E325.37038
G1 X185.522 Y122.107 E325.38387
G1 X185.761 Y122.223 E325.3927
G1 X186.056 Y122.416 E325.40443
G1 X186.341 Y122.659 E325.41689
G1 X186.591 Y122.951 E325.42967
G1 X186.767 Y123.228 E325.44059
G1 X186.922 Y123.545 E325.45232
G1 X187.002 Y123.785 E325.46074
G1 X187.073 Y124.123 E325.47222
G1 X187.1 Y124.5 E325.4848
G1 X187.074 Y124.871 E325.49716
G1 X187.001 Y125.217 E325.50893
G1 X186.889 Y125.529 E325.51995
G1 X186.732 Y125.833 E325.53133
G1 X186.543 Y126.108 E325.54243
G1 X186.308 Y126.371 E325.55416
G1 X186.108 Y126.544 E325.56296
G1 X185.833 Y126.732 E325.57404
G1 X185.529 Y126.889 E325.58542
G1 X185.217 Y127.001 E325.59644
G1 X184.86 Y127.076 E325.60857
G1 X184.5 Y127.1 E325.62057
G0 F15000 X184.487 Y126.7
;TYPE:WALL-OUTER
G1 F6000 X184.201 Y126.681 E325.63011
G1 X183.912 Y126.622 E325.63992
G1 X183.645 Y126.531 E325.6493
G1 X183.409 Y126.411 E325.65811
G1 X183.159 Y126.248 E325.66803
G1 X182.941 Y126.057 E325.67767
G1 X182.747 Y125.83 E325.6876
G1 X182.583 Y125.588 E325.69733
G1 X182.467 Y125.348 E325.70619
G1 X182.367 Y125.063 E325.71624
G1 X182.314 Y124.791 E325.72546
G1 X182.296 Y124.487 E325.73558
G1 X182.315 Y124.201 E325.74512
G1 X182.367 Y123.937 E325.75407
G1 X182.468 Y123.647 E325.76428
G1 X182.584 Y123.411 E325.77303
G1 X182.761 Y123.148 E325.78357
G1 X182.952 Y122.933 E325.79314
G1 X183.168 Y122.746 E325.80264
G1 X183.411 Y122.584 E325.81235
G1 X183.669 Y122.459 E325.82189
G1 X183.937 Y122.367 E325.83131
G1 X184.205 Y122.314 E325.8404
G1 X184.513 Y122.296 E325.85066
G1 X184.794 Y122.315 E325.86003
G1 X185.092 Y122.375 E325.87014
G1 X185.348 Y122.467 E325.87919
G1 X185.587 Y122.583 E325.88802
G1 X185.83 Y122.746 E325.89775
G1 X186.058 Y122.942 E325.90775
G1 X186.256 Y123.17 E325.9178
G1 X186.411 Y123.409 E325.92727
G1 X186.531 Y123.645 E325.93608
G1 X186.629 Y123.937 E325.94632
G1 X186.684 Y124.227 E325.95614
G1 X186.7 Y124.5 E325.96524
G1 X186.681 Y124.795 E325.97507
G1 X186.597 Y125.216 E325.98935
G1 X186.399 Y125.611 E326.00404
G1 X186.24 Y125.847 E326.01351
G1 X186.047 Y126.068 E326.02327
G1 X185.827 Y126.255 E326.03287
G1 X185.59 Y126.411 E326.04231
G1 X185.325 Y126.542 E326.05214
G1 X185.063 Y126.629 E326.06132
G1 X184.791 Y126.682 E326.07054
G1 X184.487 Y126.7 E326.08067
G1 F2400 E325.58067
G0 F15000 X184.466 Y127.01
G0 X184.5 Y127.28
G0 X184.5 Y172.716
G0 X184.487 Y177.7
G1 F2400 E326.08067
G1 F6000 X184.201 Y177.681 E326.0902
G1 X183.912 Y177.622 E326.10001
G1 X183.645 Y177.531 E326.10939
G1 X183.39 Y177.4 E326.11893
G1 X183.148 Y177.239 E326.12859
G1 X182.932 Y177.047 E326.13821
G1 X182.746 Y176.83 E326.14771
G1 X182.583 Y176.588 E326.15742
G1 X182.459 Y176.328 E326.167
G1 X182.367 Y176.063 E326.17633
G1 X182.314 Y175.791 E326.18554
G1 X182.296 Y175.487 E326.19567
G1 X182.315 Y175.201 E326.20521
G1 X182.367 Y174.937 E326.21416
G1 X182.468 Y174.647 E326.22437
G1 X182.584 Y174.411 E326.23312
G1 X182.753 Y174.158 E326.24324
G1 X182.942 Y173.942 E326.25278
G1 X183.158 Y173.753 E326.26233
G1 X183.411 Y173.584 E326.27245
G1 X183.669 Y173.459 E326.28198
G1 X183.937 Y173.367 E326.29141
G1 X184.205 Y173.314 E326.30049
G1 X184.513 Y173.296 E326.31075
G1 X184.795 Y173.315 E326.32015
G1 X185.063 Y173.367 E326.32923
G1 X185.328 Y173.459 E326.33856
G1 X185.588 Y173.583 E326.34815
G1 X185.847 Y173.76 E326.35858
G1 X186.067 Y173.952 E326.36829
G1 X186.256 Y174.17 E326.37789
G1 X186.411 Y174.409 E326.38736
G1 X186.531 Y174.645 E326.39617
G1 X186.629 Y174.937 E326.40641
G1 X186.684 Y175.227 E326.41623
G1 X186.7 Y175.513 E326.42576
G1 X186.681 Y175.795 E326.43516
G1 X186.597 Y176.216 E326.44944
G1 X186.399 Y176.611 E326.46413
G1 X186.24 Y176.847 E326.4736
G1 X186.058 Y177.058 E326.48286
G1 X185.847 Y177.24 E326.49213
G1 X185.59 Y177.411 E326.5024
G1 X185.325 Y177.542 E326.51223
G1 X185.063 Y177.629 E326.52141
G1 X184.791 Y177.682 E326.53063
G1 X184.487 Y177.7 E326.54076
G1 F2400 E326.04076
G0 F15000 X184.466 Y178.01
G0 X183.562 Y177.766
G0 X182.06 Y176.84
G0 X177.3 Y176.84
G0 X150 Y172.302
G1 F2400 E326.54076
G1 F6000 X176.56 Y172.3 E327.42415
G1 X176.649 Y172.365 E327.42781
G1 X176.698 Y172.468 E327.43161
G1 X176.7 Y179.3 E327.65884
G1 X188.3 Y179.3 E328.04466
G1 X188.3 Y167.7 E328.43048
G1 X181.468 Y167.698 E328.65771
G1 X181.365 Y167.649 E328.6615
G1 X181.303 Y167.535 E328.66582
G1 X181.3 Y132.439 E329.83312
G1 X181.366 Y132.351 E329.83678
G1 X181.468 Y132.302 E329.84054
G1 X188.3 Y132.3 E330.06777
G1 X188.3 Y120.7 E330.45359
G1 X176.7 Y120.7 E330.83941
G1 X176.698 Y127.56 E331.06757
G1 X176.62 Y127.66 E331.07179
G1 X176.535 Y127.697 E331.07487
G1 X135.423 Y127.7 E332.44226
G1 X135.3 Y127.54 E332.44898
G1 X135.3 Y115.7 E332.84278
G1 X123.7 Y115.7 E333.22859
G1 X123.7 Y127.54 E333.62239
G1 X123.66 Y127.621 E333.6254
G1 X123.535 Y127.697 E333.63026
G1 X111.7 Y127.7 E334.0239
G1 X111.7 Y172.3 E335.5073
G1 X123.577 Y172.3 E335.90233
G1 X123.7 Y172.459 E335.90902
G1 X123.7 Y184.3 E336.30285
G1 X135.3 Y184.3 E336.68867
G1 X135.3 Y172.459 E337.0825
G1 X135.34 Y172.38 E337.08545
G1 X135.465 Y172.303 E337.09033
G1 X150 Y172.302 E337.57377
G1 F2400 E337.07377
G0 F15000 X150 Y171.99
G0 X149.999 Y171.7
G0 X149.999 Y170.28
G0 X150 Y169.697
G1 F2400 E337.57377
G1 F6000 X114.444 Y169.7 E338.75636
G1 X114.358 Y169.642 E338.75981
G1 X114.303 Y169.535 E338.76381
G1 X114.3 Y130.444 E340.06399
G1 X114.358 Y130.358 E340.06744
G1 X114.465 Y130.303 E340.07144
G1 X178.547 Y130.301 E342.20281
G1 X178.661 Y130.376 E342.20735
G1 X178.695 Y130.449 E342.21003
G1 X178.695 Y169.548 E343.51047
G1 X178.62 Y169.661 E343.51498
G1 X178.548 Y169.695 E343.51763
G1 X150 Y169.697 E344.46714
G1 F2400 E343.96714
G0 F15000 X149.999 Y170.01
G0 X129.466 Y170.28
G0 X129.5 Y177.716
G0 X129.487 Y182.7
G1 F2400 E344.46714
G1 F6000 X129.201 Y182.681 E344.47667
G1 X128.912 Y182.622 E344.48648
G1 X128.645 Y182.531 E344.49586
G1 X128.39 Y182.4 E344.5054
G1 X128.148 Y182.239 E344.51507
G1 X127.932 Y182.047 E344.52468
G1 X127.746 Y181.83 E344.53418
G1 X127.583 Y181.588 E344.54389
G1 X127.467 Y181.348 E344.55276
G1 X127.367 Y181.063 E344.5628
G1 X127.314 Y180.791 E344.57202
G1 X127.296 Y180.487 E344.58215
G1 X127.315 Y180.201 E344.59168
G1 X127.367 Y179.937 E344.60063
G1 X127.468 Y179.647 E344.61084
G1 X127.584 Y179.411 E344.61959
G1 X127.761 Y179.148 E344.63013
G1 X127.952 Y178.933 E344.6397
G1 X128.168 Y178.746 E344.6492
G1 X128.411 Y178.584 E344.65891
G1 X128.669 Y178.459 E344.66845
G1 X128.937 Y178.367 E344.67787
G1 X129.205 Y178.314 E344.68696
G1 X129.513 Y178.296 E344.69722
G1 X129.795 Y178.315 E344.70662
G1 X130.064 Y178.367 E344.71574
G1 X130.348 Y178.467 E344.72575
G1 X130.588 Y178.583 E344.73462
G1 X130.847 Y178.76 E344.74505
G1 X131.067 Y178.952 E344.75476
G1 X131.256 Y179.17 E344.76436
G1 X131.411 Y179.409 E344.77383
G1 X131.531 Y179.645 E344.78264
G1 X131.629 Y179.937 E344.79288
G1 X131.684 Y180.227 E344.8027
G1 X131.7 Y180.513 E344.81223
G1 X131.681 Y180.795 E344.82163
G1 X131.597 Y181.216 E344.83591
G1 X131.399 Y181.611 E344.8506
G1 X131.24 Y181.847 E344.86007
G1 X131.047 Y182.068 E344.86983
G1 X130.827 Y182.255 E344.87943
G1 X130.59 Y182.411 E344.88887
G1 X130.325 Y182.542 E344.8987
G1 X130.063 Y182.629 E344.90788
G1 X129.791 Y182.682 E344.9171
G1 X129.487 Y182.7 E344.92723
G1 F2400 E344.42723
G0 F15000 X129.466 Y183.01
G0 X128.562 Y182.766
G0 X128.007 Y182.446
G0 X127.554 Y181.993
G0 X127.234 Y181.438
G0 X127.069 Y180.82
G0 X127.069 Y180.18
G0 X127.234 Y179.562
G0 X127.554 Y179.007
G0 X127.962 Y178.599
G0 X129.5 Y177.716
G0 X129.501 Y122.28
G0 X129.487 Y121.7
G1 F2400 E344.92723
G1 F6000 X129.201 Y121.681 E344.93676
G1 X128.936 Y121.629 E344.94574
G1 X128.645 Y121.531 E344.95595
G1 X128.39 Y121.4 E344.96549
G1 X128.148 Y121.239 E344.97516
G1 X127.932 Y121.047 E344.98477
G1 X127.76 Y120.847 E344.99354
G1 X127.583 Y120.588 E345.00398
G1 X127.467 Y120.348 E345.01284
G1 X127.367 Y120.063 E345.02289
G1 X127.314 Y119.791 E345.0321
G1 X127.296 Y119.487 E345.04223
G1 X127.315 Y119.201 E345.05177
G1 X127.367 Y118.937 E345.06072
G1 X127.468 Y118.647 E345.07093
G1 X127.584 Y118.411 E345.07968
G1 X127.761 Y118.148 E345.09022
G1 X127.952 Y117.933 E345.09979
G1 X128.168 Y117.746 E345.10929
G1 X128.411 Y117.584 E345.119
G1 X128.669 Y117.459 E345.12854
G1 X128.937 Y117.367 E345.13796
G1 X129.205 Y117.314 E345.14705
G1 X129.513 Y117.296 E345.15731
G1 X129.794 Y117.315 E345.16668
G1 X130.092 Y117.375 E345.17679
G1 X130.348 Y117.467 E345.18583
G1 X130.587 Y117.583 E345.19467
G1 X130.83 Y117.746 E345.2044
G1 X131.067 Y117.952 E345.21485
G1 X131.256 Y118.17 E345.22444
G1 X131.411 Y118.409 E345.23392
G1 X131.531 Y118.645 E345.24272
G1 X131.629 Y118.937 E345.25297
G1 X131.684 Y119.227 E345.26279
G1 X131.7 Y119.513 E345.27231
G1 X131.681 Y119.795 E345.28171
G1 X131.597 Y120.216 E345.29599
G1 X131.399 Y120.611 E345.31069
G1 X131.24 Y120.847 E345.32015
G1 X131.047 Y121.068 E345.32991
G1 X130.827 Y121.255 E345.33951
G1 X130.59 Y121.411 E345.34895
G1 X130.325 Y121.542 E345.35878
G1 X130.063 Y121.629 E345.36797
G1 X129.791 Y121.682 E345.37718
G1 X129.487 Y121.7 E345.38731
G1 F2400 E344.88731
G0 F15000 X129.466 Y122.01
G0 X130.51 Y122.092
G0 X182.532 Y173.532
G0 X186.503 Y178.163
;TYPE:SKIN
G1 F2400 E345.38731
G1 F6760.6 X186.861 Y177.859 E345.40117
G1 X187.163 Y177.518 E345.41462
G1 X187.163 Y178.163 E345.43366
G1 X186.503 Y178.163 E345.45314
G0 F15000 X186.143 Y177.64
G0 X184.101 Y178.172
G0 X184.033 Y178.481
G1 F4780.9 X184.484 Y178.498 E345.47198
G1 F4800 X184.939 Y178.483 E345.49091
G0 F15000 X185.662 Y178.54
G1 F5825.2 X185.251 Y178.527 E345.50499
G1 F5117.3 X184.939 Y178.483 E345.51728
G1 F5251.6 X185.648 Y178.23 E345.54589
G1 F6000 X186.012 Y178.042 E345.55951
G1 X186.326 Y177.83 E345.57212
G1 X186.594 Y177.594 E345.58399
G1 X186.814 Y177.345 E345.59504
G1 X187.042 Y177.013 E345.60844
G1 X187.202 Y176.705 E345.61998
G1 F5274.7 X187.485 Y175.928 E345.65127
G1 X187.54 Y176.332 E345.66669
G1 F6000 X187.54 Y178.54 E345.74013
G1 X185.662 Y178.54 E345.8026
G1 F2400 E345.3026
G0 F15000 X185.662 Y178.8
G0 X187.174 Y178.7
G0 X186.468 Y177.468
G0 X187.485 Y175.928
G1 F2400 E345.8026
G1 F4848.5 X187.5 Y175.509 E345.81985
G1 F4868.2 X187.487 Y175.091 E345.837
G1 F2400 E345.337
G0 F15000 X187.181 Y175.15
G0 X186.235 Y173.765
G0 X185.725 Y173.376
G0 X185.246 Y173.178
G0 X183.716 Y172.827
G0 X179.281 Y169.498
G0 X179.828 Y167.549
G1 F2400 E345.837
G1 F7017.5 X179.83 Y132.414 E346.83614
G1 F7038.1 X180.17 Y132.452 E346.84584
G1 F7017.5 X180.172 Y167.499 E347.84249
G1 F6976.7 X179.828 Y167.549 E347.85243
G1 F2400 E347.35243
G0 F15000 X179.2 Y167.549
G0 X179.281 Y130.359
G0 X182.586 Y126.544
G0 X187.163 Y122.484
G1 F2400 E347.85243
G1 F6760.6 X186.878 Y122.158 E347.86522
G1 X186.504 Y121.837 E347.87976
G1 X187.163 Y121.837 E347.89922
G1 X187.163 Y122.484 E347.91832
G0 F15000 X186.651 Y122.857
G0 X187.174 Y124.881
G0 X187.485 Y124.928
G1 F4848.5 X187.5 Y124.509 E347.93557
G1 F4868.2 X187.487 Y124.091 E347.95272
G1 F5298 X187.305 Y123.518 E347.97536
G1 F6000 X187.093 Y123.07 E347.99185
G1 X186.865 Y122.711 E348.00599
G1 X186.591 Y122.403 E348.0197
G1 X186.253 Y122.115 E348.03447
G1 X185.937 Y121.911 E348.04698
G1 X185.656 Y121.773 E348.05739
G1 F4958.7 X185.275 Y121.544 E348.07528
G1 X185.713 Y121.46 E348.09323
G1 F6000 X187.54 Y121.46 E348.154
G1 X187.54 Y123.539 E348.22315
G1 F5298 X187.487 Y124.091 E348.24403
G1 F2400 E347.74403
G0 F15000 X187.181 Y124.15
G0 X186.33 Y122.904
G0 X185.234 Y121.808
G0 X185.234 Y121.3
G0 X185.275 Y121.544
G1 F2400 E348.24403
G1 F4528.3 X184.813 Y121.506 E348.26446
G1 F4958.7 X184.513 Y121.498 E348.27654
G1 F4888 X184.059 Y121.512 E348.29509
G1 F2400 E347.79509
G0 F15000 X184.059 Y121.2
G0 X177.272 Y121.272
G0 X176.938 Y127.938
G0 X149.925 Y128.3
G0 X149.925 Y129.698
G0 X149.925 Y129.17
G1 F2400 E348.29509
G1 F7017.5 X135.487 Y129.17 E348.70566
G1 F7038.1 X135.527 Y128.83 E348.71537
G1 F7017.5 X176.432 Y128.824 E349.8786
G1 F6976.7 X176.504 Y129.168 E349.88866
G1 F6997.1 X149.925 Y129.17 E350.64671
G0 F15000 X149.925 Y129.798
G0 X123.517 Y129.8
G0 X123.517 Y129.171
G1 F6956.5 X114.475 Y129.172 E350.90609
G1 F6976.7 X114.421 Y128.828 E350.91605
G1 F6956.5 X123.461 Y128.825 E351.17538
G1 F6936.4 X123.517 Y129.171 E351.18547
G1 F2400 E350.68547
G0 F15000 X123.517 Y129.8
G0 X114.062 Y130.062
G0 X113.72 Y169.574
G0 X112.3 Y169.574
G0 X112.831 Y169.574
G1 F2400 E351.18547
G1 F7017.5 X112.83 Y130.392 E352.2997
G1 F7038.1 X113.17 Y130.495 E352.30977
G1 F7017.5 X113.173 Y169.524 E353.41966
G1 X112.831 Y169.574 E353.42949
G0 F15000 X112.2 Y169.574
G0 X112.272 Y171.728
G0 X123.486 Y171.8
G0 X123.486 Y171.169
G1 F7038.1 X114.391 Y171.17 E353.68737
G1 X114.497 Y170.83 E353.69747
G1 X123.533 Y170.827 E353.95368
G1 X123.486 Y171.169 E353.96346
G1 F2400 E353.46346
G0 F15000 X123.486 Y171.8
G0 X123.938 Y172.062
G0 X124.3 Y183.172
G0 X128.146 Y182.929
G0 X129.033 Y183.481
G1 F2400 E353.96346
G1 F4780.9 X129.484 Y183.498 E353.9823
G1 F4800 X129.932 Y183.485 E354.00094
G1 F2400 E353.50094
G0 F15000 X129.932 Y183.8
G0 X134.728 Y183.728
G0 X135.062 Y172.062
G0 X150 Y171.7
G0 X150 Y170.28
G0 X150 Y170.457
G1 F2400 E354.00094
G1 F6000 X178.683 Y170.458 E354.95494
G1 X179.077 Y170.271 E354.96944
G1 X179.373 Y169.899 E354.98525
G1 X179.456 Y169.541 E354.99748
G1 X179.458 Y130.326 E356.30177
G1 X179.264 Y129.913 E356.31695
G1 X179.063 Y129.713 E356.32638
G1 X178.685 Y129.538 E356.34023
G1 X114.369 Y129.542 E358.47939
G1 X114.089 Y129.633 E358.48919
G1 X113.818 Y129.818 E358.5001
G1 X113.61 Y130.122 E358.51235
G1 X113.544 Y130.46 E358.5238
G1 X113.542 Y169.627 E359.8265
G1 X113.633 Y169.907 E359.8363
G1 X113.818 Y170.178 E359.84721
G1 X114.119 Y170.384 E359.85934
G1 X114.458 Y170.456 E359.87087
G1 X150 Y170.457 E361.053
G0 F15000 X150 Y171.171
G1 F6997.1 X135.511 Y171.172 E361.46623
G1 F6976.7 X135.457 Y170.828 E361.47619
G1 F6997.1 X176.558 Y170.827 E362.64842
G1 F7017.5 X176.522 Y171.169 E362.6582
G1 X150 Y171.171 E363.41241
G0 F15000 X150 Y171.543
G1 F6000 X135.365 Y171.542 E363.89918
G1 X135.039 Y171.65 E363.9106
G1 X134.732 Y171.918 E363.92415
G1 X134.59 Y172.192 E363.93442
G1 X134.541 Y172.478 E363.94407
G1 X134.54 Y183.54 E364.31199
G1 X130.658 Y183.54 E364.44111
G1 F5839.4 X130.253 Y183.529 E364.45495
G1 F5128.2 X129.932 Y183.485 E364.46756
G1 F5251.6 X130.564 Y183.264 E364.493
G1 F6000 X130.92 Y183.092 E364.50615
G1 X131.243 Y182.89 E364.51883
G1 X131.585 Y182.606 E364.53361
G1 X131.812 Y182.347 E364.54507
G1 X132.029 Y182.034 E364.55773
G1 X132.234 Y181.645 E364.57236
G1 X132.367 Y181.228 E364.58692
G1 X132.429 Y180.928 E364.5971
G1 X132.46 Y180.507 E364.61115
G1 X132.438 Y180.158 E364.62278
G1 X132.378 Y179.802 E364.63478
G1 X132.243 Y179.374 E364.64971
G1 X132.042 Y178.983 E364.66433
G1 X131.891 Y178.753 E364.67348
G1 X131.642 Y178.452 E364.68648
G1 X131.336 Y178.181 E364.70007
G1 X130.969 Y177.918 E364.71509
G1 X130.685 Y177.786 E364.72551
G1 X130.264 Y177.631 E364.74043
G1 X129.944 Y177.567 E364.75128
G1 X129.51 Y177.536 E364.76575
G1 X129.091 Y177.56 E364.77971
G1 X128.512 Y177.691 E364.79946
G1 X128.033 Y177.923 E364.81716
G1 X127.662 Y178.175 E364.83207
G1 X127.377 Y178.432 E364.84484
G1 X127.107 Y178.752 E364.85876
G1 X126.901 Y179.077 E364.87156
G1 X126.785 Y179.305 E364.88007
G1 X126.626 Y179.741 E364.89551
G1 X126.555 Y180.153 E364.90941
G1 X126.536 Y180.497 E364.92087
G1 X126.56 Y180.901 E364.93433
G1 X126.619 Y181.208 E364.94473
G1 X126.746 Y181.593 E364.95821
G1 X126.894 Y181.909 E364.96982
G1 X127.116 Y182.254 E364.98346
G1 X127.414 Y182.605 E364.99878
G1 X127.734 Y182.877 E365.01275
G1 X128.047 Y183.081 E365.02517
G1 X128.405 Y183.253 E365.03838
G1 F5985 X128.673 Y183.343 E365.04781
G1 F5217.4 X129.033 Y183.481 E365.06256
G1 X128.642 Y183.538 E365.07767
G1 F5985 X124.46 Y183.54 E365.21711
G1 F6000 X124.46 Y172.504 E365.58417
G1 X124.422 Y172.223 E365.5936
G1 X124.269 Y171.917 E365.60498
G1 X123.95 Y171.644 E365.61894
G1 X123.544 Y171.545 E365.63284
G1 X112.46 Y171.54 E366.0015
G1 X112.46 Y128.46 E367.43435
G1 X123.631 Y128.458 E367.8059
G1 X123.958 Y128.345 E367.8174
G1 X124.269 Y128.083 E367.83093
G1 X124.408 Y127.801 E367.84138
G1 X124.458 Y127.521 E367.85084
G1 X124.46 Y116.46 E368.21874
G1 X128.374 Y116.46 E368.34892
G1 F5853.7 X128.736 Y116.47 E368.36126
G1 F5183.6 X129.059 Y116.512 E368.3738
G1 F5298 X128.418 Y116.737 E368.39939
G1 F6000 X128.008 Y116.932 E368.41449
G1 X127.661 Y117.176 E368.4286
G1 X127.377 Y117.431 E368.44129
G1 X127.107 Y117.752 E368.45524
G1 X126.901 Y118.077 E368.46804
G1 X126.776 Y118.326 E368.47731
G1 X126.626 Y118.741 E368.49199
G1 X126.555 Y119.153 E368.50589
G1 X126.536 Y119.497 E368.51735
G1 X126.56 Y119.901 E368.53081
G1 X126.619 Y120.208 E368.54121
G1 X126.737 Y120.574 E368.554
G1 X126.919 Y120.962 E368.56825
G1 X127.184 Y121.343 E368.58369
G1 X127.352 Y121.539 E368.59228
G1 X127.654 Y121.817 E368.60593
G1 X127.974 Y122.037 E368.61884
G1 X128.339 Y122.23 E368.63258
G1 X128.792 Y122.377 E368.64842
G1 X129.15 Y122.438 E368.6605
G1 X129.494 Y122.456 E368.67195
G1 X129.901 Y122.432 E368.68551
G1 X130.228 Y122.368 E368.6966
G1 X130.564 Y122.264 E368.70829
G1 X130.939 Y122.082 E368.72216
G1 X131.243 Y121.89 E368.73412
G1 X131.585 Y121.606 E368.7489
G1 X131.812 Y121.347 E368.76036
G1 X132.029 Y121.034 E368.77302
G1 X132.234 Y120.645 E368.78765
G1 X132.367 Y120.228 E368.80221
G1 X132.429 Y119.928 E368.8124
G1 X132.46 Y119.507 E368.82644
G1 X132.438 Y119.158 E368.83807
G1 X132.378 Y118.802 E368.85008
G1 X132.243 Y118.378 E368.86487
G1 X132.078 Y118.045 E368.87724
G1 X131.866 Y117.709 E368.89045
G1 X131.56 Y117.372 E368.90559
G1 X131.274 Y117.127 E368.91811
G1 X130.917 Y116.9 E368.93219
G1 X130.656 Y116.773 E368.94184
G1 F4958.7 X130.275 Y116.544 E368.95973
G1 X130.713 Y116.46 E368.97768
G1 F6000 X134.54 Y116.46 E369.10496
G1 X134.541 Y127.518 E369.47276
G1 X134.589 Y127.803 E369.48237
G1 X134.731 Y128.082 E369.49278
G1 X135.042 Y128.35 E369.50643
G1 X135.454 Y128.454 E369.52057
G1 X176.635 Y128.458 E370.89025
G1 X177.082 Y128.269 E370.9064
G1 X177.383 Y127.884 E370.92265
G1 X177.459 Y127.61 E370.93211
G1 X177.46 Y121.46 E371.13666
G1 X183.374 Y121.46 E371.33336
G1 F5853.7 X183.736 Y121.47 E371.3457
G1 F5183.6 X184.059 Y121.512 E371.35824
G1 F5298 X183.418 Y121.737 E371.38383
G1 F6000 X183.008 Y121.932 E371.39893
G1 X182.661 Y122.176 E371.41304
G1 X182.377 Y122.431 E371.42574
G1 X182.108 Y122.75 E371.43961
G1 X181.908 Y123.054 E371.45172
G1 X181.746 Y123.404 E371.46454
G1 X181.619 Y123.792 E371.47812
G1 X181.555 Y124.153 E371.49032
G1 X181.536 Y124.493 E371.50164
G1 X181.562 Y124.923 E371.51597
G1 X181.619 Y125.208 E371.52564
G1 X181.737 Y125.574 E371.53843
G1 X181.894 Y125.913 E371.55085
G1 X182.111 Y126.253 E371.56427
G1 X182.397 Y126.593 E371.57905
G1 X182.684 Y126.844 E371.59173
G1 X182.965 Y127.029 E371.60292
G1 X183.345 Y127.233 E371.61726
G1 X183.798 Y127.378 E371.63308
G1 X184.15 Y127.438 E371.64496
G1 X184.494 Y127.456 E371.65642
G1 X184.923 Y127.43 E371.67071
G1 X185.228 Y127.368 E371.68106
G1 X185.564 Y127.264 E371.69276
G1 X185.939 Y127.082 E371.70663
G1 X186.243 Y126.89 E371.71858
G1 X186.585 Y126.606 E371.73337
G1 X186.812 Y126.347 E371.74482
G1 X187.029 Y126.034 E371.75749
G1 X187.202 Y125.705 E371.76986
G1 F5274.7 X187.485 Y124.928 E371.80114
G1 X187.54 Y125.332 E371.81657
G1 F6000 X187.54 Y131.54 E372.02305
G1 X181.393 Y131.541 E372.2275
G1 X181.148 Y131.604 E372.23591
G1 X180.853 Y131.786 E372.24744
G1 X180.625 Y132.09 E372.26008
G1 X180.544 Y132.456 E372.27255
G1 X180.542 Y167.627 E373.44234
G1 X180.631 Y167.913 E373.4523
G1 X180.849 Y168.21 E373.46455
G1 X181.133 Y168.389 E373.47572
G1 X181.382 Y168.459 E373.48432
G1 X187.54 Y168.46 E373.68914
G1 X187.54 Y174.535 E373.89119
G1 F5298 X187.487 Y175.091 E373.91223
G1 X187.305 Y174.512 E373.93509
G1 F6000 X187.082 Y174.057 E373.95195
G1 X186.894 Y173.757 E373.96372
G1 X186.637 Y173.45 E373.97704
G1 X186.343 Y173.18 E373.99031
G1 X185.99 Y172.935 E374.00461
G1 X185.666 Y172.776 E374.01661
G1 X185.254 Y172.626 E374.03119
G1 X184.834 Y172.554 E374.04537
G1 X184.511 Y172.536 E374.05613
G1 X184.069 Y172.562 E374.07085
G1 X183.684 Y172.648 E374.08397
G1 X183.294 Y172.79 E374.09778
G1 X182.983 Y172.954 E374.10947
G1 X182.708 Y173.137 E374.12046
G1 X182.395 Y173.414 E374.13436
G1 X182.136 Y173.706 E374.14734
G1 X181.968 Y173.962 E374.15753
G1 X181.79 Y174.299 E374.1702
G1 X181.64 Y174.707 E374.18466
G1 X181.555 Y175.151 E374.1997
G1 X181.536 Y175.493 E374.21109
G1 X181.562 Y175.923 E374.22542
G1 X181.619 Y176.208 E374.23508
G1 X181.738 Y176.571 E374.24779
G1 X181.894 Y176.909 E374.26017
G1 X182.116 Y177.254 E374.27381
G1 X182.414 Y177.605 E374.28913
G1 X182.734 Y177.877 E374.3031
G1 X183.047 Y178.081 E374.31552
G1 X183.405 Y178.253 E374.32873
G1 F5985 X183.673 Y178.343 E374.33816
G1 F5217.4 X184.033 Y178.481 E374.35291
G1 X183.642 Y178.538 E374.36802
G1 F5985 X177.46 Y178.54 E374.57415
G1 F6000 X177.459 Y172.384 E374.7789
G1 X177.389 Y172.128 E374.78773
G1 X177.209 Y171.848 E374.7988
G1 X176.905 Y171.625 E374.81134
G1 X176.54 Y171.544 E374.82377
G1 X150 Y171.543 E375.7065
G1 F2400 E375.2065
G0 F15000 X150 Y171.8
G0 X134.891 Y172.044
G0 X134.728 Y183.728
G0 X124.272 Y183.728
G0 X124.109 Y172.044
G0 X112.272 Y171.728
G0 X112.272 Y128.272
G0 X124.109 Y127.957
G0 X124.272 Y116.272
G0 X130.275 Y116.2
G0 X130.275 Y116.544
G1 F2400 E375.7065
G1 F4528.3 X129.813 Y116.506 E375.72692
G1 F4958.7 X129.513 Y116.498 E375.739
G1 F4888 X129.059 Y116.512 E375.75755
G1 F2400 E375.25755
G0 F15000 X129.059 Y116.2
G0 X134.728 Y116.272
G0 X135.062 Y127.938
G0 X176.938 Y127.938
G0 X176.95 Y125.823
G0 X177.3 Y125.893
G0 X181.797 Y125.172
G0 X187.21 Y126.116
G1 F2400 E375.75755
G1 F6000 X187.34 Y126.246 E375.76366
G0 F15000 X186.981 Y126.453
G1 F6000 X187.34 Y126.812 E375.78055
G0 F15000 X187.34 Y127.378
G1 F6000 X186.716 Y126.754 E375.8099
G0 F15000 X186.408 Y127.011
G1 F6000 X187.34 Y127.943 E375.85374
G0 F15000 X187.34 Y128.509
G1 F6000 X186.068 Y127.237 E375.91357
G0 F15000 X185.689 Y127.423
G1 F6000 X187.34 Y129.075 E375.99125
G0 F15000 X187.34 Y129.64
G1 F6000 X185.264 Y127.564 E376.0889
G0 F15000 X184.774 Y127.64
G1 F6000 X187.34 Y130.206 E376.2096
G0 F15000 X187.34 Y130.772
G1 F6000 X184.208 Y127.64 E376.35691
G0 F15000 X183.492 Y127.489
G1 F6000 X187.34 Y131.337 E376.53791
G0 F15000 X186.777 Y131.34
G1 F6000 X177.659 Y122.222 E376.9668
G0 F15000 X177.663 Y121.661
G1 F6000 X181.504 Y125.501 E377.14744
G0 F15000 X181.355 Y124.786
G1 F6000 X178.229 Y121.661 E377.29445
G0 F15000 X178.795 Y121.661
G1 F6000 X181.35 Y124.216 E377.41463
G0 F15000 X181.431 Y123.731
G1 F6000 X179.36 Y121.661 E377.51202
G0 F15000 X179.926 Y121.661
G1 F6000 X181.572 Y123.306 E377.58942
G0 F15000 X181.755 Y122.924
G1 F6000 X180.492 Y121.661 E377.64883
G0 F15000 X181.058 Y121.661
G1 F6000 X181.984 Y122.587 E377.69239
G0 F15000 X182.244 Y122.281
G1 F6000 X181.623 Y121.661 E377.72157
G0 F15000 X182.189 Y121.661
G1 F6000 X182.542 Y122.014 E377.73818
G0 F15000 X182.875 Y121.781
G1 F6000 X182.755 Y121.661 E377.74382
G0 F15000 X182.755 Y121.2
G0 X177.272 Y121.272
G0 X177.2 Y122.788
G0 X177.659 Y122.788
G1 F6000 X186.212 Y131.34 E378.14611
G0 F15000 X185.646 Y131.34
G1 F6000 X177.658 Y123.353 E378.52181
G0 F15000 X177.658 Y123.918
G1 F6000 X185.08 Y131.34 E378.87092
G0 F15000 X184.515 Y131.34
G1 F6000 X177.658 Y124.484 E379.19343
G0 F15000 X177.658 Y125.049
G1 F6000 X183.95 Y131.341 E379.48939
G0 F15000 X183.384 Y131.341
G1 F6000 X177.658 Y125.615 E379.75872
G0 F15000 X177.657 Y126.18
G1 F6000 X182.818 Y131.341 E380.00148
G0 F15000 X182.253 Y131.341
G1 F6000 X177.657 Y126.745 E380.21766
G0 F15000 X177.657 Y127.311
G1 F6000 X181.687 Y131.341 E380.40722
G0 F15000 X181.172 Y131.392
G1 F6000 X177.605 Y127.825 E380.575
G0 F15000 X177.4 Y128.186
G1 F6000 X178.554 Y129.34 E380.62928
G0 F15000 X177.989 Y129.34
G1 F6000 X177.12 Y128.471 E380.67015
G0 F15000 X176.726 Y128.643
G1 F6000 X177.423 Y129.34 E380.70294
G0 F15000 X176.857 Y129.34
G1 F6000 X176.682 Y129.164 E380.71119
G0 F15000 X176.682 Y129.797
G0 X178.94 Y130.059
G0 X179.2 Y130.445
G0 X179.66 Y130.445
G1 F6000 X180.799 Y131.584 E380.76477
G0 F15000 X180.531 Y131.882
G1 F6000 X179.66 Y131.011 E380.80574
G0 F15000 X179.66 Y131.576
G1 F6000 X180.376 Y132.293 E380.83944
G0 F15000 X179.754 Y132.237
G1 F6000 X179.66 Y132.142 E380.84389
G1 F2400 E380.34389
G0 F15000 X179.2 Y132.142
G0 X179.28 Y167.586
G0 X180.7 Y167.586
G0 X180.126 Y167.68
G1 F2400 E380.84389
G1 F6000 X180.452 Y168.007 E380.85924
G0 F15000 X180.958 Y168.513
G1 F6000 X184.797 Y172.352 E381.03982
G0 F15000 X184.232 Y172.353
G1 F6000 X179.658 Y167.779 E381.25496
G0 F15000 X179.658 Y168.344
G1 F6000 X183.744 Y172.43 E381.44716
G0 F15000 X183.317 Y172.569
G1 F6000 X179.658 Y168.91 E381.61927
G0 F15000 X179.658 Y169.476
G1 F6000 X182.936 Y172.754 E381.77345
G0 F15000 X182.591 Y172.975
G1 F6000 X179.564 Y169.947 E381.91586
G0 F15000 X179.327 Y170.276
G1 F6000 X182.289 Y173.238 E382.05518
G0 F15000 X182.022 Y173.537
G1 F6000 X179.009 Y170.524 E382.1969
G0 F15000 X178.576 Y170.656
G1 F6000 X181.791 Y173.872 E382.34815
G0 F15000 X181.599 Y174.245
G1 F6000 X178.01 Y170.656 E382.51697
G0 F15000 X177.444 Y170.656
G1 F6000 X181.449 Y174.66 E382.70533
G0 F15000 X181.357 Y175.134
G1 F6000 X176.879 Y170.656 E382.91596
G0 F15000 X176.707 Y171.05
G1 F6000 X181.35 Y175.693 E383.13435
G0 F15000 X181.464 Y176.373
G1 F6000 X177.658 Y172.567 E383.31337
G0 F15000 X177.658 Y173.133
G1 F6000 X182.866 Y178.34 E383.55832
G0 F15000 X182.3 Y178.34
G1 F6000 X177.658 Y173.699 E383.77664
G0 F15000 X177.658 Y174.264
G1 F6000 X181.734 Y178.34 E383.96836
G0 F15000 X181.169 Y178.34
G1 F6000 X177.658 Y174.83 E384.13348
G0 F15000 X177.659 Y175.396
G1 F6000 X180.603 Y178.34 E384.27196
G0 F15000 X180.037 Y178.34
G1 F6000 X177.659 Y175.962 E384.38381
G0 F15000 X177.659 Y176.528
G1 F6000 X179.471 Y178.34 E384.46905
G0 F15000 X178.906 Y178.34
G1 F6000 X177.659 Y177.093 E384.5277
G0 F15000 X177.659 Y177.659
G1 F6000 X178.34 Y178.34 E384.55973
G0 F15000 X177.774 Y178.34
G1 F6000 X177.659 Y178.225 E384.56514
G1 F2400 E384.06514
G0 F15000 X177.2 Y178.225
G0 X177.272 Y178.728
G0 X185.367 Y178.7
G0 X185.21 Y178.207
G0 X185.526 Y172.515
G1 F2400 E384.56514
G1 F6000 X181.671 Y168.661 E384.74645
G0 F15000 X182.237 Y168.661
G1 F6000 X187.34 Y173.764 E384.98648
G0 F15000 X187.34 Y173.198
G1 F6000 X182.803 Y168.661 E385.19988
G0 F15000 X183.368 Y168.661
G1 F6000 X187.34 Y172.632 E385.38669
G0 F15000 X187.34 Y172.067
G1 F6000 X183.934 Y168.661 E385.5469
G0 F15000 X184.5 Y168.661
G1 F6000 X187.34 Y171.501 E385.68048
G0 F15000 X187.34 Y170.935
G1 F6000 X185.065 Y168.661 E385.78747
G0 F15000 X185.631 Y168.661
G1 F6000 X187.34 Y170.37 E385.86785
G0 F15000 X187.34 Y169.804
G1 F6000 X186.197 Y168.661 E385.92162
G0 F15000 X186.762 Y168.661
G1 F6000 X187.34 Y169.238 E385.94878
G1 F2400 E385.44878
G0 F15000 X187.8 Y169.238
G0 X187.7 Y170.941
G0 X189.165 Y170.941
G0 X189.153 Y180.153
G0 X175.847 Y180.153
G0 X136.153 Y173.153
G0 X135.303 Y170.941
G1 F2400 E385.94878
G1 F6000 X135.021 Y170.659 E385.96205
G0 F15000 X134.455 Y170.659
G1 F6000 X135.188 Y171.391 E385.9965
G0 F15000 X134.812 Y171.582
G1 F6000 X133.889 Y170.659 E386.03991
G0 F15000 X133.324 Y170.659
G1 F6000 X134.533 Y171.868 E386.09678
G0 F15000 X134.378 Y172.279
G1 F6000 X132.758 Y170.659 E386.17298
G0 F15000 X132.192 Y170.659
G1 F6000 X134.343 Y172.81 E386.27416
G0 F15000 X134.343 Y173.376
G1 F6000 X131.627 Y170.659 E386.40193
G0 F15000 X131.061 Y170.659
G1 F6000 X134.343 Y173.941 E386.55631
G0 F15000 X134.343 Y174.507
G1 F6000 X130.495 Y170.659 E386.73731
G0 F15000 X129.929 Y170.659
G1 F6000 X134.343 Y175.073 E386.94493
G0 F15000 X134.343 Y175.638
G1 F6000 X129.364 Y170.659 E387.17913
G0 F15000 X128.798 Y170.659
G1 F6000 X134.343 Y176.203 E387.43992
G0 F15000 X134.343 Y176.769
G1 F6000 X128.232 Y170.659 E387.72734
G0 F15000 X127.667 Y170.659
G1 F6000 X134.343 Y177.335 E388.04136
G0 F15000 X134.342 Y177.9
G1 F6000 X127.101 Y170.659 E388.38195
G0 F15000 X126.535 Y170.659
G1 F6000 X134.342 Y178.465 E388.74915
G0 F15000 X134.342 Y179.031
G1 F6000 X125.97 Y170.659 E389.14294
G0 F15000 X125.404 Y170.659
G1 F6000 X134.342 Y179.597 E389.56336
G0 F15000 X134.342 Y180.162
G1 F6000 X124.838 Y170.659 E390.01037
G0 F15000 X124.273 Y170.659
G1 F6000 X134.341 Y180.727 E390.48394
G0 F15000 X134.341 Y181.293
G1 F6000 X132.462 Y179.413 E390.57235
G0 F15000 X132.638 Y180.156
G1 F6000 X134.341 Y181.859 E390.65245
G0 F15000 X134.341 Y182.424
G1 F6000 X132.643 Y180.726 E390.73232
G0 F15000 X132.572 Y181.221
G1 F6000 X134.341 Y182.99 E390.81553
G0 F15000 X134.125 Y183.34
G1 F6000 X132.438 Y181.653 E390.89488
G0 F15000 X132.254 Y182.034
G1 F6000 X133.56 Y183.34 E390.95631
G0 F15000 X132.994 Y183.34
G1 F6000 X132.032 Y182.378 E391.00156
G0 F15000 X131.776 Y182.687
G1 F6000 X132.428 Y183.34 E391.03225
G0 F15000 X131.863 Y183.34
G1 F6000 X131.477 Y182.955 E391.05038
G0 F15000 X131.145 Y183.188
G1 F6000 X131.297 Y183.34 E391.05753
G0 F15000 X131.297 Y183.8
G0 X127.903 Y183.8
G0 X127.903 Y183.34
G1 F6000 X127.508 Y182.945 E391.07611
G0 F15000 X127.337 Y183.34
G1 F6000 X124.66 Y180.663 E391.20203
G0 F15000 X124.66 Y181.229
G1 F6000 X126.772 Y183.34 E391.30135
G0 F15000 X126.206 Y183.34
G1 F6000 X124.66 Y181.794 E391.37407
G0 F15000 X124.66 Y182.36
G1 F6000 X125.64 Y183.34 E391.42016
G0 F15000 X125.074 Y183.34
G1 F6000 X124.66 Y182.926 E391.43964
G1 F2400 E390.93964
G0 F15000 X124.2 Y182.926
G0 X124.3 Y181.175
G0 X126.742 Y180.893
G0 X126.447 Y181.318
G1 F2400 E391.43964
G1 F6000 X124.66 Y179.532 E391.52367
G0 F15000 X124.66 Y180.097
G1 F6000 X127.061 Y182.499 E391.63663
G0 F15000 X127.411 Y182.205
G0 X126.804 Y180.622
G0 X126.346 Y180.652
G1 F6000 X124.66 Y178.966 E391.71593
G0 F15000 X124.66 Y178.4
G1 F6000 X126.363 Y180.103 E391.79604
G0 F15000 X126.457 Y179.631
G1 F6000 X124.66 Y177.835 E391.88054
G0 F15000 X124.66 Y177.269
G1 F6000 X126.607 Y179.216 E391.97212
G0 F15000 X126.808 Y178.851
G1 F6000 X124.66 Y176.703 E392.07315
G0 F15000 X124.66 Y176.137
G1 F6000 X127.042 Y178.52 E392.18522
G0 F15000 X127.312 Y178.224
G1 F6000 X124.66 Y175.572 E392.30996
G0 F15000 X124.66 Y175.006
G1 F6000 X127.617 Y177.963 E392.44905
G0 F15000 X127.957 Y177.738
G1 F6000 X124.66 Y174.44 E392.60415
G0 F15000 X124.66 Y173.875
G1 F6000 X128.338 Y177.552 E392.77713
G0 F15000 X128.774 Y177.423
G1 F6000 X124.66 Y173.309 E392.97064
G0 F15000 X124.66 Y172.743
G1 F6000 X129.268 Y177.352 E393.18741
G0 F15000 X129.84 Y177.357
G1 F6000 X124.584 Y172.102 E393.43461
G0 F15000 X123.909 Y171.427
G1 F6000 X123.661 Y171.179 E393.44628
G0 F15000 X123.727 Y170.679
G1 F6000 X130.586 Y177.538 E393.76891
G1 F2400 E393.26891
G0 F15000 X130.428 Y177.965
G0 X128.716 Y177.827
G0 X124.3 Y177.827
G0 X114.172 Y171.307
G1 F2400 E393.76891
G1 F6000 X112.66 Y169.794 E393.84005
G0 F15000 X113.137 Y169.706
G1 F6000 X113.505 Y170.073 E393.85734
G0 F15000 X113.923 Y170.492
G1 F6000 X114.307 Y170.876 E393.8754
G0 F15000 X113.64 Y171.34
G1 F6000 X112.66 Y170.36 E393.92149
G0 F15000 X112.66 Y170.925
G1 F6000 X113.074 Y171.34 E393.94099
G1 F2400 E393.44099
G0 F15000 X113.074 Y171.8
G0 X113.828 Y171.7
G0 X113.719 Y169.596
G0 X113.284 Y130.255
G1 F2400 E393.94099
G1 F6000 X112.66 Y129.63 E393.97037
G0 F15000 X112.66 Y129.065
G1 F6000 X113.51 Y129.915 E394.01035
G0 F15000 X113.768 Y129.607
G1 F6000 X112.821 Y128.66 E394.05489
G0 F15000 X113.387 Y128.66
G1 F6000 X114.126 Y129.4 E394.08967
G0 F15000 X114.271 Y128.979
G1 F6000 X113.952 Y128.66 E394.10468
G0 F15000 X113.952 Y128.2
G0 X123.588 Y128.202
G0 X123.616 Y128.708
G1 F6000 X124.252 Y129.343 E394.13457
G0 F15000 X124.818 Y129.343
G1 F6000 X124.013 Y128.539 E394.17241
G0 F15000 X124.333 Y128.293
G1 F6000 X125.383 Y129.343 E394.2218
G0 F15000 X125.949 Y129.343
G1 F6000 X124.556 Y127.95 E394.28732
G0 F15000 X124.657 Y127.485
G1 F6000 X126.515 Y129.343 E394.37472
G0 F15000 X127.081 Y129.343
G1 F6000 X124.657 Y126.919 E394.48874
G0 F15000 X124.657 Y126.354
G1 F6000 X127.646 Y129.343 E394.62933
G0 F15000 X128.212 Y129.343
G1 F6000 X124.657 Y125.788 E394.79655
G0 F15000 X124.657 Y125.223
G1 F6000 X128.778 Y129.343 E394.99036
G0 F15000 X129.343 Y129.343
G1 F6000 X124.657 Y124.657 E395.21078
G0 F15000 X124.657 Y124.092
G1 F6000 X129.909 Y129.343 E395.45779
G0 F15000 X130.475 Y129.343
G1 F6000 X124.657 Y123.526 E395.73143
G0 F15000 X124.658 Y122.961
G1 F6000 X131.04 Y129.343 E396.03162
G0 F15000 X131.606 Y129.343
G1 F6000 X124.658 Y122.395 E396.35843
G0 F15000 X124.658 Y121.83
G1 F6000 X132.172 Y129.343 E396.71184
G0 F15000 X132.737 Y129.343
G1 F6000 X124.658 Y121.264 E397.09185
G0 F15000 X124.659 Y120.699
G1 F6000 X133.303 Y129.343 E397.49844
G0 F15000 X133.869 Y129.343
G1 F6000 X124.659 Y120.133 E397.93165
G0 F15000 X124.659 Y119.568
G1 F6000 X134.434 Y129.343 E398.39144
G0 F15000 X135 Y129.343
G1 F6000 X127.852 Y122.195 E398.72766
G0 F15000 X128.112 Y121.817
G0 X128.886 Y122.128
G0 X128.805 Y122.583
G1 F6000 X135.325 Y129.102 E399.03431
G1 F2400 E398.53431
G0 F15000 X135.325 Y129.799
G0 X134.799 Y129.699
G0 X135.123 Y128.206
G0 X134.347 Y127.559
G1 F2400 E399.03431
G1 F6000 X129.44 Y122.652 E399.26512
G0 F15000 X129.974 Y122.62
G1 F6000 X134.34 Y126.986 E399.47049
G0 F15000 X134.34 Y126.421
G1 F6000 X130.434 Y122.514 E399.65424
G0 F15000 X130.837 Y122.352
G1 F6000 X134.34 Y125.855 E399.81901
G0 F15000 X134.34 Y125.289
G1 F6000 X131.203 Y122.152 E399.96656
G0 F15000 X131.529 Y121.912
G1 F6000 X134.34 Y124.724 E400.09881
G0 F15000 X134.34 Y124.158
G1 F6000 X131.82 Y121.637 E400.21736
G0 F15000 X132.072 Y121.324
G1 F6000 X134.34 Y123.592 E400.32404
G0 F15000 X134.34 Y123.027
G1 F6000 X132.286 Y120.973 E400.42066
G0 F15000 X132.462 Y120.582
G1 F6000 X134.34 Y122.461 E400.50902
G0 F15000 X134.34 Y121.895
G1 F6000 X132.588 Y120.143 E400.59143
G0 F15000 X132.648 Y119.637
G1 F6000 X134.34 Y121.33 E400.67104
G0 F15000 X134.34 Y120.764
G1 F6000 X132.619 Y119.043 E400.75199
G0 F15000 X132.409 Y118.266
G1 F6000 X134.34 Y120.198 E400.84284
G0 F15000 X134.34 Y119.633
G1 F6000 X131.368 Y116.66 E400.98266
G0 F15000 X131.933 Y116.66
G1 F6000 X134.34 Y119.067 E401.09587
G0 F15000 X134.34 Y118.501
G1 F6000 X132.499 Y116.66 E401.18247
G0 F15000 X133.065 Y116.66
G1 F6000 X134.34 Y117.936 E401.24246
G0 F15000 X134.34 Y117.37
G1 F6000 X133.63 Y116.66 E401.27586
G0 F15000 X134.196 Y116.66
G1 F6000 X134.34 Y116.804 E401.28263
G1 F2400 E400.78263
G0 F15000 X134.8 Y116.804
G0 X134.7 Y117.304
G0 X131.712 Y117.805
G0 X127.672 Y116.924
G1 F2400 E401.28263
G1 F6000 X127.408 Y116.66 E401.29505
G0 F15000 X127.36 Y117.177
G1 F6000 X126.842 Y116.66 E401.31939
G0 F15000 X126.277 Y116.66
G1 F6000 X127.086 Y117.47 E401.35747
G0 F15000 X126.844 Y117.793
G1 F6000 X125.711 Y116.66 E401.41076
G0 F15000 X125.145 Y116.66
G1 F6000 X126.639 Y118.154 E401.48103
G0 F15000 X126.482 Y118.562
G1 F6000 X124.659 Y116.74 E401.56676
G0 F15000 X124.659 Y117.305
G1 F6000 X126.377 Y119.023 E401.64757
G0 F15000 X126.34 Y119.552
G1 F6000 X124.659 Y117.871 E401.72664
G0 F15000 X124.659 Y118.437
G1 F6000 X126.412 Y120.19 E401.80909
G0 F15000 X126.866 Y120.102
G0 X127.183 Y120.894
G0 X126.812 Y121.155
G1 F6000 X124.659 Y119.002 E401.91036
G1 F2400 E401.41036
;MESH:NONMESH
G0 F300 X124.659 Y119.002 Z0.8
G0 F15000 X124.2 Y119.002
G0 X124.3 Y122.1
G0 X127.764 Y121.675
G0 X129.501 Y122.1
;TIME_ELAPSED:594.963245
;LAYER:3
M106 S255
;TYPE:WALL-INNER
;MESH:Vakuumpumpe casing (berre sk??l)V2.stl
G1 F2400 E401.91036
G1 F6000 X129.124 Y122.073 E401.92294
G1 X128.786 Y122.002 E401.93442
G1 X128.464 Y121.887 E401.9458
G1 X128.171 Y121.735 E401.95677
G1 X127.884 Y121.54 E401.96831
G1 X127.628 Y121.308 E401.97981
G1 X127.417 Y121.056 E401.99074
G1 X127.223 Y120.762 E402.00245
G1 X127.082 Y120.462 E402.01348
G1 X126.998 Y120.226 E402.02181
G1 X126.92 Y119.86 E402.03426
G1 X126.896 Y119.5 E402.04626
G1 X126.923 Y119.124 E402.05879
G1 X126.997 Y118.777 E402.0706
G1 X127.109 Y118.471 E402.08143
G1 X127.266 Y118.164 E402.0929
G1 X127.461 Y117.884 E402.10425
G1 X127.688 Y117.632 E402.11553
G1 X127.945 Y117.414 E402.12674
G1 X128.235 Y117.225 E402.13825
G1 X128.537 Y117.081 E402.14938
G1 X128.86 Y116.975 E402.16069
G1 X129.136 Y116.92 E402.17005
G1 X129.5 Y116.896 E402.18218
G1 X129.794 Y116.913 E402.19198
G1 X130.139 Y116.974 E402.20363
G1 X130.522 Y117.107 E402.21711
G1 X130.761 Y117.223 E402.22595
G1 X131.056 Y117.416 E402.23767
G1 X131.308 Y117.628 E402.24863
G1 X131.591 Y117.951 E402.26291
G1 X131.767 Y118.227 E402.2738
G1 X131.921 Y118.546 E402.28558
G1 X132.021 Y118.859 E402.29651
G1 X132.083 Y119.203 E402.30813
G1 X132.1 Y119.5 E402.31803
G1 X132.076 Y119.86 E402.33003
G1 X132.001 Y120.217 E402.34216
G1 X131.889 Y120.529 E402.35319
G1 X131.732 Y120.833 E402.36457
G1 X131.544 Y121.108 E402.37565
G1 X131.308 Y121.371 E402.3874
G1 X131.049 Y121.588 E402.39864
G1 X130.769 Y121.769 E402.40973
G1 X130.341 Y121.975 E402.42553
G1 X129.86 Y122.076 E402.44187
G1 X129.501 Y122.1 E402.45384
G1 F2400 E401.95384
G0 F15000 X129.481 Y122.412
G0 X124.387 Y129.657
G0 X113.662 Y129.662
G0 X113.662 Y170.338
G0 X149.999 Y170.41
G0 X150 Y170.1
G1 F2400 E402.45384
G1 F6000 X114.5 Y170.1 E403.63457
G1 X114.261 Y170.051 E403.64269
G1 X114.075 Y169.925 E403.65016
G1 X113.949 Y169.739 E403.65763
G1 X113.9 Y169.574 E403.66336
G1 X113.9 Y130.5 E404.96296
G1 X113.949 Y130.261 E404.97108
G1 X114.075 Y130.075 E404.97855
G1 X114.261 Y129.949 E404.98602
G1 X114.426 Y129.9 E404.99175
G1 X178.5 Y129.896 E407.12286
G1 X178.731 Y129.941 E407.13069
G1 X178.923 Y130.069 E407.13836
G1 X179.1 Y130.392 E407.15061
G1 X179.1 Y169.608 E408.45494
G1 X178.982 Y169.859 E408.46417
G1 X178.859 Y169.982 E408.46995
G1 X178.608 Y170.1 E408.47918
G1 X150 Y170.1 E409.43068
G0 F15000 X149.999 Y170.41
G0 X150 Y171.59
G0 X150 Y171.9
G1 F6000 X176.5 Y171.9 E410.31208
G1 X176.755 Y171.956 E410.32076
G1 X176.946 Y172.097 E410.32866
G1 X177.1 Y172.429 E410.34083
G1 X177.1 Y178.9 E410.55605
G1 X187.9 Y178.9 E410.91526
G1 X187.9 Y168.1 E411.27447
G1 X181.429 Y168.1 E411.4897
G1 X181.097 Y167.946 E411.50187
G1 X180.956 Y167.754 E411.50979
G1 X180.9 Y167.575 E411.51603
G1 X180.9 Y132.5 E412.68263
G1 X180.956 Y132.245 E412.69132
G1 X181.098 Y132.054 E412.69923
G1 X181.27 Y131.945 E412.706
G1 X181.431 Y131.9 E412.71156
G1 X187.9 Y131.9 E412.92672
G1 X187.9 Y121.1 E413.28593
G1 X177.1 Y121.1 E413.64514
G1 X177.1 Y127.569 E413.8603
G1 X177.055 Y127.731 E413.86589
G1 X176.86 Y127.98 E413.87641
G1 X176.583 Y128.1 E413.88645
G1 X135.5 Y128.1 E415.25288
G1 X135.217 Y128.03 E415.26258
G1 X135.02 Y127.86 E415.27123
G1 X134.9 Y127.62 E415.28016
G1 X134.9 Y116.1 E415.66331
G1 X124.1 Y116.1 E416.02252
G1 X124.1 Y127.62 E416.40568
G1 X123.98 Y127.861 E416.41463
G1 X123.782 Y128.03 E416.42329
G1 X123.578 Y128.1 E416.43047
G1 X112.1 Y128.1 E416.81222
G1 X112.1 Y171.9 E418.26902
G1 X123.5 Y171.9 E418.64818
G1 X123.783 Y171.97 E418.65788
G1 X123.98 Y172.14 E418.66654
G1 X124.1 Y172.379 E418.67543
G1 X124.1 Y183.9 E419.05862
G1 X134.9 Y183.9 E419.41783
G1 X134.9 Y172.379 E419.80102
G1 X135.02 Y172.14 E419.80991
G1 X135.217 Y171.97 E419.81857
G1 X135.422 Y171.9 E419.82577
G1 X150 Y171.9 E420.31064
G1 F2400 E419.81064
G0 F15000 X150 Y171.59
G0 X134.662 Y171.662
G0 X134.656 Y180.431
G0 X130.925 Y182.971
G0 X130.369 Y183.201
G0 X129.48 Y183.412
G0 X129.5 Y183.1
G1 F2400 E420.31064
G1 F6000 X129.123 Y183.073 E420.32321
G1 X128.859 Y183.021 E420.33216
G1 X128.463 Y182.887 E420.34607
G1 X128.171 Y182.734 E420.35703
G1 X127.951 Y182.591 E420.36576
G1 X127.688 Y182.368 E420.37723
G1 X127.416 Y182.056 E420.39099
G1 X127.223 Y181.762 E420.40269
G1 X127.082 Y181.462 E420.41371
G1 X126.998 Y181.226 E420.42205
G1 X126.92 Y180.86 E420.43449
G1 X126.896 Y180.5 E420.44649
G1 X126.923 Y180.124 E420.45903
G1 X126.997 Y179.777 E420.47083
G1 X127.109 Y179.471 E420.48167
G1 X127.225 Y179.235 E420.49042
G1 X127.46 Y178.884 E420.50447
G1 X127.688 Y178.633 E420.51574
G1 X127.884 Y178.46 E420.52444
G1 X128.235 Y178.225 E420.53849
G1 X128.537 Y178.081 E420.54962
G1 X128.86 Y177.975 E420.56092
G1 X129.136 Y177.92 E420.57028
G1 X129.5 Y177.896 E420.58242
G1 X129.871 Y177.922 E420.59479
G1 X130.226 Y177.998 E420.60686
G1 X130.522 Y178.107 E420.61735
G1 X130.84 Y178.269 E420.62922
G1 X131.108 Y178.457 E420.64011
G1 X131.367 Y178.688 E420.65165
G1 X131.591 Y178.951 E420.66314
G1 X131.767 Y179.228 E420.67406
G1 X131.921 Y179.546 E420.68581
G1 X132.021 Y179.859 E420.69674
G1 X132.083 Y180.203 E420.70837
G1 X132.1 Y180.5 E420.71826
G1 X132.076 Y180.86 E420.73026
G1 X132.001 Y181.217 E420.74239
G1 X131.889 Y181.529 E420.75342
G1 X131.732 Y181.833 E420.7648
G1 X131.543 Y182.108 E420.7759
G1 X131.308 Y182.372 E420.78765
G1 X131.049 Y182.588 E420.79887
G1 X130.769 Y182.769 E420.80996
G1 X130.453 Y182.921 E420.82162
G1 X130.139 Y183.022 E420.83259
G1 X129.86 Y183.076 E420.84204
G1 X129.5 Y183.1 E420.85404
G1 F2400 E420.35404
G0 F15000 X129.48 Y183.412
G0 X134.651 Y182.942
G0 X134.662 Y171.662
G0 X177.338 Y171.662
G0 X181.046 Y177.984
G0 X184.48 Y178.412
G0 X184.5 Y178.1
G1 F2400 E420.85404
G1 F6000 X184.123 Y178.073 E420.86662
G1 X183.859 Y178.021 E420.87557
G1 X183.463 Y177.887 E420.88947
G1 X183.171 Y177.734 E420.90043
G1 X182.951 Y177.591 E420.90916
G1 X182.688 Y177.368 E420.92063
G1 X182.416 Y177.056 E420.9344
G1 X182.223 Y176.762 E420.94609
G1 X182.082 Y176.462 E420.95712
G1 X181.974 Y176.139 E420.96845
G1 X181.92 Y175.86 E420.9779
G1 X181.896 Y175.5 E420.9899
G1 X181.923 Y175.124 E421.00244
G1 X181.997 Y174.777 E421.01424
G1 X182.109 Y174.471 E421.02508
G1 X182.266 Y174.165 E421.03651
G1 X182.436 Y173.914 E421.0466
G1 X182.659 Y173.659 E421.05786
G1 X182.914 Y173.436 E421.06913
G1 X183.235 Y173.225 E421.08191
G1 X183.537 Y173.081 E421.09304
G1 X183.859 Y172.975 E421.10431
G1 X184.136 Y172.92 E421.1137
G1 X184.5 Y172.896 E421.12584
G1 X184.794 Y172.913 E421.13563
G1 X185.226 Y172.998 E421.15028
G1 X185.462 Y173.082 E421.15861
G1 X185.762 Y173.223 E421.16963
G1 X186.108 Y173.456 E421.18351
G1 X186.368 Y173.688 E421.1951
G1 X186.591 Y173.951 E421.20657
G1 X186.767 Y174.228 E421.21748
G1 X186.922 Y174.545 E421.22922
G1 X187.002 Y174.785 E421.23763
G1 X187.073 Y175.123 E421.24912
G1 X187.1 Y175.5 E421.26169
G1 X187.074 Y175.871 E421.27406
G1 X187.001 Y176.217 E421.28582
G1 X186.889 Y176.529 E421.29685
G1 X186.732 Y176.833 E421.30823
G1 X186.543 Y177.108 E421.31932
G1 X186.341 Y177.341 E421.32958
G1 X186.049 Y177.588 E421.3423
G1 X185.769 Y177.769 E421.35339
G1 X185.453 Y177.921 E421.36505
G1 X185.139 Y178.022 E421.37602
G1 X184.86 Y178.076 E421.38548
G1 X184.5 Y178.1 E421.39748
G1 F2400 E420.89748
G0 F15000 X184.48 Y178.412
G0 X183.408 Y178.136
G0 X182.763 Y177.764
G0 X182.236 Y177.237
G0 X181.864 Y176.592
G0 X181.671 Y175.873
G0 X180.662 Y168.338
G0 X180.662 Y131.662
G0 X184.48 Y127.412
G0 X184.5 Y127.1
G1 F2400 E421.39748
G1 F6000 X184.123 Y127.073 E421.41005
G1 X183.786 Y127.002 E421.4215
G1 X183.546 Y126.922 E421.42992
G1 X183.227 Y126.767 E421.44171
G1 X182.917 Y126.567 E421.45398
G1 X182.657 Y126.339 E421.46548
G1 X182.457 Y126.108 E421.47565
G1 X182.263 Y125.832 E421.48687
G1 X182.082 Y125.462 E421.50057
G1 X181.974 Y125.139 E421.5119
G1 X181.92 Y124.86 E421.52135
G1 X181.897 Y124.538 E421.53208
G1 X181.913 Y124.203 E421.54324
G1 X181.997 Y123.777 E421.55768
G1 X182.109 Y123.471 E421.56852
G1 X182.266 Y123.164 E421.57999
G1 X182.461 Y122.884 E421.59134
G1 X182.688 Y122.632 E421.60262
G1 X182.945 Y122.414 E421.61383
G1 X183.235 Y122.225 E421.62534
G1 X183.537 Y122.081 E421.63647
G1 X183.86 Y121.975 E421.64777
G1 X184.136 Y121.92 E421.65713
G1 X184.5 Y121.896 E421.66927
G1 X184.794 Y121.913 E421.67906
G1 X185.139 Y121.974 E421.69071
G1 X185.522 Y122.107 E421.7042
G1 X185.761 Y122.223 E421.71303
G1 X186.056 Y122.416 E421.72476
G1 X186.341 Y122.659 E421.73722
G1 X186.591 Y122.951 E421.75
G1 X186.767 Y123.228 E421.76092
G1 X186.922 Y123.545 E421.77265
G1 X187.002 Y123.785 E421.78107
G1 X187.073 Y124.123 E421.79256
G1 X187.1 Y124.5 E421.80513
G1 X187.074 Y124.871 E421.8175
G1 X187.001 Y125.217 E421.82926
G1 X186.889 Y125.529 E421.84028
G1 X186.732 Y125.833 E421.85166
G1 X186.543 Y126.108 E421.86276
G1 X186.308 Y126.371 E421.87449
G1 X186.108 Y126.544 E421.88329
G1 X185.833 Y126.732 E421.89437
G1 X185.529 Y126.889 E421.90575
G1 X185.217 Y127.001 E421.91677
G1 X184.86 Y127.076 E421.92891
G1 X184.5 Y127.1 E421.94091
G0 F15000 X184.487 Y126.7
;TYPE:WALL-OUTER
G1 F6000 X184.201 Y126.681 E421.95044
G1 X183.912 Y126.622 E421.96025
G1 X183.645 Y126.531 E421.96963
G1 X183.409 Y126.411 E421.97844
G1 X183.159 Y126.248 E421.98836
G1 X182.941 Y126.057 E421.998
G1 X182.747 Y125.83 E422.00794
G1 X182.583 Y125.588 E422.01766
G1 X182.467 Y125.348 E422.02652
G1 X182.367 Y125.063 E422.03657
G1 X182.314 Y124.791 E422.04579
G1 X182.296 Y124.513 E422.05505
G1 X182.315 Y124.201 E422.06545
G1 X182.367 Y123.937 E422.0744
G1 X182.468 Y123.647 E422.08461
G1 X182.584 Y123.411 E422.09336
G1 X182.761 Y123.148 E422.1039
G1 X182.952 Y122.933 E422.11347
G1 X183.168 Y122.746 E422.12297
G1 X183.411 Y122.584 E422.13268
G1 X183.669 Y122.459 E422.14222
G1 X183.937 Y122.367 E422.15164
G1 X184.205 Y122.314 E422.16073
G1 X184.513 Y122.296 E422.17099
G1 X184.794 Y122.315 E422.18036
G1 X185.092 Y122.375 E422.19047
G1 X185.348 Y122.467 E422.19952
G1 X185.587 Y122.583 E422.20835
G1 X185.83 Y122.746 E422.21808
G1 X186.058 Y122.942 E422.22809
G1 X186.256 Y123.17 E422.23813
G1 X186.411 Y123.409 E422.2476
G1 X186.531 Y123.645 E422.25641
G1 X186.629 Y123.937 E422.26665
G1 X186.684 Y124.227 E422.27647
G1 X186.7 Y124.513 E422.286
G1 X186.681 Y124.795 E422.2954
G1 X186.597 Y125.216 E422.30968
G1 X186.399 Y125.611 E422.32437
G1 X186.24 Y125.847 E422.33384
G1 X186.047 Y126.068 E422.3436
G1 X185.827 Y126.255 E422.3532
G1 X185.59 Y126.411 E422.36264
G1 X185.325 Y126.542 E422.37247
G1 X185.063 Y126.629 E422.38165
G1 X184.791 Y126.682 E422.39087
G1 X184.487 Y126.7 E422.401
G1 F2400 E421.901
G0 F15000 X184.441 Y127.409
G0 X180.662 Y131.662
G0 X180.662 Y168.338
G0 X181.744 Y176.238
G0 X182.029 Y176.925
G0 X182.482 Y177.518
G0 X183.075 Y177.971
G0 X183.464 Y178.132
G0 X184.441 Y178.409
G0 X184.487 Y177.7
G1 F2400 E422.401
G1 F6000 X184.201 Y177.681 E422.41053
G1 X183.912 Y177.622 E422.42034
G1 X183.645 Y177.531 E422.42972
G1 X183.39 Y177.4 E422.43926
G1 X183.148 Y177.239 E422.44893
G1 X182.932 Y177.047 E422.45854
G1 X182.746 Y176.83 E422.46804
G1 X182.583 Y176.588 E422.47775
G1 X182.459 Y176.328 E422.48733
G1 X182.367 Y176.063 E422.49666
G1 X182.314 Y175.791 E422.50588
G1 X182.296 Y175.487 E422.516
G1 X182.315 Y175.201 E422.52554
G1 X182.367 Y174.937 E422.53449
G1 X182.468 Y174.647 E422.5447
G1 X182.584 Y174.411 E422.55345
G1 X182.753 Y174.158 E422.56357
G1 X182.942 Y173.942 E422.57311
G1 X183.158 Y173.753 E422.58266
G1 X183.411 Y173.584 E422.59278
G1 X183.669 Y173.459 E422.60231
G1 X183.937 Y173.367 E422.61174
G1 X184.205 Y173.314 E422.62082
G1 X184.513 Y173.296 E422.63109
G1 X184.795 Y173.315 E422.64049
G1 X185.063 Y173.367 E422.64957
G1 X185.328 Y173.459 E422.6589
G1 X185.588 Y173.583 E422.66848
G1 X185.847 Y173.76 E422.67891
G1 X186.067 Y173.952 E422.68862
G1 X186.256 Y174.17 E422.69822
G1 X186.411 Y174.409 E422.70769
G1 X186.531 Y174.645 E422.7165
G1 X186.629 Y174.937 E422.72674
G1 X186.684 Y175.227 E422.73656
G1 X186.7 Y175.513 E422.74609
G1 X186.681 Y175.795 E422.75549
G1 X186.597 Y176.216 E422.76977
G1 X186.399 Y176.611 E422.78446
G1 X186.24 Y176.847 E422.79393
G1 X186.058 Y177.058 E422.8032
G1 X185.827 Y177.255 E422.81329
G1 X185.59 Y177.411 E422.82273
G1 X185.325 Y177.542 E422.83256
G1 X185.063 Y177.629 E422.84175
G1 X184.791 Y177.682 E422.85096
G1 X184.487 Y177.7 E422.86109
G1 F2400 E422.36109
G0 F15000 X184.441 Y178.409
G0 X177.349 Y176.471
G0 X177.338 Y171.662
G0 X150 Y171.59
G0 X150 Y172.302
G1 F2400 E422.86109
G1 F6000 X176.56 Y172.3 E423.74448
G1 X176.649 Y172.365 E423.74815
G1 X176.698 Y172.468 E423.75194
G1 X176.7 Y179.3 E423.97917
G1 X188.3 Y179.3 E424.36499
G1 X188.3 Y167.7 E424.75081
G1 X181.468 Y167.698 E424.97804
G1 X181.365 Y167.649 E424.98183
G1 X181.303 Y167.535 E424.98615
G1 X181.3 Y132.439 E426.15345
G1 X181.366 Y132.351 E426.15711
G1 X181.468 Y132.302 E426.16087
G1 X188.3 Y132.3 E426.3881
G1 X188.3 Y120.7 E426.77392
G1 X176.7 Y120.7 E427.15974
G1 X176.698 Y127.56 E427.3879
G1 X176.62 Y127.66 E427.39212
G1 X176.535 Y127.697 E427.39521
G1 X135.423 Y127.7 E428.7626
G1 X135.3 Y127.54 E428.76931
G1 X135.3 Y115.7 E429.16311
G1 X123.7 Y115.7 E429.54893
G1 X123.7 Y127.54 E429.94273
G1 X123.66 Y127.621 E429.94573
G1 X123.535 Y127.697 E429.9506
G1 X111.7 Y127.7 E430.34423
G1 X111.7 Y172.3 E431.82763
G1 X123.577 Y172.3 E432.22266
G1 X123.7 Y172.459 E432.22935
G1 X123.7 Y184.3 E432.62318
G1 X135.3 Y184.3 E433.009
G1 X135.3 Y172.459 E433.40283
G1 X135.34 Y172.38 E433.40578
G1 X135.465 Y172.303 E433.41066
G1 X150 Y172.302 E433.8941
G1 F2400 E433.3941
G0 F15000 X150 Y171.59
G0 X149.999 Y170.41
G0 X150 Y169.697
G1 F2400 E433.8941
G1 F6000 X114.444 Y169.7 E435.07669
G1 X114.358 Y169.642 E435.08014
G1 X114.303 Y169.535 E435.08415
G1 X114.3 Y130.444 E436.38432
G1 X114.358 Y130.358 E436.38777
G1 X114.465 Y130.303 E436.39177
G1 X178.547 Y130.301 E438.52315
G1 X178.661 Y130.376 E438.52768
G1 X178.695 Y130.449 E438.53036
G1 X178.695 Y169.548 E439.8308
G1 X178.62 Y169.661 E439.83531
G1 X178.548 Y169.695 E439.83796
G1 X150 Y169.697 E440.78747
G1 F2400 E440.28747
G0 F15000 X149.999 Y170.41
G0 X134.662 Y171.662
G0 X134.656 Y180.112
G0 X130.925 Y182.971
G0 X130.369 Y183.201
G0 X129.441 Y183.409
G0 X129.487 Y182.7
G1 F2400 E440.78747
G1 F6000 X129.201 Y182.681 E440.797
G1 X128.912 Y182.622 E440.80681
G1 X128.645 Y182.531 E440.8162
G1 X128.39 Y182.4 E440.82573
G1 X128.17 Y182.256 E440.83448
G1 X127.932 Y182.047 E440.84501
G1 X127.746 Y181.83 E440.85452
G1 X127.583 Y181.588 E440.86422
G1 X127.467 Y181.348 E440.87309
G1 X127.367 Y181.063 E440.88313
G1 X127.314 Y180.791 E440.89235
G1 X127.296 Y180.487 E440.90248
G1 X127.315 Y180.201 E440.91201
G1 X127.367 Y179.937 E440.92096
G1 X127.468 Y179.647 E440.93118
G1 X127.584 Y179.411 E440.93992
G1 X127.761 Y179.148 E440.95047
G1 X127.952 Y178.933 E440.96003
G1 X128.168 Y178.746 E440.96953
G1 X128.411 Y178.584 E440.97925
G1 X128.669 Y178.459 E440.98878
G1 X128.937 Y178.367 E440.99821
G1 X129.205 Y178.314 E441.00729
G1 X129.513 Y178.296 E441.01755
G1 X129.795 Y178.315 E441.02695
G1 X130.064 Y178.367 E441.03607
G1 X130.348 Y178.467 E441.04608
G1 X130.588 Y178.583 E441.05495
G1 X130.847 Y178.76 E441.06538
G1 X131.067 Y178.952 E441.07509
G1 X131.256 Y179.17 E441.08469
G1 X131.411 Y179.409 E441.09416
G1 X131.531 Y179.645 E441.10297
G1 X131.629 Y179.937 E441.11321
G1 X131.684 Y180.227 E441.12303
G1 X131.7 Y180.513 E441.13256
G1 X131.681 Y180.795 E441.14196
G1 X131.597 Y181.216 E441.15624
G1 X131.399 Y181.611 E441.17093
G1 X131.24 Y181.847 E441.1804
G1 X131.047 Y182.068 E441.19016
G1 X130.827 Y182.255 E441.19976
G1 X130.59 Y182.411 E441.2092
G1 X130.325 Y182.542 E441.21903
G1 X130.063 Y182.629 E441.22821
G1 X129.791 Y182.682 E441.23743
G1 X129.487 Y182.7 E441.24756
G1 F2400 E440.74756
G0 F15000 X129.441 Y183.409
G0 X128.408 Y183.136
G0 X127.763 Y182.764
G0 X127.236 Y182.237
G0 X126.864 Y181.592
G0 X126.671 Y180.873
G0 X126.671 Y180.127
G0 X129.441 Y170.35
G0 X113.662 Y170.338
G0 X113.662 Y129.662
G0 X126.443 Y129.651
G0 X129.441 Y122.409
G0 X129.487 Y121.7
G1 F2400 E441.24756
G1 F6000 X129.201 Y121.681 E441.25709
G1 X128.936 Y121.629 E441.26607
G1 X128.645 Y121.531 E441.27629
G1 X128.39 Y121.4 E441.28582
G1 X128.148 Y121.239 E441.29549
G1 X127.932 Y121.047 E441.3051
G1 X127.747 Y120.83 E441.31458
G1 X127.583 Y120.588 E441.32431
G1 X127.467 Y120.348 E441.33317
G1 X127.367 Y120.063 E441.34322
G1 X127.314 Y119.791 E441.35244
G1 X127.296 Y119.487 E441.36257
G1 X127.315 Y119.201 E441.3721
G1 X127.367 Y118.937 E441.38105
G1 X127.468 Y118.647 E441.39126
G1 X127.584 Y118.411 E441.40001
G1 X127.761 Y118.148 E441.41055
G1 X127.952 Y117.933 E441.42012
G1 X128.168 Y117.746 E441.42962
G1 X128.411 Y117.584 E441.43933
G1 X128.669 Y117.459 E441.44887
G1 X128.937 Y117.367 E441.45829
G1 X129.205 Y117.314 E441.46738
G1 X129.513 Y117.296 E441.47764
G1 X129.794 Y117.315 E441.48701
G1 X130.092 Y117.375 E441.49712
G1 X130.348 Y117.467 E441.50617
G1 X130.587 Y117.583 E441.515
G1 X130.83 Y117.746 E441.52473
G1 X131.067 Y117.952 E441.53518
G1 X131.256 Y118.17 E441.54477
G1 X131.4 Y118.39 E441.55352
G1 X131.531 Y118.645 E441.56306
G1 X131.629 Y118.937 E441.5733
G1 X131.684 Y119.227 E441.58312
G1 X131.7 Y119.513 E441.59264
G1 X131.681 Y119.795 E441.60204
G1 X131.597 Y120.216 E441.61632
G1 X131.399 Y120.611 E441.63102
G1 X131.24 Y120.847 E441.64048
G1 X131.047 Y121.068 E441.65024
G1 X130.827 Y121.255 E441.65985
G1 X130.59 Y121.411 E441.66928
G1 X130.325 Y121.542 E441.67912
G1 X130.063 Y121.629 E441.6883
G1 X129.791 Y121.682 E441.69751
G1 X129.487 Y121.7 E441.70764
G0 F15000 X129.441 Y122.409
G0 X130.592 Y122.136
G0 X131.237 Y121.764
G0 X131.764 Y121.237
G0 X132.353 Y120.059
G0 X132.126 Y120.014
;TYPE:FILL
G1 F12000 X134.82 Y122.707 E441.83434
G0 F15000 X134.59 Y122.707
G0 X134.59 Y121.523
G0 X134.819 Y121.523
G1 F12000 X124.181 Y124.374 E442.20064
G0 F15000 X124.18 Y123.381
G1 F12000 X130.617 Y129.818 E442.50342
G0 F15000 X129.975 Y129.82
G1 F12000 X133.63 Y116.18 E442.97309
G0 F15000 X133.63 Y116.41
G0 X128.939 Y116.646
G0 X128.982 Y116.869
G1 F12000 X128.293 Y116.18 E443.0055
G0 F15000 X128.293 Y116.41
G0 X125.348 Y116.41
G0 X125.348 Y116.179
G1 F12000 X124.18 Y120.536 E443.15553
G0 F15000 X124.41 Y120.536
G0 X124.338 Y128.338
G0 X122.132 Y128.41
G0 X122.132 Y128.18
G1 F12000 X121.693 Y129.82 E443.212
G0 F15000 X121.693 Y129.589
G0 X119.304 Y129.589
G0 X119.304 Y129.819
G1 F12000 X117.665 Y128.18 E443.2891
G0 F15000 X117.665 Y128.41
G0 X113.85 Y128.41
G0 X113.85 Y128.179
G1 F12000 X112.18 Y134.411 E443.50369
G0 F15000 X112.18 Y134.008
G1 F12000 X113.82 Y135.649 E443.58085
G0 F15000 X113.82 Y135.432
G1 F12000 X112.181 Y135.871 E443.63728
G0 F15000 X112.41 Y135.871
G0 X113.59 Y143.714
G0 X113.819 Y143.714
G1 F12000 X112.18 Y144.154 E443.69373
G0 F15000 X112.41 Y144.154
G0 X112.41 Y145.322
G0 X112.18 Y145.322
G1 F12000 X113.82 Y146.962 E443.77087
G0 F15000 X113.59 Y146.962
G0 X113.59 Y151.996
G0 X113.82 Y151.996
G1 F12000 X112.181 Y152.436 E443.82731
G0 F15000 X112.41 Y152.436
G0 X112.41 Y156.635
G0 X112.18 Y156.635
G1 F12000 X113.82 Y158.276 E443.90448
G0 F15000 X113.819 Y159.203
G1 F12000 X112.18 Y165.321 E444.11514
G0 F15000 X112.41 Y165.321
G0 X112.41 Y167.949
G0 X112.18 Y167.949
G1 F12000 X113.824 Y169.594 E444.19249
G0 F15000 X114.384 Y170.154
G1 F12000 X116.05 Y171.82 E444.27085
G0 F15000 X116.05 Y171.59
G0 X118.721 Y171.59
G0 X118.721 Y171.821
G1 F12000 X119.161 Y170.18 E444.32736
G0 F15000 X119.16 Y170.41
G0 X113.662 Y170.338
G0 X113.59 Y168.561
G0 X113.819 Y168.561
G1 F12000 X112.18 Y169 E444.3838
G0 F15000 X112.41 Y169
G0 X112.41 Y160.718
G0 X112.18 Y160.718
G1 F12000 X113.819 Y160.279 E444.44023
G0 F15000 X113.59 Y160.279
G0 X113.662 Y170.338
G0 X125.723 Y170.41
G0 X125.724 Y170.18
G1 F12000 X134.821 Y179.276 E444.8681
G0 F15000 X134.819 Y179.498
G1 F12000 X132.164 Y180.21 E444.95953
G0 F15000 X132.394 Y180.196
G0 X132.07 Y183.59
G0 X132.07 Y183.821
G1 F12000 X134.82 Y173.558 E445.31292
G0 F15000 X134.59 Y173.558
G0 X134.662 Y171.662
G0 X135.272 Y171.59
G0 X135.272 Y171.87
G1 F12000 X135.725 Y170.18 E445.37111
G0 F15000 X135.724 Y170.41
G0 X137.037 Y170.41
G0 X137.038 Y170.18
G1 F12000 X138.678 Y171.82 E445.44825
G0 F15000 X138.678 Y171.59
G0 X138.685 Y170.41
G0 X138.686 Y170.18
G1 F12000 X124.181 Y174.067 E445.94771
G0 F15000 X124.41 Y174.067
G0 X127.442 Y170.41
G0 X127.443 Y170.179
G1 F12000 X124.18 Y182.355 E446.36698
G1 X124.181 Y182.349
G1 X127.051 Y181.58 E446.4658
G0 F15000 X126.841 Y181.683
G0 X128.051 Y183.59
G0 X128.051 Y183.82
G1 F12000 X124.18 Y179.949 E446.64788
G0 F15000 X124.41 Y179.949
G0 X134.662 Y171.662
G0 X143.567 Y171.59
G0 X143.567 Y171.821
G1 F12000 X144.007 Y170.18 E446.70439
G0 F15000 X144.006 Y170.41
G0 X148.351 Y170.41
G0 X148.352 Y170.18
G1 F12000 X149.991 Y171.82 E446.78151
G0 F15000 X149.991 Y171.59
G0 X151.85 Y171.59
G0 X151.85 Y171.82
G1 F12000 X152.289 Y170.18 E446.83797
G0 F15000 X152.288 Y170.41
G0 X159.664 Y170.41
G0 X159.665 Y170.18
G1 F12000 X161.305 Y171.82 E446.91511
G0 F15000 X161.305 Y171.59
G0 X160.132 Y171.59
G0 X160.132 Y171.821
G1 F12000 X160.572 Y170.18 E446.97162
G0 F15000 X160.571 Y170.41
G0 X163.475 Y171.59
G0 X163.475 Y171.82
G1 F12000 X169.597 Y170.18 E447.18242
G0 F15000 X168.854 Y170.18
G1 F12000 X168.414 Y171.82 E447.2389
G0 F15000 X168.414 Y171.59
G0 X170.978 Y170.41
G0 X170.979 Y170.18
G1 F12000 X172.619 Y171.82 E447.31604
G0 F15000 X172.619 Y171.59
G0 X176.685 Y171.59
G0 X176.685 Y171.864
G1 F12000 X177.136 Y170.18 E447.37402
G0 F15000 X177.135 Y170.41
G0 X179.339 Y170.339
G0 X179.411 Y167.613
G0 X179.181 Y167.612
G1 F12000 X180.82 Y167.173 E447.43046
G0 F15000 X180.59 Y167.173
G0 X179.411 Y167.068
G0 X179.179 Y167.067
G1 F12000 X184.977 Y172.864 E447.70315
G0 F15000 X184.709 Y172.828
G1 F12000 X185.954 Y168.179 E447.86323
G0 F15000 X185.954 Y168.41
G0 X187.59 Y173.579
G0 X187.819 Y173.579
G1 F12000 X186.645 Y173.894 E447.90366
G0 F15000 X186.839 Y173.766
G0 X187.361 Y174.976
G0 X187.132 Y175.02
G1 F12000 X187.82 Y175.708 E447.93602
G0 F15000 X187.59 Y175.708
G0 X186.764 Y177.237
G0 X186.237 Y177.764
G0 X185.592 Y178.136
G0 X184.872 Y178.329
G0 X184.269 Y178.329
G0 X183.243 Y178.121
G0 X183.346 Y177.914
G1 F12000 X183.103 Y178.82 E447.96722
G0 F15000 X183.103 Y178.59
G0 X179.619 Y178.59
G0 X179.619 Y178.82
G1 F12000 X177.18 Y176.381 E448.08194
G1 X177.181 Y176.43
G1 X181.836 Y175.183 E448.24222
G0 F15000 X181.609 Y175.168
G0 X179.411 Y162.551
G0 X179.18 Y162.55
G1 F12000 X180.82 Y156.431 E448.45293
G0 F15000 X180.82 Y157.393
G1 F12000 X179.179 Y155.753 E448.53009
G0 F15000 X179.411 Y155.754
G0 X180.59 Y158.891
G0 X180.819 Y158.891
G1 F12000 X179.181 Y159.33 E448.58649
G0 F15000 X179.411 Y159.331
G0 X179.411 Y151.049
G0 X179.18 Y151.048
G1 F12000 X180.82 Y150.608 E448.64297
G0 F15000 X180.59 Y150.608
G0 X180.59 Y146.08
G0 X180.82 Y146.08
G1 F12000 X179.179 Y144.439 E448.72016
G0 F15000 X179.411 Y144.44
G0 X179.411 Y142.766
G0 X179.181 Y142.765
G1 F12000 X180.819 Y142.326 E448.77656
G0 F15000 X180.59 Y142.326
G0 X180.59 Y134.766
G0 X180.82 Y134.766
G1 F12000 X179.179 Y133.126 E448.85372
G0 F15000 X179.411 Y133.127
G0 X179.411 Y134.484
G0 X179.18 Y134.483
G1 F12000 X180.819 Y134.044 E448.91016
G0 F15000 X180.59 Y134.044
G0 X179.411 Y131.642
G0 X179.18 Y131.641
G1 F12000 X181.984 Y121.179 E449.27041
G0 F15000 X181.984 Y121.41
G0 X181.59 Y124.438
G0 X181.822 Y124.454
G1 F12000 X178.547 Y121.18 E449.42443
G0 F15000 X178.547 Y121.41
G0 X181.776 Y125.52
G0 X181.993 Y125.447
G1 F12000 X177.181 Y126.737 E449.59013
G0 F15000 X177.41 Y126.737
G0 X177.338 Y128.338
G0 X174.234 Y128.41
G0 X174.234 Y128.18
G1 F12000 X175.87 Y129.816 E449.66708
G0 F15000 X175.87 Y129.587
G0 X171.826 Y128.41
G0 X171.826 Y128.179
G1 F12000 X171.387 Y129.818 E449.72352
G0 F15000 X171.387 Y129.587
G0 X171.795 Y128.41
G0 X171.795 Y128.18
G1 F12000 X165.687 Y129.817 E449.93384
G0 F15000 X165.687 Y129.587
G0 X164.557 Y129.587
G0 X164.557 Y129.817
G1 F12000 X162.92 Y128.18 E450.01084
G0 F15000 X163.543 Y128.18
G1 F12000 X163.104 Y129.818 E450.06724
G0 F15000 X163.104 Y129.587
G0 X155.261 Y128.41
G0 X155.261 Y128.179
G1 F12000 X154.822 Y129.818 E450.12368
G0 F15000 X154.822 Y129.588
G0 X153.243 Y129.588
G0 X153.243 Y129.817
G1 F12000 X151.607 Y128.18 E450.20065
G0 F15000 X151.607 Y128.41
G0 X146.979 Y128.41
G0 X146.979 Y128.18
G1 F12000 X146.54 Y129.819 E450.25709
G0 F15000 X146.54 Y129.588
G0 X141.93 Y129.588
G0 X141.93 Y129.818
G1 F12000 X140.293 Y128.18 E450.33411
G0 F15000 X140.884 Y128.18
G1 F12000 X134.77 Y129.819 E450.54464
G0 F15000 X134.77 Y129.589
G0 X138.257 Y129.588
G0 X138.257 Y129.819
G1 F12000 X138.697 Y128.18 E450.60109
G1 F2400 E450.10109
G0 F15000 X138.697 Y128.41
G0 X177.338 Y128.338
G0 X184.558 Y127.41
G0 X184.544 Y127.177
G1 F2400 E450.60109
G1 F12000 X187.82 Y130.453 E450.75518
G1 X187.82 Y130.306
G1 X187.414 Y131.821 E450.80735
G0 F15000 X187.414 Y131.59
G0 X187.37 Y124.023
G0 X187.144 Y124.067
G1 F12000 X187.819 Y123.886 E450.83059
G0 F15000 X187.635 Y123.818
G1 F2400 E450.33059
;MESH:NONMESH
G0 F300 X187.635 Y123.818 Z1
G0 F15000 X187.59 Y123.818
G0 X186.518 Y122.482
G0 X185.925 Y122.029
G0 X185.238 Y121.744
G0 X184.5 Y121.645
G0 X183.762 Y121.744
G0 X177.35 Y123.57
G0 X177.338 Y128.338
G0 X134.662 Y128.338
G0 X129.481 Y122.412
G0 X129.501 Y122.1
;TIME_ELAPSED:652.014987
;LAYER:4
;TYPE:WALL-INNER
;MESH:Vakuumpumpe casing (berre sk??l)V2.stl
G1 F2400 E450.83059
G1 F6000 X129.124 Y122.073 E450.84316
G1 X128.786 Y122.002 E450.85465
G1 X128.464 Y121.887 E450.86602
G1 X128.171 Y121.735 E450.877
G1 X127.884 Y121.54 E450.88854
G1 X127.628 Y121.308 E450.90003
G1 X127.417 Y121.056 E450.91096
G1 X127.223 Y120.762 E450.92268
G1 X127.082 Y120.462 E450.9337
G1 X126.998 Y120.226 E450.94203
G1 X126.92 Y119.86 E450.95448
G1 X126.896 Y119.5 E450.96648
G1 X126.923 Y119.124 E450.97902
G1 X126.997 Y118.777 E450.99082
G1 X127.109 Y118.471 E451.00166
G1 X127.266 Y118.164 E451.01313
G1 X127.461 Y117.884 E451.02447
G1 X127.688 Y117.632 E451.03576
G1 X127.945 Y117.414 E451.04696
G1 X128.235 Y117.225 E451.05848
G1 X128.537 Y117.081 E451.06961
G1 X128.86 Y116.975 E451.08091
G1 X129.136 Y116.92 E451.09027
G1 X129.5 Y116.896 E451.10241
G1 X129.794 Y116.913 E451.1122
G1 X130.139 Y116.974 E451.12385
G1 X130.522 Y117.107 E451.13734
G1 X130.761 Y117.223 E451.14617
G1 X131.056 Y117.416 E451.1579
G1 X131.308 Y117.628 E451.16885
G1 X131.591 Y117.951 E451.18313
G1 X131.767 Y118.227 E451.19402
G1 X131.921 Y118.546 E451.2058
G1 X132.021 Y118.859 E451.21673
G1 X132.083 Y119.203 E451.22836
G1 X132.1 Y119.5 E451.23825
G1 X132.076 Y119.86 E451.25025
G1 X132.001 Y120.217 E451.26239
G1 X131.889 Y120.529 E451.27341
G1 X131.732 Y120.833 E451.28479
G1 X131.544 Y121.108 E451.29587
G1 X131.308 Y121.371 E451.30762
G1 X131.049 Y121.588 E451.31886
G1 X130.769 Y121.769 E451.32995
G1 X130.341 Y121.975 E451.34575
G1 X129.86 Y122.076 E451.3621
G1 X129.501 Y122.1 E451.37406
G1 F2400 E450.87406
G0 F15000 X129.481 Y122.412
G0 X124.387 Y129.657
G0 X113.662 Y129.662
G0 X113.662 Y170.338
G0 X149.999 Y170.41
G0 X150 Y170.1
G1 F2400 E451.37406
G1 F6000 X114.5 Y170.1 E452.5548
G1 X114.261 Y170.051 E452.56291
G1 X114.075 Y169.925 E452.57039
G1 X113.949 Y169.739 E452.57786
G1 X113.9 Y169.574 E452.58358
G1 X113.9 Y130.5 E453.88319
G1 X113.949 Y130.261 E453.8913
G1 X114.075 Y130.075 E453.89878
G1 X114.261 Y129.949 E453.90625
G1 X114.426 Y129.9 E453.91197
G1 X178.5 Y129.896 E456.04308
G1 X178.731 Y129.941 E456.05091
G1 X178.923 Y130.069 E456.05859
G1 X179.1 Y130.392 E456.07084
G1 X179.1 Y169.608 E457.37516
G1 X178.982 Y169.859 E457.38439
G1 X178.859 Y169.982 E457.39018
G1 X178.608 Y170.1 E457.3994
G1 X150 Y170.1 E458.35091
G0 F15000 X149.999 Y170.41
G0 X150 Y171.59
G0 X150 Y171.9
G1 F6000 X176.5 Y171.9 E459.2323
G1 X176.755 Y171.956 E459.24098
G1 X176.946 Y172.097 E459.24888
G1 X177.1 Y172.429 E459.26105
G1 X177.1 Y178.9 E459.47628
G1 X187.9 Y178.9 E459.83549
G1 X187.9 Y168.1 E460.1947
G1 X181.429 Y168.1 E460.40992
G1 X181.097 Y167.946 E460.4221
G1 X180.956 Y167.754 E460.43002
G1 X180.9 Y167.575 E460.43626
G1 X180.9 Y132.5 E461.60286
G1 X180.956 Y132.245 E461.61154
G1 X181.098 Y132.054 E461.61946
G1 X181.27 Y131.945 E461.62623
G1 X181.431 Y131.9 E461.63179
G1 X187.9 Y131.9 E461.84695
G1 X187.9 Y121.1 E462.20616
G1 X177.1 Y121.1 E462.56537
G1 X177.1 Y127.569 E462.78053
G1 X177.055 Y127.731 E462.78612
G1 X176.86 Y127.98 E462.79664
G1 X176.583 Y128.1 E462.80668
G1 X135.5 Y128.1 E464.1731
G1 X135.217 Y128.03 E464.1828
G1 X135.02 Y127.86 E464.19146
G1 X134.9 Y127.62 E464.20038
G1 X134.9 Y116.1 E464.58354
G1 X124.1 Y116.1 E464.94275
G1 X124.1 Y127.62 E465.3259
G1 X123.98 Y127.861 E465.33486
G1 X123.782 Y128.03 E465.34352
G1 X123.578 Y128.1 E465.35069
G1 X112.1 Y128.1 E465.73245
G1 X112.1 Y171.9 E467.18924
G1 X123.5 Y171.9 E467.56841
G1 X123.783 Y171.97 E467.5781
G1 X123.98 Y172.14 E467.58676
G1 X124.1 Y172.379 E467.59565
G1 X124.1 Y183.9 E467.97884
G1 X134.9 Y183.9 E468.33805
G1 X134.9 Y172.379 E468.72124
G1 X135.02 Y172.14 E468.73014
G1 X135.217 Y171.97 E468.73879
G1 X135.422 Y171.9 E468.746
G1 X150 Y171.9 E469.23086
G1 F2400 E468.73086
G0 F15000 X150 Y171.59
G0 X134.662 Y171.662
G0 X134.656 Y180.431
G0 X130.925 Y182.971
G0 X130.369 Y183.201
G0 X129.48 Y183.412
G0 X129.5 Y183.1
G1 F2400 E469.23086
G1 F6000 X129.123 Y183.073 E469.24344
G1 X128.859 Y183.021 E469.25239
G1 X128.463 Y182.887 E469.26629
G1 X128.171 Y182.734 E469.27725
G1 X127.951 Y182.591 E469.28598
G1 X127.688 Y182.368 E469.29745
G1 X127.416 Y182.056 E469.31122
G1 X127.223 Y181.762 E469.32291
G1 X127.082 Y181.462 E469.33394
G1 X126.998 Y181.226 E469.34227
G1 X126.92 Y180.86 E469.35472
G1 X126.896 Y180.5 E469.36672
G1 X126.923 Y180.124 E469.37926
G1 X126.997 Y179.777 E469.39106
G1 X127.109 Y179.471 E469.40189
G1 X127.225 Y179.235 E469.41064
G1 X127.46 Y178.884 E469.42469
G1 X127.688 Y178.633 E469.43597
G1 X127.884 Y178.46 E469.44466
G1 X128.235 Y178.225 E469.45871
G1 X128.537 Y178.081 E469.46984
G1 X128.86 Y177.975 E469.48115
G1 X129.136 Y177.92 E469.49051
G1 X129.5 Y177.896 E469.50264
G1 X129.871 Y177.922 E469.51501
G1 X130.226 Y177.998 E469.52709
G1 X130.522 Y178.107 E469.53758
G1 X130.84 Y178.269 E469.54945
G1 X131.108 Y178.457 E469.56034
G1 X131.367 Y178.688 E469.57188
G1 X131.591 Y178.951 E469.58337
G1 X131.767 Y179.228 E469.59428
G1 X131.921 Y179.546 E469.60604
G1 X132.021 Y179.859 E469.61696
G1 X132.083 Y180.203 E469.62859
G1 X132.1 Y180.5 E469.63848
G1 X132.076 Y180.86 E469.65048
G1 X132.001 Y181.217 E469.66262
G1 X131.889 Y181.529 E469.67364
G1 X131.732 Y181.833 E469.68502
G1 X131.543 Y182.108 E469.69612
G1 X131.308 Y182.372 E469.70788
G1 X131.049 Y182.588 E469.71909
G1 X130.769 Y182.769 E469.73018
G1 X130.453 Y182.921 E469.74185
G1 X130.139 Y183.022 E469.75282
G1 X129.86 Y183.076 E469.76227
G1 X129.5 Y183.1 E469.77427
G1 F2400 E469.27427
G0 F15000 X129.48 Y183.412
G0 X134.651 Y182.942
G0 X134.662 Y171.662
G0 X177.338 Y171.662
G0 X181.046 Y177.984
G0 X184.48 Y178.412
G0 X184.5 Y178.1
G1 F2400 E469.77427
G1 F6000 X184.123 Y178.073 E469.78684
G1 X183.859 Y178.021 E469.79579
G1 X183.463 Y177.887 E469.80969
G1 X183.171 Y177.734 E469.82066
G1 X182.951 Y177.591 E469.82939
G1 X182.688 Y177.368 E469.84085
G1 X182.416 Y177.056 E469.85462
G1 X182.223 Y176.762 E469.86632
G1 X182.082 Y176.462 E469.87734
G1 X181.974 Y176.139 E469.88867
G1 X181.92 Y175.86 E469.89812
G1 X181.896 Y175.5 E469.91012
G1 X181.923 Y175.124 E469.92266
G1 X181.997 Y174.777 E469.93446
G1 X182.109 Y174.471 E469.9453
G1 X182.266 Y174.165 E469.95674
G1 X182.436 Y173.914 E469.96682
G1 X182.659 Y173.659 E469.97809
G1 X182.914 Y173.436 E469.98936
G1 X183.235 Y173.225 E470.00213
G1 X183.537 Y173.081 E470.01326
G1 X183.859 Y172.975 E470.02454
G1 X184.136 Y172.92 E470.03393
G1 X184.5 Y172.896 E470.04606
G1 X184.794 Y172.913 E470.05586
G1 X185.226 Y172.998 E470.0705
G1 X185.462 Y173.082 E470.07883
G1 X185.762 Y173.223 E470.08986
G1 X186.108 Y173.456 E470.10373
G1 X186.368 Y173.688 E470.11532
G1 X186.591 Y173.951 E470.12679
G1 X186.767 Y174.228 E470.1377
G1 X186.922 Y174.545 E470.14944
G1 X187.002 Y174.785 E470.15786
G1 X187.073 Y175.123 E470.16934
G1 X187.1 Y175.5 E470.18191
G1 X187.074 Y175.871 E470.19428
G1 X187.001 Y176.217 E470.20604
G1 X186.889 Y176.529 E470.21707
G1 X186.732 Y176.833 E470.22845
G1 X186.543 Y177.108 E470.23955
G1 X186.341 Y177.341 E470.24981
G1 X186.049 Y177.588 E470.26253
G1 X185.769 Y177.769 E470.27362
G1 X185.453 Y177.921 E470.28528
G1 X185.139 Y178.022 E470.29625
G1 X184.86 Y178.076 E470.3057
G1 X184.5 Y178.1 E470.3177
G1 F2400 E469.8177
G0 F15000 X184.48 Y178.412
G0 X183.408 Y178.136
G0 X182.763 Y177.764
G0 X182.236 Y177.237
G0 X181.864 Y176.592
G0 X181.671 Y175.873
G0 X180.662 Y168.338
G0 X180.662 Y131.662
G0 X184.48 Y127.412
G0 X184.5 Y127.1
G1 F2400 E470.3177
G1 F6000 X184.123 Y127.073 E470.33027
G1 X183.786 Y127.002 E470.34173
G1 X183.546 Y126.922 E470.35014
G1 X183.227 Y126.767 E470.36194
G1 X182.917 Y126.567 E470.37421
G1 X182.657 Y126.339 E470.38571
G1 X182.457 Y126.108 E470.39587
G1 X182.263 Y125.832 E470.40709
G1 X182.082 Y125.462 E470.42079
G1 X181.974 Y125.139 E470.43212
G1 X181.92 Y124.86 E470.44157
G1 X181.896 Y124.5 E470.45357
G1 X181.923 Y124.124 E470.46611
G1 X181.997 Y123.777 E470.47791
G1 X182.109 Y123.471 E470.48875
G1 X182.266 Y123.164 E470.50022
G1 X182.461 Y122.884 E470.51157
G1 X182.688 Y122.632 E470.52285
G1 X182.945 Y122.414 E470.53406
G1 X183.235 Y122.225 E470.54557
G1 X183.537 Y122.081 E470.5567
G1 X183.86 Y121.975 E470.568
G1 X184.136 Y121.92 E470.57736
G1 X184.5 Y121.896 E470.5895
G1 X184.794 Y121.913 E470.59929
G1 X185.139 Y121.974 E470.61094
G1 X185.522 Y122.107 E470.62443
G1 X185.761 Y122.223 E470.63326
G1 X186.056 Y122.416 E470.64499
G1 X186.341 Y122.659 E470.65745
G1 X186.591 Y122.951 E470.67023
G1 X186.767 Y123.228 E470.68115
G1 X186.922 Y123.545 E470.69288
G1 X187.002 Y123.785 E470.7013
G1 X187.073 Y124.123 E470.71279
G1 X187.1 Y124.5 E470.72536
G1 X187.074 Y124.871 E470.73773
G1 X187.001 Y125.217 E470.74949
G1 X186.889 Y125.529 E470.76051
G1 X186.732 Y125.833 E470.77189
G1 X186.543 Y126.108 E470.78299
G1 X186.308 Y126.371 E470.79472
G1 X186.108 Y126.544 E470.80352
G1 X185.833 Y126.732 E470.8146
G1 X185.529 Y126.889 E470.82598
G1 X185.217 Y127.001 E470.837
G1 X184.86 Y127.076 E470.84914
G1 X184.5 Y127.1 E470.86114
G0 F15000 X184.487 Y126.7
;TYPE:WALL-OUTER
G1 F6000 X184.201 Y126.681 E470.87067
G1 X183.912 Y126.622 E470.88048
G1 X183.645 Y126.531 E470.88986
G1 X183.409 Y126.411 E470.89867
G1 X183.159 Y126.248 E470.90859
G1 X182.941 Y126.057 E470.91823
G1 X182.747 Y125.83 E470.92817
G1 X182.583 Y125.588 E470.93789
G1 X182.467 Y125.348 E470.94675
G1 X182.367 Y125.063 E470.9568
G1 X182.314 Y124.791 E470.96602
G1 X182.296 Y124.487 E470.97615
G1 X182.315 Y124.201 E470.98568
G1 X182.367 Y123.937 E470.99463
G1 X182.468 Y123.647 E471.00484
G1 X182.584 Y123.411 E471.01359
G1 X182.761 Y123.148 E471.02413
G1 X182.952 Y122.933 E471.0337
G1 X183.168 Y122.746 E471.0432
G1 X183.411 Y122.584 E471.05291
G1 X183.669 Y122.459 E471.06245
G1 X183.937 Y122.367 E471.07187
G1 X184.205 Y122.314 E471.08096
G1 X184.513 Y122.296 E471.09122
G1 X184.794 Y122.315 E471.10059
G1 X185.092 Y122.375 E471.1107
G1 X185.348 Y122.467 E471.11975
G1 X185.587 Y122.583 E471.12858
G1 X185.83 Y122.746 E471.13831
G1 X186.058 Y122.942 E471.14832
G1 X186.256 Y123.17 E471.15836
G1 X186.411 Y123.409 E471.16783
G1 X186.531 Y123.645 E471.17664
G1 X186.629 Y123.937 E471.18688
G1 X186.684 Y124.227 E471.1967
G1 X186.7 Y124.5 E471.2058
G1 X186.681 Y124.795 E471.21563
G1 X186.597 Y125.216 E471.22991
G1 X186.399 Y125.611 E471.2446
G1 X186.24 Y125.847 E471.25407
G1 X186.047 Y126.068 E471.26383
G1 X185.827 Y126.255 E471.27343
G1 X185.59 Y126.411 E471.28287
G1 X185.325 Y126.542 E471.2927
G1 X185.063 Y126.629 E471.30188
G1 X184.791 Y126.682 E471.3111
G1 X184.487 Y126.7 E471.32123
G1 F2400 E470.82123
G0 F15000 X184.441 Y127.409
G0 X180.662 Y131.662
G0 X180.662 Y168.338
G0 X181.744 Y176.238
G0 X182.029 Y176.925
G0 X182.482 Y177.518
G0 X183.075 Y177.971
G0 X183.464 Y178.132
G0 X184.441 Y178.409
G0 X184.487 Y177.7
G1 F2400 E471.32123
G1 F6000 X184.201 Y177.681 E471.33076
G1 X183.912 Y177.622 E471.34057
G1 X183.645 Y177.531 E471.34995
G1 X183.39 Y177.4 E471.35949
G1 X183.148 Y177.239 E471.36916
G1 X182.932 Y177.047 E471.37877
G1 X182.746 Y176.83 E471.38827
G1 X182.583 Y176.588 E471.39798
G1 X182.459 Y176.328 E471.40756
G1 X182.367 Y176.063 E471.41689
G1 X182.314 Y175.791 E471.42611
G1 X182.296 Y175.487 E471.43623
G1 X182.315 Y175.201 E471.44577
G1 X182.367 Y174.937 E471.45472
G1 X182.468 Y174.647 E471.46493
G1 X182.584 Y174.411 E471.47368
G1 X182.753 Y174.158 E471.4838
G1 X182.942 Y173.942 E471.49334
G1 X183.158 Y173.753 E471.50289
G1 X183.411 Y173.584 E471.51301
G1 X183.669 Y173.459 E471.52254
G1 X183.937 Y173.367 E471.53197
G1 X184.205 Y173.314 E471.54105
G1 X184.513 Y173.296 E471.55132
G1 X184.795 Y173.315 E471.56072
G1 X185.063 Y173.367 E471.5698
G1 X185.328 Y173.459 E471.57913
G1 X185.588 Y173.583 E471.58871
G1 X185.847 Y173.76 E471.59914
G1 X186.067 Y173.952 E471.60885
G1 X186.256 Y174.17 E471.61845
G1 X186.411 Y174.409 E471.62792
G1 X186.531 Y174.645 E471.63673
G1 X186.629 Y174.937 E471.64697
G1 X186.684 Y175.227 E471.65679
G1 X186.7 Y175.5 E471.66589
G1 X186.681 Y175.795 E471.67572
G1 X186.597 Y176.216 E471.69
G1 X186.399 Y176.611 E471.70469
G1 X186.24 Y176.847 E471.71416
G1 X186.058 Y177.058 E471.72343
G1 X185.827 Y177.255 E471.73352
G1 X185.59 Y177.411 E471.74296
G1 X185.325 Y177.542 E471.75279
G1 X185.063 Y177.629 E471.76197
G1 X184.791 Y177.682 E471.77119
G1 X184.487 Y177.7 E471.78132
G1 F2400 E471.28132
G0 F15000 X184.441 Y178.409
G0 X177.349 Y176.471
G0 X177.338 Y171.662
G0 X150 Y171.59
G0 X150 Y172.302
G1 F2400 E471.78132
G1 F6000 X176.56 Y172.3 E472.66471
G1 X176.649 Y172.365 E472.66837
G1 X176.698 Y172.468 E472.67217
G1 X176.7 Y179.3 E472.8994
G1 X188.3 Y179.3 E473.28522
G1 X188.3 Y167.7 E473.67104
G1 X181.468 Y167.698 E473.89827
G1 X181.365 Y167.649 E473.90206
G1 X181.303 Y167.535 E473.90638
G1 X181.3 Y132.439 E475.07368
G1 X181.366 Y132.351 E475.07734
G1 X181.468 Y132.302 E475.0811
G1 X188.3 Y132.3 E475.30833
G1 X188.3 Y120.7 E475.69415
G1 X176.7 Y120.7 E476.07997
G1 X176.698 Y127.56 E476.30813
G1 X176.62 Y127.66 E476.31235
G1 X176.535 Y127.697 E476.31543
G1 X135.423 Y127.7 E477.68283
G1 X135.3 Y127.54 E477.68954
G1 X135.3 Y115.7 E478.08334
G1 X123.7 Y115.7 E478.46916
G1 X123.7 Y127.54 E478.86296
G1 X123.66 Y127.621 E478.86596
G1 X123.535 Y127.697 E478.87083
G1 X111.7 Y127.7 E479.26446
G1 X111.7 Y172.3 E480.74786
G1 X123.577 Y172.3 E481.14289
G1 X123.7 Y172.459 E481.14958
G1 X123.7 Y184.3 E481.54341
G1 X135.3 Y184.3 E481.92923
G1 X135.3 Y172.459 E482.32306
G1 X135.34 Y172.38 E482.32601
G1 X135.465 Y172.303 E482.33089
G1 X150 Y172.302 E482.81433
G1 F2400 E482.31433
G0 F15000 X150 Y171.59
G0 X149.999 Y170.41
G0 X150 Y169.697
G1 F2400 E482.81433
G1 F6000 X114.444 Y169.7 E483.99692
G1 X114.358 Y169.642 E484.00037
G1 X114.303 Y169.535 E484.00437
G1 X114.3 Y130.444 E485.30455
G1 X114.358 Y130.358 E485.308
G1 X114.465 Y130.303 E485.312
G1 X178.547 Y130.301 E487.44337
G1 X178.661 Y130.376 E487.44791
G1 X178.695 Y130.449 E487.45059
G1 X178.695 Y169.548 E488.75103
G1 X178.62 Y169.661 E488.75554
G1 X178.548 Y169.695 E488.75819
G1 X150 Y169.697 E489.7077
G1 F2400 E489.2077
G0 F15000 X149.999 Y170.41
G0 X134.662 Y171.662
G0 X134.656 Y180.112
G0 X130.925 Y182.971
G0 X130.369 Y183.201
G0 X129.441 Y183.409
G0 X129.487 Y182.7
G1 F2400 E489.7077
G1 F6000 X129.201 Y182.681 E489.71723
G1 X128.912 Y182.622 E489.72704
G1 X128.645 Y182.531 E489.73642
G1 X128.39 Y182.4 E489.74596
G1 X128.148 Y182.239 E489.75563
G1 X127.932 Y182.047 E489.76524
G1 X127.746 Y181.83 E489.77475
G1 X127.583 Y181.588 E489.78445
G1 X127.467 Y181.348 E489.79332
G1 X127.367 Y181.063 E489.80336
G1 X127.314 Y180.791 E489.81258
G1 X127.296 Y180.487 E489.82271
G1 X127.315 Y180.201 E489.83224
G1 X127.367 Y179.937 E489.84119
G1 X127.468 Y179.647 E489.8514
G1 X127.584 Y179.411 E489.86015
G1 X127.761 Y179.148 E489.87069
G1 X127.952 Y178.933 E489.88026
G1 X128.168 Y178.746 E489.88976
G1 X128.411 Y178.584 E489.89948
G1 X128.669 Y178.459 E489.90901
G1 X128.937 Y178.367 E489.91843
G1 X129.205 Y178.314 E489.92752
G1 X129.513 Y178.296 E489.93778
G1 X129.795 Y178.315 E489.94718
G1 X130.064 Y178.367 E489.9563
G1 X130.348 Y178.467 E489.96631
G1 X130.588 Y178.583 E489.97518
G1 X130.847 Y178.76 E489.98561
G1 X131.067 Y178.952 E489.99532
G1 X131.256 Y179.17 E490.00492
G1 X131.411 Y179.409 E490.01439
G1 X131.531 Y179.645 E490.0232
G1 X131.629 Y179.937 E490.03344
G1 X131.684 Y180.227 E490.04326
G1 X131.7 Y180.513 E490.05279
G1 X131.681 Y180.795 E490.06219
G1 X131.597 Y181.216 E490.07647
G1 X131.399 Y181.611 E490.09116
G1 X131.24 Y181.847 E490.10063
G1 X131.047 Y182.068 E490.11039
G1 X130.827 Y182.255 E490.11999
G1 X130.59 Y182.411 E490.12943
G1 X130.325 Y182.542 E490.13926
G1 X130.063 Y182.629 E490.14844
G1 X129.791 Y182.682 E490.15766
G1 X129.487 Y182.7 E490.16779
G1 F2400 E489.66779
G0 F15000 X129.441 Y183.409
G0 X128.408 Y183.136
G0 X127.763 Y182.764
G0 X127.236 Y182.237
G0 X126.864 Y181.592
G0 X126.671 Y180.873
G0 X126.671 Y180.127
G0 X129.441 Y170.35
G0 X113.662 Y170.338
G0 X113.662 Y129.662
G0 X126.443 Y129.651
G0 X129.441 Y122.409
G0 X129.487 Y121.7
G1 F2400 E490.16779
G1 F6000 X129.201 Y121.681 E490.17732
G1 X128.936 Y121.629 E490.1863
G1 X128.645 Y121.531 E490.19651
G1 X128.39 Y121.4 E490.20605
G1 X128.148 Y121.239 E490.21572
G1 X127.932 Y121.047 E490.22533
G1 X127.747 Y120.83 E490.23481
G1 X127.583 Y120.588 E490.24454
G1 X127.467 Y120.348 E490.2534
G1 X127.367 Y120.063 E490.26345
G1 X127.314 Y119.791 E490.27267
G1 X127.296 Y119.487 E490.28279
G1 X127.315 Y119.201 E490.29233
G1 X127.367 Y118.937 E490.30128
G1 X127.468 Y118.647 E490.31149
G1 X127.584 Y118.411 E490.32024
G1 X127.761 Y118.148 E490.33078
G1 X127.952 Y117.933 E490.34035
G1 X128.168 Y117.746 E490.34985
G1 X128.411 Y117.584 E490.35956
G1 X128.669 Y117.459 E490.3691
G1 X128.937 Y117.367 E490.37852
G1 X129.205 Y117.314 E490.38761
G1 X129.513 Y117.296 E490.39787
G1 X129.794 Y117.315 E490.40724
G1 X130.092 Y117.375 E490.41735
G1 X130.348 Y117.467 E490.4264
G1 X130.587 Y117.583 E490.43523
G1 X130.83 Y117.746 E490.44496
G1 X131.067 Y117.952 E490.45541
G1 X131.256 Y118.17 E490.465
G1 X131.411 Y118.409 E490.47448
G1 X131.531 Y118.645 E490.48328
G1 X131.629 Y118.937 E490.49353
G1 X131.684 Y119.227 E490.50335
G1 X131.7 Y119.513 E490.51287
G1 X131.681 Y119.795 E490.52227
G1 X131.597 Y120.216 E490.53655
G1 X131.399 Y120.611 E490.55125
G1 X131.24 Y120.847 E490.56071
G1 X131.047 Y121.068 E490.57047
G1 X130.827 Y121.255 E490.58008
G1 X130.59 Y121.411 E490.58951
G1 X130.325 Y121.542 E490.59934
G1 X130.063 Y121.629 E490.60853
G1 X129.791 Y121.682 E490.61774
G1 X129.487 Y121.7 E490.62787
G0 F15000 X129.441 Y122.409
G0 X130.592 Y122.136
G0 X131.237 Y121.764
G0 X131.764 Y121.237
G0 X132.066 Y120.715
G0 X132.39 Y119.856
G0 X132.155 Y119.841
;TYPE:FILL
G1 F12000 X134.82 Y122.506 E490.75323
G0 F15000 X134.819 Y121.67
G1 F12000 X124.181 Y124.521 E491.11953
G0 F15000 X124.41 Y124.521
G0 X124.41 Y123.18
G0 X124.18 Y123.18
G1 F12000 X130.818 Y129.818 E491.43176
G0 F15000 X129.828 Y129.819
G1 F12000 X133.483 Y116.18 E491.90141
G0 F15000 X133.483 Y116.41
G0 X129.139 Y116.61
G0 X129.153 Y116.839
G1 F12000 X128.494 Y116.18 E491.9324
G0 F15000 X128.494 Y116.41
G0 X125.201 Y116.41
G0 X125.201 Y116.179
G1 F12000 X124.18 Y119.988 E492.06356
G0 F15000 X124.41 Y119.988
G0 X124.38 Y116.38
G0 X124.18 Y116.239
G1 F12000 X124.4 Y116.18 E492.07114
G0 F15000 X124.4 Y116.41
G0 X124.338 Y128.338
G0 X121.985 Y128.41
G0 X121.985 Y128.18
G1 F12000 X121.546 Y129.82 E492.12761
G0 F15000 X121.546 Y129.589
G0 X119.505 Y129.589
G0 X119.505 Y129.819
G1 F12000 X117.866 Y128.18 E492.2047
G0 F15000 X117.866 Y128.41
G0 X113.703 Y128.41
G0 X113.703 Y128.179
G1 F12000 X112.18 Y133.863 E492.40042
G1 X112.18 Y133.807
G1 X113.82 Y135.448 E492.47758
G1 X113.82 Y135.579
G1 X112.181 Y136.018 E492.53402
G0 F15000 X112.41 Y136.018
G0 X113.59 Y143.861
G0 X113.819 Y143.861
G1 F12000 X112.18 Y144.301 E492.59046
G0 F15000 X112.18 Y145.121
G1 F12000 X113.82 Y146.761 E492.6676
G0 F15000 X113.59 Y146.761
G0 X113.59 Y152.143
G0 X113.82 Y152.143
G1 F12000 X112.181 Y152.583 E492.72405
G0 F15000 X112.41 Y152.583
G0 X112.41 Y156.435
G0 X112.18 Y156.435
G1 F12000 X113.82 Y158.075 E492.80119
G0 F15000 X113.819 Y158.655
G1 F12000 X112.18 Y164.772 E493.01181
G0 F15000 X112.41 Y164.772
G0 X112.41 Y167.748
G0 X112.18 Y167.748
G1 F12000 X113.82 Y169.389 E493.08898
G0 F15000 X113.819 Y168.708
G1 F12000 X112.18 Y169.147 E493.14541
G0 F15000 X112.41 Y169.147
G0 X113.662 Y170.338
G0 X114.61 Y170.41
G0 X114.611 Y170.18
G1 F12000 X116.251 Y171.82 E493.22255
G0 F15000 X116.251 Y171.59
G0 X118.574 Y171.59
G0 X118.574 Y171.821
G1 F12000 X119.014 Y170.18 E493.27906
G0 F15000 X119.013 Y170.41
G0 X124.338 Y171.662
G0 X124.41 Y174.214
G0 X124.181 Y174.214
G1 F12000 X139.235 Y170.18 E493.79743
G0 F15000 X139.234 Y170.41
G0 X138.879 Y171.59
G0 X138.879 Y171.82
G1 F12000 X137.239 Y170.18 E493.87457
G0 F15000 X137.238 Y170.41
G0 X135.577 Y170.41
G0 X135.578 Y170.18
G1 F12000 X135.097 Y171.974 E493.93634
G0 F15000 X135.097 Y171.59
G0 X134.662 Y171.662
G0 X134.59 Y173.009
G0 X134.82 Y173.009
G1 F12000 X131.923 Y183.821 E494.30864
G0 F15000 X131.923 Y183.59
G0 X132.403 Y180.341
G0 X132.172 Y180.355
G1 F12000 X134.82 Y179.645 E494.39982
G0 F15000 X134.821 Y179.075
G1 F12000 X125.925 Y170.18 E494.81824
G0 F15000 X125.924 Y170.41
G0 X127.295 Y170.41
G0 X127.296 Y170.179
G1 F12000 X124.18 Y181.806 E495.2186
G0 F15000 X124.181 Y182.496
G1 F12000 X127.111 Y181.711 E495.31949
G0 F15000 X126.905 Y181.812
G0 X128.251 Y183.59
G0 X128.251 Y183.82
G1 F12000 X124.18 Y179.749 E495.51098
G0 F15000 X124.41 Y179.749
G0 X134.662 Y171.662
G0 X143.42 Y171.59
G0 X143.42 Y171.821
G1 F12000 X143.86 Y170.179 E495.56752
G0 F15000 X143.859 Y170.41
G0 X148.552 Y170.41
G0 X148.553 Y170.18
G1 F12000 X150.192 Y171.82 E495.64463
G0 F15000 X150.192 Y171.59
G0 X151.703 Y171.59
G0 X151.703 Y171.82
G1 F12000 X152.142 Y170.18 E495.7011
G0 F15000 X152.141 Y170.41
G0 X159.865 Y170.41
G0 X159.866 Y170.18
G1 F12000 X161.506 Y171.82 E495.77824
G0 F15000 X161.506 Y171.59
G0 X159.985 Y171.59
G0 X159.985 Y171.821
G1 F12000 X160.425 Y170.18 E495.83475
G0 F15000 X160.424 Y170.41
G0 X164.023 Y171.59
G0 X164.023 Y171.82
G1 F12000 X170.145 Y170.18 E496.04555
G0 F15000 X170.144 Y170.41
G0 X171.179 Y170.41
G0 X171.18 Y170.18
G1 F12000 X172.82 Y171.82 E496.12269
G0 F15000 X172.82 Y171.59
G0 X176.546 Y171.59
G0 X176.546 Y171.834
G1 F12000 X176.989 Y170.18 E496.17964
G0 F15000 X176.988 Y170.41
G0 X179.339 Y170.339
G0 X179.411 Y167.76
G0 X179.181 Y167.759
G1 F12000 X180.82 Y167.32 E496.23607
G0 F15000 X180.59 Y167.32
G0 X179.411 Y166.867
G0 X179.179 Y166.866
G1 F12000 X185.227 Y172.914 E496.52055
G0 F15000 X184.564 Y172.82
G1 F12000 X185.807 Y168.179 E496.68035
G0 F15000 X185.807 Y168.41
G0 X187.59 Y173.726
G0 X187.819 Y173.726
G1 F12000 X186.729 Y174.019 E496.71789
G0 F15000 X187.079 Y174.765
G1 F12000 X187.82 Y175.507 E496.75277
G0 F15000 X187.59 Y175.507
G0 X186.971 Y176.925
G0 X186.518 Y177.518
G0 X185.925 Y177.971
G0 X185.238 Y178.256
G0 X184.5 Y178.354
G0 X184.081 Y178.299
G0 X183.113 Y178.057
G0 X183.216 Y177.851
G1 F12000 X182.956 Y178.82 E496.78614
G0 F15000 X182.956 Y178.59
G0 X179.82 Y178.59
G0 X179.82 Y178.82
G1 F12000 X177.18 Y176.18 E496.91032
G0 F15000 X177.181 Y176.577
G1 F12000 X181.825 Y175.333 E497.07022
G0 F15000 X181.598 Y175.318
G0 X179.411 Y162.002
G0 X179.18 Y162.001
G1 F12000 X180.82 Y155.882 E497.28093
G0 F15000 X180.59 Y155.882
G0 X180.59 Y157.193
G0 X180.82 Y157.193
G1 F12000 X179.179 Y155.552 E497.35811
G0 F15000 X179.411 Y155.553
G0 X180.59 Y159.038
G0 X180.819 Y159.038
G1 F12000 X179.181 Y159.477 E497.41452
G0 F15000 X179.411 Y159.478
G0 X179.411 Y151.196
G0 X179.18 Y151.195
G1 F12000 X180.82 Y150.755 E497.47099
G0 F15000 X180.59 Y150.755
G0 X180.59 Y145.879
G0 X180.82 Y145.879
G1 F12000 X179.179 Y144.238 E497.54818
G0 F15000 X179.411 Y144.239
G0 X179.411 Y142.913
G0 X179.181 Y142.912
G1 F12000 X180.819 Y142.473 E497.60458
G0 F15000 X180.59 Y142.473
G0 X180.59 Y134.565
G0 X180.82 Y134.565
G1 F12000 X179.179 Y132.925 E497.68175
G0 F15000 X179.411 Y132.926
G0 X179.411 Y134.631
G0 X179.18 Y134.63
G1 F12000 X180.819 Y134.191 E497.73818
G0 F15000 X180.59 Y134.191
G0 X179.411 Y131.093
G0 X179.18 Y131.092
G1 F12000 X181.837 Y121.179 E498.07953
G0 F15000 X181.837 Y121.41
G0 X181.603 Y124.246
G0 X181.83 Y124.261
G1 F12000 X178.748 Y121.18 E498.22447
G0 F15000 X178.748 Y121.41
G0 X181.841 Y125.682
G0 X182.05 Y125.579
G1 F12000 X177.181 Y126.884 E498.39213
G0 F15000 X177.41 Y126.884
G0 X177.338 Y128.338
G0 X174.435 Y128.41
G0 X174.435 Y128.18
G1 F12000 X176.071 Y129.816 E498.46908
G0 F15000 X176.071 Y129.588
G0 X172.344 Y128.41
G0 X172.344 Y128.18
G1 F12000 X166.235 Y129.817 E498.67944
G0 F15000 X166.235 Y129.588
G0 X164.758 Y129.588
G0 X164.758 Y129.817
G1 F12000 X163.121 Y128.18 E498.75644
G0 F15000 X163.396 Y128.18
G1 F12000 X162.957 Y129.818 E498.81284
G0 F15000 X162.957 Y129.588
G0 X155.114 Y128.41
G0 X155.114 Y128.179
G1 F12000 X154.675 Y129.818 E498.86927
G0 F15000 X154.675 Y129.588
G0 X153.444 Y129.588
G0 X153.444 Y129.817
G1 F12000 X151.807 Y128.18 E498.94627
G0 F15000 X151.807 Y128.41
G0 X146.832 Y128.41
G0 X146.832 Y128.179
G1 F12000 X146.393 Y129.819 E499.00274
G0 F15000 X146.393 Y129.589
G0 X142.131 Y129.589
G0 X142.131 Y129.818
G1 F12000 X140.494 Y128.18 E499.07976
G0 F15000 X141.433 Y128.18
G1 F12000 X135.318 Y129.818 E499.29032
G0 F15000 X135.318 Y129.589
G0 X138.11 Y129.589
G0 X138.11 Y129.819
G1 F12000 X138.55 Y128.18 E499.34676
G1 F2400 E498.84676
G0 F15000 X138.55 Y128.41
G0 X171.24 Y129.588
G0 X171.24 Y129.817
G1 F2400 E499.34676
G1 F12000 X171.679 Y128.179 E499.40317
G0 F15000 X171.679 Y128.41
G0 X177.338 Y128.338
G0 X184.746 Y127.398
G0 X184.732 Y127.164
G1 F12000 X187.82 Y130.252 E499.54842
G0 F15000 X187.82 Y129.758
G1 F12000 X187.267 Y131.821 E499.61945
G0 F15000 X187.267 Y131.59
G0 X187.394 Y124.195
G0 X187.164 Y124.209
G1 F12000 X187.819 Y124.033 E499.64201
G1 F2400 E499.14201
G0 F15000 X187.59 Y124.033
G0 X187.136 Y125.592
G0 X184.488 Y131.653
G0 X180.662 Y131.662
G0 X179.339 Y170.339
G0 X168.706 Y170.41
G0 X168.707 Y170.18
G1 F2400 E499.64201
G1 F12000 X168.267 Y171.82 E499.69849
G1 F2400 E499.19849
G0 F15000 X168.267 Y171.59
G0 X113.662 Y170.338
G0 X113.59 Y160.426
G0 X113.82 Y160.426
G1 F2400 E499.69849
G1 F12000 X112.18 Y160.865 E499.75496
G0 F15000 X112.71 Y160.865
G1 F2400 E499.25496
;MESH:NONMESH
G0 F300 X112.71 Y160.865 Z1.2
G0 F15000 X113.662 Y129.662
G0 X123.918 Y129.654
G0 X129.481 Y122.412
G0 X129.501 Y122.1
;TIME_ELAPSED:710.738045
;LAYER:5
;TYPE:WALL-INNER
;MESH:Vakuumpumpe casing (berre sk??l)V2.stl
G1 F2400 E499.75496
G1 F6000 X129.124 Y122.073 E499.76753
G1 X128.786 Y122.002 E499.77901
G1 X128.464 Y121.887 E499.79039
G1 X128.171 Y121.735 E499.80136
G1 X127.884 Y121.54 E499.81291
G1 X127.628 Y121.308 E499.8244
G1 X127.417 Y121.056 E499.83533
G1 X127.223 Y120.762 E499.84704
G1 X127.082 Y120.462 E499.85807
G1 X126.998 Y120.226 E499.8664
G1 X126.92 Y119.86 E499.87885
G1 X126.896 Y119.5 E499.89085
G1 X126.923 Y119.124 E499.90338
G1 X126.997 Y118.777 E499.91519
G1 X127.109 Y118.471 E499.92602
G1 X127.266 Y118.164 E499.93749
G1 X127.461 Y117.884 E499.94884
G1 X127.688 Y117.632 E499.96012
G1 X127.945 Y117.414 E499.97133
G1 X128.235 Y117.225 E499.98284
G1 X128.537 Y117.081 E499.99397
G1 X128.86 Y116.975 E500.00528
G1 X129.136 Y116.92 E500.01464
G1 X129.5 Y116.896 E500.02677
G1 X129.794 Y116.913 E500.03657
G1 X130.139 Y116.974 E500.04822
G1 X130.522 Y117.107 E500.0617
G1 X130.761 Y117.223 E500.07054
G1 X131.056 Y117.416 E500.08226
G1 X131.308 Y117.628 E500.09322
G1 X131.591 Y117.951 E500.1075
G1 X131.767 Y118.227 E500.11839
G1 X131.921 Y118.546 E500.13017
G1 X132.021 Y118.859 E500.1411
G1 X132.083 Y119.203 E500.15272
G1 X132.1 Y119.5 E500.16262
G1 X132.076 Y119.86 E500.17462
G1 X132.001 Y120.217 E500.18675
G1 X131.889 Y120.529 E500.19778
G1 X131.732 Y120.833 E500.20916
G1 X131.544 Y121.108 E500.22024
G1 X131.308 Y121.371 E500.23199
G1 X131.049 Y121.588 E500.24323
G1 X130.769 Y121.769 E500.25432
G1 X130.341 Y121.975 E500.27012
G1 X129.86 Y122.076 E500.28646
G1 X129.501 Y122.1 E500.29843
G1 F2400 E499.79843
G0 F15000 X129.481 Y122.412
G0 X124.387 Y129.657
G0 X113.662 Y129.662
G0 X113.662 Y170.338
G0 X149.999 Y170.41
G0 X150 Y170.1
G1 F2400 E500.29843
G1 F6000 X114.5 Y170.1 E501.47917
G1 X114.261 Y170.051 E501.48728
G1 X114.075 Y169.925 E501.49475
G1 X113.949 Y169.739 E501.50222
G1 X113.9 Y169.574 E501.50795
G1 X113.9 Y130.5 E502.80756
G1 X113.949 Y130.261 E502.81567
G1 X114.075 Y130.075 E502.82314
G1 X114.261 Y129.949 E502.83061
G1 X114.426 Y129.9 E502.83634
G1 X178.5 Y129.896 E504.96745
G1 X178.731 Y129.941 E504.97528
G1 X178.923 Y130.069 E504.98295
G1 X179.1 Y130.392 E504.9952
G1 X179.1 Y169.608 E506.29953
G1 X178.982 Y169.859 E506.30876
G1 X178.859 Y169.982 E506.31454
G1 X178.608 Y170.1 E506.32377
G1 X150 Y170.1 E507.27527
G0 F15000 X149.999 Y170.41
G0 X150 Y171.59
G0 X150 Y171.9
G1 F6000 X176.5 Y171.9 E508.15667
G1 X176.755 Y171.956 E508.16535
G1 X176.946 Y172.097 E508.17325
G1 X177.1 Y172.429 E508.18542
G1 X177.1 Y178.9 E508.40064
G1 X187.9 Y178.9 E508.75985
G1 X187.9 Y168.1 E509.11906
G1 X181.429 Y168.1 E509.33429
G1 X181.097 Y167.946 E509.34646
G1 X180.956 Y167.754 E509.35439
G1 X180.9 Y167.575 E509.36062
G1 X180.9 Y132.5 E510.52722
G1 X180.956 Y132.245 E510.53591
G1 X181.098 Y132.054 E510.54382
G1 X181.27 Y131.945 E510.55059
G1 X181.431 Y131.9 E510.55615
G1 X187.9 Y131.9 E510.77131
G1 X187.9 Y121.1 E511.13052
G1 X177.1 Y121.1 E511.48973
G1 X177.1 Y127.569 E511.70489
G1 X177.055 Y127.731 E511.71049
G1 X176.86 Y127.98 E511.721
G1 X176.583 Y128.1 E511.73105
G1 X135.5 Y128.1 E513.09747
G1 X135.217 Y128.03 E513.10717
G1 X135.02 Y127.86 E513.11582
G1 X134.9 Y127.62 E513.12475
G1 X134.9 Y116.1 E513.5079
G1 X124.1 Y116.1 E513.86711
G1 X124.1 Y127.62 E514.25027
G1 X123.98 Y127.861 E514.25922
G1 X123.782 Y128.03 E514.26788
G1 X123.578 Y128.1 E514.27506
G1 X112.1 Y128.1 E514.65682
G1 X112.1 Y171.9 E516.11361
G1 X123.5 Y171.9 E516.49278
G1 X123.783 Y171.97 E516.50247
G1 X123.98 Y172.14 E516.51113
G1 X124.1 Y172.379 E516.52002
G1 X124.1 Y183.9 E516.90321
G1 X134.9 Y183.9 E517.26242
G1 X134.9 Y172.379 E517.64561
G1 X135.02 Y172.14 E517.65451
G1 X135.217 Y171.97 E517.66316
G1 X135.422 Y171.9 E517.67036
G1 X150 Y171.9 E518.15523
G1 F2400 E517.65523
G0 F15000 X150 Y171.59
G0 X134.662 Y171.662
G0 X134.656 Y180.431
G0 X130.925 Y182.971
G0 X130.369 Y183.201
G0 X129.48 Y183.412
G0 X129.5 Y183.1
G1 F2400 E518.15523
G1 F6000 X129.123 Y183.073 E518.1678
G1 X128.859 Y183.021 E518.17675
G1 X128.463 Y182.887 E518.19066
G1 X128.171 Y182.734 E518.20162
G1 X127.951 Y182.591 E518.21035
G1 X127.688 Y182.368 E518.22182
G1 X127.416 Y182.056 E518.23558
G1 X127.223 Y181.762 E518.24728
G1 X127.082 Y181.462 E518.25831
G1 X126.998 Y181.226 E518.26664
G1 X126.92 Y180.86 E518.27908
G1 X126.896 Y180.5 E518.29108
G1 X126.923 Y180.124 E518.30362
G1 X126.997 Y179.777 E518.31542
G1 X127.109 Y179.471 E518.32626
G1 X127.225 Y179.235 E518.33501
G1 X127.46 Y178.884 E518.34906
G1 X127.688 Y178.633 E518.36033
G1 X127.884 Y178.46 E518.36903
G1 X128.235 Y178.225 E518.38308
G1 X128.537 Y178.081 E518.39421
G1 X128.86 Y177.975 E518.40551
G1 X129.136 Y177.92 E518.41487
G1 X129.5 Y177.896 E518.42701
G1 X129.871 Y177.922 E518.43938
G1 X130.226 Y177.998 E518.45145
G1 X130.522 Y178.107 E518.46194
G1 X130.84 Y178.269 E518.47381
G1 X131.108 Y178.457 E518.4847
G1 X131.367 Y178.688 E518.49624
G1 X131.591 Y178.951 E518.50773
G1 X131.767 Y179.228 E518.51865
G1 X131.921 Y179.546 E518.5304
G1 X132.021 Y179.859 E518.54133
G1 X132.073 Y180.123 E518.55028
G1 X132.099 Y180.463 E518.56162
G1 X132.076 Y180.86 E518.57485
G1 X132.001 Y181.217 E518.58698
G1 X131.889 Y181.529 E518.59801
G1 X131.732 Y181.833 E518.60939
G1 X131.543 Y182.108 E518.62048
G1 X131.308 Y182.372 E518.63224
G1 X131.049 Y182.588 E518.64346
G1 X130.769 Y182.769 E518.65455
G1 X130.453 Y182.921 E518.66621
G1 X130.139 Y183.022 E518.67718
G1 X129.86 Y183.076 E518.68663
G1 X129.5 Y183.1 E518.69863
G1 F2400 E518.19863
G0 F15000 X129.48 Y183.412
G0 X134.651 Y182.942
G0 X134.662 Y171.662
G0 X177.338 Y171.662
G0 X181.046 Y177.984
G0 X184.48 Y178.412
G0 X184.5 Y178.1
G1 F2400 E518.69863
G1 F6000 X184.123 Y178.073 E518.7112
G1 X183.859 Y178.021 E518.72015
G1 X183.463 Y177.887 E518.73406
G1 X183.171 Y177.734 E518.74502
G1 X182.951 Y177.591 E518.75375
G1 X182.688 Y177.368 E518.76522
G1 X182.416 Y177.056 E518.77898
G1 X182.223 Y176.762 E518.79068
G1 X182.082 Y176.462 E518.80171
G1 X181.974 Y176.139 E518.81303
G1 X181.92 Y175.86 E518.82249
G1 X181.896 Y175.5 E518.83449
G1 X181.923 Y175.124 E518.84702
G1 X181.997 Y174.777 E518.85883
G1 X182.109 Y174.471 E518.86966
G1 X182.266 Y174.165 E518.8811
G1 X182.436 Y173.914 E518.89118
G1 X182.659 Y173.659 E518.90245
G1 X182.914 Y173.436 E518.91372
G1 X183.235 Y173.225 E518.9265
G1 X183.537 Y173.081 E518.93762
G1 X183.859 Y172.975 E518.9489
G1 X184.136 Y172.92 E518.95829
G1 X184.5 Y172.896 E518.97042
G1 X184.794 Y172.913 E518.98022
G1 X185.226 Y172.998 E518.99486
G1 X185.462 Y173.082 E519.00319
G1 X185.762 Y173.223 E519.01422
G1 X186.108 Y173.456 E519.02809
G1 X186.368 Y173.688 E519.03968
G1 X186.591 Y173.951 E519.05115
G1 X186.767 Y174.228 E519.06207
G1 X186.922 Y174.545 E519.0738
G1 X187.002 Y174.785 E519.08222
G1 X187.073 Y175.123 E519.09371
G1 X187.1 Y175.5 E519.10628
G1 X187.074 Y175.871 E519.11865
G1 X187.001 Y176.217 E519.13041
G1 X186.889 Y176.529 E519.14143
G1 X186.732 Y176.833 E519.15281
G1 X186.543 Y177.108 E519.16391
G1 X186.341 Y177.341 E519.17417
G1 X186.049 Y177.588 E519.18689
G1 X185.769 Y177.769 E519.19798
G1 X185.453 Y177.921 E519.20964
G1 X185.139 Y178.022 E519.22061
G1 X184.86 Y178.076 E519.23006
G1 X184.5 Y178.1 E519.24206
G1 F2400 E518.74206
G0 F15000 X184.48 Y178.412
G0 X183.408 Y178.136
G0 X182.763 Y177.764
G0 X182.236 Y177.237
G0 X181.864 Y176.592
G0 X181.671 Y175.873
G0 X180.662 Y168.338
G0 X180.662 Y131.662
G0 X184.48 Y127.412
G0 X184.5 Y127.1
G1 F2400 E519.24206
G1 F6000 X184.123 Y127.073 E519.25464
G1 X183.786 Y127.002 E519.26609
G1 X183.546 Y126.922 E519.2745
G1 X183.227 Y126.767 E519.2863
G1 X182.917 Y126.567 E519.29857
G1 X182.657 Y126.339 E519.31007
G1 X182.457 Y126.108 E519.32023
G1 X182.263 Y125.832 E519.33146
G1 X182.082 Y125.462 E519.34516
G1 X181.974 Y125.139 E519.35648
G1 X181.92 Y124.86 E519.36593
G1 X181.896 Y124.5 E519.37793
G1 X181.923 Y124.124 E519.39047
G1 X181.997 Y123.777 E519.40227
G1 X182.109 Y123.471 E519.41311
G1 X182.266 Y123.164 E519.42458
G1 X182.461 Y122.884 E519.43593
G1 X182.688 Y122.632 E519.44721
G1 X182.945 Y122.414 E519.45842
G1 X183.235 Y122.225 E519.46993
G1 X183.537 Y122.081 E519.48106
G1 X183.86 Y121.975 E519.49237
G1 X184.136 Y121.92 E519.50173
G1 X184.5 Y121.896 E519.51386
G1 X184.794 Y121.913 E519.52365
G1 X185.139 Y121.974 E519.53531
G1 X185.522 Y122.107 E519.54879
G1 X185.761 Y122.223 E519.55763
G1 X186.056 Y122.416 E519.56935
G1 X186.341 Y122.659 E519.58181
G1 X186.591 Y122.951 E519.5946
G1 X186.767 Y123.228 E519.60551
G1 X186.922 Y123.545 E519.61725
G1 X187.002 Y123.785 E519.62566
G1 X187.073 Y124.123 E519.63715
G1 X187.1 Y124.5 E519.64972
G1 X187.074 Y124.871 E519.66209
G1 X187.001 Y125.217 E519.67385
G1 X186.889 Y125.529 E519.68488
G1 X186.732 Y125.833 E519.69626
G1 X186.543 Y126.108 E519.70735
G1 X186.308 Y126.371 E519.71909
G1 X186.108 Y126.544 E519.72788
G1 X185.833 Y126.732 E519.73896
G1 X185.529 Y126.889 E519.75034
G1 X185.217 Y127.001 E519.76137
G1 X184.86 Y127.076 E519.7735
G1 X184.5 Y127.1 E519.7855
G0 F15000 X184.487 Y126.7
;TYPE:WALL-OUTER
G1 F6000 X184.201 Y126.681 E519.79503
G1 X183.912 Y126.622 E519.80484
G1 X183.645 Y126.531 E519.81422
G1 X183.409 Y126.411 E519.82303
G1 X183.159 Y126.248 E519.83296
G1 X182.941 Y126.057 E519.8426
G1 X182.747 Y125.83 E519.85253
G1 X182.583 Y125.588 E519.86225
G1 X182.467 Y125.348 E519.87112
G1 X182.367 Y125.063 E519.88116
G1 X182.314 Y124.791 E519.89038
G1 X182.296 Y124.487 E519.90051
G1 X182.315 Y124.201 E519.91004
G1 X182.367 Y123.937 E519.91899
G1 X182.468 Y123.647 E519.92921
G1 X182.584 Y123.411 E519.93795
G1 X182.761 Y123.148 E519.9485
G1 X182.952 Y122.933 E519.95806
G1 X183.168 Y122.746 E519.96756
G1 X183.411 Y122.584 E519.97728
G1 X183.669 Y122.459 E519.98681
G1 X183.937 Y122.367 E519.99624
G1 X184.205 Y122.314 E520.00532
G1 X184.513 Y122.296 E520.01558
G1 X184.794 Y122.315 E520.02495
G1 X185.092 Y122.375 E520.03506
G1 X185.348 Y122.467 E520.04411
G1 X185.587 Y122.583 E520.05295
G1 X185.83 Y122.746 E520.06268
G1 X186.058 Y122.942 E520.07268
G1 X186.256 Y123.17 E520.08272
G1 X186.411 Y123.409 E520.0922
G1 X186.531 Y123.645 E520.101
G1 X186.629 Y123.937 E520.11125
G1 X186.684 Y124.227 E520.12106
G1 X186.7 Y124.5 E520.13016
G1 X186.681 Y124.795 E520.13999
G1 X186.597 Y125.216 E520.15427
G1 X186.399 Y125.611 E520.16897
G1 X186.24 Y125.847 E520.17843
G1 X186.047 Y126.068 E520.18819
G1 X185.827 Y126.255 E520.19779
G1 X185.59 Y126.411 E520.20723
G1 X185.325 Y126.542 E520.21706
G1 X185.063 Y126.629 E520.22624
G1 X184.791 Y126.682 E520.23546
G1 X184.487 Y126.7 E520.24559
G1 F2400 E519.74559
G0 F15000 X184.441 Y127.409
G0 X180.662 Y131.662
G0 X180.662 Y168.338
G0 X181.744 Y176.238
G0 X182.029 Y176.925
G0 X182.482 Y177.518
G0 X183.075 Y177.971
G0 X183.464 Y178.132
G0 X184.441 Y178.409
G0 X184.487 Y177.7
G1 F2400 E520.24559
G1 F6000 X184.201 Y177.681 E520.25512
G1 X183.912 Y177.622 E520.26493
G1 X183.645 Y177.531 E520.27432
G1 X183.39 Y177.4 E520.28385
G1 X183.148 Y177.239 E520.29352
G1 X182.932 Y177.047 E520.30313
G1 X182.746 Y176.83 E520.31264
G1 X182.583 Y176.588 E520.32234
G1 X182.459 Y176.328 E520.33192
G1 X182.367 Y176.063 E520.34125
G1 X182.314 Y175.791 E520.35047
G1 X182.296 Y175.487 E520.3606
G1 X182.315 Y175.201 E520.37013
G1 X182.367 Y174.937 E520.37908
G1 X182.468 Y174.647 E520.38929
G1 X182.584 Y174.411 E520.39804
G1 X182.753 Y174.158 E520.40816
G1 X182.942 Y173.942 E520.41771
G1 X183.158 Y173.753 E520.42725
G1 X183.411 Y173.584 E520.43737
G1 X183.669 Y173.459 E520.44691
G1 X183.937 Y173.367 E520.45633
G1 X184.205 Y173.314 E520.46542
G1 X184.513 Y173.296 E520.47568
G1 X184.795 Y173.315 E520.48508
G1 X185.063 Y173.367 E520.49416
G1 X185.328 Y173.459 E520.50349
G1 X185.588 Y173.583 E520.51307
G1 X185.847 Y173.76 E520.5235
G1 X186.067 Y173.952 E520.53322
G1 X186.256 Y174.17 E520.54281
G1 X186.411 Y174.409 E520.55229
G1 X186.531 Y174.645 E520.56109
G1 X186.629 Y174.937 E520.57134
G1 X186.684 Y175.227 E520.58115
G1 X186.7 Y175.513 E520.59068
G1 X186.681 Y175.795 E520.60008
G1 X186.597 Y176.216 E520.61436
G1 X186.399 Y176.611 E520.62906
G1 X186.24 Y176.847 E520.63852
G1 X186.058 Y177.058 E520.64779
G1 X185.827 Y177.255 E520.65789
G1 X185.59 Y177.411 E520.66732
G1 X185.325 Y177.542 E520.67716
G1 X185.063 Y177.629 E520.68634
G1 X184.791 Y177.682 E520.69555
G1 X184.487 Y177.7 E520.70568
G1 F2400 E520.20568
G0 F15000 X184.441 Y178.409
G0 X177.349 Y176.471
G0 X177.338 Y171.662
G0 X150 Y171.59
G0 X150 Y172.302
G1 F2400 E520.70568
G1 F6000 X176.56 Y172.3 E521.58907
G1 X176.649 Y172.365 E521.59274
G1 X176.698 Y172.468 E521.59653
G1 X176.7 Y179.3 E521.82377
G1 X188.3 Y179.3 E522.20958
G1 X188.3 Y167.7 E522.5954
G1 X181.468 Y167.698 E522.82263
G1 X181.365 Y167.649 E522.82643
G1 X181.303 Y167.535 E522.83074
G1 X181.3 Y132.439 E523.99804
G1 X181.366 Y132.351 E524.0017
G1 X181.468 Y132.302 E524.00546
G1 X188.3 Y132.3 E524.2327
G1 X188.3 Y120.7 E524.61851
G1 X176.7 Y120.7 E525.00433
G1 X176.698 Y127.56 E525.2325
G1 X176.62 Y127.66 E525.23671
G1 X176.535 Y127.697 E525.2398
G1 X135.423 Y127.7 E526.60719
G1 X135.3 Y127.54 E526.6139
G1 X135.3 Y115.7 E527.0077
G1 X123.7 Y115.7 E527.39352
G1 X123.7 Y127.54 E527.78732
G1 X123.66 Y127.621 E527.79032
G1 X123.535 Y127.697 E527.79519
G1 X111.7 Y127.7 E528.18882
G1 X111.7 Y172.3 E529.67222
G1 X123.577 Y172.3 E530.06726
G1 X123.7 Y172.459 E530.07394
G1 X123.7 Y184.3 E530.46777
G1 X135.3 Y184.3 E530.85359
G1 X135.3 Y172.459 E531.24743
G1 X135.34 Y172.38 E531.25037
G1 X135.465 Y172.303 E531.25525
G1 X150 Y172.302 E531.73869
G1 F2400 E531.23869
G0 F15000 X150 Y171.59
G0 X149.999 Y170.41
G0 X150 Y169.697
G1 F2400 E531.73869
G1 F6000 X114.444 Y169.7 E532.92129
G1 X114.358 Y169.642 E532.92474
G1 X114.303 Y169.535 E532.92874
G1 X114.3 Y130.444 E534.22891
G1 X114.358 Y130.358 E534.23236
G1 X114.465 Y130.303 E534.23636
G1 X178.547 Y130.301 E536.36774
G1 X178.661 Y130.376 E536.37228
G1 X178.695 Y130.449 E536.37495
G1 X178.695 Y169.548 E537.67539
G1 X178.62 Y169.661 E537.6799
G1 X178.548 Y169.695 E537.68255
G1 X150 Y169.697 E538.63206
G1 F2400 E538.13206
G0 F15000 X149.999 Y170.41
G0 X134.662 Y171.662
G0 X134.656 Y180.112
G0 X130.925 Y182.971
G0 X130.369 Y183.201
G0 X129.441 Y183.409
G0 X129.487 Y182.7
G1 F2400 E538.63206
G1 F6000 X129.201 Y182.681 E538.6416
G1 X128.912 Y182.622 E538.65141
G1 X128.645 Y182.531 E538.66079
G1 X128.39 Y182.4 E538.67032
G1 X128.148 Y182.239 E538.67999
G1 X127.932 Y182.047 E538.6896
G1 X127.746 Y181.83 E538.69911
G1 X127.583 Y181.588 E538.70881
G1 X127.467 Y181.348 E538.71768
G1 X127.367 Y181.063 E538.72773
G1 X127.314 Y180.791 E538.73694
G1 X127.296 Y180.487 E538.74707
G1 X127.315 Y180.201 E538.7566
G1 X127.367 Y179.937 E538.76555
G1 X127.468 Y179.647 E538.77577
G1 X127.584 Y179.411 E538.78451
G1 X127.761 Y179.148 E538.79506
G1 X127.952 Y178.933 E538.80462
G1 X128.168 Y178.746 E538.81413
G1 X128.411 Y178.584 E538.82384
G1 X128.669 Y178.459 E538.83337
G1 X128.937 Y178.367 E538.8428
G1 X129.205 Y178.314 E538.85188
G1 X129.513 Y178.296 E538.86215
G1 X129.795 Y178.315 E538.87155
G1 X130.064 Y178.367 E538.88066
G1 X130.348 Y178.467 E538.89067
G1 X130.588 Y178.583 E538.89954
G1 X130.847 Y178.76 E538.90997
G1 X131.067 Y178.952 E538.91969
G1 X131.256 Y179.17 E538.92928
G1 X131.411 Y179.409 E538.93876
G1 X131.531 Y179.645 E538.94756
G1 X131.629 Y179.937 E538.95781
G1 X131.684 Y180.227 E538.96762
G1 X131.7 Y180.487 E538.97629
G1 X131.681 Y180.795 E538.98655
G1 X131.597 Y181.216 E539.00083
G1 X131.399 Y181.611 E539.01553
G1 X131.24 Y181.847 E539.02499
G1 X131.047 Y182.068 E539.03475
G1 X130.827 Y182.255 E539.04435
G1 X130.59 Y182.411 E539.05379
G1 X130.325 Y182.542 E539.06362
G1 X130.063 Y182.629 E539.0728
G1 X129.791 Y182.682 E539.08202
G1 X129.487 Y182.7 E539.09215
G1 F2400 E538.59215
G0 F15000 X129.441 Y183.409
G0 X128.408 Y183.136
G0 X127.763 Y182.764
G0 X127.236 Y182.237
G0 X126.864 Y181.592
G0 X126.671 Y180.873
G0 X126.671 Y180.127
G0 X129.441 Y170.35
G0 X113.662 Y170.338
G0 X113.662 Y129.662
G0 X126.443 Y129.651
G0 X129.441 Y122.409
G0 X129.487 Y121.7
G1 F2400 E539.09215
G1 F6000 X129.201 Y121.681 E539.10168
G1 X128.936 Y121.629 E539.11067
G1 X128.645 Y121.531 E539.12088
G1 X128.39 Y121.4 E539.13041
G1 X128.148 Y121.239 E539.14008
G1 X127.932 Y121.047 E539.14969
G1 X127.747 Y120.83 E539.15918
G1 X127.583 Y120.588 E539.1689
G1 X127.467 Y120.348 E539.17777
G1 X127.367 Y120.063 E539.18781
G1 X127.314 Y119.791 E539.19703
G1 X127.296 Y119.487 E539.20716
G1 X127.315 Y119.201 E539.21669
G1 X127.367 Y118.937 E539.22564
G1 X127.468 Y118.647 E539.23585
G1 X127.584 Y118.411 E539.2446
G1 X127.761 Y118.148 E539.25514
G1 X127.952 Y117.933 E539.26471
G1 X128.168 Y117.746 E539.27421
G1 X128.411 Y117.584 E539.28393
G1 X128.669 Y117.459 E539.29346
G1 X128.937 Y117.367 E539.30288
G1 X129.205 Y117.314 E539.31197
G1 X129.513 Y117.296 E539.32223
G1 X129.794 Y117.315 E539.3316
G1 X130.092 Y117.375 E539.34171
G1 X130.348 Y117.467 E539.35076
G1 X130.587 Y117.583 E539.35959
G1 X130.83 Y117.746 E539.36933
G1 X131.067 Y117.952 E539.37977
G1 X131.256 Y118.17 E539.38937
G1 X131.411 Y118.409 E539.39884
G1 X131.531 Y118.645 E539.40765
G1 X131.629 Y118.937 E539.41789
G1 X131.684 Y119.227 E539.42771
G1 X131.7 Y119.513 E539.43724
G1 X131.681 Y119.795 E539.44664
G1 X131.597 Y120.216 E539.46092
G1 X131.399 Y120.611 E539.47561
G1 X131.24 Y120.847 E539.48508
G1 X131.047 Y121.068 E539.49483
G1 X130.827 Y121.255 E539.50444
G1 X130.59 Y121.411 E539.51388
G1 X130.325 Y121.542 E539.52371
G1 X130.063 Y121.629 E539.53289
G1 X129.791 Y121.682 E539.54211
G1 X129.487 Y121.7 E539.55224
G0 F15000 X129.441 Y122.409
G0 X130.592 Y122.136
G0 X131.237 Y121.764
G0 X131.764 Y121.237
G0 X132.066 Y120.715
G0 X132.402 Y119.67
G0 X132.168 Y119.655
;TYPE:FILL
G1 F12000 X134.82 Y122.307 E539.67698
G0 F15000 X134.819 Y121.816
G1 F12000 X124.18 Y124.667 E540.04332
G0 F15000 X124.41 Y124.667
G0 X124.41 Y122.981
G0 X124.18 Y122.981
G1 F12000 X131.018 Y129.818 E540.36493
G0 F15000 X131.018 Y129.589
G0 X129.682 Y129.589
G0 X129.682 Y129.82
G1 F12000 X133.337 Y116.179 E540.83464
G0 F15000 X133.337 Y116.41
G0 X129.325 Y116.597
G0 X129.339 Y116.826
G1 F12000 X128.693 Y116.18 E540.86502
G0 F15000 X128.693 Y116.41
G0 X125.055 Y116.41
G0 X125.055 Y116.179
G1 F12000 X124.18 Y119.443 E540.97742
G0 F15000 X124.41 Y119.443
G0 X124.41 Y116.385
G0 X124.18 Y116.385
G1 F12000 X124.945 Y116.18 E541.00376
G0 F15000 X124.945 Y116.41
G0 X124.338 Y128.338
G0 X121.839 Y128.41
G0 X121.839 Y128.18
G1 F12000 X121.4 Y129.82 E541.06023
G0 F15000 X121.4 Y129.589
G0 X119.705 Y129.589
G0 X119.705 Y129.819
G1 F12000 X118.066 Y128.18 E541.13732
G0 F15000 X118.066 Y128.41
G0 X113.557 Y128.41
G0 X113.557 Y128.179
G1 F12000 X112.18 Y133.318 E541.31427
G0 F15000 X112.18 Y133.608
G1 F12000 X113.82 Y135.248 E541.39141
G0 F15000 X113.82 Y135.725
G1 F12000 X112.18 Y136.164 E541.44788
G0 F15000 X112.41 Y136.164
G0 X113.59 Y144.007
G0 X113.819 Y144.007
G1 F12000 X112.18 Y144.447 E541.50432
G0 F15000 X112.18 Y144.922
G1 F12000 X113.82 Y146.562 E541.58146
G0 F15000 X113.59 Y146.562
G0 X113.59 Y152.289
G0 X113.82 Y152.289
G1 F12000 X112.181 Y152.729 E541.63791
G0 F15000 X112.41 Y152.729
G0 X112.41 Y156.235
G0 X112.18 Y156.235
G1 F12000 X113.82 Y157.876 E541.71507
G0 F15000 X113.819 Y158.11
G1 F12000 X112.18 Y164.227 E541.9257
G0 F15000 X112.41 Y164.227
G0 X112.41 Y161.011
G0 X112.18 Y161.011
G1 F12000 X113.819 Y160.572 E541.98214
G0 F15000 X113.59 Y160.572
G0 X112.41 Y167.549
G0 X112.18 Y167.549
G1 F12000 X113.82 Y169.189 E542.05928
G0 F15000 X113.82 Y168.854
G1 F12000 X112.181 Y169.293 E542.11571
G0 F15000 X112.41 Y169.293
G0 X113.662 Y170.338
G0 X114.81 Y170.41
G0 X114.811 Y170.18
G1 F12000 X116.451 Y171.82 E542.19285
G0 F15000 X116.451 Y171.59
G0 X118.428 Y171.59
G0 X118.428 Y171.821
G1 F12000 X118.868 Y170.18 E542.24936
G0 F15000 X118.867 Y170.41
G0 X124.338 Y171.662
G0 X124.41 Y174.36
G0 X124.181 Y174.36
G1 F12000 X139.78 Y170.18 E542.78649
G0 F15000 X139.779 Y170.41
G0 X139.078 Y171.59
G0 X139.078 Y171.82
G1 F12000 X137.438 Y170.18 E542.86363
G0 F15000 X137.437 Y170.41
G0 X135.431 Y170.41
G0 X135.432 Y170.18
G1 F12000 X134.876 Y172.253 E542.93502
G1 X134.833 Y172.414
G1 X131.777 Y183.821 E543.32779
G0 F15000 X131.777 Y183.59
G0 X128.451 Y183.59
G0 X128.451 Y183.82
G1 F12000 X124.18 Y179.549 E543.52869
G0 F15000 X124.41 Y179.549
G0 X124.41 Y181.262
G0 X124.18 Y181.262
G1 F12000 X127.15 Y170.18 E543.91028
G0 F15000 X127.149 Y170.41
G0 X126.124 Y170.41
G0 X126.125 Y170.18
G1 F12000 X134.821 Y178.876 E544.31932
G0 F15000 X134.819 Y179.791
G1 F12000 X132.176 Y180.5 E544.41033
G0 F15000 X132.412 Y180.515
G0 X132.136 Y181.592
G0 X131.764 Y182.237
G0 X131.237 Y182.764
G0 X130.592 Y183.136
G0 X129.872 Y183.329
G0 X129.128 Y183.329
G0 X128.408 Y183.136
G0 X127.763 Y182.764
G0 X126.97 Y181.941
G0 X127.18 Y181.838
G1 F12000 X124.181 Y182.642 E544.5136
G0 F15000 X124.41 Y182.642
G0 X127.482 Y178.482
G0 X134.662 Y171.662
G0 X143.274 Y171.59
G0 X143.274 Y171.821
G1 F12000 X143.714 Y170.18 E544.57011
G0 F15000 X143.713 Y170.41
G0 X148.751 Y170.41
G0 X148.752 Y170.18
G1 F12000 X150.392 Y171.82 E544.64725
G0 F15000 X150.392 Y171.59
G0 X151.557 Y171.59
G0 X151.557 Y171.82
G1 F12000 X151.996 Y170.18 E544.70372
G0 F15000 X151.995 Y170.41
G0 X159.839 Y171.59
G0 X159.839 Y171.821
G1 F12000 X160.279 Y170.18 E544.76022
G0 F15000 X160.066 Y170.18
G1 F12000 X161.705 Y171.82 E544.83734
G0 F15000 X161.705 Y171.59
G0 X164.568 Y171.59
G0 X164.568 Y171.82
G1 F12000 X170.69 Y170.18 E545.04814
G0 F15000 X171.379 Y170.18
G1 F12000 X173.019 Y171.82 E545.12528
G0 F15000 X173.019 Y171.59
G0 X176.403 Y171.59
G0 X176.403 Y171.82
G1 F12000 X176.843 Y170.18 E545.18176
G0 F15000 X176.842 Y170.41
G0 X179.339 Y170.339
G0 X179.411 Y167.906
G0 X179.18 Y167.905
G1 F12000 X180.82 Y167.466 E545.23822
G0 F15000 X180.59 Y167.466
G0 X179.411 Y166.667
G0 X179.179 Y166.666
G1 F12000 X185.546 Y173.033 E545.53771
G0 F15000 X185.65 Y172.825
G0 X184.403 Y172.592
G0 X184.417 Y172.822
G1 F12000 X185.661 Y168.179 E545.69758
G0 F15000 X185.661 Y168.41
G0 X187.004 Y174.014
G0 X186.808 Y174.143
G1 F12000 X187.819 Y173.872 E545.73239
G0 F15000 X187.59 Y173.872
G0 X187.174 Y174.348
G0 X186.964 Y174.451
G1 F12000 X187.82 Y175.307 E545.77266
G0 F15000 X187.59 Y175.307
G0 X186.971 Y176.925
G0 X186.518 Y177.518
G0 X185.925 Y177.971
G0 X185.238 Y178.256
G0 X184.5 Y178.354
G0 X183.902 Y178.275
G0 X182.961 Y177.968
G0 X183.09 Y177.775
G1 F12000 X182.81 Y178.82 E545.80864
G0 F15000 X182.81 Y178.59
G0 X180.019 Y178.59
G0 X180.019 Y178.82
G1 F12000 X177.18 Y175.98 E545.9422
G0 F15000 X177.181 Y176.723
G1 F12000 X181.816 Y175.481 E546.1018
G0 F15000 X181.588 Y175.466
G0 X177.338 Y171.662
G0 X168.121 Y171.59
G0 X168.121 Y171.821
G1 F12000 X168.561 Y170.18 E546.15831
G0 F15000 X168.56 Y170.41
G0 X179.339 Y170.339
G0 X179.411 Y161.458
G0 X179.18 Y161.457
G1 F12000 X180.82 Y155.338 E546.36901
G0 F15000 X180.59 Y155.338
G0 X179.411 Y155.354
G0 X179.179 Y155.353
G1 F12000 X180.82 Y156.993 E546.44617
G0 F15000 X180.59 Y156.993
G0 X180.59 Y159.183
G0 X180.82 Y159.183
G1 F12000 X179.181 Y159.623 E546.50262
G0 F15000 X179.411 Y159.624
G0 X179.411 Y151.342
G0 X179.18 Y151.341
G1 F12000 X180.819 Y150.901 E546.55906
G0 F15000 X180.59 Y150.901
G0 X180.59 Y145.68
G0 X180.82 Y145.68
G1 F12000 X179.179 Y144.039 E546.63625
G0 F15000 X179.181 Y143.058
G1 F12000 X180.82 Y142.619 E546.69268
G0 F15000 X180.59 Y142.619
G0 X179.411 Y134.777
G0 X179.18 Y134.776
G1 F12000 X180.819 Y134.337 E546.74912
G1 X180.82 Y134.366
G1 X179.179 Y132.725 E546.82631
G0 F15000 X179.411 Y132.726
G0 X179.411 Y130.549
G0 X179.18 Y130.548
G1 F12000 X181.691 Y121.179 E547.14892
G0 F15000 X181.691 Y121.41
G0 X178.948 Y121.41
G0 X178.948 Y121.18
G1 F12000 X181.854 Y124.087 E547.28563
G0 F15000 X181.627 Y124.042
G0 X181.721 Y125.01
G0 X181.905 Y125.81
G0 X182.111 Y125.709
G1 F12000 X177.181 Y127.03 E547.45539
G0 F15000 X177.41 Y127.03
G0 X177.338 Y128.338
G0 X174.634 Y128.41
G0 X174.634 Y128.18
G1 F12000 X176.27 Y129.816 E547.53234
G0 F15000 X176.27 Y129.588
G0 X172.888 Y128.41
G0 X172.888 Y128.18
G1 F12000 X166.78 Y129.817 E547.74266
G0 F15000 X166.78 Y129.588
G0 X164.957 Y129.588
G0 X164.957 Y129.817
G1 F12000 X163.32 Y128.18 E547.81966
G1 X163.25 Y128.18
G1 X162.811 Y129.818 E547.87607
G0 F15000 X162.811 Y129.588
G0 X154.968 Y128.41
G0 X154.968 Y128.179
G1 F12000 X154.529 Y129.818 E547.9325
G0 F15000 X153.644 Y129.817
G1 F12000 X152.007 Y128.18 E548.0095
G0 F15000 X152.007 Y128.41
G0 X146.686 Y128.41
G0 X146.686 Y128.18
G1 F12000 X146.247 Y129.819 E548.06593
G0 F15000 X146.247 Y129.589
G0 X142.331 Y129.589
G0 X142.331 Y129.818
G1 F12000 X140.693 Y128.18 E548.14298
G0 F15000 X140.693 Y128.41
G0 X141.977 Y128.41
G0 X141.977 Y128.18
G1 F12000 X135.863 Y129.819 E548.35351
G0 F15000 X135.863 Y129.589
G0 X137.964 Y129.589
G0 X137.964 Y129.819
G1 F12000 X138.404 Y128.179 E548.40999
G1 F2400 E547.90999
G0 F15000 X138.404 Y128.41
G0 X171.094 Y129.588
G0 X171.094 Y129.817
G1 F2400 E548.40999
G1 F12000 X171.533 Y128.179 E548.46639
G0 F15000 X171.533 Y128.41
G0 X177.338 Y128.338
G0 X184.959 Y127.374
G0 X184.915 Y127.147
G1 F12000 X187.82 Y130.052 E548.60303
G0 F15000 X187.82 Y129.212
G1 F12000 X187.121 Y131.82 E548.69284
G0 F15000 X187.121 Y131.59
G0 X187.403 Y124.338
G0 X187.173 Y124.352
G1 F12000 X187.82 Y124.179 E548.71511
G1 F2400 E548.21511
;MESH:NONMESH
G0 F300 X187.82 Y124.179 Z1.4
G0 F15000 X187.59 Y124.179
G0 X186.764 Y122.763
G0 X186.237 Y122.236
G0 X185.592 Y121.864
G0 X184.873 Y121.671
G0 X184.127 Y121.671
G0 X183.408 Y121.864
G0 X177.35 Y123.868
G0 X177.338 Y128.338
G0 X134.662 Y128.338
G0 X129.481 Y122.412
G0 X129.501 Y122.1
;TIME_ELAPSED:767.930736
;LAYER:6
;TYPE:WALL-INNER
;MESH:Vakuumpumpe casing (berre sk??l)V2.stl
G1 F2400 E548.71511
G1 F6000 X129.124 Y122.073 E548.72769
G1 X128.786 Y122.002 E548.73917
G1 X128.464 Y121.887 E548.75054
G1 X128.171 Y121.735 E548.76152
G1 X127.884 Y121.54 E548.77306
G1 X127.628 Y121.308 E548.78455
G1 X127.417 Y121.056 E548.79549
G1 X127.223 Y120.762 E548.8072
G1 X127.082 Y120.462 E548.81823
G1 X126.998 Y120.226 E548.82656
G1 X126.92 Y119.86 E548.83901
G1 X126.896 Y119.5 E548.85101
G1 X126.923 Y119.124 E548.86354
G1 X126.997 Y118.777 E548.87534
G1 X127.109 Y118.471 E548.88618
G1 X127.266 Y118.164 E548.89765
G1 X127.461 Y117.884 E548.909
G1 X127.688 Y117.632 E548.92028
G1 X127.945 Y117.414 E548.93149
G1 X128.235 Y117.225 E548.943
G1 X128.537 Y117.081 E548.95413
G1 X128.86 Y116.975 E548.96544
G1 X129.136 Y116.92 E548.9748
G1 X129.5 Y116.896 E548.98693
G1 X129.794 Y116.913 E548.99673
G1 X130.139 Y116.974 E549.00838
G1 X130.522 Y117.107 E549.02186
G1 X130.761 Y117.223 E549.0307
G1 X131.056 Y117.416 E549.04242
G1 X131.308 Y117.628 E549.05338
G1 X131.591 Y117.951 E549.06766
G1 X131.767 Y118.227 E549.07855
G1 X131.921 Y118.546 E549.09033
G1 X132.021 Y118.859 E549.10126
G1 X132.083 Y119.203 E549.11288
G1 X132.1 Y119.5 E549.12278
G1 X132.076 Y119.86 E549.13478
G1 X132.001 Y120.217 E549.14691
G1 X131.889 Y120.529 E549.15794
G1 X131.732 Y120.833 E549.16932
G1 X131.544 Y121.108 E549.1804
G1 X131.308 Y121.371 E549.19215
G1 X131.049 Y121.588 E549.20339
G1 X130.769 Y121.769 E549.21448
G1 X130.341 Y121.975 E549.23028
G1 X129.86 Y122.076 E549.24662
G1 X129.501 Y122.1 E549.25859
G1 F2400 E548.75859
G0 F15000 X129.481 Y122.412
G0 X124.387 Y129.657
G0 X113.662 Y129.662
G0 X113.662 Y170.338
G0 X150 Y170.41
G0 X150 Y170.1
G1 F2400 E549.25859
G1 F6000 X114.5 Y170.1 E550.43932
G1 X114.261 Y170.051 E550.44744
G1 X114.075 Y169.925 E550.45491
G1 X113.949 Y169.739 E550.46238
G1 X113.9 Y169.574 E550.46811
G1 X113.9 Y130.5 E551.76771
G1 X113.949 Y130.261 E551.77583
G1 X114.075 Y130.075 E551.7833
G1 X114.261 Y129.949 E551.79077
G1 X114.426 Y129.9 E551.7965
G1 X178.5 Y129.896 E553.92761
G1 X178.731 Y129.941 E553.93544
G1 X178.923 Y130.069 E553.94311
G1 X179.1 Y130.392 E553.95536
G1 X179.1 Y169.608 E555.25969
G1 X178.982 Y169.859 E555.26891
G1 X178.859 Y169.982 E555.2747
G1 X178.608 Y170.1 E555.28393
G1 X150 Y170.1 E556.23543
G0 F15000 X150 Y170.41
G0 X150 Y171.59
G0 X150 Y171.9
G1 F6000 X176.5 Y171.9 E557.11682
G1 X176.755 Y171.956 E557.12551
G1 X176.946 Y172.097 E557.1334
G1 X177.1 Y172.429 E557.14558
G1 X177.1 Y178.9 E557.3608
G1 X187.9 Y178.9 E557.72001
G1 X187.9 Y168.1 E558.07922
G1 X181.429 Y168.1 E558.29445
G1 X181.097 Y167.946 E558.30662
G1 X180.956 Y167.754 E558.31454
G1 X180.9 Y167.575 E558.32078
G1 X180.9 Y132.5 E559.48738
G1 X180.956 Y132.245 E559.49606
G1 X181.098 Y132.054 E559.50398
G1 X181.27 Y131.945 E559.51075
G1 X181.431 Y131.9 E559.51631
G1 X187.9 Y131.9 E559.73147
G1 X187.9 Y121.1 E560.09068
G1 X177.1 Y121.1 E560.44989
G1 X177.1 Y127.569 E560.66505
G1 X177.055 Y127.731 E560.67064
G1 X176.86 Y127.98 E560.68116
G1 X176.583 Y128.1 E560.6912
G1 X135.5 Y128.1 E562.05763
G1 X135.217 Y128.03 E562.06733
G1 X135.02 Y127.86 E562.07598
G1 X134.9 Y127.62 E562.08491
G1 X134.9 Y116.1 E562.46806
G1 X124.1 Y116.1 E562.82727
G1 X124.1 Y127.62 E563.21043
G1 X123.98 Y127.861 E563.21938
G1 X123.782 Y128.03 E563.22804
G1 X123.578 Y128.1 E563.23521
G1 X112.1 Y128.1 E563.61697
G1 X112.1 Y171.9 E565.07377
G1 X123.5 Y171.9 E565.45293
G1 X123.783 Y171.97 E565.46263
G1 X123.98 Y172.14 E565.47128
G1 X124.1 Y172.379 E565.48018
G1 X124.1 Y183.9 E565.86337
G1 X134.9 Y183.9 E566.22258
G1 X134.9 Y172.379 E566.60577
G1 X135.02 Y172.14 E566.61466
G1 X135.217 Y171.97 E566.62332
G1 X135.422 Y171.9 E566.63052
G1 X150 Y171.9 E567.11539
G1 F2400 E566.61539
G0 F15000 X150 Y171.59
G0 X134.662 Y171.662
G0 X134.656 Y180.431
G0 X130.925 Y182.971
G0 X130.369 Y183.201
G0 X129.48 Y183.412
G0 X129.5 Y183.1
G1 F2400 E567.11539
G1 F6000 X129.123 Y183.073 E567.12796
G1 X128.859 Y183.021 E567.13691
G1 X128.463 Y182.887 E567.15081
G1 X128.171 Y182.734 E567.16178
G1 X127.951 Y182.591 E567.17051
G1 X127.688 Y182.368 E567.18198
G1 X127.416 Y182.056 E567.19574
G1 X127.223 Y181.762 E567.20744
G1 X127.082 Y181.462 E567.21846
G1 X126.998 Y181.226 E567.2268
G1 X126.92 Y180.86 E567.23924
G1 X126.896 Y180.5 E567.25124
G1 X126.923 Y180.124 E567.26378
G1 X126.997 Y179.777 E567.27558
G1 X127.109 Y179.471 E567.28642
G1 X127.225 Y179.235 E567.29517
G1 X127.46 Y178.884 E567.30922
G1 X127.688 Y178.633 E567.32049
G1 X127.884 Y178.46 E567.32919
G1 X128.235 Y178.225 E567.34324
G1 X128.537 Y178.081 E567.35437
G1 X128.86 Y177.975 E567.36567
G1 X129.136 Y177.92 E567.37503
G1 X129.5 Y177.896 E567.38717
G1 X129.871 Y177.922 E567.39954
G1 X130.226 Y177.998 E567.41161
G1 X130.462 Y178.082 E567.41994
G1 X130.762 Y178.223 E567.43097
G1 X131.108 Y178.457 E567.44486
G1 X131.367 Y178.688 E567.4564
G1 X131.591 Y178.951 E567.46789
G1 X131.767 Y179.228 E567.47881
G1 X131.921 Y179.546 E567.49056
G1 X132.021 Y179.859 E567.50149
G1 X132.083 Y180.203 E567.51312
G1 X132.1 Y180.5 E567.52301
G1 X132.076 Y180.86 E567.53501
G1 X132.001 Y181.217 E567.54714
G1 X131.889 Y181.529 E567.55817
G1 X131.732 Y181.833 E567.56955
G1 X131.543 Y182.108 E567.58065
G1 X131.308 Y182.372 E567.5924
G1 X131.049 Y182.588 E567.60362
G1 X130.769 Y182.769 E567.61471
G1 X130.453 Y182.921 E567.62637
G1 X130.139 Y183.022 E567.63734
G1 X129.86 Y183.076 E567.64679
G1 X129.5 Y183.1 E567.65879
G1 F2400 E567.15879
G0 F15000 X129.48 Y183.412
G0 X134.651 Y182.942
G0 X134.662 Y171.662
G0 X177.338 Y171.662
G0 X181.046 Y177.984
G0 X184.48 Y178.412
G0 X184.5 Y178.1
G1 F2400 E567.65879
G1 F6000 X184.123 Y178.073 E567.67137
G1 X183.859 Y178.021 E567.68031
G1 X183.463 Y177.887 E567.69422
G1 X183.171 Y177.734 E567.70518
G1 X182.951 Y177.591 E567.71391
G1 X182.688 Y177.368 E567.72538
G1 X182.416 Y177.056 E567.73915
G1 X182.223 Y176.762 E567.75084
G1 X182.082 Y176.462 E567.76187
G1 X181.974 Y176.139 E567.7732
G1 X181.92 Y175.86 E567.78265
G1 X181.896 Y175.5 E567.79465
G1 X181.923 Y175.124 E567.80719
G1 X181.997 Y174.777 E567.81899
G1 X182.109 Y174.471 E567.82983
G1 X182.266 Y174.165 E567.84126
G1 X182.436 Y173.914 E567.85135
G1 X182.659 Y173.659 E567.86261
G1 X182.914 Y173.436 E567.87388
G1 X183.235 Y173.225 E567.88666
G1 X183.537 Y173.081 E567.89779
G1 X183.859 Y172.975 E567.90906
G1 X184.136 Y172.92 E567.91845
G1 X184.5 Y172.896 E567.93059
G1 X184.794 Y172.913 E567.94038
G1 X185.226 Y172.998 E567.95503
G1 X185.462 Y173.082 E567.96336
G1 X185.762 Y173.223 E567.97438
G1 X186.108 Y173.456 E567.98826
G1 X186.368 Y173.688 E567.99985
G1 X186.591 Y173.951 E568.01131
G1 X186.767 Y174.228 E568.02223
G1 X186.922 Y174.545 E568.03397
G1 X187.002 Y174.785 E568.04238
G1 X187.073 Y175.123 E568.05387
G1 X187.1 Y175.5 E568.06644
G1 X187.074 Y175.871 E568.07881
G1 X187.001 Y176.217 E568.09057
G1 X186.889 Y176.529 E568.1016
G1 X186.732 Y176.833 E568.11298
G1 X186.543 Y177.108 E568.12407
G1 X186.341 Y177.341 E568.13433
G1 X186.049 Y177.588 E568.14705
G1 X185.769 Y177.769 E568.15814
G1 X185.453 Y177.921 E568.1698
G1 X185.139 Y178.022 E568.18077
G1 X184.86 Y178.076 E568.19023
G1 X184.5 Y178.1 E568.20223
G1 F2400 E567.70223
G0 F15000 X184.48 Y178.412
G0 X183.408 Y178.136
G0 X182.763 Y177.764
G0 X182.236 Y177.237
G0 X181.864 Y176.592
G0 X181.671 Y175.873
G0 X180.662 Y168.338
G0 X180.662 Y131.662
G0 X184.48 Y127.412
G0 X184.5 Y127.1
G1 F2400 E568.20223
G1 F6000 X184.123 Y127.073 E568.2148
G1 X183.786 Y127.002 E568.22625
G1 X183.546 Y126.922 E568.23467
G1 X183.227 Y126.767 E568.24646
G1 X182.917 Y126.567 E568.25873
G1 X182.657 Y126.339 E568.27023
G1 X182.457 Y126.108 E568.2804
G1 X182.263 Y125.832 E568.29162
G1 X182.082 Y125.462 E568.30532
G1 X181.974 Y125.139 E568.31664
G1 X181.92 Y124.86 E568.3261
G1 X181.896 Y124.5 E568.3381
G1 X181.923 Y124.124 E568.35063
G1 X181.997 Y123.777 E568.36244
G1 X182.109 Y123.471 E568.37327
G1 X182.266 Y123.164 E568.38474
G1 X182.461 Y122.884 E568.39609
G1 X182.688 Y122.632 E568.40737
G1 X182.945 Y122.414 E568.41858
G1 X183.235 Y122.225 E568.43009
G1 X183.537 Y122.081 E568.44122
G1 X183.86 Y121.975 E568.45253
G1 X184.136 Y121.92 E568.46189
G1 X184.5 Y121.896 E568.47402
G1 X184.794 Y121.913 E568.48382
G1 X185.139 Y121.974 E568.49547
G1 X185.522 Y122.107 E568.50895
G1 X185.761 Y122.223 E568.51779
G1 X186.056 Y122.416 E568.52951
G1 X186.341 Y122.659 E568.54197
G1 X186.591 Y122.951 E568.55476
G1 X186.767 Y123.228 E568.56567
G1 X186.922 Y123.545 E568.57741
G1 X187.002 Y123.785 E568.58582
G1 X187.073 Y124.123 E568.59731
G1 X187.1 Y124.5 E568.60988
G1 X187.074 Y124.871 E568.62225
G1 X187.001 Y125.217 E568.63401
G1 X186.889 Y125.529 E568.64504
G1 X186.732 Y125.833 E568.65642
G1 X186.543 Y126.108 E568.66752
G1 X186.308 Y126.371 E568.67925
G1 X186.108 Y126.544 E568.68804
G1 X185.833 Y126.732 E568.69912
G1 X185.529 Y126.889 E568.7105
G1 X185.217 Y127.001 E568.72153
G1 X184.86 Y127.076 E568.73366
G1 X184.5 Y127.1 E568.74566
G0 F15000 X184.487 Y126.7
;TYPE:WALL-OUTER
G1 F6000 X184.201 Y126.681 E568.75519
G1 X183.912 Y126.622 E568.765
G1 X183.645 Y126.531 E568.77439
G1 X183.409 Y126.411 E568.78319
G1 X183.159 Y126.248 E568.79312
G1 X182.941 Y126.057 E568.80276
G1 X182.747 Y125.83 E568.81269
G1 X182.583 Y125.588 E568.82241
G1 X182.467 Y125.348 E568.83128
G1 X182.367 Y125.063 E568.84133
G1 X182.314 Y124.791 E568.85054
G1 X182.296 Y124.487 E568.86067
G1 X182.315 Y124.201 E568.8702
G1 X182.367 Y123.937 E568.87915
G1 X182.468 Y123.647 E568.88937
G1 X182.584 Y123.411 E568.89811
G1 X182.761 Y123.148 E568.90866
G1 X182.952 Y122.933 E568.91822
G1 X183.168 Y122.746 E568.92773
G1 X183.411 Y122.584 E568.93744
G1 X183.669 Y122.459 E568.94697
G1 X183.937 Y122.367 E568.9564
G1 X184.205 Y122.314 E568.96548
G1 X184.513 Y122.296 E568.97575
G1 X184.794 Y122.315 E568.98511
G1 X185.092 Y122.375 E568.99522
G1 X185.348 Y122.467 E569.00427
G1 X185.587 Y122.583 E569.01311
G1 X185.83 Y122.746 E569.02284
G1 X186.058 Y122.942 E569.03284
G1 X186.256 Y123.17 E569.04288
G1 X186.411 Y123.409 E569.05236
G1 X186.531 Y123.645 E569.06116
G1 X186.629 Y123.937 E569.07141
G1 X186.684 Y124.227 E569.08123
G1 X186.7 Y124.513 E569.09075
G1 X186.681 Y124.795 E569.10015
G1 X186.597 Y125.214 E569.11437
G1 X186.411 Y125.59 E569.12832
G1 X186.24 Y125.847 E569.13859
G1 X186.047 Y126.068 E569.14835
G1 X185.827 Y126.255 E569.15795
G1 X185.59 Y126.411 E569.16739
G1 X185.325 Y126.542 E569.17722
G1 X185.063 Y126.629 E569.1864
G1 X184.791 Y126.682 E569.19562
G1 X184.487 Y126.7 E569.20575
G1 F2400 E568.70575
G0 F15000 X184.441 Y127.409
G0 X180.662 Y131.662
G0 X180.662 Y168.338
G0 X181.744 Y176.238
G0 X182.029 Y176.925
G0 X182.482 Y177.518
G0 X183.075 Y177.971
G0 X183.464 Y178.132
G0 X184.441 Y178.409
G0 X184.487 Y177.7
G1 F2400 E569.20575
G1 F6000 X184.201 Y177.681 E569.21528
G1 X183.912 Y177.622 E569.22509
G1 X183.645 Y177.531 E569.23447
G1 X183.39 Y177.4 E569.24401
G1 X183.148 Y177.239 E569.25367
G1 X182.932 Y177.047 E569.26329
G1 X182.746 Y176.83 E569.27279
G1 X182.583 Y176.588 E569.2825
G1 X182.459 Y176.328 E569.29208
G1 X182.367 Y176.063 E569.30141
G1 X182.314 Y175.791 E569.31062
G1 X182.296 Y175.487 E569.32075
G1 X182.315 Y175.201 E569.33029
G1 X182.367 Y174.937 E569.33924
G1 X182.468 Y174.647 E569.34945
G1 X182.584 Y174.411 E569.3582
G1 X182.753 Y174.158 E569.36832
G1 X182.942 Y173.942 E569.37786
G1 X183.158 Y173.753 E569.38741
G1 X183.411 Y173.584 E569.39753
G1 X183.669 Y173.459 E569.40706
G1 X183.937 Y173.367 E569.41649
G1 X184.205 Y173.314 E569.42557
G1 X184.513 Y173.296 E569.43583
G1 X184.795 Y173.315 E569.44524
G1 X185.063 Y173.367 E569.45432
G1 X185.328 Y173.459 E569.46365
G1 X185.588 Y173.583 E569.47323
G1 X185.847 Y173.76 E569.48366
G1 X186.067 Y173.952 E569.49337
G1 X186.256 Y174.17 E569.50297
G1 X186.411 Y174.409 E569.51244
G1 X186.531 Y174.645 E569.52125
G1 X186.629 Y174.937 E569.53149
G1 X186.684 Y175.227 E569.54131
G1 X186.7 Y175.5 E569.55041
G1 X186.681 Y175.795 E569.56024
G1 X186.597 Y176.216 E569.57452
G1 X186.399 Y176.611 E569.58921
G1 X186.24 Y176.847 E569.59868
G1 X186.058 Y177.058 E569.60794
G1 X185.827 Y177.255 E569.61804
G1 X185.59 Y177.411 E569.62748
G1 X185.325 Y177.542 E569.63731
G1 X185.063 Y177.629 E569.64649
G1 X184.791 Y177.682 E569.65571
G1 X184.487 Y177.7 E569.66584
G1 F2400 E569.16584
G0 F15000 X184.441 Y178.409
G0 X177.349 Y176.471
G0 X177.338 Y171.662
G0 X150 Y171.59
G0 X150 Y172.302
G1 F2400 E569.66584
G1 F6000 X176.56 Y172.3 E570.54923
G1 X176.649 Y172.365 E570.55289
G1 X176.698 Y172.468 E570.55669
G1 X176.7 Y179.3 E570.78392
G1 X188.3 Y179.3 E571.16974
G1 X188.3 Y167.7 E571.55556
G1 X181.468 Y167.698 E571.78279
G1 X181.365 Y167.649 E571.78658
G1 X181.303 Y167.535 E571.7909
G1 X181.3 Y132.439 E572.9582
G1 X181.366 Y132.351 E572.96186
G1 X181.468 Y132.302 E572.96562
G1 X188.3 Y132.3 E573.19285
G1 X188.3 Y120.7 E573.57867
G1 X176.7 Y120.7 E573.96449
G1 X176.698 Y127.56 E574.19265
G1 X176.62 Y127.66 E574.19687
G1 X176.535 Y127.697 E574.19995
G1 X135.423 Y127.7 E575.56734
G1 X135.3 Y127.54 E575.57406
G1 X135.3 Y115.7 E575.96786
G1 X123.7 Y115.7 E576.35367
G1 X123.7 Y127.54 E576.74747
G1 X123.66 Y127.621 E576.75048
G1 X123.535 Y127.697 E576.75534
G1 X111.7 Y127.7 E577.14898
G1 X111.7 Y172.3 E578.63238
G1 X123.577 Y172.3 E579.02741
G1 X123.7 Y172.459 E579.0341
G1 X123.7 Y184.3 E579.42793
G1 X135.3 Y184.3 E579.81375
G1 X135.3 Y172.459 E580.20758
G1 X135.34 Y172.38 E580.21053
G1 X135.465 Y172.303 E580.21541
G1 X150 Y172.302 E580.69885
G1 F2400 E580.19885
G0 F15000 X150 Y171.59
G0 X150 Y170.41
G0 X150 Y169.697
G1 F2400 E580.69885
G1 F6000 X114.444 Y169.7 E581.88144
G1 X114.358 Y169.642 E581.88489
G1 X114.303 Y169.535 E581.88889
G1 X114.3 Y130.444 E583.18907
G1 X114.358 Y130.358 E583.19252
G1 X114.465 Y130.303 E583.19652
G1 X178.547 Y130.301 E585.32789
G1 X178.661 Y130.376 E585.33243
G1 X178.695 Y130.449 E585.33511
G1 X178.695 Y169.548 E586.63555
G1 X178.62 Y169.661 E586.64006
G1 X178.548 Y169.695 E586.64271
G1 X150 Y169.697 E587.59222
G1 F2400 E587.09222
G0 F15000 X150 Y170.41
G0 X134.662 Y171.662
G0 X134.656 Y180.112
G0 X130.925 Y182.971
G0 X130.369 Y183.201
G0 X129.441 Y183.409
G0 X129.487 Y182.7
G1 F2400 E587.59222
G1 F6000 X129.201 Y182.681 E587.60175
G1 X128.912 Y182.622 E587.61156
G1 X128.645 Y182.531 E587.62094
G1 X128.39 Y182.4 E587.63048
G1 X128.148 Y182.239 E587.64015
G1 X127.932 Y182.047 E587.64976
G1 X127.746 Y181.83 E587.65926
G1 X127.583 Y181.588 E587.66897
G1 X127.467 Y181.348 E587.67784
G1 X127.367 Y181.063 E587.68788
G1 X127.314 Y180.791 E587.6971
G1 X127.296 Y180.487 E587.70723
G1 X127.315 Y180.201 E587.71676
G1 X127.367 Y179.937 E587.72571
G1 X127.468 Y179.647 E587.73592
G1 X127.584 Y179.411 E587.74467
G1 X127.761 Y179.148 E587.75521
G1 X127.952 Y178.933 E587.76478
G1 X128.168 Y178.746 E587.77428
G1 X128.411 Y178.584 E587.78399
G1 X128.669 Y178.459 E587.79353
G1 X128.937 Y178.367 E587.80295
G1 X129.205 Y178.314 E587.81204
G1 X129.513 Y178.296 E587.8223
G1 X129.795 Y178.315 E587.8317
G1 X130.064 Y178.367 E587.84082
G1 X130.348 Y178.467 E587.85083
G1 X130.588 Y178.583 E587.8597
G1 X130.847 Y178.76 E587.87013
G1 X131.067 Y178.952 E587.87984
G1 X131.256 Y179.17 E587.88944
G1 X131.411 Y179.409 E587.89891
G1 X131.531 Y179.645 E587.90772
G1 X131.629 Y179.937 E587.91796
G1 X131.684 Y180.227 E587.92778
G1 X131.7 Y180.513 E587.93731
G1 X131.681 Y180.795 E587.94671
G1 X131.597 Y181.216 E587.96099
G1 X131.399 Y181.611 E587.97568
G1 X131.24 Y181.847 E587.98515
G1 X131.047 Y182.068 E587.99491
G1 X130.827 Y182.255 E588.00451
G1 X130.59 Y182.411 E588.01395
G1 X130.325 Y182.542 E588.02378
G1 X130.063 Y182.629 E588.03296
G1 X129.791 Y182.682 E588.04218
G1 X129.487 Y182.7 E588.05231
G1 F2400 E587.55231
G0 F15000 X129.441 Y183.409
G0 X128.408 Y183.136
G0 X127.763 Y182.764
G0 X127.236 Y182.237
G0 X126.864 Y181.592
G0 X126.671 Y180.873
G0 X126.671 Y180.127
G0 X129.441 Y170.35
G0 X113.662 Y170.338
G0 X113.662 Y129.662
G0 X126.443 Y129.651
G0 X129.441 Y122.409
G0 X129.487 Y121.7
G1 F2400 E588.05231
G1 F6000 X129.201 Y121.681 E588.06184
G1 X128.936 Y121.629 E588.07082
G1 X128.645 Y121.531 E588.08103
G1 X128.39 Y121.4 E588.09057
G1 X128.148 Y121.239 E588.10024
G1 X127.932 Y121.047 E588.10985
G1 X127.747 Y120.83 E588.11933
G1 X127.583 Y120.588 E588.12906
G1 X127.467 Y120.348 E588.13792
G1 X127.367 Y120.063 E588.14797
G1 X127.314 Y119.791 E588.15718
G1 X127.296 Y119.487 E588.16731
G1 X127.315 Y119.201 E588.17685
G1 X127.367 Y118.937 E588.1858
G1 X127.468 Y118.647 E588.19601
G1 X127.584 Y118.411 E588.20476
G1 X127.761 Y118.148 E588.2153
G1 X127.952 Y117.933 E588.22487
G1 X128.168 Y117.746 E588.23437
G1 X128.411 Y117.584 E588.24408
G1 X128.669 Y117.459 E588.25362
G1 X128.937 Y117.367 E588.26304
G1 X129.205 Y117.314 E588.27213
G1 X129.513 Y117.296 E588.28239
G1 X129.794 Y117.315 E588.29176
G1 X130.092 Y117.375 E588.30187
G1 X130.348 Y117.467 E588.31091
G1 X130.587 Y117.583 E588.31975
G1 X130.83 Y117.746 E588.32948
G1 X131.067 Y117.952 E588.33993
G1 X131.256 Y118.17 E588.34952
G1 X131.411 Y118.409 E588.359
G1 X131.531 Y118.645 E588.3678
G1 X131.629 Y118.937 E588.37805
G1 X131.684 Y119.227 E588.38786
G1 X131.7 Y119.513 E588.39739
G1 X131.681 Y119.795 E588.40679
G1 X131.597 Y120.216 E588.42107
G1 X131.399 Y120.611 E588.43577
G1 X131.24 Y120.847 E588.44523
G1 X131.047 Y121.068 E588.45499
G1 X130.827 Y121.255 E588.46459
G1 X130.59 Y121.411 E588.47403
G1 X130.325 Y121.542 E588.48386
G1 X130.063 Y121.629 E588.49305
G1 X129.791 Y121.682 E588.50226
G1 X129.487 Y121.7 E588.51239
G0 F15000 X129.441 Y122.409
G0 X130.592 Y122.136
G0 X131.237 Y121.764
G0 X131.764 Y121.237
G0 X132.136 Y120.592
G0 X132.411 Y119.453
G0 X132.178 Y119.466
;TYPE:FILL
G1 F12000 X134.82 Y122.107 E588.63664
G1 X134.82 Y121.962
G1 X124.18 Y124.813 E589.00301
G0 F15000 X124.41 Y124.813
G0 X124.41 Y122.781
G0 X124.18 Y122.781
G1 F12000 X131.217 Y129.818 E589.33401
G0 F15000 X131.217 Y129.589
G0 X129.536 Y129.589
G0 X129.536 Y129.82
G1 F12000 X133.191 Y116.179 E589.80372
G0 F15000 X133.191 Y116.41
G0 X129.544 Y116.589
G0 X129.529 Y116.817
G1 F12000 X128.893 Y116.18 E589.83365
G0 F15000 X128.893 Y116.41
G0 X125.49 Y116.41
G0 X125.49 Y116.179
G1 F12000 X124.181 Y116.53 E589.87873
G0 F15000 X124.909 Y116.179
G1 F12000 X124.18 Y118.899 E589.97239
G0 F15000 X124.41 Y118.899
G0 X124.338 Y128.338
G0 X121.693 Y128.41
G0 X121.693 Y128.179
G1 F12000 X121.254 Y129.82 E590.02889
G0 F15000 X121.254 Y129.589
G0 X119.904 Y129.589
G0 X119.904 Y129.819
G1 F12000 X118.265 Y128.18 E590.10598
G0 F15000 X118.265 Y128.41
G0 X113.411 Y128.41
G0 X113.411 Y128.18
G1 F12000 X112.18 Y132.774 E590.26417
G0 F15000 X112.18 Y133.408
G1 F12000 X113.82 Y135.049 E590.34133
G0 F15000 X113.819 Y135.871
G1 F12000 X112.18 Y136.31 E590.39777
G0 F15000 X112.41 Y136.31
G0 X113.59 Y144.153
G0 X113.82 Y144.153
G1 F12000 X112.181 Y144.592 E590.4542
G1 X112.18 Y144.722
G1 X113.82 Y146.363 E590.53137
G0 F15000 X113.59 Y146.363
G0 X113.59 Y152.435
G0 X113.82 Y152.435
G1 F12000 X112.18 Y152.875 E590.58784
G0 F15000 X112.41 Y152.875
G0 X112.41 Y156.036
G0 X112.18 Y156.036
G1 F12000 X113.82 Y157.676 E590.66498
G1 X113.82 Y157.565
G1 X112.18 Y163.683 E590.87565
G0 F15000 X112.41 Y163.683
G0 X112.41 Y161.157
G0 X112.18 Y161.157
G1 F12000 X113.819 Y160.718 E590.93209
G0 F15000 X113.59 Y160.718
G0 X112.41 Y167.35
G0 X112.18 Y167.35
G1 F12000 X113.82 Y168.99 E591.00923
G1 X113.82 Y169
G1 X112.181 Y169.439 E591.06566
G0 F15000 X112.41 Y169.439
G0 X113.662 Y170.338
G0 X115.01 Y170.41
G0 X115.01 Y170.18
G1 F12000 X116.65 Y171.82 E591.14281
G0 F15000 X116.65 Y171.59
G0 X118.282 Y171.59
G0 X118.282 Y171.82
G1 F12000 X118.721 Y170.18 E591.19927
G0 F15000 X118.721 Y170.41
G0 X124.338 Y171.662
G0 X124.41 Y174.506
G0 X124.181 Y174.506
G1 F12000 X140.324 Y170.18 E591.75514
G0 F15000 X140.324 Y170.41
G0 X139.277 Y171.59
G0 X139.277 Y171.82
G1 F12000 X137.638 Y170.18 E591.83225
G0 F15000 X137.638 Y170.41
G0 X135.286 Y170.41
G0 X135.286 Y170.179
G1 F12000 X131.631 Y183.821 E592.30199
G0 F15000 X131.631 Y183.59
G0 X128.65 Y183.59
G0 X128.65 Y183.82
G1 F12000 X124.18 Y179.35 E592.51225
G0 F15000 X124.41 Y179.35
G0 X124.41 Y180.717
G0 X124.18 Y180.717
G1 F12000 X127.004 Y170.18 E592.87508
G0 F15000 X126.324 Y170.18
G1 F12000 X134.821 Y178.677 E593.27475
G0 F15000 X134.59 Y178.677
G0 X134.59 Y179.937
G0 X134.819 Y179.937
G1 F12000 X132.17 Y180.647 E593.36596
G0 F15000 X132.402 Y180.662
G0 X132.136 Y181.592
G0 X131.764 Y182.237
G0 X131.237 Y182.764
G0 X130.592 Y183.136
G0 X129.872 Y183.329
G0 X129.128 Y183.329
G0 X128.408 Y183.136
G0 X127.886 Y182.834
G0 X127.066 Y182.091
G0 X127.261 Y181.963
G1 F12000 X124.181 Y182.788 E593.47202
G0 F15000 X124.41 Y182.788
G0 X127.482 Y178.482
G0 X134.662 Y171.662
G0 X143.128 Y171.59
G0 X143.128 Y171.821
G1 F12000 X143.568 Y170.18 E593.52852
G0 F15000 X143.568 Y170.41
G0 X148.951 Y170.41
G0 X148.951 Y170.18
G1 F12000 X150.591 Y171.82 E593.60567
G0 F15000 X151.411 Y171.821
G1 F12000 X151.85 Y170.18 E593.66216
G0 F15000 X151.85 Y170.41
G0 X159.693 Y171.59
G0 X159.693 Y171.82
G1 F12000 X160.133 Y170.18 E593.71864
G1 X160.265 Y170.18
G1 X161.905 Y171.82 E593.79578
G0 F15000 X161.905 Y171.59
G0 X165.112 Y171.59
G0 X165.112 Y171.82
G1 F12000 X171.234 Y170.18 E594.00658
G0 F15000 X171.579 Y170.18
G1 F12000 X173.219 Y171.82 E594.08372
G0 F15000 X173.219 Y171.59
G0 X176.257 Y171.59
G0 X176.257 Y171.82
G1 F12000 X176.697 Y170.18 E594.1402
G0 F15000 X176.697 Y170.41
G0 X179.338 Y170.338
G0 X179.41 Y168.052
G0 X179.181 Y168.051
G1 F12000 X180.829 Y167.609 E594.19695
G0 F15000 X180.59 Y167.609
G0 X179.41 Y166.468
G0 X179.179 Y166.467
G1 F12000 X185.99 Y173.277 E594.51729
G0 F15000 X186.118 Y173.085
G0 X186.919 Y173.887
G0 X186.726 Y174.014
G1 F12000 X187.82 Y175.108 E594.56875
G0 F15000 X187.59 Y175.108
G0 X187.59 Y174.018
G0 X187.819 Y174.018
G1 F12000 X186.877 Y174.271 E594.60119
G0 F15000 X187.085 Y174.169
G0 X186.518 Y173.482
G0 X185.925 Y173.029
G0 X185.307 Y172.773
G0 X184.255 Y172.602
G0 X184.269 Y172.832
G1 F12000 X185.515 Y168.179 E594.7614
G0 F15000 X185.515 Y168.41
G0 X181.864 Y174.408
G0 X181.595 Y175.639
G0 X181.825 Y175.625
G1 F12000 X177.18 Y176.869 E594.92134
G0 F15000 X177.41 Y176.869
G0 X177.41 Y175.781
G0 X177.18 Y175.781
G1 F12000 X180.219 Y178.82 E595.06429
G0 F15000 X180.219 Y178.59
G0 X182.664 Y178.59
G0 X182.664 Y178.82
G1 F12000 X182.965 Y177.697 E595.10295
G0 F15000 X182.838 Y177.887
G0 X177.338 Y171.662
G0 X167.975 Y171.59
G0 X167.975 Y171.821
G1 F12000 X168.415 Y170.18 E595.15946
G0 F15000 X168.415 Y170.41
G0 X179.338 Y170.338
G0 X179.41 Y160.913
G0 X179.18 Y160.912
G1 F12000 X180.82 Y154.793 E595.37016
G0 F15000 X180.59 Y154.793
G0 X179.41 Y155.154
G0 X179.179 Y155.153
G1 F12000 X180.82 Y156.794 E595.44735
G0 F15000 X180.59 Y156.794
G0 X180.59 Y159.329
G0 X180.82 Y159.329
G1 F12000 X179.181 Y159.769 E595.5038
G0 F15000 X179.41 Y159.77
G0 X179.41 Y151.487
G0 X179.181 Y151.486
G1 F12000 X180.819 Y151.047 E595.5602
G0 F15000 X180.59 Y151.047
G0 X180.59 Y145.48
G0 X180.82 Y145.48
G1 F12000 X179.179 Y143.84 E595.63736
G0 F15000 X179.18 Y143.204
G1 F12000 X180.82 Y142.765 E595.69383
G0 F15000 X180.59 Y142.765
G0 X179.41 Y134.923
G0 X179.181 Y134.922
G1 F12000 X180.819 Y134.483 E595.75023
G0 F15000 X180.82 Y134.166
G1 F12000 X179.179 Y132.526 E595.8274
G0 F15000 X179.41 Y132.527
G0 X179.41 Y130.244
G0 X179.116 Y130.243
G1 F12000 X181.544 Y121.179 E596.13949
G0 F15000 X181.544 Y121.41
G0 X179.147 Y121.41
G0 X179.147 Y121.18
G1 F12000 X181.884 Y123.917 E596.26823
G0 F15000 X181.661 Y123.872
G0 X181.671 Y124.873
G0 X181.969 Y125.939
G0 X182.179 Y125.836
G1 F12000 X177.181 Y127.176 E596.44034
G0 F15000 X177.41 Y127.176
G0 X177.338 Y128.338
G0 X174.834 Y128.41
G0 X174.834 Y128.18
G1 F12000 X176.47 Y129.816 E596.51729
G0 F15000 X176.47 Y129.588
G0 X173.433 Y128.41
G0 X173.433 Y128.18
G1 F12000 X167.324 Y129.817 E596.72765
G0 F15000 X167.324 Y129.588
G0 X165.157 Y129.588
G0 X165.157 Y129.817
G1 F12000 X163.52 Y128.18 E596.80465
G0 F15000 X163.104 Y128.179
G1 F12000 X162.665 Y129.817 E596.86105
G0 F15000 X162.665 Y129.588
G0 X154.822 Y128.41
G0 X154.822 Y128.18
G1 F12000 X154.383 Y129.818 E596.91745
G0 F15000 X153.843 Y129.817
G1 F12000 X152.206 Y128.18 E596.99445
G0 F15000 X152.206 Y128.41
G0 X146.54 Y128.41
G0 X146.54 Y128.18
G1 F12000 X146.101 Y129.819 E597.05089
G0 F15000 X146.101 Y129.589
G0 X142.53 Y129.589
G0 X142.53 Y129.818
G1 F12000 X140.892 Y128.18 E597.12793
G0 F15000 X140.892 Y128.41
G0 X142.523 Y128.41
G0 X142.523 Y128.18
G1 F12000 X136.407 Y129.819 E597.33853
G0 F15000 X136.407 Y129.589
G0 X137.818 Y129.589
G0 X137.818 Y129.819
G1 F12000 X138.258 Y128.179 E597.39501
G1 F2400 E596.89501
G0 F15000 X138.258 Y128.41
G0 X170.948 Y129.588
G0 X170.948 Y129.817
G1 F2400 E597.39501
G1 F12000 X171.387 Y128.18 E597.45138
G0 F15000 X171.387 Y128.41
G0 X177.338 Y128.338
G0 X185.126 Y127.341
G0 X185.082 Y127.114
G1 F12000 X187.82 Y129.853 E597.58019
G0 F15000 X187.59 Y129.853
G0 X187.59 Y128.668
G0 X187.82 Y128.668
G1 F12000 X186.975 Y131.82 E597.68872
G0 F15000 X186.975 Y131.59
G0 X187.412 Y124.511
G0 X187.18 Y124.496
G1 F12000 X187.819 Y124.325 E597.71073
G1 F2400 E597.21073
;MESH:NONMESH
G0 F300 X187.819 Y124.325 Z1.6
G0 F15000 X187.59 Y124.325
G0 X186.764 Y122.763
G0 X186.237 Y122.236
G0 X185.592 Y121.864
G0 X184.873 Y121.671
G0 X184.127 Y121.671
G0 X183.408 Y121.864
G0 X177.35 Y123.988
G0 X177.338 Y128.338
G0 X134.662 Y128.338
G0 X129.481 Y122.412
G0 X129.501 Y122.1
;TIME_ELAPSED:825.120577
;LAYER:7
;TYPE:WALL-INNER
;MESH:Vakuumpumpe casing (berre sk??l)V2.stl
G1 F2400 E597.71073
G1 F6000 X129.124 Y122.073 E597.7233
G1 X128.786 Y122.002 E597.73478
G1 X128.464 Y121.887 E597.74616
G1 X128.171 Y121.735 E597.75713
G1 X127.884 Y121.54 E597.76868
G1 X127.628 Y121.308 E597.78017
G1 X127.417 Y121.056 E597.7911
G1 X127.223 Y120.762 E597.80281
G1 X127.082 Y120.462 E597.81384
G1 X126.998 Y120.226 E597.82217
G1 X126.92 Y119.86 E597.83462
G1 X126.896 Y119.5 E597.84662
G1 X126.923 Y119.124 E597.85916
G1 X126.997 Y118.777 E597.87096
G1 X127.109 Y118.471 E597.88179
G1 X127.266 Y118.164 E597.89326
G1 X127.461 Y117.884 E597.90461
G1 X127.688 Y117.632 E597.91589
G1 X127.945 Y117.414 E597.9271
G1 X128.235 Y117.225 E597.93861
G1 X128.537 Y117.081 E597.94974
G1 X128.86 Y116.975 E597.96105
G1 X129.136 Y116.92 E597.97041
G1 X129.5 Y116.896 E597.98254
G1 X129.794 Y116.913 E597.99234
G1 X130.139 Y116.974 E598.00399
G1 X130.522 Y117.107 E598.01747
G1 X130.761 Y117.223 E598.02631
G1 X131.056 Y117.416 E598.03804
G1 X131.308 Y117.628 E598.04899
G1 X131.591 Y117.951 E598.06327
G1 X131.767 Y118.227 E598.07416
G1 X131.921 Y118.546 E598.08594
G1 X132.021 Y118.859 E598.09687
G1 X132.083 Y119.203 E598.1085
G1 X132.1 Y119.5 E598.11839
G1 X132.076 Y119.86 E598.13039
G1 X132.001 Y120.217 E598.14252
G1 X131.889 Y120.529 E598.15355
G1 X131.732 Y120.833 E598.16493
G1 X131.544 Y121.108 E598.17601
G1 X131.308 Y121.371 E598.18776
G1 X131.049 Y121.588 E598.199
G1 X130.769 Y121.769 E598.21009
G1 X130.341 Y121.975 E598.22589
G1 X129.86 Y122.076 E598.24223
G1 X129.501 Y122.1 E598.2542
G1 F2400 E597.7542
G0 F15000 X129.481 Y122.412
G0 X124.387 Y129.657
G0 X113.662 Y129.662
G0 X113.662 Y170.338
G0 X150 Y170.41
G0 X150 Y170.1
G1 F2400 E598.2542
G1 F6000 X114.5 Y170.1 E599.43494
G1 X114.261 Y170.051 E599.44305
G1 X114.075 Y169.925 E599.45052
G1 X113.949 Y169.739 E599.45799
G1 X113.9 Y169.574 E599.46372
G1 X113.9 Y130.5 E600.76333
G1 X113.949 Y130.261 E600.77144
G1 X114.075 Y130.075 E600.77891
G1 X114.261 Y129.949 E600.78638
G1 X114.426 Y129.9 E600.79211
G1 X178.5 Y129.896 E602.92322
G1 X178.731 Y129.941 E602.93105
G1 X178.923 Y130.069 E602.93872
G1 X179.1 Y130.392 E602.95097
G1 X179.1 Y169.608 E604.2553
G1 X178.982 Y169.859 E604.26453
G1 X178.859 Y169.982 E604.27031
G1 X178.608 Y170.1 E604.27954
G1 X150 Y170.1 E605.23104
G0 F15000 X150 Y170.41
G0 X150 Y171.59
G0 X150 Y171.9
G1 F6000 X176.5 Y171.9 E606.11244
G1 X176.755 Y171.956 E606.12112
G1 X176.946 Y172.097 E606.12902
G1 X177.1 Y172.429 E606.14119
G1 X177.1 Y178.9 E606.35641
G1 X187.9 Y178.9 E606.71562
G1 X187.9 Y168.1 E607.07483
G1 X181.429 Y168.1 E607.29006
G1 X181.097 Y167.946 E607.30223
G1 X180.956 Y167.754 E607.31016
G1 X180.9 Y167.575 E607.31639
G1 X180.9 Y132.5 E608.48299
G1 X180.956 Y132.245 E608.49168
G1 X181.098 Y132.054 E608.49959
G1 X181.27 Y131.945 E608.50637
G1 X181.431 Y131.9 E608.51193
G1 X187.9 Y131.9 E608.72709
G1 X187.9 Y121.1 E609.08629
G1 X177.1 Y121.1 E609.4455
G1 X177.1 Y127.569 E609.66066
G1 X177.055 Y127.731 E609.66626
G1 X176.86 Y127.98 E609.67678
G1 X176.583 Y128.1 E609.68682
G1 X135.5 Y128.1 E611.05324
G1 X135.217 Y128.03 E611.06294
G1 X135.02 Y127.86 E611.07159
G1 X134.9 Y127.62 E611.08052
G1 X134.9 Y116.1 E611.46367
G1 X124.1 Y116.1 E611.82288
G1 X124.1 Y127.62 E612.20604
G1 X123.98 Y127.861 E612.21499
G1 X123.782 Y128.03 E612.22365
G1 X123.578 Y128.1 E612.23083
G1 X112.1 Y128.1 E612.61259
G1 X112.1 Y171.9 E614.06938
G1 X123.5 Y171.9 E614.44855
G1 X123.783 Y171.97 E614.45824
G1 X123.98 Y172.14 E614.4669
G1 X124.1 Y172.379 E614.47579
G1 X124.1 Y183.9 E614.85898
G1 X134.9 Y183.9 E615.21819
G1 X134.9 Y172.379 E615.60138
G1 X135.02 Y172.14 E615.61028
G1 X135.217 Y171.97 E615.61893
G1 X135.422 Y171.9 E615.62614
G1 X150 Y171.9 E616.111
G1 F2400 E615.611
G0 F15000 X150 Y171.59
G0 X134.662 Y171.662
G0 X134.656 Y180.431
G0 X130.925 Y182.971
G0 X130.369 Y183.201
G0 X129.48 Y183.412
G0 X129.5 Y183.1
G1 F2400 E616.111
G1 F6000 X129.123 Y183.073 E616.12357
G1 X128.859 Y183.021 E616.13252
G1 X128.463 Y182.887 E616.14643
G1 X128.171 Y182.734 E616.15739
G1 X127.951 Y182.591 E616.16612
G1 X127.688 Y182.368 E616.17759
G1 X127.416 Y182.056 E616.19135
G1 X127.223 Y181.762 E616.20305
G1 X127.082 Y181.462 E616.21408
G1 X126.998 Y181.226 E616.22241
G1 X126.92 Y180.86 E616.23485
G1 X126.896 Y180.5 E616.24685
G1 X126.923 Y180.124 E616.25939
G1 X126.997 Y179.777 E616.27119
G1 X127.109 Y179.471 E616.28203
G1 X127.225 Y179.235 E616.29078
G1 X127.46 Y178.884 E616.30483
G1 X127.688 Y178.633 E616.31611
G1 X127.884 Y178.46 E616.3248
G1 X128.235 Y178.225 E616.33885
G1 X128.537 Y178.081 E616.34998
G1 X128.86 Y177.975 E616.36128
G1 X129.136 Y177.92 E616.37064
G1 X129.5 Y177.896 E616.38278
G1 X129.871 Y177.922 E616.39515
G1 X130.226 Y177.998 E616.40722
G1 X130.462 Y178.082 E616.41555
G1 X130.762 Y178.223 E616.42658
G1 X131.108 Y178.457 E616.44047
G1 X131.367 Y178.688 E616.45201
G1 X131.591 Y178.951 E616.4635
G1 X131.767 Y179.228 E616.47442
G1 X131.921 Y179.546 E616.48617
G1 X132.021 Y179.859 E616.4971
G1 X132.083 Y180.203 E616.50873
G1 X132.1 Y180.5 E616.51862
G1 X132.076 Y180.86 E616.53062
G1 X132.001 Y181.217 E616.54275
G1 X131.889 Y181.529 E616.55378
G1 X131.732 Y181.833 E616.56516
G1 X131.543 Y182.108 E616.57626
G1 X131.308 Y182.372 E616.58801
G1 X131.049 Y182.588 E616.59923
G1 X130.769 Y182.769 E616.61032
G1 X130.453 Y182.921 E616.62198
G1 X130.139 Y183.022 E616.63295
G1 X129.86 Y183.076 E616.64241
G1 X129.5 Y183.1 E616.65441
G1 F2400 E616.15441
G0 F15000 X129.48 Y183.412
G0 X134.651 Y182.942
G0 X134.662 Y171.662
G0 X177.338 Y171.662
G0 X181.046 Y177.984
G0 X184.48 Y178.412
G0 X184.5 Y178.1
G1 F2400 E616.65441
G1 F6000 X184.123 Y178.073 E616.66698
G1 X183.859 Y178.021 E616.67593
G1 X183.463 Y177.887 E616.68983
G1 X183.171 Y177.734 E616.7008
G1 X182.951 Y177.591 E616.70952
G1 X182.688 Y177.368 E616.72099
G1 X182.416 Y177.056 E616.73476
G1 X182.223 Y176.762 E616.74646
G1 X182.082 Y176.462 E616.75748
G1 X181.974 Y176.139 E616.76881
G1 X181.92 Y175.86 E616.77826
G1 X181.896 Y175.5 E616.79026
G1 X181.923 Y175.124 E616.8028
G1 X181.997 Y174.777 E616.8146
G1 X182.109 Y174.471 E616.82544
G1 X182.266 Y174.165 E616.83688
G1 X182.436 Y173.914 E616.84696
G1 X182.659 Y173.659 E616.85823
G1 X182.914 Y173.436 E616.86949
G1 X183.235 Y173.225 E616.88227
G1 X183.537 Y173.081 E616.8934
G1 X183.859 Y172.975 E616.90467
G1 X184.136 Y172.92 E616.91407
G1 X184.5 Y172.896 E616.9262
G1 X184.794 Y172.913 E616.93599
G1 X185.226 Y172.998 E616.95064
G1 X185.462 Y173.082 E616.95897
G1 X185.762 Y173.223 E616.96999
G1 X186.108 Y173.456 E616.98387
G1 X186.368 Y173.688 E616.99546
G1 X186.591 Y173.951 E617.00693
G1 X186.767 Y174.228 E617.01784
G1 X186.922 Y174.545 E617.02958
G1 X187.002 Y174.785 E617.03799
G1 X187.073 Y175.123 E617.04948
G1 X187.1 Y175.5 E617.06205
G1 X187.074 Y175.871 E617.07442
G1 X187.001 Y176.217 E617.08618
G1 X186.889 Y176.529 E617.09721
G1 X186.732 Y176.833 E617.10859
G1 X186.543 Y177.108 E617.11969
G1 X186.341 Y177.341 E617.12994
G1 X186.049 Y177.588 E617.14266
G1 X185.769 Y177.769 E617.15375
G1 X185.453 Y177.921 E617.16541
G1 X185.139 Y178.022 E617.17639
G1 X184.86 Y178.076 E617.18584
G1 X184.5 Y178.1 E617.19784
G1 F2400 E616.69784
G0 F15000 X184.48 Y178.412
G0 X183.408 Y178.136
G0 X182.763 Y177.764
G0 X182.236 Y177.237
G0 X181.864 Y176.592
G0 X181.671 Y175.873
G0 X180.662 Y168.338
G0 X180.662 Y131.662
G0 X184.48 Y127.412
G0 X184.5 Y127.1
G1 F2400 E617.19784
G1 F6000 X184.123 Y127.073 E617.21041
G1 X183.786 Y127.002 E617.22186
G1 X183.546 Y126.922 E617.23028
G1 X183.227 Y126.767 E617.24207
G1 X182.917 Y126.567 E617.25434
G1 X182.657 Y126.339 E617.26585
G1 X182.457 Y126.108 E617.27601
G1 X182.263 Y125.832 E617.28723
G1 X182.082 Y125.462 E617.30093
G1 X181.974 Y125.139 E617.31226
G1 X181.92 Y124.86 E617.32171
G1 X181.896 Y124.5 E617.33371
G1 X181.923 Y124.124 E617.34625
G1 X181.997 Y123.777 E617.35805
G1 X182.109 Y123.471 E617.36889
G1 X182.266 Y123.164 E617.38035
G1 X182.461 Y122.884 E617.3917
G1 X182.688 Y122.632 E617.40298
G1 X182.945 Y122.414 E617.41419
G1 X183.235 Y122.225 E617.42571
G1 X183.537 Y122.081 E617.43683
G1 X183.86 Y121.975 E617.44814
G1 X184.136 Y121.92 E617.4575
G1 X184.5 Y121.896 E617.46963
G1 X184.794 Y121.913 E617.47943
G1 X185.139 Y121.974 E617.49108
G1 X185.522 Y122.107 E617.50457
G1 X185.761 Y122.223 E617.5134
G1 X186.056 Y122.416 E617.52513
G1 X186.341 Y122.659 E617.53758
G1 X186.591 Y122.951 E617.55037
G1 X186.767 Y123.228 E617.56128
G1 X186.922 Y123.545 E617.57302
G1 X187.002 Y123.785 E617.58143
G1 X187.073 Y124.123 E617.59292
G1 X187.1 Y124.5 E617.60549
G1 X187.074 Y124.871 E617.61786
G1 X187.001 Y125.217 E617.62962
G1 X186.889 Y125.529 E617.64065
G1 X186.732 Y125.833 E617.65203
G1 X186.543 Y126.108 E617.66313
G1 X186.308 Y126.371 E617.67486
G1 X186.108 Y126.544 E617.68365
G1 X185.833 Y126.732 E617.69473
G1 X185.529 Y126.889 E617.70611
G1 X185.217 Y127.001 E617.71714
G1 X184.86 Y127.076 E617.72927
G1 X184.5 Y127.1 E617.74127
G0 F15000 X184.487 Y126.7
;TYPE:WALL-OUTER
G1 F6000 X184.201 Y126.681 E617.75081
G1 X183.912 Y126.622 E617.76062
G1 X183.645 Y126.531 E617.77
G1 X183.409 Y126.411 E617.7788
G1 X183.159 Y126.248 E617.78873
G1 X182.941 Y126.057 E617.79837
G1 X182.747 Y125.83 E617.8083
G1 X182.583 Y125.588 E617.81803
G1 X182.467 Y125.348 E617.82689
G1 X182.367 Y125.063 E617.83694
G1 X182.314 Y124.791 E617.84615
G1 X182.296 Y124.487 E617.85628
G1 X182.315 Y124.201 E617.86582
G1 X182.367 Y123.937 E617.87477
G1 X182.468 Y123.647 E617.88498
G1 X182.584 Y123.411 E617.89373
G1 X182.761 Y123.148 E617.90427
G1 X182.952 Y122.933 E617.91383
G1 X183.168 Y122.746 E617.92334
G1 X183.411 Y122.584 E617.93305
G1 X183.669 Y122.459 E617.94259
G1 X183.937 Y122.367 E617.95201
G1 X184.205 Y122.314 E617.9611
G1 X184.513 Y122.296 E617.97136
G1 X184.794 Y122.315 E617.98073
G1 X185.092 Y122.375 E617.99084
G1 X185.348 Y122.467 E617.99988
G1 X185.587 Y122.583 E618.00872
G1 X185.83 Y122.746 E618.01845
G1 X186.058 Y122.942 E618.02845
G1 X186.256 Y123.17 E618.0385
G1 X186.411 Y123.409 E618.04797
G1 X186.531 Y123.645 E618.05678
G1 X186.629 Y123.937 E618.06702
G1 X186.684 Y124.227 E618.07684
G1 X186.7 Y124.513 E618.08636
G1 X186.681 Y124.795 E618.09577
G1 X186.597 Y125.216 E618.11004
G1 X186.399 Y125.611 E618.12474
G1 X186.24 Y125.847 E618.1342
G1 X186.047 Y126.068 E618.14396
G1 X185.827 Y126.255 E618.15357
G1 X185.59 Y126.411 E618.163
G1 X185.325 Y126.542 E618.17284
G1 X185.063 Y126.629 E618.18202
G1 X184.791 Y126.682 E618.19123
G1 X184.487 Y126.7 E618.20136
G1 F2400 E617.70136
G0 F15000 X184.441 Y127.409
G0 X180.662 Y131.662
G0 X180.662 Y168.338
G0 X181.744 Y176.238
G0 X182.029 Y176.925
G0 X182.482 Y177.518
G0 X183.075 Y177.971
G0 X183.464 Y178.132
G0 X184.441 Y178.409
G0 X184.487 Y177.7
G1 F2400 E618.20136
G1 F6000 X184.201 Y177.681 E618.2109
G1 X183.912 Y177.622 E618.22071
G1 X183.645 Y177.531 E618.23009
G1 X183.39 Y177.4 E618.23962
G1 X183.148 Y177.239 E618.24929
G1 X182.932 Y177.047 E618.2589
G1 X182.746 Y176.83 E618.26841
G1 X182.583 Y176.588 E618.27811
G1 X182.459 Y176.328 E618.2877
G1 X182.367 Y176.063 E618.29703
G1 X182.314 Y175.791 E618.30624
G1 X182.296 Y175.487 E618.31637
G1 X182.315 Y175.201 E618.3259
G1 X182.367 Y174.937 E618.33485
G1 X182.468 Y174.647 E618.34507
G1 X182.584 Y174.411 E618.35381
G1 X182.753 Y174.158 E618.36393
G1 X182.942 Y173.942 E618.37348
G1 X183.158 Y173.753 E618.38303
G1 X183.411 Y173.584 E618.39315
G1 X183.669 Y173.459 E618.40268
G1 X183.937 Y173.367 E618.4121
G1 X184.205 Y173.314 E618.42119
G1 X184.513 Y173.296 E618.43145
G1 X184.795 Y173.315 E618.44085
G1 X185.063 Y173.367 E618.44993
G1 X185.328 Y173.459 E618.45926
G1 X185.588 Y173.583 E618.46884
G1 X185.847 Y173.76 E618.47928
G1 X186.067 Y173.952 E618.48899
G1 X186.256 Y174.17 E618.49859
G1 X186.411 Y174.409 E618.50806
G1 X186.531 Y174.645 E618.51687
G1 X186.629 Y174.937 E618.52711
G1 X186.684 Y175.227 E618.53693
G1 X186.7 Y175.5 E618.54602
G1 X186.681 Y175.795 E618.55586
G1 X186.597 Y176.216 E618.57013
G1 X186.399 Y176.611 E618.58483
G1 X186.24 Y176.847 E618.59429
G1 X186.058 Y177.058 E618.60356
G1 X185.827 Y177.255 E618.61366
G1 X185.59 Y177.411 E618.6231
G1 X185.325 Y177.542 E618.63293
G1 X185.063 Y177.629 E618.64211
G1 X184.791 Y177.682 E618.65133
G1 X184.487 Y177.7 E618.66146
G1 F2400 E618.16146
G0 F15000 X184.441 Y178.409
G0 X177.349 Y176.471
G0 X177.338 Y171.662
G0 X150 Y171.59
G0 X150 Y172.302
G1 F2400 E618.66146
G1 F6000 X176.56 Y172.3 E619.54485
G1 X176.649 Y172.365 E619.54851
G1 X176.698 Y172.468 E619.55231
G1 X176.7 Y179.3 E619.77954
G1 X188.3 Y179.3 E620.16536
G1 X188.3 Y167.7 E620.55117
G1 X181.468 Y167.698 E620.77841
G1 X181.365 Y167.649 E620.7822
G1 X181.303 Y167.535 E620.78652
G1 X181.3 Y132.439 E621.95381
G1 X181.366 Y132.351 E621.95747
G1 X181.468 Y132.302 E621.96124
G1 X188.3 Y132.3 E622.18847
G1 X188.3 Y120.7 E622.57429
G1 X176.7 Y120.7 E622.96011
G1 X176.698 Y127.56 E623.18827
G1 X176.62 Y127.66 E623.19249
G1 X176.535 Y127.697 E623.19557
G1 X135.423 Y127.7 E624.56296
G1 X135.3 Y127.54 E624.56967
G1 X135.3 Y115.7 E624.96347
G1 X123.7 Y115.7 E625.34929
G1 X123.7 Y127.54 E625.74309
G1 X123.66 Y127.621 E625.7461
G1 X123.535 Y127.697 E625.75096
G1 X111.7 Y127.7 E626.1446
G1 X111.7 Y172.3 E627.628
G1 X123.577 Y172.3 E628.02303
G1 X123.7 Y172.459 E628.02971
G1 X123.7 Y184.3 E628.42355
G1 X135.3 Y184.3 E628.80937
G1 X135.3 Y172.459 E629.2032
G1 X135.34 Y172.38 E629.20614
G1 X135.465 Y172.303 E629.21103
G1 X150 Y172.302 E629.69446
G1 F2400 E629.19446
G0 F15000 X150 Y171.59
G0 X150 Y170.41
G0 X150 Y169.697
G1 F2400 E629.69446
G1 F6000 X114.444 Y169.7 E630.87706
G1 X114.358 Y169.642 E630.88051
G1 X114.303 Y169.535 E630.88451
G1 X114.3 Y130.444 E632.18468
G1 X114.358 Y130.358 E632.18813
G1 X114.465 Y130.303 E632.19214
G1 X178.547 Y130.301 E634.32351
G1 X178.661 Y130.376 E634.32805
G1 X178.695 Y130.449 E634.33073
G1 X178.695 Y169.548 E635.63117
G1 X178.661 Y169.62 E635.63381
G1 X178.548 Y169.695 E635.63833
G1 X150 Y169.697 E636.58784
G1 F2400 E636.08784
G0 F15000 X150 Y170.41
G0 X134.662 Y171.662
G0 X134.656 Y180.112
G0 X130.925 Y182.971
G0 X130.369 Y183.201
G0 X129.441 Y183.409
G0 X129.487 Y182.7
G1 F2400 E636.58784
G1 F6000 X129.201 Y182.681 E636.59737
G1 X128.912 Y182.622 E636.60718
G1 X128.645 Y182.531 E636.61656
G1 X128.39 Y182.4 E636.6261
G1 X128.148 Y182.239 E636.63576
G1 X127.932 Y182.047 E636.64538
G1 X127.746 Y181.83 E636.65488
G1 X127.583 Y181.588 E636.66459
G1 X127.467 Y181.348 E636.67345
G1 X127.367 Y181.063 E636.6835
G1 X127.314 Y180.791 E636.69272
G1 X127.296 Y180.487 E636.70284
G1 X127.315 Y180.201 E636.71238
G1 X127.367 Y179.937 E636.72133
G1 X127.468 Y179.647 E636.73154
G1 X127.584 Y179.411 E636.74029
G1 X127.761 Y179.148 E636.75083
G1 X127.952 Y178.933 E636.7604
G1 X128.168 Y178.746 E636.7699
G1 X128.411 Y178.584 E636.77961
G1 X128.669 Y178.459 E636.78915
G1 X128.937 Y178.367 E636.79857
G1 X129.205 Y178.314 E636.80766
G1 X129.513 Y178.296 E636.81792
G1 X129.795 Y178.315 E636.82732
G1 X130.064 Y178.367 E636.83643
G1 X130.348 Y178.467 E636.84645
G1 X130.588 Y178.583 E636.85531
G1 X130.847 Y178.76 E636.86575
G1 X131.067 Y178.952 E636.87546
G1 X131.256 Y179.17 E636.88506
G1 X131.411 Y179.409 E636.89453
G1 X131.531 Y179.645 E636.90334
G1 X131.629 Y179.937 E636.91358
G1 X131.684 Y180.227 E636.9234
G1 X131.7 Y180.513 E636.93292
G1 X131.681 Y180.795 E636.94233
G1 X131.597 Y181.216 E636.9566
G1 X131.399 Y181.611 E636.9713
G1 X131.24 Y181.847 E636.98076
G1 X131.047 Y182.068 E636.99052
G1 X130.827 Y182.255 E637.00013
G1 X130.59 Y182.411 E637.00956
G1 X130.325 Y182.542 E637.0194
G1 X130.063 Y182.629 E637.02858
G1 X129.791 Y182.682 E637.03779
G1 X129.487 Y182.7 E637.04792
G1 F2400 E636.54792
G0 F15000 X129.441 Y183.409
G0 X128.408 Y183.136
G0 X127.763 Y182.764
G0 X127.236 Y182.237
G0 X126.864 Y181.592
G0 X126.671 Y180.873
G0 X126.671 Y180.127
G0 X129.441 Y170.35
G0 X113.662 Y170.338
G0 X113.662 Y129.662
G0 X126.443 Y129.651
G0 X129.441 Y122.409
G0 X129.487 Y121.7
G1 F2400 E637.04792
G1 F6000 X129.201 Y121.681 E637.05746
G1 X128.936 Y121.629 E637.06644
G1 X128.645 Y121.531 E637.07665
G1 X128.39 Y121.4 E637.08619
G1 X128.17 Y121.256 E637.09493
G1 X127.932 Y121.047 E637.10547
G1 X127.747 Y120.83 E637.11495
G1 X127.583 Y120.588 E637.12467
G1 X127.467 Y120.348 E637.13354
G1 X127.367 Y120.063 E637.14359
G1 X127.314 Y119.791 E637.1528
G1 X127.296 Y119.487 E637.16293
G1 X127.315 Y119.201 E637.17247
G1 X127.367 Y118.937 E637.18141
G1 X127.468 Y118.647 E637.19163
G1 X127.584 Y118.411 E637.20037
G1 X127.761 Y118.148 E637.21092
G1 X127.952 Y117.933 E637.22048
G1 X128.168 Y117.746 E637.22999
G1 X128.411 Y117.584 E637.2397
G1 X128.669 Y117.459 E637.24924
G1 X128.937 Y117.367 E637.25866
G1 X129.205 Y117.314 E637.26775
G1 X129.513 Y117.296 E637.27801
G1 X129.794 Y117.315 E637.28737
G1 X130.092 Y117.375 E637.29749
G1 X130.348 Y117.467 E637.30653
G1 X130.587 Y117.583 E637.31537
G1 X130.83 Y117.746 E637.3251
G1 X131.067 Y117.952 E637.33555
G1 X131.256 Y118.17 E637.34514
G1 X131.411 Y118.409 E637.35462
G1 X131.531 Y118.645 E637.36342
G1 X131.629 Y118.937 E637.37367
G1 X131.684 Y119.227 E637.38348
G1 X131.7 Y119.513 E637.39301
G1 X131.681 Y119.795 E637.40241
G1 X131.597 Y120.216 E637.41669
G1 X131.399 Y120.611 E637.43139
G1 X131.24 Y120.847 E637.44085
G1 X131.047 Y121.068 E637.45061
G1 X130.827 Y121.255 E637.46021
G1 X130.59 Y121.411 E637.46965
G1 X130.325 Y121.542 E637.47948
G1 X130.063 Y121.629 E637.48866
G1 X129.791 Y121.682 E637.49788
G1 X129.487 Y121.7 E637.50801
G0 F15000 X129.441 Y122.409
G0 X130.592 Y122.136
G0 X131.172 Y121.801
G0 X131.97 Y121.036
G0 X131.777 Y120.907
;TYPE:FILL
G1 F12000 X129.389 Y129.82 E637.81491
G0 F15000 X129.389 Y129.589
G0 X131.418 Y129.589
G0 X131.418 Y129.818
G1 F12000 X124.18 Y122.58 E638.15537
G0 F15000 X124.41 Y122.58
G0 X124.41 Y124.96
G0 X124.18 Y124.96
G1 F12000 X134.82 Y122.109 E638.52174
G0 F15000 X134.82 Y121.907
G1 F12000 X132.166 Y119.253 E638.64657
G1 X132.176 Y119.419
G1 X133.044 Y116.179 E638.75814
G0 F15000 X133.044 Y116.41
G0 X129.758 Y116.604
G0 X129.743 Y116.83
G1 F12000 X129.094 Y116.18 E638.78869
G0 F15000 X129.094 Y116.41
G0 X126.039 Y116.41
G0 X126.039 Y116.179
G1 F12000 X124.181 Y116.677 E638.85267
G0 F15000 X124.762 Y116.179
G1 F12000 X124.18 Y118.35 E638.92742
G0 F15000 X124.41 Y118.35
G0 X124.338 Y128.338
G0 X121.546 Y128.41
G0 X121.546 Y128.18
G1 F12000 X121.107 Y129.82 E638.98389
G0 F15000 X121.107 Y129.589
G0 X120.105 Y129.589
G0 X120.105 Y129.819
G1 F12000 X118.466 Y128.18 E639.06098
G0 F15000 X118.466 Y128.41
G0 X113.264 Y128.41
G0 X113.264 Y128.18
G1 F12000 X112.18 Y132.225 E639.20027
G0 F15000 X112.18 Y133.208
G1 F12000 X113.82 Y134.848 E639.27741
G0 F15000 X113.59 Y134.848
G0 X113.59 Y136.018
G0 X113.819 Y136.018
G1 F12000 X112.18 Y136.457 E639.33384
G0 F15000 X112.41 Y136.457
G0 X113.59 Y144.3
G0 X113.82 Y144.3
G1 F12000 X112.181 Y144.739 E639.39028
G0 F15000 X112.18 Y144.521
G1 F12000 X113.82 Y146.162 E639.46744
G0 F15000 X113.59 Y146.162
G0 X113.59 Y152.582
G0 X113.82 Y152.582
G1 F12000 X112.18 Y153.022 E639.52392
G0 F15000 X112.41 Y153.022
G0 X112.41 Y155.835
G0 X112.18 Y155.835
G1 F12000 X113.82 Y157.476 E639.60108
G0 F15000 X113.82 Y157.016
G1 F12000 X112.18 Y163.134 E639.81175
G0 F15000 X112.41 Y163.134
G0 X112.41 Y161.304
G0 X112.18 Y161.304
G1 F12000 X113.819 Y160.865 E639.86819
G0 F15000 X113.59 Y160.865
G0 X112.41 Y167.149
G0 X112.18 Y167.149
G1 F12000 X113.82 Y168.789 E639.94533
G0 F15000 X113.82 Y169.147
G1 F12000 X112.181 Y169.586 E640.00176
G0 F15000 X112.41 Y169.586
G0 X113.662 Y170.338
G0 X115.211 Y170.41
G0 X115.211 Y170.18
G1 F12000 X116.851 Y171.82 E640.0789
G0 F15000 X116.851 Y171.59
G0 X118.135 Y171.59
G0 X118.135 Y171.821
G1 F12000 X118.574 Y170.18 E640.1354
G0 F15000 X118.574 Y170.41
G0 X124.338 Y171.662
G0 X124.41 Y174.653
G0 X124.181 Y174.653
G1 F12000 X140.873 Y170.18 E640.71017
G0 F15000 X140.873 Y170.41
G0 X139.478 Y171.59
G0 X139.478 Y171.82
G1 F12000 X137.838 Y170.18 E640.78731
G0 F15000 X137.838 Y170.41
G0 X135.139 Y170.41
G0 X135.139 Y170.18
G1 F12000 X131.484 Y183.821 E641.25701
G0 F15000 X131.484 Y183.59
G0 X128.851 Y183.59
G0 X128.851 Y183.82
G1 F12000 X124.18 Y179.149 E641.47672
G0 F15000 X124.41 Y179.149
G0 X124.41 Y180.168
G0 X124.18 Y180.168
G1 F12000 X126.857 Y170.18 E641.82065
G0 F15000 X126.525 Y170.18
G1 F12000 X134.821 Y178.476 E642.21087
G0 F15000 X134.59 Y178.476
G0 X134.59 Y180.084
G0 X134.819 Y180.084
G1 F12000 X132.159 Y180.797 E642.30247
G0 F15000 X132.393 Y180.812
G0 X131.971 Y181.925
G0 X131.518 Y182.518
G0 X130.925 Y182.971
G0 X130.238 Y183.256
G0 X129.5 Y183.354
G0 X128.762 Y183.256
G0 X128.075 Y182.971
G0 X127.149 Y182.215
G0 X127.342 Y182.088
G1 F12000 X124.181 Y182.935 E642.41131
G0 F15000 X124.41 Y182.935
G0 X127.236 Y178.763
G0 X134.662 Y171.662
G0 X142.981 Y171.59
G0 X142.981 Y171.821
G1 F12000 X143.421 Y170.18 E642.46782
G0 F15000 X143.421 Y170.41
G0 X149.152 Y170.41
G0 X149.152 Y170.18
G1 F12000 X150.792 Y171.82 E642.54496
G0 F15000 X151.264 Y171.821
G1 F12000 X151.703 Y170.179 E642.60149
G0 F15000 X151.703 Y170.41
G0 X159.546 Y171.59
G0 X159.546 Y171.82
G1 F12000 X159.986 Y170.18 E642.65796
G0 F15000 X160.466 Y170.18
G1 F12000 X162.106 Y171.82 E642.73511
G0 F15000 X162.106 Y171.59
G0 X165.661 Y171.59
G0 X165.661 Y171.82
G1 F12000 X171.783 Y170.18 E642.9459
G1 X171.78 Y170.18
G1 X173.419 Y171.82 E643.02302
G0 F15000 X173.419 Y171.59
G0 X176.11 Y171.59
G0 X176.11 Y171.82
G1 F12000 X176.55 Y170.18 E643.0795
G0 F15000 X176.55 Y170.41
G0 X179.338 Y170.338
G0 X179.41 Y168.199
G0 X179.181 Y168.198
G1 F12000 X180.871 Y167.745 E643.13769
G0 F15000 X180.59 Y167.745
G0 X179.41 Y166.267
G0 X179.179 Y166.266
G1 F12000 X187.82 Y174.907 E643.54414
G0 F15000 X187.819 Y174.165
G1 F12000 X186.94 Y174.401 E643.57441
G0 F15000 X187.149 Y174.298
G0 X186.518 Y173.482
G0 X185.925 Y173.029
G0 X185.238 Y172.744
G0 X184.075 Y172.619
G0 X184.119 Y172.843
G1 F12000 X185.368 Y168.179 E643.735
G0 F15000 X185.368 Y168.41
G0 X181.864 Y174.408
G0 X181.754 Y174.815
G0 X181.604 Y175.783
G0 X181.834 Y175.769
G1 F12000 X177.18 Y177.016 E643.89525
G0 F15000 X177.41 Y177.016
G0 X177.41 Y175.58
G0 X177.18 Y175.58
G1 F12000 X180.42 Y178.82 E644.04765
G0 F15000 X180.42 Y178.59
G0 X182.517 Y178.59
G0 X182.517 Y178.82
G1 F12000 X182.843 Y177.604 E644.08952
G0 F15000 X182.688 Y177.779
G0 X177.338 Y171.662
G0 X167.828 Y171.59
G0 X167.828 Y171.821
G1 F12000 X168.268 Y170.18 E644.14603
G0 F15000 X168.268 Y170.41
G0 X179.338 Y170.338
G0 X179.41 Y160.365
G0 X179.18 Y160.364
G1 F12000 X180.82 Y154.244 E644.35677
G0 F15000 X180.59 Y154.244
G0 X179.41 Y154.954
G0 X179.179 Y154.953
G1 F12000 X180.82 Y156.593 E644.43393
G0 F15000 X180.59 Y156.593
G0 X180.59 Y159.476
G0 X180.82 Y159.476
G1 F12000 X179.181 Y159.916 E644.49037
G0 F15000 X179.41 Y159.917
G0 X179.41 Y151.634
G0 X179.181 Y151.633
G1 F12000 X180.819 Y151.194 E644.54678
G0 F15000 X180.59 Y151.194
G0 X180.59 Y145.279
G0 X180.82 Y145.279
G1 F12000 X179.179 Y143.639 E644.62394
G0 F15000 X179.18 Y143.351
G1 F12000 X180.82 Y142.912 E644.68041
G0 F15000 X180.59 Y142.912
G0 X179.41 Y135.07
G0 X179.181 Y135.069
G1 F12000 X180.819 Y134.63 E644.73681
G0 F15000 X180.82 Y133.966
G1 F12000 X179.179 Y132.325 E644.814
G0 F15000 X179.41 Y132.326
G0 X179.41 Y130.062
G0 X179.018 Y130.061
G1 F12000 X181.397 Y121.179 E645.11983
G0 F15000 X181.397 Y121.41
G0 X179.348 Y121.41
G0 X179.348 Y121.18
G1 F12000 X181.927 Y123.759 E645.24114
G0 F15000 X181.707 Y123.684
G0 X181.671 Y124.873
G0 X182.066 Y126.091
G0 X182.261 Y125.962
G1 F12000 X177.181 Y127.323 E645.41606
G0 F15000 X177.41 Y127.323
G0 X177.338 Y128.338
G0 X175.034 Y128.41
G0 X175.034 Y128.18
G1 F12000 X176.671 Y129.816 E645.49303
G0 F15000 X176.671 Y129.588
G0 X173.982 Y128.41
G0 X173.982 Y128.18
G1 F12000 X167.873 Y129.817 E645.70339
G0 F15000 X167.873 Y129.588
G0 X165.358 Y129.588
G0 X165.358 Y129.817
G1 F12000 X163.721 Y128.18 E645.78039
G0 F15000 X162.957 Y128.179
G1 F12000 X162.518 Y129.817 E645.83679
G0 F15000 X162.518 Y129.588
G0 X154.675 Y128.41
G0 X154.675 Y128.179
G1 F12000 X154.236 Y129.819 E645.89326
G1 X154.044 Y129.817
G1 X152.407 Y128.18 E645.97025
G0 F15000 X152.407 Y128.41
G0 X146.393 Y128.41
G0 X146.393 Y128.18
G1 F12000 X145.954 Y129.819 E646.02669
G0 F15000 X145.954 Y129.589
G0 X142.731 Y129.589
G0 X142.731 Y129.818
G1 F12000 X141.093 Y128.18 E646.10374
G0 F15000 X141.093 Y128.41
G0 X143.071 Y128.41
G0 X143.071 Y128.18
G1 F12000 X136.956 Y129.819 E646.3143
G0 F15000 X137.671 Y129.819
G1 F12000 X138.111 Y128.179 E646.37078
G1 F2400 E645.87078
G0 F15000 X138.111 Y128.41
G0 X170.801 Y129.588
G0 X170.801 Y129.817
G1 F2400 E646.37078
G1 F12000 X171.24 Y128.18 E646.42715
G0 F15000 X171.24 Y128.41
G0 X177.338 Y128.338
G0 X185.315 Y127.294
G0 X185.241 Y127.073
G1 F12000 X187.82 Y129.652 E646.54846
G0 F15000 X187.59 Y129.652
G0 X187.59 Y128.119
G0 X187.82 Y128.119
G1 F12000 X186.828 Y131.82 E646.6759
G0 F15000 X186.828 Y131.59
G0 X187.402 Y124.661
G0 X187.17 Y124.646
G1 F12000 X187.82 Y124.472 E646.69828
G1 F2400 E646.19828
;MESH:NONMESH
G0 F300 X187.82 Y124.472 Z1.8
G0 F15000 X187.59 Y124.472
G0 X186.971 Y123.075
G0 X186.518 Y122.482
G0 X185.925 Y122.029
G0 X185.238 Y121.744
G0 X184.5 Y121.645
G0 X183.762 Y121.744
G0 X177.351 Y124.109
G0 X177.338 Y128.338
G0 X134.662 Y128.338
G0 X129.481 Y122.412
G0 X129.501 Y122.1
;TIME_ELAPSED:882.271782
;LAYER:8
;TYPE:WALL-INNER
;MESH:Vakuumpumpe casing (berre sk??l)V2.stl
G1 F2400 E646.69828
G1 F6000 X129.124 Y122.073 E646.71085
G1 X128.786 Y122.002 E646.72234
G1 X128.464 Y121.887 E646.73371
G1 X128.171 Y121.735 E646.74469
G1 X127.884 Y121.54 E646.75623
G1 X127.628 Y121.308 E646.76772
G1 X127.417 Y121.056 E646.77865
G1 X127.223 Y120.762 E646.79036
G1 X127.082 Y120.462 E646.80139
G1 X126.998 Y120.226 E646.80972
G1 X126.92 Y119.86 E646.82217
G1 X126.896 Y119.5 E646.83417
G1 X126.923 Y119.124 E646.84671
G1 X126.997 Y118.777 E646.85851
G1 X127.109 Y118.471 E646.86934
G1 X127.266 Y118.164 E646.88081
G1 X127.461 Y117.884 E646.89216
G1 X127.688 Y117.632 E646.90344
G1 X127.945 Y117.414 E646.91465
G1 X128.235 Y117.225 E646.92616
G1 X128.537 Y117.081 E646.93729
G1 X128.86 Y116.975 E646.9486
G1 X129.136 Y116.92 E646.95796
G1 X129.5 Y116.896 E646.97009
G1 X129.794 Y116.913 E646.97989
G1 X130.139 Y116.974 E646.99154
G1 X130.522 Y117.107 E647.00503
G1 X130.761 Y117.223 E647.01386
G1 X131.056 Y117.416 E647.02559
G1 X131.308 Y117.628 E647.03654
G1 X131.591 Y117.951 E647.05082
G1 X131.767 Y118.227 E647.06171
G1 X131.921 Y118.546 E647.07349
G1 X132.021 Y118.859 E647.08442
G1 X132.083 Y119.203 E647.09605
G1 X132.1 Y119.5 E647.10594
G1 X132.076 Y119.86 E647.11794
G1 X132.001 Y120.217 E647.13007
G1 X131.889 Y120.529 E647.1411
G1 X131.732 Y120.833 E647.15248
G1 X131.544 Y121.108 E647.16356
G1 X131.308 Y121.371 E647.17531
G1 X131.049 Y121.588 E647.18655
G1 X130.769 Y121.769 E647.19764
G1 X130.341 Y121.975 E647.21344
G1 X129.86 Y122.076 E647.22978
G1 X129.501 Y122.1 E647.24175
G1 F2400 E646.74175
G0 F15000 X129.481 Y122.412
G0 X124.387 Y129.657
G0 X113.662 Y129.662
G0 X113.662 Y170.338
G0 X150 Y170.41
G0 X150 Y170.1
G1 F2400 E647.24175
G1 F6000 X114.5 Y170.1 E648.42249
G1 X114.261 Y170.051 E648.4306
G1 X114.075 Y169.925 E648.43807
G1 X113.949 Y169.739 E648.44555
G1 X113.9 Y169.574 E648.45127
G1 X113.9 Y130.5 E649.75088
G1 X113.949 Y130.261 E649.75899
G1 X114.075 Y130.075 E649.76646
G1 X114.261 Y129.949 E649.77394
G1 X114.426 Y129.9 E649.77966
G1 X178.5 Y129.896 E651.91077
G1 X178.731 Y129.941 E651.9186
G1 X178.923 Y130.069 E651.92627
G1 X179.1 Y130.392 E651.93852
G1 X179.1 Y169.608 E653.24285
G1 X178.982 Y169.859 E653.25208
G1 X178.859 Y169.982 E653.25786
G1 X178.608 Y170.1 E653.26709
G1 X150 Y170.1 E654.21859
G0 F15000 X150 Y170.41
G0 X150 Y171.59
G0 X150 Y171.9
G1 F6000 X176.5 Y171.9 E655.09999
G1 X176.755 Y171.956 E655.10867
G1 X176.946 Y172.097 E655.11657
G1 X177.1 Y172.429 E655.12874
G1 X177.1 Y178.9 E655.34397
G1 X187.9 Y178.9 E655.70318
G1 X187.9 Y168.1 E656.06238
G1 X181.429 Y168.1 E656.27761
G1 X181.097 Y167.946 E656.28978
G1 X180.956 Y167.754 E656.29771
G1 X180.9 Y167.575 E656.30394
G1 X180.9 Y132.5 E657.47054
G1 X180.956 Y132.245 E657.47923
G1 X181.098 Y132.054 E657.48714
G1 X181.27 Y131.945 E657.49392
G1 X181.431 Y131.9 E657.49948
G1 X187.9 Y131.9 E657.71464
G1 X187.9 Y121.1 E658.07385
G1 X177.1 Y121.1 E658.43305
G1 X177.1 Y127.569 E658.64821
G1 X177.055 Y127.731 E658.65381
G1 X176.86 Y127.98 E658.66433
G1 X176.583 Y128.1 E658.67437
G1 X135.5 Y128.1 E660.04079
G1 X135.217 Y128.03 E660.05049
G1 X135.02 Y127.86 E660.05914
G1 X134.9 Y127.62 E660.06807
G1 X134.9 Y116.1 E660.45122
G1 X124.1 Y116.1 E660.81043
G1 X124.1 Y127.62 E661.19359
G1 X123.98 Y127.861 E661.20255
G1 X123.782 Y128.03 E661.2112
G1 X123.578 Y128.1 E661.21838
G1 X112.1 Y128.1 E661.60014
G1 X112.1 Y171.9 E663.05693
G1 X123.5 Y171.9 E663.4361
G1 X123.783 Y171.97 E663.44579
G1 X123.98 Y172.14 E663.45445
G1 X124.1 Y172.379 E663.46334
G1 X124.1 Y183.9 E663.84653
G1 X134.9 Y183.9 E664.20574
G1 X134.9 Y172.379 E664.58893
G1 X135.02 Y172.14 E664.59783
G1 X135.217 Y171.97 E664.60648
G1 X135.422 Y171.9 E664.61369
G1 X150 Y171.9 E665.09855
G1 F2400 E664.59855
G0 F15000 X150 Y171.59
G0 X134.662 Y171.662
G0 X134.656 Y180.431
G0 X130.925 Y182.971
G0 X130.369 Y183.201
G0 X129.48 Y183.412
G0 X129.5 Y183.1
G1 F2400 E665.09855
G1 F6000 X129.123 Y183.073 E665.11112
G1 X128.859 Y183.021 E665.12007
G1 X128.463 Y182.887 E665.13398
G1 X128.171 Y182.734 E665.14494
G1 X127.951 Y182.591 E665.15367
G1 X127.688 Y182.368 E665.16514
G1 X127.416 Y182.056 E665.1789
G1 X127.223 Y181.762 E665.1906
G1 X127.082 Y181.462 E665.20163
G1 X126.998 Y181.226 E665.20996
G1 X126.92 Y180.86 E665.22241
G1 X126.896 Y180.5 E665.23441
G1 X126.923 Y180.124 E665.24694
G1 X126.997 Y179.777 E665.25874
G1 X127.109 Y179.471 E665.26958
G1 X127.225 Y179.235 E665.27833
G1 X127.46 Y178.884 E665.29238
G1 X127.688 Y178.633 E665.30366
G1 X127.884 Y178.46 E665.31235
G1 X128.235 Y178.225 E665.3264
G1 X128.537 Y178.081 E665.33753
G1 X128.86 Y177.975 E665.34884
G1 X129.136 Y177.92 E665.3582
G1 X129.5 Y177.896 E665.37033
G1 X129.871 Y177.922 E665.3827
G1 X130.226 Y177.998 E665.39477
G1 X130.522 Y178.107 E665.40526
G1 X130.84 Y178.269 E665.41713
G1 X131.108 Y178.457 E665.42802
G1 X131.367 Y178.688 E665.43957
G1 X131.591 Y178.951 E665.45106
G1 X131.767 Y179.228 E665.46197
G1 X131.921 Y179.546 E665.47372
G1 X132.021 Y179.859 E665.48465
G1 X132.083 Y180.203 E665.49628
G1 X132.1 Y180.5 E665.50617
G1 X132.076 Y180.86 E665.51817
G1 X132.001 Y181.217 E665.53031
G1 X131.889 Y181.529 E665.54133
G1 X131.732 Y181.833 E665.55271
G1 X131.543 Y182.108 E665.56381
G1 X131.308 Y182.372 E665.57556
G1 X131.049 Y182.588 E665.58678
G1 X130.769 Y182.769 E665.59787
G1 X130.453 Y182.921 E665.60953
G1 X130.139 Y183.022 E665.6205
G1 X129.86 Y183.076 E665.62996
G1 X129.5 Y183.1 E665.64196
G1 F2400 E665.14196
G0 F15000 X129.48 Y183.412
G0 X134.651 Y182.942
G0 X134.662 Y171.662
G0 X177.338 Y171.662
G0 X181.046 Y177.984
G0 X184.48 Y178.412
G0 X184.5 Y178.1
G1 F2400 E665.64196
G1 F6000 X184.123 Y178.073 E665.65453
G1 X183.859 Y178.021 E665.66348
G1 X183.463 Y177.887 E665.67738
G1 X183.171 Y177.734 E665.68835
G1 X182.951 Y177.591 E665.69707
G1 X182.688 Y177.368 E665.70854
G1 X182.416 Y177.056 E665.72231
G1 X182.223 Y176.762 E665.73401
G1 X182.082 Y176.462 E665.74503
G1 X181.974 Y176.139 E665.75636
G1 X181.92 Y175.86 E665.76581
G1 X181.896 Y175.5 E665.77781
G1 X181.923 Y175.124 E665.79035
G1 X181.997 Y174.777 E665.80215
G1 X182.109 Y174.471 E665.81299
G1 X182.266 Y174.165 E665.82443
G1 X182.436 Y173.914 E665.83451
G1 X182.659 Y173.659 E665.84578
G1 X182.914 Y173.436 E665.85704
G1 X183.235 Y173.225 E665.86982
G1 X183.537 Y173.081 E665.88095
G1 X183.859 Y172.975 E665.89222
G1 X184.136 Y172.92 E665.90162
G1 X184.5 Y172.896 E665.91375
G1 X184.794 Y172.913 E665.92354
G1 X185.226 Y172.998 E665.93819
G1 X185.462 Y173.082 E665.94652
G1 X185.762 Y173.223 E665.95754
G1 X186.108 Y173.456 E665.97142
G1 X186.368 Y173.688 E665.98301
G1 X186.591 Y173.951 E665.99448
G1 X186.767 Y174.228 E666.00539
G1 X186.922 Y174.545 E666.01713
G1 X187.002 Y174.785 E666.02554
G1 X187.073 Y175.123 E666.03703
G1 X187.1 Y175.5 E666.0496
G1 X187.074 Y175.871 E666.06197
G1 X187.001 Y176.217 E666.07373
G1 X186.889 Y176.529 E666.08476
G1 X186.732 Y176.833 E666.09614
G1 X186.543 Y177.108 E666.10724
G1 X186.341 Y177.341 E666.11749
G1 X186.049 Y177.588 E666.13021
G1 X185.769 Y177.769 E666.1413
G1 X185.453 Y177.921 E666.15297
G1 X185.139 Y178.022 E666.16394
G1 X184.86 Y178.076 E666.17339
G1 X184.5 Y178.1 E666.18539
G1 F2400 E665.68539
G0 F15000 X184.48 Y178.412
G0 X183.408 Y178.136
G0 X182.763 Y177.764
G0 X182.236 Y177.237
G0 X181.864 Y176.592
G0 X181.671 Y175.873
G0 X180.662 Y168.338
G0 X180.662 Y131.662
G0 X184.48 Y127.412
G0 X184.5 Y127.1
G1 F2400 E666.18539
G1 F6000 X184.123 Y127.073 E666.19796
G1 X183.786 Y127.002 E666.20941
G1 X183.546 Y126.922 E666.21783
G1 X183.227 Y126.767 E666.22962
G1 X182.917 Y126.567 E666.24189
G1 X182.657 Y126.339 E666.2534
G1 X182.457 Y126.108 E666.26356
G1 X182.263 Y125.832 E666.27478
G1 X182.082 Y125.462 E666.28848
G1 X181.974 Y125.139 E666.29981
G1 X181.92 Y124.86 E666.30926
G1 X181.896 Y124.5 E666.32126
G1 X181.923 Y124.124 E666.3338
G1 X181.997 Y123.777 E666.3456
G1 X182.109 Y123.471 E666.35644
G1 X182.266 Y123.164 E666.3679
G1 X182.461 Y122.884 E666.37925
G1 X182.688 Y122.632 E666.39053
G1 X182.945 Y122.414 E666.40174
G1 X183.235 Y122.225 E666.41326
G1 X183.537 Y122.081 E666.42438
G1 X183.86 Y121.975 E666.43569
G1 X184.136 Y121.92 E666.44505
G1 X184.5 Y121.896 E666.45718
G1 X184.794 Y121.913 E666.46698
G1 X185.139 Y121.974 E666.47863
G1 X185.522 Y122.107 E666.49212
G1 X185.761 Y122.223 E666.50095
G1 X186.056 Y122.416 E666.51268
G1 X186.341 Y122.659 E666.52513
G1 X186.591 Y122.951 E666.53792
G1 X186.767 Y123.228 E666.54884
G1 X186.922 Y123.545 E666.56057
G1 X187.002 Y123.785 E666.56899
G1 X187.073 Y124.123 E666.58047
G1 X187.1 Y124.5 E666.59304
G1 X187.074 Y124.871 E666.60541
G1 X187.001 Y125.217 E666.61718
G1 X186.889 Y125.529 E666.6282
G1 X186.732 Y125.833 E666.63958
G1 X186.543 Y126.108 E666.65068
G1 X186.308 Y126.371 E666.66241
G1 X186.108 Y126.544 E666.67121
G1 X185.833 Y126.732 E666.68228
G1 X185.529 Y126.889 E666.69366
G1 X185.217 Y127.001 E666.70469
G1 X184.86 Y127.076 E666.71682
G1 X184.5 Y127.1 E666.72882
G0 F15000 X184.487 Y126.7
;TYPE:WALL-OUTER
G1 F6000 X184.201 Y126.681 E666.73836
G1 X183.912 Y126.622 E666.74817
G1 X183.645 Y126.531 E666.75755
G1 X183.409 Y126.411 E666.76636
G1 X183.159 Y126.248 E666.77628
G1 X182.941 Y126.057 E666.78592
G1 X182.747 Y125.83 E666.79585
G1 X182.583 Y125.588 E666.80558
G1 X182.467 Y125.348 E666.81444
G1 X182.367 Y125.063 E666.82449
G1 X182.314 Y124.791 E666.8337
G1 X182.296 Y124.487 E666.84383
G1 X182.315 Y124.201 E666.85337
G1 X182.367 Y123.937 E666.86232
G1 X182.468 Y123.647 E666.87253
G1 X182.584 Y123.411 E666.88128
G1 X182.761 Y123.148 E666.89182
G1 X182.952 Y122.933 E666.90139
G1 X183.168 Y122.746 E666.91089
G1 X183.411 Y122.584 E666.9206
G1 X183.669 Y122.459 E666.93014
G1 X183.937 Y122.367 E666.93956
G1 X184.205 Y122.314 E666.94865
G1 X184.513 Y122.296 E666.95891
G1 X184.794 Y122.315 E666.96828
G1 X185.092 Y122.375 E666.97839
G1 X185.348 Y122.467 E666.98743
G1 X185.587 Y122.583 E666.99627
G1 X185.83 Y122.746 E667.006
G1 X186.058 Y122.942 E667.016
G1 X186.256 Y123.17 E667.02605
G1 X186.411 Y123.409 E667.03552
G1 X186.531 Y123.645 E667.04433
G1 X186.629 Y123.937 E667.05457
G1 X186.684 Y124.227 E667.06439
G1 X186.7 Y124.513 E667.07392
G1 X186.681 Y124.795 E667.08332
G1 X186.597 Y125.216 E667.09759
G1 X186.399 Y125.611 E667.11229
G1 X186.24 Y125.847 E667.12176
G1 X186.047 Y126.068 E667.13151
G1 X185.827 Y126.255 E667.14112
G1 X185.59 Y126.411 E667.15055
G1 X185.325 Y126.542 E667.16039
G1 X185.063 Y126.629 E667.16957
G1 X184.791 Y126.682 E667.17879
G1 X184.487 Y126.7 E667.18891
G1 F2400 E666.68891
G0 F15000 X184.441 Y127.409
G0 X180.662 Y131.662
G0 X180.662 Y168.338
G0 X181.744 Y176.238
G0 X182.029 Y176.925
G0 X182.482 Y177.518
G0 X183.075 Y177.971
G0 X183.464 Y178.132
G0 X184.441 Y178.409
G0 X184.487 Y177.7
G1 F2400 E667.18891
G1 F6000 X184.201 Y177.681 E667.19845
G1 X183.912 Y177.622 E667.20826
G1 X183.645 Y177.531 E667.21764
G1 X183.39 Y177.4 E667.22718
G1 X183.148 Y177.239 E667.23684
G1 X182.932 Y177.047 E667.24646
G1 X182.746 Y176.83 E667.25596
G1 X182.583 Y176.588 E667.26567
G1 X182.459 Y176.328 E667.27525
G1 X182.367 Y176.063 E667.28458
G1 X182.314 Y175.791 E667.29379
G1 X182.296 Y175.487 E667.30392
G1 X182.315 Y175.201 E667.31346
G1 X182.367 Y174.937 E667.3224
G1 X182.468 Y174.647 E667.33262
G1 X182.584 Y174.411 E667.34136
G1 X182.753 Y174.158 E667.35148
G1 X182.942 Y173.942 E667.36103
G1 X183.158 Y173.753 E667.37058
G1 X183.411 Y173.584 E667.3807
G1 X183.669 Y173.459 E667.39023
G1 X183.937 Y173.367 E667.39966
G1 X184.205 Y173.314 E667.40874
G1 X184.513 Y173.296 E667.419
G1 X184.795 Y173.315 E667.4284
G1 X185.063 Y173.367 E667.43748
G1 X185.328 Y173.459 E667.44681
G1 X185.588 Y173.583 E667.45639
G1 X185.847 Y173.76 E667.46683
G1 X186.067 Y173.952 E667.47654
G1 X186.256 Y174.17 E667.48614
G1 X186.411 Y174.409 E667.49561
G1 X186.531 Y174.645 E667.50442
G1 X186.629 Y174.937 E667.51466
G1 X186.684 Y175.227 E667.52448
G1 X186.7 Y175.5 E667.53357
G1 X186.681 Y175.795 E667.54341
G1 X186.597 Y176.216 E667.55769
G1 X186.399 Y176.611 E667.57238
G1 X186.24 Y176.847 E667.58185
G1 X186.058 Y177.058 E667.59111
G1 X185.827 Y177.255 E667.60121
G1 X185.59 Y177.411 E667.61065
G1 X185.325 Y177.542 E667.62048
G1 X185.063 Y177.629 E667.62966
G1 X184.791 Y177.682 E667.63888
G1 X184.487 Y177.7 E667.64901
G1 F2400 E667.14901
G0 F15000 X184.441 Y178.409
G0 X177.349 Y176.471
G0 X177.338 Y171.662
G0 X150 Y171.59
G0 X150 Y172.302
G1 F2400 E667.64901
G1 F6000 X176.56 Y172.3 E668.5324
G1 X176.649 Y172.365 E668.53606
G1 X176.698 Y172.468 E668.53986
G1 X176.7 Y179.3 E668.76709
G1 X188.3 Y179.3 E669.15291
G1 X188.3 Y167.7 E669.53872
G1 X181.468 Y167.698 E669.76596
G1 X181.365 Y167.649 E669.76975
G1 X181.303 Y167.535 E669.77407
G1 X181.3 Y132.439 E670.94137
G1 X181.366 Y132.351 E670.94502
G1 X181.468 Y132.302 E670.94879
G1 X188.3 Y132.3 E671.17602
G1 X188.3 Y120.7 E671.56184
G1 X176.7 Y120.7 E671.94766
G1 X176.698 Y127.56 E672.17582
G1 X176.62 Y127.66 E672.18004
G1 X176.535 Y127.697 E672.18312
G1 X135.423 Y127.7 E673.55051
G1 X135.3 Y127.54 E673.55723
G1 X135.3 Y115.7 E673.95103
G1 X123.7 Y115.7 E674.33684
G1 X123.7 Y127.54 E674.73064
G1 X123.66 Y127.621 E674.73365
G1 X123.535 Y127.697 E674.73851
G1 X111.7 Y127.7 E675.13215
G1 X111.7 Y172.3 E676.61555
G1 X123.577 Y172.3 E677.01058
G1 X123.7 Y172.459 E677.01727
G1 X123.7 Y184.3 E677.4111
G1 X135.3 Y184.3 E677.79692
G1 X135.3 Y172.459 E678.19075
G1 X135.34 Y172.38 E678.19369
G1 X135.465 Y172.303 E678.19858
G1 X150 Y172.302 E678.68201
G1 F2400 E678.18201
G0 F15000 X150 Y171.59
G0 X150 Y170.41
G0 X150 Y169.697
G1 F2400 E678.68201
G1 F6000 X114.444 Y169.7 E679.86461
G1 X114.358 Y169.642 E679.86806
G1 X114.303 Y169.535 E679.87206
G1 X114.3 Y130.444 E681.17223
G1 X114.358 Y130.358 E681.17569
G1 X114.465 Y130.303 E681.17969
G1 X178.547 Y130.301 E683.31106
G1 X178.661 Y130.376 E683.3156
G1 X178.695 Y130.449 E683.31828
G1 X178.695 Y169.548 E684.61872
G1 X178.62 Y169.661 E684.62323
G1 X178.548 Y169.695 E684.62588
G1 X150 Y169.697 E685.57539
G1 F2400 E685.07539
G0 F15000 X150 Y170.41
G0 X134.662 Y171.662
G0 X134.656 Y180.112
G0 X130.925 Y182.971
G0 X130.369 Y183.201
G0 X129.441 Y183.409
G0 X129.487 Y182.7
G1 F2400 E685.57539
G1 F6000 X129.201 Y182.681 E685.58492
G1 X128.912 Y182.622 E685.59473
G1 X128.645 Y182.531 E685.60411
G1 X128.39 Y182.4 E685.61365
G1 X128.148 Y182.239 E685.62332
G1 X127.932 Y182.047 E685.63293
G1 X127.746 Y181.83 E685.64243
G1 X127.583 Y181.588 E685.65214
G1 X127.467 Y181.348 E685.661
G1 X127.367 Y181.063 E685.67105
G1 X127.314 Y180.791 E685.68027
G1 X127.296 Y180.487 E685.6904
G1 X127.315 Y180.201 E685.69993
G1 X127.367 Y179.937 E685.70888
G1 X127.468 Y179.647 E685.71909
G1 X127.584 Y179.411 E685.72784
G1 X127.761 Y179.148 E685.73838
G1 X127.952 Y178.933 E685.74795
G1 X128.168 Y178.746 E685.75745
G1 X128.411 Y178.584 E685.76716
G1 X128.669 Y178.459 E685.7767
G1 X128.937 Y178.367 E685.78612
G1 X129.205 Y178.314 E685.79521
G1 X129.513 Y178.296 E685.80547
G1 X129.795 Y178.315 E685.81487
G1 X130.063 Y178.367 E685.82395
G1 X130.348 Y178.467 E685.834
G1 X130.588 Y178.583 E685.84286
G1 X130.847 Y178.76 E685.8533
G1 X131.067 Y178.952 E685.86301
G1 X131.256 Y179.17 E685.87261
G1 X131.411 Y179.409 E685.88208
G1 X131.531 Y179.645 E685.89089
G1 X131.629 Y179.937 E685.90113
G1 X131.684 Y180.227 E685.91095
G1 X131.7 Y180.513 E685.92047
G1 X131.681 Y180.795 E685.92988
G1 X131.597 Y181.216 E685.94415
G1 X131.399 Y181.611 E685.95885
G1 X131.24 Y181.847 E685.96831
G1 X131.047 Y182.068 E685.97807
G1 X130.827 Y182.255 E685.98768
G1 X130.59 Y182.411 E685.99711
G1 X130.325 Y182.542 E686.00695
G1 X130.063 Y182.629 E686.01613
G1 X129.791 Y182.682 E686.02534
G1 X129.487 Y182.7 E686.03547
G1 F2400 E685.53547
G0 F15000 X129.441 Y183.409
G0 X128.408 Y183.136
G0 X127.763 Y182.764
G0 X127.236 Y182.237
G0 X126.864 Y181.592
G0 X126.671 Y180.873
G0 X126.671 Y180.127
G0 X129.441 Y170.35
G0 X113.662 Y170.338
G0 X113.662 Y129.662
G0 X126.443 Y129.651
G0 X129.441 Y122.409
G0 X129.487 Y121.7
G1 F2400 E686.03547
G1 F6000 X129.201 Y121.681 E686.04501
G1 X128.936 Y121.629 E686.05399
G1 X128.645 Y121.531 E686.0642
G1 X128.39 Y121.4 E686.07374
G1 X128.148 Y121.239 E686.0834
G1 X127.932 Y121.047 E686.09302
G1 X127.747 Y120.83 E686.1025
G1 X127.583 Y120.588 E686.11222
G1 X127.467 Y120.348 E686.12109
G1 X127.367 Y120.063 E686.13114
G1 X127.314 Y119.791 E686.14035
G1 X127.296 Y119.487 E686.15048
G1 X127.315 Y119.201 E686.16001
G1 X127.367 Y118.937 E686.16896
G1 X127.468 Y118.647 E686.17918
G1 X127.584 Y118.411 E686.18792
G1 X127.761 Y118.148 E686.19847
G1 X127.952 Y117.933 E686.20803
G1 X128.168 Y117.746 E686.21754
G1 X128.411 Y117.584 E686.22725
G1 X128.669 Y117.459 E686.23678
G1 X128.937 Y117.367 E686.24621
G1 X129.205 Y117.314 E686.25529
G1 X129.513 Y117.296 E686.26556
G1 X129.794 Y117.315 E686.27492
G1 X130.092 Y117.375 E686.28503
G1 X130.348 Y117.467 E686.29408
G1 X130.587 Y117.583 E686.30292
G1 X130.83 Y117.746 E686.31265
G1 X131.067 Y117.952 E686.32309
G1 X131.256 Y118.17 E686.33269
G1 X131.411 Y118.409 E686.34216
G1 X131.531 Y118.645 E686.35097
G1 X131.629 Y118.937 E686.36122
G1 X131.684 Y119.227 E686.37103
G1 X131.7 Y119.513 E686.38056
G1 X131.681 Y119.795 E686.38996
G1 X131.597 Y120.216 E686.40424
G1 X131.399 Y120.611 E686.41893
G1 X131.24 Y120.847 E686.4284
G1 X131.047 Y121.068 E686.43816
G1 X130.827 Y121.255 E686.44776
G1 X130.59 Y121.411 E686.4572
G1 X130.325 Y121.542 E686.46703
G1 X130.063 Y121.629 E686.47621
G1 X129.791 Y121.682 E686.48543
G1 X129.487 Y121.7 E686.49556
G0 F15000 X129.441 Y122.409
G0 X130.592 Y122.136
G0 X130.957 Y121.925
G0 X131.719 Y121.381
G0 X131.545 Y121.227
;TYPE:FILL
G1 F12000 X129.243 Y129.82 E686.79144
G0 F15000 X129.243 Y129.589
G0 X131.617 Y129.589
G0 X131.617 Y129.818
G1 F12000 X124.18 Y122.381 E687.14125
G0 F15000 X124.41 Y122.381
G0 X124.41 Y125.105
G0 X124.181 Y125.105
G1 F12000 X134.82 Y122.255 E687.50759
G0 F15000 X134.82 Y121.707
G1 F12000 X132.131 Y119.019 E687.63404
G1 X132.134 Y119.032
G1 X132.898 Y116.179 E687.73228
G0 F15000 X132.898 Y116.41
G0 X130.022 Y116.639
G0 X129.977 Y116.864
G1 F12000 X129.293 Y116.18 E687.76445
G0 F15000 X129.293 Y116.41
G0 X126.584 Y116.41
G0 X126.584 Y116.179
G1 F12000 X124.18 Y116.823 E687.84723
G0 F15000 X124.616 Y116.18
G1 F12000 X124.18 Y117.805 E687.90319
G0 F15000 X124.41 Y117.805
G0 X124.338 Y128.338
G0 X121.4 Y128.41
G0 X121.4 Y128.179
G1 F12000 X120.961 Y129.82 E687.95969
G0 F15000 X120.304 Y129.819
G1 F12000 X118.665 Y128.18 E688.03678
G0 F15000 X118.665 Y128.41
G0 X113.118 Y128.41
G0 X113.118 Y128.18
G1 F12000 X112.18 Y131.68 E688.1573
G0 F15000 X112.41 Y131.68
G0 X112.41 Y133.008
G0 X112.18 Y133.008
G1 F12000 X113.82 Y134.649 E688.23446
G0 F15000 X113.59 Y134.649
G0 X113.59 Y136.164
G0 X113.819 Y136.164
G1 F12000 X112.18 Y136.603 E688.2909
G0 F15000 X112.41 Y136.603
G0 X112.41 Y144.322
G0 X112.18 Y144.322
G1 F12000 X113.82 Y145.962 E688.36804
G0 F15000 X113.59 Y145.962
G0 X113.59 Y144.446
G0 X113.82 Y144.446
G1 F12000 X112.181 Y144.885 E688.42447
G0 F15000 X112.41 Y144.885
G0 X113.59 Y152.728
G0 X113.819 Y152.728
G1 F12000 X112.18 Y153.168 E688.48092
G0 F15000 X112.41 Y153.168
G0 X112.41 Y155.636
G0 X112.18 Y155.636
G1 F12000 X113.82 Y157.276 E688.55806
G0 F15000 X113.82 Y156.471
G1 F12000 X112.18 Y162.589 E688.76873
G0 F15000 X112.41 Y162.589
G0 X112.41 Y161.45
G0 X112.181 Y161.45
G1 F12000 X113.82 Y161.011 E688.82516
G0 F15000 X113.59 Y161.011
G0 X112.41 Y166.949
G0 X112.18 Y166.949
G1 F12000 X113.82 Y168.59 E688.90233
G0 F15000 X113.82 Y169.293
G1 F12000 X112.18 Y169.732 E688.95879
G0 F15000 X112.41 Y169.732
G0 X113.662 Y170.338
G0 X115.41 Y170.41
G0 X115.41 Y170.18
G1 F12000 X117.05 Y171.82 E689.03593
G0 F15000 X117.989 Y171.82
G1 F12000 X118.429 Y170.179 E689.09244
G0 F15000 X118.429 Y170.41
G0 X124.338 Y171.662
G0 X124.41 Y174.799
G0 X124.181 Y174.799
G1 F12000 X141.418 Y170.18 E689.68597
G0 F15000 X141.418 Y170.41
G0 X143.275 Y170.41
G0 X143.275 Y170.179
G1 F12000 X142.836 Y171.82 E689.74247
G0 F15000 X142.836 Y171.59
G0 X139.678 Y171.59
G0 X139.678 Y171.82
G1 F12000 X138.038 Y170.18 E689.81961
G0 F15000 X138.038 Y170.41
G0 X134.993 Y170.41
G0 X134.993 Y170.18
G1 F12000 X132.163 Y180.742 E690.1833
G0 F15000 X132.14 Y180.948
G1 F12000 X134.819 Y180.23 E690.27555
G0 F15000 X134.59 Y180.23
G0 X134.59 Y178.276
G0 X134.821 Y178.276
G1 F12000 X126.724 Y170.18 E690.65638
G1 X126.711 Y170.18
G1 X124.181 Y179.623 E690.98154
G0 F15000 X124.18 Y178.95
G1 F12000 X127.452 Y182.222 E691.13544
G1 X127.44 Y182.208
G1 X124.181 Y183.081 E691.24766
G0 F15000 X124.41 Y183.081
G0 X127.626 Y182.724
G0 X127.78 Y182.55
G1 F12000 X129.051 Y183.82 E691.30742
G0 F15000 X129.051 Y183.59
G0 X131.338 Y183.59
G0 X131.338 Y183.82
G1 F12000 X131.923 Y181.638 E691.38255
G0 F15000 X132.129 Y181.741
G0 X134.662 Y171.662
G0 X149.352 Y170.41
G0 X149.352 Y170.18
G1 F12000 X150.991 Y171.82 E691.45967
G1 X151.118 Y171.821
G1 X151.557 Y170.18 E691.51617
G0 F15000 X151.557 Y170.41
G0 X159.4 Y171.59
G0 X159.4 Y171.82
G1 F12000 X159.84 Y170.179 E691.57268
G0 F15000 X160.665 Y170.18
G1 F12000 X162.305 Y171.82 E691.64982
G0 F15000 X162.305 Y171.59
G0 X166.206 Y171.59
G0 X166.206 Y171.82
G1 F12000 X172.328 Y170.18 E691.86062
G0 F15000 X171.979 Y170.18
G1 F12000 X173.619 Y171.82 E691.93776
G0 F15000 X173.619 Y171.59
G0 X175.964 Y171.59
G0 X175.964 Y171.821
G1 F12000 X176.404 Y170.179 E691.9943
G0 F15000 X176.404 Y170.41
G0 X179.338 Y170.338
G0 X179.41 Y168.345
G0 X179.181 Y168.344
G1 F12000 X180.948 Y167.87 E692.05515
G1 X180.877 Y167.764
G1 X179.179 Y166.067 E692.13499
G0 F15000 X179.41 Y166.068
G0 X180.662 Y168.338
G0 X181.241 Y168.41
G0 X181.241 Y168.129
G1 F12000 X187.82 Y174.708 E692.44445
G0 F15000 X187.82 Y174.311
G1 F12000 X187.002 Y174.53 E692.47261
G0 F15000 X187.217 Y174.458
G0 X186.518 Y173.482
G0 X185.925 Y173.029
G0 X185.238 Y172.744
G0 X183.92 Y172.65
G0 X183.964 Y172.876
G1 F12000 X185.222 Y168.18 E692.63431
G0 F15000 X185.222 Y168.41
G0 X181.864 Y174.408
G0 X181.707 Y174.99
G0 X181.625 Y175.954
G0 X181.848 Y175.911
G1 F12000 X177.18 Y177.162 E692.79505
G0 F15000 X177.41 Y177.162
G0 X177.41 Y175.381
G0 X177.18 Y175.381
G1 F12000 X180.619 Y178.82 E692.95681
G0 F15000 X180.619 Y178.59
G0 X182.371 Y178.59
G0 X182.371 Y178.82
G1 F12000 X182.724 Y177.504 E693.00212
G0 F15000 X182.571 Y177.677
G0 X177.338 Y171.662
G0 X167.682 Y171.59
G0 X167.682 Y171.821
G1 F12000 X168.122 Y170.179 E693.05866
G0 F15000 X168.122 Y170.41
G0 X179.338 Y170.338
G0 X179.41 Y160.063
G0 X179.18 Y160.062
G1 F12000 X180.82 Y159.622 E693.11514
G0 F15000 X180.59 Y159.622
G0 X179.41 Y159.819
G0 X179.18 Y159.818
G1 F12000 X180.82 Y153.7 E693.32581
G0 F15000 X180.59 Y153.7
G0 X179.41 Y154.754
G0 X179.179 Y154.753
G1 F12000 X180.82 Y156.394 E693.403
G0 F15000 X180.59 Y156.394
G0 X179.41 Y151.78
G0 X179.181 Y151.779
G1 F12000 X180.819 Y151.34 E693.4594
G0 F15000 X180.59 Y151.34
G0 X180.59 Y145.08
G0 X180.82 Y145.08
G1 F12000 X179.179 Y143.439 E693.53659
G1 X179.18 Y143.497
G1 X180.819 Y143.058 E693.59302
G0 F15000 X180.59 Y143.058
G0 X179.41 Y135.216
G0 X179.181 Y135.215
G1 F12000 X180.82 Y134.776 E693.64946
G0 F15000 X180.59 Y134.776
G0 X180.59 Y133.766
G0 X180.82 Y133.766
G1 F12000 X179.179 Y132.126 E693.72662
G0 F15000 X179.41 Y132.127
G0 X179.339 Y129.66
G0 X178.902 Y129.588
G0 X178.902 Y129.948
G1 F12000 X181.251 Y121.179 E694.02856
G0 F15000 X181.251 Y121.41
G0 X179.547 Y121.41
G0 X179.547 Y121.18
G1 F12000 X181.975 Y123.607 E694.14274
G0 F15000 X181.758 Y123.533
G0 X181.645 Y124.5
G0 X181.734 Y125.164
G0 X182.148 Y126.214
G0 X182.343 Y126.086
G1 F12000 X177.181 Y127.469 E694.32049
G0 F15000 X177.41 Y127.469
G0 X177.338 Y128.338
G0 X175.234 Y128.41
G0 X175.234 Y128.18
G1 F12000 X176.87 Y129.816 E694.39744
G0 F15000 X176.87 Y129.588
G0 X174.526 Y128.41
G0 X174.526 Y128.18
G1 F12000 X168.419 Y129.816 E694.60772
G0 F15000 X168.419 Y129.588
G0 X170.655 Y129.588
G0 X170.655 Y129.817
G1 F12000 X171.093 Y128.18 E694.66408
G0 F15000 X171.093 Y128.41
G0 X165.557 Y129.588
G0 X165.557 Y129.817
G1 F12000 X163.92 Y128.18 E694.74108
G0 F15000 X163.92 Y128.41
G0 X162.811 Y128.41
G0 X162.811 Y128.179
G1 F12000 X162.372 Y129.818 E694.79752
G0 F15000 X162.372 Y129.588
G0 X154.529 Y128.41
G0 X154.529 Y128.18
G1 F12000 X154.09 Y129.818 E694.85392
G1 X154.243 Y129.817
G1 X152.606 Y128.18 E694.93092
G0 F15000 X152.606 Y128.41
G0 X146.247 Y128.41
G0 X146.247 Y128.179
G1 F12000 X145.808 Y129.818 E694.98736
G0 F15000 X145.808 Y129.589
G0 X143.616 Y128.41
G0 X143.616 Y128.18
G1 F12000 X137.502 Y129.818 E695.19788
G1 X137.525 Y129.82
G1 X137.965 Y128.18 E695.25435
G0 F15000 X137.965 Y128.41
G0 X141.293 Y128.41
G0 X141.293 Y128.18
G1 F12000 X142.93 Y129.818 E695.33138
G1 F2400 E694.83138
G0 F15000 X142.93 Y129.589
G0 X112.706 Y128.41
G0 X112.706 Y128.18
G1 F2400 E695.33138
G1 F12000 X112.18 Y128.321 E695.34949
G1 F2400 E694.84949
G0 F15000 X112.41 Y128.321
G0 X177.338 Y128.338
G0 X185.465 Y127.243
G0 X185.392 Y127.025
G1 F2400 E695.34949
G1 F12000 X187.82 Y129.453 E695.4637
G0 F15000 X187.59 Y129.453
G0 X187.59 Y127.574
G0 X187.82 Y127.574
G1 F12000 X186.682 Y131.821 E695.60993
G0 F15000 X186.682 Y131.59
G0 X187.393 Y124.81
G0 X187.16 Y124.795
G1 F12000 X187.819 Y124.618 E695.63263
G1 F2400 E695.13263
;MESH:NONMESH
G0 F300 X187.819 Y124.618 Z2
G0 F15000 X187.59 Y124.618
G0 X186.971 Y125.925
G0 X186.518 Y126.518
G0 X185.925 Y126.971
G0 X185.238 Y127.256
G0 X177.338 Y128.338
G0 X134.662 Y128.338
G0 X129.481 Y122.412
G0 X129.501 Y122.1
;TIME_ELAPSED:940.103754
;LAYER:9
;TYPE:WALL-INNER
;MESH:Vakuumpumpe casing (berre sk??l)V2.stl
G1 F2400 E695.63263
G1 F6000 X129.124 Y122.073 E695.6452
G1 X128.786 Y122.002 E695.65669
G1 X128.464 Y121.887 E695.66806
G1 X128.171 Y121.735 E695.67904
G1 X127.884 Y121.54 E695.69058
G1 X127.628 Y121.308 E695.70207
G1 X127.417 Y121.056 E695.713
G1 X127.223 Y120.762 E695.72472
G1 X127.082 Y120.462 E695.73574
G1 X126.998 Y120.226 E695.74407
G1 X126.92 Y119.86 E695.75652
G1 X126.896 Y119.5 E695.76852
G1 X126.923 Y119.124 E695.78106
G1 X126.997 Y118.777 E695.79286
G1 X127.109 Y118.471 E695.8037
G1 X127.266 Y118.164 E695.81517
G1 X127.461 Y117.884 E695.82652
G1 X127.688 Y117.632 E695.8378
G1 X127.945 Y117.414 E695.84901
G1 X128.235 Y117.225 E695.86052
G1 X128.537 Y117.081 E695.87165
G1 X128.86 Y116.975 E695.88295
G1 X129.136 Y116.92 E695.89231
G1 X129.5 Y116.896 E695.90445
G1 X129.794 Y116.913 E695.91424
G1 X130.139 Y116.974 E695.92589
G1 X130.522 Y117.107 E695.93938
G1 X130.761 Y117.223 E695.94821
G1 X131.056 Y117.416 E695.95994
G1 X131.308 Y117.628 E695.97089
G1 X131.591 Y117.951 E695.98518
G1 X131.767 Y118.227 E695.99606
G1 X131.921 Y118.546 E696.00785
G1 X132.021 Y118.859 E696.01877
G1 X132.083 Y119.203 E696.0304
G1 X132.1 Y119.5 E696.04029
G1 X132.076 Y119.86 E696.05229
G1 X132.001 Y120.217 E696.06443
G1 X131.889 Y120.529 E696.07545
G1 X131.732 Y120.833 E696.08683
G1 X131.544 Y121.108 E696.09791
G1 X131.308 Y121.371 E696.10967
G1 X131.049 Y121.588 E696.1209
G1 X130.769 Y121.769 E696.13199
G1 X130.341 Y121.975 E696.14779
G1 X129.86 Y122.076 E696.16414
G1 X129.501 Y122.1 E696.17611
G1 F2400 E695.67611
G0 F15000 X129.481 Y122.412
G0 X124.387 Y129.658
G0 X113.662 Y129.662
G0 X113.662 Y170.338
G0 X150 Y170.41
G0 X150 Y170.1
G1 F2400 E696.17611
G1 F6000 X114.5 Y170.1 E697.35684
G1 X114.261 Y170.051 E697.36495
G1 X114.075 Y169.925 E697.37243
G1 X113.949 Y169.739 E697.3799
G1 X113.9 Y169.574 E697.38562
G1 X113.9 Y130.5 E698.68523
G1 X113.949 Y130.261 E698.69334
G1 X114.075 Y130.075 E698.70082
G1 X114.261 Y129.949 E698.70829
G1 X114.426 Y129.9 E698.71401
G1 X178.5 Y129.896 E700.84512
G1 X178.731 Y129.941 E700.85295
G1 X178.923 Y130.069 E700.86063
G1 X179.1 Y130.392 E700.87288
G1 X179.1 Y169.608 E702.17721
G1 X178.982 Y169.859 E702.18643
G1 X178.859 Y169.982 E702.19222
G1 X178.608 Y170.1 E702.20144
G1 X150 Y170.1 E703.15295
G0 F15000 X150 Y170.41
G0 X150 Y171.59
G0 X150 Y171.9
G1 F6000 X176.5 Y171.9 E704.03434
G1 X176.755 Y171.956 E704.04302
G1 X176.946 Y172.097 E704.05092
G1 X177.1 Y172.429 E704.06309
G1 X177.1 Y178.9 E704.27832
G1 X187.9 Y178.9 E704.63753
G1 X187.9 Y168.1 E704.99674
G1 X181.429 Y168.1 E705.21196
G1 X181.097 Y167.946 E705.22414
G1 X180.956 Y167.754 E705.23206
G1 X180.9 Y167.575 E705.2383
G1 X180.9 Y132.5 E706.4049
G1 X180.956 Y132.245 E706.41358
G1 X181.098 Y132.054 E706.4215
G1 X181.27 Y131.945 E706.42827
G1 X181.431 Y131.9 E706.43383
G1 X187.9 Y131.9 E706.64899
G1 X187.9 Y121.1 E707.0082
G1 X177.1 Y121.1 E707.36741
G1 X177.1 Y127.569 E707.58257
G1 X177.055 Y127.731 E707.58816
G1 X176.86 Y127.98 E707.59868
G1 X176.583 Y128.1 E707.60872
G1 X135.5 Y128.1 E708.97515
G1 X135.217 Y128.03 E708.98484
G1 X135.02 Y127.86 E708.9935
G1 X134.9 Y127.62 E709.00242
G1 X134.9 Y116.1 E709.38558
G1 X124.1 Y116.1 E709.74479
G1 X124.1 Y127.62 E710.12794
G1 X123.98 Y127.861 E710.1369
G1 X123.782 Y128.03 E710.14556
G1 X123.578 Y128.1 E710.15273
G1 X112.1 Y128.1 E710.53449
G1 X112.1 Y171.9 E711.99128
G1 X123.5 Y171.9 E712.37045
G1 X123.783 Y171.97 E712.38015
G1 X123.98 Y172.14 E712.3888
G1 X124.1 Y172.379 E712.3977
G1 X124.1 Y183.9 E712.78089
G1 X134.9 Y183.9 E713.1401
G1 X134.9 Y172.379 E713.52329
G1 X135.02 Y172.14 E713.53218
G1 X135.217 Y171.97 E713.54083
G1 X135.422 Y171.9 E713.54804
G1 X150 Y171.9 E714.03291
G1 F2400 E713.53291
G0 F15000 X150 Y171.59
G0 X134.662 Y171.662
G0 X134.656 Y180.431
G0 X130.925 Y182.971
G0 X130.369 Y183.201
G0 X129.48 Y183.412
G0 X129.5 Y183.1
G1 F2400 E714.03291
G1 F6000 X129.123 Y183.073 E714.04548
G1 X128.859 Y183.021 E714.05443
G1 X128.463 Y182.887 E714.06833
G1 X128.171 Y182.734 E714.0793
G1 X127.951 Y182.591 E714.08802
G1 X127.688 Y182.368 E714.09949
G1 X127.416 Y182.056 E714.11326
G1 X127.223 Y181.762 E714.12496
G1 X127.082 Y181.462 E714.13598
G1 X126.998 Y181.226 E714.14431
G1 X126.92 Y180.86 E714.15676
G1 X126.896 Y180.5 E714.16876
G1 X126.923 Y180.124 E714.1813
G1 X126.997 Y179.777 E714.1931
G1 X127.109 Y179.471 E714.20394
G1 X127.225 Y179.235 E714.21268
G1 X127.46 Y178.884 E714.22673
G1 X127.688 Y178.633 E714.23801
G1 X127.884 Y178.46 E714.2467
G1 X128.235 Y178.225 E714.26075
G1 X128.537 Y178.081 E714.27188
G1 X128.86 Y177.975 E714.28319
G1 X129.136 Y177.92 E714.29255
G1 X129.5 Y177.896 E714.30468
G1 X129.871 Y177.922 E714.31705
G1 X130.226 Y177.998 E714.32913
G1 X130.522 Y178.107 E714.33962
G1 X130.84 Y178.269 E714.35149
G1 X131.108 Y178.457 E714.36238
G1 X131.367 Y178.688 E714.37392
G1 X131.591 Y178.951 E714.38541
G1 X131.767 Y179.228 E714.39632
G1 X131.921 Y179.546 E714.40808
G1 X132.021 Y179.859 E714.41901
G1 X132.083 Y180.203 E714.43063
G1 X132.1 Y180.5 E714.44053
G1 X132.076 Y180.86 E714.45253
G1 X132.001 Y181.217 E714.46466
G1 X131.889 Y181.529 E714.47568
G1 X131.732 Y181.833 E714.48706
G1 X131.543 Y182.108 E714.49816
G1 X131.308 Y182.372 E714.50992
G1 X131.049 Y182.588 E714.52114
G1 X130.769 Y182.769 E714.53222
G1 X130.453 Y182.921 E714.54389
G1 X130.139 Y183.022 E714.55486
G1 X129.86 Y183.076 E714.56431
G1 X129.5 Y183.1 E714.57631
G1 F2400 E714.07631
G0 F15000 X129.48 Y183.412
G0 X134.651 Y182.942
G0 X134.662 Y171.662
G0 X177.338 Y171.662
G0 X181.046 Y177.984
G0 X184.48 Y178.412
G0 X184.5 Y178.1
G1 F2400 E714.57631
G1 F6000 X184.123 Y178.073 E714.58888
G1 X183.859 Y178.021 E714.59783
G1 X183.463 Y177.887 E714.61174
G1 X183.171 Y177.734 E714.6227
G1 X182.951 Y177.591 E714.63143
G1 X182.688 Y177.368 E714.6429
G1 X182.416 Y177.056 E714.65666
G1 X182.223 Y176.762 E714.66836
G1 X182.082 Y176.462 E714.67938
G1 X181.974 Y176.139 E714.69071
G1 X181.92 Y175.86 E714.70016
G1 X181.896 Y175.5 E714.71216
G1 X181.923 Y175.124 E714.7247
G1 X181.997 Y174.777 E714.7365
G1 X182.109 Y174.471 E714.74734
G1 X182.266 Y174.165 E714.75878
G1 X182.436 Y173.914 E714.76886
G1 X182.659 Y173.659 E714.78013
G1 X182.914 Y173.436 E714.7914
G1 X183.235 Y173.225 E714.80417
G1 X183.537 Y173.081 E714.8153
G1 X183.859 Y172.975 E714.82658
G1 X184.136 Y172.92 E714.83597
G1 X184.5 Y172.896 E714.8481
G1 X184.794 Y172.913 E714.8579
G1 X185.226 Y172.998 E714.87254
G1 X185.462 Y173.082 E714.88087
G1 X185.762 Y173.223 E714.8919
G1 X186.108 Y173.456 E714.90577
G1 X186.368 Y173.688 E714.91736
G1 X186.591 Y173.951 E714.92883
G1 X186.767 Y174.228 E714.93975
G1 X186.922 Y174.545 E714.95148
G1 X187.002 Y174.785 E714.9599
G1 X187.073 Y175.123 E714.97138
G1 X187.1 Y175.5 E714.98396
G1 X187.074 Y175.871 E714.99632
G1 X187.001 Y176.217 E715.00809
G1 X186.889 Y176.529 E715.01911
G1 X186.732 Y176.833 E715.03049
G1 X186.543 Y177.108 E715.04159
G1 X186.341 Y177.341 E715.05185
G1 X186.049 Y177.588 E715.06457
G1 X185.769 Y177.769 E715.07566
G1 X185.453 Y177.921 E715.08732
G1 X185.139 Y178.022 E715.09829
G1 X184.86 Y178.076 E715.10774
G1 X184.5 Y178.1 E715.11974
G1 F2400 E714.61974
G0 F15000 X184.48 Y178.412
G0 X183.408 Y178.136
G0 X182.763 Y177.764
G0 X182.236 Y177.237
G0 X181.864 Y176.592
G0 X181.671 Y175.873
G0 X180.662 Y168.338
G0 X180.662 Y131.662
G0 X184.48 Y127.412
G0 X184.5 Y127.1
G1 F2400 E715.11974
G1 F6000 X184.123 Y127.073 E715.13231
G1 X183.786 Y127.002 E715.14377
G1 X183.546 Y126.922 E715.15218
G1 X183.227 Y126.767 E715.16398
G1 X182.917 Y126.567 E715.17625
G1 X182.657 Y126.339 E715.18775
G1 X182.457 Y126.108 E715.19791
G1 X182.263 Y125.832 E715.20913
G1 X182.082 Y125.462 E715.22283
G1 X181.974 Y125.139 E715.23416
G1 X181.92 Y124.86 E715.24361
G1 X181.896 Y124.5 E715.25561
G1 X181.923 Y124.124 E715.26815
G1 X181.997 Y123.777 E715.27995
G1 X182.109 Y123.471 E715.29079
G1 X182.266 Y123.164 E715.30226
G1 X182.461 Y122.884 E715.31361
G1 X182.688 Y122.632 E715.32489
G1 X182.945 Y122.414 E715.3361
G1 X183.235 Y122.225 E715.34761
G1 X183.537 Y122.081 E715.35874
G1 X183.86 Y121.975 E715.37004
G1 X184.136 Y121.92 E715.3794
G1 X184.5 Y121.896 E715.39154
G1 X184.794 Y121.913 E715.40133
G1 X185.139 Y121.974 E715.41299
G1 X185.522 Y122.107 E715.42647
G1 X185.761 Y122.223 E715.43531
G1 X186.056 Y122.416 E715.44703
G1 X186.341 Y122.659 E715.45949
G1 X186.591 Y122.951 E715.47227
G1 X186.767 Y123.228 E715.48319
G1 X186.922 Y123.545 E715.49492
G1 X187.002 Y123.785 E715.50334
G1 X187.073 Y124.123 E715.51483
G1 X187.1 Y124.5 E715.5274
G1 X187.074 Y124.871 E715.53977
G1 X187.001 Y125.217 E715.55153
G1 X186.889 Y125.529 E715.56255
G1 X186.732 Y125.833 E715.57393
G1 X186.543 Y126.108 E715.58503
G1 X186.308 Y126.371 E715.59676
G1 X186.108 Y126.544 E715.60556
G1 X185.833 Y126.732 E715.61664
G1 X185.529 Y126.889 E715.62802
G1 X185.217 Y127.001 E715.63904
G1 X184.86 Y127.076 E715.65118
G1 X184.5 Y127.1 E715.66318
G0 F15000 X184.487 Y126.7
;TYPE:WALL-OUTER
G1 F6000 X184.201 Y126.681 E715.67271
G1 X183.912 Y126.622 E715.68252
G1 X183.645 Y126.531 E715.6919
G1 X183.409 Y126.411 E715.70071
G1 X183.159 Y126.248 E715.71063
G1 X182.941 Y126.057 E715.72027
G1 X182.747 Y125.83 E715.73021
G1 X182.583 Y125.588 E715.73993
G1 X182.467 Y125.348 E715.7488
G1 X182.367 Y125.063 E715.75884
G1 X182.314 Y124.791 E715.76806
G1 X182.296 Y124.487 E715.77819
G1 X182.315 Y124.201 E715.78772
G1 X182.367 Y123.937 E715.79667
G1 X182.468 Y123.647 E715.80688
G1 X182.584 Y123.411 E715.81563
G1 X182.761 Y123.148 E715.82617
G1 X182.952 Y122.933 E715.83574
G1 X183.168 Y122.746 E715.84524
G1 X183.411 Y122.584 E715.85495
G1 X183.669 Y122.459 E715.86449
G1 X183.937 Y122.367 E715.87391
G1 X184.205 Y122.314 E715.883
G1 X184.513 Y122.296 E715.89326
G1 X184.794 Y122.315 E715.90263
G1 X185.092 Y122.375 E715.91274
G1 X185.348 Y122.467 E715.92179
G1 X185.587 Y122.583 E715.93062
G1 X185.83 Y122.746 E715.94036
G1 X186.058 Y122.942 E715.95036
G1 X186.256 Y123.17 E715.9604
G1 X186.411 Y123.409 E715.96987
G1 X186.531 Y123.645 E715.97868
G1 X186.629 Y123.937 E715.98892
G1 X186.684 Y124.227 E715.99874
G1 X186.7 Y124.513 E716.00827
G1 X186.681 Y124.795 E716.01767
G1 X186.597 Y125.216 E716.03195
G1 X186.399 Y125.611 E716.04664
G1 X186.24 Y125.847 E716.05611
G1 X186.047 Y126.068 E716.06587
G1 X185.827 Y126.255 E716.07547
G1 X185.59 Y126.411 E716.08491
G1 X185.325 Y126.542 E716.09474
G1 X185.063 Y126.629 E716.10392
G1 X184.795 Y126.681 E716.113
G1 X184.487 Y126.7 E716.12327
G1 F2400 E715.62327
G0 F15000 X184.441 Y127.409
G0 X180.662 Y131.662
G0 X180.662 Y168.338
G0 X181.744 Y176.238
G0 X182.029 Y176.925
G0 X182.482 Y177.518
G0 X183.075 Y177.971
G0 X183.464 Y178.132
G0 X184.441 Y178.409
G0 X184.487 Y177.7
G1 F2400 E716.12327
G1 F6000 X184.201 Y177.681 E716.1328
G1 X183.912 Y177.622 E716.14261
G1 X183.645 Y177.531 E716.15199
G1 X183.39 Y177.4 E716.16153
G1 X183.148 Y177.239 E716.17119
G1 X182.932 Y177.047 E716.18081
G1 X182.746 Y176.83 E716.19031
G1 X182.583 Y176.588 E716.20002
G1 X182.459 Y176.328 E716.2096
G1 X182.367 Y176.063 E716.21893
G1 X182.314 Y175.791 E716.22814
G1 X182.296 Y175.487 E716.23827
G1 X182.315 Y175.201 E716.24781
G1 X182.367 Y174.937 E716.25676
G1 X182.468 Y174.647 E716.26697
G1 X182.584 Y174.411 E716.27572
G1 X182.753 Y174.158 E716.28584
G1 X182.942 Y173.942 E716.29538
G1 X183.158 Y173.753 E716.30493
G1 X183.411 Y173.584 E716.31505
G1 X183.669 Y173.459 E716.32458
G1 X183.937 Y173.367 E716.33401
G1 X184.205 Y173.314 E716.34309
G1 X184.513 Y173.296 E716.35335
G1 X184.795 Y173.315 E716.36276
G1 X185.063 Y173.367 E716.37184
G1 X185.328 Y173.459 E716.38117
G1 X185.588 Y173.583 E716.39075
G1 X185.847 Y173.76 E716.40118
G1 X186.067 Y173.952 E716.41089
G1 X186.256 Y174.17 E716.42049
G1 X186.411 Y174.409 E716.42996
G1 X186.531 Y174.645 E716.43877
G1 X186.629 Y174.937 E716.44901
G1 X186.684 Y175.227 E716.45883
G1 X186.7 Y175.5 E716.46793
G1 X186.681 Y175.795 E716.47776
G1 X186.597 Y176.216 E716.49204
G1 X186.399 Y176.611 E716.50673
G1 X186.24 Y176.847 E716.5162
G1 X186.058 Y177.058 E716.52547
G1 X185.827 Y177.255 E716.53556
G1 X185.59 Y177.411 E716.545
G1 X185.325 Y177.542 E716.55483
G1 X185.063 Y177.629 E716.56401
G1 X184.791 Y177.682 E716.57323
G1 X184.487 Y177.7 E716.58336
G1 F2400 E716.08336
G0 F15000 X184.441 Y178.409
G0 X177.349 Y176.471
G0 X177.338 Y171.662
G0 X150 Y171.59
G0 X150 Y172.302
G1 F2400 E716.58336
G1 F6000 X176.56 Y172.3 E717.46675
G1 X176.649 Y172.365 E717.47041
G1 X176.698 Y172.468 E717.47421
G1 X176.7 Y179.3 E717.70144
G1 X188.3 Y179.3 E718.08726
G1 X188.3 Y167.7 E718.47308
G1 X181.468 Y167.698 E718.70031
G1 X181.365 Y167.649 E718.7041
G1 X181.303 Y167.535 E718.70842
G1 X181.3 Y132.439 E719.87572
G1 X181.366 Y132.351 E719.87938
G1 X181.468 Y132.302 E719.88314
G1 X188.3 Y132.3 E720.11037
G1 X188.3 Y120.7 E720.49619
G1 X176.7 Y120.7 E720.88201
G1 X176.698 Y127.56 E721.11017
G1 X176.62 Y127.66 E721.11439
G1 X176.535 Y127.697 E721.11747
G1 X135.423 Y127.7 E722.48486
G1 X135.3 Y127.54 E722.49158
G1 X135.3 Y115.7 E722.88538
G1 X123.7 Y115.7 E723.27119
G1 X123.7 Y127.54 E723.66499
G1 X123.66 Y127.621 E723.668
G1 X123.535 Y127.697 E723.67286
G1 X111.7 Y127.7 E724.0665
G1 X111.7 Y172.3 E725.5499
G1 X123.577 Y172.3 E725.94493
G1 X123.7 Y172.459 E725.95162
G1 X123.7 Y184.3 E726.34545
G1 X135.3 Y184.3 E726.73127
G1 X135.3 Y172.459 E727.1251
G1 X135.34 Y172.38 E727.12805
G1 X135.465 Y172.303 E727.13293
G1 X150 Y172.302 E727.61637
G1 F2400 E727.11637
G0 F15000 X150 Y171.59
G0 X150 Y170.41
G0 X150 Y169.697
G1 F2400 E727.61637
G1 F6000 X114.444 Y169.7 E728.79896
G1 X114.358 Y169.642 E728.80241
G1 X114.303 Y169.535 E728.80641
G1 X114.3 Y130.444 E730.10659
G1 X114.358 Y130.358 E730.11004
G1 X114.465 Y130.303 E730.11404
G1 X178.547 Y130.301 E732.24541
G1 X178.661 Y130.376 E732.24995
G1 X178.695 Y130.449 E732.25263
G1 X178.695 Y169.548 E733.55307
G1 X178.62 Y169.661 E733.55758
G1 X178.548 Y169.695 E733.56023
G1 X150 Y169.697 E734.50974
G1 F2400 E734.00974
G0 F15000 X150 Y170.41
G0 X134.662 Y171.662
G0 X134.656 Y180.112
G0 X130.925 Y182.971
G0 X130.369 Y183.201
G0 X129.441 Y183.409
G0 X129.487 Y182.7
G1 F2400 E734.50974
G1 F6000 X129.201 Y182.681 E734.51927
G1 X128.912 Y182.622 E734.52908
G1 X128.645 Y182.531 E734.53846
G1 X128.39 Y182.4 E734.548
G1 X128.148 Y182.239 E734.55767
G1 X127.932 Y182.047 E734.56728
G1 X127.746 Y181.83 E734.57678
G1 X127.583 Y181.588 E734.58649
G1 X127.467 Y181.348 E734.59536
G1 X127.367 Y181.063 E734.6054
G1 X127.314 Y180.791 E734.61462
G1 X127.296 Y180.487 E734.62475
G1 X127.315 Y180.201 E734.63428
G1 X127.367 Y179.937 E734.64323
G1 X127.468 Y179.647 E734.65344
G1 X127.584 Y179.411 E734.66219
G1 X127.761 Y179.148 E734.67273
G1 X127.952 Y178.933 E734.6823
G1 X128.168 Y178.746 E734.6918
G1 X128.411 Y178.584 E734.70151
G1 X128.669 Y178.459 E734.71105
G1 X128.937 Y178.367 E734.72047
G1 X129.205 Y178.314 E734.72956
G1 X129.513 Y178.296 E734.73982
G1 X129.795 Y178.315 E734.74922
G1 X130.064 Y178.367 E734.75834
G1 X130.348 Y178.467 E734.76835
G1 X130.588 Y178.583 E734.77722
G1 X130.847 Y178.76 E734.78765
G1 X131.067 Y178.952 E734.79736
G1 X131.256 Y179.17 E734.80696
G1 X131.411 Y179.409 E734.81643
G1 X131.531 Y179.645 E734.82524
G1 X131.629 Y179.937 E734.83548
G1 X131.684 Y180.227 E734.8453
G1 X131.7 Y180.513 E734.85483
G1 X131.681 Y180.795 E734.86423
G1 X131.597 Y181.216 E734.87851
G1 X131.399 Y181.611 E734.8932
G1 X131.24 Y181.847 E734.90267
G1 X131.047 Y182.068 E734.91243
G1 X130.827 Y182.255 E734.92203
G1 X130.59 Y182.411 E734.93147
G1 X130.325 Y182.542 E734.9413
G1 X130.063 Y182.629 E734.95048
G1 X129.791 Y182.682 E734.9597
G1 X129.487 Y182.7 E734.96983
G1 F2400 E734.46983
G0 F15000 X129.441 Y183.409
G0 X128.408 Y183.136
G0 X127.763 Y182.764
G0 X127.236 Y182.237
G0 X126.864 Y181.592
G0 X126.671 Y180.873
G0 X126.671 Y180.127
G0 X129.441 Y170.35
G0 X113.662 Y170.338
G0 X113.662 Y129.662
G0 X126.443 Y129.651
G0 X129.441 Y122.409
G0 X129.487 Y121.7
G1 F2400 E734.96983
G1 F6000 X129.201 Y121.681 E734.97936
G1 X128.936 Y121.629 E734.98834
G1 X128.645 Y121.531 E734.99855
G1 X128.39 Y121.4 E735.00809
G1 X128.148 Y121.239 E735.01776
G1 X127.932 Y121.047 E735.02737
G1 X127.747 Y120.83 E735.03685
G1 X127.583 Y120.588 E735.04658
G1 X127.467 Y120.348 E735.05544
G1 X127.367 Y120.063 E735.06549
G1 X127.315 Y119.795 E735.07457
G1 X127.296 Y119.487 E735.08483
G1 X127.315 Y119.201 E735.09436
G1 X127.367 Y118.937 E735.10331
G1 X127.468 Y118.647 E735.11353
G1 X127.584 Y118.411 E735.12227
G1 X127.761 Y118.148 E735.13282
G1 X127.952 Y117.933 E735.14238
G1 X128.168 Y117.746 E735.15189
G1 X128.411 Y117.584 E735.1616
G1 X128.669 Y117.459 E735.17113
G1 X128.937 Y117.367 E735.18056
G1 X129.205 Y117.314 E735.18965
G1 X129.513 Y117.296 E735.19991
G1 X129.794 Y117.315 E735.20927
G1 X130.092 Y117.375 E735.21938
G1 X130.348 Y117.467 E735.22843
G1 X130.587 Y117.583 E735.23727
G1 X130.83 Y117.746 E735.247
G1 X131.067 Y117.952 E735.25744
G1 X131.256 Y118.17 E735.26704
G1 X131.411 Y118.409 E735.27652
G1 X131.531 Y118.645 E735.28532
G1 X131.629 Y118.937 E735.29557
G1 X131.684 Y119.227 E735.30538
G1 X131.7 Y119.513 E735.31491
G1 X131.681 Y119.795 E735.32431
G1 X131.597 Y120.216 E735.33859
G1 X131.399 Y120.611 E735.35329
G1 X131.24 Y120.847 E735.36275
G1 X131.047 Y121.068 E735.37251
G1 X130.827 Y121.255 E735.38211
G1 X130.59 Y121.411 E735.39155
G1 X130.325 Y121.542 E735.40138
G1 X130.063 Y121.629 E735.41056
G1 X129.791 Y121.682 E735.41978
G1 X129.487 Y121.7 E735.42991
G0 F15000 X129.441 Y122.409
G0 X130.592 Y122.136
G0 X131.49 Y121.623
G0 X131.339 Y121.449
;TYPE:FILL
G1 F12000 X129.096 Y129.82 E735.71815
G0 F15000 X129.096 Y129.589
G0 X131.818 Y129.589
G0 X131.818 Y129.818
G1 F12000 X124.18 Y122.18 E736.07742
G0 F15000 X124.41 Y122.18
G0 X124.41 Y125.253
G0 X124.18 Y125.253
G1 F12000 X134.82 Y122.402 E736.44379
G0 F15000 X134.82 Y121.506
G1 F12000 X132.073 Y118.76 E736.57298
G1 X132.066 Y118.735
G1 X132.751 Y116.179 E736.66099
G0 F15000 X132.751 Y116.41
G0 X130.296 Y116.701
G0 X130.224 Y116.911
G1 F12000 X129.494 Y116.18 E736.69535
G0 F15000 X129.494 Y116.41
G0 X127.132 Y116.41
G0 X127.132 Y116.179
G1 F12000 X124.181 Y116.97 E736.79697
G0 F15000 X124.18 Y117.258
G1 F12000 X124.469 Y116.18 E736.83409
G0 F15000 X124.469 Y116.41
G0 X124.338 Y128.338
G0 X121.253 Y128.41
G0 X121.253 Y128.179
G1 F12000 X120.814 Y129.82 E736.89059
G0 F15000 X120.505 Y129.819
G1 F12000 X118.866 Y128.18 E736.96768
G0 F15000 X118.866 Y128.41
G0 X113.255 Y128.41
G0 X113.255 Y128.18
G1 F12000 X112.18 Y128.468 E737.0047
G0 F15000 X112.971 Y128.18
G1 F12000 X112.18 Y131.132 E737.10634
G0 F15000 X112.41 Y131.132
G0 X112.41 Y132.807
G0 X112.18 Y132.807
G1 F12000 X113.82 Y134.448 E737.18351
G0 F15000 X113.59 Y134.448
G0 X113.59 Y136.311
G0 X113.819 Y136.311
G1 F12000 X112.18 Y136.75 E737.23994
G0 F15000 X112.41 Y136.75
G0 X112.41 Y144.121
G0 X112.18 Y144.121
G1 F12000 X113.82 Y145.762 E737.31711
G0 F15000 X113.59 Y145.762
G0 X113.59 Y144.593
G0 X113.82 Y144.593
G1 F12000 X112.181 Y145.032 E737.37354
G0 F15000 X112.41 Y145.032
G0 X113.59 Y152.875
G0 X113.819 Y152.875
G1 F12000 X112.18 Y153.315 E737.42999
G0 F15000 X112.41 Y153.315
G0 X112.41 Y155.435
G0 X112.18 Y155.435
G1 F12000 X113.82 Y157.075 E737.50713
G0 F15000 X113.59 Y157.075
G0 X113.59 Y155.923
G0 X113.82 Y155.923
G1 F12000 X112.18 Y162.041 E737.7178
G0 F15000 X112.181 Y161.597
G1 F12000 X113.82 Y161.158 E737.77423
G0 F15000 X113.59 Y161.158
G0 X112.41 Y166.749
G0 X112.18 Y166.749
G1 F12000 X113.82 Y168.389 E737.85137
G0 F15000 X113.59 Y168.389
G0 X113.59 Y169.44
G0 X113.82 Y169.44
G1 F12000 X112.18 Y169.879 E737.90784
G0 F15000 X112.41 Y169.879
G0 X113.662 Y170.338
G0 X115.611 Y170.41
G0 X115.611 Y170.18
G1 F12000 X117.251 Y171.82 E737.98498
G0 F15000 X117.842 Y171.82
G1 F12000 X118.282 Y170.179 E738.04149
G0 F15000 X118.282 Y170.41
G0 X124.338 Y171.662
G0 X124.41 Y174.946
G0 X124.181 Y174.946
G1 F12000 X135.016 Y172.042 E738.41458
G0 F15000 X135.845 Y171.82
G1 F12000 X141.966 Y170.18 E738.62534
G0 F15000 X141.966 Y170.41
G0 X143.128 Y170.41
G0 X143.128 Y170.18
G1 F12000 X142.689 Y171.82 E738.68181
G0 F15000 X142.689 Y171.59
G0 X139.878 Y171.59
G0 X139.878 Y171.82
G1 F12000 X138.239 Y170.18 E738.75893
G0 F15000 X138.239 Y170.41
G0 X134.846 Y170.41
G0 X134.846 Y170.179
G1 F12000 X132.162 Y180.195 E739.10382
G0 F15000 X132.11 Y181.103
G1 F12000 X134.819 Y180.377 E739.1971
G0 F15000 X134.59 Y180.377
G0 X134.59 Y178.076
G0 X134.821 Y178.076
G1 F12000 X126.925 Y170.18 E739.5685
G0 F15000 X126.564 Y170.18
G1 F12000 X124.181 Y179.074 E739.87475
G0 F15000 X124.18 Y178.749
G1 F12000 X127.085 Y181.654 E740.01139
G0 F15000 X127.542 Y182.327
G1 F12000 X124.181 Y183.228 E740.12713
G0 F15000 X124.41 Y183.228
G0 X128.239 Y183.12
G0 X128.343 Y182.912
G1 F12000 X129.251 Y183.82 E740.16984
G0 F15000 X129.251 Y183.59
G0 X131.191 Y183.59
G0 X131.191 Y183.82
G1 F12000 X131.657 Y182.081 E740.22972
G0 F15000 X131.853 Y182.212
G0 X134.659 Y176.584
G0 X134.662 Y171.662
G0 X149.552 Y170.41
G0 X149.552 Y170.18
G1 F12000 X151.192 Y171.82 E740.30686
G0 F15000 X150.971 Y171.821
G1 F12000 X151.41 Y170.18 E740.36336
G0 F15000 X151.41 Y170.41
G0 X159.253 Y171.59
G0 X159.253 Y171.82
G1 F12000 X159.693 Y170.18 E740.41983
G0 F15000 X159.693 Y170.41
G0 X160.866 Y170.41
G0 X160.866 Y170.18
G1 F12000 X162.506 Y171.82 E740.49697
G0 F15000 X162.506 Y171.59
G0 X166.754 Y171.59
G0 X166.754 Y171.82
G1 F12000 X172.876 Y170.18 E740.70777
G0 F15000 X172.18 Y170.18
G1 F12000 X173.82 Y171.82 E740.78491
G0 F15000 X173.82 Y171.59
G0 X175.817 Y171.59
G0 X175.817 Y171.821
G1 F12000 X176.257 Y170.18 E740.84142
G0 F15000 X176.257 Y170.41
G0 X179.338 Y170.338
G0 X179.41 Y168.492
G0 X179.181 Y168.491
G1 F12000 X181.039 Y167.993 E740.9054
G0 F15000 X181.493 Y168.18
G1 F12000 X187.82 Y174.507 E741.203
G1 X187.819 Y174.458
G1 X187.046 Y174.665 E741.22962
G0 F15000 X187.262 Y174.592
G0 X186.764 Y173.763
G0 X186.237 Y173.236
G0 X185.592 Y172.864
G0 X184.873 Y172.671
G0 X183.763 Y172.682
G0 X183.808 Y172.91
G1 F12000 X185.075 Y168.18 E741.39248
G0 F15000 X185.075 Y168.41
G0 X180.662 Y168.338
G0 X180.59 Y167.507
G0 X180.82 Y167.507
G1 F12000 X179.179 Y165.866 E741.46967
G0 F15000 X179.41 Y165.867
G0 X179.41 Y160.21
G0 X179.18 Y160.209
G1 F12000 X180.82 Y159.769 E741.52615
G0 F15000 X180.59 Y159.769
G0 X179.41 Y159.27
G0 X179.181 Y159.269
G1 F12000 X180.82 Y153.151 E741.73681
G0 F15000 X180.59 Y153.151
G0 X180.59 Y151.487
G0 X180.819 Y151.487
G1 F12000 X179.181 Y151.926 E741.79321
G0 F15000 X179.41 Y151.927
G0 X179.41 Y154.553
G0 X179.179 Y154.552
G1 F12000 X180.82 Y156.193 E741.8704
G0 F15000 X180.59 Y156.193
G0 X180.59 Y144.879
G0 X180.82 Y144.879
G1 F12000 X179.179 Y143.239 E741.94756
G0 F15000 X179.18 Y143.644
G1 F12000 X180.819 Y143.205 E742.004
G0 F15000 X180.59 Y143.205
G0 X179.41 Y135.363
G0 X179.181 Y135.362
G1 F12000 X180.819 Y134.923 E742.0604
G0 F15000 X180.59 Y134.923
G0 X180.59 Y133.565
G0 X180.82 Y133.565
G1 F12000 X179.179 Y131.925 E742.13756
G0 F15000 X179.41 Y131.926
G0 X179.339 Y129.661
G0 X178.771 Y129.589
G0 X178.771 Y129.888
G1 F12000 X181.104 Y121.179 E742.43744
G0 F15000 X181.104 Y121.41
G0 X179.748 Y121.41
G0 X179.748 Y121.18
G1 F12000 X182.03 Y123.462 E742.54478
G0 F15000 X181.822 Y123.358
G0 X181.645 Y124.5
G0 X181.744 Y125.238
G0 X182.263 Y126.36
G0 X182.44 Y126.206
G1 F12000 X177.169 Y127.619 E742.72628
G0 F15000 X177.41 Y127.619
G0 X177.338 Y128.338
G0 X175.435 Y128.41
G0 X175.435 Y128.18
G1 F12000 X177.071 Y129.816 E742.80323
G0 F15000 X177.071 Y129.589
G0 X175.075 Y128.41
G0 X175.075 Y128.18
G1 F12000 X168.967 Y129.816 E743.01355
G0 F15000 X168.967 Y129.589
G0 X170.508 Y129.589
G0 X170.508 Y129.817
G1 F12000 X170.946 Y128.18 E743.06991
G0 F15000 X170.946 Y128.41
G0 X165.758 Y129.589
G0 X165.758 Y129.817
G1 F12000 X164.121 Y128.18 E743.14691
G0 F15000 X164.121 Y128.41
G0 X162.664 Y128.41
G0 X162.664 Y128.179
G1 F12000 X162.225 Y129.817 E743.20331
G0 F15000 X162.225 Y129.589
G0 X154.444 Y129.589
G0 X154.444 Y129.817
G1 F12000 X152.807 Y128.18 E743.28031
G0 F15000 X152.807 Y128.41
G0 X154.382 Y128.41
G0 X154.382 Y128.18
G1 F12000 X153.943 Y129.818 E743.33672
G0 F15000 X153.943 Y129.589
G0 X146.1 Y128.41
G0 X146.1 Y128.179
G1 F12000 X145.661 Y129.819 E743.39318
G0 F15000 X145.661 Y129.589
G0 X144.165 Y128.41
G0 X144.165 Y128.18
G1 F12000 X138.05 Y129.818 E743.60374
G0 F15000 X137.378 Y129.82
G1 F12000 X137.818 Y128.179 E743.66025
G0 F15000 X137.818 Y128.41
G0 X141.493 Y128.41
G0 X141.493 Y128.18
G1 F12000 X143.131 Y129.818 E743.73729
G1 F2400 E743.23729
G0 F15000 X143.131 Y129.589
G0 X177.338 Y128.338
G0 X183.737 Y127.461
G0 X185.64 Y127.18
G0 X185.537 Y126.969
G1 F2400 E743.73729
G1 F12000 X187.82 Y129.252 E743.84468
G0 F15000 X187.59 Y129.252
G0 X187.59 Y127.026
G0 X187.82 Y127.026
G1 F12000 X186.535 Y131.821 E744.00979
G0 F15000 X186.535 Y131.59
G0 X187.366 Y124.992
G0 X187.139 Y124.947
G1 F12000 X187.819 Y124.765 E744.0332
G1 F2400 E743.5332
G0 F15000 X187.59 Y124.765
G0 X183.877 Y131.655
G0 X180.662 Y131.662
G0 X179.338 Y170.338
G0 X167.975 Y170.41
G0 X167.975 Y170.18
G1 F2400 E744.0332
G1 F12000 X167.535 Y171.821 E744.08971
G0 F15000 X167.535 Y171.59
G0 X177.338 Y171.662
G0 X177.41 Y175.18
G0 X177.18 Y175.18
G1 F12000 X180.82 Y178.82 E744.26092
G0 F15000 X180.82 Y178.59
G0 X182.224 Y178.59
G0 X182.224 Y178.82
G1 F12000 X182.604 Y177.402 E744.30975
G0 F15000 X182.453 Y177.573
G0 X181.976 Y176.778
G0 X181.653 Y176.094
G0 X181.876 Y176.051
G1 F12000 X177.18 Y177.309 E744.47145
G0 F15000 X177.71 Y177.309
G1 F2400 E743.97145
;MESH:NONMESH
G0 F300 X177.71 Y177.309 Z2.2
G0 F15000 X179.338 Y170.338
G0 X179.339 Y129.661
G0 X135.849 Y129.66
G0 X129.481 Y122.412
G0 X129.501 Y122.1
;TIME_ELAPSED:998.799010
;LAYER:10
;TYPE:WALL-INNER
;MESH:Vakuumpumpe casing (berre sk??l)V2.stl
G1 F2400 E744.47145
G1 F6000 X129.124 Y122.073 E744.48402
G1 X128.786 Y122.002 E744.49551
G1 X128.464 Y121.887 E744.50688
G1 X128.171 Y121.735 E744.51786
G1 X127.884 Y121.54 E744.5294
G1 X127.628 Y121.308 E744.54089
G1 X127.417 Y121.056 E744.55182
G1 X127.223 Y120.762 E744.56353
G1 X127.082 Y120.462 E744.57456
G1 X126.998 Y120.226 E744.58289
G1 X126.92 Y119.86 E744.59534
G1 X126.896 Y119.5 E744.60734
G1 X126.923 Y119.124 E744.61988
G1 X126.997 Y118.777 E744.63168
G1 X127.109 Y118.471 E744.64252
G1 X127.266 Y118.164 E744.65398
G1 X127.461 Y117.884 E744.66533
G1 X127.688 Y117.632 E744.67661
G1 X127.945 Y117.414 E744.68782
G1 X128.235 Y117.225 E744.69933
G1 X128.537 Y117.081 E744.71046
G1 X128.86 Y116.975 E744.72177
G1 X129.136 Y116.92 E744.73113
G1 X129.5 Y116.896 E744.74326
G1 X129.794 Y116.913 E744.75306
G1 X130.139 Y116.974 E744.76471
G1 X130.522 Y117.107 E744.7782
G1 X130.761 Y117.223 E744.78703
G1 X131.056 Y117.416 E744.79876
G1 X131.308 Y117.628 E744.80971
G1 X131.591 Y117.951 E744.82399
G1 X131.767 Y118.227 E744.83488
G1 X131.921 Y118.546 E744.84666
G1 X132.021 Y118.859 E744.85759
G1 X132.083 Y119.203 E744.86922
G1 X132.1 Y119.5 E744.87911
G1 X132.076 Y119.86 E744.89111
G1 X132.001 Y120.217 E744.90324
G1 X131.889 Y120.529 E744.91427
G1 X131.732 Y120.833 E744.92565
G1 X131.544 Y121.108 E744.93673
G1 X131.308 Y121.371 E744.94848
G1 X131.049 Y121.588 E744.95972
G1 X130.769 Y121.769 E744.97081
G1 X130.341 Y121.975 E744.98661
G1 X129.86 Y122.076 E745.00295
G1 X129.501 Y122.1 E745.01492
G1 F2400 E744.51492
G0 F15000 X129.481 Y122.412
G0 X124.387 Y129.658
G0 X113.662 Y129.662
G0 X113.662 Y170.338
G0 X150 Y170.41
G0 X150 Y170.1
G1 F2400 E745.01492
G1 F6000 X114.5 Y170.1 E746.19566
G1 X114.261 Y170.051 E746.20377
G1 X114.075 Y169.925 E746.21124
G1 X113.949 Y169.739 E746.21872
G1 X113.9 Y169.574 E746.22444
G1 X113.9 Y130.5 E747.52405
G1 X113.949 Y130.261 E747.53216
G1 X114.075 Y130.075 E747.53963
G1 X114.261 Y129.949 E747.54711
G1 X114.426 Y129.9 E747.55283
G1 X178.5 Y129.896 E749.68394
G1 X178.731 Y129.941 E749.69177
G1 X178.923 Y130.069 E749.69944
G1 X179.1 Y130.392 E749.71169
G1 X179.1 Y169.605 E751.01592
G1 X179.004 Y169.827 E751.02397
G1 X178.859 Y169.982 E751.03103
G1 X178.608 Y170.1 E751.04025
G1 X150 Y170.1 E751.99176
G0 F15000 X150 Y170.41
G0 X150 Y171.59
G0 X150 Y171.9
G1 F6000 X176.5 Y171.9 E752.87315
G1 X176.755 Y171.956 E752.88183
G1 X176.946 Y172.097 E752.88973
G1 X177.1 Y172.429 E752.9019
G1 X177.1 Y178.9 E753.11713
G1 X187.9 Y178.9 E753.47634
G1 X187.9 Y168.1 E753.83555
G1 X181.429 Y168.1 E754.05078
G1 X181.097 Y167.946 E754.06295
G1 X180.956 Y167.754 E754.07087
G1 X180.9 Y167.575 E754.07711
G1 X180.9 Y132.5 E755.24371
G1 X180.956 Y132.245 E755.25239
G1 X181.098 Y132.054 E755.26031
G1 X181.27 Y131.945 E755.26708
G1 X181.431 Y131.9 E755.27264
G1 X187.9 Y131.9 E755.4878
G1 X187.9 Y121.1 E755.84701
G1 X177.1 Y121.1 E756.20622
G1 X177.1 Y127.569 E756.42138
G1 X177.055 Y127.731 E756.42697
G1 X176.86 Y127.98 E756.43749
G1 X176.583 Y128.1 E756.44753
G1 X135.5 Y128.1 E757.81396
G1 X135.217 Y128.03 E757.82365
G1 X135.02 Y127.86 E757.83231
G1 X134.9 Y127.62 E757.84123
G1 X134.9 Y116.1 E758.22439
G1 X124.1 Y116.1 E758.5836
G1 X124.1 Y127.62 E758.96676
G1 X123.98 Y127.861 E758.97571
G1 X123.782 Y128.03 E758.98437
G1 X123.578 Y128.1 E758.99154
G1 X112.1 Y128.1 E759.3733
G1 X112.1 Y171.9 E760.83009
G1 X123.5 Y171.9 E761.20926
G1 X123.783 Y171.97 E761.21896
G1 X123.98 Y172.14 E761.22761
G1 X124.1 Y172.379 E761.23651
G1 X124.1 Y183.9 E761.6197
G1 X134.9 Y183.9 E761.97891
G1 X134.9 Y172.379 E762.3621
G1 X135.02 Y172.14 E762.37099
G1 X135.217 Y171.97 E762.37965
G1 X135.422 Y171.9 E762.38685
G1 X150 Y171.9 E762.87172
G1 F2400 E762.37172
G0 F15000 X150 Y171.59
G0 X134.662 Y171.662
G0 X134.656 Y180.431
G0 X130.925 Y182.971
G0 X130.369 Y183.201
G0 X129.48 Y183.412
G0 X129.5 Y183.1
G1 F2400 E762.87172
G1 F6000 X129.123 Y183.073 E762.88429
G1 X128.859 Y183.021 E762.89324
G1 X128.463 Y182.887 E762.90714
G1 X128.171 Y182.734 E762.91811
G1 X127.951 Y182.591 E762.92683
G1 X127.688 Y182.368 E762.9383
G1 X127.416 Y182.056 E762.95207
G1 X127.223 Y181.762 E762.96377
G1 X127.082 Y181.462 E762.97479
G1 X126.998 Y181.226 E762.98312
G1 X126.92 Y180.86 E762.99557
G1 X126.896 Y180.5 E763.00757
G1 X126.923 Y180.124 E763.02011
G1 X126.997 Y179.777 E763.03191
G1 X127.109 Y179.471 E763.04275
G1 X127.225 Y179.235 E763.05149
G1 X127.46 Y178.884 E763.06554
G1 X127.688 Y178.633 E763.07682
G1 X127.884 Y178.46 E763.08552
G1 X128.235 Y178.225 E763.09956
G1 X128.537 Y178.081 E763.11069
G1 X128.86 Y177.975 E763.122
G1 X129.136 Y177.92 E763.13136
G1 X129.5 Y177.896 E763.14349
G1 X129.871 Y177.922 E763.15586
G1 X130.226 Y177.998 E763.16794
G1 X130.522 Y178.107 E763.17843
G1 X130.84 Y178.269 E763.1903
G1 X131.108 Y178.457 E763.20119
G1 X131.367 Y178.688 E763.21273
G1 X131.591 Y178.951 E763.22422
G1 X131.767 Y179.228 E763.23514
G1 X131.921 Y179.546 E763.24689
G1 X132.021 Y179.859 E763.25782
G1 X132.083 Y180.203 E763.26944
G1 X132.1 Y180.5 E763.27934
G1 X132.076 Y180.86 E763.29134
G1 X132.001 Y181.217 E763.30347
G1 X131.889 Y181.529 E763.31449
G1 X131.732 Y181.833 E763.32587
G1 X131.543 Y182.108 E763.33697
G1 X131.308 Y182.372 E763.34873
G1 X131.049 Y182.588 E763.35995
G1 X130.769 Y182.769 E763.37103
G1 X130.453 Y182.921 E763.3827
G1 X130.139 Y183.022 E763.39367
G1 X129.86 Y183.076 E763.40312
G1 X129.5 Y183.1 E763.41512
G1 F2400 E762.91512
G0 F15000 X129.48 Y183.412
G0 X134.651 Y182.942
G0 X134.662 Y171.662
G0 X177.338 Y171.662
G0 X181.046 Y177.984
G0 X184.48 Y178.412
G0 X184.5 Y178.1
G1 F2400 E763.41512
G1 F6000 X184.123 Y178.073 E763.42769
G1 X183.859 Y178.021 E763.43664
G1 X183.463 Y177.887 E763.45055
G1 X183.171 Y177.734 E763.46151
G1 X182.951 Y177.591 E763.47024
G1 X182.688 Y177.368 E763.48171
G1 X182.416 Y177.056 E763.49547
G1 X182.223 Y176.762 E763.50717
G1 X182.082 Y176.462 E763.5182
G1 X181.974 Y176.139 E763.52952
G1 X181.92 Y175.86 E763.53897
G1 X181.896 Y175.5 E763.55097
G1 X181.923 Y175.124 E763.56351
G1 X181.997 Y174.777 E763.57531
G1 X182.109 Y174.471 E763.58615
G1 X182.266 Y174.165 E763.59759
G1 X182.436 Y173.914 E763.60767
G1 X182.659 Y173.659 E763.61894
G1 X182.914 Y173.436 E763.63021
G1 X183.235 Y173.225 E763.64298
G1 X183.537 Y173.081 E763.65411
G1 X183.859 Y172.975 E763.66539
G1 X184.136 Y172.92 E763.67478
G1 X184.5 Y172.896 E763.68691
G1 X184.794 Y172.913 E763.69671
G1 X185.226 Y172.998 E763.71135
G1 X185.462 Y173.082 E763.71968
G1 X185.762 Y173.223 E763.73071
G1 X186.108 Y173.456 E763.74458
G1 X186.368 Y173.688 E763.75617
G1 X186.591 Y173.951 E763.76764
G1 X186.767 Y174.228 E763.77856
G1 X186.922 Y174.545 E763.79029
G1 X187.002 Y174.785 E763.79871
G1 X187.073 Y175.123 E763.81019
G1 X187.1 Y175.5 E763.82277
G1 X187.074 Y175.871 E763.83514
G1 X187.001 Y176.217 E763.8469
G1 X186.889 Y176.529 E763.85792
G1 X186.732 Y176.833 E763.8693
G1 X186.543 Y177.108 E763.8804
G1 X186.341 Y177.341 E763.89066
G1 X186.049 Y177.588 E763.90338
G1 X185.769 Y177.769 E763.91447
G1 X185.453 Y177.921 E763.92613
G1 X185.139 Y178.022 E763.9371
G1 X184.86 Y178.076 E763.94655
G1 X184.5 Y178.1 E763.95855
G1 F2400 E763.45855
G0 F15000 X184.48 Y178.412
G0 X183.408 Y178.136
G0 X182.763 Y177.764
G0 X182.236 Y177.237
G0 X181.864 Y176.592
G0 X181.671 Y175.873
G0 X180.662 Y168.338
G0 X180.662 Y131.662
G0 X184.48 Y127.412
G0 X184.5 Y127.1
G1 F2400 E763.95855
G1 F6000 X184.123 Y127.073 E763.97112
G1 X183.786 Y127.002 E763.98258
G1 X183.546 Y126.922 E763.99099
G1 X183.227 Y126.767 E764.00279
G1 X182.917 Y126.567 E764.01506
G1 X182.657 Y126.339 E764.02656
G1 X182.457 Y126.108 E764.03672
G1 X182.263 Y125.832 E764.04794
G1 X182.082 Y125.462 E764.06164
G1 X181.974 Y125.139 E764.07297
G1 X181.92 Y124.86 E764.08242
G1 X181.896 Y124.5 E764.09442
G1 X181.923 Y124.124 E764.10696
G1 X181.997 Y123.777 E764.11876
G1 X182.109 Y123.471 E764.1296
G1 X182.266 Y123.164 E764.14107
G1 X182.461 Y122.884 E764.15242
G1 X182.688 Y122.632 E764.1637
G1 X182.945 Y122.414 E764.17491
G1 X183.235 Y122.225 E764.18642
G1 X183.537 Y122.081 E764.19755
G1 X183.86 Y121.975 E764.20885
G1 X184.136 Y121.92 E764.21821
G1 X184.5 Y121.896 E764.23035
G1 X184.794 Y121.913 E764.24014
G1 X185.139 Y121.974 E764.2518
G1 X185.522 Y122.107 E764.26528
G1 X185.761 Y122.223 E764.27412
G1 X186.056 Y122.416 E764.28584
G1 X186.341 Y122.659 E764.2983
G1 X186.591 Y122.951 E764.31108
G1 X186.767 Y123.228 E764.322
G1 X186.922 Y123.545 E764.33374
G1 X187.002 Y123.785 E764.34215
G1 X187.073 Y124.123 E764.35364
G1 X187.1 Y124.5 E764.36621
G1 X187.074 Y124.871 E764.37858
G1 X187.001 Y125.217 E764.39034
G1 X186.889 Y125.529 E764.40136
G1 X186.732 Y125.833 E764.41274
G1 X186.543 Y126.108 E764.42384
G1 X186.308 Y126.371 E764.43557
G1 X186.108 Y126.544 E764.44437
G1 X185.833 Y126.732 E764.45545
G1 X185.529 Y126.889 E764.46683
G1 X185.217 Y127.001 E764.47785
G1 X184.86 Y127.076 E764.48999
G1 X184.5 Y127.1 E764.50199
G0 F15000 X184.487 Y126.7
;TYPE:WALL-OUTER
G1 F6000 X184.201 Y126.681 E764.51152
G1 X183.912 Y126.622 E764.52133
G1 X183.645 Y126.531 E764.53071
G1 X183.409 Y126.411 E764.53952
G1 X183.159 Y126.248 E764.54945
G1 X182.941 Y126.057 E764.55909
G1 X182.747 Y125.83 E764.56902
G1 X182.583 Y125.588 E764.57874
G1 X182.467 Y125.348 E764.58761
G1 X182.367 Y125.063 E764.59765
G1 X182.314 Y124.791 E764.60687
G1 X182.296 Y124.487 E764.617
G1 X182.315 Y124.201 E764.62653
G1 X182.367 Y123.937 E764.63548
G1 X182.468 Y123.647 E764.64569
G1 X182.584 Y123.411 E764.65444
G1 X182.761 Y123.148 E764.66498
G1 X182.952 Y122.933 E764.67455
G1 X183.168 Y122.746 E764.68405
G1 X183.411 Y122.584 E764.69377
G1 X183.669 Y122.459 E764.7033
G1 X183.937 Y122.367 E764.71272
G1 X184.205 Y122.314 E764.72181
G1 X184.513 Y122.296 E764.73207
G1 X184.794 Y122.315 E764.74144
G1 X185.092 Y122.375 E764.75155
G1 X185.348 Y122.467 E764.7606
G1 X185.587 Y122.583 E764.76943
G1 X185.83 Y122.746 E764.77917
G1 X186.058 Y122.942 E764.78917
G1 X186.256 Y123.17 E764.79921
G1 X186.411 Y123.409 E764.80868
G1 X186.531 Y123.645 E764.81749
G1 X186.629 Y123.937 E764.82774
G1 X186.684 Y124.227 E764.83755
G1 X186.7 Y124.5 E764.84665
G1 X186.681 Y124.795 E764.85648
G1 X186.597 Y125.216 E764.87076
G1 X186.399 Y125.611 E764.88545
G1 X186.24 Y125.847 E764.89492
G1 X186.047 Y126.068 E764.90468
G1 X185.827 Y126.255 E764.91428
G1 X185.59 Y126.411 E764.92372
G1 X185.325 Y126.542 E764.93355
G1 X185.063 Y126.629 E764.94273
G1 X184.791 Y126.682 E764.95195
G1 X184.487 Y126.7 E764.96208
G1 F2400 E764.46208
G0 F15000 X184.441 Y127.409
G0 X180.662 Y131.662
G0 X180.662 Y168.338
G0 X181.744 Y176.238
G0 X182.029 Y176.925
G0 X182.482 Y177.518
G0 X183.075 Y177.971
G0 X183.464 Y178.132
G0 X184.441 Y178.409
G0 X184.487 Y177.7
G1 F2400 E764.96208
G1 F6000 X184.201 Y177.681 E764.97161
G1 X183.912 Y177.622 E764.98142
G1 X183.645 Y177.531 E764.9908
G1 X183.39 Y177.4 E765.00034
G1 X183.148 Y177.239 E765.01001
G1 X182.932 Y177.047 E765.01962
G1 X182.746 Y176.83 E765.02912
G1 X182.583 Y176.588 E765.03883
G1 X182.459 Y176.328 E765.04841
G1 X182.367 Y176.063 E765.05774
G1 X182.314 Y175.791 E765.06696
G1 X182.296 Y175.487 E765.07709
G1 X182.315 Y175.201 E765.08662
G1 X182.367 Y174.937 E765.09557
G1 X182.468 Y174.647 E765.10578
G1 X182.584 Y174.411 E765.11453
G1 X182.753 Y174.158 E765.12465
G1 X182.942 Y173.942 E765.13419
G1 X183.158 Y173.753 E765.14374
G1 X183.411 Y173.584 E765.15386
G1 X183.669 Y173.459 E765.1634
G1 X183.937 Y173.367 E765.17282
G1 X184.205 Y173.314 E765.18191
G1 X184.513 Y173.296 E765.19217
G1 X184.795 Y173.315 E765.20157
G1 X185.063 Y173.367 E765.21065
G1 X185.328 Y173.459 E765.21998
G1 X185.588 Y173.583 E765.22956
G1 X185.847 Y173.76 E765.23999
G1 X186.067 Y173.952 E765.2497
G1 X186.256 Y174.17 E765.2593
G1 X186.411 Y174.409 E765.26878
G1 X186.531 Y174.645 E765.27758
G1 X186.629 Y174.937 E765.28783
G1 X186.684 Y175.227 E765.29764
G1 X186.7 Y175.513 E765.30717
G1 X186.681 Y175.795 E765.31657
G1 X186.597 Y176.216 E765.33085
G1 X186.399 Y176.611 E765.34555
G1 X186.24 Y176.847 E765.35501
G1 X186.058 Y177.058 E765.36428
G1 X185.827 Y177.255 E765.37438
G1 X185.59 Y177.411 E765.38381
G1 X185.325 Y177.542 E765.39364
G1 X185.063 Y177.629 E765.40283
G1 X184.791 Y177.682 E765.41204
G1 X184.487 Y177.7 E765.42217
G1 F2400 E764.92217
G0 F15000 X184.441 Y178.409
G0 X177.349 Y176.471
G0 X177.338 Y171.662
G0 X150 Y171.59
G0 X150 Y172.302
G1 F2400 E765.42217
G1 F6000 X176.56 Y172.3 E766.30556
G1 X176.649 Y172.365 E766.30923
G1 X176.698 Y172.468 E766.31302
G1 X176.7 Y179.3 E766.54025
G1 X188.3 Y179.3 E766.92607
G1 X188.3 Y167.7 E767.31189
G1 X181.468 Y167.698 E767.53912
G1 X181.365 Y167.649 E767.54292
G1 X181.303 Y167.535 E767.54723
G1 X181.3 Y132.439 E768.71453
G1 X181.366 Y132.351 E768.71819
G1 X181.468 Y132.302 E768.72195
G1 X188.3 Y132.3 E768.94919
G1 X188.3 Y120.7 E769.335
G1 X176.7 Y120.7 E769.72082
G1 X176.698 Y127.56 E769.94898
G1 X176.62 Y127.66 E769.9532
G1 X176.535 Y127.697 E769.95629
G1 X135.423 Y127.7 E771.32368
G1 X135.3 Y127.54 E771.33039
G1 X135.3 Y115.7 E771.72419
G1 X123.7 Y115.7 E772.11001
G1 X123.7 Y127.54 E772.50381
G1 X123.66 Y127.621 E772.50681
G1 X123.535 Y127.697 E772.51168
G1 X111.7 Y127.7 E772.90531
G1 X111.7 Y172.3 E774.38871
G1 X123.577 Y172.3 E774.78374
G1 X123.7 Y172.459 E774.79043
G1 X123.7 Y184.3 E775.18426
G1 X135.3 Y184.3 E775.57008
G1 X135.3 Y172.459 E775.96391
G1 X135.34 Y172.38 E775.96686
G1 X135.465 Y172.303 E775.97174
G1 X150 Y172.302 E776.45518
G1 F2400 E775.95518
G0 F15000 X150 Y171.59
G0 X150 Y170.41
G0 X150 Y169.697
G1 F2400 E776.45518
G1 F6000 X114.444 Y169.7 E777.63778
G1 X114.358 Y169.642 E777.64123
G1 X114.303 Y169.535 E777.64523
G1 X114.3 Y130.444 E778.9454
G1 X114.358 Y130.358 E778.94885
G1 X114.465 Y130.303 E778.95285
G1 X178.547 Y130.301 E781.08423
G1 X178.661 Y130.376 E781.08877
G1 X178.695 Y130.449 E781.09144
G1 X178.695 Y169.548 E782.39188
G1 X178.62 Y169.661 E782.39639
G1 X178.548 Y169.695 E782.39904
G1 X150 Y169.697 E783.34855
G1 F2400 E782.84855
G0 F15000 X150 Y170.41
G0 X134.662 Y171.662
G0 X134.656 Y180.112
G0 X130.925 Y182.971
G0 X130.369 Y183.201
G0 X129.441 Y183.409
G0 X129.487 Y182.7
G1 F2400 E783.34855
G1 F6000 X129.201 Y182.681 E783.35808
G1 X128.912 Y182.622 E783.36789
G1 X128.645 Y182.531 E783.37728
G1 X128.39 Y182.4 E783.38681
G1 X128.148 Y182.239 E783.39648
G1 X127.932 Y182.047 E783.40609
G1 X127.746 Y181.83 E783.4156
G1 X127.583 Y181.588 E783.4253
G1 X127.467 Y181.348 E783.43417
G1 X127.367 Y181.063 E783.44421
G1 X127.314 Y180.791 E783.45343
G1 X127.296 Y180.487 E783.46356
G1 X127.315 Y180.201 E783.47309
G1 X127.367 Y179.937 E783.48204
G1 X127.468 Y179.647 E783.49226
G1 X127.584 Y179.411 E783.501
G1 X127.761 Y179.148 E783.51155
G1 X127.952 Y178.933 E783.52111
G1 X128.168 Y178.746 E783.53061
G1 X128.411 Y178.584 E783.54033
G1 X128.669 Y178.459 E783.54986
G1 X128.937 Y178.367 E783.55929
G1 X129.205 Y178.314 E783.56837
G1 X129.513 Y178.296 E783.57863
G1 X129.795 Y178.315 E783.58804
G1 X130.064 Y178.367 E783.59715
G1 X130.348 Y178.467 E783.60716
G1 X130.588 Y178.583 E783.61603
G1 X130.847 Y178.76 E783.62646
G1 X131.067 Y178.952 E783.63617
G1 X131.256 Y179.17 E783.64577
G1 X131.411 Y179.409 E783.65524
G1 X131.531 Y179.645 E783.66405
G1 X131.629 Y179.937 E783.6743
G1 X131.684 Y180.227 E783.68411
G1 X131.7 Y180.513 E783.69364
G1 X131.681 Y180.795 E783.70304
G1 X131.597 Y181.216 E783.71732
G1 X131.399 Y181.611 E783.73201
G1 X131.24 Y181.847 E783.74148
G1 X131.047 Y182.068 E783.75124
G1 X130.827 Y182.255 E783.76084
G1 X130.59 Y182.411 E783.77028
G1 X130.325 Y182.542 E783.78011
G1 X130.063 Y182.629 E783.78929
G1 X129.791 Y182.682 E783.79851
G1 X129.487 Y182.7 E783.80864
G1 F2400 E783.30864
G0 F15000 X129.441 Y183.409
G0 X128.408 Y183.136
G0 X127.763 Y182.764
G0 X127.236 Y182.237
G0 X126.864 Y181.592
G0 X126.671 Y180.873
G0 X126.671 Y180.127
G0 X129.441 Y170.35
G0 X113.662 Y170.338
G0 X113.662 Y129.662
G0 X126.443 Y129.651
G0 X129.441 Y122.409
G0 X129.487 Y121.7
G1 F2400 E783.80864
G1 F6000 X129.201 Y121.681 E783.81817
G1 X128.936 Y121.629 E783.82715
G1 X128.645 Y121.531 E783.83737
G1 X128.39 Y121.4 E783.8469
G1 X128.148 Y121.239 E783.85657
G1 X127.932 Y121.047 E783.86618
G1 X127.747 Y120.83 E783.87567
G1 X127.583 Y120.588 E783.88539
G1 X127.467 Y120.348 E783.89425
G1 X127.367 Y120.063 E783.9043
G1 X127.314 Y119.791 E783.91352
G1 X127.296 Y119.487 E783.92365
G1 X127.315 Y119.201 E783.93318
G1 X127.367 Y118.937 E783.94213
G1 X127.468 Y118.647 E783.95234
G1 X127.584 Y118.411 E783.96109
G1 X127.761 Y118.148 E783.97163
G1 X127.952 Y117.933 E783.9812
G1 X128.168 Y117.746 E783.9907
G1 X128.411 Y117.584 E784.00041
G1 X128.669 Y117.459 E784.00995
G1 X128.937 Y117.367 E784.01937
G1 X129.205 Y117.314 E784.02846
G1 X129.513 Y117.296 E784.03872
G1 X129.794 Y117.315 E784.04809
G1 X130.063 Y117.367 E784.0572
G1 X130.348 Y117.467 E784.06725
G1 X130.587 Y117.583 E784.07608
G1 X130.83 Y117.746 E784.08582
G1 X131.067 Y117.952 E784.09626
G1 X131.256 Y118.17 E784.10586
G1 X131.411 Y118.409 E784.11533
G1 X131.531 Y118.645 E784.12414
G1 X131.629 Y118.937 E784.13438
G1 X131.684 Y119.227 E784.1442
G1 X131.7 Y119.513 E784.15373
G1 X131.681 Y119.795 E784.16313
G1 X131.597 Y120.216 E784.1774
G1 X131.399 Y120.611 E784.1921
G1 X131.24 Y120.847 E784.20156
G1 X131.047 Y121.068 E784.21132
G1 X130.827 Y121.255 E784.22093
G1 X130.59 Y121.411 E784.23036
G1 X130.325 Y121.542 E784.2402
G1 X130.063 Y121.629 E784.24938
G1 X129.791 Y121.682 E784.2586
G1 X129.487 Y121.7 E784.26872
G0 F15000 X129.441 Y122.409
G0 X130.477 Y122.163
G0 X131.307 Y121.784
G0 X131.151 Y121.605
;TYPE:FILL
G1 F12000 X128.95 Y129.82 E784.55159
G0 F15000 X128.95 Y129.589
G0 X132.018 Y129.589
G0 X132.018 Y129.818
G1 F12000 X124.18 Y121.981 E784.92024
G0 F15000 X124.41 Y121.981
G0 X124.41 Y125.398
G0 X124.181 Y125.398
G1 F12000 X134.82 Y122.548 E785.28658
G0 F15000 X134.59 Y122.548
G0 X134.59 Y121.307
G0 X134.82 Y121.307
G1 F12000 X131.979 Y118.467 E785.42018
G1 X131.987 Y118.484
G1 X132.605 Y116.179 E785.49956
G0 F15000 X132.605 Y116.41
G0 X130.646 Y116.824
G0 X130.543 Y117.03
G1 F12000 X129.693 Y116.18 E785.53954
G0 F15000 X129.693 Y116.41
G0 X127.677 Y116.41
G0 X127.677 Y116.179
G1 F12000 X124.18 Y117.116 E785.65995
G0 F15000 X124.18 Y116.712
G1 F12000 X124.323 Y116.18 E785.67827
G0 F15000 X124.323 Y116.41
G0 X124.338 Y128.338
G0 X121.107 Y128.41
G0 X121.107 Y128.179
G1 F12000 X120.668 Y129.821 E785.73481
G1 X120.705 Y129.819
G1 X119.065 Y128.18 E785.81192
G0 F15000 X119.065 Y128.41
G0 X113.799 Y128.41
G0 X113.799 Y128.18
G1 F12000 X112.18 Y128.614 E785.86767
G0 F15000 X112.825 Y128.18
G1 F12000 X112.18 Y130.587 E785.95055
G0 F15000 X112.41 Y130.587
G0 X112.41 Y132.608
G0 X112.18 Y132.608
G1 F12000 X113.82 Y134.248 E786.02769
G0 F15000 X113.59 Y134.248
G0 X113.59 Y136.457
G0 X113.819 Y136.457
G1 F12000 X112.181 Y136.896 E786.0841
G0 F15000 X112.41 Y136.896
G0 X112.41 Y143.922
G0 X112.18 Y143.922
G1 F12000 X113.82 Y145.562 E786.16124
G0 F15000 X113.82 Y144.739
G1 F12000 X112.18 Y145.178 E786.2177
G0 F15000 X112.41 Y145.178
G0 X113.59 Y153.022
G0 X113.819 Y153.022
G1 F12000 X112.18 Y153.461 E786.27414
G0 F15000 X112.41 Y153.461
G0 X112.41 Y155.235
G0 X112.18 Y155.235
G1 F12000 X113.82 Y156.876 E786.3513
G0 F15000 X113.59 Y156.876
G0 X113.59 Y155.378
G0 X113.82 Y155.378
G1 F12000 X112.18 Y161.496 E786.56197
G0 F15000 X112.181 Y161.743
G1 F12000 X113.82 Y161.304 E786.61841
G0 F15000 X113.59 Y161.304
G0 X112.41 Y166.549
G0 X112.18 Y166.549
G1 F12000 X113.82 Y168.19 E786.69557
G0 F15000 X113.59 Y168.19
G0 X113.59 Y169.585
G0 X113.822 Y169.585
G1 F12000 X112.18 Y170.025 E786.75211
G0 F15000 X112.41 Y170.025
G0 X113.537 Y170.307
G0 X115.811 Y170.41
G0 X115.811 Y170.18
G1 F12000 X117.45 Y171.82 E786.82923
G0 F15000 X117.696 Y171.821
G1 F12000 X118.136 Y170.179 E786.88577
G0 F15000 X118.136 Y170.41
G0 X124.338 Y171.662
G0 X124.41 Y175.092
G0 X124.18 Y175.092
G1 F12000 X134.892 Y172.222 E787.25462
G0 F15000 X134.59 Y172.222
G0 X134.662 Y171.662
G0 X136.39 Y171.59
G0 X136.39 Y171.82
G1 F12000 X142.511 Y170.18 E787.46538
G0 F15000 X142.982 Y170.18
G1 F12000 X142.543 Y171.82 E787.52185
G0 F15000 X142.543 Y171.59
G0 X140.078 Y171.59
G0 X140.078 Y171.82
G1 F12000 X138.438 Y170.18 E787.59899
G0 F15000 X138.438 Y170.41
G0 X134.7 Y170.41
G0 X134.7 Y170.18
G1 F12000 X132.105 Y179.866 E787.93251
G0 F15000 X132.33 Y179.822
G0 X132.286 Y181.336
G0 X132.066 Y181.261
G1 F12000 X134.82 Y180.523 E788.02734
G0 F15000 X134.59 Y180.523
G0 X134.59 Y177.876
G0 X134.821 Y177.876
G1 F12000 X127.124 Y170.18 E788.38936
G0 F15000 X126.418 Y170.18
G1 F12000 X124.181 Y178.53 E788.67688
G1 X124.18 Y178.549
G1 X126.953 Y181.322 E788.80731
G0 F15000 X126.734 Y181.396
G0 X127.502 Y182.615
G0 X127.654 Y182.443
G1 F12000 X124.181 Y183.374 E788.9269
G0 F15000 X124.41 Y183.374
G0 X128.607 Y183.267
G0 X128.681 Y183.051
G1 F12000 X129.451 Y183.82 E788.9631
G0 F15000 X129.451 Y183.59
G0 X131.045 Y183.59
G0 X131.045 Y183.82
G1 F12000 X131.438 Y182.352 E789.01364
G0 F15000 X131.61 Y182.504
G0 X134.658 Y178.798
G0 X134.662 Y171.662
G0 X149.752 Y170.41
G0 X149.752 Y170.18
G1 F12000 X151.392 Y171.82 E789.09078
G0 F15000 X150.825 Y171.821
G1 F12000 X151.264 Y170.18 E789.14728
G0 F15000 X151.264 Y170.41
G0 X159.107 Y171.59
G0 X159.107 Y171.821
G1 F12000 X159.547 Y170.179 E789.20382
G0 F15000 X159.547 Y170.41
G0 X161.065 Y170.41
G0 X161.065 Y170.18
G1 F12000 X162.705 Y171.82 E789.28096
G0 F15000 X162.705 Y171.59
G0 X167.3 Y171.59
G0 X167.3 Y171.82
G1 F12000 X173.422 Y170.18 E789.49176
G0 F15000 X173.422 Y170.41
G0 X172.379 Y170.41
G0 X172.379 Y170.18
G1 F12000 X174.019 Y171.82 E789.5689
G0 F15000 X174.019 Y171.59
G0 X175.671 Y171.59
G0 X175.671 Y171.821
G1 F12000 X176.111 Y170.18 E789.62541
G0 F15000 X176.111 Y170.41
G0 X179.338 Y170.338
G0 X179.41 Y168.638
G0 X179.181 Y168.637
G1 F12000 X181.192 Y168.098 E789.69465
G0 F15000 X181.693 Y168.18
G1 F12000 X187.82 Y174.307 E789.98285
G0 F15000 X187.82 Y174.604
G1 F12000 X187.087 Y174.801 E790.00809
G0 F15000 X187.308 Y174.727
G0 X186.764 Y173.763
G0 X186.237 Y173.236
G0 X185.592 Y172.864
G0 X184.873 Y172.671
G0 X183.575 Y172.743
G0 X183.648 Y172.96
G1 F12000 X184.929 Y168.18 E790.17269
G0 F15000 X184.929 Y168.41
G0 X180.662 Y168.338
G0 X180.59 Y167.307
G0 X180.82 Y167.307
G1 F12000 X179.179 Y165.667 E790.24985
G0 F15000 X179.41 Y165.668
G0 X179.41 Y160.356
G0 X179.18 Y160.355
G1 F12000 X180.819 Y159.915 E790.3063
G0 F15000 X180.59 Y159.915
G0 X179.41 Y158.726
G0 X179.18 Y158.725
G1 F12000 X180.82 Y152.606 E790.517
G0 F15000 X180.82 Y151.633
G1 F12000 X179.181 Y152.072 E790.57343
G0 F15000 X179.41 Y152.073
G0 X179.41 Y154.354
G0 X179.179 Y154.353
G1 F12000 X180.82 Y155.993 E790.6506
G0 F15000 X180.59 Y155.993
G0 X180.59 Y144.68
G0 X180.82 Y144.68
G1 F12000 X179.179 Y143.039 E790.72778
G0 F15000 X179.18 Y143.79
G1 F12000 X180.819 Y143.351 E790.78422
G0 F15000 X180.59 Y143.351
G0 X179.41 Y135.509
G0 X179.18 Y135.508
G1 F12000 X180.82 Y135.069 E790.84069
G0 F15000 X180.59 Y135.069
G0 X180.59 Y133.366
G0 X180.82 Y133.366
G1 F12000 X179.179 Y131.726 E790.91785
G0 F15000 X179.41 Y131.727
G0 X179.339 Y129.661
G0 X178.641 Y129.589
G0 X178.641 Y129.828
G1 F12000 X180.959 Y121.179 E791.21567
G0 F15000 X180.959 Y121.41
G0 X179.947 Y121.41
G0 X179.947 Y121.18
G1 F12000 X182.094 Y123.326 E791.31663
G0 F15000 X181.888 Y123.223
G0 X181.671 Y124.127
G0 X181.671 Y124.873
G0 X181.845 Y125.52
G0 X182.366 Y126.478
G0 X182.54 Y126.326
G1 F12000 X177.11 Y127.781 E791.50361
G0 F15000 X177.41 Y127.781
G0 X177.338 Y128.338
G0 X175.634 Y128.41
G0 X175.634 Y128.18
G1 F12000 X177.27 Y129.816 E791.58056
G0 F15000 X177.27 Y129.589
G0 X175.62 Y128.41
G0 X175.62 Y128.18
G1 F12000 X169.512 Y129.816 E791.79087
G0 F15000 X170.362 Y129.817
G1 F12000 X170.8 Y128.18 E791.84724
G0 F15000 X170.8 Y128.41
G0 X165.957 Y129.589
G0 X165.957 Y129.816
G1 F12000 X164.32 Y128.18 E791.92421
G0 F15000 X164.32 Y128.41
G0 X162.518 Y128.41
G0 X162.518 Y128.179
G1 F12000 X162.079 Y129.818 E791.98065
G0 F15000 X162.079 Y129.589
G0 X154.644 Y129.589
G0 X154.644 Y129.817
G1 F12000 X153.007 Y128.18 E792.05765
G0 F15000 X153.007 Y128.41
G0 X154.236 Y128.41
G0 X154.236 Y128.18
G1 F12000 X153.797 Y129.818 E792.11405
G0 F15000 X153.797 Y129.589
G0 X145.954 Y128.41
G0 X145.954 Y128.179
G1 F12000 X145.515 Y129.818 E792.17048
G0 F15000 X145.515 Y129.589
G0 X144.709 Y128.41
G0 X144.709 Y128.18
G1 F12000 X138.595 Y129.818 E792.38101
G0 F15000 X138.595 Y129.589
G0 X137.232 Y129.589
G0 X137.232 Y129.819
G1 F12000 X137.672 Y128.18 E792.43745
G0 F15000 X137.672 Y128.41
G0 X141.693 Y128.41
G0 X141.693 Y128.18
G1 F12000 X143.331 Y129.818 E792.5145
G1 F2400 E792.0145
G0 F15000 X143.331 Y129.589
G0 X177.338 Y128.338
G0 X185.238 Y127.256
G0 X185.775 Y127.113
G0 X185.673 Y126.905
G1 F2400 E792.5145
G1 F12000 X187.82 Y129.053 E792.61551
G0 F15000 X187.59 Y129.053
G0 X187.59 Y126.481
G0 X187.82 Y126.481
G1 F12000 X186.389 Y131.821 E792.79939
G0 F15000 X186.389 Y131.59
G0 X187.335 Y125.148
G0 X187.106 Y125.102
G1 F12000 X187.819 Y124.911 E792.82394
G1 F2400 E792.32394
G0 F15000 X187.59 Y124.911
G0 X183.902 Y131.655
G0 X180.662 Y131.662
G0 X179.338 Y170.338
G0 X167.829 Y170.41
G0 X167.829 Y170.18
G1 F2400 E792.82394
G1 F12000 X167.389 Y171.82 E792.88041
G0 F15000 X167.389 Y171.59
G0 X177.338 Y171.662
G0 X177.41 Y174.981
G0 X177.18 Y174.981
G1 F12000 X181.019 Y178.82 E793.06099
G0 F15000 X181.019 Y178.59
G0 X182.078 Y178.59
G0 X182.078 Y178.82
G1 F12000 X182.493 Y177.271 E793.11432
G0 F15000 X182.319 Y177.423
G0 X181.681 Y176.232
G0 X181.909 Y176.188
G1 F12000 X177.181 Y177.455 E793.27713
G0 F15000 X177.71 Y177.455
G1 F2400 E792.77713
;MESH:NONMESH
G0 F300 X177.71 Y177.455 Z2.4
G0 F15000 X179.338 Y170.338
G0 X179.339 Y129.661
G0 X135.831 Y129.66
G0 X129.481 Y122.412
G0 X129.501 Y122.1
;TIME_ELAPSED:1057.857678
;LAYER:11
;TYPE:WALL-INNER
;MESH:Vakuumpumpe casing (berre sk??l)V2.stl
G1 F2400 E793.27713
G1 F6000 X129.124 Y122.073 E793.2897
G1 X128.786 Y122.002 E793.30118
G1 X128.464 Y121.887 E793.31256
G1 X128.171 Y121.735 E793.32354
G1 X127.884 Y121.54 E793.33508
G1 X127.628 Y121.308 E793.34657
G1 X127.417 Y121.056 E793.3575
G1 X127.223 Y120.762 E793.36921
G1 X127.082 Y120.462 E793.38024
G1 X126.998 Y120.226 E793.38857
G1 X126.92 Y119.86 E793.40102
G1 X126.896 Y119.5 E793.41302
G1 X126.923 Y119.124 E793.42556
G1 X126.997 Y118.777 E793.43736
G1 X127.109 Y118.471 E793.44819
G1 X127.266 Y118.164 E793.45966
G1 X127.461 Y117.884 E793.47101
G1 X127.688 Y117.632 E793.48229
G1 X127.945 Y117.414 E793.4935
G1 X128.235 Y117.225 E793.50501
G1 X128.537 Y117.081 E793.51614
G1 X128.86 Y116.975 E793.52745
G1 X129.136 Y116.92 E793.53681
G1 X129.5 Y116.896 E793.54894
G1 X129.794 Y116.913 E793.55874
G1 X130.139 Y116.974 E793.57039
G1 X130.522 Y117.107 E793.58387
G1 X130.761 Y117.223 E793.59271
G1 X131.056 Y117.416 E793.60444
G1 X131.308 Y117.628 E793.61539
G1 X131.591 Y117.951 E793.62967
G1 X131.767 Y118.227 E793.64056
G1 X131.921 Y118.546 E793.65234
G1 X132.021 Y118.859 E793.66327
G1 X132.083 Y119.203 E793.6749
G1 X132.1 Y119.5 E793.68479
G1 X132.076 Y119.86 E793.69679
G1 X132.001 Y120.217 E793.70892
G1 X131.889 Y120.529 E793.71995
G1 X131.732 Y120.833 E793.73133
G1 X131.544 Y121.108 E793.74241
G1 X131.308 Y121.371 E793.75416
G1 X131.049 Y121.588 E793.7654
G1 X130.769 Y121.769 E793.77649
G1 X130.341 Y121.975 E793.79229
G1 X129.86 Y122.076 E793.80863
G1 X129.501 Y122.1 E793.8206
G1 F2400 E793.3206
G0 F15000 X129.481 Y122.412
G0 X124.387 Y129.658
G0 X113.662 Y129.662
G0 X113.662 Y170.338
G0 X150 Y170.41
G0 X150 Y170.1
G1 F2400 E793.8206
G1 F6000 X114.5 Y170.1 E795.00134
G1 X114.261 Y170.051 E795.00945
G1 X114.075 Y169.925 E795.01692
G1 X113.949 Y169.739 E795.02439
G1 X113.9 Y169.574 E795.03012
G1 X113.9 Y130.5 E796.32973
G1 X113.949 Y130.261 E796.33784
G1 X114.075 Y130.075 E796.34531
G1 X114.261 Y129.949 E796.35279
G1 X114.426 Y129.9 E796.35851
G1 X178.5 Y129.896 E798.48962
G1 X178.731 Y129.941 E798.49745
G1 X178.923 Y130.069 E798.50512
G1 X179.1 Y130.392 E798.51737
G1 X179.1 Y169.608 E799.8217
G1 X178.982 Y169.859 E799.83093
G1 X178.859 Y169.982 E799.83671
G1 X178.608 Y170.1 E799.84594
G1 X150 Y170.1 E800.79744
G0 F15000 X150 Y170.41
G0 X150 Y171.59
G0 X150 Y171.9
G1 F6000 X176.5 Y171.9 E801.67884
G1 X176.755 Y171.956 E801.68752
G1 X176.946 Y172.097 E801.69542
G1 X177.1 Y172.429 E801.70759
G1 X177.1 Y178.9 E801.92282
G1 X187.9 Y178.9 E802.28202
G1 X187.9 Y168.1 E802.64123
G1 X181.429 Y168.1 E802.85646
G1 X181.097 Y167.946 E802.86863
G1 X180.956 Y167.754 E802.87656
G1 X180.9 Y167.575 E802.88279
G1 X180.9 Y132.5 E804.04939
G1 X180.956 Y132.245 E804.05808
G1 X181.098 Y132.054 E804.06599
G1 X181.27 Y131.945 E804.07277
G1 X181.431 Y131.9 E804.07833
G1 X187.9 Y131.9 E804.29349
G1 X187.9 Y121.1 E804.65269
G1 X177.1 Y121.1 E805.0119
G1 X177.1 Y127.569 E805.22706
G1 X177.055 Y127.731 E805.23266
G1 X176.86 Y127.98 E805.24318
G1 X176.583 Y128.1 E805.25322
G1 X135.5 Y128.1 E806.61964
G1 X135.217 Y128.03 E806.62934
G1 X135.02 Y127.86 E806.63799
G1 X134.9 Y127.62 E806.64692
G1 X134.9 Y116.1 E807.03007
G1 X124.1 Y116.1 E807.38928
G1 X124.1 Y127.62 E807.77244
G1 X123.98 Y127.861 E807.78139
G1 X123.782 Y128.03 E807.79005
G1 X123.578 Y128.1 E807.79723
G1 X112.1 Y128.1 E808.17899
G1 X112.1 Y171.9 E809.63578
G1 X123.5 Y171.9 E810.01495
G1 X123.783 Y171.97 E810.02464
G1 X123.98 Y172.14 E810.0333
G1 X124.1 Y172.379 E810.04219
G1 X124.1 Y183.9 E810.42538
G1 X134.9 Y183.9 E810.78459
G1 X134.9 Y172.379 E811.16778
G1 X135.02 Y172.14 E811.17668
G1 X135.217 Y171.97 E811.18533
G1 X135.422 Y171.9 E811.19254
G1 X150 Y171.9 E811.6774
G1 F2400 E811.1774
G0 F15000 X150 Y171.59
G0 X134.662 Y171.662
G0 X134.656 Y180.431
G0 X130.925 Y182.971
G0 X130.369 Y183.201
G0 X129.48 Y183.412
G0 X129.5 Y183.1
G1 F2400 E811.6774
G1 F6000 X129.123 Y183.073 E811.68997
G1 X128.859 Y183.021 E811.69892
G1 X128.463 Y182.887 E811.71283
G1 X128.171 Y182.734 E811.72379
G1 X127.951 Y182.591 E811.73252
G1 X127.688 Y182.368 E811.74399
G1 X127.416 Y182.056 E811.75775
G1 X127.223 Y181.762 E811.76945
G1 X127.082 Y181.462 E811.78048
G1 X126.998 Y181.226 E811.78881
G1 X126.92 Y180.86 E811.80125
G1 X126.896 Y180.5 E811.81326
G1 X126.913 Y180.203 E811.82315
G1 X126.997 Y179.777 E811.83759
G1 X127.109 Y179.471 E811.84843
G1 X127.225 Y179.235 E811.85718
G1 X127.46 Y178.884 E811.87122
G1 X127.688 Y178.633 E811.8825
G1 X127.884 Y178.46 E811.8912
G1 X128.235 Y178.225 E811.90525
G1 X128.537 Y178.081 E811.91638
G1 X128.86 Y177.975 E811.92768
G1 X129.136 Y177.92 E811.93704
G1 X129.5 Y177.896 E811.94918
G1 X129.871 Y177.922 E811.96155
G1 X130.226 Y177.998 E811.97362
G1 X130.522 Y178.107 E811.98411
G1 X130.84 Y178.269 E811.99598
G1 X131.108 Y178.457 E812.00687
G1 X131.367 Y178.688 E812.01841
G1 X131.591 Y178.951 E812.0299
G1 X131.767 Y179.228 E812.04082
G1 X131.921 Y179.546 E812.05257
G1 X132.021 Y179.859 E812.0635
G1 X132.083 Y180.203 E812.07512
G1 X132.1 Y180.5 E812.08502
G1 X132.076 Y180.86 E812.09702
G1 X132.001 Y181.217 E812.10915
G1 X131.889 Y181.529 E812.12018
G1 X131.732 Y181.833 E812.13156
G1 X131.543 Y182.108 E812.14266
G1 X131.308 Y182.372 E812.15441
G1 X131.049 Y182.588 E812.16563
G1 X130.769 Y182.769 E812.17672
G1 X130.453 Y182.921 E812.18838
G1 X130.139 Y183.022 E812.19935
G1 X129.86 Y183.076 E812.2088
G1 X129.5 Y183.1 E812.2208
G1 F2400 E811.7208
G0 F15000 X129.48 Y183.412
G0 X134.651 Y182.942
G0 X134.662 Y171.662
G0 X177.338 Y171.662
G0 X181.046 Y177.984
G0 X184.48 Y178.412
G0 X184.5 Y178.1
G1 F2400 E812.2208
G1 F6000 X184.123 Y178.073 E812.23337
G1 X183.859 Y178.021 E812.24232
G1 X183.463 Y177.887 E812.25623
G1 X183.171 Y177.734 E812.26719
G1 X182.951 Y177.591 E812.27592
G1 X182.688 Y177.368 E812.28739
G1 X182.416 Y177.056 E812.30116
G1 X182.223 Y176.762 E812.31285
G1 X182.082 Y176.462 E812.32388
G1 X181.974 Y176.139 E812.33521
G1 X181.92 Y175.86 E812.34466
G1 X181.896 Y175.5 E812.35666
G1 X181.923 Y175.124 E812.3692
G1 X181.997 Y174.777 E812.381
G1 X182.109 Y174.471 E812.39183
G1 X182.266 Y174.165 E812.40327
G1 X182.436 Y173.914 E812.41336
G1 X182.659 Y173.659 E812.42462
G1 X182.914 Y173.436 E812.43589
G1 X183.235 Y173.225 E812.44867
G1 X183.537 Y173.081 E812.45979
G1 X183.859 Y172.975 E812.47107
G1 X184.136 Y172.92 E812.48046
G1 X184.5 Y172.896 E812.4926
G1 X184.794 Y172.913 E812.50239
G1 X185.226 Y172.998 E812.51703
G1 X185.462 Y173.082 E812.52537
G1 X185.762 Y173.223 E812.53639
G1 X186.108 Y173.456 E812.55027
G1 X186.368 Y173.688 E812.56186
G1 X186.591 Y173.951 E812.57332
G1 X186.767 Y174.228 E812.58424
G1 X186.922 Y174.545 E812.59598
G1 X187.002 Y174.785 E812.60439
G1 X187.073 Y175.123 E812.61588
G1 X187.1 Y175.5 E812.62845
G1 X187.074 Y175.871 E812.64082
G1 X187.001 Y176.217 E812.65258
G1 X186.889 Y176.529 E812.6636
G1 X186.732 Y176.833 E812.67498
G1 X186.543 Y177.108 E812.68608
G1 X186.341 Y177.341 E812.69634
G1 X186.049 Y177.588 E812.70906
G1 X185.769 Y177.769 E812.72015
G1 X185.453 Y177.921 E812.73181
G1 X185.139 Y178.022 E812.74278
G1 X184.86 Y178.076 E812.75223
G1 X184.5 Y178.1 E812.76424
G1 F2400 E812.26424
G0 F15000 X184.48 Y178.412
G0 X183.408 Y178.136
G0 X182.763 Y177.764
G0 X182.236 Y177.237
G0 X181.864 Y176.592
G0 X181.671 Y175.873
G0 X180.662 Y168.338
G0 X180.662 Y131.662
G0 X184.48 Y127.412
G0 X184.5 Y127.1
G1 F2400 E812.76424
G1 F6000 X184.123 Y127.073 E812.77681
G1 X183.786 Y127.002 E812.78826
G1 X183.546 Y126.922 E812.79668
G1 X183.227 Y126.767 E812.80847
G1 X182.917 Y126.567 E812.82074
G1 X182.657 Y126.339 E812.83224
G1 X182.457 Y126.108 E812.84241
G1 X182.263 Y125.832 E812.85363
G1 X182.082 Y125.462 E812.86733
G1 X181.974 Y125.139 E812.87865
G1 X181.92 Y124.86 E812.88811
G1 X181.896 Y124.5 E812.90011
G1 X181.923 Y124.124 E812.91264
G1 X181.997 Y123.777 E812.92444
G1 X182.109 Y123.471 E812.93528
G1 X182.266 Y123.164 E812.94675
G1 X182.461 Y122.884 E812.9581
G1 X182.688 Y122.632 E812.96938
G1 X182.945 Y122.414 E812.98059
G1 X183.235 Y122.225 E812.9921
G1 X183.537 Y122.081 E813.00323
G1 X183.86 Y121.975 E813.01454
G1 X184.136 Y121.92 E813.0239
G1 X184.5 Y121.896 E813.03603
G1 X184.794 Y121.913 E813.04583
G1 X185.139 Y121.974 E813.05748
G1 X185.522 Y122.107 E813.07096
G1 X185.761 Y122.223 E813.0798
G1 X186.056 Y122.416 E813.09152
G1 X186.341 Y122.659 E813.10398
G1 X186.591 Y122.951 E813.11677
G1 X186.767 Y123.228 E813.12768
G1 X186.922 Y123.545 E813.13942
G1 X187.002 Y123.785 E813.14783
G1 X187.073 Y124.123 E813.15932
G1 X187.1 Y124.5 E813.17189
G1 X187.074 Y124.871 E813.18426
G1 X187.001 Y125.217 E813.19602
G1 X186.889 Y125.529 E813.20705
G1 X186.732 Y125.833 E813.21843
G1 X186.543 Y126.108 E813.22953
G1 X186.308 Y126.371 E813.24126
G1 X186.108 Y126.544 E813.25005
G1 X185.833 Y126.732 E813.26113
G1 X185.529 Y126.889 E813.27251
G1 X185.217 Y127.001 E813.28354
G1 X184.86 Y127.076 E813.29567
G1 X184.5 Y127.1 E813.30767
G0 F15000 X184.487 Y126.7
;TYPE:WALL-OUTER
G1 F6000 X184.201 Y126.681 E813.3172
G1 X183.912 Y126.622 E813.32701
G1 X183.645 Y126.531 E813.3364
G1 X183.409 Y126.411 E813.3452
G1 X183.159 Y126.248 E813.35513
G1 X182.941 Y126.057 E813.36477
G1 X182.747 Y125.83 E813.3747
G1 X182.583 Y125.588 E813.38442
G1 X182.467 Y125.348 E813.39329
G1 X182.367 Y125.063 E813.40333
G1 X182.314 Y124.791 E813.41255
G1 X182.296 Y124.487 E813.42268
G1 X182.315 Y124.201 E813.43221
G1 X182.367 Y123.937 E813.44116
G1 X182.468 Y123.647 E813.45138
G1 X182.584 Y123.411 E813.46012
G1 X182.761 Y123.148 E813.47067
G1 X182.952 Y122.933 E813.48023
G1 X183.168 Y122.746 E813.48973
G1 X183.411 Y122.584 E813.49945
G1 X183.669 Y122.459 E813.50898
G1 X183.937 Y122.367 E813.51841
G1 X184.205 Y122.314 E813.52749
G1 X184.513 Y122.296 E813.53776
G1 X184.794 Y122.315 E813.54712
G1 X185.092 Y122.375 E813.55723
G1 X185.348 Y122.467 E813.56628
G1 X185.587 Y122.583 E813.57512
G1 X185.83 Y122.746 E813.58485
G1 X186.058 Y122.942 E813.59485
G1 X186.256 Y123.17 E813.60489
G1 X186.411 Y123.409 E813.61437
G1 X186.531 Y123.645 E813.62317
G1 X186.629 Y123.937 E813.63342
G1 X186.684 Y124.227 E813.64324
G1 X186.7 Y124.513 E813.65276
G1 X186.681 Y124.795 E813.66216
G1 X186.597 Y125.216 E813.67644
G1 X186.399 Y125.611 E813.69114
G1 X186.24 Y125.847 E813.7006
G1 X186.047 Y126.068 E813.71036
G1 X185.827 Y126.255 E813.71996
G1 X185.59 Y126.411 E813.7294
G1 X185.325 Y126.542 E813.73923
G1 X185.063 Y126.629 E813.74842
G1 X184.791 Y126.682 E813.75763
G1 X184.487 Y126.7 E813.76776
G1 F2400 E813.26776
G0 F15000 X184.441 Y127.409
G0 X180.662 Y131.662
G0 X180.662 Y168.338
G0 X181.744 Y176.238
G0 X182.029 Y176.925
G0 X182.482 Y177.518
G0 X183.075 Y177.971
G0 X183.464 Y178.132
G0 X184.441 Y178.409
G0 X184.487 Y177.7
G1 F2400 E813.76776
G1 F6000 X184.201 Y177.681 E813.77729
G1 X183.912 Y177.622 E813.78711
G1 X183.645 Y177.531 E813.79649
G1 X183.39 Y177.4 E813.80602
G1 X183.148 Y177.239 E813.81569
G1 X182.932 Y177.047 E813.8253
G1 X182.746 Y176.83 E813.83481
G1 X182.583 Y176.588 E813.84451
G1 X182.459 Y176.328 E813.85409
G1 X182.367 Y176.063 E813.86342
G1 X182.314 Y175.791 E813.87264
G1 X182.296 Y175.487 E813.88277
G1 X182.315 Y175.201 E813.8923
G1 X182.367 Y174.937 E813.90125
G1 X182.468 Y174.647 E813.91147
G1 X182.584 Y174.411 E813.92021
G1 X182.753 Y174.158 E813.93033
G1 X182.942 Y173.942 E813.93988
G1 X183.158 Y173.753 E813.94942
G1 X183.411 Y173.584 E813.95954
G1 X183.669 Y173.459 E813.96908
G1 X183.937 Y173.367 E813.9785
G1 X184.205 Y173.314 E813.98759
G1 X184.513 Y173.296 E813.99785
G1 X184.795 Y173.315 E814.00725
G1 X185.063 Y173.367 E814.01633
G1 X185.328 Y173.459 E814.02566
G1 X185.588 Y173.583 E814.03524
G1 X185.847 Y173.76 E814.04568
G1 X186.067 Y173.952 E814.05539
G1 X186.256 Y174.17 E814.06498
G1 X186.411 Y174.409 E814.07446
G1 X186.531 Y174.645 E814.08326
G1 X186.629 Y174.937 E814.09351
G1 X186.684 Y175.227 E814.10333
G1 X186.7 Y175.513 E814.11285
G1 X186.681 Y175.795 E814.12225
G1 X186.597 Y176.216 E814.13653
G1 X186.399 Y176.611 E814.15123
G1 X186.24 Y176.847 E814.16069
G1 X186.058 Y177.058 E814.16996
G1 X185.827 Y177.255 E814.18006
G1 X185.59 Y177.411 E814.1895
G1 X185.325 Y177.542 E814.19933
G1 X185.063 Y177.629 E814.20851
G1 X184.791 Y177.682 E814.21773
G1 X184.487 Y177.7 E814.22786
G1 F2400 E813.72786
G0 F15000 X184.441 Y178.409
G0 X177.349 Y176.471
G0 X177.338 Y171.662
G0 X150 Y171.59
G0 X150 Y172.302
G1 F2400 E814.22786
G1 F6000 X176.56 Y172.3 E815.11124
G1 X176.649 Y172.365 E815.11491
G1 X176.698 Y172.468 E815.1187
G1 X176.7 Y179.3 E815.34594
G1 X188.3 Y179.3 E815.73175
G1 X188.3 Y167.7 E816.11757
G1 X181.468 Y167.698 E816.34481
G1 X181.365 Y167.649 E816.3486
G1 X181.303 Y167.535 E816.35291
G1 X181.3 Y132.439 E817.52021
G1 X181.366 Y132.351 E817.52387
G1 X181.468 Y132.302 E817.52763
G1 X188.3 Y132.3 E817.75487
G1 X188.3 Y120.7 E818.14069
G1 X176.7 Y120.7 E818.5265
G1 X176.698 Y127.56 E818.75467
G1 X176.62 Y127.66 E818.75889
G1 X176.535 Y127.697 E818.76197
G1 X135.423 Y127.7 E820.12936
G1 X135.3 Y127.54 E820.13607
G1 X135.3 Y115.7 E820.52987
G1 X123.7 Y115.7 E820.91569
G1 X123.7 Y127.54 E821.30949
G1 X123.66 Y127.621 E821.31249
G1 X123.535 Y127.697 E821.31736
G1 X111.7 Y127.7 E821.71099
G1 X111.7 Y172.3 E823.1944
G1 X123.577 Y172.3 E823.58943
G1 X123.7 Y172.459 E823.59611
G1 X123.7 Y184.3 E823.98995
G1 X135.3 Y184.3 E824.37576
G1 X135.3 Y172.459 E824.7696
G1 X135.34 Y172.38 E824.77254
G1 X135.465 Y172.303 E824.77742
G1 X150 Y172.302 E825.26086
G1 F2400 E824.76086
G0 F15000 X150 Y171.59
G0 X150 Y170.41
G0 X150 Y169.697
G1 F2400 E825.26086
G1 F6000 X114.444 Y169.7 E826.44346
G1 X114.358 Y169.642 E826.44691
G1 X114.303 Y169.535 E826.45091
G1 X114.3 Y130.444 E827.75108
G1 X114.358 Y130.358 E827.75453
G1 X114.465 Y130.303 E827.75853
G1 X178.547 Y130.301 E829.88991
G1 X178.661 Y130.376 E829.89445
G1 X178.695 Y130.449 E829.89713
G1 X178.695 Y169.548 E831.19756
G1 X178.62 Y169.661 E831.20208
G1 X178.548 Y169.695 E831.20472
G1 X150 Y169.697 E832.15423
G1 F2400 E831.65423
G0 F15000 X150 Y170.41
G0 X134.662 Y171.662
G0 X134.656 Y180.112
G0 X130.925 Y182.971
G0 X130.369 Y183.201
G0 X129.441 Y183.409
G0 X129.487 Y182.7
G1 F2400 E832.15423
G1 F6000 X129.201 Y182.681 E832.16377
G1 X128.912 Y182.622 E832.17358
G1 X128.645 Y182.531 E832.18296
G1 X128.39 Y182.4 E832.19249
G1 X128.148 Y182.239 E832.20216
G1 X127.932 Y182.047 E832.21177
G1 X127.746 Y181.83 E832.22128
G1 X127.583 Y181.588 E832.23098
G1 X127.467 Y181.348 E832.23985
G1 X127.367 Y181.063 E832.2499
G1 X127.314 Y180.791 E832.25911
G1 X127.296 Y180.487 E832.26924
G1 X127.312 Y180.227 E832.27791
G1 X127.367 Y179.937 E832.28772
G1 X127.468 Y179.647 E832.29794
G1 X127.584 Y179.411 E832.30668
G1 X127.761 Y179.148 E832.31723
G1 X127.952 Y178.933 E832.32679
G1 X128.168 Y178.746 E832.3363
G1 X128.411 Y178.584 E832.34601
G1 X128.669 Y178.459 E832.35554
G1 X128.937 Y178.367 E832.36497
G1 X129.205 Y178.314 E832.37405
G1 X129.513 Y178.296 E832.38432
G1 X129.795 Y178.315 E832.39372
G1 X130.064 Y178.367 E832.40283
G1 X130.348 Y178.467 E832.41284
G1 X130.588 Y178.583 E832.42171
G1 X130.847 Y178.76 E832.43214
G1 X131.067 Y178.952 E832.44186
G1 X131.256 Y179.17 E832.45145
G1 X131.411 Y179.409 E832.46093
G1 X131.531 Y179.645 E832.46973
G1 X131.629 Y179.937 E832.47998
G1 X131.684 Y180.227 E832.48979
G1 X131.7 Y180.513 E832.49932
G1 X131.681 Y180.795 E832.50872
G1 X131.597 Y181.216 E832.523
G1 X131.399 Y181.611 E832.5377
G1 X131.24 Y181.847 E832.54716
G1 X131.047 Y182.068 E832.55692
G1 X130.827 Y182.255 E832.56652
G1 X130.59 Y182.411 E832.57596
G1 X130.325 Y182.542 E832.58579
G1 X130.063 Y182.629 E832.59497
G1 X129.791 Y182.682 E832.60419
G1 X129.487 Y182.7 E832.61432
G1 F2400 E832.11432
G0 F15000 X129.441 Y183.409
G0 X128.408 Y183.136
G0 X127.763 Y182.764
G0 X127.236 Y182.237
G0 X126.864 Y181.592
G0 X126.671 Y180.873
G0 X126.671 Y180.127
G0 X129.441 Y170.35
G0 X113.662 Y170.338
G0 X113.662 Y129.662
G0 X126.443 Y129.651
G0 X129.441 Y122.409
G0 X129.487 Y121.7
G1 F2400 E832.61432
G1 F6000 X129.201 Y121.681 E832.62385
G1 X128.936 Y121.629 E832.63284
G1 X128.645 Y121.531 E832.64305
G1 X128.39 Y121.4 E832.65258
G1 X128.148 Y121.239 E832.66225
G1 X127.932 Y121.047 E832.67186
G1 X127.747 Y120.83 E832.68135
G1 X127.583 Y120.588 E832.69107
G1 X127.467 Y120.348 E832.69994
G1 X127.367 Y120.063 E832.70998
G1 X127.314 Y119.791 E832.7192
G1 X127.296 Y119.487 E832.72933
G1 X127.315 Y119.201 E832.73886
G1 X127.367 Y118.937 E832.74781
G1 X127.468 Y118.647 E832.75802
G1 X127.584 Y118.411 E832.76677
G1 X127.761 Y118.148 E832.77731
G1 X127.952 Y117.933 E832.78688
G1 X128.168 Y117.746 E832.79638
G1 X128.411 Y117.584 E832.8061
G1 X128.669 Y117.459 E832.81563
G1 X128.937 Y117.367 E832.82506
G1 X129.205 Y117.314 E832.83414
G1 X129.513 Y117.296 E832.8444
G1 X129.794 Y117.315 E832.85377
G1 X130.092 Y117.375 E832.86388
G1 X130.348 Y117.467 E832.87293
G1 X130.587 Y117.583 E832.88176
G1 X130.83 Y117.746 E832.8915
G1 X131.067 Y117.952 E832.90194
G1 X131.256 Y118.17 E832.91154
G1 X131.411 Y118.409 E832.92101
G1 X131.531 Y118.645 E832.92982
G1 X131.629 Y118.937 E832.94006
G1 X131.684 Y119.227 E832.94988
G1 X131.7 Y119.513 E832.95941
G1 X131.681 Y119.795 E832.96881
G1 X131.597 Y120.216 E832.98309
G1 X131.399 Y120.611 E832.99778
G1 X131.24 Y120.847 E833.00725
G1 X131.047 Y121.068 E833.01701
G1 X130.827 Y121.255 E833.02661
G1 X130.59 Y121.411 E833.03605
G1 X130.325 Y121.542 E833.04588
G1 X130.063 Y121.629 E833.05506
G1 X129.791 Y121.682 E833.06428
G1 X129.487 Y121.7 E833.07441
G0 F15000 X129.784 Y122.281
;TYPE:FILL
G1 F12000 X129.781 Y124.045 E833.13308
G0 F15000 X130.181 Y123.938
G1 F12000 X130.184 Y122.216 E833.19035
G0 F15000 X130.746 Y122.567
G1 F12000 X130.97 Y121.732 E833.2191
G0 F15000 X131.099 Y121.928
G0 X131.637 Y121.368
G0 X132.229 Y120.504
G0 X132.125 Y120.468
G1 F12000 X133.107 Y119.395 E833.26748
G1 X133.052 Y119.336
G1 X133.181 Y116.3 E833.36855
G0 F15000 X132.781 Y116.3
G1 F12000 X132.668 Y118.953 E833.45687
G0 F15000 X132.097 Y118.192
G0 X131.892 Y118.293
G1 F12000 X132.458 Y116.179 E833.52966
G0 F15000 X131.6 Y116.3
G1 F12000 X131.6 Y117.654 E833.57469
G0 F15000 X131.724 Y118.01
G1 F12000 X133.39 Y119.678 E833.6531
G1 X130.746 Y122.567 E833.78336
G1 X130.522 Y123.404 E833.81218
G1 X133.674 Y119.961 E833.96743
G1 X133.39 Y119.678 E833.98077
G0 F15000 X133.674 Y119.961
G1 F12000 X134.523 Y120.81 E834.0207
G1 X132.14 Y123.413 E834.13808
G1 X131.6 Y123.557 E834.15667
G0 F15000 X131.2 Y123.665
G1 F12000 X130.4 Y123.879 E834.18421
G0 F15000 X130.522 Y123.404
G1 F12000 X128.803 Y129.82 E834.40513
G0 F15000 X128.803 Y129.589
G0 X129.397 Y127.6
G1 F12000 X124.286 Y127.6 E834.57513
G0 F15000 X124.3 Y127.2
G1 F12000 X129.505 Y127.2 E834.74825
G0 F15000 X128.799 Y126.4
G1 F12000 X124.3 Y126.4 E834.89788
G0 F15000 X124.3 Y126
G1 F12000 X128.399 Y126 E835.03422
G0 F15000 X128.18 Y124.475
G1 F12000 X128.184 Y121.967 E835.11763
G0 F15000 X128.984 Y122.247
G1 F12000 X128.98 Y124.259 E835.18455
G0 F15000 X126.58 Y124.179
G1 F12000 X130.4 Y127.999 E835.36423
G1 X130.4 Y123.879 E835.50127
G1 X124.8 Y125.38 E835.6941
G1 X124.8 Y122.401 E835.79318
G1 X124.18 Y121.78 E835.82237
G0 F15000 X124.8 Y122.401
G1 F12000 X124.983 Y122.581 E835.8309
G1 X124.993 Y117.044 E836.01506
G1 X126.194 Y116.724 E836.0564
G0 F15000 X126.594 Y116.616
G1 F12000 X126.194 Y116.724 E836.07018
G1 X126.181 Y123.78 E836.30487
G1 X124.983 Y122.581 E836.36124
G0 F15000 X126.181 Y123.78
G1 F12000 X126.58 Y124.179 E836.38001
G1 X126.594 Y116.616 E836.63156
G1 X128.226 Y116.179 E836.68775
G0 F15000 X127.394 Y116.402
G1 F12000 X127.392 Y117.663 E836.72969
G0 F15000 X126.991 Y118.257
G1 F12000 X126.994 Y116.509 E836.78783
G0 F15000 X124.993 Y117.044
G1 F12000 X124.18 Y117.263 E836.81583
G0 F15000 X124.41 Y117.263
G0 X129.894 Y116.41
G0 X129.894 Y116.18
G1 F12000 X130.994 Y117.281 E836.8676
G0 F15000 X131.123 Y117.088
G0 X133.982 Y116.41
G0 X133.982 Y116.3
G1 F12000 X133.82 Y120.105 E836.99427
G0 F15000 X134.204 Y120.488
G1 F12000 X134.382 Y116.3 E837.13369
G0 F15000 X134.382 Y116.41
G0 X134.523 Y120.81
G1 F12000 X134.82 Y121.106 E837.14763
G1 X134.7 Y121.209
G1 X132.859 Y123.221 E837.23834
G1 X132.8 Y123.236
G1 X132.8 Y129.699 E837.4533
G0 F15000 X132.4 Y129.699
G1 F12000 X132.4 Y123.343 E837.6647
G0 F15000 X132.14 Y123.413
G1 F12000 X134.82 Y122.695 E837.75698
G0 F15000 X134 Y122.914
G1 F12000 X134 Y129.699 E837.98265
G0 F15000 X133.6 Y129.699
G1 F12000 X133.6 Y123.021 E838.20476
G1 X133.578 Y123.028
G1 X134.7 Y121.802 E838.26004
G0 F15000 X134.59 Y121.802
G0 X134.662 Y128.338
G0 X137.525 Y128.41
G0 X137.525 Y128.18
G1 F12000 X137.085 Y129.82 E838.31651
G0 F15000 X137.085 Y129.589
G0 X139.144 Y129.589
G0 X139.144 Y129.818
G1 F12000 X145.258 Y128.18 E838.52704
G0 F15000 X145.807 Y128.179
G1 F12000 X145.368 Y129.818 E838.58347
G0 F15000 X145.368 Y129.589
G0 X143.531 Y129.589
G0 X143.531 Y129.818
G1 F12000 X141.894 Y128.18 E838.66049
G0 F15000 X141.894 Y128.41
G0 X132.218 Y129.589
G0 X132.218 Y129.818
G1 F12000 X131.6 Y129.199 E838.68959
G0 F15000 X131.2 Y128.799
G1 F12000 X131.6 Y129.199 E838.7084
G1 X131.6 Y123.557 E838.89606
G1 X131.2 Y123.665 E838.90984
G1 X131.2 Y128.799 E839.08059
G1 X130.4 Y127.999 E839.11822
G0 F15000 X124.8 Y125.38
G1 F12000 X124.181 Y125.545 E839.13953
G0 F15000 X124.41 Y125.545
G0 X124.338 Y128.338
G0 X120.96 Y128.41
G0 X120.96 Y128.179
G1 F12000 X120.521 Y129.821 E839.19606
G0 F15000 X120.905 Y129.819
G1 F12000 X119.266 Y128.18 E839.27315
G0 F15000 X119.266 Y128.41
G0 X114.349 Y128.41
G0 X114.349 Y128.18
G1 F12000 X112.18 Y128.761 E839.34784
G0 F15000 X112.678 Y128.18
G1 F12000 X112.18 Y130.038 E839.41182
G0 F15000 X112.41 Y130.038
G0 X112.41 Y132.407
G0 X112.18 Y132.407
G1 F12000 X113.82 Y134.048 E839.48898
G0 F15000 X113.59 Y134.048
G0 X113.59 Y136.604
G0 X113.819 Y136.604
G1 F12000 X112.181 Y137.043 E839.54538
G0 F15000 X112.41 Y137.043
G0 X112.41 Y143.721
G0 X112.18 Y143.721
G1 F12000 X113.82 Y145.361 E839.62253
G0 F15000 X113.82 Y144.886
G1 F12000 X112.18 Y145.325 E839.67899
G0 F15000 X112.41 Y145.325
G0 X113.59 Y153.169
G0 X113.819 Y153.169
G1 F12000 X112.18 Y153.608 E839.73543
G0 F15000 X112.41 Y153.608
G0 X112.41 Y155.035
G0 X112.18 Y155.035
G1 F12000 X113.82 Y156.675 E839.81257
G0 F15000 X113.59 Y156.675
G0 X113.59 Y154.829
G0 X113.82 Y154.829
G1 F12000 X112.18 Y160.948 E840.02327
G0 F15000 X112.181 Y161.89
G1 F12000 X113.82 Y161.451 E840.0797
G0 F15000 X113.59 Y161.451
G0 X112.41 Y166.348
G0 X112.18 Y166.348
G1 F12000 X113.82 Y167.989 E840.15687
G0 F15000 X113.59 Y167.989
G0 X113.59 Y169.721
G0 X113.862 Y169.721
G1 F12000 X112.18 Y170.172 E840.21479
G0 F15000 X112.41 Y170.172
G0 X113.424 Y170.306
G0 X116.011 Y170.41
G0 X116.011 Y170.18
G1 F12000 X117.651 Y171.82 E840.29193
G1 X117.549 Y171.821
G1 X117.989 Y170.179 E840.34847
G0 F15000 X117.989 Y170.41
G0 X124.338 Y171.662
G0 X124.41 Y172
G0 X124.117 Y172
G1 F12000 X125.783 Y172 E840.40388
G0 F15000 X125.677 Y172.4
G1 F12000 X126.271 Y170.18 E840.48032
G0 F15000 X126.271 Y170.41
G0 X127.325 Y170.41
G0 X127.325 Y170.18
G1 F12000 X129.546 Y172.4 E840.58476
G1 X133.958 Y172.4 E840.7315
G1 X134.553 Y170.18 E840.80795
G0 F15000 X134.553 Y170.41
G0 X134.59 Y172.383
G0 X134.838 Y172.383
G1 F12000 X134 Y172.607 E840.8368
G1 X134 Y176.853 E840.97802
G1 X134.313 Y177.169 E840.99281
G1 X134.32 Y180.805 E841.11375
G1 X132.72 Y181.233 E841.16884
G1 X132.8 Y181.211
G1 X132.8 Y183.7 E841.25162
G0 F15000 X132.4 Y183.7
G1 F12000 X132.4 Y181.318 E841.33085
G0 F15000 X132.015 Y181.422
G1 F12000 X132.72 Y181.233 E841.35512
G1 X132.713 Y177.043 E841.49448
G1 X132.671 Y177.2 E841.49989
G1 X124.391 Y177.2 E841.77528
G1 X124.181 Y177.981 E841.80218
G1 X124.3 Y178
G1 X128.242 Y178 E841.93329
G0 F15000 X127.652 Y178.4
G1 F12000 X124.3 Y178.4 E842.04478
G1 X124.18 Y178.349
G1 X124.8 Y178.97 E842.07397
G1 X124.8 Y183.356 E842.21985
G1 X124.181 Y183.521 E842.24115
G0 F15000 X124.8 Y183.356
G1 F12000 X126.151 Y182.993 E842.28768
G0 F15000 X126.4 Y182.927
G1 F12000 X127.787 Y182.555 E842.33544
G0 F15000 X127.632 Y182.73
G0 X126.8 Y182.82
G1 F12000 X126.8 Y181.243 E842.38789
G0 F15000 X126.875 Y181.043
G1 F12000 X126.4 Y180.57 E842.41019
G0 F15000 X126.746 Y180
G1 F12000 X125.832 Y180 E842.44059
G0 F15000 X125.432 Y179.6
G1 F12000 X126.849 Y179.6 E842.48772
G0 F15000 X127.019 Y179.2
G1 F12000 X125.032 Y179.2 E842.55381
G0 F15000 X124.8 Y178.97
G1 F12000 X126.4 Y180.57 E842.62907
G1 X126.4 Y182.927 E842.70746
G1 X126.151 Y182.993 E842.71603
G1 X129.12 Y183.288 E842.81526
G1 X129.652 Y183.82 E842.84029
G0 F15000 X129.12 Y183.288
G1 F12000 X128.949 Y183.117 E842.84833
G0 F15000 X128.903 Y183.346
G0 X130.898 Y183.59
G0 X130.898 Y183.82
G1 F12000 X131.244 Y182.528 E842.89282
G1 X131.2 Y182.721
G1 X131.2 Y183.7 E842.92538
G0 F15000 X131.6 Y183.7
G1 F12000 X131.6 Y182.348 E842.97035
G0 F15000 X132 Y181.747
G1 F12000 X132 Y183.7 E843.0353
G0 F15000 X132 Y183.59
G0 X133.2 Y183.59
G0 X133.2 Y183.7
G1 F12000 X133.2 Y181.104 E843.12165
G0 F15000 X134 Y180.89
G1 F12000 X134 Y183.7 E843.21511
G0 F15000 X134.4 Y183.7
G1 F12000 X134.4 Y180.783 E843.31213
G1 X134.32 Y180.805
G1 X134.82 Y180.67 E843.32935
G0 F15000 X134.59 Y180.67
G0 X132.243 Y179.536
G0 X132.026 Y179.609
G1 F12000 X132.671 Y177.2 E843.4123
G1 X132.713 Y177.043
G1 X132.778 Y176.8 E843.42067
G0 F15000 X132.564 Y177.6
G1 F12000 X124.3 Y177.6 E843.69553
G0 F15000 X124.391 Y177.2
G1 F12000 X124.498 Y176.8 E843.7093
G1 X132.778 Y176.8 E843.98469
G1 X133.958 Y172.4 E844.13621
G1 X134.713 Y172.4 E844.16132
G0 F15000 X134 Y172.607
G1 F12000 X124.18 Y175.239 E844.49946
G0 F15000 X124.3 Y174.8
G1 F12000 X125.033 Y174.8 E844.52384
G0 F15000 X125.247 Y174
G1 F12000 X124.3 Y174 E844.55534
G0 F15000 X124.3 Y173.6
G1 F12000 X125.354 Y173.6 E844.5904
G0 F15000 X125.569 Y172.8
G1 F12000 X124.3 Y172.8 E844.6326
G0 F15000 X124.286 Y172.4
G1 F12000 X125.676 Y172.4 E844.67883
G0 F15000 X129.544 Y172.4
G0 X134 Y176.853
G1 F12000 X129.544 Y172.4 E844.88836
G1 X125.677 Y172.4 E845.01698
G1 X124.498 Y176.8 E845.16848
G0 F15000 X124.632 Y178.8
G1 F12000 X127.276 Y178.8 E845.25642
G0 F15000 X127.181 Y178.736
G0 X128.075 Y178.029
G0 X128.762 Y177.744
G0 X134.313 Y177.169
G1 F12000 X134.821 Y177.675 E845.28027
G0 F15000 X134.59 Y177.675
G0 X134.662 Y171.662
G0 X136.938 Y171.59
G0 X136.938 Y171.82
G1 F12000 X143.06 Y170.18 E845.49107
G0 F15000 X142.835 Y170.18
G1 F12000 X142.396 Y171.82 E845.54754
G0 F15000 X142.396 Y171.59
G0 X140.279 Y171.59
G0 X140.279 Y171.82
G1 F12000 X138.639 Y170.18 E845.62468
G0 F15000 X138.639 Y170.41
G0 X149.953 Y170.41
G0 X149.953 Y170.18
G1 F12000 X151.592 Y171.82 E845.70179
G0 F15000 X150.678 Y171.821
G1 F12000 X151.117 Y170.18 E845.75829
G0 F15000 X151.117 Y170.41
G0 X158.96 Y171.59
G0 X158.96 Y171.821
G1 F12000 X159.399 Y170.18 E845.81479
G0 F15000 X159.399 Y170.41
G0 X161.266 Y170.41
G0 X161.266 Y170.18
G1 F12000 X162.906 Y171.82 E845.89193
G0 F15000 X162.906 Y171.59
G0 X167.242 Y171.59
G0 X167.242 Y171.821
G1 F12000 X167.682 Y170.18 E845.94844
G0 F15000 X167.682 Y170.41
G0 X167.849 Y171.59
G0 X167.849 Y171.82
G1 F12000 X173.97 Y170.18 E846.15921
G0 F15000 X173.97 Y170.41
G0 X172.58 Y170.41
G0 X172.58 Y170.18
G1 F12000 X174.22 Y171.82 E846.23635
G0 F15000 X174.22 Y171.59
G0 X175.524 Y171.59
G0 X175.524 Y171.821
G1 F12000 X175.964 Y170.18 E846.29286
G0 F15000 X175.964 Y170.41
G0 X178.875 Y170.41
G0 X178.875 Y170.191
G1 F12000 X177.3 Y173.942 E846.42817
G0 F15000 X177.18 Y174.78
G1 F12000 X177.323 Y174.922 E846.43487
G0 F15000 X177.628 Y175.227
G1 F12000 X177.323 Y174.922 E846.44922
G1 X179.99 Y168.567 E846.67844
G1 X180.479 Y168.435 E846.69529
G0 F15000 X179.99 Y168.567
G1 F12000 X179.181 Y168.784 E846.72315
G0 F15000 X179.41 Y168.785
G0 X181.404 Y168.41
G0 X181.404 Y168.3
G1 F12000 X178.239 Y175.838 E846.99507
G0 F15000 X178 Y175.601
G1 F12000 X178.851 Y176.449 E847.03502
G0 F15000 X179.156 Y176.754
G1 F12000 X178.851 Y176.449 E847.04937
G1 X182.194 Y168.482 E847.33674
G1 X181.893 Y168.18 E847.35092
G1 X181.837 Y168.3
G1 X178.545 Y176.143 E847.63382
G0 F15000 X178 Y177.383
G1 F12000 X180.472 Y176.721 E847.71894
G1 X183.416 Y169.705 E847.972
G1 X182.514 Y168.8 E848.0145
G1 X182.5 Y168.788
G1 X182.514 Y168.8 E848.01512
G1 X184.615 Y168.8 E848.085
G1 X184.782 Y168.18 E848.10635
G0 F15000 X185.2 Y168.3
G1 F12000 X185.2 Y171.486 E848.21232
G0 F15000 X185.896 Y172.184
G1 F12000 X183.722 Y170.011 E848.31455
G0 F15000 X184.027 Y170.317
G1 F12000 X182.781 Y173.287 E848.42168
G0 F15000 X183.485 Y173.02
G1 F12000 X183.766 Y171.97 E848.45783
G1 X185.896 Y172.184 E848.52903
G1 X187.82 Y174.107 E848.6195
G0 F15000 X187.82 Y174.751
G1 F12000 X187.117 Y174.94 E848.64372
G0 F15000 X187.345 Y174.896
G0 X187.2 Y173.486
G1 F12000 X187.2 Y168.3 E848.8162
G0 F15000 X186.8 Y168.3
G1 F12000 X186.8 Y173.086 E848.97539
G0 F15000 X186.4 Y172.686
G1 F12000 X186.4 Y168.3 E849.12127
G0 F15000 X186 Y168.3
G1 F12000 X186 Y172.286 E849.25384
G0 F15000 X183.766 Y171.97
G1 F12000 X184.615 Y168.8 E849.36299
G0 F15000 X183.416 Y169.705
G1 F12000 X183.722 Y170.011 E849.37738
G1 X180.961 Y176.589 E849.61466
G1 X180.472 Y176.721 E849.63151
G0 F15000 X180.961 Y176.589
G1 F12000 X181.953 Y176.323 E849.66567
G0 F15000 X182.008 Y176.775
G1 F12000 X180.658 Y178.256 E849.73232
G1 X180.516 Y178.116
G1 X177.301 Y178.328 E849.83948
G0 F15000 X177.301 Y177.927
G1 F12000 X180.14 Y177.74 E849.93411
G0 F15000 X180.941 Y178.538
G1 F12000 X182.225 Y177.13 E849.99749
G1 X182.382 Y177.139
G1 X181.931 Y178.82 E850.05538
G0 F15000 X181.22 Y178.82
G1 F12000 X179.156 Y176.754 E850.15251
G1 X182.5 Y168.788 E850.43986
G1 X182.194 Y168.482 E850.45425
G0 F15000 X181.433 Y168.18
G1 F12000 X180.479 Y168.435 E850.4871
G1 X177.628 Y175.227 E850.73209
G1 X178 Y175.601 E850.74964
G1 X178 Y177.383 E850.80891
G1 X177.181 Y177.602 E850.8371
G0 F15000 X177.41 Y177.602
G0 X182.737 Y177.819
G0 X182.8 Y177.725
G1 F12000 X182.8 Y178.7 E850.86953
G0 F15000 X182.8 Y178.59
G0 X185.523 Y178.59
G0 X185.523 Y178.7
G1 F12000 X187.699 Y177.202 E850.9574
G0 F15000 X187.7 Y177.687
G1 F12000 X186.229 Y178.7 E851.0168
G0 F15000 X186.934 Y178.7
G1 F12000 X187.699 Y178.173 E851.0477
G0 F15000 X187.59 Y178.173
G0 X187.256 Y174.762
G0 X186.971 Y174.075
G0 X186.518 Y173.482
G0 X180.662 Y168.338
G0 X180.59 Y167.106
G0 X180.82 Y167.106
G1 F12000 X179.179 Y165.466 E851.12487
G0 F15000 X179.41 Y165.467
G0 X179.41 Y160.503
G0 X179.18 Y160.502
G1 F12000 X180.819 Y160.062 E851.18131
G0 F15000 X180.59 Y160.062
G0 X179.41 Y158.177
G0 X179.18 Y158.176
G1 F12000 X180.82 Y152.058 E851.39198
G0 F15000 X180.82 Y151.78
G1 F12000 X179.181 Y152.219 E851.44841
G0 F15000 X179.41 Y152.22
G0 X179.41 Y154.153
G0 X179.179 Y154.152
G1 F12000 X180.82 Y155.793 E851.5256
G0 F15000 X180.59 Y155.793
G0 X180.59 Y144.479
G0 X180.82 Y144.479
G1 F12000 X179.179 Y142.838 E851.60279
G0 F15000 X179.41 Y142.839
G0 X179.41 Y143.938
G0 X179.18 Y143.937
G1 F12000 X180.819 Y143.498 E851.65922
G0 F15000 X180.59 Y143.498
G0 X179.41 Y135.656
G0 X179.181 Y135.655
G1 F12000 X180.82 Y135.216 E851.71566
G0 F15000 X180.59 Y135.216
G0 X180.59 Y133.165
G0 X180.82 Y133.165
G1 F12000 X179.179 Y131.525 E851.79282
G0 F15000 X179.41 Y131.526
G0 X179.339 Y129.661
G0 X178.497 Y129.589
G0 X178.497 Y129.817
G1 F12000 X179.138 Y127.426 E851.87516
G1 X186.378 Y131.31 E852.14842
G1 X186.486 Y130.914 E852.16207
G0 F15000 X186.378 Y131.31
G1 F12000 X186.242 Y131.821 E852.17966
G1 X186.258 Y131.7
G1 X179.031 Y127.823 E852.45244
G0 F15000 X179.079 Y127.6
G1 F12000 X178.333 Y127.6 E852.47725
G1 X178.33 Y127.6
G1 X177.3 Y127.6 E852.51151
G0 F15000 X176.963 Y127.967
G1 F12000 X179.651 Y127.247 E852.60406
G0 F15000 X179.138 Y127.426
G1 F12000 X180.811 Y121.18 E852.81913
G0 F15000 X181.2 Y121.3
G1 F12000 X181.2 Y122.23 E852.85006
G0 F15000 X181.349 Y122.382
G1 F12000 X182.16 Y123.191 E852.88816
G0 F15000 X182 Y123.03
G1 F12000 X182 Y121.3 E852.9457
G0 F15000 X182 Y121.41
G0 X180.567 Y121.6
G1 F12000 X177.3 Y121.6 E853.05436
G0 F15000 X177.3 Y122
G1 F12000 X180.591 Y122 E853.16382
G0 F15000 X180.484 Y122.4
G1 F12000 X177.3 Y122.4 E853.26972
G0 F15000 X177.3 Y122.8
G1 F12000 X180.377 Y122.8 E853.37206
G0 F15000 X180.162 Y123.6
G1 F12000 X177.3 Y123.6 E853.46725
G0 F15000 X177.3 Y124
G1 F12000 X180.055 Y124 E853.55888
G0 F15000 X179.84 Y124.8
G1 F12000 X177.3 Y124.8 E853.64336
G0 F15000 X177.3 Y125.2
G1 F12000 X179.733 Y125.2 E853.72429
G0 F15000 X179.626 Y125.6
G1 F12000 X177.3 Y125.6 E853.80165
G0 F15000 X177.3 Y126.4
G1 F12000 X179.412 Y126.4 E853.87189
G0 F15000 X179.304 Y126.8
G1 F12000 X177.3 Y126.8 E853.93855
G0 F15000 X177.41 Y126.8
G0 X177.338 Y128.338
G0 X176.168 Y128.41
G0 X176.168 Y128.18
G1 F12000 X170.061 Y129.816 E854.14883
G1 X170.215 Y129.817
G1 X170.653 Y128.18 E854.20519
G0 F15000 X170.653 Y128.41
G0 X166.157 Y129.589
G0 X166.157 Y129.816
G1 F12000 X164.521 Y128.18 E854.28214
G0 F15000 X164.521 Y128.41
G0 X162.371 Y128.41
G0 X162.371 Y128.179
G1 F12000 X161.932 Y129.818 E854.33858
G0 F15000 X161.932 Y129.589
G0 X154.844 Y129.589
G0 X154.844 Y129.817
G1 F12000 X153.207 Y128.18 E854.41558
G0 F15000 X154.089 Y128.18
G1 F12000 X153.65 Y129.818 E854.47198
G0 F15000 X153.65 Y129.589
G0 X175.835 Y128.41
G0 X175.835 Y128.18
G1 F12000 X177.471 Y129.816 E854.54893
G0 F15000 X177.471 Y129.589
G0 X178.605 Y129.41
G1 F12000 X182.874 Y131.7 E854.71006
G0 F15000 X183.72 Y131.7
G1 F12000 X178.712 Y129.013 E854.89909
G0 F15000 X178.818 Y128.616
G1 F12000 X184.566 Y131.7 E855.11605
G0 F15000 X185.412 Y131.7
G1 F12000 X178.925 Y128.22 E855.36089
G0 F15000 X181.326 Y126.798
G1 F12000 X179.651 Y127.247 E855.41857
G1 X186.486 Y130.914 E855.67655
G1 X186.911 Y129.326 E855.73123
G1 X181.907 Y126.642 E855.92009
G1 X182.652 Y126.442 E855.94575
G0 F15000 X181.907 Y126.642
G1 F12000 X181.326 Y126.798 E855.96576
G1 X181.349 Y122.382 E856.11263
G1 X180.148 Y121.18 E856.16915
G0 F15000 X180.148 Y121.41
G0 X184.873 Y121.671
G0 X185.807 Y121.904
G0 X185.759 Y122
G1 F12000 X187.7 Y122 E856.23371
G0 F15000 X187.7 Y122.8
G1 F12000 X186.732 Y122.8 E856.2659
G0 F15000 X186.822 Y122.741
G0 X187.256 Y123.762
G0 X187.335 Y124.36
G0 X187.287 Y125.333
G0 X187.071 Y125.259
G1 F12000 X187.819 Y125.058 E856.29166
G0 F15000 X187.82 Y125.932
G1 F12000 X187.48 Y127.2 E856.33533
G1 X186.17 Y127.2 E856.3789
G1 X185.808 Y126.839 E856.3959
G0 F15000 X186.088 Y126.8
G1 F12000 X187.587 Y126.8 E856.44576
G0 F15000 X187.48 Y127.2
G1 F12000 X186.911 Y129.326 E856.51896
G0 F15000 X187.017 Y128.929
G1 F12000 X183.83 Y127.219 E856.63925
G0 F15000 X184.789 Y127.28
G1 F12000 X187.124 Y128.533 E856.72739
G1 X187.2 Y128.447
G1 X187.2 Y131.7 E856.83559
G0 F15000 X187.2 Y131.59
G0 X187.59 Y128.852
G0 X187.82 Y128.852
G1 F12000 X186.17 Y127.2 E856.91324
G0 F15000 X185.393 Y127.15
G1 F12000 X186.956 Y127.989 E856.97225
G0 F15000 X186.638 Y126.473
G0 X186.556 Y126.4
G1 F12000 X187.694 Y126.4 E857.0101
G0 F15000 X187.7 Y126
G1 F12000 X186.86 Y126 E857.03803
G0 F15000 X187.201 Y126.229
G1 F2400 E856.53803
;MESH:NONMESH
G0 F300 X187.201 Y126.229 Z2.6
G0 F15000 X185.592 Y127.136
G0 X184.872 Y127.329
G0 X177.338 Y128.338
G0 X134.662 Y128.338
G0 X129.481 Y122.412
G0 X129.501 Y122.1
;TIME_ELAPSED:1138.579086
;LAYER:12
;TYPE:WALL-INNER
;MESH:Vakuumpumpe casing (berre sk??l)V2.stl
G1 F2400 E857.03803
G1 F6000 X129.124 Y122.073 E857.05061
G1 X128.786 Y122.002 E857.06209
G1 X128.464 Y121.887 E857.07347
G1 X128.171 Y121.735 E857.08444
G1 X127.884 Y121.54 E857.09598
G1 X127.628 Y121.308 E857.10748
G1 X127.417 Y121.056 E857.11841
G1 X127.223 Y120.762 E857.13012
G1 X127.082 Y120.462 E857.14115
G1 X126.998 Y120.226 E857.14948
G1 X126.92 Y119.86 E857.16193
G1 X126.897 Y119.538 E857.17266
G1 X126.913 Y119.203 E857.18382
G1 X126.997 Y118.777 E857.19826
G1 X127.109 Y118.471 E857.2091
G1 X127.266 Y118.164 E857.22057
G1 X127.461 Y117.884 E857.23191
G1 X127.688 Y117.632 E857.2432
G1 X127.945 Y117.414 E857.2544
G1 X128.235 Y117.225 E857.26592
G1 X128.537 Y117.081 E857.27705
G1 X128.86 Y116.975 E857.28835
G1 X129.136 Y116.92 E857.29771
G1 X129.5 Y116.896 E857.30985
G1 X129.794 Y116.913 E857.31964
G1 X130.139 Y116.974 E857.33129
G1 X130.522 Y117.107 E857.34478
G1 X130.761 Y117.223 E857.35361
G1 X131.056 Y117.416 E857.36534
G1 X131.308 Y117.628 E857.37629
G1 X131.591 Y117.951 E857.39058
G1 X131.767 Y118.227 E857.40146
G1 X131.921 Y118.546 E857.41324
G1 X132.021 Y118.859 E857.42417
G1 X132.083 Y119.203 E857.4358
G1 X132.1 Y119.5 E857.44569
G1 X132.076 Y119.86 E857.45769
G1 X132.001 Y120.217 E857.46983
G1 X131.889 Y120.529 E857.48085
G1 X131.732 Y120.833 E857.49223
G1 X131.544 Y121.108 E857.50331
G1 X131.308 Y121.371 E857.51506
G1 X131.049 Y121.588 E857.5263
G1 X130.769 Y121.769 E857.53739
G1 X130.341 Y121.975 E857.55319
G1 X129.86 Y122.076 E857.56954
G1 X129.501 Y122.1 E857.5815
G1 F2400 E857.0815
G0 F15000 X130.51 Y122.092
G0 X134.74 Y125.663
G0 X135.062 Y127.938
G0 X135.519 Y127.947
G0 X136.237 Y130.052
G0 X114.062 Y130.062
G0 X114.062 Y169.938
G0 X150 Y170.41
G0 X150 Y170.1
G1 F2400 E857.5815
G1 F6000 X114.5 Y170.1 E858.76224
G1 X114.261 Y170.051 E858.77035
G1 X114.075 Y169.925 E858.77783
G1 X113.949 Y169.739 E858.7853
G1 X113.9 Y169.574 E858.79102
G1 X113.9 Y130.5 E860.09063
G1 X113.949 Y130.261 E860.09874
G1 X114.075 Y130.075 E860.10622
G1 X114.261 Y129.949 E860.11369
G1 X114.426 Y129.9 E860.11941
G1 X178.5 Y129.896 E862.25052
G1 X178.731 Y129.941 E862.25835
G1 X178.923 Y130.069 E862.26603
G1 X179.1 Y130.392 E862.27828
G1 X179.1 Y169.608 E863.58261
G1 X178.982 Y169.859 E863.59183
G1 X178.859 Y169.982 E863.59762
G1 X178.608 Y170.1 E863.60684
G1 X150 Y170.1 E864.55835
G0 F15000 X150 Y170.41
G0 X150 Y171.59
G0 X150 Y171.9
G1 F6000 X176.5 Y171.9 E865.43974
G1 X176.755 Y171.956 E865.44842
G1 X176.946 Y172.097 E865.45632
G1 X177.1 Y172.429 E865.46849
G1 X177.1 Y178.9 E865.68372
G1 X187.9 Y178.9 E866.04293
G1 X187.9 Y168.1 E866.40214
G1 X181.429 Y168.1 E866.61736
G1 X181.097 Y167.946 E866.62954
G1 X180.956 Y167.754 E866.63746
G1 X180.9 Y167.575 E866.6437
G1 X180.9 Y132.5 E867.8103
G1 X180.956 Y132.245 E867.81898
G1 X181.098 Y132.054 E867.8269
G1 X181.27 Y131.945 E867.83367
G1 X181.431 Y131.9 E867.83923
G1 X187.9 Y131.9 E868.05439
G1 X187.9 Y121.1 E868.4136
G1 X177.1 Y121.1 E868.77281
G1 X177.1 Y127.569 E868.98797
G1 X177.055 Y127.731 E868.99356
G1 X176.86 Y127.98 E869.00408
G1 X176.583 Y128.1 E869.01412
G1 X135.5 Y128.1 E870.38055
G1 X135.217 Y128.03 E870.39024
G1 X135.02 Y127.86 E870.3989
G1 X134.9 Y127.62 E870.40782
G1 X134.9 Y116.1 E870.79098
G1 X124.1 Y116.1 E871.15019
G1 X124.1 Y127.62 E871.53334
G1 X123.98 Y127.861 E871.5423
G1 X123.782 Y128.03 E871.55096
G1 X123.578 Y128.1 E871.55813
G1 X112.1 Y128.1 E871.93989
G1 X112.1 Y171.9 E873.39668
G1 X123.5 Y171.9 E873.77585
G1 X123.783 Y171.97 E873.78555
G1 X123.98 Y172.14 E873.7942
G1 X124.1 Y172.379 E873.80309
G1 X124.1 Y183.9 E874.18628
G1 X134.9 Y183.9 E874.54549
G1 X134.9 Y172.379 E874.92868
G1 X135.02 Y172.14 E874.93758
G1 X135.217 Y171.97 E874.94623
G1 X135.422 Y171.9 E874.95344
G1 X150 Y171.9 E875.4383
G1 F2400 E874.9383
G0 F15000 X150 Y171.59
G0 X135.062 Y172.062
G0 X135.059 Y182.831
G0 X134.7 Y183.1
G0 X130.849 Y182.931
G0 X129.5 Y183.1
G1 F2400 E875.4383
G1 F6000 X129.123 Y183.073 E875.45088
G1 X128.859 Y183.021 E875.45983
G1 X128.463 Y182.887 E875.47373
G1 X128.171 Y182.734 E875.48469
G1 X127.951 Y182.591 E875.49342
G1 X127.688 Y182.368 E875.50489
G1 X127.416 Y182.056 E875.51866
G1 X127.223 Y181.762 E875.53035
G1 X127.082 Y181.462 E875.54138
G1 X126.998 Y181.226 E875.54971
G1 X126.92 Y180.86 E875.56216
G1 X126.896 Y180.5 E875.57416
G1 X126.923 Y180.124 E875.5867
G1 X126.997 Y179.777 E875.5985
G1 X127.109 Y179.471 E875.60933
G1 X127.225 Y179.235 E875.61808
G1 X127.46 Y178.884 E875.63213
G1 X127.688 Y178.633 E875.64341
G1 X127.884 Y178.46 E875.6521
G1 X128.235 Y178.225 E875.66615
G1 X128.537 Y178.081 E875.67728
G1 X128.86 Y177.975 E875.68859
G1 X129.136 Y177.92 E875.69795
G1 X129.5 Y177.896 E875.71008
G1 X129.871 Y177.922 E875.72245
G1 X130.226 Y177.998 E875.73453
G1 X130.522 Y178.107 E875.74502
G1 X130.84 Y178.269 E875.75689
G1 X131.108 Y178.457 E875.76778
G1 X131.367 Y178.688 E875.77932
G1 X131.591 Y178.951 E875.79081
G1 X131.767 Y179.228 E875.80172
G1 X131.921 Y179.546 E875.81348
G1 X132.021 Y179.859 E875.8244
G1 X132.083 Y180.203 E875.83603
G1 X132.1 Y180.5 E875.84592
G1 X132.076 Y180.86 E875.85792
G1 X132.001 Y181.217 E875.87006
G1 X131.889 Y181.529 E875.88108
G1 X131.732 Y181.833 E875.89246
G1 X131.543 Y182.108 E875.90356
G1 X131.308 Y182.372 E875.91532
G1 X131.049 Y182.588 E875.92653
G1 X130.769 Y182.769 E875.93762
G1 X130.453 Y182.921 E875.94929
G1 X130.139 Y183.022 E875.96026
G1 X129.86 Y183.076 E875.96971
G1 X129.5 Y183.1 E875.98171
G1 F2400 E875.48171
G0 F15000 X129.766 Y183.005
G0 X131.68 Y182.226
G0 X182.852 Y177.742
G0 X184.5 Y178.1
G1 F2400 E875.98171
G1 F6000 X184.123 Y178.073 E875.99428
G1 X183.859 Y178.021 E876.00323
G1 X183.463 Y177.887 E876.01713
G1 X183.171 Y177.734 E876.0281
G1 X182.951 Y177.591 E876.03683
G1 X182.688 Y177.368 E876.04829
G1 X182.416 Y177.056 E876.06206
G1 X182.223 Y176.762 E876.07376
G1 X182.082 Y176.462 E876.08478
G1 X181.974 Y176.139 E876.09611
G1 X181.92 Y175.86 E876.10556
G1 X181.896 Y175.5 E876.11756
G1 X181.923 Y175.124 E876.1301
G1 X181.997 Y174.777 E876.1419
G1 X182.109 Y174.471 E876.15274
G1 X182.266 Y174.165 E876.16418
G1 X182.436 Y173.914 E876.17426
G1 X182.659 Y173.659 E876.18553
G1 X182.914 Y173.436 E876.1968
G1 X183.235 Y173.225 E876.20957
G1 X183.537 Y173.081 E876.2207
G1 X183.859 Y172.975 E876.23198
G1 X184.136 Y172.92 E876.24137
G1 X184.5 Y172.896 E876.2535
G1 X184.794 Y172.913 E876.2633
G1 X185.226 Y172.998 E876.27794
G1 X185.462 Y173.082 E876.28627
G1 X185.762 Y173.223 E876.2973
G1 X186.108 Y173.456 E876.31117
G1 X186.368 Y173.688 E876.32276
G1 X186.591 Y173.951 E876.33423
G1 X186.767 Y174.228 E876.34515
G1 X186.922 Y174.545 E876.35688
G1 X187.002 Y174.785 E876.3653
G1 X187.073 Y175.123 E876.37678
G1 X187.1 Y175.5 E876.38935
G1 X187.074 Y175.871 E876.40172
G1 X187.001 Y176.217 E876.41349
G1 X186.889 Y176.529 E876.42451
G1 X186.732 Y176.833 E876.43589
G1 X186.543 Y177.108 E876.44699
G1 X186.341 Y177.341 E876.45725
G1 X186.049 Y177.588 E876.46997
G1 X185.769 Y177.769 E876.48106
G1 X185.453 Y177.921 E876.49272
G1 X185.139 Y178.022 E876.50369
G1 X184.86 Y178.076 E876.51314
G1 X184.5 Y178.1 E876.52514
G1 F2400 E876.02514
G0 F15000 X183.275 Y177.624
G0 X182.765 Y177.235
G0 X182.376 Y176.725
G0 X182.131 Y176.134
G0 X182.046 Y175.5
G0 X182.131 Y174.866
G0 X182.376 Y174.275
G0 X182.765 Y173.765
G0 X183.054 Y173.545
G0 X184.5 Y172.716
G0 X184.5 Y127.28
G0 X184.5 Y127.1
G1 F2400 E876.52514
G1 F6000 X184.123 Y127.073 E876.53771
G1 X183.786 Y127.002 E876.54917
G1 X183.546 Y126.922 E876.55758
G1 X183.227 Y126.767 E876.56938
G1 X182.917 Y126.567 E876.58165
G1 X182.657 Y126.339 E876.59315
G1 X182.457 Y126.108 E876.60331
G1 X182.263 Y125.832 E876.61453
G1 X182.082 Y125.462 E876.62823
G1 X181.974 Y125.139 E876.63956
G1 X181.92 Y124.86 E876.64901
G1 X181.896 Y124.5 E876.66101
G1 X181.923 Y124.124 E876.67355
G1 X181.997 Y123.777 E876.68535
G1 X182.109 Y123.471 E876.69619
G1 X182.266 Y123.164 E876.70766
G1 X182.461 Y122.884 E876.71901
G1 X182.688 Y122.632 E876.73029
G1 X182.945 Y122.414 E876.7415
G1 X183.235 Y122.225 E876.75301
G1 X183.537 Y122.081 E876.76414
G1 X183.86 Y121.975 E876.77544
G1 X184.136 Y121.92 E876.7848
G1 X184.5 Y121.896 E876.79694
G1 X184.794 Y121.913 E876.80673
G1 X185.139 Y121.974 E876.81838
G1 X185.522 Y122.107 E876.83187
G1 X185.761 Y122.223 E876.8407
G1 X186.056 Y122.416 E876.85243
G1 X186.341 Y122.659 E876.86489
G1 X186.591 Y122.951 E876.87767
G1 X186.767 Y123.228 E876.88859
G1 X186.922 Y123.545 E876.90032
G1 X187.002 Y123.785 E876.90874
G1 X187.073 Y124.123 E876.92023
G1 X187.1 Y124.5 E876.9328
G1 X187.074 Y124.871 E876.94517
G1 X187.001 Y125.217 E876.95693
G1 X186.889 Y125.529 E876.96795
G1 X186.732 Y125.833 E876.97933
G1 X186.543 Y126.108 E876.99043
G1 X186.308 Y126.371 E877.00216
G1 X186.108 Y126.544 E877.01096
G1 X185.833 Y126.732 E877.02204
G1 X185.529 Y126.889 E877.03342
G1 X185.217 Y127.001 E877.04444
G1 X184.86 Y127.076 E877.05658
G1 X184.5 Y127.1 E877.06858
G0 F15000 X184.487 Y126.7
;TYPE:WALL-OUTER
G1 F6000 X184.201 Y126.681 E877.07811
G1 X183.912 Y126.622 E877.08792
G1 X183.645 Y126.531 E877.0973
G1 X183.409 Y126.411 E877.10611
G1 X183.159 Y126.248 E877.11603
G1 X182.941 Y126.057 E877.12567
G1 X182.747 Y125.83 E877.13561
G1 X182.583 Y125.588 E877.14533
G1 X182.467 Y125.348 E877.15419
G1 X182.367 Y125.063 E877.16424
G1 X182.314 Y124.791 E877.17346
G1 X182.296 Y124.487 E877.18359
G1 X182.315 Y124.201 E877.19312
G1 X182.367 Y123.937 E877.20207
G1 X182.468 Y123.647 E877.21228
G1 X182.584 Y123.411 E877.22103
G1 X182.761 Y123.148 E877.23157
G1 X182.952 Y122.933 E877.24114
G1 X183.168 Y122.746 E877.25064
G1 X183.411 Y122.584 E877.26035
G1 X183.669 Y122.459 E877.26989
G1 X183.937 Y122.367 E877.27931
G1 X184.205 Y122.314 E877.2884
G1 X184.513 Y122.296 E877.29866
G1 X184.794 Y122.315 E877.30803
G1 X185.092 Y122.375 E877.31814
G1 X185.348 Y122.467 E877.32719
G1 X185.587 Y122.583 E877.33602
G1 X185.83 Y122.746 E877.34576
G1 X186.058 Y122.942 E877.35576
G1 X186.256 Y123.17 E877.3658
G1 X186.411 Y123.409 E877.37527
G1 X186.531 Y123.645 E877.38408
G1 X186.629 Y123.937 E877.39432
G1 X186.684 Y124.227 E877.40414
G1 X186.7 Y124.513 E877.41367
G1 X186.681 Y124.795 E877.42307
G1 X186.597 Y125.216 E877.43735
G1 X186.399 Y125.611 E877.45204
G1 X186.24 Y125.847 E877.46151
G1 X186.047 Y126.068 E877.47127
G1 X185.847 Y126.24 E877.48004
G1 X185.59 Y126.411 E877.49031
G1 X185.325 Y126.542 E877.50014
G1 X185.063 Y126.629 E877.50932
G1 X184.791 Y126.682 E877.51854
G1 X184.487 Y126.7 E877.52867
G1 F2400 E877.02867
G0 F15000 X184.466 Y127.01
G0 X184.5 Y127.28
G0 X184.5 Y172.716
G0 X184.487 Y177.7
G1 F2400 E877.52867
G1 F6000 X184.201 Y177.681 E877.5382
G1 X183.912 Y177.622 E877.54801
G1 X183.645 Y177.531 E877.55739
G1 X183.39 Y177.4 E877.56693
G1 X183.148 Y177.239 E877.5766
G1 X182.932 Y177.047 E877.58621
G1 X182.746 Y176.83 E877.59571
G1 X182.583 Y176.588 E877.60542
G1 X182.459 Y176.328 E877.615
G1 X182.367 Y176.063 E877.62433
G1 X182.314 Y175.791 E877.63355
G1 X182.296 Y175.487 E877.64367
G1 X182.315 Y175.201 E877.65321
G1 X182.367 Y174.937 E877.66216
G1 X182.468 Y174.647 E877.67237
G1 X182.584 Y174.411 E877.68112
G1 X182.753 Y174.158 E877.69124
G1 X182.942 Y173.942 E877.70078
G1 X183.158 Y173.753 E877.71033
G1 X183.411 Y173.584 E877.72045
G1 X183.669 Y173.459 E877.72998
G1 X183.937 Y173.367 E877.73941
G1 X184.205 Y173.314 E877.74849
G1 X184.513 Y173.296 E877.75876
G1 X184.795 Y173.315 E877.76816
G1 X185.063 Y173.367 E877.77724
G1 X185.328 Y173.459 E877.78657
G1 X185.588 Y173.583 E877.79615
G1 X185.847 Y173.76 E877.80658
G1 X186.067 Y173.952 E877.81629
G1 X186.256 Y174.17 E877.82589
G1 X186.411 Y174.409 E877.83536
G1 X186.531 Y174.645 E877.84417
G1 X186.622 Y174.912 E877.85355
G1 X186.681 Y175.201 E877.86336
G1 X186.7 Y175.513 E877.87376
G1 X186.681 Y175.795 E877.88316
G1 X186.597 Y176.216 E877.89744
G1 X186.399 Y176.611 E877.91213
G1 X186.24 Y176.847 E877.9216
G1 X186.058 Y177.058 E877.93087
G1 X185.827 Y177.255 E877.94096
G1 X185.59 Y177.411 E877.9504
G1 X185.325 Y177.542 E877.96023
G1 X185.063 Y177.629 E877.96942
G1 X184.791 Y177.682 E877.97863
G1 X184.487 Y177.7 E877.98876
G1 F2400 E877.48876
G0 F15000 X184.466 Y178.01
G0 X183.562 Y177.766
G0 X182.06 Y176.84
G0 X177.3 Y176.84
G0 X150 Y172.302
G1 F2400 E877.98876
G1 F6000 X176.56 Y172.3 E878.87215
G1 X176.649 Y172.365 E878.87582
G1 X176.698 Y172.468 E878.87961
G1 X176.7 Y179.3 E879.10684
G1 X188.3 Y179.3 E879.49266
G1 X188.3 Y167.7 E879.87848
G1 X181.468 Y167.698 E880.10571
G1 X181.365 Y167.649 E880.1095
G1 X181.303 Y167.535 E880.11382
G1 X181.3 Y132.439 E881.28112
G1 X181.366 Y132.351 E881.28478
G1 X181.468 Y132.302 E881.28854
G1 X188.3 Y132.3 E881.51577
G1 X188.3 Y120.7 E881.90159
G1 X176.7 Y120.7 E882.28741
G1 X176.698 Y127.56 E882.51557
G1 X176.62 Y127.66 E882.51979
G1 X176.535 Y127.697 E882.52288
G1 X135.423 Y127.7 E883.89027
G1 X135.3 Y127.54 E883.89698
G1 X135.3 Y115.7 E884.29078
G1 X123.7 Y115.7 E884.6766
G1 X123.7 Y127.54 E885.0704
G1 X123.66 Y127.621 E885.0734
G1 X123.535 Y127.697 E885.07827
G1 X111.7 Y127.7 E885.4719
G1 X111.7 Y172.3 E886.9553
G1 X123.577 Y172.3 E887.35033
G1 X123.7 Y172.459 E887.35702
G1 X123.7 Y184.3 E887.75085
G1 X135.3 Y184.3 E888.13667
G1 X135.3 Y172.459 E888.5305
G1 X135.34 Y172.38 E888.53345
G1 X135.465 Y172.303 E888.53833
G1 X150 Y172.302 E889.02177
G1 F2400 E888.52177
G0 F15000 X150 Y171.59
G0 X150 Y170.41
G0 X150 Y169.697
G1 F2400 E889.02177
G1 F6000 X114.444 Y169.7 E890.20436
G1 X114.358 Y169.642 E890.20781
G1 X114.303 Y169.535 E890.21182
G1 X114.3 Y130.444 E891.51199
G1 X114.358 Y130.358 E891.51544
G1 X114.465 Y130.303 E891.51944
G1 X178.547 Y130.301 E893.65082
G1 X178.661 Y130.376 E893.65535
G1 X178.695 Y130.449 E893.65803
G1 X178.695 Y169.548 E894.95847
G1 X178.62 Y169.661 E894.96298
G1 X178.548 Y169.695 E894.96563
G1 X150 Y169.697 E895.91514
G1 F2400 E895.41514
G0 F15000 X150 Y170.41
G0 X135.062 Y172.062
G0 X135.06 Y182.714
G0 X134.7 Y183.01
G0 X130.849 Y182.931
G0 X129.487 Y182.7
G1 F2400 E895.91514
G1 F6000 X129.201 Y182.681 E895.92467
G1 X128.912 Y182.622 E895.93448
G1 X128.645 Y182.531 E895.94387
G1 X128.39 Y182.4 E895.9534
G1 X128.148 Y182.239 E895.96307
G1 X127.932 Y182.047 E895.97268
G1 X127.746 Y181.83 E895.98219
G1 X127.583 Y181.588 E895.99189
G1 X127.467 Y181.348 E896.00076
G1 X127.367 Y181.063 E896.0108
G1 X127.314 Y180.791 E896.02002
G1 X127.296 Y180.487 E896.03015
G1 X127.315 Y180.201 E896.03968
G1 X127.367 Y179.937 E896.04863
G1 X127.468 Y179.647 E896.05884
G1 X127.584 Y179.411 E896.06759
G1 X127.761 Y179.148 E896.07814
G1 X127.952 Y178.933 E896.0877
G1 X128.168 Y178.746 E896.0972
G1 X128.411 Y178.584 E896.10692
G1 X128.669 Y178.459 E896.11645
G1 X128.937 Y178.367 E896.12588
G1 X129.205 Y178.314 E896.13496
G1 X129.513 Y178.296 E896.14522
G1 X129.795 Y178.315 E896.15462
G1 X130.064 Y178.367 E896.16374
G1 X130.348 Y178.467 E896.17375
G1 X130.588 Y178.583 E896.18262
G1 X130.847 Y178.76 E896.19305
G1 X131.067 Y178.952 E896.20276
G1 X131.256 Y179.17 E896.21236
G1 X131.411 Y179.409 E896.22183
G1 X131.531 Y179.645 E896.23064
G1 X131.629 Y179.937 E896.24088
G1 X131.684 Y180.227 E896.2507
G1 X131.7 Y180.513 E896.26023
G1 X131.681 Y180.795 E896.26963
G1 X131.597 Y181.216 E896.28391
G1 X131.399 Y181.611 E896.2986
G1 X131.24 Y181.847 E896.30807
G1 X131.047 Y182.068 E896.31783
G1 X130.827 Y182.255 E896.32743
G1 X130.59 Y182.411 E896.33687
G1 X130.325 Y182.542 E896.3467
G1 X130.063 Y182.629 E896.35588
G1 X129.791 Y182.682 E896.3651
G1 X129.487 Y182.7 E896.37523
G1 F2400 E895.87523
G0 F15000 X129.466 Y183.01
G0 X128.562 Y182.766
G0 X128.007 Y182.446
G0 X127.554 Y181.993
G0 X127.234 Y181.438
G0 X127.069 Y180.82
G0 X127.069 Y180.18
G0 X127.234 Y179.562
G0 X127.554 Y179.007
G0 X127.962 Y178.599
G0 X129.5 Y177.716
G0 X129.501 Y122.28
G0 X129.487 Y121.7
G1 F2400 E896.37523
G1 F6000 X129.201 Y121.681 E896.38476
G1 X128.936 Y121.629 E896.39374
G1 X128.645 Y121.531 E896.40396
G1 X128.39 Y121.4 E896.41349
G1 X128.148 Y121.239 E896.42316
G1 X127.932 Y121.047 E896.43277
G1 X127.747 Y120.83 E896.44225
G1 X127.583 Y120.588 E896.45198
G1 X127.467 Y120.348 E896.46084
G1 X127.367 Y120.063 E896.47089
G1 X127.314 Y119.791 E896.48011
G1 X127.296 Y119.513 E896.48937
G1 X127.315 Y119.201 E896.49977
G1 X127.367 Y118.937 E896.50872
G1 X127.468 Y118.647 E896.51893
G1 X127.584 Y118.411 E896.52768
G1 X127.761 Y118.148 E896.53822
G1 X127.952 Y117.933 E896.54779
G1 X128.168 Y117.746 E896.55729
G1 X128.411 Y117.584 E896.567
G1 X128.669 Y117.459 E896.57654
G1 X128.937 Y117.367 E896.58596
G1 X129.205 Y117.314 E896.59505
G1 X129.513 Y117.296 E896.60531
G1 X129.794 Y117.315 E896.61468
G1 X130.092 Y117.375 E896.62479
G1 X130.348 Y117.467 E896.63384
G1 X130.587 Y117.583 E896.64267
G1 X130.83 Y117.746 E896.6524
G1 X131.067 Y117.952 E896.66285
G1 X131.256 Y118.17 E896.67244
G1 X131.411 Y118.409 E896.68192
G1 X131.531 Y118.645 E896.69073
G1 X131.629 Y118.937 E896.70097
G1 X131.684 Y119.227 E896.71079
G1 X131.7 Y119.513 E896.72031
G1 X131.681 Y119.795 E896.72971
G1 X131.597 Y120.216 E896.74399
G1 X131.399 Y120.611 E896.75869
G1 X131.24 Y120.847 E896.76815
G1 X131.047 Y121.068 E896.77791
G1 X130.827 Y121.255 E896.78752
G1 X130.59 Y121.411 E896.79695
G1 X130.325 Y121.542 E896.80679
G1 X130.063 Y121.629 E896.81597
G1 X129.791 Y121.682 E896.82518
G1 X129.487 Y121.7 E896.83531
G1 F2400 E896.33531
G0 F15000 X129.466 Y122.01
G0 X129.433 Y122.277
G0 X124.26 Y125.485
G0 X124.109 Y127.957
G0 X123.565 Y128.306
G0 X129.097 Y128.4
G0 X129.097 Y128.179
;TYPE:FILL
G1 F2400 E896.83531
G1 F12000 X128.657 Y129.819 E896.89179
G0 F15000 X128.657 Y129.589
G0 X130.779 Y128.4
G0 X130.779 Y128.18
G1 F12000 X132.418 Y129.818 E896.96886
G0 F15000 X132.418 Y129.589
G0 X136.939 Y129.589
G0 X136.939 Y129.819
G1 F12000 X137.379 Y128.18 E897.0253
G0 F15000 X137.379 Y128.41
G0 X139.689 Y129.589
G0 X139.689 Y129.818
G1 F12000 X145.803 Y128.18 E897.23583
G1 X145.661 Y128.179
G1 X145.222 Y129.819 E897.29229
G0 F15000 X145.222 Y129.589
G0 X143.731 Y129.589
G0 X143.731 Y129.818
G1 F12000 X142.093 Y128.18 E897.36934
G0 F15000 X142.093 Y128.41
G0 X153.407 Y128.41
G0 X153.407 Y128.18
G1 F12000 X155.044 Y129.817 E897.44634
G0 F15000 X155.044 Y129.589
G0 X153.504 Y129.589
G0 X153.504 Y129.818
G1 F12000 X153.943 Y128.18 E897.50274
G0 F15000 X153.943 Y128.41
G0 X161.786 Y129.589
G0 X161.786 Y129.818
G1 F12000 X162.225 Y128.18 E897.55914
G0 F15000 X162.225 Y128.41
G0 X164.721 Y128.41
G0 X164.721 Y128.18
G1 F12000 X166.357 Y129.816 E897.6361
G0 F15000 X166.357 Y129.589
G0 X170.069 Y129.589
G0 X170.069 Y129.817
G1 F12000 X170.508 Y128.179 E897.6925
G0 F15000 X170.508 Y128.41
G0 X170.606 Y129.589
G0 X170.606 Y129.816
G1 F12000 X176.713 Y128.18 E897.90278
G0 F15000 X176.034 Y128.18
G1 F12000 X177.67 Y129.816 E897.97973
G0 F15000 X178.351 Y129.817
G1 F12000 X178.79 Y128.18 E898.0361
G0 F15000 X178.79 Y128.4
G0 X179.339 Y129.661
G0 X179.41 Y131.326
G0 X179.179 Y131.325
G1 F12000 X180.82 Y132.966 E898.11329
G0 F15000 X180.59 Y132.966
G0 X180.59 Y135.362
G0 X180.819 Y135.362
G1 F12000 X179.18 Y135.801 E898.16973
G0 F15000 X179.41 Y135.802
G0 X179.41 Y142.64
G0 X179.179 Y142.639
G1 F12000 X180.82 Y144.279 E898.24689
G0 F15000 X180.819 Y143.644
G1 F12000 X179.181 Y144.083 E898.30329
G0 F15000 X179.41 Y144.084
G0 X180.59 Y151.513
G0 X180.82 Y151.513
G1 F12000 X179.18 Y157.631 E898.51396
G0 F15000 X179.41 Y157.632
G0 X180.59 Y155.593
G0 X180.82 Y155.593
G1 F12000 X179.179 Y153.953 E898.59113
G0 F15000 X179.41 Y153.954
G0 X179.41 Y152.366
G0 X179.18 Y152.365
G1 F12000 X180.819 Y151.926 E898.64756
G0 F15000 X180.59 Y151.926
G0 X180.59 Y160.208
G0 X180.819 Y160.208
G1 F12000 X179.181 Y160.647 E898.70397
G0 F15000 X179.41 Y160.648
G0 X179.41 Y165.267
G0 X179.179 Y165.266
G1 F12000 X180.82 Y166.907 E898.78115
G0 F15000 X180.59 Y166.907
G0 X180.6 Y168.491
G0 X180.819 Y168.491
G1 F12000 X179.181 Y168.93 E898.83756
G0 F15000 X179.41 Y168.931
G0 X179.338 Y170.338
G0 X175.818 Y170.41
G0 X175.818 Y170.18
G1 F12000 X175.378 Y171.821 E898.89406
G0 F15000 X174.419 Y171.82
G1 F12000 X172.779 Y170.18 E898.9712
G0 F15000 X172.779 Y170.41
G0 X174.515 Y170.41
G0 X174.515 Y170.18
G1 F12000 X168.393 Y171.82 E899.182
G0 F15000 X168.393 Y171.59
G0 X167.096 Y171.59
G0 X167.096 Y171.82
G1 F12000 X167.536 Y170.18 E899.23848
G0 F15000 X167.536 Y170.41
G0 X163.105 Y171.59
G0 X163.105 Y171.82
G1 F12000 X161.466 Y170.18 E899.3156
G0 F15000 X161.466 Y170.41
G0 X159.254 Y170.41
G0 X159.254 Y170.18
G1 F12000 X158.814 Y171.821 E899.3721
G0 F15000 X158.814 Y171.59
G0 X151.792 Y171.59
G0 X151.792 Y171.82
G1 F12000 X150.152 Y170.18 E899.44924
G0 F15000 X150.971 Y170.18
G1 F12000 X150.532 Y171.82 E899.50571
G0 F15000 X150.532 Y171.59
G0 X143.605 Y170.41
G0 X143.605 Y170.18
G1 F12000 X137.483 Y171.82 E899.71651
G0 F15000 X137.483 Y171.59
G0 X138.838 Y170.41
G0 X138.838 Y170.18
G1 F12000 X140.478 Y171.82 E899.79365
G0 F15000 X140.478 Y171.59
G0 X142.25 Y171.59
G0 X142.25 Y171.821
G1 F12000 X142.689 Y170.179 E899.85018
G0 F15000 X142.689 Y170.41
G0 X134.407 Y170.41
G0 X134.407 Y170.18
G1 F12000 X133.967 Y171.821 E899.90669
G0 F15000 X133.967 Y171.6
G0 X129.164 Y171.6
G0 X129.164 Y171.82
G1 F12000 X127.525 Y170.18 E899.98381
G0 F15000 X127.525 Y170.41
G0 X126.125 Y170.41
G0 X126.125 Y170.18
G1 F12000 X125.685 Y171.82 E900.04028
G0 F15000 X125.685 Y171.6
G0 X117.851 Y171.59
G0 X117.851 Y171.82
G1 F12000 X116.211 Y170.18 E900.11742
G0 F15000 X116.211 Y170.41
G0 X117.843 Y170.41
G0 X117.843 Y170.18
G1 F12000 X117.403 Y171.821 E900.17393
G0 F15000 X117.403 Y171.59
G0 X113.662 Y170.338
G0 X113.59 Y169.849
G0 X113.932 Y169.849
G1 F12000 X112.18 Y170.318 E900.23425
G0 F15000 X112.41 Y170.318
G0 X113.59 Y167.789
G0 X113.82 Y167.789
G1 F12000 X112.18 Y166.149 E900.31139
G0 F15000 X112.41 Y166.149
G0 X112.41 Y162.036
G0 X112.18 Y162.036
G1 F12000 X113.82 Y161.597 E900.36786
G0 F15000 X113.59 Y161.597
G0 X112.41 Y160.402
G0 X112.18 Y160.402
G1 F12000 X113.819 Y154.285 E900.57849
G0 F15000 X113.819 Y153.315
G1 F12000 X112.181 Y153.753 E900.63488
G0 F15000 X112.41 Y153.753
G0 X112.41 Y154.835
G0 X112.18 Y154.835
G1 F12000 X113.82 Y156.476 E900.71205
G0 F15000 X113.59 Y156.476
G0 X112.41 Y145.471
G0 X112.18 Y145.471
G1 F12000 X113.819 Y145.032 E900.76848
G1 X113.82 Y145.162
G1 X112.18 Y143.521 E900.84565
G0 F15000 X112.41 Y143.521
G0 X112.41 Y137.189
G0 X112.181 Y137.189
G1 F12000 X113.82 Y136.75 E900.90208
G0 F15000 X113.59 Y136.75
G0 X113.59 Y133.848
G0 X113.82 Y133.848
G1 F12000 X112.18 Y132.208 E900.97922
G0 F15000 X112.41 Y132.208
G0 X112.41 Y129.493
G0 X112.18 Y129.493
G1 F12000 X112.532 Y128.179 E901.02447
G0 F15000 X112.18 Y128.907
G1 F12000 X114.892 Y128.18 E901.11785
G0 F15000 X114.892 Y128.41
G0 X119.466 Y128.41
G0 X119.466 Y128.18
G1 F12000 X121.105 Y129.819 E901.19495
G0 F15000 X120.375 Y129.821
G1 F12000 X120.814 Y128.18 E901.25145
G0 F15000 X120.814 Y128.41
G0 X123.938 Y127.938
G0 X124.272 Y116.272
G0 X129.059 Y116.2
G0 X129.059 Y116.512
;TYPE:SKIN
G1 F4888 X129.513 Y116.498 E901.26999
G1 F4958.7 X129.813 Y116.506 E901.28207
G1 F4528.3 X130.275 Y116.544 E901.3025
G0 F15000 X130.275 Y116.2
G0 X134.728 Y116.272
G0 X134.891 Y127.956
G0 X135.896 Y128.35
G0 X134.798 Y128.41
G0 X134.798 Y128.14
G1 F6000 X124.202 Y128.14 E901.65492
G1 X124.288 Y128.045 E901.65918
G1 X124.408 Y127.801 E901.66823
G1 X124.458 Y127.521 E901.67769
G1 X124.46 Y116.46 E902.04558
G1 X128.374 Y116.46 E902.17576
G1 F5853.7 X128.736 Y116.47 E902.1881
G1 F5183.6 X129.059 Y116.512 E902.20064
G1 F5298 X128.418 Y116.737 E902.22623
G1 F6000 X128.008 Y116.932 E902.24133
G1 X127.661 Y117.176 E902.25544
G1 X127.377 Y117.431 E902.26814
G1 X127.107 Y117.752 E902.28209
G1 X126.901 Y118.077 E902.29489
G1 X126.776 Y118.326 E902.30415
G1 X126.626 Y118.741 E902.31883
G1 X126.555 Y119.153 E902.33273
G1 X126.536 Y119.567 E902.34652
G1 X126.56 Y119.903 E902.35772
G1 X126.619 Y120.208 E902.36806
G1 X126.737 Y120.574 E902.38085
G1 X126.894 Y120.913 E902.39327
G1 X127.112 Y121.25 E902.40662
G1 X127.354 Y121.541 E902.41921
G1 X127.657 Y121.817 E902.43284
G1 X127.973 Y122.037 E902.44565
G1 X128.339 Y122.23 E902.45941
G1 X128.798 Y122.378 E902.47545
G1 X129.15 Y122.438 E902.48733
G1 X129.494 Y122.456 E902.49878
G1 X129.923 Y122.43 E902.51308
G1 X130.208 Y122.373 E902.52274
G1 X130.564 Y122.264 E902.53513
G1 X130.939 Y122.082 E902.54899
G1 X131.243 Y121.89 E902.56095
G1 X131.585 Y121.606 E902.57574
G1 X131.812 Y121.347 E902.58719
G1 X132.029 Y121.034 E902.59986
G1 X132.234 Y120.645 E902.61448
G1 X132.367 Y120.228 E902.62904
G1 X132.429 Y119.928 E902.63923
G1 X132.46 Y119.507 E902.65327
G1 X132.438 Y119.158 E902.6649
G1 X132.378 Y118.802 E902.67691
G1 X132.243 Y118.378 E902.69171
G1 X132.078 Y118.045 E902.70407
G1 X131.866 Y117.709 E902.71728
G1 X131.56 Y117.372 E902.73242
G1 X131.274 Y117.127 E902.74495
G1 X130.917 Y116.9 E902.75902
G1 X130.656 Y116.773 E902.76867
G1 F4958.7 X130.275 Y116.544 E902.78656
G1 X130.713 Y116.46 E902.80451
G1 F6000 X134.54 Y116.46 E902.9318
G1 X134.541 Y127.518 E903.29959
G1 X134.589 Y127.803 E903.3092
G1 X134.713 Y128.047 E903.31831
G1 X134.798 Y128.14 E903.3225
G0 F15000 X134.798 Y128.41
G0 X124.656 Y128.4
G0 X124.656 Y127.484
G1 F6000 X125.111 Y127.94 E903.34392
G0 F15000 X125.677 Y127.94
G1 F6000 X124.656 Y126.919 E903.39195
G0 F15000 X124.656 Y126.353
G1 F6000 X126.243 Y127.94 E903.46659
G0 F15000 X126.808 Y127.94
G1 F6000 X124.657 Y125.788 E903.56779
G0 F15000 X124.657 Y125.222
G1 F6000 X127.374 Y127.94 E903.69562
G0 F15000 X127.94 Y127.94
G1 F6000 X124.657 Y124.657 E903.85004
G0 F15000 X124.657 Y124.092
G1 F6000 X128.505 Y127.94 E904.03104
G0 F15000 X129.071 Y127.94
G1 F6000 X124.657 Y123.526 E904.23866
G0 F15000 X124.657 Y122.96
G1 F6000 X129.637 Y127.94 E904.4729
G0 F15000 X130.202 Y127.94
G1 F6000 X124.657 Y122.395 E904.73372
G0 F15000 X124.658 Y121.83
G1 F6000 X130.768 Y127.94 E905.02112
G0 F15000 X131.334 Y127.94
G1 F6000 X124.658 Y121.264 E905.33514
G0 F15000 X124.658 Y120.698
G1 F6000 X131.899 Y127.94 E905.67575
G0 F15000 X132.465 Y127.94
G1 F6000 X124.659 Y120.133 E906.04295
G0 F15000 X124.659 Y119.568
G1 F6000 X133.031 Y127.94 E906.43674
G0 F15000 X133.597 Y127.94
G1 F6000 X127.856 Y122.199 E906.70678
G0 F15000 X128.112 Y121.817
G0 X128.885 Y122.128
G0 X128.804 Y122.582
G1 F6000 X134.162 Y127.94 E906.9588
G0 F15000 X134.348 Y127.56
G1 F6000 X129.44 Y122.652 E907.18966
G0 F15000 X129.978 Y122.624
G1 F6000 X134.34 Y126.986 E907.39484
G0 F15000 X134.34 Y126.421
G1 F6000 X130.433 Y122.513 E907.57863
G0 F15000 X130.837 Y122.352
G1 F6000 X134.34 Y125.855 E907.7434
G0 F15000 X134.34 Y125.289
G1 F6000 X131.203 Y122.152 E907.89096
G0 F15000 X131.529 Y121.912
G1 F6000 X134.34 Y124.724 E908.0232
G0 F15000 X134.34 Y124.158
G1 F6000 X131.82 Y121.637 E908.14176
G0 F15000 X132.072 Y121.324
G1 F6000 X134.34 Y123.592 E908.24844
G0 F15000 X134.34 Y123.027
G1 F6000 X132.286 Y120.973 E908.34505
G0 F15000 X132.462 Y120.582
G1 F6000 X134.34 Y122.461 E908.43341
G0 F15000 X134.34 Y121.895
G1 F6000 X132.588 Y120.143 E908.51582
G0 F15000 X132.648 Y119.637
G1 F6000 X134.34 Y121.33 E908.59543
G0 F15000 X134.34 Y120.764
G1 F6000 X132.619 Y119.043 E908.67638
G0 F15000 X132.409 Y118.266
G1 F6000 X134.34 Y120.198 E908.76723
G0 F15000 X134.34 Y119.633
G1 F6000 X131.368 Y116.66 E908.90705
G0 F15000 X131.933 Y116.66
G1 F6000 X134.34 Y119.067 E909.02027
G0 F15000 X134.34 Y118.501
G1 F6000 X132.499 Y116.66 E909.10686
G0 F15000 X133.065 Y116.66
G1 F6000 X134.34 Y117.936 E909.16686
G0 F15000 X134.34 Y117.37
G1 F6000 X133.63 Y116.66 E909.20025
G0 F15000 X134.196 Y116.66
G1 F6000 X134.34 Y116.804 E909.20703
G1 F2400 E908.70703
G0 F15000 X134.8 Y116.804
G0 X134.7 Y117.304
G0 X131.712 Y117.805
G0 X127.672 Y116.924
G1 F2400 E909.20703
G1 F6000 X127.408 Y116.66 E909.21945
G0 F15000 X127.36 Y117.177
G1 F6000 X126.842 Y116.66 E909.24379
G0 F15000 X126.277 Y116.66
G1 F6000 X127.086 Y117.47 E909.28186
G0 F15000 X126.843 Y117.792
G1 F6000 X125.711 Y116.66 E909.33511
G0 F15000 X125.145 Y116.66
G1 F6000 X126.639 Y118.154 E909.40538
G0 F15000 X126.482 Y118.562
G1 F6000 X124.659 Y116.74 E909.49111
G0 F15000 X124.659 Y117.305
G1 F6000 X126.377 Y119.023 E909.57192
G0 F15000 X126.337 Y119.548
G1 F6000 X124.659 Y117.871 E909.65082
G0 F15000 X124.659 Y118.437
G1 F6000 X126.412 Y120.19 E909.73328
G0 F15000 X126.866 Y120.102
G0 X127.202 Y120.911
G0 X126.817 Y121.161
G1 F6000 X124.659 Y119.002 E909.83481
G1 F2400 E909.33481
G0 F15000 X124.2 Y119.002
G0 X124.109 Y127.957
G0 X114.062 Y130.062
G0 X114.062 Y169.938
G0 X135.79 Y171.637
G0 X135.058 Y172.03
G0 X134.8 Y183.54
G0 X134.54 Y183.54
G1 F2400 E909.83481
G1 F6000 X130.658 Y183.54 E909.96392
G1 F5839.4 X130.253 Y183.529 E909.97777
G1 F5128.2 X129.932 Y183.485 E909.99038
G1 F5251.6 X130.564 Y183.264 E910.01582
G1 F6000 X130.92 Y183.092 E910.02897
G1 X131.243 Y182.89 E910.04164
G1 X131.585 Y182.606 E910.05642
G1 X131.812 Y182.347 E910.06788
G1 X132.029 Y182.034 E910.08055
G1 X132.234 Y181.645 E910.09517
G1 X132.367 Y181.228 E910.10973
G1 X132.429 Y180.928 E910.11992
G1 X132.46 Y180.507 E910.13396
G1 X132.438 Y180.158 E910.14559
G1 X132.378 Y179.802 E910.1576
G1 X132.243 Y179.374 E910.17252
G1 X132.042 Y178.983 E910.18715
G1 X131.891 Y178.753 E910.1963
G1 X131.642 Y178.452 E910.20929
G1 X131.336 Y178.181 E910.22289
G1 X130.969 Y177.918 E910.2379
G1 X130.685 Y177.786 E910.24832
G1 X130.264 Y177.631 E910.26324
G1 X129.944 Y177.567 E910.27409
G1 X129.51 Y177.536 E910.28857
G1 X129.069 Y177.562 E910.30326
G1 X128.529 Y177.684 E910.32167
G1 X128.033 Y177.923 E910.33999
G1 X127.662 Y178.175 E910.3549
G1 X127.377 Y178.432 E910.36767
G1 X127.107 Y178.752 E910.38159
G1 X126.901 Y179.077 E910.39439
G1 X126.785 Y179.305 E910.4029
G1 X126.626 Y179.741 E910.41833
G1 X126.555 Y180.153 E910.43224
G1 X126.536 Y180.497 E910.4437
G1 X126.56 Y180.901 E910.45716
G1 X126.619 Y181.208 E910.46756
G1 X126.746 Y181.593 E910.48104
G1 X126.894 Y181.909 E910.49265
G1 X127.116 Y182.254 E910.50629
G1 X127.414 Y182.605 E910.52161
G1 X127.734 Y182.877 E910.53557
G1 X128.047 Y183.081 E910.548
G1 X128.405 Y183.253 E910.56121
G1 F5985 X128.673 Y183.343 E910.57064
G1 F5217.4 X129.033 Y183.481 E910.58538
G1 X128.642 Y183.538 E910.6005
G1 F5985 X124.46 Y183.54 E910.73994
G1 F6000 X124.46 Y172.504 E911.107
G1 X124.422 Y172.223 E911.11643
G1 X124.287 Y171.954 E911.12644
G1 X124.202 Y171.86 E911.13065
G1 X134.798 Y171.86 E911.48308
G1 X134.714 Y171.951 E911.4872
G1 X134.59 Y172.192 E911.49621
G1 X134.541 Y172.478 E911.50586
G1 X134.54 Y183.54 E911.87379
G0 F15000 X134.8 Y183.54
G0 X129.932 Y183.8
G0 X129.932 Y183.485
G1 F4800 X129.484 Y183.498 E911.89242
G1 F4780.9 X129.033 Y183.481 E911.91126
G1 F2400 E911.41126
G0 F15000 X129.101 Y183.172
G0 X128.146 Y182.929
G0 X124.3 Y182.929
G0 X124.66 Y182.926
G1 F2400 E911.91126
G1 F6000 X125.074 Y183.34 E911.93073
G0 F15000 X125.64 Y183.34
G1 F6000 X124.66 Y182.36 E911.97683
G0 F15000 X124.66 Y181.794
G1 F6000 X126.206 Y183.34 E912.04955
G0 F15000 X126.772 Y183.34
G1 F6000 X124.66 Y181.229 E912.14887
G0 F15000 X124.66 Y180.663
G1 F6000 X127.337 Y183.34 E912.27478
G0 F15000 X127.508 Y182.945
G1 F6000 X127.903 Y183.34 E912.29336
G0 F15000 X127.903 Y183.8
G0 X127.411 Y183.7
G0 X127.852 Y182.742
G0 X127.061 Y182.499
G1 F6000 X124.66 Y180.097 E912.40632
G0 F15000 X124.66 Y179.532
G1 F6000 X126.447 Y181.318 E912.49035
G0 F15000 X126.346 Y180.652
G1 F6000 X124.66 Y178.966 E912.56966
G0 F15000 X124.66 Y178.4
G1 F6000 X126.363 Y180.103 E912.64976
G0 F15000 X126.457 Y179.631
G1 F6000 X124.66 Y177.835 E912.73426
G0 F15000 X124.66 Y177.269
G1 F6000 X126.607 Y179.216 E912.82585
G0 F15000 X126.808 Y178.851
G1 F6000 X124.66 Y176.703 E912.92688
G0 F15000 X124.66 Y176.137
G1 F6000 X127.042 Y178.52 E913.03895
G0 F15000 X127.312 Y178.224
G1 F6000 X124.66 Y175.572 E913.16369
G0 F15000 X124.66 Y175.006
G1 F6000 X127.617 Y177.963 E913.30278
G0 F15000 X127.957 Y177.738
G1 F6000 X124.66 Y174.44 E913.45788
G0 F15000 X124.66 Y173.875
G1 F6000 X128.34 Y177.555 E913.63098
G0 F15000 X128.775 Y177.424
G1 F6000 X124.66 Y173.309 E913.82453
G0 F15000 X124.66 Y172.743
G1 F6000 X129.268 Y177.351 E914.04128
G0 F15000 X129.84 Y177.357
G1 F6000 X124.575 Y172.093 E914.28891
G0 F15000 X125.108 Y172.06
G1 F6000 X130.586 Y177.538 E914.54657
G0 F15000 X130.428 Y177.965
G0 X132.027 Y179.55
G0 X132.462 Y179.413
G1 F6000 X134.341 Y181.293 E914.63498
G0 F15000 X134.341 Y181.859
G1 F6000 X132.638 Y180.156 E914.71508
G0 F15000 X132.643 Y180.726
G1 F6000 X134.341 Y182.424 E914.79495
G0 F15000 X134.341 Y182.99
G1 F6000 X132.572 Y181.221 E914.87816
G0 F15000 X132.438 Y181.653
G1 F6000 X134.125 Y183.34 E914.95751
G0 F15000 X133.56 Y183.34
G1 F6000 X132.254 Y182.034 E915.01894
G0 F15000 X132.032 Y182.378
G1 F6000 X132.994 Y183.34 E915.06419
G0 F15000 X132.428 Y183.34
G1 F6000 X131.776 Y182.687 E915.09488
G0 F15000 X131.477 Y182.955
G1 F6000 X131.863 Y183.34 E915.11302
G0 F15000 X131.297 Y183.34
G1 F6000 X131.145 Y183.188 E915.12017
G1 F2400 E914.62017
G0 F15000 X130.899 Y182.803
G0 X132.075 Y181.562
G0 X134.7 Y181.562
G0 X134.341 Y180.727
G1 F2400 E915.12017
G1 F6000 X125.673 Y172.06 E915.52786
G0 F15000 X126.239 Y172.06
G1 F6000 X134.342 Y180.162 E915.90898
G0 F15000 X134.342 Y179.597
G1 F6000 X126.805 Y172.06 E916.26349
G0 F15000 X127.37 Y172.06
G1 F6000 X134.342 Y179.031 E916.59141
G0 F15000 X134.342 Y178.465
G1 F6000 X127.936 Y172.06 E916.89271
G0 F15000 X128.502 Y172.06
G1 F6000 X134.342 Y177.9 E917.1674
G0 F15000 X134.343 Y177.335
G1 F6000 X129.067 Y172.06 E917.41554
G0 F15000 X129.633 Y172.06
G1 F6000 X134.343 Y176.769 E917.63707
G0 F15000 X134.343 Y176.203
G1 F6000 X130.199 Y172.06 E917.83196
G0 F15000 X130.765 Y172.06
G1 F6000 X134.343 Y175.638 E918.00026
G0 F15000 X134.343 Y175.073
G1 F6000 X131.33 Y172.06 E918.14198
G0 F15000 X131.896 Y172.06
G1 F6000 X134.343 Y174.507 E918.25708
G0 F15000 X134.343 Y173.941
G1 F6000 X132.462 Y172.06 E918.34556
G0 F15000 X133.027 Y172.06
G1 F6000 X134.343 Y173.376 E918.40746
G0 F15000 X134.343 Y172.81
G1 F6000 X133.593 Y172.06 E918.44274
G0 F15000 X134.159 Y172.06
G1 F6000 X134.382 Y172.283 E918.45323
G1 F2400 E917.95323
G0 F15000 X134.382 Y171.6
G0 X176.938 Y172.062
G0 X177.3 Y175.15
G0 X181.721 Y175.394
G0 X187.487 Y175.091
G1 F2400 E918.45323
G1 F4868.2 X187.5 Y175.509 E918.47037
G1 F4848.5 X187.485 Y175.928 E918.48763
G0 F15000 X187.174 Y175.881
G0 X186.143 Y177.64
G0 X186.503 Y178.163
G1 F6760.6 X186.861 Y177.859 E918.50149
G1 X187.163 Y177.518 E918.51494
G1 X187.163 Y178.163 E918.53398
G1 X186.503 Y178.163 E918.55346
G0 F15000 X185.662 Y178.54
G1 F5825.2 X185.251 Y178.527 E918.56754
G1 F5117.3 X184.939 Y178.483 E918.57983
G1 F5251.6 X185.648 Y178.23 E918.60844
G1 F6000 X186.012 Y178.042 E918.62206
G1 X186.326 Y177.83 E918.63467
G1 X186.594 Y177.594 E918.64654
G1 X186.814 Y177.345 E918.65759
G1 X187.042 Y177.013 E918.67099
G1 X187.202 Y176.705 E918.68253
G1 F5274.7 X187.485 Y175.928 E918.71382
G1 X187.54 Y176.332 E918.72924
G1 F6000 X187.54 Y178.54 E918.80268
G1 X185.662 Y178.54 E918.86515
G0 F15000 X184.939 Y178.483
G1 F4800 X184.484 Y178.498 E918.88407
G1 F4780.9 X184.033 Y178.481 E918.90291
G1 F2400 E918.40291
G0 F15000 X184.101 Y178.172
G0 X182.852 Y177.742
G0 X182.852 Y178.7
G0 X177.46 Y178.54
G1 F2400 E918.90291
G1 F6000 X177.46 Y172.375 E919.10796
G1 X177.373 Y172.103 E919.11746
G1 X177.21 Y171.86 E919.12719
G1 X180.703 Y171.861 E919.24337
G1 X180.784 Y171.818 E919.24642
G1 X180.859 Y171.683 E919.25155
G1 X180.86 Y168.21 E919.36707
G1 X181.103 Y168.373 E919.3768
G1 X181.378 Y168.46 E919.38639
G1 X187.54 Y168.46 E919.59134
G1 X187.54 Y174.535 E919.7934
G1 F5298 X187.487 Y175.091 E919.81443
G1 X187.305 Y174.512 E919.8373
G1 F6000 X187.082 Y174.057 E919.85415
G1 X186.894 Y173.757 E919.86592
G1 X186.637 Y173.45 E919.87924
G1 X186.343 Y173.18 E919.89252
G1 X185.99 Y172.935 E919.90681
G1 X185.666 Y172.776 E919.91881
G1 X185.254 Y172.626 E919.9334
G1 X184.834 Y172.554 E919.94757
G1 X184.511 Y172.536 E919.95833
G1 X184.069 Y172.562 E919.97306
G1 X183.666 Y172.653 E919.9868
G1 X183.294 Y172.79 E919.99998
G1 X182.982 Y172.954 E920.01171
G1 X182.708 Y173.138 E920.02268
G1 X182.411 Y173.398 E920.03581
G1 X182.136 Y173.706 E920.04954
G1 X181.968 Y173.962 E920.05973
G1 X181.79 Y174.299 E920.0724
G1 X181.638 Y174.71 E920.08698
G1 X181.555 Y175.151 E920.1019
G1 X181.536 Y175.493 E920.1133
G1 X181.562 Y175.923 E920.12763
G1 X181.619 Y176.208 E920.13729
G1 X181.738 Y176.571 E920.15
G1 X181.894 Y176.909 E920.16238
G1 X182.116 Y177.254 E920.17602
G1 X182.414 Y177.605 E920.19134
G1 X182.734 Y177.877 E920.20531
G1 X183.047 Y178.081 E920.21773
G1 X183.405 Y178.253 E920.23094
G1 F5985 X183.673 Y178.343 E920.24037
G1 F5217.4 X184.033 Y178.481 E920.25512
G1 X183.642 Y178.538 E920.27023
G1 F5985 X177.46 Y178.54 E920.47636
G0 F15000 X177.66 Y178.226
G1 F6000 X177.774 Y178.34 E920.48172
G0 F15000 X178.34 Y178.34
G1 F6000 X177.66 Y177.66 E920.51371
G0 F15000 X177.66 Y177.094
G1 F6000 X178.906 Y178.34 E920.57231
G0 F15000 X179.471 Y178.34
G1 F6000 X177.66 Y176.529 E920.6575
G0 F15000 X177.66 Y175.963
G1 F6000 X180.037 Y178.34 E920.7693
G0 F15000 X180.603 Y178.34
G1 F6000 X177.66 Y175.397 E920.90773
G0 F15000 X177.66 Y174.831
G1 F6000 X181.169 Y178.34 E921.07279
G0 F15000 X181.734 Y178.34
G1 F6000 X177.66 Y174.266 E921.26442
G0 F15000 X177.66 Y173.7
G1 F6000 X182.3 Y178.34 E921.48267
G0 F15000 X182.866 Y178.34
G1 F6000 X177.66 Y173.134 E921.72754
G0 F15000 X177.66 Y172.569
G1 F6000 X181.464 Y176.373 E921.90647
G0 F15000 X181.35 Y175.693
G1 F6000 X177.717 Y172.06 E922.07735
G0 F15000 X178.283 Y172.06
G1 F6000 X181.357 Y175.134 E922.22195
G0 F15000 X181.446 Y174.658
G1 F6000 X178.848 Y172.06 E922.34415
G0 F15000 X179.413 Y172.059
G1 F6000 X181.599 Y174.245 E922.44697
G0 F15000 X181.791 Y173.872
G1 F6000 X179.978 Y172.058 E922.53227
G0 F15000 X180.543 Y172.058
G1 F6000 X182.023 Y173.537 E922.60186
G0 F15000 X182.289 Y173.238
G1 F6000 X180.961 Y171.91 E922.66433
G0 F15000 X181.058 Y171.442
G1 F6000 X182.593 Y172.977 E922.73653
G0 F15000 X182.935 Y172.753
G1 F6000 X181.059 Y170.877 E922.82477
G0 F15000 X181.059 Y170.311
G1 F6000 X183.317 Y172.569 E922.93098
G0 F15000 X183.745 Y172.431
G1 F6000 X181.06 Y169.746 E923.05728
G0 F15000 X181.06 Y169.181
G1 F6000 X184.232 Y172.353 E923.20648
G0 F15000 X184.797 Y172.352
G1 F6000 X181.06 Y168.615 E923.38225
G0 F15000 X181.671 Y168.66
G1 F6000 X185.526 Y172.515 E923.56358
G1 F2400 E923.06358
G0 F15000 X185.367 Y172.943
G0 X186.504 Y173.569
G0 X187.7 Y173.569
G0 X187.34 Y172.632
G1 F2400 E923.56358
G1 F6000 X183.368 Y168.66 E923.75041
G0 F15000 X183.933 Y168.66
G1 F6000 X187.34 Y172.067 E923.91067
G0 F15000 X187.34 Y171.501
G1 F6000 X184.499 Y168.66 E924.0443
G0 F15000 X185.065 Y168.66
G1 F6000 X187.34 Y170.935 E924.15131
G0 F15000 X187.34 Y170.37
G1 F6000 X185.63 Y168.66 E924.23174
G0 F15000 X186.196 Y168.66
G1 F6000 X187.34 Y169.804 E924.28555
G0 F15000 X187.34 Y169.238
G1 F6000 X186.762 Y168.66 E924.31274
G0 F15000 X186.762 Y168.2
G0 X182.802 Y168.2
G0 X182.802 Y168.66
G1 F6000 X187.34 Y173.198 E924.52619
G0 F15000 X187.34 Y173.764
G1 F6000 X182.236 Y168.66 E924.76627
G1 F2400 E924.26627
G0 F15000 X182.236 Y168.2
G0 X181.062 Y167.938
G0 X181.062 Y132.062
G0 X187.728 Y131.728
G0 X187.728 Y121.272
G0 X184.059 Y121.2
G0 X184.059 Y121.512
G1 F2400 E924.76627
G1 F4888 X184.513 Y121.498 E924.78481
G1 F4958.7 X184.813 Y121.506 E924.79689
G1 F4528.3 X185.275 Y121.544 E924.81732
G1 F2400 E924.31732
G0 F15000 X185.275 Y121.2
G0 X186.651 Y121.3
G0 X186.469 Y122.532
G0 X187.163 Y122.484
G1 F2400 E924.81732
G1 F6760.6 X186.878 Y122.158 E924.8301
G1 X186.504 Y121.837 E924.84465
G1 X187.163 Y121.837 E924.8641
G1 X187.163 Y122.484 E924.8832
G0 F15000 X186.651 Y122.857
G0 X187.181 Y124.15
G0 X187.487 Y124.091
G1 F5298 X187.305 Y123.518 E924.90585
G1 F6000 X187.093 Y123.07 E924.92233
G1 X186.865 Y122.711 E924.93648
G1 X186.591 Y122.403 E924.95019
G1 X186.253 Y122.115 E924.96496
G1 X185.937 Y121.911 E924.97747
G1 X185.656 Y121.773 E924.98788
G1 F4958.7 X185.275 Y121.544 E925.00577
G1 X185.713 Y121.46 E925.02372
G1 F6000 X187.54 Y121.46 E925.08448
G1 X187.54 Y123.539 E925.15363
G1 F5298 X187.487 Y124.091 E925.17452
G1 F4868.2 X187.5 Y124.509 E925.19166
G1 F4848.5 X187.485 Y124.928 E925.20892
G1 F2400 E924.70892
G0 F15000 X187.174 Y124.881
G0 X186.235 Y126.235
G0 X185.776 Y126.585
G0 X184.192 Y127.264
G0 X183.244 Y131.74
G0 X180.991 Y131.934
G0 X180.696 Y132.539
G0 X180.59 Y131.787
G0 X180.86 Y131.787
G1 F2400 E925.20892
G1 F6000 X180.861 Y128.296 E925.32503
G1 X180.717 Y128.14 E925.33209
G1 X177.18 Y128.14 E925.44973
G1 X177.357 Y127.916 E925.45923
G1 X177.46 Y127.616 E925.46978
G1 X177.46 Y121.46 E925.67453
G1 X183.374 Y121.46 E925.87123
G1 F5853.7 X183.736 Y121.47 E925.88357
G1 F5183.6 X184.059 Y121.512 E925.89611
G1 F5298 X183.418 Y121.737 E925.9217
G1 F6000 X183.008 Y121.932 E925.9368
G1 X182.661 Y122.176 E925.95091
G1 X182.377 Y122.431 E925.96361
G1 X182.108 Y122.75 E925.97749
G1 X181.908 Y123.054 E925.98959
G1 X181.746 Y123.404 E926.00242
G1 X181.619 Y123.792 E926.01599
G1 X181.555 Y124.153 E926.02819
G1 X181.536 Y124.493 E926.03951
G1 X181.562 Y124.923 E926.05384
G1 X181.619 Y125.208 E926.06351
G1 X181.737 Y125.574 E926.0763
G1 X181.904 Y125.932 E926.08944
G1 X182.111 Y126.253 E926.10214
G1 X182.412 Y126.608 E926.11762
G1 X182.684 Y126.844 E926.1296
G1 X182.95 Y127.02 E926.14021
G1 X183.345 Y127.233 E926.15513
G1 X183.798 Y127.378 E926.17095
G1 X184.15 Y127.438 E926.18283
G1 X184.494 Y127.456 E926.19429
G1 X184.923 Y127.43 E926.20858
G1 X185.225 Y127.367 E926.21884
G1 X185.617 Y127.243 E926.23252
G1 X186.012 Y127.042 E926.24726
G1 X186.342 Y126.817 E926.26054
G1 X186.586 Y126.609 E926.27121
G1 X186.817 Y126.342 E926.28295
G1 X187.042 Y126.013 E926.29621
G1 X187.202 Y125.705 E926.30775
G1 F5274.7 X187.485 Y124.928 E926.33904
G1 X187.54 Y125.332 E926.35446
G1 F6000 X187.54 Y131.54 E926.56094
G1 X181.416 Y131.54 E926.76463
G1 X181.125 Y131.609 E926.77457
G1 X180.86 Y131.787 E926.78519
G0 F15000 X181.174 Y131.394
G1 F6000 X181.061 Y131.281 E926.79051
G0 F15000 X181.06 Y130.714
G1 F6000 X181.686 Y131.34 E926.81995
G0 F15000 X182.252 Y131.34
G1 F6000 X181.06 Y130.149 E926.876
G0 F15000 X181.06 Y129.582
G1 F6000 X182.818 Y131.34 E926.95869
G0 F15000 X183.383 Y131.34
G1 F6000 X181.059 Y129.016 E927.068
G0 F15000 X181.058 Y128.449
G1 F6000 X183.949 Y131.34 E927.20398
G0 F15000 X184.515 Y131.34
G1 F6000 X177.66 Y124.485 E927.52642
G0 F15000 X177.66 Y123.92
G1 F6000 X185.08 Y131.34 E927.87544
G0 F15000 X185.646 Y131.34
G1 F6000 X177.66 Y123.354 E928.25107
G0 F15000 X177.66 Y122.788
G1 F6000 X186.212 Y131.34 E928.65333
G0 F15000 X186.777 Y131.34
G1 F6000 X177.66 Y122.223 E929.08217
G0 F15000 X177.663 Y121.661
G1 F6000 X181.507 Y125.504 E929.26296
G0 F15000 X181.355 Y124.786
G1 F6000 X178.229 Y121.661 E929.40997
G0 F15000 X178.795 Y121.661
G1 F6000 X181.35 Y124.216 E929.53015
G0 F15000 X181.431 Y123.731
G1 F6000 X179.36 Y121.661 E929.62754
G0 F15000 X179.926 Y121.661
G1 F6000 X181.572 Y123.306 E929.70494
G0 F15000 X181.755 Y122.924
G1 F6000 X180.492 Y121.661 E929.76435
G0 F15000 X181.058 Y121.661
G1 F6000 X181.984 Y122.587 E929.8079
G0 F15000 X182.244 Y122.281
G1 F6000 X181.623 Y121.661 E929.83709
G0 F15000 X182.189 Y121.661
G1 F6000 X182.542 Y122.014 E929.85369
G0 F15000 X182.875 Y121.781
G1 F6000 X182.755 Y121.661 E929.85934
G1 F2400 E929.35934
G0 F15000 X182.755 Y121.2
G0 X183.628 Y121.3
G0 X183.786 Y121.791
G0 X183.492 Y127.489
G1 F2400 E929.85934
G1 F6000 X187.34 Y131.337 E930.04034
G0 F15000 X187.34 Y130.772
G1 F6000 X184.208 Y127.64 E930.18765
G0 F15000 X184.774 Y127.64
G1 F6000 X187.34 Y130.206 E930.30835
G0 F15000 X187.34 Y129.64
G1 F6000 X185.263 Y127.563 E930.40605
G0 F15000 X185.693 Y127.427
G1 F6000 X187.34 Y129.075 E930.48354
G0 F15000 X187.34 Y128.509
G1 F6000 X186.069 Y127.238 E930.54332
G0 F15000 X186.409 Y127.012
G1 F6000 X187.34 Y127.943 E930.58712
G0 F15000 X187.34 Y127.378
G1 F6000 X186.719 Y126.757 E930.61633
G0 F15000 X186.981 Y126.453
G1 F6000 X187.34 Y126.812 E930.63321
G0 F15000 X187.34 Y126.246
G1 F6000 X187.211 Y126.117 E930.63928
G1 F2400 E930.13928
G0 F15000 X186.813 Y125.893
G0 X185.438 Y126.766
G0 X184.819 Y126.931
G0 X184.457 Y126.931
G0 X182.808 Y126.711
G0 X183.244 Y131.74
G0 X180.991 Y131.934
G0 X180.696 Y132.539
G0 X180.549 Y128.4
G0 X180.549 Y127.94
G1 F2400 E930.63928
G1 F6000 X177.66 Y125.051 E930.77517
G0 F15000 X177.66 Y125.617
G1 F6000 X179.983 Y127.94 E930.88444
G0 F15000 X179.418 Y127.94
G1 F6000 X177.66 Y126.182 E930.96713
G0 F15000 X177.66 Y126.748
G1 F6000 X178.852 Y127.94 E931.0232
G0 F15000 X178.286 Y127.94
G1 F6000 X177.66 Y127.314 E931.05264
G0 F15000 X177.603 Y127.822
G1 F6000 X177.721 Y127.94 E931.05819
G0 F15000 X177.721 Y128.7
G1 F2400 E930.55819
;MESH:NONMESH
G0 F300 X177.721 Y128.7 Z2.8
G0 F15000 X135.062 Y127.938
G0 X135.049 Y122.153
G0 X134.7 Y122.1
G0 X131.149 Y121.738
G0 X129.501 Y122.1
;TIME_ELAPSED:1235.912788
;LAYER:13
;TYPE:WALL-INNER
;MESH:Vakuumpumpe casing (berre sk??l)V2.stl
G1 F2400 E931.05819
G1 F6000 X129.124 Y122.073 E931.07076
G1 X128.786 Y122.002 E931.08225
G1 X128.464 Y121.887 E931.09362
G1 X128.171 Y121.735 E931.1046
G1 X127.884 Y121.54 E931.11614
G1 X127.628 Y121.308 E931.12763
G1 X127.417 Y121.056 E931.13856
G1 X127.223 Y120.762 E931.15028
G1 X127.082 Y120.462 E931.1613
G1 X126.998 Y120.226 E931.16964
G1 X126.92 Y119.86 E931.18208
G1 X126.896 Y119.5 E931.19408
G1 X126.923 Y119.124 E931.20662
G1 X126.997 Y118.777 E931.21842
G1 X127.109 Y118.471 E931.22926
G1 X127.266 Y118.164 E931.24073
G1 X127.461 Y117.884 E931.25208
G1 X127.688 Y117.632 E931.26336
G1 X127.945 Y117.414 E931.27457
G1 X128.235 Y117.225 E931.28608
G1 X128.537 Y117.081 E931.29721
G1 X128.86 Y116.975 E931.30851
G1 X129.136 Y116.92 E931.31787
G1 X129.5 Y116.896 E931.33001
G1 X129.794 Y116.913 E931.3398
G1 X130.139 Y116.974 E931.35145
G1 X130.522 Y117.107 E931.36494
G1 X130.761 Y117.223 E931.37378
G1 X131.056 Y117.416 E931.3855
G1 X131.308 Y117.628 E931.39645
G1 X131.591 Y117.951 E931.41074
G1 X131.767 Y118.227 E931.42162
G1 X131.921 Y118.546 E931.43341
G1 X132.021 Y118.859 E931.44433
G1 X132.083 Y119.203 E931.45596
G1 X132.1 Y119.5 E931.46586
G1 X132.076 Y119.86 E931.47786
G1 X132.001 Y120.217 E931.48999
G1 X131.889 Y120.529 E931.50101
G1 X131.732 Y120.833 E931.51239
G1 X131.544 Y121.108 E931.52347
G1 X131.308 Y121.371 E931.53523
G1 X131.049 Y121.588 E931.54646
G1 X130.769 Y121.769 E931.55755
G1 X130.341 Y121.975 E931.57335
G1 X129.86 Y122.076 E931.5897
G1 X129.501 Y122.1 E931.60167
G1 F2400 E931.10167
G0 F15000 X130.51 Y122.092
G0 X134.74 Y125.663
G0 X135.062 Y127.938
G0 X135.519 Y127.947
G0 X136.237 Y130.052
G0 X114.062 Y130.062
G0 X114.062 Y169.938
G0 X150 Y170.41
G0 X150 Y170.1
G1 F2400 E931.60167
G1 F6000 X114.5 Y170.1 E932.7824
G1 X114.261 Y170.051 E932.79052
G1 X114.075 Y169.925 E932.79799
G1 X113.949 Y169.739 E932.80546
G1 X113.9 Y169.574 E932.81118
G1 X113.9 Y130.5 E934.11079
G1 X113.949 Y130.261 E934.11891
G1 X114.075 Y130.075 E934.12638
G1 X114.261 Y129.949 E934.13385
G1 X114.426 Y129.9 E934.13958
G1 X178.5 Y129.896 E936.27068
G1 X178.731 Y129.941 E936.27851
G1 X178.923 Y130.069 E936.28619
G1 X179.1 Y130.392 E936.29844
G1 X179.1 Y169.608 E937.60277
G1 X178.982 Y169.859 E937.61199
G1 X178.859 Y169.982 E937.61778
G1 X178.608 Y170.1 E937.627
G1 X150 Y170.1 E938.57851
G0 F15000 X150 Y170.41
G0 X150 Y171.59
G0 X150 Y171.9
G1 F6000 X176.5 Y171.9 E939.4599
G1 X176.755 Y171.956 E939.46859
G1 X176.946 Y172.097 E939.47648
G1 X177.1 Y172.429 E939.48865
G1 X177.1 Y178.9 E939.70388
G1 X187.9 Y178.9 E940.06309
G1 X187.9 Y168.1 E940.4223
G1 X181.429 Y168.1 E940.63753
G1 X181.097 Y167.946 E940.6497
G1 X180.956 Y167.754 E940.65762
G1 X180.9 Y167.575 E940.66386
G1 X180.9 Y132.5 E941.83046
G1 X180.956 Y132.245 E941.83914
G1 X181.098 Y132.054 E941.84706
G1 X181.27 Y131.945 E941.85383
G1 X181.431 Y131.9 E941.85939
G1 X187.9 Y131.9 E942.07455
G1 X187.9 Y121.1 E942.43376
G1 X177.1 Y121.1 E942.79297
G1 X177.1 Y127.569 E943.00813
G1 X177.055 Y127.731 E943.01372
G1 X176.86 Y127.98 E943.02424
G1 X176.583 Y128.1 E943.03428
G1 X135.5 Y128.1 E944.40071
G1 X135.217 Y128.03 E944.4104
G1 X135.02 Y127.86 E944.41906
G1 X134.9 Y127.62 E944.42798
G1 X134.9 Y116.1 E944.81114
G1 X124.1 Y116.1 E945.17035
G1 X124.1 Y127.62 E945.55351
G1 X123.98 Y127.861 E945.56246
G1 X123.782 Y128.03 E945.57112
G1 X123.578 Y128.1 E945.57829
G1 X112.1 Y128.1 E945.96005
G1 X112.1 Y171.9 E947.41685
G1 X123.5 Y171.9 E947.79601
G1 X123.783 Y171.97 E947.80571
G1 X123.98 Y172.14 E947.81436
G1 X124.1 Y172.379 E947.82326
G1 X124.1 Y183.9 E948.20645
G1 X134.9 Y183.9 E948.56566
G1 X134.9 Y172.379 E948.94885
G1 X135.02 Y172.14 E948.95774
G1 X135.217 Y171.97 E948.9664
G1 X135.422 Y171.9 E948.9736
G1 X150 Y171.9 E949.45847
G1 F2400 E948.95847
G0 F15000 X150 Y171.59
G0 X135.062 Y172.062
G0 X135.059 Y182.831
G0 X134.7 Y183.1
G0 X130.849 Y182.931
G0 X129.5 Y183.1
G1 F2400 E949.45847
G1 F6000 X129.123 Y183.073 E949.47104
G1 X128.859 Y183.021 E949.47999
G1 X128.463 Y182.887 E949.49389
G1 X128.171 Y182.734 E949.50486
G1 X127.951 Y182.591 E949.51358
G1 X127.688 Y182.368 E949.52505
G1 X127.416 Y182.056 E949.53882
G1 X127.223 Y181.762 E949.55052
G1 X127.082 Y181.462 E949.56154
G1 X126.998 Y181.226 E949.56987
G1 X126.92 Y180.86 E949.58232
G1 X126.896 Y180.5 E949.59432
G1 X126.923 Y180.124 E949.60686
G1 X126.997 Y179.777 E949.61866
G1 X127.109 Y179.471 E949.6295
G1 X127.225 Y179.235 E949.63824
G1 X127.46 Y178.884 E949.65229
G1 X127.688 Y178.633 E949.66357
G1 X127.884 Y178.46 E949.67227
G1 X128.235 Y178.225 E949.68632
G1 X128.537 Y178.081 E949.69744
G1 X128.86 Y177.975 E949.70875
G1 X129.136 Y177.92 E949.71811
G1 X129.5 Y177.896 E949.73024
G1 X129.871 Y177.922 E949.74261
G1 X130.226 Y177.998 E949.75469
G1 X130.522 Y178.107 E949.76518
G1 X130.84 Y178.269 E949.77705
G1 X131.108 Y178.457 E949.78794
G1 X131.367 Y178.688 E949.79948
G1 X131.591 Y178.951 E949.81097
G1 X131.767 Y179.228 E949.82189
G1 X131.921 Y179.546 E949.83364
G1 X132.021 Y179.859 E949.84457
G1 X132.083 Y180.203 E949.85619
G1 X132.1 Y180.5 E949.86609
G1 X132.076 Y180.86 E949.87809
G1 X132.001 Y181.217 E949.89022
G1 X131.889 Y181.529 E949.90125
G1 X131.732 Y181.833 E949.91263
G1 X131.543 Y182.108 E949.92372
G1 X131.308 Y182.372 E949.93548
G1 X131.049 Y182.588 E949.9467
G1 X130.769 Y182.769 E949.95779
G1 X130.453 Y182.921 E949.96945
G1 X130.139 Y183.022 E949.98042
G1 X129.86 Y183.076 E949.98987
G1 X129.5 Y183.1 E950.00187
G1 F2400 E949.50187
G0 F15000 X129.766 Y183.005
G0 X131.68 Y182.226
G0 X182.852 Y177.742
G0 X184.5 Y178.1
G1 F2400 E950.00187
G1 F6000 X184.123 Y178.073 E950.01444
G1 X183.859 Y178.021 E950.02339
G1 X183.463 Y177.887 E950.0373
G1 X183.171 Y177.734 E950.04826
G1 X182.951 Y177.591 E950.05699
G1 X182.688 Y177.368 E950.06846
G1 X182.416 Y177.056 E950.08222
G1 X182.223 Y176.762 E950.09392
G1 X182.082 Y176.462 E950.10495
G1 X181.974 Y176.139 E950.11627
G1 X181.92 Y175.86 E950.12573
G1 X181.896 Y175.5 E950.13773
G1 X181.923 Y175.124 E950.15026
G1 X181.997 Y174.777 E950.16206
G1 X182.109 Y174.471 E950.1729
G1 X182.266 Y174.165 E950.18434
G1 X182.436 Y173.914 E950.19442
G1 X182.659 Y173.659 E950.20569
G1 X182.914 Y173.436 E950.21696
G1 X183.235 Y173.225 E950.22973
G1 X183.537 Y173.081 E950.24086
G1 X183.859 Y172.975 E950.25214
G1 X184.136 Y172.92 E950.26153
G1 X184.5 Y172.896 E950.27366
G1 X184.794 Y172.913 E950.28346
G1 X185.226 Y172.998 E950.2981
G1 X185.462 Y173.082 E950.30643
G1 X185.762 Y173.223 E950.31746
G1 X186.108 Y173.456 E950.33133
G1 X186.368 Y173.688 E950.34292
G1 X186.591 Y173.951 E950.35439
G1 X186.767 Y174.228 E950.36531
G1 X186.922 Y174.545 E950.37704
G1 X187.002 Y174.785 E950.38546
G1 X187.073 Y175.123 E950.39694
G1 X187.1 Y175.5 E950.40952
G1 X187.074 Y175.871 E950.42189
G1 X187.001 Y176.217 E950.43365
G1 X186.889 Y176.529 E950.44467
G1 X186.732 Y176.833 E950.45605
G1 X186.543 Y177.108 E950.46715
G1 X186.341 Y177.341 E950.47741
G1 X186.049 Y177.588 E950.49013
G1 X185.769 Y177.769 E950.50122
G1 X185.453 Y177.921 E950.51288
G1 X185.139 Y178.022 E950.52385
G1 X184.86 Y178.076 E950.5333
G1 X184.5 Y178.1 E950.5453
G1 F2400 E950.0453
G0 F15000 X183.275 Y177.624
G0 X182.765 Y177.235
G0 X182.376 Y176.725
G0 X182.131 Y176.134
G0 X182.046 Y175.5
G0 X182.131 Y174.866
G0 X182.376 Y174.275
G0 X182.765 Y173.765
G0 X183.054 Y173.545
G0 X184.5 Y172.716
G0 X184.5 Y127.28
G0 X184.5 Y127.1
G1 F2400 E950.5453
G1 F6000 X184.123 Y127.073 E950.55787
G1 X183.786 Y127.002 E950.56933
G1 X183.546 Y126.922 E950.57774
G1 X183.227 Y126.767 E950.58954
G1 X182.917 Y126.567 E950.60181
G1 X182.657 Y126.339 E950.61331
G1 X182.457 Y126.108 E950.62347
G1 X182.263 Y125.832 E950.63469
G1 X182.082 Y125.462 E950.64839
G1 X181.974 Y125.139 E950.65972
G1 X181.92 Y124.86 E950.66917
G1 X181.896 Y124.5 E950.68117
G1 X181.923 Y124.124 E950.69371
G1 X181.997 Y123.777 E950.70551
G1 X182.109 Y123.471 E950.71635
G1 X182.266 Y123.164 E950.72782
G1 X182.461 Y122.884 E950.73917
G1 X182.688 Y122.632 E950.75045
G1 X182.945 Y122.414 E950.76166
G1 X183.235 Y122.225 E950.77317
G1 X183.537 Y122.081 E950.7843
G1 X183.86 Y121.975 E950.79561
G1 X184.136 Y121.92 E950.80497
G1 X184.5 Y121.896 E950.8171
G1 X184.794 Y121.913 E950.82689
G1 X185.139 Y121.974 E950.83855
G1 X185.522 Y122.107 E950.85203
G1 X185.761 Y122.223 E950.86087
G1 X186.056 Y122.416 E950.87259
G1 X186.341 Y122.659 E950.88505
G1 X186.591 Y122.951 E950.89783
G1 X186.767 Y123.228 E950.90875
G1 X186.922 Y123.545 E950.92049
G1 X187.002 Y123.785 E950.9289
G1 X187.073 Y124.123 E950.94039
G1 X187.1 Y124.5 E950.95296
G1 X187.074 Y124.871 E950.96533
G1 X187.001 Y125.217 E950.97709
G1 X186.889 Y125.529 E950.98812
G1 X186.732 Y125.833 E950.9995
G1 X186.543 Y126.108 E951.01059
G1 X186.308 Y126.371 E951.02232
G1 X186.108 Y126.544 E951.03112
G1 X185.833 Y126.732 E951.0422
G1 X185.529 Y126.889 E951.05358
G1 X185.217 Y127.001 E951.0646
G1 X184.86 Y127.076 E951.07674
G1 X184.5 Y127.1 E951.08874
G0 F15000 X184.487 Y126.7
;TYPE:WALL-OUTER
G1 F6000 X184.201 Y126.681 E951.09827
G1 X183.912 Y126.622 E951.10808
G1 X183.645 Y126.531 E951.11746
G1 X183.409 Y126.411 E951.12627
G1 X183.159 Y126.248 E951.1362
G1 X182.941 Y126.057 E951.14584
G1 X182.747 Y125.83 E951.15577
G1 X182.583 Y125.588 E951.16549
G1 X182.467 Y125.348 E951.17436
G1 X182.367 Y125.063 E951.1844
G1 X182.314 Y124.791 E951.19362
G1 X182.296 Y124.487 E951.20375
G1 X182.315 Y124.201 E951.21328
G1 X182.367 Y123.937 E951.22223
G1 X182.468 Y123.647 E951.23244
G1 X182.584 Y123.411 E951.24119
G1 X182.761 Y123.148 E951.25173
G1 X182.952 Y122.933 E951.2613
G1 X183.168 Y122.746 E951.2708
G1 X183.411 Y122.584 E951.28052
G1 X183.669 Y122.459 E951.29005
G1 X183.937 Y122.367 E951.29948
G1 X184.205 Y122.314 E951.30856
G1 X184.513 Y122.296 E951.31882
G1 X184.794 Y122.315 E951.32819
G1 X185.092 Y122.375 E951.3383
G1 X185.348 Y122.467 E951.34735
G1 X185.587 Y122.583 E951.35618
G1 X185.83 Y122.746 E951.36592
G1 X186.058 Y122.942 E951.37592
G1 X186.256 Y123.17 E951.38596
G1 X186.411 Y123.409 E951.39544
G1 X186.531 Y123.645 E951.40424
G1 X186.629 Y123.937 E951.41449
G1 X186.684 Y124.227 E951.4243
G1 X186.7 Y124.5 E951.4334
G1 X186.681 Y124.795 E951.44323
G1 X186.597 Y125.216 E951.45751
G1 X186.399 Y125.611 E951.47221
G1 X186.24 Y125.847 E951.48167
G1 X186.047 Y126.068 E951.49143
G1 X185.827 Y126.255 E951.50103
G1 X185.59 Y126.411 E951.51047
G1 X185.325 Y126.542 E951.5203
G1 X185.063 Y126.629 E951.52948
G1 X184.791 Y126.682 E951.5387
G1 X184.487 Y126.7 E951.54883
G1 F2400 E951.04883
G0 F15000 X184.466 Y127.01
G0 X184.5 Y127.28
G0 X184.5 Y172.716
G0 X184.487 Y177.7
G1 F2400 E951.54883
G1 F6000 X184.201 Y177.681 E951.55836
G1 X183.912 Y177.622 E951.56817
G1 X183.645 Y177.531 E951.57755
G1 X183.39 Y177.4 E951.58709
G1 X183.148 Y177.239 E951.59676
G1 X182.932 Y177.047 E951.60637
G1 X182.746 Y176.83 E951.61588
G1 X182.583 Y176.588 E951.62558
G1 X182.459 Y176.328 E951.63516
G1 X182.367 Y176.063 E951.64449
G1 X182.314 Y175.791 E951.65371
G1 X182.296 Y175.487 E951.66384
G1 X182.315 Y175.201 E951.67337
G1 X182.367 Y174.937 E951.68232
G1 X182.468 Y174.647 E951.69253
G1 X182.584 Y174.411 E951.70128
G1 X182.753 Y174.158 E951.7114
G1 X182.942 Y173.942 E951.72094
G1 X183.158 Y173.753 E951.73049
G1 X183.411 Y173.584 E951.74061
G1 X183.669 Y173.459 E951.75015
G1 X183.937 Y173.367 E951.75957
G1 X184.205 Y173.314 E951.76866
G1 X184.513 Y173.296 E951.77892
G1 X184.795 Y173.315 E951.78832
G1 X185.063 Y173.367 E951.7974
G1 X185.328 Y173.459 E951.80673
G1 X185.588 Y173.583 E951.81631
G1 X185.847 Y173.76 E951.82674
G1 X186.067 Y173.952 E951.83645
G1 X186.256 Y174.17 E951.84605
G1 X186.411 Y174.409 E951.85553
G1 X186.531 Y174.645 E951.86433
G1 X186.629 Y174.937 E951.87458
G1 X186.684 Y175.227 E951.88439
G1 X186.7 Y175.513 E951.89392
G1 X186.681 Y175.795 E951.90332
G1 X186.597 Y176.216 E951.9176
G1 X186.399 Y176.611 E951.9323
G1 X186.24 Y176.847 E951.94176
G1 X186.058 Y177.058 E951.95103
G1 X185.827 Y177.255 E951.96113
G1 X185.59 Y177.411 E951.97056
G1 X185.325 Y177.542 E951.98039
G1 X185.063 Y177.629 E951.98958
G1 X184.791 Y177.682 E951.99879
G1 X184.487 Y177.7 E952.00892
G1 F2400 E951.50892
G0 F15000 X184.466 Y178.01
G0 X183.562 Y177.766
G0 X182.06 Y176.84
G0 X177.3 Y176.84
G0 X150 Y172.302
G1 F2400 E952.00892
G1 F6000 X176.56 Y172.3 E952.89231
G1 X176.649 Y172.365 E952.89598
G1 X176.698 Y172.468 E952.89977
G1 X176.7 Y179.3 E953.127
G1 X188.3 Y179.3 E953.51282
G1 X188.3 Y167.7 E953.89864
G1 X181.468 Y167.698 E954.12587
G1 X181.365 Y167.649 E954.12967
G1 X181.303 Y167.535 E954.13398
G1 X181.3 Y132.439 E955.30128
G1 X181.366 Y132.351 E955.30494
G1 X181.468 Y132.302 E955.3087
G1 X188.3 Y132.3 E955.53594
G1 X188.3 Y120.7 E955.92175
G1 X176.7 Y120.7 E956.30757
G1 X176.698 Y127.56 E956.53574
G1 X176.62 Y127.66 E956.53995
G1 X176.535 Y127.697 E956.54304
G1 X135.423 Y127.7 E957.91043
G1 X135.3 Y127.54 E957.91714
G1 X135.3 Y115.7 E958.31094
G1 X123.7 Y115.7 E958.69676
G1 X123.7 Y127.54 E959.09056
G1 X123.66 Y127.621 E959.09356
G1 X123.535 Y127.697 E959.09843
G1 X111.7 Y127.7 E959.49206
G1 X111.7 Y172.3 E960.97546
G1 X123.577 Y172.3 E961.37049
G1 X123.7 Y172.459 E961.37718
G1 X123.7 Y184.3 E961.77101
G1 X135.3 Y184.3 E962.15683
G1 X135.3 Y172.459 E962.55066
G1 X135.34 Y172.38 E962.55361
G1 X135.465 Y172.303 E962.55849
G1 X150 Y172.302 E963.04193
G1 F2400 E962.54193
G0 F15000 X150 Y171.59
G0 X150 Y170.41
G0 X150 Y169.697
G1 F2400 E963.04193
G1 F6000 X114.444 Y169.7 E964.22453
G1 X114.358 Y169.642 E964.22798
G1 X114.303 Y169.535 E964.23198
G1 X114.3 Y130.444 E965.53215
G1 X114.358 Y130.358 E965.5356
G1 X114.465 Y130.303 E965.5396
G1 X178.547 Y130.301 E967.67098
G1 X178.661 Y130.376 E967.67552
G1 X178.695 Y130.449 E967.67819
G1 X178.695 Y169.548 E968.97863
G1 X178.62 Y169.661 E968.98314
G1 X178.548 Y169.695 E968.98579
G1 X150 Y169.697 E969.9353
G1 F2400 E969.4353
G0 F15000 X150 Y170.41
G0 X135.062 Y172.062
G0 X135.06 Y182.714
G0 X134.7 Y183.01
G0 X130.849 Y182.931
G0 X129.487 Y182.7
G1 F2400 E969.9353
G1 F6000 X129.201 Y182.681 E969.94483
G1 X128.912 Y182.622 E969.95465
G1 X128.645 Y182.531 E969.96403
G1 X128.39 Y182.4 E969.97356
G1 X128.148 Y182.239 E969.98323
G1 X127.932 Y182.047 E969.99284
G1 X127.746 Y181.83 E970.00235
G1 X127.583 Y181.588 E970.01205
G1 X127.467 Y181.348 E970.02092
G1 X127.367 Y181.063 E970.03096
G1 X127.314 Y180.791 E970.04018
G1 X127.296 Y180.487 E970.05031
G1 X127.315 Y180.201 E970.05984
G1 X127.367 Y179.937 E970.06879
G1 X127.468 Y179.647 E970.07901
G1 X127.584 Y179.411 E970.08775
G1 X127.761 Y179.148 E970.0983
G1 X127.952 Y178.933 E970.10786
G1 X128.168 Y178.746 E970.11736
G1 X128.411 Y178.584 E970.12708
G1 X128.669 Y178.459 E970.13661
G1 X128.937 Y178.367 E970.14604
G1 X129.205 Y178.314 E970.15512
G1 X129.513 Y178.296 E970.16539
G1 X129.795 Y178.315 E970.17479
G1 X130.064 Y178.367 E970.1839
G1 X130.348 Y178.467 E970.19391
G1 X130.588 Y178.583 E970.20278
G1 X130.847 Y178.76 E970.21321
G1 X131.067 Y178.952 E970.22292
G1 X131.256 Y179.17 E970.23252
G1 X131.411 Y179.409 E970.242
G1 X131.531 Y179.645 E970.2508
G1 X131.629 Y179.937 E970.26105
G1 X131.684 Y180.227 E970.27086
G1 X131.7 Y180.513 E970.28039
G1 X131.681 Y180.795 E970.28979
G1 X131.597 Y181.216 E970.30407
G1 X131.399 Y181.611 E970.31877
G1 X131.24 Y181.847 E970.32823
G1 X131.047 Y182.068 E970.33799
G1 X130.827 Y182.255 E970.34759
G1 X130.59 Y182.411 E970.35703
G1 X130.325 Y182.542 E970.36686
G1 X130.063 Y182.629 E970.37604
G1 X129.791 Y182.682 E970.38526
G1 X129.487 Y182.7 E970.39539
G1 F2400 E969.89539
G0 F15000 X129.466 Y183.01
G0 X128.562 Y182.766
G0 X128.007 Y182.446
G0 X127.554 Y181.993
G0 X127.234 Y181.438
G0 X127.069 Y180.82
G0 X127.069 Y180.18
G0 X127.234 Y179.562
G0 X127.554 Y179.007
G0 X127.962 Y178.599
G0 X129.5 Y177.716
G0 X129.501 Y122.28
G0 X129.487 Y121.7
G1 F2400 E970.39539
G1 F6000 X129.201 Y121.681 E970.40492
G1 X128.936 Y121.629 E970.4139
G1 X128.645 Y121.531 E970.42412
G1 X128.39 Y121.4 E970.43365
G1 X128.148 Y121.239 E970.44332
G1 X127.932 Y121.047 E970.45293
G1 X127.747 Y120.83 E970.46242
G1 X127.583 Y120.588 E970.47214
G1 X127.467 Y120.348 E970.48101
G1 X127.367 Y120.063 E970.49105
G1 X127.314 Y119.791 E970.50027
G1 X127.296 Y119.487 E970.5104
G1 X127.315 Y119.201 E970.51993
G1 X127.367 Y118.937 E970.52888
G1 X127.468 Y118.647 E970.53909
G1 X127.584 Y118.411 E970.54784
G1 X127.761 Y118.148 E970.55838
G1 X127.952 Y117.933 E970.56795
G1 X128.168 Y117.746 E970.57745
G1 X128.411 Y117.584 E970.58716
G1 X128.669 Y117.459 E970.5967
G1 X128.937 Y117.367 E970.60612
G1 X129.205 Y117.314 E970.61521
G1 X129.513 Y117.296 E970.62547
G1 X129.794 Y117.315 E970.63484
G1 X130.092 Y117.375 E970.64495
G1 X130.348 Y117.467 E970.654
G1 X130.587 Y117.583 E970.66283
G1 X130.83 Y117.746 E970.67257
G1 X131.067 Y117.952 E970.68301
G1 X131.256 Y118.17 E970.69261
G1 X131.411 Y118.409 E970.70208
G1 X131.531 Y118.645 E970.71089
G1 X131.629 Y118.937 E970.72113
G1 X131.684 Y119.227 E970.73095
G1 X131.7 Y119.513 E970.74048
G1 X131.681 Y119.795 E970.74988
G1 X131.597 Y120.216 E970.76415
G1 X131.399 Y120.611 E970.77885
G1 X131.24 Y120.847 E970.78832
G1 X131.047 Y121.068 E970.79807
G1 X130.827 Y121.255 E970.80768
G1 X130.59 Y121.411 E970.81711
G1 X130.325 Y121.542 E970.82695
G1 X130.063 Y121.629 E970.83613
G1 X129.791 Y121.682 E970.84535
G1 X129.487 Y121.7 E970.85547
G1 F2400 E970.35547
G0 F15000 X129.466 Y122.01
G0 X129.288 Y122.269
G0 X124.26 Y125.485
G0 X124.109 Y127.957
G0 X123.565 Y128.306
G0 X128.951 Y128.4
G0 X128.951 Y128.179
;TYPE:FILL
G1 F2400 E970.85547
G1 F12000 X128.511 Y129.82 E970.91198
G0 F15000 X128.511 Y129.589
G0 X130.979 Y128.4
G0 X130.979 Y128.18
G1 F12000 X132.617 Y129.818 E970.98903
G0 F15000 X132.617 Y129.589
G0 X136.793 Y129.589
G0 X136.793 Y129.819
G1 F12000 X137.233 Y128.18 E971.04547
G0 F15000 X137.233 Y128.41
G0 X140.234 Y129.589
G0 X140.234 Y129.818
G1 F12000 X146.348 Y128.18 E971.256
G0 F15000 X145.515 Y128.18
G1 F12000 X145.076 Y129.819 E971.31243
G0 F15000 X145.076 Y129.589
G0 X143.93 Y129.589
G0 X143.93 Y129.818
G1 F12000 X142.293 Y128.18 E971.38945
G0 F15000 X142.293 Y128.41
G0 X153.358 Y129.589
G0 X153.358 Y129.818
G1 F12000 X153.797 Y128.179 E971.44589
G1 X153.606 Y128.18
G1 X155.243 Y129.817 E971.52289
G0 F15000 X155.243 Y129.589
G0 X161.64 Y129.589
G0 X161.64 Y129.818
G1 F12000 X162.079 Y128.18 E971.57929
G0 F15000 X162.079 Y128.41
G0 X164.92 Y128.41
G0 X164.92 Y128.18
G1 F12000 X166.556 Y129.816 E971.65624
G0 F15000 X166.556 Y129.589
G0 X169.923 Y129.589
G0 X169.923 Y129.818
G1 F12000 X170.362 Y128.179 E971.71268
G0 F15000 X170.362 Y128.41
G0 X171.151 Y129.589
G0 X171.151 Y129.816
G1 F12000 X177.257 Y128.18 E971.92293
G0 F15000 X177.257 Y128.41
G0 X176.234 Y128.41
G0 X176.234 Y128.18
G1 F12000 X177.87 Y129.816 E971.99988
G0 F15000 X178.205 Y129.816
G1 F12000 X178.644 Y128.18 E972.05622
G0 F15000 X178.644 Y128.4
G0 X179.338 Y129.661
G0 X179.41 Y131.126
G0 X179.179 Y131.126
G1 F12000 X180.82 Y132.766 E972.13338
G0 F15000 X180.59 Y132.766
G0 X180.59 Y135.508
G0 X180.819 Y135.508
G1 F12000 X179.18 Y135.947 E972.18982
G0 F15000 X179.41 Y135.947
G0 X179.41 Y142.44
G0 X179.179 Y142.44
G1 F12000 X180.82 Y144.08 E972.26698
G0 F15000 X180.819 Y143.79
G1 F12000 X179.181 Y144.229 E972.32339
G0 F15000 X179.41 Y144.229
G0 X180.59 Y150.969
G0 X180.82 Y150.969
G1 F12000 X179.18 Y157.087 E972.53405
G0 F15000 X179.41 Y157.087
G0 X180.59 Y155.394
G0 X180.82 Y155.394
G1 F12000 X179.179 Y153.753 E972.61124
G0 F15000 X179.41 Y153.753
G0 X179.41 Y152.511
G0 X179.18 Y152.511
G1 F12000 X180.819 Y152.072 E972.66768
G0 F15000 X180.59 Y152.072
G0 X180.59 Y160.355
G0 X180.819 Y160.355
G1 F12000 X179.181 Y160.793 E972.72407
G0 F15000 X179.41 Y160.793
G0 X179.41 Y165.067
G0 X179.179 Y165.067
G1 F12000 X180.82 Y166.707 E972.80124
G0 F15000 X180.59 Y166.707
G0 X180.6 Y168.637
G0 X180.819 Y168.637
G1 F12000 X179.18 Y169.076 E972.85767
G0 F15000 X179.41 Y169.076
G0 X179.338 Y170.338
G0 X175.672 Y170.41
G0 X175.672 Y170.18
G1 F12000 X175.232 Y171.821 E972.91418
G0 F15000 X174.619 Y171.82
G1 F12000 X172.979 Y170.18 E972.99132
G0 F15000 X172.979 Y170.41
G0 X175.06 Y170.41
G0 X175.06 Y170.18
G1 F12000 X168.938 Y171.82 E973.20212
G0 F15000 X168.938 Y171.59
G0 X166.95 Y171.59
G0 X166.95 Y171.821
G1 F12000 X167.39 Y170.18 E973.25862
G0 F15000 X167.39 Y170.41
G0 X163.305 Y171.59
G0 X163.305 Y171.82
G1 F12000 X161.665 Y170.18 E973.33577
G0 F15000 X161.665 Y170.41
G0 X159.108 Y170.41
G0 X159.108 Y170.18
G1 F12000 X158.668 Y171.821 E973.39227
G0 F15000 X158.668 Y171.59
G0 X151.991 Y171.59
G0 X151.991 Y171.82
G1 F12000 X150.351 Y170.18 E973.46941
G0 F15000 X150.825 Y170.18
G1 F12000 X150.386 Y171.82 E973.52588
G0 F15000 X150.386 Y171.59
G0 X144.15 Y170.41
G0 X144.15 Y170.18
G1 F12000 X138.028 Y171.82 E973.73668
G0 F15000 X138.028 Y171.59
G0 X139.038 Y170.41
G0 X139.038 Y170.18
G1 F12000 X140.677 Y171.82 E973.8138
G0 F15000 X140.677 Y171.59
G0 X142.104 Y171.59
G0 X142.104 Y171.821
G1 F12000 X142.543 Y170.18 E973.8703
G0 F15000 X142.543 Y170.41
G0 X134.261 Y170.41
G0 X134.261 Y170.18
G1 F12000 X133.822 Y171.82 E973.92676
G0 F15000 X133.822 Y171.6
G0 X129.364 Y171.6
G0 X129.364 Y171.82
G1 F12000 X127.724 Y170.18 E974.0039
G0 F15000 X127.724 Y170.41
G0 X125.979 Y170.41
G0 X125.979 Y170.179
G1 F12000 X125.539 Y171.821 E974.06044
G0 F15000 X125.539 Y171.6
G0 X118.05 Y171.59
G0 X118.05 Y171.82
G1 F12000 X116.41 Y170.18 E974.13758
G0 F15000 X116.41 Y170.41
G0 X117.697 Y170.41
G0 X117.697 Y170.18
G1 F12000 X117.257 Y171.82 E974.19406
G0 F15000 X117.257 Y171.59
G0 X113.662 Y170.338
G0 X113.59 Y169.972
G0 X114.015 Y169.972
G1 F12000 X112.181 Y170.464 E974.25721
G0 F15000 X112.41 Y170.464
G0 X113.59 Y167.59
G0 X113.82 Y167.59
G1 F12000 X112.18 Y165.949 E974.33438
G0 F15000 X112.41 Y165.949
G0 X112.41 Y162.182
G0 X112.18 Y162.182
G1 F12000 X113.819 Y161.743 E974.39081
G0 F15000 X113.59 Y161.743
G0 X112.41 Y159.857
G0 X112.18 Y159.857
G1 F12000 X113.819 Y153.74 E974.60144
G0 F15000 X113.82 Y153.46
G1 F12000 X112.181 Y153.9 E974.65789
G0 F15000 X112.18 Y154.636
G1 F12000 X113.82 Y156.276 E974.73503
G0 F15000 X113.59 Y156.276
G0 X112.41 Y145.617
G0 X112.18 Y145.617
G1 F12000 X113.819 Y145.178 E974.79146
G0 F15000 X113.82 Y144.963
G1 F12000 X112.18 Y143.322 E974.86863
G0 F15000 X112.41 Y143.322
G0 X112.41 Y137.335
G0 X112.18 Y137.335
G1 F12000 X113.82 Y136.896 E974.92509
G0 F15000 X113.59 Y136.896
G0 X113.59 Y133.649
G0 X113.82 Y133.649
G1 F12000 X112.18 Y132.008 E975.00226
G0 F15000 X112.41 Y132.008
G0 X112.41 Y129.053
G0 X112.181 Y129.053
G1 F12000 X115.438 Y128.18 E975.11441
G0 F15000 X115.438 Y128.41
G0 X112.386 Y128.41
G0 X112.386 Y128.179
G1 F12000 X112.18 Y128.948 E975.14089
G0 F15000 X112.41 Y128.948
G0 X119.665 Y128.41
G0 X119.665 Y128.18
G1 F12000 X121.304 Y129.819 E975.21798
G0 F15000 X121.304 Y129.589
G0 X120.229 Y129.589
G0 X120.229 Y129.82
G1 F12000 X120.668 Y128.18 E975.27445
G0 F15000 X120.668 Y128.41
G0 X123.938 Y127.938
G0 X124.272 Y116.272
G0 X129.059 Y116.2
G0 X129.059 Y116.512
;TYPE:SKIN
G1 F4888 X129.513 Y116.498 E975.29299
G1 F4958.7 X129.813 Y116.506 E975.30507
G1 F4528.3 X130.275 Y116.544 E975.3255
G0 F15000 X130.275 Y116.2
G0 X134.728 Y116.272
G0 X134.891 Y127.956
G0 X135.896 Y128.35
G0 X134.798 Y128.41
G0 X134.798 Y128.14
G1 F6000 X124.202 Y128.14 E975.67792
G1 X124.288 Y128.045 E975.68219
G1 X124.408 Y127.801 E975.69123
G1 X124.458 Y127.521 E975.70069
G1 X124.46 Y116.46 E976.06858
G1 X128.374 Y116.46 E976.19876
G1 F5853.7 X128.736 Y116.47 E976.21111
G1 F5183.6 X129.059 Y116.512 E976.22365
G1 F5298 X128.418 Y116.737 E976.24923
G1 F6000 X128.008 Y116.932 E976.26434
G1 X127.661 Y117.176 E976.27844
G1 X127.377 Y117.431 E976.29114
G1 X127.107 Y117.752 E976.30509
G1 X126.901 Y118.077 E976.31789
G1 X126.776 Y118.326 E976.32716
G1 X126.626 Y118.741 E976.34183
G1 X126.555 Y119.153 E976.35574
G1 X126.536 Y119.497 E976.3672
G1 X126.56 Y119.901 E976.38066
G1 X126.619 Y120.208 E976.39105
G1 X126.737 Y120.574 E976.40384
G1 X126.894 Y120.913 E976.41627
G1 X127.112 Y121.25 E976.42962
G1 X127.354 Y121.541 E976.44221
G1 X127.657 Y121.817 E976.45584
G1 X127.973 Y122.037 E976.46865
G1 X128.339 Y122.23 E976.48241
G1 X128.798 Y122.378 E976.49845
G1 X129.15 Y122.438 E976.51033
G1 X129.494 Y122.456 E976.52178
G1 X129.923 Y122.43 E976.53608
G1 X130.208 Y122.373 E976.54574
G1 X130.564 Y122.264 E976.55813
G1 X130.939 Y122.082 E976.57199
G1 X131.243 Y121.89 E976.58395
G1 X131.585 Y121.606 E976.59874
G1 X131.812 Y121.347 E976.61019
G1 X132.029 Y121.034 E976.62286
G1 X132.234 Y120.645 E976.63748
G1 X132.367 Y120.228 E976.65204
G1 X132.429 Y119.928 E976.66223
G1 X132.46 Y119.507 E976.67627
G1 X132.438 Y119.158 E976.6879
G1 X132.378 Y118.802 E976.69991
G1 X132.243 Y118.378 E976.71471
G1 X132.078 Y118.045 E976.72707
G1 X131.866 Y117.709 E976.74028
G1 X131.56 Y117.372 E976.75542
G1 X131.274 Y117.127 E976.76795
G1 X130.917 Y116.9 E976.78202
G1 X130.656 Y116.773 E976.79167
G1 F4958.7 X130.275 Y116.544 E976.80956
G1 X130.713 Y116.46 E976.82751
G1 F6000 X134.54 Y116.46 E976.9548
G1 X134.541 Y127.518 E977.32259
G1 X134.589 Y127.803 E977.3322
G1 X134.713 Y128.047 E977.3413
G1 X134.798 Y128.14 E977.3455
G0 F15000 X134.347 Y127.565
G1 F6000 X133.973 Y127.94 E977.36311
G0 F15000 X133.407 Y127.94
G1 F6000 X134.34 Y127.007 E977.407
G0 F15000 X134.34 Y126.441
G1 F6000 X132.841 Y127.94 E977.4775
G0 F15000 X132.276 Y127.94
G1 F6000 X134.34 Y125.876 E977.57459
G0 F15000 X134.34 Y125.31
G1 F6000 X131.71 Y127.94 E977.6983
G0 F15000 X131.144 Y127.94
G1 F6000 X134.34 Y124.744 E977.84863
G0 F15000 X134.34 Y124.179
G1 F6000 X130.579 Y127.94 E978.02553
G0 F15000 X130.013 Y127.94
G1 F6000 X134.34 Y123.613 E978.22906
G0 F15000 X134.34 Y123.047
G1 F6000 X129.447 Y127.94 E978.45921
G0 F15000 X128.882 Y127.94
G1 F6000 X134.34 Y122.482 E978.71594
G0 F15000 X134.34 Y121.916
G1 F6000 X128.316 Y127.94 E978.99929
G0 F15000 X127.75 Y127.94
G1 F6000 X134.34 Y121.35 E979.30926
G0 F15000 X134.34 Y120.784
G1 F6000 X127.184 Y127.94 E979.64586
G0 F15000 X126.619 Y127.94
G1 F6000 X134.34 Y120.219 E980.00903
G0 F15000 X134.34 Y119.653
G1 F6000 X126.053 Y127.94 E980.39883
G0 F15000 X125.487 Y127.94
G1 F6000 X131.452 Y121.975 E980.6794
G0 F15000 X132.006 Y121.421
G1 F6000 X134.34 Y119.087 E980.78919
G0 F15000 X134.34 Y118.522
G1 F6000 X132.551 Y120.311 E980.87334
G0 F15000 X132.648 Y119.648
G1 F6000 X134.34 Y117.956 E980.95292
G0 F15000 X134.34 Y117.39
G1 F6000 X132.63 Y119.1 E981.03336
G0 F15000 X132.532 Y118.632
G1 F6000 X134.34 Y116.825 E981.11837
G0 F15000 X133.939 Y116.66
G1 F6000 X132.384 Y118.215 E981.19152
G0 F15000 X132.187 Y117.846
G1 F6000 X133.373 Y116.66 E981.2473
G0 F15000 X132.807 Y116.66
G1 F6000 X131.955 Y117.512 E981.28738
G0 F15000 X131.684 Y117.218
G1 F6000 X132.242 Y116.66 E981.31363
G0 F15000 X131.676 Y116.66
G1 F6000 X131.378 Y116.958 E981.32764
G0 F15000 X131.11 Y116.66
G1 F6000 X131.033 Y116.738 E981.33129
G1 F2400 E980.83129
G0 F15000 X130.799 Y117.13
G0 X128.478 Y116.91
G0 X128.478 Y116.3
G0 X127.716 Y116.66
G1 F2400 E981.33129
G1 F6000 X124.659 Y119.717 E981.47508
G0 F15000 X124.659 Y120.282
G1 F6000 X126.539 Y118.403 E981.56349
G0 F15000 X126.354 Y119.153
G1 F6000 X124.659 Y120.849 E981.64324
G0 F15000 X124.659 Y121.414
G1 F6000 X126.349 Y119.724 E981.72273
G0 F15000 X126.418 Y120.221
G1 F6000 X124.659 Y121.98 E981.80547
G0 F15000 X124.658 Y122.547
G1 F6000 X126.554 Y120.651 E981.89465
G0 F15000 X126.735 Y121.035
G1 F6000 X124.658 Y123.112 E981.99234
G0 F15000 X124.658 Y123.678
G1 F6000 X126.959 Y121.377 E982.10058
G0 F15000 X127.218 Y121.684
G1 F6000 X124.657 Y124.244 E982.22101
G0 F15000 X124.657 Y124.81
G1 F6000 X127.514 Y121.953 E982.3554
G0 F15000 X127.843 Y122.189
G1 F6000 X124.657 Y125.376 E982.50528
G0 F15000 X124.657 Y125.941
G1 F6000 X128.211 Y122.387 E982.67245
G0 F15000 X128.633 Y122.532
G1 F6000 X124.657 Y126.508 E982.85947
G0 F15000 X124.657 Y127.073
G1 F6000 X129.099 Y122.631 E983.06841
G0 F15000 X129.648 Y122.648
G1 F6000 X124.657 Y127.639 E983.30317
G0 F15000 X124.922 Y127.94
G1 F6000 X130.313 Y122.549 E983.55675
G1 F2400 E983.05675
G0 F15000 X130.176 Y122.114
G0 X128.562 Y121.766
G0 X128.007 Y121.446
G0 X127.75 Y121.189
G0 X126.742 Y119.893
G0 X124.3 Y119.893
G0 X124.659 Y119.151
G1 F2400 E983.55675
G1 F6000 X127.151 Y116.66 E983.67394
G0 F15000 X126.585 Y116.66
G1 F6000 X124.659 Y118.585 E983.76451
G0 F15000 X124.66 Y118.019
G1 F6000 X126.019 Y116.66 E983.82843
G0 F15000 X125.453 Y116.66
G1 F6000 X124.66 Y117.453 E983.86573
G0 F15000 X124.66 Y116.888
G1 F6000 X124.888 Y116.66 E983.87646
G1 F2400 E983.37646
G0 F15000 X124.888 Y116.2
G0 X124.272 Y116.272
G0 X124.109 Y127.957
G0 X114.062 Y130.062
G0 X114.062 Y169.938
G0 X135.79 Y171.637
G0 X135.058 Y172.03
G0 X134.8 Y183.54
G0 X134.54 Y183.54
G1 F2400 E983.87646
G1 F6000 X130.658 Y183.54 E984.00557
G1 F5839.4 X130.253 Y183.529 E984.01942
G1 F5128.2 X129.932 Y183.485 E984.03203
G1 F5251.6 X130.564 Y183.264 E984.05747
G1 F6000 X130.92 Y183.092 E984.07062
G1 X131.243 Y182.89 E984.08329
G1 X131.585 Y182.606 E984.09807
G1 X131.812 Y182.347 E984.10953
G1 X132.029 Y182.034 E984.1222
G1 X132.234 Y181.645 E984.13682
G1 X132.367 Y181.228 E984.15138
G1 X132.429 Y180.928 E984.16157
G1 X132.46 Y180.507 E984.17561
G1 X132.438 Y180.158 E984.18724
G1 X132.378 Y179.802 E984.19925
G1 X132.243 Y179.374 E984.21417
G1 X132.042 Y178.983 E984.2288
G1 X131.891 Y178.753 E984.23795
G1 X131.642 Y178.452 E984.25094
G1 X131.336 Y178.181 E984.26454
G1 X130.969 Y177.918 E984.27955
G1 X130.685 Y177.786 E984.28997
G1 X130.264 Y177.631 E984.30489
G1 X129.944 Y177.567 E984.31574
G1 X129.51 Y177.536 E984.33022
G1 X129.069 Y177.562 E984.34491
G1 X128.529 Y177.684 E984.36332
G1 X128.033 Y177.923 E984.38163
G1 X127.662 Y178.175 E984.39655
G1 X127.377 Y178.432 E984.40932
G1 X127.107 Y178.752 E984.42324
G1 X126.901 Y179.077 E984.43604
G1 X126.785 Y179.305 E984.44455
G1 X126.626 Y179.741 E984.45998
G1 X126.555 Y180.153 E984.47389
G1 X126.536 Y180.497 E984.48535
G1 X126.56 Y180.901 E984.49881
G1 X126.619 Y181.208 E984.50921
G1 X126.746 Y181.593 E984.52269
G1 X126.894 Y181.909 E984.5343
G1 X127.116 Y182.254 E984.54794
G1 X127.414 Y182.605 E984.56326
G1 X127.734 Y182.877 E984.57722
G1 X128.047 Y183.081 E984.58965
G1 X128.405 Y183.253 E984.60286
G1 F5985 X128.673 Y183.343 E984.61229
G1 F5217.4 X129.033 Y183.481 E984.62703
G1 X128.642 Y183.538 E984.64215
G1 F5985 X124.46 Y183.54 E984.78159
G1 F6000 X124.46 Y172.504 E985.14865
G1 X124.422 Y172.223 E985.15808
G1 X124.287 Y171.954 E985.16809
G1 X124.202 Y171.86 E985.1723
G1 X134.798 Y171.86 E985.52473
G1 X134.714 Y171.951 E985.52885
G1 X134.59 Y172.192 E985.53786
G1 X134.541 Y172.478 E985.54751
G1 X134.54 Y183.54 E985.91544
G0 F15000 X134.8 Y183.54
G0 X129.932 Y183.8
G0 X129.932 Y183.485
G1 F4800 X129.484 Y183.498 E985.93407
G1 F4780.9 X129.033 Y183.481 E985.95291
G1 F2400 E985.45291
G0 F15000 X129.101 Y183.172
G0 X130.849 Y182.931
G0 X130.849 Y183.7
G0 X134.009 Y183.34
G1 F2400 E985.95291
G1 F6000 X134.34 Y183.009 E985.96848
G0 F15000 X134.34 Y182.443
G1 F6000 X133.444 Y183.34 E986.01065
G0 F15000 X132.878 Y183.34
G1 F6000 X134.34 Y181.878 E986.07941
G0 F15000 X134.34 Y181.312
G1 F6000 X132.312 Y183.34 E986.17481
G0 F15000 X131.747 Y183.34
G1 F6000 X134.34 Y180.746 E986.2968
G0 F15000 X134.341 Y180.18
G1 F6000 X131.181 Y183.34 E986.44543
G1 F2400 E985.94543
G0 F15000 X131.181 Y183.8
G0 X132.071 Y183.7
G0 X131.881 Y181.934
G0 X132.505 Y181.45
G1 F2400 E986.44543
G1 F6000 X134.341 Y179.614 E986.53179
G0 F15000 X134.341 Y179.049
G1 F6000 X132.641 Y180.749 E986.61176
G0 F15000 X132.642 Y180.182
G1 F6000 X134.341 Y178.483 E986.69167
G0 F15000 X134.341 Y177.917
G1 F6000 X132.558 Y179.7 E986.77554
G0 F15000 X132.416 Y179.276
G1 F6000 X134.342 Y177.351 E986.86611
G0 F15000 X134.342 Y176.785
G1 F6000 X132.225 Y178.902 E986.96568
G0 F15000 X131.995 Y178.566
G1 F6000 X134.342 Y176.219 E987.07608
G0 F15000 X134.342 Y175.654
G1 F6000 X131.73 Y178.265 E987.19892
G0 F15000 X131.429 Y178.001
G1 F6000 X134.343 Y175.087 E987.33598
G0 F15000 X134.343 Y174.522
G1 F6000 X131.1 Y177.764 E987.4885
G0 F15000 X130.714 Y177.585
G1 F6000 X134.343 Y173.956 E987.6592
G0 F15000 X134.343 Y173.39
G1 F6000 X130.299 Y177.434 E987.84941
G0 F15000 X129.811 Y177.356
G1 F6000 X134.343 Y172.825 E988.06256
G0 F15000 X134.4 Y172.201
G1 F6000 X129.249 Y177.352 E988.30485
G0 F15000 X128.562 Y177.474
G1 F6000 X133.976 Y172.06 E988.55951
G0 F15000 X133.411 Y172.06
G1 F6000 X124.66 Y180.81 E988.9711
G0 F15000 X124.66 Y181.376
G1 F6000 X126.486 Y179.55 E989.05699
G0 F15000 X126.347 Y180.254
G1 F6000 X124.66 Y181.941 E989.13634
G0 F15000 X124.66 Y182.507
G1 F6000 X126.354 Y180.814 E989.216
G0 F15000 X126.438 Y181.294
G1 F6000 X124.66 Y183.073 E989.29966
G0 F15000 X124.958 Y183.34
G1 F6000 X126.584 Y181.714 E989.37614
G0 F15000 X126.774 Y182.091
G1 F6000 X125.524 Y183.34 E989.43491
G0 F15000 X126.09 Y183.34
G1 F6000 X127.002 Y182.428 E989.47781
G0 F15000 X127.264 Y182.732
G1 F6000 X126.656 Y183.34 E989.50641
G0 F15000 X127.221 Y183.34
G1 F6000 X127.566 Y182.995 E989.52264
G0 F15000 X127.903 Y183.224
G1 F6000 X127.787 Y183.34 E989.52809
G0 F15000 X127.787 Y183.8
G0 X124.272 Y183.728
G0 X124.2 Y180.244
G0 X124.66 Y180.244
G1 F6000 X132.845 Y172.06 E989.91307
G0 F15000 X132.279 Y172.06
G1 F6000 X124.66 Y179.679 E990.27144
G0 F15000 X124.66 Y179.113
G1 F6000 X131.713 Y172.06 E990.60319
G0 F15000 X131.148 Y172.06
G1 F6000 X124.66 Y178.547 E990.90834
G0 F15000 X124.66 Y177.982
G1 F6000 X130.582 Y172.06 E991.1869
G0 F15000 X130.016 Y172.06
G1 F6000 X124.66 Y177.416 E991.43883
G0 F15000 X124.66 Y176.85
G1 F6000 X129.451 Y172.06 E991.66416
G0 F15000 X128.885 Y172.06
G1 F6000 X124.66 Y176.285 E991.86289
G0 F15000 X124.66 Y175.719
G1 F6000 X128.319 Y172.06 E992.035
G0 F15000 X127.754 Y172.06
G1 F6000 X124.66 Y175.153 E992.1805
G0 F15000 X124.66 Y174.587
G1 F6000 X127.188 Y172.06 E992.29939
G0 F15000 X126.622 Y172.06
G1 F6000 X124.66 Y174.022 E992.39168
G0 F15000 X124.66 Y173.456
G1 F6000 X126.057 Y172.06 E992.45736
G0 F15000 X125.491 Y172.06
G1 F6000 X124.66 Y172.89 E992.49643
G0 F15000 X124.64 Y172.345
G1 F6000 X124.925 Y172.06 E992.50983
G1 F2400 E992.00983
G0 F15000 X124.925 Y171.6
G0 X176.938 Y172.062
G0 X177.3 Y175.15
G0 X181.721 Y175.394
G0 X187.487 Y175.091
G1 F2400 E992.50983
G1 F4868.2 X187.5 Y175.509 E992.52698
G1 F4848.5 X187.485 Y175.928 E992.54423
G0 F15000 X187.174 Y175.881
G0 X186.143 Y177.64
G0 X186.503 Y178.163
G1 F6760.6 X186.861 Y177.859 E992.5581
G1 X187.163 Y177.518 E992.57154
G1 X187.163 Y178.163 E992.59058
G1 X186.503 Y178.163 E992.61006
G0 F15000 X185.662 Y178.54
G1 F5825.2 X185.251 Y178.527 E992.62415
G1 F5117.3 X184.939 Y178.483 E992.63644
G1 F5251.6 X185.648 Y178.23 E992.66505
G1 F6000 X186.012 Y178.042 E992.67867
G1 X186.326 Y177.83 E992.69127
G1 X186.594 Y177.594 E992.70315
G1 X186.814 Y177.345 E992.7142
G1 X187.042 Y177.013 E992.7276
G1 X187.202 Y176.705 E992.73914
G1 F5274.7 X187.485 Y175.928 E992.77043
G1 X187.54 Y176.332 E992.78585
G1 F6000 X187.54 Y178.54 E992.85929
G1 X185.662 Y178.54 E992.92175
G0 F15000 X184.939 Y178.483
G1 F4800 X184.484 Y178.498 E992.94068
G1 F4780.9 X184.033 Y178.481 E992.95952
G1 F2400 E992.45952
G0 F15000 X184.101 Y178.172
G0 X182.852 Y177.742
G0 X182.852 Y178.7
G0 X177.46 Y178.54
G1 F2400 E992.95952
G1 F6000 X177.46 Y172.375 E993.16457
G1 X177.373 Y172.103 E993.17407
G1 X177.21 Y171.86 E993.1838
G1 X180.703 Y171.861 E993.29998
G1 X180.784 Y171.818 E993.30303
G1 X180.859 Y171.683 E993.30816
G1 X180.86 Y168.21 E993.42367
G1 X181.103 Y168.373 E993.43341
G1 X181.378 Y168.46 E993.443
G1 X187.54 Y168.46 E993.64795
G1 X187.54 Y174.535 E993.85
G1 F5298 X187.487 Y175.091 E993.87104
G1 X187.305 Y174.512 E993.8939
G1 F6000 X187.082 Y174.057 E993.91076
G1 X186.894 Y173.757 E993.92253
G1 X186.637 Y173.45 E993.93585
G1 X186.343 Y173.18 E993.94912
G1 X185.99 Y172.935 E993.96342
G1 X185.666 Y172.776 E993.97542
G1 X185.254 Y172.626 E993.99
G1 X184.834 Y172.554 E994.00418
G1 X184.511 Y172.536 E994.01494
G1 X184.069 Y172.562 E994.02966
G1 X183.666 Y172.653 E994.0434
G1 X183.294 Y172.79 E994.05659
G1 X182.982 Y172.954 E994.06831
G1 X182.708 Y173.138 E994.07929
G1 X182.411 Y173.398 E994.09242
G1 X182.136 Y173.706 E994.10615
G1 X181.968 Y173.962 E994.11634
G1 X181.79 Y174.299 E994.12901
G1 X181.638 Y174.71 E994.14359
G1 X181.555 Y175.151 E994.15851
G1 X181.536 Y175.493 E994.1699
G1 X181.562 Y175.923 E994.18423
G1 X181.619 Y176.208 E994.1939
G1 X181.738 Y176.571 E994.20661
G1 X181.894 Y176.909 E994.21899
G1 X182.116 Y177.254 E994.23263
G1 X182.414 Y177.605 E994.24795
G1 X182.734 Y177.877 E994.26191
G1 X183.047 Y178.081 E994.27434
G1 X183.405 Y178.253 E994.28755
G1 F5985 X183.673 Y178.343 E994.29698
G1 F5217.4 X184.033 Y178.481 E994.31172
G1 X183.642 Y178.538 E994.32684
G1 F5985 X177.46 Y178.54 E994.53297
G0 F15000 X177.2 Y178.54
G0 X177.065 Y171.99
G0 X176.103 Y171.658
G0 X177.66 Y171.6
G0 X177.66 Y172.499
G1 F6000 X178.1 Y172.06 E994.55364
G0 F15000 X178.666 Y172.059
G1 F6000 X177.66 Y173.065 E994.60096
G0 F15000 X177.66 Y173.631
G1 F6000 X179.232 Y172.058 E994.67492
G0 F15000 X179.798 Y172.058
G1 F6000 X177.66 Y174.196 E994.77549
G0 F15000 X177.66 Y174.762
G1 F6000 X180.365 Y172.057 E994.90272
G0 F15000 X181.059 Y171.363
G1 F6000 X183.762 Y168.66 E995.02986
G0 F15000 X183.197 Y168.66
G1 F6000 X181.06 Y170.797 E995.13038
G0 F15000 X181.06 Y170.231
G1 F6000 X182.631 Y168.66 E995.20428
G0 F15000 X182.065 Y168.66
G1 F6000 X181.06 Y169.665 E995.25155
G0 F15000 X181.061 Y169.098
G1 F6000 X181.499 Y168.66 E995.27215
G0 F15000 X180.6 Y168.66
G0 X180.637 Y167.207
G0 X181.1 Y167.958
G0 X184.328 Y168.2
G0 X184.328 Y168.66
G1 F6000 X177.66 Y175.328 E995.58579
G0 F15000 X177.66 Y175.894
G1 F6000 X184.894 Y168.66 E995.92606
G0 F15000 X185.459 Y168.66
G1 F6000 X177.66 Y176.459 E996.2929
G0 F15000 X177.66 Y177.025
G1 F6000 X186.025 Y168.66 E996.68636
G0 F15000 X186.591 Y168.66
G1 F6000 X177.66 Y177.591 E997.10645
G0 F15000 X177.66 Y178.156
G1 F6000 X181.616 Y174.2 E997.29253
G0 F15000 X181.379 Y175.003
G1 F6000 X178.042 Y178.34 E997.44949
G0 F15000 X178.607 Y178.34
G1 F6000 X181.343 Y175.604 E997.57818
G0 F15000 X181.397 Y176.116
G1 F6000 X179.173 Y178.34 E997.68279
G0 F15000 X179.739 Y178.34
G1 F6000 X181.523 Y176.556 E997.76671
G0 F15000 X181.693 Y176.951
G1 F6000 X180.304 Y178.34 E997.83204
G0 F15000 X180.87 Y178.34
G1 F6000 X181.908 Y177.302 E997.88087
G0 F15000 X182.159 Y177.617
G1 F6000 X181.436 Y178.34 E997.91487
G0 F15000 X182.002 Y178.34
G1 F6000 X182.448 Y177.893 E997.93588
G0 F15000 X182.77 Y178.137
G1 F6000 X182.567 Y178.34 E997.94543
G1 F2400 E997.44543
G0 F15000 X182.567 Y178.8
G0 X183.416 Y178.7
G0 X183.489 Y178.093
G0 X183.205 Y172.611
G1 F2400 E997.94543
G1 F6000 X187.156 Y168.66 E998.13127
G0 F15000 X187.34 Y169.042
G1 F6000 X184.011 Y172.371 E998.28785
G0 F15000 X184.606 Y172.342
G1 F6000 X187.34 Y169.607 E998.41648
G0 F15000 X187.34 Y170.173
G1 F6000 X185.114 Y172.399 E998.52118
G0 F15000 X185.553 Y172.526
G1 F6000 X187.34 Y170.739 E998.60524
G0 F15000 X187.34 Y171.304
G1 F6000 X185.95 Y172.695 E998.67064
G0 F15000 X186.301 Y172.909
G1 F6000 X187.34 Y171.87 E998.71951
G0 F15000 X187.34 Y172.436
G1 F6000 X186.616 Y173.16 E998.75357
G0 F15000 X186.896 Y173.446
G1 F6000 X187.34 Y173.001 E998.77447
G0 F15000 X187.34 Y173.567
G1 F6000 X187.137 Y173.77 E998.78402
G1 F2400 E998.28402
G0 F15000 X186.75 Y174.014
G0 X186.504 Y173.569
G0 X186.504 Y168.3
G0 X184.059 Y121.512
G1 F2400 E998.78402
G1 F4888 X184.513 Y121.498 E998.80257
G1 F4958.7 X184.813 Y121.506 E998.81465
G1 F4528.3 X185.275 Y121.544 E998.83507
G1 F2400 E998.33507
G0 F15000 X185.275 Y121.2
G0 X186.651 Y121.3
G0 X186.469 Y122.532
G0 X187.163 Y122.484
G1 F2400 E998.83507
G1 F6760.6 X186.878 Y122.158 E998.84786
G1 X186.504 Y121.837 E998.8624
G1 X187.163 Y121.837 E998.88186
G1 X187.163 Y122.484 E998.90096
G0 F15000 X186.651 Y122.857
G0 X187.181 Y124.15
G0 X187.487 Y124.091
G1 F5298 X187.305 Y123.518 E998.9236
G1 F6000 X187.093 Y123.07 E998.94009
G1 X186.865 Y122.711 E998.95423
G1 X186.591 Y122.403 E998.96794
G1 X186.253 Y122.115 E998.98271
G1 X185.937 Y121.911 E998.99522
G1 X185.656 Y121.773 E999.00563
G1 F4958.7 X185.275 Y121.544 E999.02352
G1 X185.713 Y121.46 E999.04147
G1 F6000 X187.54 Y121.46 E999.10224
G1 X187.54 Y123.539 E999.17139
G1 F5298 X187.487 Y124.091 E999.19227
G1 F4868.2 X187.5 Y124.509 E999.20942
G1 F4848.5 X187.485 Y124.928 E999.22667
G1 F2400 E998.72667
G0 F15000 X187.174 Y124.881
G0 X186.235 Y126.235
G0 X185.776 Y126.585
G0 X184.192 Y127.264
G0 X183.244 Y131.74
G0 X180.991 Y131.934
G0 X180.696 Y132.539
G0 X180.59 Y131.787
G0 X180.86 Y131.787
G1 F2400 E999.22667
G1 F6000 X180.861 Y128.296 E999.34279
G1 X180.717 Y128.14 E999.34985
G1 X177.18 Y128.14 E999.46749
G1 X177.357 Y127.916 E999.47698
G1 X177.46 Y127.616 E999.48753
G1 X177.46 Y121.46 E999.69228
G1 X183.374 Y121.46 E999.88898
G1 F5853.7 X183.736 Y121.47 E999.90133
G1 F5183.6 X184.059 Y121.512 E999.91387
G1 F5298 X183.418 Y121.737 E999.93946
G1 F6000 X183.008 Y121.932 E999.95456
G1 X182.661 Y122.176 E999.96867
G1 X182.377 Y122.431 E999.98136
G1 X182.108 Y122.75 E999.99524
G1 X181.908 Y123.054 E1000.00734
G1 X181.746 Y123.404 E1000.02017
G1 X181.619 Y123.792 E1000.03375
G1 X181.555 Y124.153 E1000.04594
G1 X181.536 Y124.493 E1000.05727
G1 X181.562 Y124.923 E1000.0716
G1 X181.619 Y125.208 E1000.08126
G1 X181.737 Y125.574 E1000.09405
G1 X181.904 Y125.932 E1000.10719
G1 X182.111 Y126.253 E1000.1199
G1 X182.412 Y126.608 E1000.13538
G1 X182.684 Y126.844 E1000.14736
G1 X182.95 Y127.02 E1000.15796
G1 X183.345 Y127.233 E1000.17289
G1 X183.798 Y127.378 E1000.18871
G1 X184.15 Y127.438 E1000.20059
G1 X184.494 Y127.456 E1000.21204
G1 X184.923 Y127.43 E1000.22634
G1 X185.228 Y127.368 E1000.23669
G1 X185.564 Y127.264 E1000.24839
G1 X185.939 Y127.082 E1000.26225
G1 X186.243 Y126.89 E1000.27421
G1 X186.585 Y126.606 E1000.289
G1 X186.812 Y126.347 E1000.30045
G1 X187.029 Y126.034 E1000.31312
G1 X187.202 Y125.705 E1000.32548
G1 F5274.7 X187.485 Y124.928 E1000.35677
G1 X187.54 Y125.332 E1000.37219
G1 F6000 X187.54 Y131.54 E1000.57867
G1 X181.416 Y131.54 E1000.78236
G1 X181.125 Y131.609 E1000.7923
G1 X180.86 Y131.787 E1000.80292
G0 F15000 X180.59 Y131.787
G0 X180.658 Y132.897
G0 X181.096 Y131.931
G0 X187.141 Y131.8
G0 X187.141 Y131.34
G1 F6000 X187.34 Y131.141 E1000.81228
G0 F15000 X187.34 Y130.575
G1 F6000 X186.575 Y131.34 E1000.84827
G0 F15000 X186.009 Y131.34
G1 F6000 X187.34 Y130.009 E1000.91087
G0 F15000 X187.34 Y129.444
G1 F6000 X185.444 Y131.34 E1001.00005
G0 F15000 X184.878 Y131.34
G1 F6000 X187.34 Y128.878 E1001.11586
G0 F15000 X187.34 Y128.312
G1 F6000 X184.312 Y131.34 E1001.25829
G0 F15000 X183.747 Y131.34
G1 F6000 X187.34 Y127.747 E1001.42729
G0 F15000 X187.34 Y127.181
G1 F6000 X183.181 Y131.34 E1001.62292
G0 F15000 X182.615 Y131.34
G1 F6000 X187.34 Y126.615 E1001.84517
G0 F15000 X187.087 Y126.303
G1 F6000 X187.34 Y126.05 E1001.85707
G0 F15000 X187.8 Y126.05
G0 X187.7 Y126.704
G0 X186.466 Y126.474
G0 X186.299 Y127.09
G1 F6000 X182.05 Y131.34 E1002.05695
G0 F15000 X181.484 Y131.34
G1 F6000 X185.259 Y127.565 E1002.23451
G0 F15000 X184.608 Y127.65
G1 F6000 X181.061 Y131.197 E1002.40135
G0 F15000 X181.061 Y130.632
G1 F6000 X184.067 Y127.626 E1002.54275
G0 F15000 X183.602 Y127.525
G1 F6000 X181.06 Y130.067 E1002.66232
G0 F15000 X181.06 Y129.502
G1 F6000 X183.187 Y127.374 E1002.76239
G0 F15000 X182.822 Y127.174
G1 F6000 X181.059 Y128.937 E1002.84531
G0 F15000 X181.059 Y128.371
G1 F6000 X182.49 Y126.94 E1002.91262
G0 F15000 X182.199 Y126.665
G1 F6000 X180.86 Y128.004 E1002.97561
G0 F15000 X180.358 Y127.94
G1 F6000 X181.943 Y126.356 E1003.05014
G0 F15000 X181.721 Y126.011
G1 F6000 X179.793 Y127.94 E1003.14085
G0 F15000 X179.227 Y127.94
G1 F6000 X181.545 Y125.622 E1003.24988
G0 F15000 X181.411 Y125.19
G1 F6000 X178.661 Y127.94 E1003.37923
G0 F15000 X178.095 Y127.94
G1 F6000 X181.348 Y124.688 E1003.53222
G0 F15000 X181.362 Y124.108
G1 F6000 X177.583 Y127.887 E1003.70997
G0 F15000 X177.66 Y127.245
G1 F6000 X181.553 Y123.351 E1003.89311
G1 F2400 E1003.39311
G0 F15000 X181.985 Y123.507
G0 X182.496 Y122.569
G0 X182.496 Y121.3
G0 X181.548 Y121.66
G1 F2400 E1003.89311
G1 F6000 X177.66 Y125.548 E1004.07599
G0 F15000 X177.66 Y126.113
G1 F6000 X182.113 Y121.66 E1004.28544
G0 F15000 X182.679 Y121.66
G1 F6000 X177.66 Y126.679 E1004.52152
G0 F15000 X177.2 Y126.679
G0 X177.2 Y124.982
G0 X177.66 Y124.982
G1 F6000 X180.982 Y121.66 E1004.67778
G0 F15000 X180.416 Y121.66
G1 F6000 X177.66 Y124.416 E1004.80741
G0 F15000 X177.66 Y123.85
G1 F6000 X179.85 Y121.66 E1004.91042
G0 F15000 X179.285 Y121.66
G1 F6000 X177.66 Y123.285 E1004.98686
G0 F15000 X177.66 Y122.719
G1 F6000 X178.719 Y121.66 E1005.03667
G0 F15000 X178.153 Y121.66
G1 F6000 X177.66 Y122.153 E1005.05986
G1 F2400 E1004.55986
;MESH:NONMESH
G0 F300 X177.66 Y122.153 Z3
G0 F15000 X177.2 Y122.153
G0 X176.938 Y127.938
G0 X135.062 Y127.938
G0 X135.049 Y122.101
G0 X134.7 Y122.1
G0 X131.149 Y121.738
G0 X129.504 Y122.1
;TIME_ELAPSED:1333.147406
;LAYER:14
;TYPE:WALL-INNER
;MESH:Vakuumpumpe casing (berre sk??l)V2.stl
G1 F2400 E1005.05986
G1 F6000 X129.129 Y122.074 E1005.07236
G1 X128.786 Y122.002 E1005.08402
G1 X128.464 Y121.887 E1005.09539
G1 X128.171 Y121.735 E1005.10637
G1 X127.884 Y121.54 E1005.11791
G1 X127.632 Y121.312 E1005.12921
G1 X127.418 Y121.06 E1005.14021
G1 X127.149 Y120.661 E1005.15621
G1 X126.981 Y120.153 E1005.17401
G1 X126.92 Y119.868 E1005.1837
G1 X126.896 Y119.508 E1005.1957
G1 X126.923 Y119.124 E1005.20851
G1 X126.997 Y118.777 E1005.22031
G1 X127.109 Y118.471 E1005.23115
G1 X127.266 Y118.164 E1005.24261
G1 X127.461 Y117.884 E1005.25396
G1 X127.683 Y117.637 E1005.26501
G1 X127.875 Y117.464 E1005.2736
G1 X128.159 Y117.268 E1005.28508
G1 X128.455 Y117.113 E1005.2962
G1 X128.845 Y116.98 E1005.3099
G1 X129.132 Y116.92 E1005.31965
G1 X129.492 Y116.896 E1005.33165
G1 X129.793 Y116.913 E1005.34168
G1 X130.139 Y116.974 E1005.35337
G1 X130.522 Y117.107 E1005.36685
G1 X130.761 Y117.223 E1005.37569
G1 X131.056 Y117.416 E1005.38741
G1 X131.368 Y117.688 E1005.40118
G1 X131.584 Y117.943 E1005.41229
G1 X131.728 Y118.159 E1005.42093
G1 X131.918 Y118.538 E1005.43503
G1 X132.016 Y118.845 E1005.44575
G1 X132.072 Y119.113 E1005.45485
G1 X132.1 Y119.488 E1005.46736
G1 X132.076 Y119.86 E1005.47976
G1 X132.001 Y120.217 E1005.49189
G1 X131.889 Y120.529 E1005.50292
G1 X131.769 Y120.769 E1005.51184
G1 X131.544 Y121.108 E1005.52537
G1 X131.312 Y121.368 E1005.53696
G1 X131.053 Y121.587 E1005.54825
G1 X130.78 Y121.762 E1005.55903
G1 X130.459 Y121.919 E1005.57092
G1 X130.215 Y121.999 E1005.57946
G1 X129.86 Y122.076 E1005.59154
G1 X129.504 Y122.1 E1005.60341
G1 F2400 E1005.10341
G0 F15000 X130.273 Y122.17
G0 X134.74 Y125.663
G0 X135.062 Y127.938
G0 X135.519 Y127.947
G0 X136.237 Y130.052
G0 X114.062 Y130.062
G0 X114.062 Y169.938
G0 X150 Y170.41
G0 X150 Y170.1
G1 F2400 E1005.60341
G1 F6000 X114.5 Y170.1 E1006.78414
G1 X114.261 Y170.051 E1006.79226
G1 X114.075 Y169.925 E1006.79973
G1 X113.949 Y169.739 E1006.8072
G1 X113.9 Y169.574 E1006.81292
G1 X113.9 Y130.5 E1008.11253
G1 X113.949 Y130.261 E1008.12065
G1 X114.075 Y130.075 E1008.12812
G1 X114.261 Y129.949 E1008.13559
G1 X114.426 Y129.9 E1008.14131
G1 X178.608 Y129.9 E1010.27602
G1 X178.864 Y130.022 E1010.28545
G1 X178.982 Y130.141 E1010.29102
G1 X179.1 Y130.392 E1010.30025
G1 X179.1 Y169.605 E1011.60448
G1 X179.003 Y169.829 E1011.6126
G1 X178.859 Y169.982 E1011.61958
G1 X178.608 Y170.1 E1011.62881
G1 X150 Y170.1 E1012.58032
G0 F15000 X150 Y170.41
G0 X150 Y171.59
G0 X150 Y171.9
G1 F6000 X176.5 Y171.9 E1013.46171
G1 X176.755 Y171.956 E1013.47039
G1 X176.946 Y172.097 E1013.47829
G1 X177.1 Y172.429 E1013.49046
G1 X177.1 Y178.9 E1013.70569
G1 X187.9 Y178.9 E1014.0649
G1 X187.9 Y168.1 E1014.42411
G1 X181.429 Y168.1 E1014.63933
G1 X181.097 Y167.946 E1014.6515
G1 X180.956 Y167.754 E1014.65943
G1 X180.9 Y167.575 E1014.66567
G1 X180.9 Y132.5 E1015.83227
G1 X180.956 Y132.245 E1015.84095
G1 X181.097 Y132.054 E1015.84884
G1 X181.269 Y131.946 E1015.8556
G1 X181.431 Y131.9 E1015.8612
G1 X187.9 Y131.9 E1016.07636
G1 X187.9 Y121.1 E1016.43557
G1 X177.1 Y121.1 E1016.79478
G1 X177.1 Y127.569 E1017.00994
G1 X177.054 Y127.731 E1017.01554
G1 X176.946 Y127.903 E1017.0223
G1 X176.754 Y128.044 E1017.03022
G1 X176.575 Y128.1 E1017.03646
G1 X135.5 Y128.1 E1018.40262
G1 X135.217 Y128.03 E1018.41231
G1 X135.02 Y127.86 E1018.42097
G1 X134.9 Y127.621 E1018.42986
G1 X134.9 Y116.1 E1018.81305
G1 X124.1 Y116.1 E1019.17226
G1 X124.1 Y127.621 E1019.55545
G1 X123.98 Y127.86 E1019.56435
G1 X123.783 Y128.03 E1019.573
G1 X123.578 Y128.1 E1019.58021
G1 X112.1 Y128.1 E1019.96197
G1 X112.1 Y171.9 E1021.41876
G1 X123.5 Y171.9 E1021.79793
G1 X123.783 Y171.97 E1021.80762
G1 X123.98 Y172.14 E1021.81628
G1 X124.1 Y172.379 E1021.82517
G1 X124.1 Y183.9 E1022.20836
G1 X134.9 Y183.9 E1022.56757
G1 X134.9 Y172.379 E1022.95076
G1 X135.02 Y172.14 E1022.95966
G1 X135.217 Y171.97 E1022.96831
G1 X135.422 Y171.9 E1022.97552
G1 X150 Y171.9 E1023.46038
G1 F2400 E1022.96038
G0 F15000 X150 Y171.59
G0 X135.062 Y172.062
G0 X135.059 Y182.831
G0 X134.7 Y183.1
G0 X130.863 Y182.922
G0 X129.504 Y183.1
G1 F2400 E1023.46038
G1 F6000 X129.207 Y183.083 E1023.47028
G1 X128.861 Y183.022 E1023.48196
G1 X128.463 Y182.887 E1023.49594
G1 X128.171 Y182.734 E1023.5069
G1 X127.951 Y182.591 E1023.51563
G1 X127.632 Y182.312 E1023.52973
G1 X127.416 Y182.057 E1023.54084
G1 X127.227 Y181.765 E1023.55241
G1 X127.086 Y181.473 E1023.5632
G1 X126.975 Y181.142 E1023.57481
G1 X126.92 Y180.868 E1023.5841
G1 X126.896 Y180.508 E1023.5961
G1 X126.923 Y180.124 E1023.60891
G1 X126.997 Y179.777 E1023.62071
G1 X127.109 Y179.471 E1023.63154
G1 X127.225 Y179.235 E1023.64029
G1 X127.46 Y178.884 E1023.65434
G1 X127.683 Y178.637 E1023.66541
G1 X127.943 Y178.412 E1023.67684
G1 X128.159 Y178.268 E1023.68548
G1 X128.538 Y178.078 E1023.69958
G1 X128.845 Y177.98 E1023.7103
G1 X129.132 Y177.92 E1023.72005
G1 X129.492 Y177.896 E1023.73205
G1 X129.871 Y177.922 E1023.74469
G1 X130.226 Y177.998 E1023.75676
G1 X130.522 Y178.107 E1023.76725
G1 X130.84 Y178.269 E1023.77912
G1 X131.108 Y178.457 E1023.79001
G1 X131.368 Y178.689 E1023.8016
G1 X131.584 Y178.943 E1023.81269
G1 X131.728 Y179.159 E1023.82132
G1 X131.918 Y179.538 E1023.83543
G1 X132.016 Y179.845 E1023.84614
G1 X132.072 Y180.113 E1023.85525
G1 X132.1 Y180.488 E1023.86776
G1 X132.076 Y180.86 E1023.88016
G1 X132.001 Y181.217 E1023.89229
G1 X131.889 Y181.529 E1023.90331
G1 X131.732 Y181.833 E1023.91469
G1 X131.543 Y182.108 E1023.92579
G1 X131.311 Y182.368 E1023.93738
G1 X131.12 Y182.536 E1023.94584
G1 X130.833 Y182.731 E1023.95738
G1 X130.504 Y182.904 E1023.96975
G1 X130.215 Y182.999 E1023.97986
G1 X129.86 Y183.076 E1023.99195
G1 X129.504 Y183.1 E1024.00381
G1 F2400 E1023.50381
G0 F15000 X131.68 Y182.226
G0 X182.806 Y177.713
G0 X184.504 Y178.1
G1 F2400 E1024.00381
G1 F6000 X184.207 Y178.083 E1024.01371
G1 X183.861 Y178.022 E1024.02539
G1 X183.463 Y177.887 E1024.03937
G1 X183.171 Y177.734 E1024.05034
G1 X182.951 Y177.591 E1024.05906
G1 X182.688 Y177.368 E1024.07053
G1 X182.409 Y177.053 E1024.08453
G1 X182.234 Y176.78 E1024.09531
G1 X182.077 Y176.459 E1024.1072
G1 X181.997 Y176.216 E1024.11571
G1 X181.92 Y175.868 E1024.12756
G1 X181.896 Y175.508 E1024.13956
G1 X181.912 Y175.204 E1024.14969
G1 X181.997 Y174.777 E1024.16417
G1 X182.109 Y174.471 E1024.17501
G1 X182.266 Y174.165 E1024.18644
G1 X182.436 Y173.914 E1024.19653
G1 X182.683 Y173.637 E1024.20887
G1 X182.908 Y173.437 E1024.21888
G1 X183.161 Y173.267 E1024.22902
G1 X183.538 Y173.078 E1024.24305
G1 X183.845 Y172.98 E1024.25377
G1 X184.132 Y172.92 E1024.26352
G1 X184.492 Y172.896 E1024.27552
G1 X184.793 Y172.913 E1024.28555
G1 X185.226 Y172.998 E1024.30022
G1 X185.462 Y173.082 E1024.30856
G1 X185.762 Y173.223 E1024.31958
G1 X186.108 Y173.456 E1024.33345
G1 X186.368 Y173.688 E1024.34504
G1 X186.536 Y173.88 E1024.35353
G1 X186.728 Y174.159 E1024.36479
G1 X186.883 Y174.455 E1024.37591
G1 X187 Y174.776 E1024.38727
G1 X187.073 Y175.119 E1024.39893
G1 X187.1 Y175.488 E1024.41124
G1 X187.074 Y175.871 E1024.42401
G1 X187.001 Y176.217 E1024.43577
G1 X186.889 Y176.529 E1024.4468
G1 X186.732 Y176.833 E1024.45818
G1 X186.543 Y177.108 E1024.46927
G1 X186.341 Y177.341 E1024.47953
G1 X186.12 Y177.536 E1024.48933
G1 X185.833 Y177.731 E1024.50087
G1 X185.504 Y177.904 E1024.51324
G1 X185.215 Y177.999 E1024.52335
G1 X184.868 Y178.076 E1024.53518
G1 X184.504 Y178.1 E1024.54731
G1 F2400 E1024.04731
G0 F15000 X183.275 Y177.624
G0 X182.766 Y177.235
G0 X182.381 Y176.735
G0 X182.134 Y176.144
G0 X182.046 Y175.509
G0 X182.131 Y174.866
G0 X182.376 Y174.275
G0 X182.765 Y173.766
G0 X183.049 Y173.548
G0 X184.492 Y172.716
G0 X184.496 Y127.28
G0 X184.532 Y127.1
G1 F2400 E1024.54731
G1 F6000 X184.123 Y127.073 E1024.56094
G1 X183.786 Y127.002 E1024.5724
G1 X183.464 Y126.887 E1024.58377
G1 X183.171 Y126.735 E1024.59475
G1 X182.884 Y126.54 E1024.60629
G1 X182.637 Y126.317 E1024.61736
G1 X182.435 Y126.088 E1024.62751
G1 X182.268 Y125.835 E1024.6376
G1 X182.016 Y125.344 E1024.65595
G1 X181.92 Y124.86 E1024.67236
G1 X181.896 Y124.5 E1024.68436
G1 X181.923 Y124.124 E1024.6969
G1 X181.997 Y123.777 E1024.7087
G1 X182.109 Y123.471 E1024.71954
G1 X182.266 Y123.164 E1024.73101
G1 X182.461 Y122.884 E1024.74236
G1 X182.683 Y122.637 E1024.7534
G1 X182.875 Y122.464 E1024.762
G1 X183.159 Y122.268 E1024.77348
G1 X183.455 Y122.113 E1024.78459
G1 X183.845 Y121.98 E1024.79829
G1 X184.132 Y121.92 E1024.80805
G1 X184.492 Y121.896 E1024.82005
G1 X184.793 Y121.913 E1024.83007
G1 X185.139 Y121.974 E1024.84176
G1 X185.522 Y122.107 E1024.85524
G1 X185.761 Y122.223 E1024.86408
G1 X186.056 Y122.416 E1024.87581
G1 X186.341 Y122.659 E1024.88826
G1 X186.536 Y122.88 E1024.89807
G1 X186.728 Y123.159 E1024.90933
G1 X186.883 Y123.455 E1024.92044
G1 X187 Y123.776 E1024.93181
G1 X187.073 Y124.119 E1024.94347
G1 X187.1 Y124.488 E1024.95578
G1 X187.074 Y124.871 E1024.96854
G1 X187.001 Y125.217 E1024.98031
G1 X186.889 Y125.529 E1024.99133
G1 X186.732 Y125.833 E1025.00271
G1 X186.543 Y126.108 E1025.01381
G1 X186.312 Y126.368 E1025.02538
G1 X186.053 Y126.587 E1025.03666
G1 X185.833 Y126.731 E1025.0454
G1 X185.507 Y126.904 E1025.05768
G1 X185.153 Y127.016 E1025.07003
G1 X184.868 Y127.076 E1025.07971
G1 X184.532 Y127.1 E1025.09092
G0 F15000 X184.483 Y126.7
;TYPE:WALL-OUTER
G1 F6000 X184.201 Y126.681 E1025.10032
G1 X183.912 Y126.622 E1025.11013
G1 X183.645 Y126.531 E1025.11951
G1 X183.409 Y126.411 E1025.12832
G1 X183.159 Y126.248 E1025.13824
G1 X182.935 Y126.05 E1025.14819
G1 X182.753 Y125.846 E1025.15728
G1 X182.593 Y125.599 E1025.16707
G1 X182.396 Y125.21 E1025.18157
G1 X182.314 Y124.791 E1025.19577
G1 X182.296 Y124.487 E1025.2059
G1 X182.315 Y124.201 E1025.21543
G1 X182.367 Y123.937 E1025.22438
G1 X182.468 Y123.647 E1025.2346
G1 X182.584 Y123.411 E1025.24334
G1 X182.761 Y123.148 E1025.25389
G1 X182.95 Y122.935 E1025.26336
G1 X183.142 Y122.762 E1025.27195
G1 X183.401 Y122.589 E1025.28231
G1 X183.637 Y122.469 E1025.29112
G1 X183.927 Y122.372 E1025.30129
G1 X184.201 Y122.314 E1025.31061
G1 X184.505 Y122.296 E1025.32073
G1 X184.794 Y122.315 E1025.33037
G1 X185.092 Y122.375 E1025.34048
G1 X185.348 Y122.467 E1025.34952
G1 X185.587 Y122.583 E1025.35836
G1 X185.83 Y122.746 E1025.36809
G1 X186.058 Y122.942 E1025.37809
G1 X186.251 Y123.165 E1025.3879
G1 X186.407 Y123.401 E1025.39731
G1 X186.538 Y123.662 E1025.40702
G1 X186.629 Y123.933 E1025.41653
G1 X186.684 Y124.223 E1025.42635
G1 X186.7 Y124.5 E1025.43558
G1 X186.681 Y124.795 E1025.44541
G1 X186.597 Y125.216 E1025.45969
G1 X186.399 Y125.611 E1025.47438
G1 X186.24 Y125.847 E1025.48385
G1 X186.048 Y126.067 E1025.49356
G1 X185.834 Y126.252 E1025.50297
G1 X185.614 Y126.396 E1025.51172
G1 X185.335 Y126.539 E1025.52214
G1 X185.091 Y126.619 E1025.53068
G1 X184.799 Y126.682 E1025.54062
G1 X184.483 Y126.7 E1025.55115
G1 F2400 E1025.05115
G0 F15000 X184.462 Y127.009
G0 X184.496 Y127.28
G0 X184.492 Y172.716
G0 X184.491 Y177.7
G1 F2400 E1025.55115
G1 F6000 X184.205 Y177.681 E1025.56068
G1 X183.912 Y177.622 E1025.57062
G1 X183.645 Y177.531 E1025.58
G1 X183.39 Y177.4 E1025.58954
G1 X183.148 Y177.239 E1025.59921
G1 X182.935 Y177.05 E1025.60868
G1 X182.744 Y176.834 E1025.61827
G1 X182.6 Y176.614 E1025.62701
G1 X182.457 Y176.335 E1025.63744
G1 X182.377 Y176.091 E1025.64598
G1 X182.314 Y175.799 E1025.65592
G1 X182.296 Y175.496 E1025.66601
G1 X182.315 Y175.201 E1025.67584
G1 X182.367 Y174.937 E1025.68479
G1 X182.468 Y174.647 E1025.69501
G1 X182.584 Y174.411 E1025.70375
G1 X182.753 Y174.158 E1025.71387
G1 X182.95 Y173.935 E1025.72377
G1 X183.153 Y173.753 E1025.73284
G1 X183.401 Y173.589 E1025.74273
G1 X183.637 Y173.469 E1025.75153
G1 X183.927 Y173.372 E1025.7617
G1 X184.201 Y173.314 E1025.77102
G1 X184.505 Y173.296 E1025.78115
G1 X184.795 Y173.315 E1025.79081
G1 X185.063 Y173.367 E1025.79989
G1 X185.328 Y173.459 E1025.80922
G1 X185.588 Y173.583 E1025.8188
G1 X185.847 Y173.76 E1025.82924
G1 X186.067 Y173.952 E1025.83895
G1 X186.235 Y174.144 E1025.84743
G1 X186.407 Y174.401 E1025.85772
G1 X186.538 Y174.662 E1025.86743
G1 X186.629 Y174.933 E1025.87694
G1 X186.684 Y175.223 E1025.88676
G1 X186.7 Y175.5 E1025.89599
G1 X186.681 Y175.795 E1025.90582
G1 X186.597 Y176.216 E1025.9201
G1 X186.399 Y176.611 E1025.93479
G1 X186.24 Y176.847 E1025.94426
G1 X186.058 Y177.058 E1025.95353
G1 X185.834 Y177.252 E1025.96338
G1 X185.614 Y177.396 E1025.97213
G1 X185.335 Y177.539 E1025.98255
G1 X185.091 Y177.619 E1025.99109
G1 X184.799 Y177.682 E1026.00103
G1 X184.491 Y177.7 E1026.01129
G1 F2400 E1025.51129
G0 F15000 X184.471 Y178.009
G0 X183.562 Y177.766
G0 X182.115 Y176.933
G0 X177.3 Y176.933
G0 X150 Y172.302
G1 F2400 E1026.01129
G1 F6000 X176.56 Y172.3 E1026.89468
G1 X176.649 Y172.365 E1026.89835
G1 X176.698 Y172.468 E1026.90214
G1 X176.7 Y179.3 E1027.12937
G1 X188.3 Y179.3 E1027.51519
G1 X188.3 Y167.7 E1027.90101
G1 X181.468 Y167.698 E1028.12824
G1 X181.365 Y167.649 E1028.13204
G1 X181.303 Y167.535 E1028.13635
G1 X181.3 Y132.44 E1029.30362
G1 X181.365 Y132.351 E1029.30728
G1 X181.468 Y132.302 E1029.31108
G1 X188.3 Y132.3 E1029.53831
G1 X188.3 Y120.7 E1029.92413
G1 X176.7 Y120.7 E1030.30994
G1 X176.698 Y127.532 E1030.53718
G1 X176.649 Y127.635 E1030.54097
G1 X176.535 Y127.697 E1030.54529
G1 X135.423 Y127.7 E1031.91268
G1 X135.3 Y127.541 E1031.91936
G1 X135.3 Y115.7 E1032.3132
G1 X123.7 Y115.7 E1032.69901
G1 X123.7 Y127.541 E1033.09285
G1 X123.66 Y127.62 E1033.09579
G1 X123.535 Y127.697 E1033.10068
G1 X111.7 Y127.7 E1033.49431
G1 X111.7 Y172.3 E1034.97771
G1 X123.577 Y172.3 E1035.37274
G1 X123.7 Y172.459 E1035.37943
G1 X123.7 Y184.3 E1035.77326
G1 X135.3 Y184.3 E1036.15908
G1 X135.3 Y172.459 E1036.55291
G1 X135.34 Y172.38 E1036.55586
G1 X135.465 Y172.303 E1036.56074
G1 X150 Y172.302 E1037.04418
G1 F2400 E1036.54418
G0 F15000 X150 Y171.59
G0 X150 Y170.41
G0 X150 Y169.697
G1 F2400 E1037.04418
G1 F6000 X114.444 Y169.7 E1038.22677
G1 X114.358 Y169.642 E1038.23022
G1 X114.303 Y169.535 E1038.23423
G1 X114.3 Y130.444 E1039.5344
G1 X114.358 Y130.358 E1039.53785
G1 X114.465 Y130.303 E1039.54185
G1 X178.548 Y130.305 E1041.67326
G1 X178.622 Y130.34 E1041.67598
G1 X178.695 Y130.452 E1041.68043
G1 X178.695 Y169.548 E1042.98077
G1 X178.66 Y169.622 E1042.98349
G1 X178.548 Y169.695 E1042.98793
G1 X150 Y169.697 E1043.93745
G1 F2400 E1043.43745
G0 F15000 X150 Y170.41
G0 X135.062 Y172.062
G0 X135.06 Y182.712
G0 X134.7 Y183.009
G0 X130.863 Y182.922
G0 X129.491 Y182.7
G1 F2400 E1043.93745
G1 F6000 X129.205 Y182.681 E1043.94698
G1 X128.912 Y182.622 E1043.95692
G1 X128.645 Y182.531 E1043.9663
G1 X128.39 Y182.4 E1043.97584
G1 X128.148 Y182.239 E1043.9855
G1 X127.933 Y182.048 E1043.99507
G1 X127.749 Y181.835 E1044.00443
G1 X127.585 Y181.586 E1044.01435
G1 X127.463 Y181.339 E1044.02351
G1 X127.367 Y181.064 E1044.0332
G1 X127.314 Y180.799 E1044.04219
G1 X127.296 Y180.496 E1044.05228
G1 X127.315 Y180.201 E1044.06211
G1 X127.367 Y179.937 E1044.07106
G1 X127.468 Y179.647 E1044.08128
G1 X127.584 Y179.411 E1044.09002
G1 X127.761 Y179.148 E1044.10057
G1 X127.95 Y178.935 E1044.11004
G1 X128.165 Y178.745 E1044.11958
G1 X128.401 Y178.589 E1044.12899
G1 X128.637 Y178.469 E1044.1378
G1 X128.904 Y178.378 E1044.14718
G1 X129.201 Y178.314 E1044.15728
G1 X129.505 Y178.296 E1044.16741
G1 X129.795 Y178.315 E1044.17708
G1 X130.064 Y178.367 E1044.18619
G1 X130.348 Y178.467 E1044.19621
G1 X130.588 Y178.583 E1044.20507
G1 X130.847 Y178.76 E1044.21551
G1 X131.067 Y178.952 E1044.22522
G1 X131.251 Y179.165 E1044.23458
G1 X131.407 Y179.401 E1044.24399
G1 X131.527 Y179.637 E1044.25279
G1 X131.624 Y179.927 E1044.26297
G1 X131.684 Y180.223 E1044.27301
G1 X131.7 Y180.5 E1044.28224
G1 X131.681 Y180.795 E1044.29207
G1 X131.597 Y181.216 E1044.30635
G1 X131.399 Y181.611 E1044.32105
G1 X131.24 Y181.847 E1044.33051
G1 X131.048 Y182.067 E1044.34022
G1 X130.834 Y182.252 E1044.34963
G1 X130.614 Y182.396 E1044.35838
G1 X130.335 Y182.539 E1044.3688
G1 X130.091 Y182.619 E1044.37734
G1 X129.791 Y182.682 E1044.38754
G1 X129.491 Y182.7 E1044.39754
G1 F2400 E1043.89754
G0 F15000 X129.471 Y183.009
G0 X128.562 Y182.766
G0 X128.007 Y182.446
G0 X127.559 Y182
G0 X127.238 Y181.446
G0 X127.07 Y180.829
G0 X127.069 Y180.18
G0 X127.234 Y179.562
G0 X127.554 Y179.007
G0 X127.955 Y178.605
G0 X129.492 Y177.716
G0 X129.504 Y122.28
G0 X129.491 Y121.7
G1 F2400 E1044.39754
G1 F6000 X129.205 Y121.681 E1044.40707
G1 X128.936 Y121.629 E1044.41618
G1 X128.645 Y121.531 E1044.42639
G1 X128.39 Y121.4 E1044.43593
G1 X128.148 Y121.239 E1044.4456
G1 X127.933 Y121.048 E1044.45516
G1 X127.75 Y120.836 E1044.46448
G1 X127.502 Y120.457 E1044.47954
G1 X127.372 Y120.07 E1044.49312
G1 X127.314 Y119.799 E1044.50234
G1 X127.296 Y119.496 E1044.51243
G1 X127.315 Y119.201 E1044.52227
G1 X127.367 Y118.937 E1044.53121
G1 X127.468 Y118.647 E1044.54143
G1 X127.584 Y118.411 E1044.55017
G1 X127.761 Y118.148 E1044.56072
G1 X127.95 Y117.935 E1044.57019
G1 X128.142 Y117.762 E1044.57879
G1 X128.401 Y117.589 E1044.58914
G1 X128.637 Y117.469 E1044.59795
G1 X128.927 Y117.372 E1044.60812
G1 X129.201 Y117.314 E1044.61744
G1 X129.505 Y117.296 E1044.62757
G1 X129.794 Y117.315 E1044.6372
G1 X130.092 Y117.375 E1044.64731
G1 X130.348 Y117.467 E1044.65636
G1 X130.587 Y117.583 E1044.66519
G1 X130.83 Y117.746 E1044.67492
G1 X131.067 Y117.952 E1044.68537
G1 X131.251 Y118.165 E1044.69473
G1 X131.407 Y118.401 E1044.70414
G1 X131.527 Y118.637 E1044.71295
G1 X131.624 Y118.927 E1044.72312
G1 X131.684 Y119.223 E1044.73316
G1 X131.7 Y119.5 E1044.74239
G1 X131.681 Y119.795 E1044.75222
G1 X131.597 Y120.214 E1044.76644
G1 X131.411 Y120.59 E1044.78039
G1 X131.24 Y120.847 E1044.79065
G1 X131.048 Y121.067 E1044.80037
G1 X130.834 Y121.252 E1044.80978
G1 X130.614 Y121.396 E1044.81852
G1 X130.335 Y121.539 E1044.82895
G1 X130.091 Y121.619 E1044.83749
G1 X129.791 Y121.682 E1044.84768
G1 X129.491 Y121.7 E1044.85768
G1 F2400 E1044.35768
G0 F15000 X129.471 Y122.009
G0 X129.251 Y122.263
G0 X124.26 Y125.485
G0 X124.109 Y127.956
G0 X123.565 Y128.306
G0 X128.804 Y128.4
G0 X128.804 Y128.179
;TYPE:FILL
G1 F2400 E1044.85768
G1 F12000 X128.364 Y129.821 E1044.91422
G0 F15000 X128.364 Y129.59
G0 X131.18 Y128.4
G0 X131.18 Y128.18
G1 F12000 X132.819 Y129.82 E1044.99134
G0 F15000 X132.819 Y129.59
G0 X136.646 Y129.59
G0 X136.646 Y129.82
G1 F12000 X137.086 Y128.18 E1045.04781
G0 F15000 X137.086 Y128.41
G0 X140.776 Y129.59
G0 X140.776 Y129.82
G1 F12000 X146.897 Y128.18 E1045.25858
G0 F15000 X146.897 Y128.41
G0 X145.368 Y128.41
G0 X145.368 Y128.18
G1 F12000 X144.928 Y129.821 E1045.31509
G0 F15000 X144.133 Y129.82
G1 F12000 X142.493 Y128.18 E1045.39223
G0 F15000 X142.493 Y128.41
G0 X153.211 Y129.59
G0 X153.211 Y129.82
G1 F12000 X153.65 Y128.179 E1045.44873
G1 X153.807 Y128.18
G1 X155.447 Y129.82 E1045.52587
G0 F15000 X155.447 Y129.59
G0 X161.493 Y129.59
G0 X161.493 Y129.821
G1 F12000 X161.932 Y128.18 E1045.58237
G0 F15000 X161.932 Y128.41
G0 X165.121 Y128.41
G0 X165.121 Y128.18
G1 F12000 X166.761 Y129.82 E1045.65951
G0 F15000 X166.761 Y129.59
G0 X169.775 Y129.59
G0 X169.775 Y129.821
G1 F12000 X170.215 Y128.179 E1045.71605
G0 F15000 X170.215 Y128.41
G0 X171.684 Y129.59
G0 X171.684 Y129.82
G1 F12000 X177.806 Y128.18 E1045.92684
G0 F15000 X178.497 Y128.18
G1 F12000 X178.057 Y129.82 E1045.98332
G1 X178.074 Y129.82
G1 X176.434 Y128.18 E1046.06046
G0 F15000 X176.434 Y128.41
G0 X179.338 Y129.662
G0 X179.41 Y130.926
G0 X179.18 Y130.926
G1 F12000 X180.82 Y132.566 E1046.1376
G0 F15000 X180.59 Y132.566
G0 X180.59 Y135.655
G0 X180.819 Y135.655
G1 F12000 X179.18 Y136.094 E1046.19404
G0 F15000 X179.41 Y136.094
G0 X179.41 Y142.239
G0 X179.18 Y142.239
G1 F12000 X180.82 Y143.879 E1046.27118
G1 X180.819 Y143.937
G1 X179.181 Y144.376 E1046.32758
G0 F15000 X179.41 Y144.376
G0 X180.59 Y150.42
G0 X180.82 Y150.42
G1 F12000 X179.18 Y156.539 E1046.53828
G0 F15000 X179.41 Y156.539
G0 X180.59 Y155.193
G0 X180.82 Y155.193
G1 F12000 X179.18 Y153.553 E1046.61542
G0 F15000 X179.18 Y152.658
G1 F12000 X180.82 Y152.219 E1046.67189
G0 F15000 X180.59 Y152.219
G0 X180.59 Y160.502
G0 X180.819 Y160.502
G1 F12000 X179.18 Y160.941 E1046.72832
G0 F15000 X179.41 Y160.941
G0 X179.41 Y164.867
G0 X179.18 Y164.867
G1 F12000 X180.82 Y166.507 E1046.80546
G0 F15000 X180.59 Y166.507
G0 X180.6 Y168.784
G0 X180.819 Y168.784
G1 F12000 X179.181 Y169.223 E1046.86187
G0 F15000 X179.41 Y169.223
G0 X179.338 Y170.338
G0 X175.608 Y170.41
G0 X175.608 Y170.18
G1 F12000 X169.486 Y171.82 E1047.07267
G0 F15000 X169.486 Y171.59
G0 X166.803 Y171.59
G0 X166.803 Y171.821
G1 F12000 X167.243 Y170.179 E1047.12921
G0 F15000 X167.243 Y170.41
G0 X163.506 Y171.59
G0 X163.506 Y171.82
G1 F12000 X161.866 Y170.18 E1047.20635
G0 F15000 X161.866 Y170.41
G0 X158.961 Y170.41
G0 X158.961 Y170.18
G1 F12000 X158.521 Y171.821 E1047.26285
G0 F15000 X158.521 Y171.59
G0 X152.192 Y171.59
G0 X152.192 Y171.82
G1 F12000 X150.552 Y170.18 E1047.33999
G1 X150.678 Y170.18
G1 X150.239 Y171.82 E1047.39646
G0 F15000 X150.239 Y171.59
G0 X144.697 Y170.41
G0 X144.697 Y170.18
G1 F12000 X138.576 Y171.82 E1047.60723
G0 F15000 X138.576 Y171.59
G0 X139.239 Y170.41
G0 X139.239 Y170.18
G1 F12000 X140.878 Y171.82 E1047.68434
G0 F15000 X140.878 Y171.59
G0 X141.957 Y171.59
G0 X141.957 Y171.821
G1 F12000 X142.396 Y170.18 E1047.74084
G0 F15000 X142.396 Y170.41
G0 X134.114 Y170.41
G0 X134.114 Y170.18
G1 F12000 X133.675 Y171.82 E1047.79731
G0 F15000 X133.675 Y171.6
G0 X129.565 Y171.6
G0 X129.565 Y171.82
G1 F12000 X127.925 Y170.18 E1047.87445
G0 F15000 X127.925 Y170.41
G0 X125.832 Y170.41
G0 X125.832 Y170.179
G1 F12000 X125.392 Y171.821 E1047.93099
G0 F15000 X125.392 Y171.6
G0 X118.251 Y171.59
G0 X118.251 Y171.82
G1 F12000 X116.611 Y170.18 E1048.00813
G0 F15000 X117.55 Y170.18
G1 F12000 X117.11 Y171.821 E1048.06464
G0 F15000 X117.11 Y171.59
G0 X114.166 Y170.41
G0 X114.166 Y170.079
G1 F12000 X112.18 Y170.611 E1048.13302
G0 F15000 X112.41 Y170.611
G0 X113.59 Y167.389
G0 X113.82 Y167.389
G1 F12000 X112.18 Y165.749 E1048.21016
G0 F15000 X112.41 Y165.749
G0 X112.41 Y162.329
G0 X112.18 Y162.329
G1 F12000 X113.819 Y161.89 E1048.2666
G0 F15000 X113.59 Y161.89
G0 X112.41 Y159.309
G0 X112.18 Y159.309
G1 F12000 X113.819 Y153.192 E1048.47723
G0 F15000 X113.82 Y153.607
G1 F12000 X112.181 Y154.047 E1048.53367
G0 F15000 X112.18 Y154.435
G1 F12000 X113.82 Y156.075 E1048.61081
G0 F15000 X113.59 Y156.075
G0 X112.41 Y145.764
G0 X112.18 Y145.764
G1 F12000 X113.819 Y145.325 E1048.66725
G0 F15000 X113.82 Y144.762
G1 F12000 X112.18 Y143.121 E1048.74441
G0 F15000 X112.41 Y143.121
G0 X112.41 Y137.482
G0 X112.18 Y137.482
G1 F12000 X113.82 Y137.043 E1048.80088
G0 F15000 X113.59 Y137.043
G0 X113.59 Y133.448
G0 X113.82 Y133.448
G1 F12000 X112.18 Y131.808 E1048.87802
G0 F15000 X112.41 Y131.808
G0 X112.41 Y129.2
G0 X112.181 Y129.2
G1 F12000 X115.987 Y128.18 E1049.00907
G0 F15000 X115.987 Y128.41
G0 X112.38 Y128.38
G0 X112.239 Y128.179
G1 F12000 X112.18 Y128.399 E1049.01665
G0 F15000 X112.41 Y128.399
G0 X119.866 Y128.41
G0 X119.866 Y128.18
G1 F12000 X121.506 Y129.82 E1049.09379
G0 F15000 X121.506 Y129.59
G0 X120.082 Y129.59
G0 X120.082 Y129.821
G1 F12000 X120.521 Y128.18 E1049.15029
G1 F2400 E1048.65029
G0 F15000 X120.521 Y128.41
G0 X179.338 Y129.662
G0 X179.338 Y170.338
G0 X173.18 Y170.41
G0 X173.18 Y170.18
G1 F2400 E1049.15029
G1 F12000 X174.819 Y171.82 E1049.22741
G0 F15000 X175.085 Y171.821
G1 F12000 X175.525 Y170.18 E1049.28391
G0 F15000 X175.525 Y170.41
G0 X180.3 Y171.672
G0 X180.637 Y167.207
G0 X181.41 Y168.261
G0 X187.728 Y168.272
G0 X187.8 Y175.079
G0 X187.487 Y175.079
;TYPE:SKIN
G1 F4868.2 X187.5 Y175.501 E1049.30122
G1 F4848.5 X187.485 Y175.928 E1049.31881
G1 F2400 E1048.81881
G0 F15000 X187.174 Y175.881
G0 X186.414 Y176.977
G0 X185.568 Y178.074
G0 X185.568 Y178.7
G0 X185.663 Y178.54
G1 F2400 E1049.31881
G1 F5839.4 X185.268 Y178.529 E1049.33231
G1 F5128.2 X184.949 Y178.483 E1049.34485
G1 F5251.6 X185.648 Y178.231 E1049.37309
G1 F6000 X185.959 Y178.07 E1049.38474
G1 X186.295 Y177.858 E1049.39795
G1 X186.586 Y177.602 E1049.41084
G1 X186.812 Y177.344 E1049.42225
G1 X187.029 Y177.035 E1049.43481
G1 X187.202 Y176.705 E1049.4472
G1 F5274.7 X187.485 Y175.928 E1049.47849
G1 X187.54 Y176.332 E1049.49391
G1 F6000 X187.54 Y178.54 E1049.56735
G1 X185.663 Y178.54 E1049.62978
G0 F15000 X184.949 Y178.483
G1 F4809.6 X184.496 Y178.498 E1049.64859
G1 F4878 X184.176 Y178.49 E1049.66168
G1 F4519.8 X183.789 Y178.458 E1049.67883
G1 F2400 E1049.17883
G0 F15000 X183.848 Y178.122
G0 X182.502 Y177.438
G0 X182.502 Y178.7
G0 X177.46 Y178.54
G1 F2400 E1049.67883
G1 F6000 X177.46 Y172.375 E1049.88388
G1 X177.373 Y172.103 E1049.89337
G1 X177.21 Y171.86 E1049.90311
G1 X180.706 Y171.861 E1050.01938
G1 X180.804 Y171.8 E1050.02322
G1 X180.86 Y171.672 E1050.02787
G1 X180.86 Y168.21 E1050.14302
G1 X181.103 Y168.373 E1050.15275
G1 X181.378 Y168.46 E1050.16234
G1 X187.54 Y168.46 E1050.36729
G1 X187.54 Y174.661 E1050.57354
G1 F5298 X187.487 Y175.079 E1050.58941
G1 X187.258 Y174.415 E1050.61586
G1 F6000 X187.073 Y174.039 E1050.6298
G1 X186.885 Y173.747 E1050.64135
G1 X186.643 Y173.452 E1050.65404
G1 X186.341 Y173.182 E1050.66752
G1 X185.965 Y172.92 E1050.68276
G1 X185.681 Y172.78 E1050.69329
G1 X185.271 Y172.631 E1050.7078
G1 X184.943 Y172.567 E1050.71891
G1 X184.502 Y172.536 E1050.73362
G1 X184.065 Y172.562 E1050.74818
G1 X183.745 Y172.629 E1050.75905
G1 X183.378 Y172.749 E1050.7719
G1 X183.043 Y172.915 E1050.78433
G1 X182.677 Y173.159 E1050.79896
G1 X182.377 Y173.431 E1050.81243
G1 X182.153 Y173.683 E1050.82364
G1 X181.968 Y173.962 E1050.83478
G1 X181.79 Y174.299 E1050.84745
G1 X181.638 Y174.71 E1050.86203
G1 X181.555 Y175.151 E1050.87695
G1 X181.536 Y175.506 E1050.88878
G1 X181.562 Y175.931 E1050.90294
G1 X181.629 Y176.245 E1050.91362
G1 X181.763 Y176.659 E1050.92809
G1 X181.951 Y177.011 E1050.94136
G1 X182.104 Y177.246 E1050.95069
G1 X182.359 Y177.55 E1050.96389
G1 X182.686 Y177.846 E1050.97856
G1 X183.047 Y178.081 E1050.99289
G1 X183.435 Y178.263 E1051.00714
G1 F4989.6 X183.789 Y178.458 E1051.0233
G1 X183.392 Y178.54 E1051.03952
G1 F6000 X177.46 Y178.54 E1051.23682
G0 F15000 X177.66 Y178.226
G1 F6000 X177.774 Y178.339 E1051.24216
G0 F15000 X178.339 Y178.339
G1 F6000 X177.66 Y177.66 E1051.27409
G0 F15000 X177.66 Y177.094
G1 F6000 X178.905 Y178.339 E1051.33265
G0 F15000 X179.471 Y178.339
G1 F6000 X177.66 Y176.529 E1051.41781
G0 F15000 X177.66 Y175.963
G1 F6000 X180.036 Y178.339 E1051.52957
G0 F15000 X180.602 Y178.339
G1 F6000 X177.66 Y175.397 E1051.66796
G0 F15000 X177.66 Y174.831
G1 F6000 X181.168 Y178.339 E1051.83296
G0 F15000 X181.734 Y178.339
G1 F6000 X177.66 Y174.266 E1052.02457
G0 F15000 X177.66 Y173.7
G1 F6000 X182.299 Y178.339 E1052.24277
G0 F15000 X182.865 Y178.339
G1 F6000 X177.66 Y173.134 E1052.4876
G0 F15000 X177.66 Y172.569
G1 F6000 X181.458 Y176.367 E1052.66625
G0 F15000 X181.346 Y175.689
G1 F6000 X177.717 Y172.06 E1052.83694
G0 F15000 X178.283 Y172.06
G1 F6000 X181.357 Y175.134 E1052.98153
G0 F15000 X181.446 Y174.658
G1 F6000 X178.848 Y172.06 E1053.10374
G0 F15000 X179.413 Y172.059
G1 F6000 X181.599 Y174.245 E1053.20656
G0 F15000 X181.791 Y173.872
G1 F6000 X179.978 Y172.058 E1053.29186
G0 F15000 X180.543 Y172.058
G1 F6000 X182.019 Y173.534 E1053.36129
G0 F15000 X182.291 Y173.24
G1 F6000 X180.955 Y171.904 E1053.42413
G0 F15000 X181.06 Y171.444
G1 F6000 X182.593 Y172.977 E1053.49624
G0 F15000 X182.931 Y172.749
G1 F6000 X181.06 Y170.878 E1053.58424
G0 F15000 X181.06 Y170.312
G1 F6000 X183.31 Y172.562 E1053.69007
G0 F15000 X183.74 Y172.426
G1 F6000 X181.06 Y169.747 E1053.81611
G0 F15000 X181.06 Y169.181
G1 F6000 X184.232 Y172.352 E1053.96529
G0 F15000 X184.8 Y172.355
G1 F6000 X181.06 Y168.615 E1054.14121
G0 F15000 X181.671 Y168.66
G1 F6000 X185.518 Y172.507 E1054.32216
G1 F2400 E1053.82216
G0 F15000 X185.357 Y172.939
G0 X186.505 Y173.569
G0 X187.7 Y173.569
G0 X187.34 Y172.632
G1 F2400 E1054.32216
G1 F6000 X183.368 Y168.66 E1054.50899
G0 F15000 X183.933 Y168.66
G1 F6000 X187.34 Y172.067 E1054.66924
G0 F15000 X187.34 Y171.501
G1 F6000 X184.499 Y168.66 E1054.80287
G0 F15000 X185.065 Y168.66
G1 F6000 X187.34 Y170.935 E1054.90988
G0 F15000 X187.34 Y170.37
G1 F6000 X185.63 Y168.66 E1054.99032
G0 F15000 X186.196 Y168.66
G1 F6000 X187.34 Y169.804 E1055.04413
G0 F15000 X187.34 Y169.238
G1 F6000 X186.762 Y168.66 E1055.07131
G0 F15000 X186.762 Y168.2
G0 X182.802 Y168.2
G0 X182.802 Y168.66
G1 F6000 X187.34 Y173.198 E1055.28477
G0 F15000 X187.34 Y173.764
G1 F6000 X182.236 Y168.66 E1055.52484
G1 F2400 E1055.02484
G0 F15000 X182.236 Y168.2
G0 X186.837 Y168.3
G0 X186.505 Y173.569
G0 X187.24 Y177.058
G1 F2400 E1055.52484
G1 F6000 X187.34 Y177.158 E1055.52955
G0 F15000 X187.018 Y177.401
G1 F6000 X187.34 Y177.724 E1055.54472
G0 F15000 X187.34 Y178.289
G1 F6000 X186.76 Y177.709 E1055.572
G0 F15000 X186.461 Y177.976
G1 F6000 X186.825 Y178.339 E1055.5891
G0 F15000 X186.259 Y178.339
G1 F6000 X186.123 Y178.204 E1055.59547
G1 F2400 E1055.09547
G0 F15000 X185.878 Y177.817
G0 X186.766 Y176.438
G0 X186.931 Y175.819
G0 X186.93 Y175.171
G0 X186.762 Y174.554
G0 X186.472 Y174.055
G0 X185.234 Y172.809
G0 X185.234 Y168.3
G0 X184.057 Y121.511
G1 F2400 E1055.59547
G1 F4888 X184.496 Y121.498 E1055.6134
G1 F4958.7 X184.82 Y121.506 E1055.62644
G1 F4528.3 X185.272 Y121.544 E1055.64643
G0 F15000 X185.272 Y121.2
G0 X187.728 Y121.272
G0 X187.8 Y124.079
G0 X187.487 Y124.079
G1 F5298 X187.258 Y123.415 E1055.67289
G1 F6000 X187.074 Y123.04 E1055.68678
G1 X186.886 Y122.744 E1055.69845
G1 X186.595 Y122.402 E1055.71338
G1 X186.253 Y122.115 E1055.72823
G1 X185.937 Y121.911 E1055.74074
G1 X185.655 Y121.772 E1055.7512
G1 F4958.7 X185.272 Y121.544 E1055.76914
G1 X185.712 Y121.461 E1055.78716
G1 F6000 X187.54 Y121.46 E1055.84796
G1 X187.54 Y123.661 E1055.92116
G1 F5298 X187.487 Y124.079 E1055.93703
G1 F4868.2 X187.5 Y124.497 E1055.95418
G1 F4848.5 X187.485 Y124.928 E1055.97193
G1 F2400 E1055.47193
G0 F15000 X187.174 Y124.881
G0 X186.235 Y126.234
G0 X185.785 Y126.58
G0 X184.192 Y127.264
G0 X183.242 Y131.74
G0 X180.99 Y131.935
G0 X180.696 Y132.539
G0 X180.59 Y131.779
G0 X180.86 Y131.779
G1 F2400 E1055.97193
G1 F6000 X180.859 Y128.316 E1056.08711
G1 X180.816 Y128.214 E1056.09079
G1 X180.684 Y128.141 E1056.09581
G1 X177.207 Y128.14 E1056.21145
G1 X177.368 Y127.901 E1056.22104
G1 X177.46 Y127.61 E1056.23119
G1 X177.46 Y121.46 E1056.43574
G1 X184.049 Y121.461 E1056.65489
G1 X184.059 Y121.563 E1056.6583
G1 X183.745 Y121.629 E1056.66897
G1 X183.426 Y121.733 E1056.68013
G1 X183.043 Y121.915 E1056.69423
G1 X182.695 Y122.139 E1056.708
G1 X182.371 Y122.437 E1056.72264
G1 X182.122 Y122.731 E1056.73545
G1 X181.908 Y123.054 E1056.74834
G1 X181.746 Y123.404 E1056.76117
G1 X181.619 Y123.792 E1056.77475
G1 X181.555 Y124.153 E1056.78694
G1 X181.536 Y124.493 E1056.79827
G1 X181.562 Y124.923 E1056.81259
G1 X181.666 Y125.441 E1056.83017
G1 X181.957 Y126.02 E1056.85172
G1 X182.137 Y126.291 E1056.86254
G1 X182.431 Y126.622 E1056.87726
G1 X182.689 Y126.848 E1056.88867
G1 X182.954 Y127.024 E1056.89925
G1 X183.374 Y127.243 E1056.91501
G1 X183.77 Y127.371 E1056.92885
G1 X184.163 Y127.438 E1056.94211
G1 X184.478 Y127.46 E1056.95261
G1 X184.931 Y127.43 E1056.96771
G1 X185.245 Y127.363 E1056.97839
G1 X185.625 Y127.243 E1056.99164
G1 X186.014 Y127.041 E1057.00622
G1 X186.478 Y126.718 E1057.02503
G1 X186.809 Y126.346 E1057.04159
G1 X187.033 Y126.026 E1057.05458
G1 X187.209 Y125.689 E1057.06722
G1 F5274.7 X187.485 Y124.928 E1057.09785
G1 X187.54 Y125.332 E1057.11328
G1 F6000 X187.54 Y131.54 E1057.31976
G1 X181.408 Y131.54 E1057.52371
G1 X181.131 Y131.61 E1057.53321
G1 X180.86 Y131.779 E1057.54383
G0 F15000 X181.179 Y131.399
G1 F6000 X181.059 Y131.279 E1057.54948
G0 F15000 X181.059 Y130.713
G1 F6000 X181.686 Y131.34 E1057.57897
G0 F15000 X182.252 Y131.34
G1 F6000 X181.058 Y130.147 E1057.63511
G0 F15000 X181.058 Y129.581
G1 F6000 X182.818 Y131.34 E1057.71787
G0 F15000 X183.383 Y131.34
G1 F6000 X181.058 Y129.014 E1057.82725
G0 F15000 X181.058 Y128.449
G1 F6000 X183.949 Y131.34 E1057.96324
G0 F15000 X184.515 Y131.34
G1 F6000 X177.66 Y124.485 E1058.28568
G0 F15000 X177.66 Y123.92
G1 F6000 X185.08 Y131.34 E1058.63469
G0 F15000 X185.646 Y131.34
G1 F6000 X177.66 Y123.354 E1059.01033
G0 F15000 X177.66 Y122.788
G1 F6000 X186.212 Y131.34 E1059.41259
G0 F15000 X186.777 Y131.34
G1 F6000 X177.66 Y122.223 E1059.84142
G0 F15000 X177.663 Y121.66
G1 F6000 X181.467 Y125.464 E1060.02035
G0 F15000 X181.355 Y124.786
G1 F6000 X178.228 Y121.66 E1060.16741
G0 F15000 X178.794 Y121.66
G1 F6000 X181.35 Y124.216 E1060.28764
G0 F15000 X181.431 Y123.731
G1 F6000 X179.36 Y121.66 E1060.38505
G0 F15000 X179.925 Y121.66
G1 F6000 X181.572 Y123.306 E1060.4625
G0 F15000 X181.755 Y122.924
G1 F6000 X180.491 Y121.66 E1060.52195
G0 F15000 X181.057 Y121.66
G1 F6000 X181.983 Y122.586 E1060.56551
G0 F15000 X182.246 Y122.284
G1 F6000 X181.622 Y121.66 E1060.59486
G0 F15000 X182.188 Y121.66
G1 F6000 X182.541 Y122.013 E1060.61146
G0 F15000 X182.879 Y121.785
G1 F6000 X182.754 Y121.66 E1060.61734
G0 F15000 X182.754 Y121.2
G0 X186.148 Y121.2
G0 X186.148 Y121.66
G1 F6000 X187.34 Y122.852 E1060.67341
G0 F15000 X187.34 Y122.286
G1 F6000 X186.714 Y121.66 E1060.70286
G0 F15000 X187.279 Y121.66
G1 F6000 X187.34 Y121.721 E1060.70573
G1 F2400 E1060.20573
G0 F15000 X187.8 Y121.721
G0 X187.7 Y125.893
G0 X187.05 Y125.61
G0 X187.21 Y126.116
G1 F2400 E1060.70573
G1 F6000 X187.34 Y126.246 E1060.71184
G0 F15000 X186.978 Y126.45
G1 F6000 X187.34 Y126.812 E1060.72887
G0 F15000 X187.34 Y127.378
G1 F6000 X186.714 Y126.752 E1060.75831
G0 F15000 X186.41 Y127.013
G1 F6000 X187.34 Y127.943 E1060.80206
G0 F15000 X187.34 Y128.509
G1 F6000 X186.069 Y127.238 E1060.86184
G0 F15000 X185.695 Y127.43
G1 F6000 X187.34 Y129.075 E1060.93922
G0 F15000 X187.34 Y129.64
G1 F6000 X185.263 Y127.563 E1061.03691
G0 F15000 X184.775 Y127.641
G1 F6000 X187.34 Y130.206 E1061.15756
G0 F15000 X187.34 Y130.772
G1 F6000 X184.213 Y127.644 E1061.30467
G0 F15000 X183.496 Y127.493
G1 F6000 X187.34 Y131.337 E1061.48548
G0 F15000 X187.8 Y131.337
G0 X187.728 Y131.728
G0 X180.99 Y131.935
G0 X180.658 Y132.897
G0 X180.551 Y128.4
G0 X180.551 Y127.942
G1 F6000 X177.66 Y125.051 E1061.62146
G0 F15000 X177.66 Y125.617
G1 F6000 X179.984 Y127.941 E1061.73078
G0 F15000 X179.418 Y127.94
G1 F6000 X177.66 Y126.182 E1061.81347
G0 F15000 X177.66 Y126.748
G1 F6000 X178.852 Y127.94 E1061.86954
G0 F15000 X178.286 Y127.94
G1 F6000 X177.66 Y127.314 E1061.89898
G0 F15000 X177.603 Y127.823
G1 F6000 X177.719 Y127.939 E1061.90444
G1 F2400 E1061.40444
G0 F15000 X177.719 Y128.4
G0 X135.062 Y127.938
G0 X134.728 Y116.272
G0 X129.057 Y116.2
G0 X129.057 Y116.511
G1 F2400 E1061.90444
G1 F4888 X129.496 Y116.498 E1061.92237
G1 F4958.7 X129.82 Y116.506 E1061.93541
G1 F4528.3 X130.272 Y116.544 E1061.9554
G0 F15000 X130.272 Y116.2
G0 X134.728 Y116.272
G0 X134.891 Y127.956
G0 X135.897 Y128.347
G0 X134.801 Y128.41
G0 X134.801 Y128.139
G1 F6000 X124.199 Y128.139 E1062.30803
G1 X124.288 Y128.042 E1062.3124
G1 X124.407 Y127.802 E1062.32131
G1 X124.458 Y127.521 E1062.33081
G1 X124.46 Y116.46 E1062.6987
G1 X129.049 Y116.461 E1062.85133
G1 X129.059 Y116.563 E1062.85474
G1 X128.745 Y116.629 E1062.86541
G1 X128.426 Y116.733 E1062.87657
G1 X128.043 Y116.915 E1062.89068
G1 X127.695 Y117.139 E1062.90444
G1 X127.371 Y117.437 E1062.91908
G1 X127.122 Y117.731 E1062.9319
G1 X126.901 Y118.077 E1062.94555
G1 X126.776 Y118.326 E1062.95482
G1 X126.626 Y118.741 E1062.9695
G1 X126.555 Y119.153 E1062.9834
G1 X126.536 Y119.506 E1062.99516
G1 X126.56 Y119.909 E1063.00859
G1 X126.629 Y120.242 E1063.0199
G1 X126.818 Y120.821 E1063.04016
G1 X127.11 Y121.253 E1063.0575
G1 X127.364 Y121.551 E1063.07052
G1 X127.636 Y121.804 E1063.08288
G1 X127.976 Y122.035 E1063.09655
G1 X128.337 Y122.229 E1063.11018
G1 X128.789 Y122.373 E1063.12596
G1 X129.057 Y122.425 E1063.13504
G1 X129.49 Y122.456 E1063.14948
G1 X129.923 Y122.43 E1063.1639
G1 X130.305 Y122.344 E1063.17693
G1 X130.634 Y122.239 E1063.18841
G1 X131.031 Y122.031 E1063.20332
G1 X131.265 Y121.874 E1063.21269
G1 X131.581 Y121.61 E1063.22639
G1 X131.875 Y121.26 E1063.24159
G1 X132.081 Y120.94 E1063.25425
G1 X132.253 Y120.587 E1063.26731
G1 X132.371 Y120.226 E1063.27994
G1 X132.429 Y119.925 E1063.29014
G1 X132.46 Y119.494 E1063.30451
G1 X132.44 Y119.12 E1063.31697
G1 X132.339 Y118.67 E1063.33231
G1 X132.213 Y118.309 E1063.34502
G1 X132.037 Y117.977 E1063.35752
G1 X131.821 Y117.662 E1063.37023
G1 X131.541 Y117.354 E1063.38407
G1 X131.273 Y117.13 E1063.39569
G1 X130.937 Y116.911 E1063.40903
G1 X130.655 Y116.772 E1063.41948
G1 F4958.7 X130.272 Y116.544 E1063.43742
G1 X130.712 Y116.461 E1063.45544
G1 F6000 X134.54 Y116.46 E1063.58276
G1 X134.541 Y127.518 E1063.95055
G1 X134.573 Y127.772 E1063.95907
G1 X134.714 Y128.044 E1063.96926
G1 X134.801 Y128.139 E1063.97354
G0 F15000 X134.801 Y128.41
G0 X124.656 Y128.4
G0 X124.656 Y127.484
G1 F6000 X125.111 Y127.94 E1063.99497
G0 F15000 X125.677 Y127.94
G1 F6000 X124.656 Y126.919 E1064.04299
G0 F15000 X124.656 Y126.353
G1 F6000 X126.243 Y127.94 E1064.11764
G0 F15000 X126.808 Y127.94
G1 F6000 X124.657 Y125.788 E1064.21884
G0 F15000 X124.657 Y125.222
G1 F6000 X127.374 Y127.94 E1064.34666
G0 F15000 X127.94 Y127.94
G1 F6000 X124.657 Y124.657 E1064.50108
G0 F15000 X124.657 Y124.092
G1 F6000 X128.505 Y127.94 E1064.68208
G0 F15000 X129.071 Y127.94
G1 F6000 X124.657 Y123.526 E1064.8897
G0 F15000 X124.657 Y122.96
G1 F6000 X129.637 Y127.94 E1065.12395
G0 F15000 X130.202 Y127.94
G1 F6000 X124.657 Y122.395 E1065.38477
G0 F15000 X124.658 Y121.83
G1 F6000 X130.768 Y127.94 E1065.67216
G0 F15000 X131.334 Y127.94
G1 F6000 X124.658 Y121.264 E1065.98618
G0 F15000 X124.658 Y120.698
G1 F6000 X131.899 Y127.94 E1066.3268
G0 F15000 X132.465 Y127.94
G1 F6000 X124.659 Y120.133 E1066.69399
G0 F15000 X124.659 Y119.568
G1 F6000 X133.031 Y127.94 E1067.08779
G0 F15000 X133.597 Y127.94
G1 F6000 X127.843 Y122.186 E1067.35844
G0 F15000 X128.102 Y121.81
G0 X128.886 Y122.129
G0 X128.798 Y122.576
G1 F6000 X134.162 Y127.94 E1067.61074
G0 F15000 X134.348 Y127.56
G1 F6000 X129.442 Y122.654 E1067.84151
G0 F15000 X129.978 Y122.624
G1 F6000 X134.34 Y126.986 E1068.04668
G0 F15000 X134.34 Y126.421
G1 F6000 X130.432 Y122.513 E1068.2305
G0 F15000 X130.841 Y122.356
G1 F6000 X134.34 Y125.855 E1068.39508
G0 F15000 X134.34 Y125.289
G1 F6000 X131.205 Y122.154 E1068.54254
G0 F15000 X131.528 Y121.912
G1 F6000 X134.34 Y124.724 E1068.67481
G0 F15000 X134.34 Y124.158
G1 F6000 X131.82 Y121.638 E1068.79335
G0 F15000 X132.073 Y121.325
G1 F6000 X134.34 Y123.592 E1068.89998
G0 F15000 X134.34 Y123.027
G1 F6000 X132.286 Y120.972 E1068.99662
G0 F15000 X132.463 Y120.584
G1 F6000 X134.34 Y122.461 E1069.0849
G0 F15000 X134.34 Y121.895
G1 F6000 X132.59 Y120.145 E1069.16722
G0 F15000 X132.65 Y119.64
G1 F6000 X134.34 Y121.33 E1069.24671
G0 F15000 X134.34 Y120.764
G1 F6000 X132.627 Y119.051 E1069.32729
G0 F15000 X132.412 Y118.27
G1 F6000 X134.34 Y120.198 E1069.41797
G0 F15000 X134.34 Y119.633
G1 F6000 X131.368 Y116.66 E1069.55779
G0 F15000 X131.933 Y116.66
G1 F6000 X134.34 Y119.067 E1069.67101
G0 F15000 X134.34 Y118.501
G1 F6000 X132.499 Y116.66 E1069.7576
G0 F15000 X133.065 Y116.66
G1 F6000 X134.34 Y117.936 E1069.8176
G0 F15000 X134.34 Y117.37
G1 F6000 X133.63 Y116.66 E1069.85099
G0 F15000 X134.196 Y116.66
G1 F6000 X134.34 Y116.804 E1069.85777
G1 F2400 E1069.35777
G0 F15000 X134.8 Y116.804
G0 X134.7 Y117.309
G0 X131.672 Y117.761
G0 X127.667 Y116.919
G1 F2400 E1069.85777
G1 F6000 X127.408 Y116.66 E1069.86995
G0 F15000 X127.361 Y117.179
G1 F6000 X126.842 Y116.66 E1069.89436
G0 F15000 X126.277 Y116.66
G1 F6000 X127.083 Y117.467 E1069.9323
G0 F15000 X126.845 Y117.794
G1 F6000 X125.711 Y116.66 E1069.98564
G0 F15000 X125.145 Y116.66
G1 F6000 X126.639 Y118.154 E1070.05591
G0 F15000 X126.482 Y118.562
G1 F6000 X124.659 Y116.74 E1070.14164
G0 F15000 X124.659 Y117.305
G1 F6000 X126.377 Y119.023 E1070.22245
G0 F15000 X126.337 Y119.548
G1 F6000 X124.659 Y117.871 E1070.30135
G0 F15000 X124.659 Y118.437
G1 F6000 X126.414 Y120.191 E1070.38388
G0 F15000 X127.057 Y120.702
G0 X126.782 Y121.125
G1 F6000 X124.659 Y119.002 E1070.48374
G1 F2400 E1069.98374
G0 F15000 X124.2 Y119.002
G0 X124.109 Y127.956
G0 X114.062 Y130.062
G0 X114.062 Y169.938
G0 X135.79 Y171.637
G0 X135.058 Y172.03
G0 X134.8 Y183.54
G0 X134.54 Y183.54
G1 F2400 E1070.48374
G1 F6000 X130.358 Y183.54 E1070.62283
G1 F5251.6 X129.944 Y183.483 E1070.63871
G1 F5240.2 X130.308 Y183.345 E1070.65353
G1 F5970.1 X130.622 Y183.243 E1070.66457
G1 F6000 X130.969 Y183.065 E1070.67754
G1 X131.293 Y182.857 E1070.69035
G1 X131.544 Y182.639 E1070.7014
G1 X131.824 Y182.328 E1070.71532
G1 X132.032 Y182.031 E1070.72738
G1 X132.234 Y181.644 E1070.7419
G1 X132.367 Y181.228 E1070.75643
G1 X132.429 Y180.928 E1070.76662
G1 X132.46 Y180.494 E1070.78109
G1 X132.44 Y180.12 E1070.79355
G1 X132.333 Y179.648 E1070.80964
G1 X132.213 Y179.312 E1070.82151
G1 X132.033 Y178.97 E1070.83436
G1 X131.87 Y178.727 E1070.8441
G1 X131.642 Y178.455 E1070.8559
G1 X131.338 Y178.179 E1070.86956
G1 X130.969 Y177.918 E1070.88459
G1 X130.685 Y177.786 E1070.89501
G1 X130.264 Y177.631 E1070.90993
G1 X129.944 Y177.567 E1070.92078
G1 X129.502 Y177.536 E1070.93552
G1 X129.065 Y177.562 E1070.95008
G1 X128.751 Y177.629 E1070.96076
G1 X128.375 Y177.749 E1070.97389
G1 X128.056 Y177.91 E1070.98577
G1 X127.667 Y178.161 E1071.00117
G1 X127.375 Y178.433 E1071.01444
G1 X127.107 Y178.752 E1071.0283
G1 X126.901 Y179.077 E1071.0411
G1 X126.785 Y179.305 E1071.04961
G1 X126.626 Y179.741 E1071.06504
G1 X126.555 Y180.153 E1071.07895
G1 X126.536 Y180.506 E1071.0907
G1 X126.56 Y180.913 E1071.10426
G1 X126.64 Y181.298 E1071.11734
G1 X126.78 Y181.674 E1071.13069
G1 X126.954 Y182.013 E1071.14336
G1 X127.251 Y182.446 E1071.16082
G1 X127.686 Y182.845 E1071.18046
G1 X128.044 Y183.077 E1071.19465
G1 X128.435 Y183.263 E1071.20905
G1 F4989.6 X128.789 Y183.458 E1071.22521
G1 X128.392 Y183.54 E1071.24143
G1 F6000 X124.461 Y183.539 E1071.37217
G1 X124.46 Y172.504 E1071.7392
G1 X124.422 Y172.223 E1071.74863
G1 X124.287 Y171.954 E1071.75864
G1 X124.202 Y171.86 E1071.76285
G1 X134.798 Y171.86 E1072.11528
G1 X134.714 Y171.951 E1072.1194
G1 X134.59 Y172.192 E1072.12841
G1 X134.541 Y172.478 E1072.13806
G1 X134.54 Y183.54 E1072.50599
G1 F2400 E1072.00599
G0 F15000 X134.8 Y183.54
G0 X134.7 Y183.175
G0 X130.863 Y182.922
G0 X129.944 Y183.483
G1 F2400 E1072.50599
G1 F4809.6 X129.496 Y183.498 E1072.52458
G1 F4878 X129.176 Y183.49 E1072.53768
G1 F4519.8 X128.789 Y183.458 E1072.55483
G1 F2400 E1072.05483
G0 F15000 X128.848 Y183.122
G0 X128.146 Y182.929
G0 X124.3 Y182.929
G0 X124.66 Y182.926
G1 F2400 E1072.55483
G1 F6000 X125.074 Y183.339 E1072.57428
G0 F15000 X125.639 Y183.339
G1 F6000 X124.66 Y182.36 E1072.62032
G0 F15000 X124.66 Y181.794
G1 F6000 X126.205 Y183.339 E1072.693
G0 F15000 X126.771 Y183.339
G1 F6000 X124.66 Y181.229 E1072.79227
G0 F15000 X124.66 Y180.663
G1 F6000 X127.336 Y183.339 E1072.91814
G0 F15000 X127.565 Y183.002
G1 F6000 X127.902 Y183.339 E1072.93399
G0 F15000 X127.902 Y183.8
G0 X127.388 Y183.7
G0 X127.956 Y182.808
G0 X127.009 Y182.446
G1 F6000 X124.66 Y180.097 E1073.04448
G0 F15000 X124.659 Y179.531
G1 F6000 X126.436 Y181.307 E1073.12804
G0 F15000 X126.343 Y180.649
G1 F6000 X124.659 Y178.965 E1073.20725
G0 F15000 X124.659 Y178.4
G1 F6000 X126.363 Y180.103 E1073.28738
G0 F15000 X126.457 Y179.631
G1 F6000 X124.659 Y177.834 E1073.37193
G0 F15000 X124.659 Y177.268
G1 F6000 X126.607 Y179.216 E1073.46356
G0 F15000 X126.808 Y178.851
G1 F6000 X124.659 Y176.702 E1073.56464
G0 F15000 X124.659 Y176.137
G1 F6000 X127.044 Y178.521 E1073.6768
G0 F15000 X127.31 Y178.222
G1 F6000 X124.659 Y175.57 E1073.80152
G0 F15000 X124.659 Y175.005
G1 F6000 X127.61 Y177.956 E1073.94032
G0 F15000 X127.957 Y177.737
G1 F6000 X124.659 Y174.439 E1074.09545
G0 F15000 X124.659 Y173.873
G1 F6000 X128.336 Y177.55 E1074.2684
G0 F15000 X128.771 Y177.42
G1 F6000 X124.659 Y173.308 E1074.46182
G0 F15000 X124.659 Y172.742
G1 F6000 X129.267 Y177.35 E1074.67857
G0 F15000 X129.84 Y177.357
G1 F6000 X124.575 Y172.093 E1074.92619
G0 F15000 X125.108 Y172.06
G1 F6000 X130.586 Y177.538 E1075.18386
G0 F15000 X130.428 Y177.965
G0 X132.027 Y179.564
G0 X132.459 Y179.411
G1 F6000 X134.341 Y181.293 E1075.27238
G0 F15000 X134.341 Y181.859
G1 F6000 X132.642 Y180.159 E1075.35232
G0 F15000 X132.643 Y180.726
G1 F6000 X134.341 Y182.424 E1075.43219
G0 F15000 X134.341 Y182.99
G1 F6000 X132.572 Y181.221 E1075.5154
G0 F15000 X132.438 Y181.653
G1 F6000 X134.125 Y183.339 E1075.59473
G0 F15000 X133.559 Y183.339
G1 F6000 X132.254 Y182.034 E1075.65611
G0 F15000 X132.031 Y182.377
G1 F6000 X132.993 Y183.339 E1075.70136
G0 F15000 X132.428 Y183.339
G1 F6000 X131.771 Y182.683 E1075.73224
G0 F15000 X131.48 Y182.958
G1 F6000 X131.862 Y183.339 E1075.75019
G0 F15000 X131.296 Y183.339
G1 F6000 X131.146 Y183.189 E1075.75724
G1 F2400 E1075.25724
G0 F15000 X130.901 Y182.803
G0 X132.075 Y181.562
G0 X134.7 Y181.562
G0 X134.341 Y180.727
G1 F2400 E1075.75724
G1 F6000 X125.673 Y172.06 E1076.16493
G0 F15000 X126.239 Y172.06
G1 F6000 X134.341 Y180.162 E1076.54603
G0 F15000 X134.341 Y179.596
G1 F6000 X126.805 Y172.06 E1076.9005
G0 F15000 X127.37 Y172.06
G1 F6000 X134.341 Y179.03 E1077.22837
G0 F15000 X134.341 Y178.465
G1 F6000 X127.936 Y172.06 E1077.52964
G0 F15000 X128.502 Y172.06
G1 F6000 X134.342 Y177.9 E1077.80434
G0 F15000 X134.343 Y177.335
G1 F6000 X129.067 Y172.06 E1078.05248
G0 F15000 X129.633 Y172.06
G1 F6000 X134.343 Y176.769 E1078.274
G0 F15000 X134.343 Y176.203
G1 F6000 X130.199 Y172.06 E1078.4689
G0 F15000 X130.765 Y172.06
G1 F6000 X134.343 Y175.638 E1078.63719
G0 F15000 X134.343 Y175.072
G1 F6000 X131.33 Y172.06 E1078.77889
G0 F15000 X131.896 Y172.06
G1 F6000 X134.343 Y174.507 E1078.89399
G0 F15000 X134.343 Y173.941
G1 F6000 X132.462 Y172.06 E1078.98247
G0 F15000 X133.027 Y172.06
G1 F6000 X134.343 Y173.376 E1079.04437
G0 F15000 X134.343 Y172.81
G1 F6000 X133.593 Y172.06 E1079.07965
G0 F15000 X134.159 Y172.06
G1 F6000 X134.382 Y172.283 E1079.09014
G0 F15000 X134.382 Y171.3
;MESH:NONMESH
G0 F300 X134.382 Y171.3 Z3.2
G0 F15000 X150 Y170.41
G0 X150 Y170.1
;TIME_ELAPSED:1431.593865
;LAYER:15
;TYPE:WALL-INNER
;MESH:Vakuumpumpe casing (berre sk??l)V2.stl
G1 F6000 X114.5 Y170.1 E1080.27087
G1 X114.261 Y170.051 E1080.27899
G1 X114.075 Y169.925 E1080.28646
G1 X113.949 Y169.739 E1080.29393
G1 X113.9 Y169.574 E1080.29966
G1 X113.9 Y130.5 E1081.59926
G1 X113.949 Y130.261 E1081.60738
G1 X114.075 Y130.075 E1081.61485
G1 X114.261 Y129.949 E1081.62232
G1 X114.426 Y129.9 E1081.62805
G1 X178.5 Y129.9 E1083.75916
G1 X178.739 Y129.949 E1083.76727
G1 X178.925 Y130.075 E1083.77474
G1 X179.051 Y130.261 E1083.78221
G1 X179.1 Y130.5 E1083.79033
G1 X179.1 Y169.578 E1085.09007
G1 X179.051 Y169.739 E1085.09567
G1 X178.925 Y169.925 E1085.10314
G1 X178.739 Y170.051 E1085.11061
G1 X178.574 Y170.1 E1085.11634
G1 X150 Y170.1 E1086.06671
G0 F15000 X150 Y170.41
G0 X150 Y171.59
G0 X150 Y171.9
G1 F6000 X180.9 Y171.9 E1087.09445
G1 X180.9 Y128.1 E1088.55124
G1 X112.1 Y128.1 E1090.83954
G1 X112.1 Y171.9 E1092.29633
G1 X150 Y171.9 E1093.55689
G0 F15000 X150 Y172.3
;TYPE:WALL-OUTER
G1 F6000 X181.3 Y172.3 E1094.59794
G1 X181.3 Y127.7 E1096.08134
G1 X111.7 Y127.7 E1098.39624
G1 X111.7 Y172.3 E1099.87964
G1 X150 Y172.3 E1101.15351
G1 F2400 E1100.65351
G0 F15000 X150 Y171.59
G0 X150 Y170.41
G0 X150 Y169.698
G1 F2400 E1101.15351
G1 F6000 X114.444 Y169.7 E1102.3361
G1 X114.358 Y169.642 E1102.33956
G1 X114.303 Y169.535 E1102.34356
G1 X114.3 Y130.444 E1103.64373
G1 X114.358 Y130.358 E1103.64718
G1 X114.465 Y130.303 E1103.65118
G1 X178.564 Y130.3 E1105.78312
G1 X178.7 Y130.436 E1105.78952
G1 X178.698 Y169.535 E1107.08996
G1 X178.642 Y169.642 E1107.09397
G1 X178.535 Y169.697 E1107.09797
G1 X150 Y169.698 E1108.04705
G0 F15000 X150.533 Y170.179
;TYPE:FILL
G1 F12000 X150.093 Y171.821 E1108.10359
G0 F15000 X150.093 Y171.59
G0 X150.752 Y170.41
G0 X150.752 Y170.18
G1 F12000 X152.391 Y171.82 E1108.18071
G0 F15000 X152.391 Y171.59
G0 X158.375 Y171.59
G0 X158.375 Y171.821
G1 F12000 X158.815 Y170.18 E1108.23722
G0 F15000 X158.815 Y170.41
G0 X162.065 Y170.41
G0 X162.065 Y170.18
G1 F12000 X163.705 Y171.82 E1108.31436
G0 F15000 X163.705 Y171.59
G0 X166.657 Y171.59
G0 X166.657 Y171.821
G1 F12000 X167.097 Y170.18 E1108.37087
G0 F15000 X167.097 Y170.41
G0 X170.031 Y171.59
G0 X170.031 Y171.82
G1 F12000 X176.155 Y170.179 E1108.58174
G0 F15000 X175.379 Y170.179
G1 F12000 X174.94 Y171.82 E1108.63824
G1 X175.019 Y171.82
G1 X173.379 Y170.18 E1108.71538
G0 F15000 X173.379 Y170.41
G0 X179.338 Y170.338
G0 X179.41 Y169.369
G0 X179.18 Y169.369
G1 F12000 X180.819 Y168.93 E1108.77181
G0 F15000 X180.59 Y168.93
G0 X180.59 Y166.307
G0 X180.82 Y166.307
G1 F12000 X179.18 Y164.667 E1108.84895
G0 F15000 X179.41 Y164.667
G0 X179.41 Y161.087
G0 X179.181 Y161.087
G1 F12000 X180.819 Y160.648 E1108.90535
G0 F15000 X180.59 Y160.648
G0 X179.41 Y155.996
G0 X179.18 Y155.996
G1 F12000 X180.82 Y149.875 E1109.11612
G0 F15000 X180.59 Y149.875
G0 X180.59 Y152.365
G0 X180.819 Y152.365
G1 F12000 X179.181 Y152.804 E1109.17252
G0 F15000 X179.18 Y153.354
G1 F12000 X180.82 Y154.994 E1109.24966
G0 F15000 X180.59 Y154.994
G0 X179.41 Y144.522
G0 X179.181 Y144.522
G1 F12000 X180.819 Y144.083 E1109.30607
G0 F15000 X180.82 Y143.68
G1 F12000 X179.18 Y142.04 E1109.38321
G0 F15000 X179.41 Y142.04
G0 X179.41 Y136.24
G0 X179.181 Y136.24
G1 F12000 X180.819 Y135.801 E1109.43961
G0 F15000 X180.59 Y135.801
G0 X180.59 Y132.366
G0 X180.82 Y132.366
G1 F12000 X179.18 Y130.726 E1109.51675
G0 F15000 X179.41 Y130.726
G0 X179.338 Y129.662
G0 X178.274 Y129.59
G0 X178.274 Y129.82
G1 F12000 X176.634 Y128.18 E1109.59389
G0 F15000 X176.634 Y128.41
G0 X178.351 Y128.41
G0 X178.351 Y128.18
G1 F12000 X177.911 Y129.82 E1109.65037
G0 F15000 X177.911 Y129.59
G0 X178.352 Y128.41
G0 X178.352 Y128.18
G1 F12000 X172.23 Y129.82 E1109.86117
G0 F15000 X172.23 Y129.59
G0 X169.629 Y129.59
G0 X169.629 Y129.821
G1 F12000 X170.069 Y128.18 E1109.91767
G0 F15000 X170.069 Y128.41
G0 X166.96 Y129.59
G0 X166.96 Y129.82
G1 F12000 X165.32 Y128.18 E1109.99481
G0 F15000 X165.32 Y128.41
G0 X161.786 Y128.41
G0 X161.786 Y128.18
G1 F12000 X161.347 Y129.82 E1110.05128
G0 F15000 X161.347 Y129.59
G0 X155.646 Y129.59
G0 X155.646 Y129.82
G1 F12000 X154.006 Y128.18 E1110.12842
G0 F15000 X153.504 Y128.179
G1 F12000 X153.065 Y129.821 E1110.18495
G0 F15000 X153.065 Y129.59
G0 X147.441 Y128.41
G0 X147.441 Y128.18
G1 F12000 X141.32 Y129.82 E1110.39572
G0 F15000 X141.32 Y129.59
G0 X142.693 Y128.41
G0 X142.693 Y128.18
G1 F12000 X144.333 Y129.82 E1110.47286
G0 F15000 X144.782 Y129.821
G1 F12000 X145.222 Y128.18 E1110.52937
G0 F15000 X145.222 Y128.41
G0 X136.94 Y128.41
G0 X136.94 Y128.179
G1 F12000 X136.5 Y129.82 E1110.58587
G0 F15000 X136.5 Y129.59
G0 X133.019 Y129.59
G0 X133.019 Y129.82
G1 F12000 X131.379 Y128.18 E1110.66302
G0 F15000 X131.379 Y128.41
G0 X128.658 Y128.41
G0 X128.658 Y128.18
G1 F12000 X128.218 Y129.821 E1110.71952
G0 F15000 X128.218 Y129.59
G0 X121.705 Y129.59
G0 X121.705 Y129.82
G1 F12000 X120.065 Y128.18 E1110.79666
G0 F15000 X120.376 Y128.179
G1 F12000 X119.936 Y129.821 E1110.8532
G0 F15000 X119.936 Y129.59
G0 X116.531 Y128.41
G0 X116.531 Y128.18
G1 F12000 X112.181 Y129.346 E1111.00299
G0 F15000 X112.41 Y129.346
G0 X112.41 Y131.608
G0 X112.18 Y131.608
G1 F12000 X113.82 Y133.249 E1111.08016
G0 F15000 X113.59 Y133.249
G0 X113.59 Y137.189
G0 X113.819 Y137.189
G1 F12000 X112.18 Y137.628 E1111.13659
G0 F15000 X112.41 Y137.628
G0 X112.41 Y142.922
G0 X112.18 Y142.922
G1 F12000 X113.82 Y144.562 E1111.21373
G0 F15000 X113.819 Y145.471
G1 F12000 X112.181 Y145.91 E1111.27014
G0 F15000 X112.41 Y145.91
G0 X113.59 Y152.646
G0 X113.82 Y152.646
G1 F12000 X112.18 Y158.764 E1111.4808
G0 F15000 X112.41 Y158.764
G0 X113.59 Y155.876
G0 X113.82 Y155.876
G1 F12000 X112.18 Y154.236 E1111.55795
G1 X112.18 Y154.193
G1 X113.82 Y153.753 E1111.61442
G0 F15000 X113.59 Y153.753
G0 X113.59 Y162.036
G0 X113.819 Y162.036
G1 F12000 X112.18 Y162.475 E1111.67086
G0 F15000 X112.41 Y162.475
G0 X112.41 Y165.549
G0 X112.18 Y165.549
G1 F12000 X113.82 Y167.19 E1111.74802
G0 F15000 X113.59 Y167.19
G0 X113.662 Y170.338
G0 X114.411 Y170.41
G0 X114.411 Y170.159
G1 F12000 X112.181 Y170.757 E1111.82481
G0 F15000 X112.41 Y170.757
G0 X116.811 Y170.41
G0 X116.811 Y170.18
G1 F12000 X118.45 Y171.82 E1111.90193
G0 F15000 X118.45 Y171.59
G0 X116.964 Y171.59
G0 X116.964 Y171.82
G1 F12000 X117.404 Y170.18 E1111.9584
G0 F15000 X117.404 Y170.41
G0 X125.246 Y171.59
G0 X125.246 Y171.821
G1 F12000 X125.686 Y170.18 E1112.01491
G0 F15000 X125.686 Y170.41
G0 X128.124 Y170.41
G0 X128.124 Y170.18
G1 F12000 X129.764 Y171.82 E1112.09205
G0 F15000 X129.764 Y171.59
G0 X133.528 Y171.59
G0 X133.528 Y171.82
G1 F12000 X133.968 Y170.179 E1112.14856
G0 F15000 X133.968 Y170.41
G0 X139.122 Y171.59
G0 X139.122 Y171.82
G1 F12000 X145.244 Y170.18 E1112.35936
G0 F15000 X145.244 Y170.41
G0 X142.25 Y170.41
G0 X142.25 Y170.18
G1 F12000 X141.811 Y171.821 E1112.41586
G0 F15000 X141.078 Y171.82
G1 F12000 X139.438 Y170.18 E1112.493
G0 F15000 X139.438 Y170.71
;MESH:NONMESH
G0 F300 X139.438 Y170.71 Z3.4
G0 F15000 X150 Y170.41
G0 X150 Y170.1
;TIME_ELAPSED:1459.558028
;LAYER:16
;TYPE:WALL-INNER
;MESH:Vakuumpumpe casing (berre sk??l)V2.stl
G1 F6000 X114.5 Y170.1 E1113.67373
G1 X114.261 Y170.051 E1113.68185
G1 X114.075 Y169.925 E1113.68932
G1 X113.949 Y169.739 E1113.69679
G1 X113.9 Y169.574 E1113.70252
G1 X113.9 Y130.5 E1115.00212
G1 X113.949 Y130.261 E1115.01024
G1 X114.075 Y130.075 E1115.01771
G1 X114.261 Y129.949 E1115.02518
G1 X114.426 Y129.9 E1115.03091
G1 X178.5 Y129.9 E1117.16202
G1 X178.739 Y129.949 E1117.17013
G1 X178.925 Y130.075 E1117.1776
G1 X179.051 Y130.261 E1117.18507
G1 X179.1 Y130.5 E1117.19319
G1 X179.1 Y169.578 E1118.49293
G1 X179.051 Y169.739 E1118.49853
G1 X178.925 Y169.925 E1118.506
G1 X178.739 Y170.051 E1118.51347
G1 X178.574 Y170.1 E1118.5192
G1 X150 Y170.1 E1119.46957
G0 F15000 X150 Y170.41
G0 X150 Y171.59
G0 X150 Y171.9
G1 F6000 X180.9 Y171.9 E1120.49731
G1 X180.9 Y128.1 E1121.9541
G1 X112.1 Y128.1 E1124.2424
G1 X112.1 Y171.9 E1125.69919
G1 X150 Y171.9 E1126.95975
G0 F15000 X150 Y172.3
;TYPE:WALL-OUTER
G1 F6000 X181.3 Y172.3 E1128.0008
G1 X181.3 Y127.7 E1129.4842
G1 X111.7 Y127.7 E1131.7991
G1 X111.7 Y172.3 E1133.2825
G1 X150 Y172.3 E1134.55637
G1 F2400 E1134.05637
G0 F15000 X150 Y171.59
G0 X150 Y170.41
G0 X150 Y169.698
G1 F2400 E1134.55637
G1 F6000 X114.444 Y169.7 E1135.73897
G1 X114.358 Y169.642 E1135.74242
G1 X114.303 Y169.535 E1135.74642
G1 X114.3 Y130.444 E1137.04659
G1 X114.358 Y130.358 E1137.05004
G1 X114.465 Y130.303 E1137.05404
G1 X178.564 Y130.3 E1139.18598
G1 X178.7 Y130.436 E1139.19238
G1 X178.698 Y169.535 E1140.49282
G1 X178.642 Y169.642 E1140.49683
G1 X178.535 Y169.697 E1140.50084
G1 X150 Y169.698 E1141.44991
G0 F15000 X150.386 Y170.179
;TYPE:FILL
G1 F12000 X149.946 Y171.82 E1141.50642
G0 F15000 X149.946 Y171.59
G0 X150.952 Y170.41
G0 X150.952 Y170.18
G1 F12000 X152.592 Y171.82 E1141.58356
G0 F15000 X152.592 Y171.59
G0 X158.228 Y171.59
G0 X158.228 Y171.821
G1 F12000 X158.668 Y170.18 E1141.64007
G0 F15000 X158.668 Y170.41
G0 X162.266 Y170.41
G0 X162.266 Y170.18
G1 F12000 X163.906 Y171.82 E1141.71721
G0 F15000 X163.906 Y171.59
G0 X166.51 Y171.59
G0 X166.51 Y171.821
G1 F12000 X166.95 Y170.18 E1141.77372
G0 F15000 X166.95 Y170.41
G0 X170.58 Y171.59
G0 X170.58 Y171.82
G1 F12000 X176.704 Y170.179 E1141.98459
G0 F15000 X176.704 Y170.41
G0 X175.232 Y170.41
G0 X175.232 Y170.179
G1 F12000 X174.793 Y171.82 E1142.04109
G0 F15000 X175.22 Y171.82
G1 F12000 X173.58 Y170.18 E1142.11823
G0 F15000 X173.58 Y170.41
G0 X179.338 Y170.338
G0 X179.41 Y169.516
G0 X179.18 Y169.516
G1 F12000 X180.82 Y169.077 E1142.1747
G0 F15000 X180.59 Y169.077
G0 X180.59 Y166.106
G0 X180.82 Y166.106
G1 F12000 X179.18 Y164.467 E1142.25181
G0 F15000 X179.41 Y164.467
G0 X179.41 Y161.234
G0 X179.181 Y161.234
G1 F12000 X180.819 Y160.795 E1142.30822
G0 F15000 X180.59 Y160.795
G0 X179.41 Y155.447
G0 X179.18 Y155.447
G1 F12000 X180.82 Y149.327 E1142.51895
G0 F15000 X180.59 Y149.327
G0 X180.59 Y152.512
G0 X180.819 Y152.512
G1 F12000 X179.18 Y152.951 E1142.57538
G0 F15000 X179.18 Y153.153
G1 F12000 X180.82 Y154.793 E1142.65252
G0 F15000 X180.59 Y154.793
G0 X179.41 Y144.669
G0 X179.181 Y144.669
G1 F12000 X180.819 Y144.23 E1142.70893
G0 F15000 X180.82 Y143.479
G1 F12000 X179.18 Y141.839 E1142.78607
G0 F15000 X179.41 Y141.839
G0 X179.41 Y136.387
G0 X179.18 Y136.387
G1 F12000 X180.819 Y135.948 E1142.8425
G0 F15000 X180.59 Y135.948
G0 X180.59 Y132.165
G0 X180.82 Y132.165
G1 F12000 X179.18 Y130.526 E1142.91962
G0 F15000 X178.474 Y129.82
G1 F12000 X176.835 Y128.18 E1142.99674
G0 F15000 X176.835 Y128.41
G0 X178.204 Y128.41
G0 X178.204 Y128.18
G1 F12000 X177.764 Y129.82 E1143.05321
G0 F15000 X177.764 Y129.59
G0 X178.9 Y128.41
G0 X178.9 Y128.18
G1 F12000 X172.778 Y129.82 E1143.26401
G0 F15000 X172.778 Y129.59
G0 X169.922 Y128.41
G0 X169.922 Y128.18
G1 F12000 X169.482 Y129.821 E1143.32052
G0 F15000 X169.482 Y129.59
G0 X167.161 Y129.59
G0 X167.161 Y129.82
G1 F12000 X165.521 Y128.18 E1143.39766
G0 F15000 X165.521 Y128.41
G0 X161.639 Y128.41
G0 X161.639 Y128.18
G1 F12000 X161.2 Y129.821 E1143.45416
G0 F15000 X161.2 Y129.59
G0 X155.847 Y129.59
G0 X155.847 Y129.82
G1 F12000 X154.207 Y128.18 E1143.5313
G0 F15000 X153.357 Y128.179
G1 F12000 X152.918 Y129.82 E1143.5878
G0 F15000 X152.918 Y129.59
G0 X147.99 Y128.41
G0 X147.99 Y128.18
G1 F12000 X141.869 Y129.82 E1143.79856
G0 F15000 X141.869 Y129.59
G0 X142.894 Y128.41
G0 X142.894 Y128.18
G1 F12000 X144.533 Y129.82 E1143.87568
G1 X144.635 Y129.821
G1 X145.075 Y128.18 E1143.93219
G0 F15000 X145.075 Y128.41
G0 X136.793 Y128.41
G0 X136.793 Y128.179
G1 F12000 X136.353 Y129.82 E1143.9887
G0 F15000 X136.353 Y129.59
G0 X133.22 Y129.59
G0 X133.22 Y129.82
G1 F12000 X131.58 Y128.18 E1144.06584
G0 F15000 X131.58 Y128.41
G0 X128.511 Y128.41
G0 X128.511 Y128.18
G1 F12000 X128.071 Y129.821 E1144.12235
G0 F15000 X128.071 Y129.59
G0 X121.906 Y129.59
G0 X121.906 Y129.82
G1 F12000 X120.266 Y128.18 E1144.19949
G1 X120.229 Y128.179
G1 X119.789 Y129.821 E1144.25603
G0 F15000 X119.789 Y129.59
G0 X117.08 Y128.41
G0 X117.08 Y128.18
G1 F12000 X112.181 Y129.493 E1144.42472
G0 F15000 X112.41 Y129.493
G0 X112.41 Y131.407
G0 X112.18 Y131.407
G1 F12000 X113.82 Y133.048 E1144.50188
G0 F15000 X113.59 Y133.048
G0 X113.59 Y137.336
G0 X113.819 Y137.336
G1 F12000 X112.18 Y137.775 E1144.55832
G0 F15000 X112.41 Y137.775
G0 X112.41 Y142.721
G0 X112.18 Y142.721
G1 F12000 X113.82 Y144.362 E1144.63548
G0 F15000 X113.59 Y144.362
G0 X113.59 Y145.618
G0 X113.819 Y145.618
G1 F12000 X112.18 Y146.057 E1144.69192
G0 F15000 X112.41 Y146.057
G0 X113.59 Y152.097
G0 X113.82 Y152.097
G1 F12000 X112.18 Y158.215 E1144.90259
G0 F15000 X112.41 Y158.215
G0 X113.59 Y155.675
G0 X113.82 Y155.675
G1 F12000 X112.18 Y154.035 E1144.97973
G0 F15000 X112.18 Y154.34
G1 F12000 X113.82 Y153.9 E1145.0362
G0 F15000 X113.59 Y153.9
G0 X113.59 Y162.183
G0 X113.819 Y162.183
G1 F12000 X112.18 Y162.622 E1145.09264
G0 F15000 X112.41 Y162.622
G0 X112.41 Y165.348
G0 X112.18 Y165.348
G1 F12000 X113.82 Y166.989 E1145.1698
G0 F15000 X113.59 Y166.989
G0 X113.662 Y170.338
G0 X114.881 Y170.41
G0 X114.881 Y170.18
G1 F12000 X112.181 Y170.904 E1145.26278
G0 F15000 X112.41 Y170.904
G0 X116.817 Y171.59
G0 X116.817 Y171.82
G1 F12000 X117.257 Y170.18 E1145.31925
G0 F15000 X117.011 Y170.18
G1 F12000 X118.651 Y171.82 E1145.39639
G0 F15000 X118.651 Y171.59
G0 X125.099 Y171.59
G0 X125.099 Y171.821
G1 F12000 X125.539 Y170.18 E1145.4529
G0 F15000 X125.539 Y170.41
G0 X128.325 Y170.41
G0 X128.325 Y170.18
G1 F12000 X129.965 Y171.82 E1145.53004
G0 F15000 X129.965 Y171.59
G0 X133.381 Y171.59
G0 X133.381 Y171.82
G1 F12000 X133.821 Y170.179 E1145.58655
G0 F15000 X133.821 Y170.41
G0 X139.639 Y170.41
G0 X139.639 Y170.18
G1 F12000 X141.279 Y171.82 E1145.66369
G0 F15000 X141.664 Y171.821
G1 F12000 X142.103 Y170.18 E1145.72019
G0 F15000 X142.103 Y170.41
G0 X139.67 Y171.59
G0 X139.67 Y171.821
G1 F12000 X145.793 Y170.18 E1145.93103
G0 F15000 X145.793 Y170.71
;MESH:NONMESH
G0 F300 X145.793 Y170.71 Z3.6
G0 F15000 X150 Y170.41
G0 X150 Y170.1
;TIME_ELAPSED:1487.206929
;LAYER:17
;TYPE:WALL-INNER
;MESH:Vakuumpumpe casing (berre sk??l)V2.stl
G1 F6000 X114.5 Y170.1 E1147.11176
G1 X114.261 Y170.051 E1147.11988
G1 X114.075 Y169.925 E1147.12735
G1 X113.949 Y169.739 E1147.13482
G1 X113.9 Y169.574 E1147.14055
G1 X113.9 Y130.5 E1148.44015
G1 X113.949 Y130.261 E1148.44827
G1 X114.075 Y130.075 E1148.45574
G1 X114.261 Y129.949 E1148.46321
G1 X114.426 Y129.9 E1148.46894
G1 X178.5 Y129.9 E1150.60005
G1 X178.739 Y129.949 E1150.60816
G1 X178.925 Y130.075 E1150.61563
G1 X179.051 Y130.261 E1150.6231
G1 X179.1 Y130.5 E1150.63122
G1 X179.1 Y169.578 E1151.93096
G1 X179.051 Y169.739 E1151.93656
G1 X178.925 Y169.925 E1151.94403
G1 X178.739 Y170.051 E1151.9515
G1 X178.574 Y170.1 E1151.95722
G1 X150 Y170.1 E1152.9076
G0 F15000 X150 Y170.41
G0 X150 Y171.59
G0 X150 Y171.9
G1 F6000 X180.9 Y171.9 E1153.93534
G1 X180.9 Y128.1 E1155.39213
G1 X112.1 Y128.1 E1157.68043
G1 X112.1 Y171.9 E1159.13722
G1 X150 Y171.9 E1160.39778
G0 F15000 X150 Y172.3
;TYPE:WALL-OUTER
G1 F6000 X181.3 Y172.3 E1161.43882
G1 X181.3 Y127.7 E1162.92223
G1 X111.7 Y127.7 E1165.23713
G1 X111.7 Y172.3 E1166.72053
G1 X150 Y172.3 E1167.9944
G1 F2400 E1167.4944
G0 F15000 X150 Y171.59
G0 X150 Y170.41
G0 X150 Y169.698
G1 F2400 E1167.9944
G1 F6000 X114.444 Y169.7 E1169.17699
G1 X114.358 Y169.642 E1169.18044
G1 X114.303 Y169.535 E1169.18445
G1 X114.3 Y130.444 E1170.48462
G1 X114.358 Y130.358 E1170.48807
G1 X114.465 Y130.303 E1170.49207
G1 X178.564 Y130.3 E1172.62401
G1 X178.7 Y130.436 E1172.63041
G1 X178.698 Y169.535 E1173.93085
G1 X178.642 Y169.642 E1173.93486
G1 X178.535 Y169.697 E1173.93886
G1 X150 Y169.698 E1174.88794
G0 F15000 X150.24 Y170.18
;TYPE:FILL
G1 F12000 X149.8 Y171.821 E1174.94445
G0 F15000 X149.8 Y171.59
G0 X151.152 Y170.41
G0 X151.152 Y170.18
G1 F12000 X152.792 Y171.82 E1175.02159
G0 F15000 X152.792 Y171.59
G0 X158.082 Y171.59
G0 X158.082 Y171.82
G1 F12000 X158.522 Y170.179 E1175.0781
G0 F15000 X158.522 Y170.41
G0 X162.466 Y170.41
G0 X162.466 Y170.18
G1 F12000 X164.105 Y171.82 E1175.15522
G0 F15000 X164.105 Y171.59
G0 X166.364 Y171.59
G0 X166.364 Y171.821
G1 F12000 X166.804 Y170.18 E1175.21172
G0 F15000 X166.804 Y170.41
G0 X171.125 Y171.59
G0 X171.125 Y171.82
G1 F12000 X177.248 Y170.179 E1175.42256
G0 F15000 X177.248 Y170.41
G0 X179.338 Y170.338
G0 X179.41 Y169.669
G0 X179.155 Y169.669
G1 F12000 X180.819 Y169.223 E1175.47986
G0 F15000 X180.59 Y169.223
G0 X180.59 Y165.907
G0 X180.82 Y165.907
G1 F12000 X179.18 Y164.267 E1175.557
G0 F15000 X179.41 Y164.267
G0 X179.41 Y161.38
G0 X179.181 Y161.38
G1 F12000 X180.819 Y160.941 E1175.6134
G0 F15000 X180.59 Y160.941
G0 X179.41 Y154.902
G0 X179.18 Y154.902
G1 F12000 X180.82 Y148.782 E1175.82414
G0 F15000 X180.59 Y148.782
G0 X180.59 Y152.658
G0 X180.819 Y152.658
G1 F12000 X179.181 Y153.097 E1175.88054
G1 X179.18 Y152.954
G1 X180.82 Y154.593 E1175.95766
G0 F15000 X180.59 Y154.593
G0 X179.41 Y144.815
G0 X179.18 Y144.815
G1 F12000 X180.82 Y144.376 E1176.01412
G0 F15000 X180.59 Y144.376
G0 X180.59 Y143.28
G0 X180.82 Y143.28
G1 F12000 X179.18 Y141.64 E1176.09127
G0 F15000 X179.41 Y141.64
G0 X179.41 Y136.533
G0 X179.181 Y136.533
G1 F12000 X180.819 Y136.094 E1176.14767
G0 F15000 X180.59 Y136.094
G0 X180.59 Y131.966
G0 X180.82 Y131.966
G1 F12000 X179.131 Y130.277 E1176.22711
G0 F15000 X178.721 Y129.867
G1 F12000 X177.034 Y128.18 E1176.30646
G0 F15000 X177.034 Y128.41
G0 X178.058 Y128.41
G0 X178.058 Y128.179
G1 F12000 X177.618 Y129.82 E1176.36297
G0 F15000 X177.618 Y129.59
G0 X179.445 Y128.41
G0 X179.445 Y128.18
G1 F12000 X173.324 Y129.82 E1176.57374
G0 F15000 X173.324 Y129.59
G0 X169.776 Y128.41
G0 X169.776 Y128.18
G1 F12000 X169.336 Y129.821 E1176.63025
G0 F15000 X169.336 Y129.59
G0 X167.36 Y129.59
G0 X167.36 Y129.82
G1 F12000 X165.72 Y128.18 E1176.70739
G0 F15000 X165.72 Y128.41
G0 X161.494 Y128.41
G0 X161.494 Y128.179
G1 F12000 X161.054 Y129.82 E1176.76389
G0 F15000 X161.054 Y129.59
G0 X156.046 Y129.59
G0 X156.046 Y129.82
G1 F12000 X154.407 Y128.18 E1176.84101
G0 F15000 X154.407 Y128.41
G0 X153.211 Y128.41
G0 X153.211 Y128.18
G1 F12000 X152.771 Y129.821 E1176.89752
G0 F15000 X152.771 Y129.59
G0 X148.535 Y128.41
G0 X148.535 Y128.18
G1 F12000 X142.415 Y129.82 E1177.10825
G0 F15000 X142.415 Y129.59
G0 X143.093 Y128.41
G0 X143.093 Y128.18
G1 F12000 X144.733 Y129.82 E1177.18539
G0 F15000 X144.489 Y129.821
G1 F12000 X144.929 Y128.18 E1177.2419
G0 F15000 X144.929 Y128.41
G0 X136.647 Y128.41
G0 X136.647 Y128.179
G1 F12000 X136.207 Y129.821 E1177.29844
G0 F15000 X136.207 Y129.59
G0 X133.419 Y129.59
G0 X133.419 Y129.82
G1 F12000 X131.779 Y128.18 E1177.37558
G0 F15000 X131.779 Y128.41
G0 X128.365 Y128.41
G0 X128.365 Y128.18
G1 F12000 X127.925 Y129.821 E1177.43209
G0 F15000 X127.925 Y129.59
G0 X122.105 Y129.59
G0 X122.105 Y129.82
G1 F12000 X120.466 Y128.18 E1177.50921
G0 F15000 X120.082 Y128.179
G1 F12000 X119.643 Y129.82 E1177.56571
G0 F15000 X119.643 Y129.59
G0 X117.624 Y128.41
G0 X117.624 Y128.18
G1 F12000 X112.18 Y129.639 E1177.75316
G0 F15000 X112.41 Y129.639
G0 X112.41 Y131.208
G0 X112.18 Y131.208
G1 F12000 X113.82 Y132.848 E1177.8303
G0 F15000 X113.59 Y132.848
G0 X113.59 Y137.482
G0 X113.819 Y137.482
G1 F12000 X112.18 Y137.921 E1177.88674
G0 F15000 X112.41 Y137.921
G0 X112.41 Y142.522
G0 X112.18 Y142.522
G1 F12000 X113.82 Y144.162 E1177.96388
G0 F15000 X113.59 Y144.162
G0 X113.59 Y145.764
G0 X113.82 Y145.764
G1 F12000 X112.181 Y146.203 E1178.02032
G0 F15000 X112.41 Y146.203
G0 X113.59 Y151.553
G0 X113.82 Y151.553
G1 F12000 X112.18 Y157.671 E1178.23098
G0 F15000 X112.41 Y157.671
G0 X113.59 Y155.476
G0 X113.82 Y155.476
G1 F12000 X112.18 Y153.835 E1178.30815
G0 F15000 X112.18 Y154.486
G1 F12000 X113.819 Y154.046 E1178.36459
G0 F15000 X113.59 Y154.046
G0 X113.59 Y162.329
G0 X113.819 Y162.329
G1 F12000 X112.18 Y162.768 E1178.42103
G0 F15000 X112.41 Y162.768
G0 X112.41 Y165.149
G0 X112.18 Y165.149
G1 F12000 X113.82 Y166.79 E1178.49819
G0 F15000 X113.59 Y166.79
G0 X113.662 Y170.338
G0 X115.426 Y170.41
G0 X115.426 Y170.18
G1 F12000 X112.18 Y171.05 E1178.60996
G0 F15000 X112.41 Y171.05
G0 X116.671 Y171.59
G0 X116.671 Y171.82
G1 F12000 X117.111 Y170.179 E1178.66647
G1 X117.211 Y170.18
G1 X118.851 Y171.82 E1178.74361
G0 F15000 X118.851 Y171.59
G0 X124.953 Y171.59
G0 X124.953 Y171.821
G1 F12000 X125.393 Y170.18 E1178.80012
G0 F15000 X125.393 Y170.41
G0 X128.524 Y170.41
G0 X128.524 Y170.18
G1 F12000 X130.164 Y171.82 E1178.87726
G0 F15000 X130.164 Y171.59
G0 X133.235 Y171.59
G0 X133.235 Y171.821
G1 F12000 X133.675 Y170.179 E1178.9338
G0 F15000 X133.675 Y170.41
G0 X139.838 Y170.41
G0 X139.838 Y170.18
G1 F12000 X141.478 Y171.82 E1179.01094
G1 X141.518 Y171.82
G1 X141.957 Y170.18 E1179.06741
G0 F15000 X141.957 Y170.41
G0 X140.215 Y171.59
G0 X140.215 Y171.82
G1 F12000 X146.337 Y170.18 E1179.27821
G0 F15000 X146.337 Y170.41
G0 X173.779 Y170.41
G0 X173.779 Y170.18
G1 F12000 X175.419 Y171.82 E1179.35535
G0 F15000 X174.647 Y171.82
G1 F12000 X175.086 Y170.179 E1179.41185
G0 F15000 X175.086 Y170.71
;MESH:NONMESH
G0 F300 X175.086 Y170.71 Z3.8
G0 F15000 X150 Y170.41
G0 X150 Y170.1
;TIME_ELAPSED:1515.609927
;LAYER:18
;TYPE:WALL-INNER
;MESH:Vakuumpumpe casing (berre sk??l)V2.stl
G1 F6000 X114.5 Y170.1 E1180.59258
G1 X114.261 Y170.051 E1180.6007
G1 X114.075 Y169.925 E1180.60817
G1 X113.949 Y169.739 E1180.61564
G1 X113.9 Y169.574 E1180.62137
G1 X113.9 Y130.5 E1181.92097
G1 X113.949 Y130.261 E1181.92909
G1 X114.075 Y130.075 E1181.93656
G1 X114.261 Y129.949 E1181.94403
G1 X114.426 Y129.9 E1181.94976
G1 X178.5 Y129.9 E1184.08087
G1 X178.739 Y129.949 E1184.08898
G1 X178.925 Y130.075 E1184.09645
G1 X179.051 Y130.261 E1184.10392
G1 X179.1 Y130.5 E1184.11204
G1 X179.1 Y169.578 E1185.41178
G1 X179.051 Y169.739 E1185.41738
G1 X178.925 Y169.925 E1185.42485
G1 X178.739 Y170.051 E1185.43232
G1 X178.574 Y170.1 E1185.43805
G1 X150 Y170.1 E1186.38842
G0 F15000 X150 Y170.41
G0 X150 Y171.59
G0 X150 Y171.9
G1 F6000 X180.9 Y171.9 E1187.41616
G1 X180.9 Y128.1 E1188.87295
G1 X112.1 Y128.1 E1191.16125
G1 X112.1 Y171.9 E1192.61804
G1 X150 Y171.9 E1193.8786
G0 F15000 X150 Y172.3
;TYPE:WALL-OUTER
G1 F6000 X181.3 Y172.3 E1194.91964
G1 X181.3 Y127.7 E1196.40305
G1 X111.7 Y127.7 E1198.71795
G1 X111.7 Y172.3 E1200.20135
G1 X150 Y172.3 E1201.47522
G1 F2400 E1200.97522
G0 F15000 X150 Y171.59
G0 X150 Y170.41
G0 X150 Y169.698
G1 F2400 E1201.47522
G1 F6000 X114.444 Y169.7 E1202.65781
G1 X114.358 Y169.642 E1202.66126
G1 X114.303 Y169.535 E1202.66527
G1 X114.3 Y130.444 E1203.96544
G1 X114.358 Y130.358 E1203.96889
G1 X114.465 Y130.303 E1203.97289
G1 X178.564 Y130.3 E1206.10483
G1 X178.7 Y130.436 E1206.11123
G1 X178.698 Y169.535 E1207.41167
G1 X178.642 Y169.642 E1207.41568
G1 X178.535 Y169.697 E1207.41968
G1 X150 Y169.698 E1208.36876
G0 F15000 X150.093 Y170.18
;TYPE:FILL
G1 F12000 X149.653 Y171.821 E1208.42527
G0 F15000 X149.653 Y171.59
G0 X151.353 Y170.41
G0 X151.353 Y170.18
G1 F12000 X152.992 Y171.82 E1208.50239
G0 F15000 X152.992 Y171.59
G0 X157.935 Y171.59
G0 X157.935 Y171.82
G1 F12000 X158.375 Y170.179 E1208.5589
G0 F15000 X158.375 Y170.41
G0 X162.666 Y170.41
G0 X162.666 Y170.18
G1 F12000 X164.306 Y171.82 E1208.63604
G0 F15000 X164.306 Y171.59
G0 X166.217 Y171.59
G0 X166.217 Y171.821
G1 F12000 X166.657 Y170.18 E1208.69254
G0 F15000 X166.657 Y170.41
G0 X171.674 Y171.59
G0 X171.674 Y171.82
G1 F12000 X177.797 Y170.179 E1208.90338
G0 F15000 X177.797 Y170.41
G0 X179.338 Y170.338
G0 X179.41 Y169.836
G0 X179.078 Y169.836
G1 F12000 X180.819 Y169.37 E1208.96333
G0 F15000 X180.59 Y169.37
G0 X180.59 Y165.706
G0 X180.82 Y165.706
G1 F12000 X179.18 Y164.066 E1209.04047
G0 F15000 X179.41 Y164.066
G0 X179.41 Y161.527
G0 X179.181 Y161.527
G1 F12000 X180.819 Y161.088 E1209.09687
G0 F15000 X180.59 Y161.088
G0 X180.59 Y154.393
G0 X180.82 Y154.393
G1 F12000 X179.18 Y152.753 E1209.17401
G0 F15000 X179.181 Y153.244
G1 F12000 X180.819 Y152.805 E1209.23041
G0 F15000 X180.59 Y152.805
G0 X179.41 Y154.354
G0 X179.18 Y154.354
G1 F12000 X180.82 Y148.233 E1209.44118
G0 F15000 X180.59 Y148.233
G0 X179.41 Y144.962
G0 X179.18 Y144.962
G1 F12000 X180.82 Y144.523 E1209.49765
G0 F15000 X180.59 Y144.523
G0 X180.59 Y143.079
G0 X180.82 Y143.079
G1 F12000 X179.18 Y141.439 E1209.57479
G0 F15000 X179.41 Y141.439
G0 X179.41 Y136.68
G0 X179.181 Y136.68
G1 F12000 X180.819 Y136.241 E1209.63119
G0 F15000 X180.59 Y136.241
G0 X180.59 Y131.765
G0 X180.82 Y131.765
G1 F12000 X177.235 Y128.18 E1209.79982
G0 F15000 X177.911 Y128.179
G1 F12000 X177.471 Y129.82 E1209.85633
G0 F15000 X177.471 Y129.59
G0 X179.994 Y128.41
G0 X179.994 Y128.18
G1 F12000 X173.871 Y129.82 E1210.06716
G0 F15000 X173.871 Y129.59
G0 X169.629 Y128.41
G0 X169.629 Y128.18
G1 F12000 X169.189 Y129.821 E1210.12366
G0 F15000 X169.189 Y129.59
G0 X167.561 Y129.59
G0 X167.561 Y129.82
G1 F12000 X165.921 Y128.18 E1210.2008
G0 F15000 X165.921 Y128.41
G0 X161.346 Y128.41
G0 X161.346 Y128.18
G1 F12000 X160.907 Y129.82 E1210.25727
G0 F15000 X160.907 Y129.59
G0 X156.247 Y129.59
G0 X156.247 Y129.82
G1 F12000 X154.607 Y128.18 E1210.33441
G0 F15000 X154.607 Y128.41
G0 X153.064 Y128.41
G0 X153.064 Y128.18
G1 F12000 X152.624 Y129.821 E1210.39092
G0 F15000 X152.624 Y129.59
G0 X149.083 Y128.41
G0 X149.083 Y128.18
G1 F12000 X142.963 Y129.82 E1210.60165
G0 F15000 X142.963 Y129.59
G0 X144.342 Y129.59
G0 X144.342 Y129.821
G1 F12000 X144.782 Y128.18 E1210.65816
G0 F15000 X144.782 Y128.41
G0 X143.294 Y128.41
G0 X143.294 Y128.18
G1 F12000 X144.934 Y129.82 E1210.7353
G0 F15000 X144.934 Y129.59
G0 X136.5 Y128.41
G0 X136.5 Y128.179
G1 F12000 X136.06 Y129.82 E1210.79181
G0 F15000 X136.06 Y129.59
G0 X133.62 Y129.59
G0 X133.62 Y129.82
G1 F12000 X131.98 Y128.18 E1210.86895
G0 F15000 X131.98 Y128.41
G0 X128.218 Y128.41
G0 X128.218 Y128.18
G1 F12000 X127.778 Y129.821 E1210.92546
G0 F15000 X127.778 Y129.59
G0 X122.306 Y129.59
G0 X122.306 Y129.82
G1 F12000 X120.666 Y128.18 E1211.0026
G0 F15000 X119.935 Y128.179
G1 F12000 X119.496 Y129.82 E1211.0591
G0 F15000 X119.496 Y129.59
G0 X118.173 Y128.41
G0 X118.173 Y128.18
G1 F12000 X112.181 Y129.786 E1211.26543
G0 F15000 X112.41 Y129.786
G0 X112.41 Y131.007
G0 X112.18 Y131.007
G1 F12000 X113.82 Y132.648 E1211.34259
G0 F15000 X113.59 Y132.648
G0 X113.59 Y137.629
G0 X113.819 Y137.629
G1 F12000 X112.18 Y138.068 E1211.39903
G0 F15000 X112.41 Y138.068
G0 X112.41 Y142.321
G0 X112.18 Y142.321
G1 F12000 X113.82 Y143.961 E1211.47617
G0 F15000 X113.59 Y143.961
G0 X113.59 Y145.911
G0 X113.82 Y145.911
G1 F12000 X112.181 Y146.35 E1211.5326
G0 F15000 X112.41 Y146.35
G0 X113.59 Y151.004
G0 X113.82 Y151.004
G1 F12000 X112.18 Y157.122 E1211.74327
G0 F15000 X112.41 Y157.122
G0 X113.59 Y155.275
G0 X113.82 Y155.275
G1 F12000 X112.18 Y153.635 E1211.82041
G0 F15000 X112.18 Y154.633
G1 F12000 X113.819 Y154.193 E1211.87685
G0 F15000 X113.59 Y154.193
G0 X113.59 Y162.476
G0 X113.819 Y162.476
G1 F12000 X112.18 Y162.915 E1211.93329
G0 F15000 X112.41 Y162.915
G0 X112.41 Y164.948
G0 X112.18 Y164.948
G1 F12000 X113.82 Y166.589 E1212.01045
G0 F15000 X113.59 Y166.589
G0 X113.662 Y170.338
G0 X115.975 Y170.41
G0 X115.975 Y170.18
G1 F12000 X112.18 Y171.197 E1212.14113
G0 F15000 X112.41 Y171.197
G0 X116.524 Y171.59
G0 X116.524 Y171.82
G1 F12000 X116.964 Y170.18 E1212.19761
G0 F15000 X117.412 Y170.18
G1 F12000 X119.051 Y171.82 E1212.27472
G0 F15000 X119.051 Y171.59
G0 X124.806 Y171.59
G0 X124.806 Y171.821
G1 F12000 X125.246 Y170.18 E1212.33123
G0 F15000 X125.246 Y170.41
G0 X128.725 Y170.41
G0 X128.725 Y170.18
G1 F12000 X130.365 Y171.82 E1212.40837
G0 F15000 X130.365 Y171.59
G0 X133.088 Y171.59
G0 X133.088 Y171.82
G1 F12000 X133.528 Y170.179 E1212.46488
G0 F15000 X133.528 Y170.41
G0 X140.039 Y170.41
G0 X140.039 Y170.18
G1 F12000 X141.679 Y171.82 E1212.54202
G0 F15000 X141.371 Y171.821
G1 F12000 X141.81 Y170.18 E1212.59852
G0 F15000 X141.81 Y170.41
G0 X140.764 Y171.59
G0 X140.764 Y171.82
G1 F12000 X146.886 Y170.18 E1212.80932
G0 F15000 X146.886 Y170.41
G0 X173.98 Y170.41
G0 X173.98 Y170.18
G1 F12000 X175.62 Y171.82 E1212.88646
G0 F15000 X175.62 Y171.59
G0 X174.5 Y171.59
G0 X174.5 Y171.82
G1 F12000 X174.939 Y170.179 E1212.94296
G0 F15000 X174.939 Y170.71
;MESH:NONMESH
G0 F300 X174.939 Y170.71 Z4
G0 F15000 X150 Y170.41
G0 X150 Y170.1
;TIME_ELAPSED:1544.062344
;LAYER:19
;TYPE:WALL-INNER
;MESH:Vakuumpumpe casing (berre sk??l)V2.stl
G1 F6000 X114.5 Y170.1 E1214.12369
G1 X114.261 Y170.051 E1214.13181
G1 X114.075 Y169.925 E1214.13928
G1 X113.949 Y169.739 E1214.14675
G1 X113.9 Y169.574 E1214.15247
G1 X113.9 Y130.5 E1215.45208
G1 X113.949 Y130.261 E1215.4602
G1 X114.075 Y130.075 E1215.46767
G1 X114.261 Y129.949 E1215.47514
G1 X114.426 Y129.9 E1215.48086
G1 X178.5 Y129.9 E1217.61197
G1 X178.739 Y129.949 E1217.62009
G1 X178.925 Y130.075 E1217.62756
G1 X179.051 Y130.261 E1217.63503
G1 X179.1 Y130.5 E1217.64315
G1 X179.1 Y169.578 E1218.94289
G1 X179.051 Y169.739 E1218.94849
G1 X178.925 Y169.925 E1218.95596
G1 X178.739 Y170.051 E1218.96343
G1 X178.574 Y170.1 E1218.96915
G1 X150 Y170.1 E1219.91953
G0 F15000 X150 Y170.41
G0 X150 Y171.59
G0 X150 Y171.9
G1 F6000 X180.9 Y171.9 E1220.94727
G1 X180.9 Y128.1 E1222.40406
G1 X112.1 Y128.1 E1224.69236
G1 X112.1 Y171.9 E1226.14915
G1 X150 Y171.9 E1227.40971
G0 F15000 X150 Y172.3
;TYPE:WALL-OUTER
G1 F6000 X181.3 Y172.3 E1228.45075
G1 X181.3 Y127.7 E1229.93416
G1 X111.7 Y127.7 E1232.24906
G1 X111.7 Y172.3 E1233.73246
G1 X150 Y172.3 E1235.00633
G1 F2400 E1234.50633
G0 F15000 X150 Y171.59
G0 X150 Y170.41
G0 X150 Y169.698
G1 F2400 E1235.00633
G1 F6000 X114.444 Y169.7 E1236.18892
G1 X114.358 Y169.642 E1236.19237
G1 X114.303 Y169.535 E1236.19638
G1 X114.3 Y130.444 E1237.49655
G1 X114.358 Y130.358 E1237.5
G1 X114.465 Y130.303 E1237.504
G1 X178.564 Y130.3 E1239.63594
G1 X178.7 Y130.436 E1239.64234
G1 X178.698 Y169.535 E1240.94278
G1 X178.642 Y169.642 E1240.94679
G1 X178.535 Y169.697 E1240.95079
G1 X150 Y169.698 E1241.89987
G0 F15000 X149.947 Y170.18
;TYPE:FILL
G1 F12000 X149.507 Y171.821 E1241.95638
G0 F15000 X149.507 Y171.59
G0 X151.552 Y170.41
G0 X151.552 Y170.18
G1 F12000 X153.192 Y171.82 E1242.03352
G0 F15000 X153.192 Y171.59
G0 X157.789 Y171.59
G0 X157.789 Y171.82
G1 F12000 X158.229 Y170.179 E1242.09003
G0 F15000 X158.229 Y170.41
G0 X162.866 Y170.41
G0 X162.866 Y170.18
G1 F12000 X164.506 Y171.82 E1242.16717
G0 F15000 X164.506 Y171.59
G0 X166.071 Y171.59
G0 X166.071 Y171.821
G1 F12000 X166.511 Y170.18 E1242.22368
G0 F15000 X166.511 Y170.41
G0 X172.219 Y171.59
G0 X172.219 Y171.82
G1 F12000 X178.342 Y170.18 E1242.43451
G0 F15000 X178.911 Y170.027
G1 F12000 X180.819 Y169.516 E1242.5002
G0 F15000 X180.59 Y169.516
G0 X180.59 Y165.507
G0 X180.82 Y165.507
G1 F12000 X179.18 Y163.867 E1242.57734
G0 F15000 X179.41 Y163.867
G0 X179.41 Y161.673
G0 X179.18 Y161.673
G1 F12000 X180.82 Y161.233 E1242.63382
G0 F15000 X180.59 Y161.233
G0 X180.59 Y154.193
G0 X180.82 Y154.193
G1 F12000 X179.18 Y152.553 E1242.71096
G0 F15000 X179.181 Y153.39
G1 F12000 X180.819 Y152.951 E1242.76736
G0 F15000 X180.59 Y152.951
G0 X179.41 Y153.808
G0 X179.18 Y153.808
G1 F12000 X180.82 Y147.688 E1242.9781
G0 F15000 X180.59 Y147.688
G0 X180.59 Y144.669
G0 X180.819 Y144.669
G1 F12000 X179.18 Y145.108 E1243.03453
G0 F15000 X179.41 Y145.108
G0 X180.59 Y142.879
G0 X180.82 Y142.879
G1 F12000 X179.18 Y141.24 E1243.11165
G0 F15000 X179.41 Y141.24
G0 X179.41 Y136.826
G0 X179.181 Y136.826
G1 F12000 X180.819 Y136.387 E1243.16805
G0 F15000 X180.59 Y136.387
G0 X180.59 Y131.566
G0 X180.82 Y131.566
G1 F12000 X177.434 Y128.18 E1243.32732
G0 F15000 X177.765 Y128.18
G1 F12000 X177.325 Y129.821 E1243.38383
G0 F15000 X177.325 Y129.59
G0 X174.417 Y129.59
G0 X174.417 Y129.82
G1 F12000 X180.538 Y128.18 E1243.59459
G0 F15000 X180.538 Y128.41
G0 X169.483 Y128.41
G0 X169.483 Y128.18
G1 F12000 X169.043 Y129.82 E1243.65107
G0 F15000 X169.043 Y129.59
G0 X167.76 Y129.59
G0 X167.76 Y129.82
G1 F12000 X166.121 Y128.18 E1243.72819
G0 F15000 X166.121 Y128.41
G0 X161.201 Y128.41
G0 X161.201 Y128.179
G1 F12000 X160.761 Y129.82 E1243.78469
G0 F15000 X160.761 Y129.59
G0 X156.447 Y129.59
G0 X156.447 Y129.82
G1 F12000 X154.807 Y128.18 E1243.86183
G0 F15000 X154.807 Y128.41
G0 X152.918 Y128.41
G0 X152.918 Y128.18
G1 F12000 X152.478 Y129.821 E1243.91834
G0 F15000 X152.478 Y129.59
G0 X149.628 Y128.41
G0 X149.628 Y128.18
G1 F12000 X143.508 Y129.82 E1244.12908
G0 F15000 X144.196 Y129.82
G1 F12000 X144.636 Y128.179 E1244.18558
G0 F15000 X144.636 Y128.41
G0 X143.493 Y128.41
G0 X143.493 Y128.18
G1 F12000 X145.133 Y129.82 E1244.26272
G0 F15000 X145.133 Y129.59
G0 X136.354 Y128.41
G0 X136.354 Y128.18
G1 F12000 X135.914 Y129.821 E1244.31923
G0 F15000 X135.914 Y129.59
G0 X133.819 Y129.59
G0 X133.819 Y129.82
G1 F12000 X132.179 Y128.18 E1244.39637
G0 F15000 X132.179 Y128.41
G0 X128.072 Y128.41
G0 X128.072 Y128.18
G1 F12000 X127.632 Y129.821 E1244.45288
G0 F15000 X127.632 Y129.59
G0 X122.506 Y129.59
G0 X122.506 Y129.82
G1 F12000 X120.866 Y128.18 E1244.53002
G0 F15000 X120.866 Y128.41
G0 X119.789 Y128.41
G0 X119.789 Y128.179
G1 F12000 X119.35 Y129.821 E1244.58655
G0 F15000 X119.35 Y129.59
G0 X118.718 Y128.41
G0 X118.718 Y128.18
G1 F12000 X112.18 Y129.932 E1244.81168
G0 F15000 X112.18 Y130.808
G1 F12000 X113.82 Y132.448 E1244.88882
G0 F15000 X113.59 Y132.448
G0 X113.59 Y137.775
G0 X113.819 Y137.775
G1 F12000 X112.181 Y138.214 E1244.94522
G0 F15000 X112.41 Y138.214
G0 X112.41 Y142.121
G0 X112.18 Y142.121
G1 F12000 X113.82 Y143.762 E1245.02239
G0 F15000 X113.59 Y143.762
G0 X113.59 Y146.057
G0 X113.82 Y146.057
G1 F12000 X112.18 Y146.496 E1245.07885
G0 F15000 X112.41 Y146.496
G0 X113.59 Y150.459
G0 X113.82 Y150.459
G1 F12000 X112.18 Y156.578 E1245.28955
G0 F15000 X112.41 Y156.578
G0 X112.41 Y154.779
G0 X112.18 Y154.779
G1 F12000 X113.819 Y154.339 E1245.346
G0 F15000 X113.82 Y155.076
G1 F12000 X112.18 Y153.435 E1245.42316
G0 F15000 X112.41 Y153.435
G0 X113.59 Y162.621
G0 X113.82 Y162.621
G1 F12000 X112.181 Y163.061 E1245.47961
G0 F15000 X112.41 Y163.061
G0 X112.41 Y164.749
G0 X112.18 Y164.749
G1 F12000 X113.82 Y166.389 E1245.55675
G0 F15000 X113.59 Y166.389
G0 X113.662 Y170.338
G0 X116.52 Y170.41
G0 X116.52 Y170.18
G1 F12000 X112.18 Y171.343 E1245.70619
G0 F15000 X112.41 Y171.343
G0 X116.378 Y171.59
G0 X116.378 Y171.821
G1 F12000 X116.818 Y170.179 E1245.76273
G0 F15000 X117.611 Y170.18
G1 F12000 X119.251 Y171.82 E1245.83987
G0 F15000 X119.251 Y171.59
G0 X124.66 Y171.59
G0 X124.66 Y171.82
G1 F12000 X125.1 Y170.18 E1245.89634
G0 F15000 X125.1 Y170.41
G0 X128.925 Y170.41
G0 X128.925 Y170.18
G1 F12000 X130.564 Y171.82 E1245.97346
G0 F15000 X130.564 Y171.59
G0 X132.942 Y171.59
G0 X132.942 Y171.821
G1 F12000 X133.382 Y170.18 E1246.02997
G0 F15000 X133.382 Y170.41
G0 X140.238 Y170.41
G0 X140.238 Y170.18
G1 F12000 X141.878 Y171.82 E1246.10711
G0 F15000 X141.308 Y171.82
G1 F12000 X147.43 Y170.18 E1246.31791
G0 F15000 X147.43 Y170.41
G0 X141.664 Y170.41
G0 X141.664 Y170.179
G1 F12000 X141.225 Y171.82 E1246.37441
G1 F2400 E1245.87441
G0 F15000 X141.225 Y171.59
G0 X174.179 Y170.41
G0 X174.179 Y170.18
G1 F2400 E1246.37441
G1 F12000 X175.819 Y171.82 E1246.45155
G0 F15000 X175.819 Y171.59
G0 X174.353 Y171.59
G0 X174.353 Y171.821
G1 F12000 X174.793 Y170.18 E1246.50806
G0 F15000 X174.793 Y170.71
;MESH:NONMESH
G0 F300 X174.793 Y170.71 Z4.2
G0 F15000 X150 Y170.41
G0 X150 Y170.1
;TIME_ELAPSED:1572.586391
;LAYER:20
;TYPE:WALL-INNER
;MESH:Vakuumpumpe casing (berre sk??l)V2.stl
G1 F6000 X114.5 Y170.1 E1247.68879
G1 X114.261 Y170.051 E1247.69691
G1 X114.075 Y169.925 E1247.70438
G1 X113.949 Y169.739 E1247.71185
G1 X113.9 Y169.574 E1247.71757
G1 X113.9 Y130.5 E1249.01718
G1 X113.949 Y130.261 E1249.0253
G1 X114.075 Y130.075 E1249.03277
G1 X114.261 Y129.949 E1249.04024
G1 X114.426 Y129.9 E1249.04596
G1 X178.5 Y129.9 E1251.17707
G1 X178.739 Y129.949 E1251.18519
G1 X178.925 Y130.075 E1251.19266
G1 X179.051 Y130.261 E1251.20013
G1 X179.1 Y130.5 E1251.20825
G1 X179.1 Y169.578 E1252.50799
G1 X179.051 Y169.739 E1252.51358
G1 X178.925 Y169.925 E1252.52106
G1 X178.739 Y170.051 E1252.52853
G1 X178.574 Y170.1 E1252.53425
G1 X150 Y170.1 E1253.48463
G0 F15000 X150 Y170.41
G0 X150 Y171.59
G0 X150 Y171.9
G1 F6000 X180.9 Y171.9 E1254.51237
G1 X180.9 Y128.1 E1255.96916
G1 X112.1 Y128.1 E1258.25746
G1 X112.1 Y171.9 E1259.71425
G1 X150 Y171.9 E1260.97481
G0 F15000 X150 Y172.3
;TYPE:WALL-OUTER
G1 F6000 X181.3 Y172.3 E1262.01585
G1 X181.3 Y127.7 E1263.49926
G1 X111.7 Y127.7 E1265.81416
G1 X111.7 Y172.3 E1267.29756
G1 X150 Y172.3 E1268.57143
G1 F2400 E1268.07143
G0 F15000 X150 Y171.59
G0 X150 Y170.41
G0 X150 Y169.698
G1 F2400 E1268.57143
G1 F6000 X114.5 Y169.7 E1269.75216
G1 X114.358 Y169.642 E1269.75726
G1 X114.303 Y169.535 E1269.76126
G1 X114.3 Y130.444 E1271.06144
G1 X114.358 Y130.358 E1271.06489
G1 X114.465 Y130.303 E1271.06889
G1 X178.564 Y130.3 E1273.20083
G1 X178.7 Y130.436 E1273.20723
G1 X178.698 Y169.535 E1274.50766
G1 X178.642 Y169.642 E1274.51168
G1 X178.535 Y169.697 E1274.51568
G1 X150 Y169.698 E1275.46476
G0 F15000 X149.801 Y170.18
;TYPE:FILL
G1 F12000 X149.361 Y171.821 E1275.52127
G0 F15000 X149.361 Y171.59
G0 X147.976 Y170.41
G0 X147.976 Y170.18
G1 F12000 X141.853 Y171.82 E1275.7321
G0 F15000 X142.078 Y171.82
G1 F12000 X140.438 Y170.18 E1275.80924
G0 F15000 X140.438 Y170.41
G0 X141.518 Y170.41
G0 X141.518 Y170.179
G1 F12000 X141.079 Y171.821 E1275.86577
G0 F15000 X141.079 Y171.59
G0 X133.236 Y170.41
G0 X133.236 Y170.18
G1 F12000 X132.796 Y171.821 E1275.92228
G0 F15000 X132.796 Y171.59
G0 X130.764 Y171.59
G0 X130.764 Y171.82
G1 F12000 X129.124 Y170.18 E1275.99942
G0 F15000 X129.124 Y170.41
G0 X124.954 Y170.41
G0 X124.954 Y170.179
G1 F12000 X124.514 Y171.82 E1276.05593
G0 F15000 X124.514 Y171.59
G0 X119.45 Y171.59
G0 X119.45 Y171.82
G1 F12000 X117.81 Y170.18 E1276.13307
G0 F15000 X117.065 Y170.18
G1 F12000 X112.18 Y171.489 E1276.30128
G0 F15000 X112.41 Y171.489
G0 X116.232 Y171.59
G0 X116.232 Y171.821
G1 F12000 X116.672 Y170.18 E1276.35778
G0 F15000 X116.672 Y170.41
G0 X113.662 Y170.338
G0 X113.59 Y166.19
G0 X113.82 Y166.19
G1 F12000 X112.18 Y164.549 E1276.43495
G0 F15000 X112.41 Y164.549
G0 X112.41 Y163.207
G0 X112.18 Y163.207
G1 F12000 X113.82 Y162.767 E1276.49142
G0 F15000 X113.59 Y162.767
G0 X112.41 Y156.033
G0 X112.18 Y156.033
G1 F12000 X113.819 Y149.915 E1276.70208
G0 F15000 X113.59 Y149.915
G0 X112.41 Y146.642
G0 X112.18 Y146.642
G1 F12000 X113.819 Y146.203 E1276.75852
G0 F15000 X113.59 Y146.203
G0 X113.59 Y143.562
G0 X113.82 Y143.562
G1 F12000 X112.18 Y141.922 E1276.83566
G0 F15000 X112.41 Y141.922
G0 X112.41 Y138.36
G0 X112.181 Y138.36
G1 F12000 X113.82 Y137.921 E1276.89209
G0 F15000 X113.59 Y137.921
G0 X113.59 Y132.249
G0 X113.82 Y132.249
G1 F12000 X112.18 Y130.608 E1276.96926
G0 F15000 X112.18 Y130.078
G1 F12000 X119.262 Y128.18 E1277.21312
G0 F15000 X119.643 Y128.18
G1 F12000 X119.204 Y129.821 E1277.26962
G0 F15000 X119.204 Y129.59
G0 X121.065 Y128.41
G0 X121.065 Y128.18
G1 F12000 X122.705 Y129.82 E1277.34676
G0 F15000 X122.705 Y129.59
G0 X127.486 Y129.59
G0 X127.486 Y129.82
G1 F12000 X127.926 Y128.179 E1277.40327
G0 F15000 X127.926 Y128.41
G0 X132.379 Y128.41
G0 X132.379 Y128.18
G1 F12000 X134.019 Y129.82 E1277.48041
G0 F15000 X134.019 Y129.59
G0 X135.768 Y129.59
G0 X135.768 Y129.821
G1 F12000 X136.208 Y128.18 E1277.53692
G0 F15000 X136.208 Y128.41
G0 X143.693 Y128.41
G0 X143.693 Y128.18
G1 F12000 X145.332 Y129.82 E1277.61403
G0 F15000 X145.332 Y129.59
G0 X144.052 Y129.59
G0 X144.052 Y129.82
G1 F12000 X150.172 Y128.18 E1277.82477
G0 F15000 X150.172 Y128.41
G0 X152.772 Y128.41
G0 X152.772 Y128.18
G1 F12000 X152.332 Y129.821 E1277.88127
G0 F15000 X152.332 Y129.59
G0 X155.006 Y128.41
G0 X155.006 Y128.18
G1 F12000 X156.646 Y129.82 E1277.95841
G0 F15000 X156.646 Y129.59
G0 X160.615 Y129.59
G0 X160.615 Y129.821
G1 F12000 X161.054 Y128.18 E1278.01491
G0 F15000 X161.054 Y128.41
G0 X166.32 Y128.41
G0 X166.32 Y128.18
G1 F12000 X167.96 Y129.82 E1278.09205
G0 F15000 X168.897 Y129.82
G1 F12000 X169.337 Y128.18 E1278.14853
G0 F15000 X169.337 Y128.41
G0 X174.962 Y129.59
G0 X174.962 Y129.82
G1 F12000 X180.819 Y128.251 E1278.3502
G0 F15000 X180.62 Y128.38
G0 X180.59 Y131.366
G0 X180.82 Y131.366
G1 F12000 X177.634 Y128.18 E1278.50006
G1 X177.619 Y128.18
G1 X177.179 Y129.821 E1278.55657
G0 F15000 X177.179 Y129.59
G0 X179.338 Y129.662
G0 X179.41 Y136.972
G0 X179.18 Y136.972
G1 F12000 X180.82 Y136.533 E1278.61304
G0 F15000 X180.59 Y136.533
G0 X179.41 Y141.04
G0 X179.18 Y141.04
G1 F12000 X180.82 Y142.68 E1278.69018
G0 F15000 X180.59 Y142.68
G0 X180.59 Y144.815
G0 X180.819 Y144.815
G1 F12000 X179.181 Y145.254 E1278.74658
G0 F15000 X179.41 Y145.254
G0 X180.59 Y147.143
G0 X180.82 Y147.143
G1 F12000 X179.18 Y153.263 E1278.95731
G0 F15000 X179.181 Y153.536
G1 F12000 X180.819 Y153.097 E1279.01372
G0 F15000 X180.82 Y153.994
G1 F12000 X179.18 Y152.354 E1279.09086
G0 F15000 X179.41 Y152.354
G0 X180.59 Y161.379
G0 X180.819 Y161.379
G1 F12000 X179.181 Y161.818 E1279.14726
G0 F15000 X179.41 Y161.818
G0 X179.41 Y163.668
G0 X179.18 Y163.668
G1 F12000 X180.82 Y165.307 E1279.22438
G0 F15000 X180.59 Y165.307
G0 X180.59 Y169.662
G0 X180.819 Y169.662
G1 F12000 X172.763 Y171.82 E1279.50177
G0 F15000 X172.763 Y171.59
G0 X174.207 Y171.59
G0 X174.207 Y171.821
G1 F12000 X174.647 Y170.18 E1279.55828
G0 F15000 X174.379 Y170.18
G1 F12000 X176.019 Y171.82 E1279.63542
G0 F15000 X176.019 Y171.59
G0 X166.365 Y170.41
G0 X166.365 Y170.179
G1 F12000 X165.925 Y171.82 E1279.69192
G0 F15000 X165.925 Y171.59
G0 X164.705 Y171.59
G0 X164.705 Y171.82
G1 F12000 X163.065 Y170.18 E1279.76907
G0 F15000 X163.065 Y170.41
G0 X158.083 Y170.41
G0 X158.083 Y170.18
G1 F12000 X157.643 Y171.821 E1279.82557
G0 F15000 X157.643 Y171.59
G0 X153.391 Y171.59
G0 X153.391 Y171.82
G1 F12000 X151.751 Y170.18 E1279.90271
G1 F2400 E1279.40271
G0 F15000 X151.751 Y170.41
G0 X113.662 Y170.338
G0 X113.59 Y154.876
G0 X113.82 Y154.876
G1 F2400 E1279.90271
G1 F12000 X112.18 Y153.236 E1279.97985
G0 F15000 X112.41 Y153.236
G0 X112.41 Y154.925
G0 X112.18 Y154.925
G1 F12000 X113.819 Y154.485 E1280.0363
G1 F2400 E1279.5363
G0 F15000 X113.59 Y154.485
G0 X113.662 Y129.662
G0 X144.05 Y129.59
G0 X144.05 Y129.821
G1 F2400 E1280.0363
G1 F12000 X144.49 Y128.179 E1280.09284
G0 F15000 X144.49 Y128.71
G1 F2400 E1279.59284
;MESH:NONMESH
G0 F300 X144.49 Y128.71 Z4.4
G0 F15000 X179.338 Y129.662
G0 X179.338 Y170.338
G0 X150 Y170.41
G0 X150 Y170.1
;TIME_ELAPSED:1603.095369
;LAYER:21
;TYPE:WALL-INNER
;MESH:Vakuumpumpe casing (berre sk??l)V2.stl
G1 F2400 E1280.09284
G1 F6000 X114.5 Y170.1 E1281.27357
G1 X114.261 Y170.051 E1281.28169
G1 X114.075 Y169.925 E1281.28916
G1 X113.949 Y169.739 E1281.29663
G1 X113.9 Y169.574 E1281.30236
G1 X113.9 Y130.5 E1282.60196
G1 X113.949 Y130.261 E1282.61008
G1 X114.075 Y130.075 E1282.61755
G1 X114.261 Y129.949 E1282.62502
G1 X114.426 Y129.9 E1282.63075
G1 X178.5 Y129.9 E1284.76186
G1 X178.739 Y129.949 E1284.76997
G1 X178.925 Y130.075 E1284.77744
G1 X179.051 Y130.261 E1284.78492
G1 X179.1 Y130.5 E1284.79303
G1 X179.1 Y169.578 E1286.09277
G1 X179.051 Y169.739 E1286.09837
G1 X178.925 Y169.925 E1286.10584
G1 X178.739 Y170.051 E1286.11331
G1 X178.574 Y170.1 E1286.11904
G1 X150 Y170.1 E1287.06941
G0 F15000 X150 Y170.41
G0 X150 Y171.59
G0 X150 Y171.9
G1 F6000 X180.9 Y171.9 E1288.09715
G1 X180.9 Y128.1 E1289.55394
G1 X112.1 Y128.1 E1291.84224
G1 X112.1 Y171.9 E1293.29903
G1 X150 Y171.9 E1294.55959
G0 F15000 X150 Y172.3
;TYPE:WALL-OUTER
G1 F6000 X181.3 Y172.3 E1295.60064
G1 X181.3 Y127.7 E1297.08404
G1 X111.7 Y127.7 E1299.39894
G1 X111.7 Y172.3 E1300.88235
G1 X150 Y172.3 E1302.15621
G1 F2400 E1301.65621
G0 F15000 X150 Y171.59
G0 X150 Y170.41
G0 X150 Y169.698
G1 F2400 E1302.15621
G1 F6000 X114.444 Y169.7 E1303.33881
G1 X114.358 Y169.642 E1303.34226
G1 X114.303 Y169.535 E1303.34626
G1 X114.3 Y130.444 E1304.64643
G1 X114.358 Y130.358 E1304.64988
G1 X114.465 Y130.303 E1304.65388
G1 X178.564 Y130.3 E1306.78582
G1 X178.7 Y130.436 E1306.79222
G1 X178.698 Y169.535 E1308.09266
G1 X178.642 Y169.642 E1308.09667
G1 X178.535 Y169.697 E1308.10068
G1 X150 Y169.698 E1309.04975
G0 F15000 X149.654 Y170.18
;TYPE:FILL
G1 F12000 X149.524 Y170.668 E1309.06655
G1 X152.437 Y170.665 E1309.16344
G1 X151.952 Y170.18 E1309.18625
G0 F15000 X152.437 Y170.665
G1 F12000 X152.573 Y170.8 E1309.19262
G1 X157.769 Y170.8 E1309.36544
G1 X157.936 Y170.18 E1309.3868
G0 F15000 X157.771 Y170.8
G0 X157.663 Y171.2
G1 F12000 X157.771 Y170.8 E1309.40058
G1 X163.885 Y170.8 E1309.60393
G1 X164.287 Y171.2 E1309.62279
G1 X165.943 Y171.2 E1309.67787
G1 X174.226 Y171.2 E1309.95337
G1 X174.333 Y170.8 E1309.96714
G0 F15000 X174.226 Y171.2
G1 F12000 X174.12 Y171.6 E1309.9809
G1 X174.929 Y170.531 E1310.02549
G1 X174.58 Y170.18 E1310.04195
G1 X174.5 Y170.18
G1 X174.333 Y170.8 E1310.06331
G1 X166.053 Y170.8 E1310.3387
G1 X165.945 Y171.2 E1310.35248
G1 X165.943 Y171.2
G1 X165.778 Y171.82 E1310.37382
G0 F15000 X164.906 Y171.82
G1 F12000 X164.285 Y171.2 E1310.40301
G1 X157.663 Y171.2 E1310.62326
G1 X152.973 Y171.2 E1310.77925
G1 X152.836 Y171.065 E1310.78565
G1 X152.973 Y171.2
G1 X153.592 Y171.82 E1310.81479
G0 F15000 X153.592 Y171.59
G0 X152.573 Y170.8
G1 F12000 X152.836 Y171.065 E1310.8272
G1 X149.416 Y171.068 E1310.94095
G1 X149.487 Y170.8 E1310.95017
G1 X149.524 Y170.668
G1 X149.487 Y170.8 E1310.95473
G1 X146.211 Y170.8 E1311.06369
G1 X148.525 Y170.18 E1311.14337
G0 F15000 X148.525 Y170.41
G0 X149.416 Y171.068
G1 F12000 X149.379 Y171.2 E1311.14793
G1 X144.719 Y171.2 E1311.30292
G1 X146.208 Y170.8 E1311.3542
G1 X141.259 Y170.8 E1311.51881
G1 X140.639 Y170.18 E1311.54797
G0 F15000 X141.371 Y170.179
G1 F12000 X141.204 Y170.8 E1311.56936
G1 X132.924 Y170.8 E1311.84475
G1 X132.816 Y171.2 E1311.85853
G1 X132.814 Y171.2
G1 X132.649 Y171.821 E1311.87991
G0 F15000 X132.649 Y171.59
G0 X132.922 Y170.8
G0 X133.089 Y170.18
G1 F12000 X132.922 Y170.8 E1311.90126
G1 X129.946 Y170.8 E1312.00024
G1 X129.325 Y170.18 E1312.02943
G0 F15000 X129.944 Y170.8
G0 X130.344 Y171.2
G0 X130.965 Y171.82
G1 F12000 X130.344 Y171.2 E1312.05862
G1 X124.534 Y171.2 E1312.25186
G1 X119.032 Y171.2 E1312.43486
G1 X118.63 Y170.8 E1312.45372
G1 X116.36 Y170.8 E1312.52922
G1 X116.252 Y171.2 E1312.543
G0 F15000 X116.36 Y170.8
G1 F12000 X116.525 Y170.18 E1312.56434
G0 F15000 X116.339 Y170.682
G1 F12000 X115.543 Y171.7 E1312.60732
G0 F15000 X116.085 Y171.821
G1 F12000 X116.252 Y171.2 E1312.62871
G1 X119.03 Y171.2 E1312.7211
G1 X119.651 Y171.82 E1312.75029
G0 F15000 X119.032 Y171.2
G0 X118.632 Y170.8
G0 X118.011 Y170.18
G1 F12000 X118.632 Y170.8 E1312.77948
G1 X124.64 Y170.8 E1312.9793
G1 X124.807 Y170.18 E1313.00066
G0 F15000 X124.642 Y170.8
G0 X124.534 Y171.2
G1 F12000 X124.642 Y170.8 E1313.01444
G1 X129.944 Y170.8 E1313.19078
G1 X130.346 Y171.2 E1313.20965
G1 X132.814 Y171.2 E1313.29173
G1 X141.097 Y171.2 E1313.56723
G1 X141.204 Y170.8 E1313.581
G1 X141.259 Y170.8
G1 X141.659 Y171.2 E1313.59981
G1 X144.716 Y171.2 E1313.70149
G1 X142.402 Y171.82 E1313.78117
G1 X142.278 Y171.82
G1 X141.659 Y171.2 E1313.81031
G0 F15000 X141.097 Y171.2
G1 F12000 X140.932 Y171.82 E1313.83165
G0 F15000 X140.932 Y171.59
G0 X144.716 Y171.2
G0 X146.208 Y170.8
G0 X149.214 Y171.59
G0 X149.214 Y171.821
G1 F12000 X149.379 Y171.2 E1313.85302
G0 F15000 X157.496 Y171.59
G0 X157.496 Y171.821
G1 F12000 X157.661 Y171.2 E1313.87439
G0 F15000 X163.266 Y170.41
G0 X163.266 Y170.18
G1 F12000 X163.887 Y170.8 E1313.90358
G1 X166.051 Y170.8 E1313.97555
G1 X166.218 Y170.179 E1313.99694
G0 F15000 X166.053 Y170.8
G0 X164.287 Y171.2
G0 X163.887 Y170.8
G0 X173.312 Y171.59
G0 X173.312 Y171.82
G1 F12000 X180 Y170.029 E1314.22722
G0 F15000 X180.7 Y170.4
G1 F12000 X178.613 Y170.4 E1314.29663
G0 F15000 X178.613 Y170.41
G0 X177.119 Y170.8
G1 F12000 X180.7 Y170.8 E1314.41574
G0 F15000 X180.7 Y171.2
G1 F12000 X175.819 Y171.2 E1314.57808
G0 F15000 X176 Y171.101
G1 F12000 X176 Y170.3 E1314.60472
G0 F15000 X176 Y170.41
G0 X174.929 Y170.531
G1 F12000 X176.219 Y171.82 E1314.66538
G0 F15000 X176.219 Y171.59
G0 X174.12 Y171.59
G0 X174.12 Y171.6
G1 F12000 X174.06 Y171.821 E1314.67299
G0 F15000 X174.06 Y171.59
G0 X179.338 Y170.338
G0 X180.59 Y169.809
G0 X180.819 Y169.809
G1 F12000 X180 Y170.029 E1314.7012
G1 X180 Y164.288 E1314.89215
G1 X180.82 Y165.107 E1314.93069
G0 F15000 X180.59 Y165.107
G0 X180 Y164.288
G0 X179.41 Y163.467
G0 X179.18 Y163.467
G1 F12000 X180 Y164.286 E1314.96924
G1 X180 Y161.746 E1315.05372
G1 X179.181 Y161.965 E1315.08192
G0 F15000 X180 Y161.746
G0 X180.819 Y161.526
G1 F12000 X180 Y161.745 E1315.11011
G1 X180 Y153.463 E1315.38557
G1 X179.181 Y153.683 E1315.41378
G0 F15000 X180 Y153.464
G0 X180 Y152.974
G0 X179.18 Y152.715
G1 F12000 X180 Y149.655 E1315.51915
G1 X180 Y149.656
G1 X180 Y145.182 E1315.66795
G1 X180.819 Y144.962 E1315.69616
G0 F15000 X180 Y145.181
G1 F12000 X179.181 Y145.401 E1315.72436
G0 F15000 X180 Y145.182
G1 F12000 X180 Y141.66 E1315.84151
G1 X180.82 Y142.479 E1315.88005
G0 F15000 X180.59 Y142.479
G0 X180 Y141.66
G0 X179.41 Y140.839
G0 X179.18 Y140.839
G1 F12000 X180 Y141.658 E1315.9186
G1 X180 Y136.899 E1316.07689
G1 X179.18 Y137.119 E1316.10512
G0 F15000 X180 Y136.9
G0 X180.82 Y136.68
G1 F12000 X180 Y136.9 E1316.13336
G1 X180 Y130.346 E1316.35135
G1 X180.82 Y131.165 E1316.38989
G0 F15000 X180.59 Y131.165
G0 X180 Y130.346
G1 F12000 X179.958 Y130.301 E1316.39194
G1 X180.695 Y128.431 E1316.45879
G1 X180.819 Y128.398 E1316.46306
G1 X180.695 Y128.431
G1 X178 Y129.154 E1316.55587
G1 X178 Y128.346 E1316.58274
G1 X179.958 Y130.301 E1316.67477
G0 F15000 X179.338 Y129.662
G0 X178 Y129.154
G1 F12000 X175.51 Y129.82 E1316.7605
G0 F15000 X175.51 Y129.59
G0 X177.032 Y129.59
G0 X177.032 Y129.821
G1 F12000 X177.199 Y129.2 E1316.78189
G0 F15000 X177.305 Y128.8
G1 F12000 X177.199 Y129.2 E1316.79565
G1 X168.917 Y129.2 E1317.07111
G1 X168.75 Y129.82 E1317.09247
G0 F15000 X168.4 Y129.7
G1 F12000 X168.4 Y128.3 E1317.13903
G0 F15000 X168 Y128.3
G1 F12000 X168 Y129.658 E1317.1842
G0 F15000 X168.161 Y129.82
G1 F12000 X167.54 Y129.2 E1317.21339
G1 X160.635 Y129.2 E1317.44305
G1 X156.228 Y129.2 E1317.58962
G1 X155.989 Y128.962 E1317.60084
G1 X152.29 Y129.433 E1317.72486
G1 X152.185 Y129.821 E1317.73823
G0 F15000 X152.29 Y129.433
G1 F12000 X152.35 Y129.2 E1317.74624
G1 X152.402 Y129.015
G1 X152.458 Y128.8 E1317.75363
G0 F15000 X152.625 Y128.18
G1 F12000 X152.458 Y128.8 E1317.77498
G1 X148.408 Y128.8 E1317.90969
G1 X150.721 Y128.18 E1317.98933
G0 F15000 X150.721 Y128.41
G0 X148.408 Y128.8
G1 F12000 X146.916 Y129.2 E1318.04071
G1 X152.35 Y129.2 E1318.22144
G1 X152.402 Y129.015 E1318.22784
G1 X155.631 Y128.605 E1318.3361
G1 X155.828 Y128.8 E1318.34531
G1 X160.74 Y128.8 E1318.50869
G1 X160.907 Y128.18 E1318.53004
G0 F15000 X160.743 Y128.8
G0 X160.635 Y129.2
G1 F12000 X160.743 Y128.8 E1318.54382
G1 X167.14 Y128.8 E1318.75659
G1 X167.54 Y129.2 E1318.7754
G0 F15000 X167.14 Y128.8
G1 F12000 X166.521 Y128.18 E1318.80454
G0 F15000 X166.521 Y128.41
G0 X169.025 Y128.8
G1 F12000 X169.19 Y128.18 E1318.82588
G0 F15000 X169.19 Y128.41
G0 X168.917 Y129.2
G1 F12000 X169.025 Y128.8 E1318.83966
G1 X177.305 Y128.8 E1319.11506
G1 X177.472 Y128.18 E1319.13641
G0 F15000 X177.835 Y128.18
G1 F12000 X178 Y128.346 E1319.1442
G0 F15000 X178 Y128.41
G0 X160.633 Y129.2
G1 F12000 X160.468 Y129.821 E1319.16557
G0 F15000 X160.468 Y129.59
G0 X156.847 Y129.59
G0 X156.847 Y129.82
G1 F12000 X156.228 Y129.2 E1319.19471
G0 F15000 X155.989 Y128.962
G1 F12000 X155.828 Y128.8 E1319.20231
G0 F15000 X155.631 Y128.605
G1 F12000 X155.207 Y128.18 E1319.22227
G0 F15000 X155.207 Y128.41
G0 X147.561 Y128.41
G0 X147.561 Y128.3
G1 F12000 X146.853 Y129.217 E1319.26081
G1 X146.916 Y129.2
G1 X144.601 Y129.82 E1319.34052
G0 F15000 X145.161 Y129.447
G1 F12000 X146.045 Y128.3 E1319.38868
G0 F15000 X146.55 Y128.3
G1 F12000 X145.58 Y129.558 E1319.44152
G0 F15000 X145.533 Y129.82
G1 F12000 X144.912 Y129.2 E1319.4707
G1 X144.07 Y129.2 E1319.49871
G1 X143.903 Y129.82 E1319.52006
G0 F15000 X144.069 Y129.2
G0 X144.177 Y128.8
G1 F12000 X144.069 Y129.2 E1319.53384
G1 X135.788 Y129.2 E1319.80927
G1 X133.6 Y129.2 E1319.88204
G1 X133.199 Y128.8 E1319.90088
G1 X127.614 Y128.8 E1320.08664
G1 X127.506 Y129.2 E1320.10042
G1 X127.504 Y129.2
G1 X127.339 Y129.82 E1320.12176
G0 F15000 X127.339 Y129.59
G0 X127.612 Y128.8
G0 X127.779 Y128.179
G1 F12000 X127.612 Y128.8 E1320.14315
G1 X121.887 Y128.8 E1320.33356
G1 X121.266 Y128.18 E1320.36275
G0 F15000 X121.885 Y128.8
G0 X122.285 Y129.2
G0 X122.906 Y129.82
G1 F12000 X122.285 Y129.2 E1320.39194
G1 X119.224 Y129.2 E1320.49374
G1 X119.057 Y129.821 E1320.51513
G0 F15000 X118.8 Y129.7
G1 F12000 X118.8 Y128.45 E1320.55671
G0 F15000 X118.4 Y128.557
G1 F12000 X118.4 Y129.7 E1320.59472
G0 F15000 X118 Y129.7
G1 F12000 X118 Y128.664 E1320.62918
G0 F15000 X117.2 Y128.879
G1 F12000 X117.2 Y129.7 E1320.65649
G0 F15000 X117.2 Y129.59
G0 X116.4 Y129.094
G1 F12000 X116.4 Y128.3 E1320.6829
G0 F15000 X116 Y128.3
G1 F12000 X116 Y129.202 E1320.7129
G0 F15000 X115.2 Y129.416
G1 F12000 X115.2 Y128.3 E1320.75002
G0 F15000 X114.8 Y128.3
G1 F12000 X114.8 Y129.523 E1320.79069
G0 F15000 X114.4 Y129.63
G1 F12000 X114.4 Y128.3 E1320.83493
G0 F15000 X114 Y128.3
G1 F12000 X114 Y129.738 E1320.88276
G0 F15000 X113.6 Y129.845
G1 F12000 X113.6 Y128.3 E1320.93414
G0 F15000 X113.2 Y128.3
G1 F12000 X113.2 Y129.952 E1320.98909
G0 F15000 X112.8 Y130.059
G1 F12000 X112.8 Y128.3 E1321.04759
G0 F15000 X112.8 Y128.41
G0 X112.727 Y130.079
G1 F12000 X113.7 Y131.055 E1321.09343
G0 F15000 X113.2 Y131.429
G1 F12000 X112.8 Y131.029 E1321.11225
G1 X112.8 Y138.342 E1321.35548
G1 X113.2 Y138.234 E1321.36926
G1 X113.2 Y142.74 E1321.51913
G1 X112.8 Y142.343 E1321.53787
G1 X112.8 Y146.623 E1321.68023
G1 X112.18 Y146.789 E1321.70157
G0 F15000 X112.8 Y146.623
G1 F12000 X113.2 Y146.515 E1321.71535
G1 X113.2 Y151.678 E1321.88708
G1 X112.8 Y153.17 E1321.93845
G1 X112.8 Y146.623 E1322.15621
G0 F15000 X113.59 Y146.35
G0 X113.819 Y146.35
G1 F12000 X113.2 Y146.515 E1322.17751
G1 X113.2 Y142.743 E1322.30297
G1 X113.82 Y143.362 E1322.33211
G0 F15000 X113.2 Y142.743
G0 X112.8 Y142.343
G0 X112.18 Y141.721
G1 F12000 X112.8 Y142.34 E1322.36125
G1 X112.8 Y138.342 E1322.49422
G1 X112.181 Y138.507 E1322.51553
G0 F15000 X112.8 Y138.342
G0 X113.2 Y138.234
G0 X113.82 Y138.068
G1 F12000 X113.2 Y138.234 E1322.53688
G1 X113.2 Y131.429 E1322.76321
G1 X113.82 Y132.048 E1322.79235
G0 F15000 X113.59 Y132.048
G0 X112.8 Y131.029
G1 F12000 X112.18 Y130.407 E1322.82156
G1 X112.18 Y130.225
G1 X119.811 Y128.18 E1323.08433
G0 F15000 X119.496 Y128.18
G1 F12000 X119.332 Y128.8 E1323.10566
G0 F15000 X119.224 Y129.2
G1 F12000 X119.332 Y128.8 E1323.11944
G1 X121.885 Y128.8 E1323.20435
G1 X122.287 Y129.2 E1323.22321
G1 X127.504 Y129.2 E1323.39673
G1 X133.599 Y129.2 E1323.59945
G1 X134.219 Y129.82 E1323.62861
G0 F15000 X133.6 Y129.2
G0 X133.2 Y128.8
G0 X132.58 Y128.18
G1 F12000 X133.2 Y128.8 E1323.65778
G1 X135.894 Y128.8 E1323.74738
G1 X136.061 Y128.18 E1323.76874
G0 F15000 X135.896 Y128.8
G0 X135.788 Y129.2
G1 F12000 X135.896 Y128.8 E1323.78252
G1 X144.177 Y128.8 E1324.05794
G1 X144.343 Y128.179 E1324.07932
G0 F15000 X143.893 Y128.18
G1 F12000 X144.912 Y129.2 E1324.12728
G1 X144.876 Y129.162
G1 X145.54 Y128.3 E1324.16347
G0 F15000 X145.54 Y128.41
G0 X135.786 Y129.2
G1 F12000 X135.621 Y129.821 E1324.18484
G1 F2400 E1323.68484
G0 F15000 X135.621 Y129.59
G0 X113.662 Y129.662
G0 X113.59 Y149.366
G0 X113.819 Y149.366
G1 F2400 E1324.18484
G1 F12000 X113.2 Y151.678 E1324.26445
G0 F15000 X112.899 Y152.8
G1 F12000 X113.7 Y152.8 E1324.29109
G0 F15000 X113.7 Y153.2
G1 F12000 X112.792 Y153.2 E1324.32129
G1 X112.8 Y153.17
G1 X112.604 Y153.899 E1324.34639
G0 F15000 X112.18 Y153.035
G1 F12000 X113.82 Y154.675 E1324.42354
G1 X113.819 Y154.632
G1 X113.44 Y154.735 E1324.4366
G0 F15000 X113.2 Y154.798
G1 F12000 X113.44 Y154.735 E1324.44485
G1 X112.604 Y153.899 E1324.48417
G1 X112.18 Y155.484 E1324.53874
G0 F15000 X112.18 Y155.072
G1 F12000 X112.8 Y154.906 E1324.56009
G1 X112.8 Y163.188 E1324.83555
G1 X113.088 Y163.11 E1324.84548
G1 X113.2 Y163.08
G1 X113.088 Y163.11 E1324.84933
G1 X113.092 Y165.259 E1324.92081
G1 X112.8 Y164.97 E1324.93447
G1 X112.8 Y171.47 E1325.15066
G1 X113.2 Y171.363 E1325.16444
G0 F15000 X112.8 Y171.47
G1 F12000 X112.18 Y171.636 E1325.18578
G0 F15000 X112.41 Y171.636
G0 X114 Y171.149
G1 F12000 X114 Y170.112 E1325.22027
G0 F15000 X114 Y170.41
G0 X115.214 Y170.822
G1 F12000 X114.527 Y171.7 E1325.25735
G0 F15000 X114.527 Y171.59
G0 X117.613 Y170.41
G0 X117.613 Y170.18
G1 F12000 X113.2 Y171.363 E1325.40931
G1 X113.2 Y165.37 E1325.60864
G1 X113.092 Y165.259 E1325.61379
G1 X113.2 Y165.37
G1 X113.82 Y165.989 E1325.64293
G0 F15000 X113.59 Y165.989
G0 X112.8 Y164.97
G1 F12000 X112.691 Y164.859 E1325.64811
G1 X112.689 Y163.217 E1325.70272
G1 X112.8 Y163.188 E1325.70654
G1 X112.689 Y163.217
G1 X112.181 Y163.354 E1325.72404
G0 F15000 X112.18 Y164.349
G1 F12000 X112.691 Y164.859 E1325.74805
G0 F15000 X113.59 Y162.914
G0 X113.82 Y162.914
G1 F12000 X113.2 Y163.08 E1325.7694
G1 X113.2 Y154.798 E1326.04486
G1 X112.8 Y154.906 E1326.05864
G0 F15000 X113.662 Y170.338
G0 X124.532 Y171.2
G1 F12000 X124.367 Y171.82 E1326.07998
G1 F2400 E1325.57998
G0 F15000 X124.367 Y171.59
G0 X179.338 Y170.338
G0 X179.41 Y152.153
G0 X179.18 Y152.153
G1 F2400 E1326.07998
G1 F12000 X180 Y152.972 E1326.11852
G1 X180 Y149.656 E1326.22881
G1 X180.82 Y146.595 E1326.33421
G0 F15000 X180.59 Y146.595
G0 X180.59 Y153.244
G0 X180.819 Y153.244
G1 F12000 X180 Y153.464 E1326.36242
G1 X180 Y152.974 E1326.37871
G1 X180.82 Y153.793 E1326.41726
G0 F15000 X180.29 Y153.793
G1 F2400 E1325.91726
;MESH:NONMESH
G0 F300 X180.29 Y153.793 Z4.6
G0 F15000 X179.338 Y170.338
G0 X150 Y170.41
G0 X150 Y170.1
;TIME_ELAPSED:1649.830078
;LAYER:22
;TYPE:WALL-INNER
;MESH:Vakuumpumpe casing (berre sk??l)V2.stl
G1 F2400 E1326.41726
G1 F6000 X114.5 Y170.1 E1327.598
G1 X114.261 Y170.051 E1327.60611
G1 X114.075 Y169.925 E1327.61358
G1 X113.949 Y169.739 E1327.62106
G1 X113.9 Y169.574 E1327.62678
G1 X113.9 Y130.5 E1328.92639
G1 X113.949 Y130.261 E1328.9345
G1 X114.075 Y130.075 E1328.94197
G1 X114.261 Y129.949 E1328.94945
G1 X114.426 Y129.9 E1328.95517
G1 X178.5 Y129.9 E1331.08628
G1 X178.739 Y129.949 E1331.09439
G1 X178.925 Y130.075 E1331.10187
G1 X179.051 Y130.261 E1331.10934
G1 X179.1 Y130.5 E1331.11745
G1 X179.1 Y169.578 E1332.41719
G1 X179.051 Y169.739 E1332.42279
G1 X178.925 Y169.925 E1332.43026
G1 X178.739 Y170.051 E1332.43773
G1 X178.574 Y170.1 E1332.44346
G1 X150 Y170.1 E1333.39383
G1 F2400 E1332.89383
G0 F15000 X150 Y171.7
G0 X150 Y171.9
G1 F2400 E1333.39383
G1 F6000 X180.9 Y171.9 E1334.42157
G1 X180.9 Y128.1 E1335.87837
G1 X112.1 Y128.1 E1338.16666
G1 X112.1 Y171.9 E1339.62346
G1 X150 Y171.9 E1340.88402
G0 F15000 X150 Y172.3
;TYPE:WALL-OUTER
G1 F6000 X181.3 Y172.3 E1341.92506
G1 X181.3 Y127.7 E1343.40846
G1 X111.7 Y127.7 E1345.72337
G1 X111.7 Y172.3 E1347.20677
G1 X150 Y172.3 E1348.48063
G1 F2400 E1347.98063
G0 F15000 X150 Y171.99
G0 X150 Y171.7
G0 X150 Y170.28
G0 X150 Y169.698
G1 F2400 E1348.48063
G1 F6000 X114.444 Y169.7 E1349.66323
G1 X114.358 Y169.642 E1349.66668
G1 X114.303 Y169.535 E1349.67068
G1 X114.3 Y130.444 E1350.97085
G1 X114.358 Y130.358 E1350.9743
G1 X114.465 Y130.303 E1350.9783
G1 X178.564 Y130.3 E1353.11025
G1 X178.7 Y130.436 E1353.11664
G1 X178.698 Y169.535 E1354.41708
G1 X178.642 Y169.642 E1354.4211
G1 X178.535 Y169.697 E1354.4251
G1 X150 Y169.698 E1355.37418
G1 F2400 E1354.87418
G0 F15000 X150 Y170.01
G0 X114.502 Y170.281
G0 X112.3 Y170.281
G0 X112.831 Y169.574
;TYPE:SKIN
G1 F2400 E1355.37418
G1 F7017.5 X112.83 Y130.392 E1356.48841
G1 F7038.1 X113.17 Y130.495 E1356.49849
G1 F7017.5 X113.173 Y169.524 E1357.60837
G1 X112.831 Y169.574 E1357.6182
G1 F2400 E1357.1182
G0 F15000 X112.2 Y169.574
G0 X112.3 Y129.8
G0 X114.404 Y129.719
G0 X149.928 Y129.172
G1 F2400 E1357.6182
G1 F7038.1 X114.468 Y129.173 E1358.62364
G1 F7017.5 X114.418 Y128.831 E1358.63347
G1 F7038.1 X178.379 Y128.83 E1360.44704
G1 F7058.8 X178.611 Y128.83 E1360.4536
G1 X178.503 Y129.17 E1360.46368
G1 X178.379 Y129.17 E1360.46719
G1 X149.928 Y129.172 E1361.27153
G1 F2400 E1360.77153
G0 F15000 X149.928 Y129.8
G0 X178.938 Y130.062
G0 X178.91 Y169.569
G0 X180.7 Y169.569
G0 X180.168 Y169.569
G1 F2400 E1361.27153
G1 F6976.7 X179.824 Y169.519 E1361.28147
G1 F7017.5 X179.83 Y130.492 E1362.3913
G1 F7058.8 X180.17 Y130.382 E1362.4014
G1 F7017.5 X180.168 Y169.569 E1363.51578
G1 F2400 E1363.01578
G0 F15000 X180.8 Y169.569
G0 X180.728 Y171.728
G0 X150 Y171.8
G0 X150 Y171.54
G1 F2400 E1363.51578
G1 F6000 X112.46 Y171.54 E1364.76436
G1 X112.46 Y128.46 E1366.19721
G1 X180.54 Y128.46 E1368.46156
G1 X180.54 Y171.54 E1369.89441
G1 X150 Y171.54 E1370.91017
G0 F15000 X150 Y171.169
G1 F7038.1 X114.622 Y171.17 E1371.91329
G1 X114.391 Y171.17 E1371.91984
G1 X114.497 Y170.83 E1371.92994
G1 X114.622 Y170.829 E1371.93348
G1 F7017.5 X178.522 Y170.824 E1373.75063
G1 F6976.7 X178.57 Y171.168 E1373.76057
G1 F7017.5 X150 Y171.169 E1374.57302
G0 F15000 X150 Y170.457
G1 F6000 X178.627 Y170.458 E1375.52516
G1 X178.909 Y170.366 E1375.53503
G1 X179.178 Y170.178 E1375.54594
G1 X179.384 Y169.882 E1375.55794
G1 X179.458 Y169.631 E1375.56664
G1 X179.456 Y130.458 E1376.86954
G1 X179.384 Y130.114 E1376.88123
G1 X179.178 Y129.822 E1376.89311
G1 X178.876 Y129.611 E1376.90537
G1 X178.536 Y129.544 E1376.91689
G1 X114.369 Y129.542 E1379.0511
G1 X114.089 Y129.633 E1379.06089
G1 X113.818 Y129.818 E1379.0718
G1 X113.61 Y130.122 E1379.08405
G1 X113.544 Y130.46 E1379.09551
G1 X113.542 Y169.627 E1380.39821
G1 X113.633 Y169.907 E1380.408
G1 X113.818 Y170.178 E1380.41891
G1 X114.119 Y170.384 E1380.43105
G1 X114.458 Y170.456 E1380.44257
G1 X150 Y170.457 E1381.6247
G1 F2400 E1381.1247
G0 F15000 X150 Y170.2
G0 X114.502 Y170.281
G0 X114.502 Y171.7
G0 X113.074 Y171.34
G1 F2400 E1381.6247
G1 F6000 X112.66 Y170.925 E1381.6442
G0 F15000 X112.66 Y170.36
G1 F6000 X113.64 Y171.34 E1381.6903
G0 F15000 X114.172 Y171.307
G1 F6000 X112.66 Y169.794 E1381.76144
G0 F15000 X113.137 Y169.706
G1 F6000 X113.505 Y170.073 E1381.77873
G0 F15000 X113.923 Y170.492
G1 F6000 X114.307 Y170.876 E1381.79679
G1 F2400 E1381.29679
G0 F15000 X113.719 Y169.596
G0 X113.284 Y130.255
G1 F2400 E1381.79679
G1 F6000 X112.66 Y129.63 E1381.82616
G0 F15000 X112.66 Y129.065
G1 F6000 X113.51 Y129.915 E1381.86614
G0 F15000 X113.767 Y129.606
G1 F6000 X112.821 Y128.66 E1381.91064
G0 F15000 X113.387 Y128.66
G1 F6000 X114.129 Y129.403 E1381.94557
G0 F15000 X114.269 Y128.977
G1 F6000 X113.952 Y128.66 E1381.96048
G1 F2400 E1381.46048
G0 F15000 X113.952 Y128.2
G0 X178.747 Y128.3
G0 X178.747 Y128.967
G1 F2400 E1381.96048
G1 F6000 X180.03 Y130.25 E1382.02083
G0 F15000 X180.341 Y129.995
G1 F6000 X179.006 Y128.66 E1382.08362
G0 F15000 X179.572 Y128.66
G1 F6000 X180.341 Y129.429 E1382.11979
G0 F15000 X180.341 Y128.863
G1 F6000 X180.138 Y128.66 E1382.12934
G1 F2400 E1381.62934
G0 F15000 X180.138 Y128.2
G0 X179.202 Y128.3
G0 X179.281 Y130.502
G0 X179.885 Y169.703
G1 F2400 E1382.12934
G1 F6000 X180.34 Y170.157 E1382.15072
G0 F15000 X180.34 Y170.723
G1 F6000 X179.57 Y169.954 E1382.18691
G0 F15000 X179.345 Y170.294
G1 F6000 X180.34 Y171.289 E1382.23371
G0 F15000 X179.825 Y171.34
G1 F6000 X179.019 Y170.534 E1382.27163
G0 F15000 X178.687 Y170.767
G1 F6000 X179.259 Y171.34 E1382.29855
G1 F2400 E1381.79855
;MESH:NONMESH
G0 F300 X179.259 Y171.34 Z4.8
G0 F15000 X179.259 Y171.8
G0 X150 Y171.7
G0 X150 Y170.28
G0 X150 Y170.1
;TIME_ELAPSED:1684.009002
;LAYER:23
;TYPE:WALL-INNER
;MESH:Vakuumpumpe casing (berre sk??l)V2.stl
G1 F2400 E1382.29855
G1 F6000 X114.5 Y170.1 E1383.47929
G1 X114.261 Y170.051 E1383.4874
G1 X114.075 Y169.925 E1383.49488
G1 X113.949 Y169.739 E1383.50235
G1 X113.9 Y169.574 E1383.50807
G1 X113.9 Y130.5 E1384.80768
G1 X113.949 Y130.261 E1384.81579
G1 X114.075 Y130.075 E1384.82327
G1 X114.261 Y129.949 E1384.83074
G1 X114.426 Y129.9 E1384.83646
G1 X178.5 Y129.9 E1386.96757
G1 X178.739 Y129.949 E1386.97569
G1 X178.925 Y130.075 E1386.98316
G1 X179.051 Y130.261 E1386.99063
G1 X179.1 Y130.5 E1386.99875
G1 X179.1 Y169.578 E1388.29849
G1 X179.051 Y169.739 E1388.30408
G1 X178.925 Y169.925 E1388.31156
G1 X178.739 Y170.051 E1388.31903
G1 X178.574 Y170.1 E1388.32475
G1 X150 Y170.1 E1389.27513
G1 F2400 E1388.77513
G0 F15000 X150 Y171.7
G0 X150 Y171.9
G1 F2400 E1389.27513
G1 F6000 X180.9 Y171.9 E1390.30287
G1 X180.9 Y128.1 E1391.75966
G1 X112.1 Y128.1 E1394.04796
G1 X112.1 Y171.9 E1395.50475
G1 X150 Y171.9 E1396.76531
G0 F15000 X150 Y172.3
;TYPE:WALL-OUTER
G1 F6000 X181.3 Y172.3 E1397.80635
G1 X181.3 Y127.7 E1399.28976
G1 X111.7 Y127.7 E1401.60466
G1 X111.7 Y172.3 E1403.08806
G1 X150 Y172.3 E1404.36193
G1 F2400 E1403.86193
G0 F15000 X150 Y171.99
G0 X150 Y171.7
G0 X150 Y170.28
G0 X150 Y169.698
G1 F2400 E1404.36193
G1 F6000 X114.444 Y169.7 E1405.54452
G1 X114.358 Y169.642 E1405.54797
G1 X114.303 Y169.535 E1405.55197
G1 X114.3 Y130.444 E1406.85215
G1 X114.358 Y130.358 E1406.8556
G1 X114.465 Y130.303 E1406.8596
G1 X178.564 Y130.3 E1408.99154
G1 X178.7 Y130.436 E1408.99794
G1 X178.698 Y169.535 E1410.29837
G1 X178.642 Y169.642 E1410.30239
G1 X178.535 Y169.697 E1410.30639
G1 X150 Y169.698 E1411.25547
G1 F2400 E1410.75547
G0 F15000 X150 Y170.01
G0 X114.502 Y170.281
G0 X112.3 Y170.281
G0 X112.831 Y169.574
;TYPE:SKIN
G1 F2400 E1411.25547
G1 F7017.5 X112.83 Y130.392 E1412.36971
G1 F7038.1 X113.17 Y130.495 E1412.37978
G1 F7017.5 X113.173 Y169.524 E1413.48966
G1 X112.831 Y169.574 E1413.49949
G1 F2400 E1412.99949
G0 F15000 X112.2 Y169.574
G0 X112.3 Y129.8
G0 X114.404 Y129.719
G0 X149.928 Y129.172
G1 F2400 E1413.49949
G1 F7038.1 X114.468 Y129.173 E1414.50493
G1 F7017.5 X114.418 Y128.831 E1414.51476
G1 F7038.1 X178.379 Y128.83 E1416.32833
G1 F7058.8 X178.611 Y128.83 E1416.33489
G1 X178.503 Y129.17 E1416.34497
G1 X178.379 Y129.17 E1416.34848
G1 X149.928 Y129.172 E1417.15282
G1 F2400 E1416.65282
G0 F15000 X149.928 Y129.8
G0 X178.938 Y130.062
G0 X178.91 Y169.569
G0 X180.7 Y169.569
G0 X180.168 Y169.569
G1 F2400 E1417.15282
G1 F6976.7 X179.824 Y169.519 E1417.16276
G1 F7017.5 X179.83 Y130.492 E1418.27259
G1 F7058.8 X180.17 Y130.382 E1418.28269
G1 F7017.5 X180.168 Y169.569 E1419.39707
G1 F2400 E1418.89707
G0 F15000 X180.8 Y169.569
G0 X180.728 Y171.728
G0 X150 Y171.8
G0 X150 Y171.54
G1 F2400 E1419.39707
G1 F6000 X112.46 Y171.54 E1420.64566
G1 X112.46 Y128.46 E1422.0785
G1 X180.54 Y128.46 E1424.34285
G1 X180.54 Y171.54 E1425.7757
G1 X150 Y171.54 E1426.79146
G0 F15000 X150 Y171.169
G1 F7038.1 X114.622 Y171.17 E1427.79458
G1 X114.391 Y171.17 E1427.80113
G1 X114.497 Y170.83 E1427.81123
G1 X114.622 Y170.829 E1427.81477
G1 F7017.5 X178.522 Y170.824 E1429.63192
G1 F6976.7 X178.57 Y171.168 E1429.64186
G1 F7017.5 X150 Y171.169 E1430.45432
G0 F15000 X150 Y170.457
G1 F6000 X178.627 Y170.458 E1431.40645
G1 X178.909 Y170.366 E1431.41632
G1 X179.178 Y170.178 E1431.42724
G1 X179.384 Y169.882 E1431.43923
G1 X179.458 Y169.631 E1431.44793
G1 X179.456 Y130.458 E1432.75083
G1 X179.384 Y130.114 E1432.76252
G1 X179.178 Y129.822 E1432.77441
G1 X178.876 Y129.611 E1432.78666
G1 X178.536 Y129.544 E1432.79819
G1 X114.369 Y129.542 E1434.93239
G1 X114.089 Y129.633 E1434.94218
G1 X113.818 Y129.818 E1434.9531
G1 X113.61 Y130.122 E1434.96535
G1 X113.544 Y130.46 E1434.9768
G1 X113.542 Y169.627 E1436.2795
G1 X113.633 Y169.907 E1436.28929
G1 X113.818 Y170.178 E1436.30021
G1 X114.119 Y170.384 E1436.31234
G1 X114.458 Y170.456 E1436.32387
G1 X150 Y170.457 E1437.506
G1 F2400 E1437.006
G0 F15000 X150 Y170.2
G0 X178.596 Y170.281
G0 X178.596 Y171.7
G0 X179.951 Y171.34
G1 F2400 E1437.506
G1 F6000 X180.34 Y170.951 E1437.52429
G0 F15000 X180.34 Y170.385
G1 F6000 X179.385 Y171.34 E1437.56921
G0 F15000 X178.82 Y171.34
G1 F6000 X180.34 Y169.819 E1437.64073
G0 F15000 X179.891 Y169.703
G1 F6000 X179.443 Y170.15 E1437.66178
G0 F15000 X179.165 Y170.428
G1 F6000 X178.704 Y170.889 E1437.68347
G1 F2400 E1437.18347
G0 F15000 X178.584 Y170.202
G0 X178.938 Y169.938
G0 X179.173 Y130.373
G0 X179.736 Y130.26
G1 F2400 E1437.68347
G1 F6000 X180.34 Y129.656 E1437.71188
G0 F15000 X180.34 Y129.09
G1 F6000 X179.499 Y129.931 E1437.75144
G0 F15000 X179.24 Y129.625
G1 F6000 X180.204 Y128.66 E1437.7968
G0 F15000 X179.638 Y128.66
G1 F6000 X178.909 Y129.389 E1437.83109
G0 F15000 X178.74 Y128.993
G1 F6000 X179.073 Y128.66 E1437.84676
G1 F2400 E1437.34676
G0 F15000 X179.073 Y128.2
G0 X114.268 Y128.3
G0 X114.268 Y128.976
G1 F2400 E1437.84676
G1 F6000 X112.982 Y130.263 E1437.90727
G0 F15000 X112.66 Y130.019
G1 F6000 X114.019 Y128.66 E1437.97119
G0 F15000 X113.453 Y128.66
G1 F6000 X112.66 Y129.454 E1438.00852
G0 F15000 X112.66 Y128.888
G1 F6000 X112.887 Y128.66 E1438.01922
G1 F2400 E1437.51922
G0 F15000 X112.887 Y128.2
G0 X113.798 Y128.3
G0 X113.719 Y130.502
G0 X113.138 Y169.705
G1 F2400 E1438.01922
G1 F6000 X112.66 Y170.183 E1438.0417
G0 F15000 X112.66 Y170.749
G1 F6000 X113.435 Y169.974 E1438.07815
G0 F15000 X113.667 Y170.307
G1 F6000 X112.66 Y171.314 E1438.12552
G0 F15000 X113.199 Y171.34
G1 F6000 X113.997 Y170.543 E1438.16303
G0 F15000 X114.331 Y170.775
G1 F6000 X113.765 Y171.34 E1438.18963
G1 F2400 E1437.68963
;MESH:NONMESH
G0 F300 X113.765 Y171.34 Z5
G0 F15000 X113.765 Y171.8
G0 X150 Y171.7
G0 X150 Y170.28
G0 X150 Y170.1
;TIME_ELAPSED:1718.271322
;LAYER:24
;TYPE:WALL-INNER
;MESH:Vakuumpumpe casing (berre sk??l)V2.stl
G1 F2400 E1438.18963
G1 F6000 X114.5 Y170.1 E1439.37037
G1 X114.261 Y170.051 E1439.37848
G1 X114.075 Y169.925 E1439.38595
G1 X113.949 Y169.739 E1439.39343
G1 X113.9 Y169.574 E1439.39915
G1 X113.9 Y130.5 E1440.69876
G1 X113.949 Y130.261 E1440.70687
G1 X114.075 Y130.075 E1440.71434
G1 X114.261 Y129.949 E1440.72182
G1 X114.426 Y129.9 E1440.72754
G1 X178.5 Y129.9 E1442.85865
G1 X178.739 Y129.949 E1442.86677
G1 X178.925 Y130.075 E1442.87424
G1 X179.051 Y130.261 E1442.88171
G1 X179.1 Y130.5 E1442.88982
G1 X179.1 Y169.578 E1444.18956
G1 X179.051 Y169.739 E1444.19516
G1 X178.925 Y169.925 E1444.20263
G1 X178.739 Y170.051 E1444.21011
G1 X178.574 Y170.1 E1444.21583
G1 X150 Y170.1 E1445.16621
G1 F2400 E1444.66621
G0 F15000 X150 Y171.7
G0 X150 Y171.9
G1 F2400 E1445.16621
G1 F6000 X180.9 Y171.9 E1446.19394
G1 X180.9 Y128.1 E1447.65074
G1 X112.1 Y128.1 E1449.93903
G1 X112.1 Y171.9 E1451.39583
G1 X150 Y171.9 E1452.65639
G0 F15000 X150 Y172.3
;TYPE:WALL-OUTER
G1 F6000 X181.3 Y172.3 E1453.69743
G1 X181.3 Y127.7 E1455.18083
G1 X111.7 Y127.7 E1457.49574
G1 X111.7 Y172.3 E1458.97914
G1 X150 Y172.3 E1460.253
G1 F2400 E1459.753
G0 F15000 X150 Y171.99
G0 X150 Y171.7
G0 X150 Y170.28
G0 X150 Y169.698
G1 F2400 E1460.253
G1 F6000 X114.444 Y169.7 E1461.4356
G1 X114.358 Y169.642 E1461.43905
G1 X114.303 Y169.535 E1461.44305
G1 X114.3 Y130.444 E1462.74322
G1 X114.358 Y130.358 E1462.74667
G1 X114.465 Y130.303 E1462.75068
G1 X178.564 Y130.3 E1464.88262
G1 X178.7 Y130.436 E1464.88901
G1 X178.698 Y169.535 E1466.18945
G1 X178.642 Y169.642 E1466.19347
G1 X178.535 Y169.697 E1466.19747
G1 X150 Y169.698 E1467.14655
G1 F2400 E1466.64655
G0 F15000 X150 Y170.01
G0 X150 Y170.28
G0 X150 Y171.7
G0 X150 Y171.54
;TYPE:SKIN
G1 F2400 E1467.14655
G1 F6000 X112.46 Y171.54 E1468.39513
G1 X112.46 Y128.46 E1469.82798
G1 X180.54 Y128.46 E1472.09233
G1 X180.54 Y171.54 E1473.52518
G1 X150 Y171.54 E1474.54094
G0 F15000 X150 Y171.8
G0 X150 Y170.28
G0 X150 Y170.457
G1 F6000 X178.627 Y170.458 E1475.49308
G1 X178.909 Y170.366 E1475.50294
G1 X179.178 Y170.178 E1475.51386
G1 X179.384 Y169.882 E1475.52585
G1 X179.458 Y169.631 E1475.53456
G1 X179.456 Y130.458 E1476.83746
G1 X179.384 Y130.114 E1476.84915
G1 X179.178 Y129.822 E1476.86103
G1 X178.876 Y129.611 E1476.87329
G1 X178.536 Y129.544 E1476.88481
G1 X114.369 Y129.542 E1479.01901
G1 X114.089 Y129.633 E1479.02881
G1 X113.818 Y129.818 E1479.03972
G1 X113.61 Y130.122 E1479.05197
G1 X113.544 Y130.46 E1479.06343
G1 X113.542 Y169.627 E1480.36613
G1 X113.633 Y169.907 E1480.37592
G1 X113.818 Y170.178 E1480.38683
G1 X114.119 Y170.384 E1480.39896
G1 X114.458 Y170.456 E1480.41049
G1 X150 Y170.457 E1481.59262
G1 F2400 E1481.09262
G0 F15000 X150 Y170.2
G0 X114.502 Y170.281
G0 X114.502 Y171.7
G0 X113.074 Y171.34
G1 F2400 E1481.59262
G1 F6000 X112.66 Y170.925 E1481.61212
G0 F15000 X112.66 Y170.36
G1 F6000 X113.64 Y171.34 E1481.65821
G0 F15000 X114.206 Y171.34
G1 F6000 X112.66 Y169.794 E1481.73093
G0 F15000 X112.66 Y169.228
G1 F6000 X113.505 Y170.073 E1481.77068
G0 F15000 X113.925 Y170.493
G1 F6000 X114.771 Y171.34 E1481.8105
G0 F15000 X115.337 Y171.34
G1 F6000 X114.657 Y170.66 E1481.84248
G0 F15000 X115.223 Y170.66
G1 F6000 X115.903 Y171.34 E1481.87447
G0 F15000 X116.468 Y171.34
G1 F6000 X115.789 Y170.66 E1481.90643
G0 F15000 X116.354 Y170.66
G1 F6000 X117.034 Y171.34 E1481.93841
G0 F15000 X117.6 Y171.34
G1 F6000 X116.92 Y170.66 E1481.9704
G0 F15000 X117.486 Y170.66
G1 F6000 X118.165 Y171.34 E1482.00236
G0 F15000 X118.731 Y171.34
G1 F6000 X118.051 Y170.66 E1482.03435
G0 F15000 X118.617 Y170.66
G1 F6000 X119.297 Y171.34 E1482.06633
G0 F15000 X119.862 Y171.34
G1 F6000 X119.183 Y170.66 E1482.09829
G0 F15000 X119.749 Y170.66
G1 F6000 X120.428 Y171.34 E1482.13025
G0 F15000 X120.994 Y171.34
G1 F6000 X120.314 Y170.66 E1482.16224
G0 F15000 X120.88 Y170.66
G1 F6000 X121.559 Y171.34 E1482.1942
G0 F15000 X122.125 Y171.34
G1 F6000 X121.446 Y170.66 E1482.22616
G0 F15000 X122.011 Y170.66
G1 F6000 X122.691 Y171.34 E1482.25815
G0 F15000 X123.256 Y171.34
G1 F6000 X122.577 Y170.66 E1482.29011
G0 F15000 X123.143 Y170.66
G1 F6000 X123.822 Y171.34 E1482.32207
G0 F15000 X124.388 Y171.34
G1 F6000 X123.708 Y170.66 E1482.35406
G0 F15000 X124.273 Y170.66
G1 F6000 X124.954 Y171.34 E1482.38606
G0 F15000 X125.519 Y171.34
G1 F6000 X124.839 Y170.66 E1482.41805
G0 F15000 X125.405 Y170.66
G1 F6000 X126.085 Y171.34 E1482.45003
G0 F15000 X126.651 Y171.34
G1 F6000 X125.97 Y170.66 E1482.48204
G0 F15000 X126.536 Y170.66
G1 F6000 X127.216 Y171.34 E1482.51403
G0 F15000 X127.782 Y171.34
G1 F6000 X127.102 Y170.66 E1482.54601
G0 F15000 X127.667 Y170.66
G1 F6000 X128.348 Y171.34 E1482.57802
G0 F15000 X128.913 Y171.34
G1 F6000 X128.233 Y170.66 E1482.61001
G0 F15000 X128.799 Y170.66
G1 F6000 X129.479 Y171.34 E1482.64199
G0 F15000 X130.045 Y171.34
G1 F6000 X129.364 Y170.66 E1482.674
G0 F15000 X129.93 Y170.66
G1 F6000 X130.61 Y171.34 E1482.70599
G0 F15000 X131.176 Y171.34
G1 F6000 X130.496 Y170.66 E1482.73797
G0 F15000 X131.062 Y170.66
G1 F6000 X131.742 Y171.34 E1482.76996
G0 F15000 X132.307 Y171.34
G1 F6000 X131.627 Y170.66 E1482.80194
G0 F15000 X132.193 Y170.66
G1 F6000 X132.873 Y171.34 E1482.83393
G0 F15000 X133.439 Y171.34
G1 F6000 X132.759 Y170.66 E1482.86591
G0 F15000 X133.324 Y170.659
G1 F6000 X134.005 Y171.34 E1482.89794
G0 F15000 X134.57 Y171.34
G1 F6000 X133.889 Y170.659 E1482.92998
G0 F15000 X134.455 Y170.659
G1 F6000 X135.136 Y171.34 E1482.96201
G0 F15000 X135.702 Y171.34
G1 F6000 X135.021 Y170.659 E1482.99404
G0 F15000 X135.586 Y170.659
G1 F6000 X136.267 Y171.34 E1483.02607
G0 F15000 X136.833 Y171.34
G1 F6000 X136.152 Y170.659 E1483.0581
G0 F15000 X136.718 Y170.659
G1 F6000 X137.399 Y171.34 E1483.09014
G0 F15000 X137.964 Y171.34
G1 F6000 X137.283 Y170.659 E1483.12217
G0 F15000 X137.849 Y170.659
G1 F6000 X138.53 Y171.34 E1483.1542
G0 F15000 X139.096 Y171.34
G1 F6000 X138.415 Y170.659 E1483.18623
G0 F15000 X138.98 Y170.659
G1 F6000 X139.661 Y171.34 E1483.21827
G0 F15000 X140.227 Y171.34
G1 F6000 X139.546 Y170.659 E1483.2503
G0 F15000 X140.112 Y170.659
G1 F6000 X140.793 Y171.34 E1483.28233
G0 F15000 X141.358 Y171.34
G1 F6000 X140.677 Y170.659 E1483.31436
G0 F15000 X141.243 Y170.659
G1 F6000 X141.924 Y171.34 E1483.34639
G0 F15000 X142.49 Y171.34
G1 F6000 X141.809 Y170.659 E1483.37843
G0 F15000 X142.374 Y170.658
G1 F6000 X143.055 Y171.34 E1483.41048
G0 F15000 X143.621 Y171.34
G1 F6000 X142.94 Y170.658 E1483.44254
G0 F15000 X143.505 Y170.658
G1 F6000 X144.187 Y171.34 E1483.47462
G0 F15000 X144.753 Y171.34
G1 F6000 X144.071 Y170.658 E1483.5067
G0 F15000 X144.637 Y170.658
G1 F6000 X145.318 Y171.34 E1483.53875
G0 F15000 X145.884 Y171.34
G1 F6000 X145.202 Y170.658 E1483.57083
G0 F15000 X145.768 Y170.658
G1 F6000 X146.45 Y171.34 E1483.60291
G0 F15000 X147.015 Y171.34
G1 F6000 X146.334 Y170.658 E1483.63497
G0 F15000 X146.899 Y170.658
G1 F6000 X147.581 Y171.34 E1483.66704
G0 F15000 X148.147 Y171.34
G1 F6000 X147.465 Y170.658 E1483.69912
G0 F15000 X148.031 Y170.658
G1 F6000 X148.712 Y171.34 E1483.73118
G0 F15000 X149.278 Y171.34
G1 F6000 X148.596 Y170.658 E1483.76326
G0 F15000 X149.162 Y170.658
G1 F6000 X149.844 Y171.34 E1483.79534
G0 F15000 X150.409 Y171.34
G1 F6000 X149.728 Y170.658 E1483.82739
G0 F15000 X150.293 Y170.658
G1 F6000 X150.975 Y171.34 E1483.85947
G0 F15000 X151.541 Y171.34
G1 F6000 X150.859 Y170.658 E1483.89155
G0 F15000 X151.424 Y170.657
G1 F6000 X152.106 Y171.34 E1483.92365
G0 F15000 X152.672 Y171.34
G1 F6000 X151.99 Y170.657 E1483.95576
G0 F15000 X152.555 Y170.657
G1 F6000 X153.238 Y171.34 E1483.98788
G0 F15000 X153.804 Y171.34
G1 F6000 X153.121 Y170.657 E1484.02001
G0 F15000 X153.687 Y170.657
G1 F6000 X154.369 Y171.34 E1484.05211
G0 F15000 X154.935 Y171.34
G1 F6000 X154.253 Y170.657 E1484.08422
G0 F15000 X154.818 Y170.657
G1 F6000 X155.501 Y171.34 E1484.11634
G0 F15000 X156.066 Y171.34
G1 F6000 X155.384 Y170.657 E1484.14844
G0 F15000 X155.95 Y170.657
G1 F6000 X156.632 Y171.34 E1484.18055
G0 F15000 X157.198 Y171.34
G1 F6000 X156.515 Y170.657 E1484.21267
G0 F15000 X157.081 Y170.657
G1 F6000 X157.763 Y171.34 E1484.24478
G0 F15000 X158.329 Y171.34
G1 F6000 X157.647 Y170.657 E1484.27688
G0 F15000 X158.212 Y170.657
G1 F6000 X158.895 Y171.34 E1484.309
G0 F15000 X159.46 Y171.34
G1 F6000 X158.778 Y170.657 E1484.34111
G0 F15000 X159.344 Y170.657
G1 F6000 X160.026 Y171.34 E1484.37321
G0 F15000 X160.592 Y171.34
G1 F6000 X159.909 Y170.657 E1484.40534
G0 F15000 X160.474 Y170.657
G1 F6000 X161.157 Y171.34 E1484.43746
G0 F15000 X161.723 Y171.34
G1 F6000 X161.04 Y170.657 E1484.46959
G0 F15000 X161.606 Y170.657
G1 F6000 X162.289 Y171.34 E1484.50172
G0 F15000 X162.854 Y171.34
G1 F6000 X162.171 Y170.657 E1484.53384
G0 F15000 X162.737 Y170.657
G1 F6000 X163.42 Y171.34 E1484.56597
G0 F15000 X163.986 Y171.34
G1 F6000 X163.303 Y170.657 E1484.59809
G0 F15000 X163.868 Y170.657
G1 F6000 X164.552 Y171.34 E1484.63024
G0 F15000 X165.117 Y171.34
G1 F6000 X164.434 Y170.657 E1484.66237
G0 F15000 X165 Y170.657
G1 F6000 X165.683 Y171.34 E1484.6945
G0 F15000 X166.249 Y171.34
G1 F6000 X165.566 Y170.657 E1484.72662
G0 F15000 X166.131 Y170.657
G1 F6000 X166.814 Y171.34 E1484.75875
G0 F15000 X167.38 Y171.34
G1 F6000 X166.697 Y170.657 E1484.79087
G0 F15000 X167.263 Y170.657
G1 F6000 X167.946 Y171.34 E1484.823
G0 F15000 X168.511 Y171.34
G1 F6000 X167.828 Y170.657 E1484.85513
G0 F15000 X168.394 Y170.657
G1 F6000 X169.077 Y171.34 E1484.88725
G0 F15000 X169.643 Y171.34
G1 F6000 X168.96 Y170.657 E1484.91938
G0 F15000 X169.525 Y170.656
G1 F6000 X170.208 Y171.34 E1484.95153
G0 F15000 X170.774 Y171.34
G1 F6000 X170.09 Y170.656 E1484.9837
G0 F15000 X170.656 Y170.656
G1 F6000 X171.34 Y171.34 E1485.01588
G0 F15000 X171.905 Y171.34
G1 F6000 X171.222 Y170.656 E1485.04803
G0 F15000 X171.787 Y170.656
G1 F6000 X172.471 Y171.34 E1485.0802
G0 F15000 X173.037 Y171.34
G1 F6000 X172.353 Y170.656 E1485.11237
G0 F15000 X172.919 Y170.656
G1 F6000 X173.602 Y171.34 E1485.14452
G0 F15000 X174.168 Y171.34
G1 F6000 X173.484 Y170.656 E1485.1767
G0 F15000 X174.05 Y170.656
G1 F6000 X174.734 Y171.34 E1485.20887
G0 F15000 X175.3 Y171.34
G1 F6000 X174.616 Y170.656 E1485.24104
G0 F15000 X175.181 Y170.656
G1 F6000 X175.865 Y171.34 E1485.27321
G0 F15000 X176.431 Y171.34
G1 F6000 X175.747 Y170.656 E1485.30539
G0 F15000 X176.313 Y170.656
G1 F6000 X176.997 Y171.34 E1485.33756
G0 F15000 X177.562 Y171.34
G1 F6000 X176.879 Y170.656 E1485.36971
G0 F15000 X177.444 Y170.656
G1 F6000 X178.128 Y171.34 E1485.40188
G0 F15000 X178.694 Y171.34
G1 F6000 X178.01 Y170.656 E1485.43406
G0 F15000 X178.576 Y170.656
G1 F6000 X179.259 Y171.34 E1485.46621
G0 F15000 X179.825 Y171.34
G1 F6000 X179.019 Y170.534 E1485.50412
G0 F15000 X179.345 Y170.294
G1 F6000 X180.34 Y171.289 E1485.55092
G0 F15000 X180.34 Y170.723
G1 F6000 X179.57 Y169.954 E1485.58712
G0 F15000 X179.655 Y169.473
G1 F6000 X180.34 Y170.157 E1485.61931
G0 F15000 X180.34 Y169.592
G1 F6000 X179.655 Y168.907 E1485.65153
G0 F15000 X179.655 Y168.342
G1 F6000 X180.34 Y169.026 E1485.68373
G0 F15000 X180.34 Y168.46
G1 F6000 X179.655 Y167.776 E1485.71593
G0 F15000 X179.655 Y167.21
G1 F6000 X180.34 Y167.895 E1485.74815
G0 F15000 X180.34 Y167.329
G1 F6000 X179.655 Y166.645 E1485.78034
G0 F15000 X179.655 Y166.079
G1 F6000 X180.34 Y166.763 E1485.81254
G0 F15000 X180.34 Y166.198
G1 F6000 X179.655 Y165.513 E1485.84476
G0 F15000 X179.655 Y164.948
G1 F6000 X180.34 Y165.632 E1485.87696
G0 F15000 X180.34 Y165.066
G1 F6000 X179.655 Y164.382 E1485.90915
G0 F15000 X179.655 Y163.816
G1 F6000 X180.34 Y164.501 E1485.94137
G0 F15000 X180.34 Y163.935
G1 F6000 X179.655 Y163.25 E1485.97359
G0 F15000 X179.656 Y162.685
G1 F6000 X180.34 Y163.369 E1486.00577
G0 F15000 X180.34 Y162.804
G1 F6000 X179.656 Y162.12 E1486.03794
G0 F15000 X179.656 Y161.554
G1 F6000 X180.34 Y162.238 E1486.07011
G0 F15000 X180.34 Y161.672
G1 F6000 X179.656 Y160.988 E1486.10229
G0 F15000 X179.656 Y160.423
G1 F6000 X180.34 Y161.107 E1486.13446
G0 F15000 X180.34 Y160.541
G1 F6000 X179.656 Y159.857 E1486.16663
G0 F15000 X179.656 Y159.291
G1 F6000 X180.34 Y159.975 E1486.19881
G0 F15000 X180.34 Y159.409
G1 F6000 X179.656 Y158.726 E1486.23096
G0 F15000 X179.656 Y158.16
G1 F6000 X180.34 Y158.844 E1486.26313
G0 F15000 X180.34 Y158.278
G1 F6000 X179.656 Y157.594 E1486.2953
G0 F15000 X179.656 Y157.029
G1 F6000 X180.34 Y157.712 E1486.32745
G0 F15000 X180.34 Y157.147
G1 F6000 X179.657 Y156.464 E1486.35958
G0 F15000 X179.657 Y155.898
G1 F6000 X180.34 Y156.581 E1486.39171
G0 F15000 X180.34 Y156.015
G1 F6000 X179.657 Y155.332 E1486.42383
G0 F15000 X179.657 Y154.767
G1 F6000 X180.34 Y155.45 E1486.45596
G0 F15000 X180.34 Y154.884
G1 F6000 X179.657 Y154.201 E1486.48808
G0 F15000 X179.657 Y153.635
G1 F6000 X180.34 Y154.318 E1486.52021
G0 F15000 X180.34 Y153.753
G1 F6000 X179.657 Y153.07 E1486.55234
G0 F15000 X179.657 Y152.504
G1 F6000 X180.34 Y153.187 E1486.58446
G0 F15000 X180.34 Y152.621
G1 F6000 X179.657 Y151.938 E1486.61659
G0 F15000 X179.657 Y151.372
G1 F6000 X180.34 Y152.056 E1486.64874
G0 F15000 X180.34 Y151.49
G1 F6000 X179.657 Y150.807 E1486.68087
G0 F15000 X179.657 Y150.241
G1 F6000 X180.34 Y150.924 E1486.71299
G0 F15000 X180.34 Y150.358
G1 F6000 X179.657 Y149.676 E1486.74509
G0 F15000 X179.657 Y149.11
G1 F6000 X180.34 Y149.793 E1486.77722
G0 F15000 X180.34 Y149.227
G1 F6000 X179.657 Y148.545 E1486.80932
G0 F15000 X179.657 Y147.979
G1 F6000 X180.34 Y148.661 E1486.84143
G0 F15000 X180.34 Y148.096
G1 F6000 X179.657 Y147.413 E1486.87355
G0 F15000 X179.657 Y146.848
G1 F6000 X180.34 Y147.53 E1486.90566
G0 F15000 X180.34 Y146.964
G1 F6000 X179.657 Y146.282 E1486.93776
G0 F15000 X179.657 Y145.716
G1 F6000 X180.34 Y146.399 E1486.96988
G0 F15000 X180.34 Y145.833
G1 F6000 X179.657 Y145.151 E1487.00199
G0 F15000 X179.657 Y144.585
G1 F6000 X180.34 Y145.267 E1487.03409
G0 F15000 X180.34 Y144.702
G1 F6000 X179.657 Y144.019 E1487.06622
G0 F15000 X179.658 Y143.454
G1 F6000 X180.34 Y144.136 E1487.0983
G0 F15000 X180.34 Y143.57
G1 F6000 X179.658 Y142.889 E1487.13035
G0 F15000 X179.658 Y142.323
G1 F6000 X180.34 Y143.005 E1487.16243
G0 F15000 X180.34 Y142.439
G1 F6000 X179.658 Y141.757 E1487.19451
G0 F15000 X179.658 Y141.192
G1 F6000 X180.34 Y141.873 E1487.22656
G0 F15000 X180.34 Y141.308
G1 F6000 X179.658 Y140.626 E1487.25864
G0 F15000 X179.658 Y140.06
G1 F6000 X180.34 Y140.742 E1487.29072
G0 F15000 X180.34 Y140.176
G1 F6000 X179.658 Y139.494 E1487.3228
G0 F15000 X179.658 Y138.929
G1 F6000 X180.34 Y139.61 E1487.35486
G0 F15000 X180.34 Y139.045
G1 F6000 X179.658 Y138.363 E1487.38694
G0 F15000 X179.658 Y137.797
G1 F6000 X180.34 Y138.479 E1487.41902
G0 F15000 X180.34 Y137.913
G1 F6000 X179.658 Y137.232 E1487.45107
G0 F15000 X179.659 Y136.667
G1 F6000 X180.34 Y137.348 E1487.4831
G0 F15000 X180.34 Y136.782
G1 F6000 X179.659 Y136.101 E1487.51514
G0 F15000 X179.659 Y135.535
G1 F6000 X180.34 Y136.216 E1487.54717
G0 F15000 X180.34 Y135.651
G1 F6000 X179.659 Y134.97 E1487.5792
G0 F15000 X179.659 Y134.404
G1 F6000 X180.34 Y135.085 E1487.61123
G0 F15000 X180.34 Y134.519
G1 F6000 X179.659 Y133.838 E1487.64327
G0 F15000 X179.659 Y133.273
G1 F6000 X180.34 Y133.954 E1487.6753
G0 F15000 X180.34 Y133.388
G1 F6000 X179.659 Y132.707 E1487.70733
G0 F15000 X179.659 Y132.141
G1 F6000 X180.34 Y132.822 E1487.73936
G0 F15000 X180.34 Y132.257
G1 F6000 X179.659 Y131.576 E1487.77139
G0 F15000 X179.659 Y131.01
G1 F6000 X180.34 Y131.691 E1487.80343
G0 F15000 X180.34 Y131.125
G1 F6000 X179.657 Y130.442 E1487.83555
G0 F15000 X180.34 Y130.559
G1 F6000 X178.441 Y128.66 E1487.92488
G0 F15000 X179.006 Y128.66
G1 F6000 X180.34 Y129.994 E1487.98762
G0 F15000 X180.34 Y129.428
G1 F6000 X179.572 Y128.66 E1488.02375
G0 F15000 X180.138 Y128.66
G1 F6000 X180.34 Y128.862 E1488.03325
G1 F2400 E1487.53325
G0 F15000 X180.8 Y128.862
G0 X180.7 Y129.799
G0 X179.217 Y130.188
G0 X178.566 Y129.352
G1 F2400 E1488.03325
G1 F6000 X177.875 Y128.66 E1488.06577
G0 F15000 X177.309 Y128.66
G1 F6000 X177.989 Y129.34 E1488.09776
G0 F15000 X177.423 Y129.34
G1 F6000 X176.743 Y128.66 E1488.12974
G0 F15000 X176.178 Y128.66
G1 F6000 X176.857 Y129.34 E1488.16171
G0 F15000 X176.292 Y129.34
G1 F6000 X175.612 Y128.66 E1488.19369
G0 F15000 X175.046 Y128.66
G1 F6000 X175.726 Y129.34 E1488.22568
G0 F15000 X175.16 Y129.34
G1 F6000 X174.481 Y128.66 E1488.25764
G0 F15000 X173.915 Y128.66
G1 F6000 X174.595 Y129.34 E1488.28962
G0 F15000 X174.029 Y129.34
G1 F6000 X173.349 Y128.66 E1488.32161
G0 F15000 X172.784 Y128.66
G1 F6000 X173.463 Y129.34 E1488.35357
G0 F15000 X172.898 Y129.34
G1 F6000 X172.218 Y128.66 E1488.38555
G0 F15000 X171.652 Y128.66
G1 F6000 X172.332 Y129.34 E1488.41754
G0 F15000 X171.766 Y129.34
G1 F6000 X171.087 Y128.66 E1488.4495
G0 F15000 X170.521 Y128.66
G1 F6000 X171.2 Y129.34 E1488.48146
G0 F15000 X170.635 Y129.34
G1 F6000 X169.955 Y128.66 E1488.51345
G0 F15000 X169.39 Y128.66
G1 F6000 X170.07 Y129.34 E1488.54543
G0 F15000 X169.504 Y129.34
G1 F6000 X168.824 Y128.66 E1488.57742
G0 F15000 X168.258 Y128.66
G1 F6000 X168.938 Y129.34 E1488.6094
G0 F15000 X168.373 Y129.34
G1 F6000 X167.692 Y128.66 E1488.64141
G0 F15000 X167.127 Y128.66
G1 F6000 X167.807 Y129.34 E1488.6734
G0 F15000 X167.241 Y129.34
G1 F6000 X166.561 Y128.66 E1488.70538
G0 F15000 X165.995 Y128.66
G1 F6000 X166.676 Y129.34 E1488.73739
G0 F15000 X166.11 Y129.34
G1 F6000 X165.43 Y128.66 E1488.76938
G0 F15000 X164.864 Y128.66
G1 F6000 X165.544 Y129.34 E1488.80136
G0 F15000 X164.979 Y129.34
G1 F6000 X164.298 Y128.66 E1488.83337
G0 F15000 X163.733 Y128.66
G1 F6000 X164.413 Y129.34 E1488.86536
G0 F15000 X163.847 Y129.34
G1 F6000 X163.167 Y128.66 E1488.89734
G0 F15000 X162.601 Y128.66
G1 F6000 X163.282 Y129.34 E1488.92935
G0 F15000 X162.716 Y129.34
G1 F6000 X162.036 Y128.66 E1488.96133
G0 F15000 X161.47 Y128.66
G1 F6000 X162.151 Y129.341 E1488.99337
G0 F15000 X161.585 Y129.341
G1 F6000 X160.904 Y128.66 E1489.0254
G0 F15000 X160.339 Y128.66
G1 F6000 X161.02 Y129.341 E1489.05743
G0 F15000 X160.454 Y129.341
G1 F6000 X159.773 Y128.66 E1489.08946
G0 F15000 X159.207 Y128.66
G1 F6000 X159.888 Y129.341 E1489.12149
G0 F15000 X159.322 Y129.341
G1 F6000 X158.642 Y128.66 E1489.1535
G0 F15000 X158.076 Y128.66
G1 F6000 X158.757 Y129.341 E1489.18554
G0 F15000 X158.191 Y129.341
G1 F6000 X157.51 Y128.66 E1489.21757
G0 F15000 X156.944 Y128.66
G1 F6000 X157.625 Y129.341 E1489.2496
G0 F15000 X157.06 Y129.341
G1 F6000 X156.379 Y128.66 E1489.28163
G0 F15000 X155.813 Y128.66
G1 F6000 X156.494 Y129.341 E1489.31366
G0 F15000 X155.928 Y129.341
G1 F6000 X155.247 Y128.66 E1489.3457
G0 F15000 X154.682 Y128.66
G1 F6000 X155.363 Y129.341 E1489.37773
G0 F15000 X154.797 Y129.341
G1 F6000 X154.116 Y128.66 E1489.40976
G0 F15000 X153.55 Y128.66
G1 F6000 X154.232 Y129.342 E1489.44184
G0 F15000 X153.666 Y129.342
G1 F6000 X152.985 Y128.66 E1489.4739
G0 F15000 X152.419 Y128.66
G1 F6000 X153.101 Y129.342 E1489.50597
G0 F15000 X152.535 Y129.342
G1 F6000 X151.853 Y128.66 E1489.53805
G0 F15000 X151.288 Y128.66
G1 F6000 X151.969 Y129.342 E1489.57011
G0 F15000 X151.404 Y129.342
G1 F6000 X150.722 Y128.66 E1489.60219
G0 F15000 X150.156 Y128.66
G1 F6000 X150.838 Y129.342 E1489.63427
G0 F15000 X150.272 Y129.342
G1 F6000 X149.591 Y128.66 E1489.66632
G0 F15000 X149.025 Y128.66
G1 F6000 X149.707 Y129.342 E1489.6984
G0 F15000 X149.141 Y129.342
G1 F6000 X148.459 Y128.66 E1489.73048
G0 F15000 X147.894 Y128.66
G1 F6000 X148.575 Y129.342 E1489.76254
G0 F15000 X148.009 Y129.342
G1 F6000 X147.328 Y128.66 E1489.79459
G0 F15000 X146.762 Y128.66
G1 F6000 X147.444 Y129.342 E1489.82667
G0 F15000 X146.878 Y129.342
G1 F6000 X146.196 Y128.66 E1489.85875
G0 F15000 X145.631 Y128.66
G1 F6000 X146.313 Y129.343 E1489.89085
G0 F15000 X145.747 Y129.343
G1 F6000 X145.065 Y128.66 E1489.92296
G0 F15000 X144.499 Y128.66
G1 F6000 X145.182 Y129.343 E1489.95508
G0 F15000 X144.616 Y129.343
G1 F6000 X143.934 Y128.66 E1489.98719
G0 F15000 X143.368 Y128.66
G1 F6000 X144.05 Y129.343 E1490.01929
G0 F15000 X143.485 Y129.343
G1 F6000 X142.802 Y128.66 E1490.05142
G0 F15000 X142.237 Y128.66
G1 F6000 X142.919 Y129.343 E1490.08352
G0 F15000 X142.353 Y129.343
G1 F6000 X141.671 Y128.66 E1490.11562
G0 F15000 X141.105 Y128.66
G1 F6000 X141.788 Y129.343 E1490.14775
G0 F15000 X141.222 Y129.343
G1 F6000 X140.54 Y128.66 E1490.17985
G0 F15000 X139.974 Y128.66
G1 F6000 X140.656 Y129.343 E1490.21195
G0 F15000 X140.091 Y129.343
G1 F6000 X139.408 Y128.66 E1490.24408
G0 F15000 X138.843 Y128.66
G1 F6000 X139.525 Y129.343 E1490.27618
G0 F15000 X138.959 Y129.343
G1 F6000 X138.277 Y128.66 E1490.30828
G0 F15000 X137.711 Y128.66
G1 F6000 X138.394 Y129.343 E1490.34041
G0 F15000 X137.829 Y129.343
G1 F6000 X137.145 Y128.66 E1490.37256
G0 F15000 X136.58 Y128.66
G1 F6000 X137.263 Y129.343 E1490.40469
G0 F15000 X136.697 Y129.343
G1 F6000 X136.014 Y128.66 E1490.43681
G0 F15000 X135.448 Y128.66
G1 F6000 X136.131 Y129.343 E1490.46894
G0 F15000 X135.566 Y129.343
G1 F6000 X134.883 Y128.66 E1490.50106
G0 F15000 X134.317 Y128.66
G1 F6000 X135 Y129.343 E1490.53319
G0 F15000 X134.434 Y129.343
G1 F6000 X133.751 Y128.66 E1490.56532
G0 F15000 X133.186 Y128.66
G1 F6000 X133.869 Y129.343 E1490.59744
G0 F15000 X133.303 Y129.343
G1 F6000 X132.62 Y128.66 E1490.62957
G0 F15000 X132.054 Y128.66
G1 F6000 X132.737 Y129.343 E1490.6617
G0 F15000 X132.172 Y129.343
G1 F6000 X131.489 Y128.66 E1490.69382
G0 F15000 X130.923 Y128.66
G1 F6000 X131.606 Y129.343 E1490.72595
G0 F15000 X131.04 Y129.343
G1 F6000 X130.357 Y128.66 E1490.75807
G0 F15000 X129.792 Y128.66
G1 F6000 X130.475 Y129.343 E1490.7902
G0 F15000 X129.91 Y129.344
G1 F6000 X129.226 Y128.66 E1490.82237
G0 F15000 X128.66 Y128.66
G1 F6000 X129.344 Y129.344 E1490.85455
G0 F15000 X128.778 Y129.344
G1 F6000 X128.095 Y128.66 E1490.8867
G0 F15000 X127.529 Y128.66
G1 F6000 X128.213 Y129.344 E1490.91887
G0 F15000 X127.647 Y129.344
G1 F6000 X126.963 Y128.66 E1490.95104
G0 F15000 X126.397 Y128.66
G1 F6000 X127.081 Y129.344 E1490.98322
G0 F15000 X126.516 Y129.344
G1 F6000 X125.832 Y128.66 E1491.01539
G0 F15000 X125.266 Y128.66
G1 F6000 X125.95 Y129.344 E1491.04756
G0 F15000 X125.384 Y129.344
G1 F6000 X124.7 Y128.66 E1491.07974
G0 F15000 X124.135 Y128.66
G1 F6000 X124.818 Y129.344 E1491.11189
G0 F15000 X124.253 Y129.344
G1 F6000 X123.569 Y128.66 E1491.14406
G0 F15000 X123.003 Y128.66
G1 F6000 X123.687 Y129.344 E1491.17623
G0 F15000 X123.121 Y129.344
G1 F6000 X122.438 Y128.66 E1491.20838
G0 F15000 X121.872 Y128.66
G1 F6000 X122.556 Y129.344 E1491.24056
G0 F15000 X121.991 Y129.345
G1 F6000 X121.306 Y128.66 E1491.27278
G0 F15000 X120.741 Y128.66
G1 F6000 X121.425 Y129.345 E1491.30497
G0 F15000 X120.859 Y129.345
G1 F6000 X120.175 Y128.66 E1491.33717
G0 F15000 X119.609 Y128.66
G1 F6000 X120.294 Y129.345 E1491.36939
G0 F15000 X119.728 Y129.345
G1 F6000 X119.044 Y128.66 E1491.40159
G0 F15000 X118.478 Y128.66
G1 F6000 X119.162 Y129.345 E1491.43378
G0 F15000 X118.597 Y129.345
G1 F6000 X117.912 Y128.66 E1491.466
G0 F15000 X117.346 Y128.66
G1 F6000 X118.031 Y129.345 E1491.49822
G0 F15000 X117.465 Y129.345
G1 F6000 X116.781 Y128.66 E1491.53042
G0 F15000 X116.215 Y128.66
G1 F6000 X116.9 Y129.345 E1491.56264
G0 F15000 X116.334 Y129.345
G1 F6000 X115.649 Y128.66 E1491.59486
G0 F15000 X115.084 Y128.66
G1 F6000 X115.768 Y129.345 E1491.62706
G0 F15000 X115.203 Y129.345
G1 F6000 X114.518 Y128.66 E1491.65928
G0 F15000 X113.952 Y128.66
G1 F6000 X114.637 Y129.345 E1491.6915
G0 F15000 X114.13 Y129.403
G1 F6000 X113.387 Y128.66 E1491.72645
G0 F15000 X112.821 Y128.66
G1 F6000 X113.767 Y129.606 E1491.77094
G0 F15000 X113.51 Y129.915
G1 F6000 X112.66 Y129.065 E1491.81093
G0 F15000 X112.66 Y129.63
G1 F6000 X113.369 Y130.34 E1491.8443
G0 F15000 X113.341 Y130.877
G1 F6000 X112.66 Y130.196 E1491.87633
G0 F15000 X112.66 Y130.762
G1 F6000 X113.341 Y131.443 E1491.90836
G0 F15000 X113.341 Y132.008
G1 F6000 X112.66 Y131.327 E1491.9404
G0 F15000 X112.66 Y131.893
G1 F6000 X113.341 Y132.574 E1491.97243
G0 F15000 X113.341 Y133.14
G1 F6000 X112.66 Y132.459 E1492.00446
G0 F15000 X112.66 Y133.024
G1 F6000 X113.341 Y133.705 E1492.03649
G0 F15000 X113.341 Y134.271
G1 F6000 X112.66 Y133.59 E1492.06852
G0 F15000 X112.66 Y134.156
G1 F6000 X113.341 Y134.837 E1492.10056
G0 F15000 X113.341 Y135.402
G1 F6000 X112.66 Y134.722 E1492.13256
G0 F15000 X112.66 Y135.287
G1 F6000 X113.341 Y135.968 E1492.1646
G0 F15000 X113.341 Y136.535
G1 F6000 X112.66 Y135.853 E1492.19665
G0 F15000 X112.66 Y136.419
G1 F6000 X113.341 Y137.1 E1492.22868
G0 F15000 X113.341 Y137.666
G1 F6000 X112.66 Y136.984 E1492.26074
G0 F15000 X112.66 Y137.55
G1 F6000 X113.341 Y138.232 E1492.2928
G0 F15000 X113.341 Y138.797
G1 F6000 X112.66 Y138.116 E1492.32483
G0 F15000 X112.66 Y138.681
G1 F6000 X113.341 Y139.363 E1492.35688
G0 F15000 X113.341 Y139.929
G1 F6000 X112.66 Y139.247 E1492.38894
G0 F15000 X112.66 Y139.813
G1 F6000 X113.341 Y140.494 E1492.42097
G0 F15000 X113.341 Y141.06
G1 F6000 X112.66 Y140.378 E1492.45303
G0 F15000 X112.66 Y140.944
G1 F6000 X113.341 Y141.626 E1492.48508
G0 F15000 X113.342 Y142.192
G1 F6000 X112.66 Y141.51 E1492.51716
G0 F15000 X112.66 Y142.075
G1 F6000 X113.342 Y142.758 E1492.54926
G0 F15000 X113.342 Y143.323
G1 F6000 X112.66 Y142.641 E1492.58134
G0 F15000 X112.66 Y143.207
G1 F6000 X113.342 Y143.889 E1492.61342
G0 F15000 X113.342 Y144.455
G1 F6000 X112.66 Y143.772 E1492.64553
G0 F15000 X112.66 Y144.338
G1 F6000 X113.342 Y145.021 E1492.67763
G0 F15000 X113.342 Y145.586
G1 F6000 X112.66 Y144.904 E1492.70971
G0 F15000 X112.66 Y145.47
G1 F6000 X113.342 Y146.152 E1492.74179
G0 F15000 X113.342 Y146.718
G1 F6000 X112.66 Y146.035 E1492.77389
G0 F15000 X112.66 Y146.601
G1 F6000 X113.343 Y147.284 E1492.80602
G0 F15000 X113.343 Y147.85
G1 F6000 X112.66 Y147.167 E1492.83814
G0 F15000 X112.66 Y147.732
G1 F6000 X113.343 Y148.415 E1492.87027
G0 F15000 X113.343 Y148.981
G1 F6000 X112.66 Y148.298 E1492.90239
G0 F15000 X112.66 Y148.864
G1 F6000 X113.343 Y149.547 E1492.93452
G0 F15000 X113.343 Y150.112
G1 F6000 X112.66 Y149.429 E1492.96665
G0 F15000 X112.66 Y149.995
G1 F6000 X113.343 Y150.678 E1492.99877
G0 F15000 X113.343 Y151.244
G1 F6000 X112.66 Y150.561 E1493.0309
G0 F15000 X112.66 Y151.126
G1 F6000 X113.343 Y151.809 E1493.06303
G0 F15000 X113.343 Y152.375
G1 F6000 X112.66 Y151.692 E1493.09515
G0 F15000 X112.66 Y152.258
G1 F6000 X113.344 Y152.942 E1493.12733
G0 F15000 X113.344 Y153.507
G1 F6000 X112.66 Y152.823 E1493.1595
G0 F15000 X112.66 Y153.389
G1 F6000 X113.344 Y154.073 E1493.19167
G0 F15000 X113.344 Y154.639
G1 F6000 X112.66 Y153.955 E1493.22384
G0 F15000 X112.66 Y154.521
G1 F6000 X113.344 Y155.204 E1493.25599
G0 F15000 X113.344 Y155.77
G1 F6000 X112.66 Y155.086 E1493.28817
G0 F15000 X112.66 Y155.652
G1 F6000 X113.344 Y156.336 E1493.32034
G0 F15000 X113.344 Y156.901
G1 F6000 X112.66 Y156.218 E1493.35249
G0 F15000 X112.66 Y156.783
G1 F6000 X113.344 Y157.467 E1493.38466
G0 F15000 X113.344 Y158.033
G1 F6000 X112.66 Y157.349 E1493.41684
G0 F15000 X112.66 Y157.915
G1 F6000 X113.344 Y158.599 E1493.44901
G0 F15000 X113.344 Y159.165
G1 F6000 X112.66 Y158.48 E1493.48121
G0 F15000 X112.66 Y159.046
G1 F6000 X113.344 Y159.73 E1493.51338
G0 F15000 X113.344 Y160.296
G1 F6000 X112.66 Y159.612 E1493.54555
G0 F15000 X112.66 Y160.177
G1 F6000 X113.344 Y160.862 E1493.57775
G0 F15000 X113.344 Y161.428
G1 F6000 X112.66 Y160.743 E1493.60995
G0 F15000 X112.66 Y161.309
G1 F6000 X113.344 Y161.993 E1493.64212
G0 F15000 X113.344 Y162.559
G1 F6000 X112.66 Y161.874 E1493.67432
G0 F15000 X112.66 Y162.44
G1 F6000 X113.344 Y163.125 E1493.70651
G0 F15000 X113.344 Y163.69
G1 F6000 X112.66 Y163.006 E1493.73869
G0 F15000 X112.66 Y163.571
G1 F6000 X113.345 Y164.257 E1493.77093
G0 F15000 X113.345 Y164.822
G1 F6000 X112.66 Y164.137 E1493.80315
G0 F15000 X112.66 Y164.703
G1 F6000 X113.345 Y165.388 E1493.83537
G0 F15000 X113.345 Y165.954
G1 F6000 X112.66 Y165.269 E1493.86759
G0 F15000 X112.66 Y165.834
G1 F6000 X113.345 Y166.519 E1493.89981
G0 F15000 X113.345 Y167.085
G1 F6000 X112.66 Y166.4 E1493.93203
G0 F15000 X112.66 Y166.966
G1 F6000 X113.345 Y167.651 E1493.96425
G0 F15000 X113.345 Y168.216
G1 F6000 X112.66 Y167.531 E1493.99647
G0 F15000 X112.66 Y168.097
G1 F6000 X113.345 Y168.782 E1494.02869
G0 F15000 X113.345 Y169.348
G1 F6000 X112.66 Y168.663 E1494.06091
;TIME_ELAPSED:1781.924641
G1 F2400 E1493.56091
M140 S0
M107
END_PRINT
M82 ;absolute extrusion mode
M104 S0
;End of Gcode
;SETTING_3 {"global_quality": "[general]\\nversion = 4\\nname = Standard Quality
;SETTING_3  #2\\ndefinition = creality_k1max\\n\\n[metadata]\\ntype = quality_ch
;SETTING_3 anges\\nquality_type = standard\\nsetting_version = 25\\n\\n[values]\
;SETTING_3 \nadhesion_type = brim\\nmaterial_bed_temperature = 45\\nsupport_enab
;SETTING_3 le = True\\nsupport_structure = normal\\n\\n", "extruder_quality": ["
;SETTING_3 [general]\\nversion = 4\\nname = Standard Quality #2\\ndefinition = c
;SETTING_3 reality_k1max\\n\\n[metadata]\\ntype = quality_changes\\nquality_type
;SETTING_3  = standard\\nsetting_version = 25\\nposition = 0\\n\\n[values]\\nbri
;SETTING_3 m_width = 4.0\\ninfill_sparse_density = 15.0\\nmaterial_print_tempera
;SETTING_3 ture = 230.0\\nspeed_print = 200.0\\nsupport_tree_branch_diameter = 4
;SETTING_3 .0\\nsupport_tree_max_diameter = 10.0\\nsupport_tree_tip_diameter = 0
;SETTING_3 .6\\nsupport_tree_top_rate = 20.0\\ntop_bottom_thickness = 0.6\\n\\n"
;SETTING_3 ]}
