;FLAVOR:Marlin
;TIME:2914
;Filament used: 2.05186m
;Layer height: 0.2
;MINX:99.7
;MINY:121.2
;MINZ:0.2
;MAXX:137.3
;MAXY:179.8
;MAXZ:21
;TARGET_MACHINE.NAME:Creality K1 Max
;Generated with Cura_SteamEngine 5.10.1
M140 S0
M104 S0 
START_PRINT EXTRUDER_TEMP=230.0 BED_TEMP=45

M82 ;absolute extrusion mode
G92 E0
G92 E0
G1 F2400 E-0.5
;LAYER_COUNT:105
;LAYER:0
M107
G0 F6000 X101.2 Y121.978 Z0.2
;TYPE:SKIRT
G1 F2400 E0
G1 F1200 X102.191 Y121.387 E0.03838
G1 X103.171 Y121.225 E0.07141
G1 X133.89 Y121.2 E1.09313
G1 X134.822 Y121.429 E1.12505
G1 X135.819 Y121.945 E1.16239
G1 X136.522 Y122.7 E1.1967
G1 X137.113 Y123.691 E1.23508
G1 X137.275 Y124.671 E1.26812
G1 X137.3 Y155.39 E2.28984
G1 X137.071 Y156.322 E2.32176
G1 X136.555 Y157.319 E2.35909
G1 X135.8 Y158.022 E2.39341
G1 X134.809 Y158.613 E2.43178
G1 X133.829 Y158.775 E2.46482
G1 X130.801 Y158.795 E2.56553
G1 X130.807 Y165.146 E2.77677
G1 X131.703 Y166.01 E2.81817
G1 X131.877 Y166.258 E2.82825
G1 X132.559 Y167.775 E2.88357
G1 X132.799 Y168.88 E2.92118
G1 X132.796 Y171.542 E3.00971
G1 X132.03 Y173.54 E3.08088
G1 X131.154 Y174.54 E3.1251
G1 X130.804 Y174.855 E3.14076
G1 X130.8 Y176.394 E3.19195
G1 X130.572 Y177.321 E3.2237
G1 X130.055 Y178.319 E3.26108
G1 X129.3 Y179.022 E3.2954
G1 X128.309 Y179.613 E3.33377
G1 X127.329 Y179.775 E3.36681
G1 X122.606 Y179.8 E3.5239
G1 X121.689 Y179.576 E3.5553
G1 X120.679 Y179.054 E3.59311
G1 X119.991 Y178.312 E3.62677
G1 X119.383 Y177.295 E3.66617
G1 X119.209 Y176.125 E3.70552
G1 X119.199 Y174.855 E3.74776
G1 X118.486 Y174.161 E3.78085
G1 X118.154 Y174.54 E3.79761
G1 X117.804 Y174.855 E3.81327
G1 X117.8 Y176.394 E3.86446
G1 X117.572 Y177.321 E3.89621
G1 X117.055 Y178.319 E3.93359
G1 X116.3 Y179.022 E3.96791
G1 X115.309 Y179.613 E4.00628
G1 X114.329 Y179.775 E4.03932
G1 X109.606 Y179.8 E4.19641
G1 X108.689 Y179.576 E4.22781
G1 X107.679 Y179.054 E4.26562
G1 X106.991 Y178.312 E4.29928
G1 X106.383 Y177.295 E4.33868
G1 X106.209 Y176.125 E4.37803
G1 X106.199 Y174.854 E4.4203
G1 X105.175 Y173.856 E4.46786
G1 X104.448 Y172.251 E4.52646
G1 X104.201 Y171.122 E4.5649
G1 X104.204 Y168.454 E4.65364
G1 X104.854 Y166.753 E4.71421
G1 X105.175 Y166.194 E4.73565
G1 X106.2 Y165.11 E4.78527
G1 X106.199 Y158.8 E4.99514
G1 X103.11 Y158.8 E5.09788
G1 X102.178 Y158.571 E5.1298
G1 X101.181 Y158.055 E5.16714
G1 X100.478 Y157.3 E5.20145
G1 X99.887 Y156.309 E5.23983
G1 X99.725 Y155.329 E5.27286
G1 X99.7 Y124.61 E6.29458
G1 X99.929 Y123.678 E6.3265
G1 X100.445 Y122.681 E6.36384
G1 X101.2 Y121.978 E6.39815
G0 F6000 X101.439 Y122.302
G1 F1200 X102.331 Y121.77 E6.4327
G1 X103.236 Y121.62 E6.46321
G1 X133.844 Y121.6 E7.48123
G1 X134.679 Y121.805 E7.50983
G1 X135.574 Y122.268 E7.54335
G1 X136.198 Y122.939 E7.57382
G1 X136.73 Y123.831 E7.60837
G1 X136.88 Y124.736 E7.63888
G1 X136.9 Y155.344 E8.6569
G1 X136.695 Y156.179 E8.6855
G1 X136.232 Y157.074 E8.71902
G1 X135.561 Y157.698 E8.74949
G1 X134.669 Y158.23 E8.78404
G1 X133.764 Y158.38 E8.81455
G1 X130.401 Y158.397 E8.9264
G1 X130.407 Y165.316 E9.15653
G1 X131.425 Y166.298 E9.20357
G1 X131.512 Y166.422 E9.20861
G1 X132.177 Y167.901 E9.26255
G1 X132.399 Y168.923 E9.29733
G1 X132.396 Y171.467 E9.38195
G1 X131.682 Y173.33 E9.4483
G1 X130.853 Y174.276 E9.49014
G1 X130.405 Y174.676 E9.51012
G1 X130.4 Y176.346 E9.56566
G1 X130.195 Y177.179 E9.59419
G1 X129.732 Y178.074 E9.62771
G1 X129.061 Y178.698 E9.65818
G1 X128.169 Y179.23 E9.69273
G1 X127.264 Y179.38 E9.72324
G1 X122.655 Y179.4 E9.87654
G1 X121.826 Y179.197 E9.90492
G1 X120.925 Y178.732 E9.93865
G1 X120.312 Y178.07 E9.96866
G1 X119.768 Y177.16 E10.00392
G1 X119.605 Y176.066 E10.04071
G1 X119.598 Y174.685 E10.08664
G1 X118.561 Y173.675 E10.13479
G1 X118.48 Y173.56 E10.13946
G1 X117.853 Y174.276 E10.17112
G1 X117.405 Y174.676 E10.19109
G1 X117.4 Y176.346 E10.24664
G1 X117.195 Y177.179 E10.27517
G1 X116.732 Y178.074 E10.30869
G1 X116.061 Y178.698 E10.33916
G1 X115.169 Y179.23 E10.37371
G1 X114.264 Y179.38 E10.40422
G1 X109.655 Y179.4 E10.55751
G1 X108.826 Y179.197 E10.5859
G1 X107.925 Y178.732 E10.61963
G1 X107.312 Y178.07 E10.64963
G1 X106.768 Y177.16 E10.6849
G1 X106.605 Y176.066 E10.72168
G1 X106.598 Y174.685 E10.76762
G1 X105.508 Y173.623 E10.81823
G1 X104.83 Y172.127 E10.87286
G1 X104.601 Y171.078 E10.90857
G1 X104.604 Y168.529 E10.99335
G1 X105.228 Y166.896 E11.0515
G1 X105.498 Y166.434 E11.0693
G1 X106.385 Y165.492 E11.11233
G1 X106.6 Y165.315 E11.12159
G1 X106.599 Y158.4 E11.35159
G1 X103.156 Y158.4 E11.4661
G1 X102.321 Y158.195 E11.4947
G1 X101.426 Y157.732 E11.52821
G1 X100.802 Y157.061 E11.55869
G1 X100.27 Y156.169 E11.59323
G1 X100.12 Y155.264 E11.62374
G1 X100.1 Y124.656 E12.64177
G1 X100.305 Y123.821 E12.67037
G1 X100.768 Y122.926 E12.70388
G1 X101.439 Y122.302 E12.73436
G0 F6000 X101.678 Y122.626
G1 F1200 X102.471 Y122.153 E12.76507
G1 X103.302 Y122.015 E12.79309
G1 X133.798 Y122 E13.80739
G1 X134.536 Y122.181 E13.83266
G1 X135.329 Y122.591 E13.86235
G1 X135.874 Y123.178 E13.889
G1 X136.347 Y123.971 E13.91971
G1 X136.485 Y124.802 E13.94772
G1 X136.5 Y155.298 E14.96203
G1 X136.319 Y156.036 E14.9873
G1 X135.909 Y156.829 E15.01699
G1 X135.322 Y157.374 E15.04363
G1 X134.529 Y157.847 E15.07434
G1 X133.698 Y157.985 E15.10236
G1 X130.001 Y157.999 E15.22532
G1 X130.007 Y165.486 E15.47434
G1 X131.147 Y166.586 E15.52703
G1 X131.795 Y168.027 E15.57958
G1 X131.999 Y168.966 E15.61154
G1 X131.996 Y171.394 E15.6923
G1 X131.335 Y173.118 E15.75371
G1 X130.552 Y174.012 E15.79324
G1 X130.006 Y174.496 E15.8175
G1 X130 Y176.299 E15.87747
G1 X129.819 Y177.036 E15.90271
G1 X129.409 Y177.829 E15.93241
G1 X128.822 Y178.374 E15.95905
G1 X128.029 Y178.847 E15.98976
G1 X127.198 Y178.985 E16.01778
G1 X122.704 Y179 E16.16725
G1 X121.965 Y178.819 E16.19255
G1 X121.171 Y178.409 E16.22227
G1 X120.633 Y177.828 E16.24861
G1 X120.153 Y177.025 E16.27973
G1 X120.001 Y176.007 E16.31396
G1 X119.998 Y174.515 E16.36359
G1 X118.84 Y173.388 E16.41733
G1 X118.51 Y172.662 E16.44385
G1 X118.335 Y173.118 E16.4601
G1 X117.552 Y174.012 E16.49963
G1 X117.006 Y174.496 E16.52389
G1 X117 Y176.299 E16.58386
G1 X116.819 Y177.036 E16.6091
G1 X116.409 Y177.829 E16.6388
G1 X115.822 Y178.374 E16.66544
G1 X115.029 Y178.847 E16.69615
G1 X114.198 Y178.985 E16.72417
G1 X109.704 Y179 E16.87364
G1 X108.965 Y178.819 E16.89894
G1 X108.171 Y178.409 E16.92866
G1 X107.633 Y177.828 E16.955
G1 X107.153 Y177.025 E16.98612
G1 X107.001 Y176.007 E17.02035
G1 X106.998 Y174.515 E17.06998
G1 X105.84 Y173.388 E17.12372
G1 X105.212 Y172.003 E17.1743
G1 X105.001 Y171.034 E17.20728
G1 X105.004 Y168.604 E17.28811
G1 X105.602 Y167.039 E17.34383
G1 X105.82 Y166.676 E17.35791
G1 X106.64 Y165.801 E17.3978
G1 X107 Y165.504 E17.41332
G1 X106.999 Y158 E17.6629
G1 X103.202 Y158 E17.78919
G1 X102.464 Y157.819 E17.81447
G1 X101.671 Y157.409 E17.84416
G1 X101.126 Y156.822 E17.8708
G1 X100.653 Y156.029 E17.90151
G1 X100.515 Y155.198 E17.92953
G1 X100.5 Y124.702 E18.94383
G1 X100.681 Y123.964 E18.9691
G1 X101.091 Y123.171 E18.99879
G1 X101.678 Y122.626 E19.02544
G0 F6000 X101.917 Y122.95
G1 F1200 X102.611 Y122.536 E19.05231
G1 X103.368 Y122.41 E19.07784
G1 X133.748 Y122.4 E20.08828
G1 X134.397 Y122.559 E20.1105
G1 X135.084 Y122.914 E20.13622
G1 X135.55 Y123.417 E20.15903
G1 X135.964 Y124.111 E20.18591
G1 X136.09 Y124.868 E20.21143
G1 X136.1 Y155.248 E21.22188
G1 X135.941 Y155.897 E21.2441
G1 X135.586 Y156.584 E21.26982
G1 X135.083 Y157.05 E21.29263
G1 X134.389 Y157.464 E21.3195
G1 X133.632 Y157.59 E21.34503
G1 X129.601 Y157.6 E21.4791
G1 X129.607 Y165.542 E21.74325
G1 X129.666 Y165.731 E21.74984
G1 X129.893 Y165.932 E21.75992
G1 X130.814 Y166.821 E21.8025
G1 X131.413 Y168.153 E21.85107
G1 X131.599 Y169.009 E21.88021
G1 X131.596 Y171.319 E21.95704
G1 X130.987 Y172.908 E22.01364
G1 X130.251 Y173.748 E22.05078
G1 X129.636 Y174.29 E22.07805
G1 X129.6 Y174.502 E22.0852
G1 X129.6 Y176.248 E22.14327
G1 X129.441 Y176.897 E22.1655
G1 X129.086 Y177.584 E22.19122
G1 X128.583 Y178.05 E22.21402
G1 X127.889 Y178.464 E22.2409
G1 X127.132 Y178.59 E22.26642
G1 X122.753 Y178.6 E22.41207
G1 X122.104 Y178.441 E22.4343
G1 X121.417 Y178.086 E22.46002
G1 X120.954 Y177.586 E22.48268
G1 X120.537 Y176.888 E22.50972
G1 X120.401 Y176.006 E22.53941
G1 X120.398 Y174.517 E22.58893
G1 X120.351 Y174.3 E22.59631
G1 X119.172 Y173.153 E22.65102
G1 X118.593 Y171.879 E22.69757
G1 X118.517 Y171.525 E22.70961
G1 X117.987 Y172.908 E22.75887
G1 X117.251 Y173.748 E22.79602
G1 X116.636 Y174.29 E22.82328
G1 X116.6 Y174.502 E22.83043
G1 X116.6 Y176.248 E22.88851
G1 X116.441 Y176.897 E22.91073
G1 X116.086 Y177.584 E22.93645
G1 X115.583 Y178.05 E22.95926
G1 X114.889 Y178.464 E22.98613
G1 X114.132 Y178.59 E23.01166
G1 X109.753 Y178.6 E23.15731
G1 X109.104 Y178.441 E23.17953
G1 X108.417 Y178.086 E23.20525
G1 X107.954 Y177.586 E23.22791
G1 X107.537 Y176.888 E23.25496
G1 X107.401 Y176.006 E23.28464
G1 X107.398 Y174.517 E23.33416
G1 X107.351 Y174.3 E23.34155
G1 X106.172 Y173.153 E23.39626
G1 X105.594 Y171.879 E23.44279
G1 X105.401 Y170.991 E23.47301
G1 X105.404 Y168.679 E23.54991
G1 X105.976 Y167.182 E23.60321
G1 X106.139 Y166.921 E23.61345
G1 X106.932 Y166.075 E23.65201
G1 X107.317 Y165.762 E23.66852
G1 X107.389 Y165.609 E23.67414
G1 X107.4 Y165.339 E23.68313
G1 X107.399 Y157.6 E23.94053
G1 X103.252 Y157.6 E24.07846
G1 X102.603 Y157.441 E24.10068
G1 X101.916 Y157.086 E24.1264
G1 X101.45 Y156.583 E24.14921
G1 X101.036 Y155.889 E24.17609
G1 X100.91 Y155.132 E24.20161
G1 X100.9 Y124.752 E25.21205
G1 X101.059 Y124.103 E25.23428
G1 X101.414 Y123.416 E25.26
G1 X101.917 Y122.95 E25.2828
G1 F2400 E24.7828
G0 F6000 X102.847 Y155.653
G0 X117.8 Y158.8
G1 F2400 E25.2828
G1 F1200 X117.8 Y165.002 E25.48908
G1 X118.027 Y165.215 E25.49944
G1 X118.505 Y165.848 E25.52582
G1 X119.194 Y165.124 E25.55906
G1 X119.2 Y158.8 E25.7694
G1 X117.8 Y158.8 E25.81596
G0 F6000 X117.4 Y158.4
G1 F1200 X117.4 Y165.179 E26.04143
G1 X117.708 Y165.456 E26.05521
G1 X118.472 Y166.467 E26.09736
G1 X119.447 Y165.434 E26.1446
G1 X119.594 Y165.315 E26.15089
G1 X119.6 Y158.4 E26.38089
G1 X117.4 Y158.4 E26.45406
G0 F6000 X117 Y158
G1 F1200 X117 Y165.357 E26.69875
G1 X117.413 Y165.729 E26.71724
G1 X118.245 Y166.83 E26.76314
G1 X118.485 Y167.345 E26.78204
G1 X118.685 Y166.824 E26.8006
G1 X119.699 Y165.745 E26.84985
G1 X119.994 Y165.506 E26.86247
G1 X120 Y158 E27.11213
G1 X117 Y158 E27.21191
G0 F6000 X116.6 Y157.6
G1 F1200 X116.6 Y165.343 E27.46944
G1 X116.645 Y165.577 E27.47736
G1 X117.118 Y166.002 E27.49851
G1 X117.899 Y167.035 E27.54159
G1 X118.38 Y168.067 E27.57946
G1 X118.478 Y168.485 E27.59374
G1 X119.031 Y167.039 E27.64523
G1 X119.951 Y166.056 E27.69001
G1 X120.33 Y165.749 E27.70623
G1 X120.394 Y165.621 E27.71099
G1 X120.4 Y157.6 E27.97777
G1 X116.6 Y157.6 E28.10416
G0 F6000 X116.2 Y157.2
G1 F1200 X116.2 Y165.371 E28.37593
G1 X116.241 Y165.663 E28.38573
G1 X116.32 Y165.823 E28.39167
G1 X116.823 Y166.275 E28.41416
G1 X117.553 Y167.24 E28.45441
G1 X118.001 Y168.202 E28.4897
G1 X118.199 Y169.043 E28.51844
G1 X118.196 Y171.246 E28.59171
G1 X117.64 Y172.696 E28.64336
G1 X116.95 Y173.484 E28.6782
G1 X116.309 Y174.045 E28.70653
G1 X116.248 Y174.174 E28.71128
G1 X116.2 Y174.469 E28.72122
G1 X116.2 Y176.198 E28.77872
G1 X116.063 Y176.758 E28.7979
G1 X115.763 Y177.338 E28.81962
G1 X115.344 Y177.726 E28.83861
G1 X114.749 Y178.081 E28.86165
G1 X114.066 Y178.195 E28.88469
G1 X109.803 Y178.2 E29.02647
G1 X109.243 Y178.063 E29.04565
G1 X108.663 Y177.763 E29.06737
G1 X108.275 Y177.344 E29.08636
G1 X107.921 Y176.751 E29.10933
G1 X107.801 Y176.005 E29.13446
G1 X107.798 Y174.473 E29.18542
G1 X107.732 Y174.169 E29.19576
G1 X107.585 Y173.97 E29.20399
G1 X106.504 Y172.918 E29.25416
G1 X105.976 Y171.755 E29.29664
G1 X105.801 Y170.948 E29.32411
G1 X105.804 Y168.754 E29.39708
G1 X106.35 Y167.325 E29.44796
G1 X106.431 Y167.195 E29.45305
G1 X107.224 Y166.349 E29.49162
G1 X107.64 Y166.015 E29.50937
G1 X107.786 Y165.706 E29.52073
G1 X107.8 Y165.355 E29.53242
G1 X107.799 Y157.2 E29.80365
G1 X103.302 Y157.2 E29.95322
G1 X102.742 Y157.063 E29.9724
G1 X102.162 Y156.763 E29.99412
G1 X101.774 Y156.344 E30.01311
G1 X101.419 Y155.749 E30.03615
G1 X101.305 Y155.066 E30.05919
G1 X101.3 Y124.802 E31.06577
G1 X101.437 Y124.242 E31.08494
G1 X101.737 Y123.662 E31.10666
G1 X102.156 Y123.274 E31.12566
G1 X102.751 Y122.919 E31.1487
G1 X103.434 Y122.805 E31.17173
G1 X133.698 Y122.8 E32.17832
G1 X134.258 Y122.937 E32.19749
G1 X134.838 Y123.237 E32.21921
G1 X135.226 Y123.656 E32.2382
G1 X135.581 Y124.251 E32.26125
G1 X135.695 Y124.934 E32.28428
G1 X135.7 Y155.198 E33.29086
G1 X135.563 Y155.758 E33.31004
G1 X135.263 Y156.338 E33.33176
G1 X134.844 Y156.726 E33.35075
G1 X134.249 Y157.081 E33.3738
G1 X133.566 Y157.195 E33.39683
G1 X129.201 Y157.2 E33.54201
G1 X129.207 Y165.603 E33.82149
G1 X129.317 Y165.956 E33.83379
G1 X129.615 Y166.22 E33.84703
G1 X130.481 Y167.056 E33.88707
G1 X131.031 Y168.279 E33.93167
G1 X131.199 Y169.052 E33.95798
G1 X131.196 Y171.246 E34.03095
G1 X130.64 Y172.696 E34.0826
G1 X129.95 Y173.484 E34.11744
G1 X129.309 Y174.045 E34.14577
G1 X129.248 Y174.174 E34.15052
G1 X129.2 Y174.469 E34.16046
G1 X129.2 Y176.198 E34.21796
G1 X129.063 Y176.758 E34.23714
G1 X128.763 Y177.338 E34.25886
G1 X128.344 Y177.726 E34.27785
G1 X127.749 Y178.081 E34.3009
G1 X127.066 Y178.195 E34.32393
G1 X122.803 Y178.2 E34.46571
G1 X122.243 Y178.063 E34.48489
G1 X121.663 Y177.763 E34.50661
G1 X121.275 Y177.344 E34.5256
G1 X120.921 Y176.751 E34.54857
G1 X120.801 Y176.005 E34.5737
G1 X120.798 Y174.473 E34.62466
G1 X120.732 Y174.169 E34.635
G1 X120.585 Y173.97 E34.64323
G1 X119.504 Y172.918 E34.6934
G1 X118.976 Y171.755 E34.73588
G1 X118.801 Y170.948 E34.76335
G1 X118.804 Y168.754 E34.83632
G1 X119.378 Y167.254 E34.88974
G1 X120.203 Y166.367 E34.93003
G1 X120.649 Y166.006 E34.94911
G1 X120.773 Y165.757 E34.95837
G1 X120.794 Y165.431 E34.96923
G1 X120.8 Y157.2 E35.24299
G1 X116.2 Y157.2 E35.39599
G0 F6000 X115.8 Y156.8
G1 F1200 X115.8 Y165.398 E35.68196
G1 X115.854 Y165.783 E35.69489
G1 X115.995 Y166.069 E35.7055
G1 X116.528 Y166.548 E35.72933
G1 X117.209 Y167.449 E35.7669
G1 X117.622 Y168.333 E35.79935
G1 X117.799 Y169.087 E35.82511
G1 X117.796 Y171.171 E35.89442
G1 X117.292 Y172.486 E35.94126
G1 X116.649 Y173.22 E35.97372
G1 X115.982 Y173.799 E36.0031
G1 X115.862 Y174.053 E36.01244
G1 X115.8 Y174.436 E36.02534
G1 X115.8 Y176.148 E36.08228
G1 X115.685 Y176.619 E36.09841
G1 X115.44 Y177.092 E36.11613
G1 X115.102 Y177.405 E36.13145
G1 X114.611 Y177.698 E36.15047
G1 X114 Y177.8 E36.17107
G1 X109.853 Y177.8 E36.309
G1 X109.382 Y177.685 E36.32513
G1 X108.909 Y177.44 E36.34284
G1 X108.596 Y177.102 E36.35816
G1 X108.303 Y176.612 E36.37715
G1 X108.201 Y176.004 E36.39766
G1 X108.198 Y174.429 E36.45004
G1 X108.105 Y173.999 E36.46468
G1 X107.889 Y173.709 E36.4767
G1 X106.838 Y172.685 E36.52551
G1 X106.358 Y171.629 E36.56409
G1 X106.201 Y170.905 E36.58873
G1 X106.204 Y168.829 E36.65778
G1 X106.724 Y167.468 E36.70624
G1 X107.475 Y166.661 E36.7429
G1 X107.94 Y166.287 E36.76275
G1 X108.101 Y166.035 E36.77269
G1 X108.184 Y165.775 E36.78177
G1 X108.2 Y165.371 E36.79522
G1 X108.199 Y156.8 E37.08029
G1 X103.352 Y156.8 E37.2415
G1 X102.881 Y156.685 E37.25763
G1 X102.408 Y156.44 E37.27535
G1 X102.095 Y156.102 E37.29067
G1 X101.802 Y155.611 E37.30969
G1 X101.7 Y155 E37.33029
G1 X101.7 Y124.852 E38.33302
G1 X101.815 Y124.381 E38.34914
G1 X102.06 Y123.908 E38.36686
G1 X102.398 Y123.595 E38.38218
G1 X102.889 Y123.302 E38.4012
G1 X103.5 Y123.2 E38.4218
G1 X133.648 Y123.2 E39.42453
G1 X134.119 Y123.315 E39.44065
G1 X134.592 Y123.56 E39.45837
G1 X134.905 Y123.898 E39.47369
G1 X135.198 Y124.389 E39.49271
G1 X135.3 Y125 E39.51331
G1 X135.3 Y155.148 E40.51604
G1 X135.185 Y155.619 E40.53217
G1 X134.94 Y156.092 E40.54988
G1 X134.602 Y156.405 E40.5652
G1 X134.111 Y156.698 E40.58422
G1 X133.5 Y156.8 E40.60482
G1 X128.801 Y156.8 E40.76111
G1 X128.807 Y165.644 E41.05527
G1 X128.873 Y165.967 E41.06623
G1 X128.996 Y166.207 E41.0752
G1 X129.337 Y166.508 E41.09033
G1 X130.148 Y167.291 E41.12782
G1 X130.649 Y168.405 E41.16845
G1 X130.799 Y169.095 E41.19194
G1 X130.796 Y171.171 E41.26098
G1 X130.292 Y172.486 E41.30782
G1 X129.649 Y173.22 E41.34028
G1 X128.982 Y173.799 E41.36966
G1 X128.862 Y174.053 E41.379
G1 X128.8 Y174.436 E41.3919
G1 X128.8 Y176.148 E41.44885
G1 X128.685 Y176.619 E41.46497
G1 X128.44 Y177.092 E41.48269
G1 X128.102 Y177.405 E41.49801
G1 X127.611 Y177.698 E41.51703
G1 X127 Y177.8 E41.53763
G1 X122.853 Y177.8 E41.67556
G1 X122.382 Y177.685 E41.69169
G1 X121.909 Y177.44 E41.7094
G1 X121.596 Y177.102 E41.72473
G1 X121.303 Y176.612 E41.74371
G1 X121.201 Y176.004 E41.76422
G1 X121.198 Y174.429 E41.8166
G1 X121.105 Y173.999 E41.83124
G1 X120.889 Y173.709 E41.84326
G1 X119.838 Y172.685 E41.89207
G1 X119.358 Y171.629 E41.93065
G1 X119.201 Y170.905 E41.95529
G1 X119.204 Y168.829 E42.02434
G1 X119.725 Y167.468 E42.07281
G1 X120.455 Y166.678 E42.10858
G1 X120.968 Y166.263 E42.13053
G1 X121.167 Y165.863 E42.14539
G1 X121.194 Y165.441 E42.15945
G1 X121.2 Y156.8 E42.44685
G1 X115.8 Y156.8 E42.62646
G0 F6000 X115.4 Y156.4
G1 F1200 X121.6 Y156.4 E42.83267
G1 X121.594 Y165.45 E43.13368
G1 X121.574 Y165.765 E43.14417
G1 X121.512 Y166.068 E43.15446
G1 X121.373 Y166.349 E43.16489
G1 X121.182 Y166.605 E43.17551
G1 X120.749 Y166.95 E43.19393
G1 X120.071 Y167.683 E43.22714
G1 X119.604 Y168.904 E43.27061
G1 X119.601 Y170.862 E43.33574
G1 X119.74 Y171.503 E43.35755
G1 X120.172 Y172.452 E43.39223
G1 X121.192 Y173.447 E43.43963
G1 X121.469 Y173.817 E43.455
G1 X121.55 Y174.091 E43.4645
G1 X121.598 Y174.4 E43.4749
G1 X121.601 Y176.003 E43.52822
G1 X121.686 Y176.473 E43.54411
G1 X121.917 Y176.86 E43.5591
G1 X122.155 Y177.117 E43.57075
G1 X122.521 Y177.307 E43.58446
G1 X122.903 Y177.4 E43.59754
G1 X127 Y177.4 E43.73381
G1 X127.473 Y177.315 E43.74979
G1 X127.86 Y177.084 E43.76478
G1 X128.117 Y176.846 E43.77643
G1 X128.307 Y176.48 E43.79015
G1 X128.4 Y176.098 E43.80322
G1 X128.4 Y174.403 E43.8596
G1 X128.476 Y173.933 E43.87543
G1 X128.619 Y173.63 E43.88658
G1 X128.786 Y173.44 E43.89499
G1 X129.348 Y172.956 E43.91966
G1 X129.944 Y172.276 E43.94973
G1 X130.396 Y171.096 E43.99176
G1 X130.399 Y169.138 E44.05689
G1 X130.267 Y168.531 E44.07755
G1 X129.815 Y167.526 E44.1142
G1 X129.059 Y166.796 E44.14915
G1 X128.795 Y166.562 E44.16088
G1 X128.629 Y166.368 E44.16938
G1 X128.492 Y166.099 E44.17942
G1 X128.407 Y165.685 E44.19347
G1 X128.401 Y156.4 E44.50229
G1 X133.5 Y156.4 E44.67189
G1 X133.973 Y156.315 E44.68787
G1 X134.36 Y156.084 E44.70286
G1 X134.617 Y155.846 E44.71451
G1 X134.807 Y155.48 E44.72823
G1 X134.9 Y155.098 E44.7413
G1 X134.9 Y125 E45.74237
G1 X134.815 Y124.527 E45.75835
G1 X134.584 Y124.14 E45.77334
G1 X134.346 Y123.883 E45.78499
G1 X133.98 Y123.693 E45.79871
G1 X133.598 Y123.6 E45.81179
G1 X103.5 Y123.6 E46.81285
G1 X103.027 Y123.685 E46.82883
G1 X102.64 Y123.916 E46.84382
G1 X102.383 Y124.154 E46.85547
G1 X102.193 Y124.52 E46.86919
G1 X102.1 Y124.902 E46.88227
G1 X102.1 Y155 E47.88333
G1 X102.185 Y155.473 E47.89931
G1 X102.416 Y155.86 E47.9143
G1 X102.654 Y156.117 E47.92595
G1 X103.02 Y156.307 E47.93967
G1 X103.402 Y156.4 E47.95275
G1 X108.599 Y156.4 E48.1256
G1 X108.6 Y165.388 E48.42454
G1 X108.589 Y165.652 E48.43333
G1 X108.56 Y165.913 E48.44206
G1 X108.466 Y166.206 E48.4523
G1 X108.24 Y166.56 E48.46627
G1 X107.768 Y166.934 E48.4863
G1 X107.07 Y167.684 E48.52037
G1 X106.604 Y168.904 E48.56381
G1 X106.601 Y170.862 E48.62893
G1 X106.74 Y171.503 E48.65075
G1 X107.172 Y172.452 E48.68543
G1 X108.192 Y173.447 E48.73282
G1 X108.469 Y173.817 E48.7482
G1 X108.55 Y174.091 E48.7577
G1 X108.598 Y174.4 E48.7681
G1 X108.601 Y176.003 E48.82142
G1 X108.686 Y176.473 E48.8373
G1 X108.917 Y176.86 E48.85229
G1 X109.155 Y177.117 E48.86394
G1 X109.521 Y177.307 E48.87766
G1 X109.903 Y177.4 E48.89073
G1 X114 Y177.4 E49.027
G1 X114.473 Y177.315 E49.04298
G1 X114.86 Y177.084 E49.05798
G1 X115.117 Y176.846 E49.06963
G1 X115.307 Y176.48 E49.08334
G1 X115.4 Y176.098 E49.09642
G1 X115.4 Y174.403 E49.15279
G1 X115.476 Y173.933 E49.16863
G1 X115.619 Y173.63 E49.17977
G1 X115.786 Y173.44 E49.18819
G1 X116.348 Y172.956 E49.21285
G1 X116.944 Y172.276 E49.24293
G1 X117.396 Y171.096 E49.28496
G1 X117.399 Y169.132 E49.35028
G1 X117.242 Y168.464 E49.3731
G1 X116.865 Y167.658 E49.4027
G1 X116.233 Y166.821 E49.43758
G1 X115.814 Y166.445 E49.45631
G1 X115.625 Y166.224 E49.46598
G1 X115.467 Y165.903 E49.47788
G1 X115.416 Y165.541 E49.49004
G1 X115.4 Y165.251 E49.4997
G1 X115.4 Y156.4 E49.79408
G0 F6000 X115 Y156
G1 F1200 X122 Y156 E50.0269
G1 X121.994 Y165.46 E50.34154
G1 X121.971 Y165.82 E50.35354
G1 X121.893 Y166.2 E50.36644
G1 X121.716 Y166.558 E50.37973
G1 X121.473 Y166.885 E50.39328
G1 X120.998 Y167.263 E50.41347
G1 X120.418 Y167.897 E50.44205
G1 X120.004 Y168.979 E50.48058
G1 X120.001 Y170.819 E50.54178
G1 X120.122 Y171.376 E50.56074
G1 X120.506 Y172.219 E50.59155
G1 X121.495 Y173.185 E50.63753
G1 X121.831 Y173.634 E50.65618
G1 X121.941 Y174.004 E50.66902
G1 X121.998 Y174.371 E50.68137
G1 X122.001 Y176.002 E50.73562
G1 X122.066 Y176.328 E50.74668
G1 X122.261 Y176.655 E50.75934
G1 X122.4 Y176.793 E50.76585
G1 X122.663 Y176.93 E50.77572
G1 X122.952 Y177 E50.78561
G1 X127 Y177 E50.92024
G1 X127.328 Y176.935 E50.93137
G1 X127.655 Y176.74 E50.94403
G1 X127.793 Y176.601 E50.95054
G1 X127.93 Y176.338 E50.96041
G1 X128 Y176.049 E50.9703
G1 X128 Y174.38 E51.02581
G1 X128.028 Y174.115 E51.03467
G1 X128.095 Y173.802 E51.04532
G1 X128.28 Y173.41 E51.05973
G1 X128.503 Y173.157 E51.07095
G1 X128.691 Y172.986 E51.0794
G1 X129.047 Y172.692 E51.09476
G1 X129.596 Y172.066 E51.12245
G1 X129.996 Y171.021 E51.15967
G1 X129.999 Y169.181 E51.22087
G1 X129.885 Y168.657 E51.2387
G1 X129.481 Y167.759 E51.27146
G1 X128.811 Y167.11 E51.30248
G1 X128.691 Y167.015 E51.30757
G1 X128.508 Y166.841 E51.31597
G1 X128.293 Y166.591 E51.32694
G1 X128.111 Y166.233 E51.34029
G1 X128.027 Y165.824 E51.35418
G1 X128.007 Y165.55 E51.36332
G1 X128.001 Y156 E51.68095
G1 X133.5 Y156 E51.86385
G1 X133.828 Y155.935 E51.87497
G1 X134.155 Y155.74 E51.88764
G1 X134.293 Y155.601 E51.89415
G1 X134.43 Y155.338 E51.90401
G1 X134.5 Y155.049 E51.9139
G1 X134.5 Y125 E52.91334
G1 X134.435 Y124.672 E52.92446
G1 X134.24 Y124.345 E52.93712
G1 X134.101 Y124.207 E52.94364
G1 X133.838 Y124.07 E52.9535
G1 X133.549 Y124 E52.96339
G1 X103.5 Y124 E53.96282
G1 X103.172 Y124.065 E53.97394
G1 X102.845 Y124.26 E53.98661
G1 X102.707 Y124.399 E53.99312
G1 X102.57 Y124.662 E54.00299
G1 X102.5 Y124.951 E54.01288
G1 X102.5 Y155 E55.01231
G1 X102.565 Y155.328 E55.02343
G1 X102.76 Y155.655 E55.03609
G1 X102.899 Y155.793 E55.04261
G1 X103.162 Y155.93 E55.05247
G1 X103.451 Y156 E55.06236
G1 X108.999 Y156 E55.24689
G1 X109 Y165.405 E55.5597
G1 X108.989 Y165.671 E55.56856
G1 X108.952 Y166 E55.57957
G1 X108.831 Y166.377 E55.59274
G1 X108.621 Y166.708 E55.60577
G1 X108.43 Y166.92 E55.61526
G1 X108.016 Y167.248 E55.63283
G1 X107.417 Y167.898 E55.66223
G1 X107.004 Y168.979 E55.70072
G1 X107.001 Y170.819 E55.76192
G1 X107.122 Y171.376 E55.78088
G1 X107.506 Y172.219 E55.81169
G1 X108.495 Y173.185 E55.85767
G1 X108.831 Y173.634 E55.87632
G1 X108.941 Y174.004 E55.88916
G1 X108.998 Y174.371 E55.90151
G1 X109.001 Y176.002 E55.95576
G1 X109.066 Y176.328 E55.96682
G1 X109.261 Y176.655 E55.97948
G1 X109.4 Y176.793 E55.98599
G1 X109.663 Y176.93 E55.99586
G1 X109.952 Y177 E56.00575
G1 X114 Y177 E56.14038
G1 X114.328 Y176.935 E56.15151
G1 X114.655 Y176.74 E56.16417
G1 X114.793 Y176.601 E56.17068
G1 X114.93 Y176.338 E56.18055
G1 X115 Y176.049 E56.19044
G1 X115 Y174.38 E56.24595
G1 X115.028 Y174.115 E56.25481
G1 X115.095 Y173.802 E56.26546
G1 X115.28 Y173.41 E56.27987
G1 X115.503 Y173.157 E56.29109
G1 X115.691 Y172.986 E56.29954
G1 X116.047 Y172.692 E56.3149
G1 X116.596 Y172.066 E56.34259
G1 X116.996 Y171.021 E56.37981
G1 X116.999 Y169.176 E56.44117
G1 X116.863 Y168.596 E56.46099
G1 X116.522 Y167.867 E56.48776
G1 X115.938 Y167.094 E56.51998
G1 X115.527 Y166.725 E56.53835
G1 X115.289 Y166.446 E56.55055
G1 X115.142 Y166.147 E56.56163
G1 X115.061 Y165.886 E56.57072
G1 X115.018 Y165.585 E56.58083
G1 X115 Y165.251 E56.59196
G1 X115 Y156 E56.89965
G0 F6000 X114.2 Y156
G1 F1200 X114.2 Y165.251 E57.20734
G1 X114.222 Y165.675 E57.22146
G1 X114.277 Y166.058 E57.23433
G1 X114.398 Y166.449 E57.24794
G1 X114.556 Y166.77 E57.25984
G1 X114.722 Y167.014 E57.26965
G1 X114.958 Y167.29 E57.28173
G1 X115.345 Y167.637 E57.29902
G1 X115.714 Y168.127 E57.31942
G1 X115.815 Y168.243 E57.32454
G1 X116.104 Y168.861 E57.34723
G1 X116.199 Y169.265 E57.36103
G1 X116.196 Y170.871 E57.41445
G1 X115.9 Y171.646 E57.44204
G1 X115.445 Y172.164 E57.46497
G1 X115.174 Y172.375 E57.4764
G1 X114.927 Y172.6 E57.48751
G1 X114.718 Y172.837 E57.49802
G1 X114.549 Y173.086 E57.50803
G1 X114.391 Y173.42 E57.52032
G1 X114.302 Y173.688 E57.52971
G1 X114.236 Y174 E57.54032
G1 X114.2 Y174.332 E57.55142
G1 X114.2 Y176 E57.6069
G1 X114.161 Y176.119 E57.61107
G1 X114 Y176.2 E57.61706
G1 X110.001 Y176.2 E57.75007
G1 X109.882 Y176.161 E57.75423
G1 X109.801 Y176 E57.76023
G1 X109.798 Y174.312 E57.81637
G1 X109.722 Y173.823 E57.83283
G1 X109.616 Y173.468 E57.84515
G1 X109.458 Y173.143 E57.85717
G1 X109.277 Y172.871 E57.86804
G1 X109.085 Y172.643 E57.87795
G1 X108.172 Y171.751 E57.92041
G1 X107.886 Y171.122 E57.94339
G1 X107.801 Y170.733 E57.95663
G1 X107.804 Y169.129 E58.00998
G1 X108.112 Y168.323 E58.03868
G1 X108.513 Y167.874 E58.0587
G1 X108.981 Y167.503 E58.07857
G1 X109.259 Y167.194 E58.09239
G1 X109.472 Y166.861 E58.10554
G1 X109.614 Y166.555 E58.11676
G1 X109.695 Y166.3 E58.12566
G1 X109.754 Y166.019 E58.13521
G1 X109.789 Y165.715 E58.14538
G1 X109.8 Y165.437 E58.15464
G1 X109.799 Y156 E58.46851
G1 X109.838 Y155.881 E58.47268
G1 X109.999 Y155.8 E58.47867
G1 X110.038 Y155.681 E58.48284
G1 X110.199 Y155.6 E58.48883
G1 X113.8 Y155.6 E58.6086
G1 X113.919 Y155.639 E58.61277
G1 X114 Y155.8 E58.61876
G1 X114.119 Y155.839 E58.62293
G1 X114.2 Y156 E58.62892
G1 F2400 E58.12892
G0 F6000 X122.8 Y156
G1 F2400 E58.62892
G1 F1200 X122.839 Y155.881 E58.63309
G1 X123 Y155.8 E58.63908
G1 X123.039 Y155.681 E58.64325
G1 X123.2 Y155.6 E58.64924
G1 X126.801 Y155.6 E58.76901
G1 X126.92 Y155.639 E58.77318
G1 X127.001 Y155.8 E58.77917
G1 X127.12 Y155.839 E58.78333
G1 X127.201 Y156 E58.78933
G1 X127.207 Y165.582 E59.10803
G1 X127.233 Y165.936 E59.11983
G1 X127.31 Y166.309 E59.1325
G1 X127.412 Y166.624 E59.14351
G1 X127.562 Y166.919 E59.15452
G1 X127.707 Y167.136 E59.1632
G1 X127.923 Y167.388 E59.17424
G1 X128.18 Y167.632 E59.18603
G1 X128.255 Y167.684 E59.18906
G1 X128.813 Y168.225 E59.21491
G1 X129.121 Y168.909 E59.23986
G1 X129.199 Y169.267 E59.25205
G1 X129.196 Y170.871 E59.3054
G1 X128.9 Y171.646 E59.33299
G1 X128.445 Y172.164 E59.35592
G1 X128.174 Y172.375 E59.36735
G1 X127.927 Y172.6 E59.37846
G1 X127.718 Y172.837 E59.38897
G1 X127.549 Y173.086 E59.39898
G1 X127.391 Y173.42 E59.41127
G1 X127.302 Y173.688 E59.42066
G1 X127.236 Y174 E59.43127
G1 X127.2 Y174.332 E59.44237
G1 X127.2 Y176 E59.49785
G1 X127.161 Y176.119 E59.50202
G1 X127 Y176.2 E59.50801
G1 X123.001 Y176.2 E59.64102
G1 X122.882 Y176.161 E59.64518
G1 X122.801 Y176 E59.65118
G1 X122.798 Y174.312 E59.70732
G1 X122.722 Y173.823 E59.72378
G1 X122.616 Y173.468 E59.7361
G1 X122.458 Y173.143 E59.74812
G1 X122.277 Y172.871 E59.75899
G1 X122.085 Y172.643 E59.7689
G1 X121.172 Y171.751 E59.81136
G1 X120.886 Y171.122 E59.83434
G1 X120.801 Y170.733 E59.84758
G1 X120.804 Y169.129 E59.90093
G1 X121.112 Y168.323 E59.92963
G1 X121.538 Y167.849 E59.95083
G1 X121.918 Y167.554 E59.96683
G1 X122.165 Y167.294 E59.97875
G1 X122.402 Y166.974 E59.992
G1 X122.585 Y166.605 E60.0057
G1 X122.691 Y166.29 E60.01675
G1 X122.765 Y165.934 E60.02885
G1 X122.794 Y165.478 E60.04404
G1 X122.8 Y156 E60.35928
G1 F2400 E59.85928
G0 F6000 X133.5 Y155.665
G0 X133.5 Y155.2
G1 F2400 E60.35928
G1 F1200 X103.5 Y155.2 E61.35709
G1 X103.381 Y155.161 E61.36125
G1 X103.3 Y155 E61.36725
G1 X103.3 Y125 E62.36505
G1 X103.339 Y124.881 E62.36921
G1 X103.5 Y124.8 E62.37521
G1 X133.5 Y124.8 E63.37301
G1 X133.619 Y124.839 E63.37718
G1 X133.7 Y125 E63.38317
G1 X133.7 Y155 E64.38098
G1 X133.661 Y155.119 E64.38514
G1 X133.5 Y155.2 E64.39114
G0 F6000 X133.68 Y155.557
G1 F1200 X133.95 Y155.396 E64.40159
G1 X134.041 Y155.244 E64.40748
G1 X134.1 Y155 E64.41583
G1 X134.1 Y125 E65.41364
G1 X134.057 Y124.82 E65.41979
G1 X133.896 Y124.55 E65.43025
G1 X133.744 Y124.459 E65.43614
G1 X133.5 Y124.4 E65.44449
G1 X103.5 Y124.4 E66.44229
G1 X103.32 Y124.443 E66.44845
G1 X103.05 Y124.604 E66.45891
G1 X102.959 Y124.756 E66.4648
G1 X102.9 Y125 E66.47315
G1 X102.9 Y155 E67.47095
G1 X102.943 Y155.18 E67.47711
G1 X103.104 Y155.45 E67.48756
G1 X103.256 Y155.541 E67.49345
G1 X103.5 Y155.6 E67.5018
G1 X109.554 Y155.6 E67.70316
G1 X109.458 Y155.756 E67.70925
G1 X109.399 Y156 E67.7176
G1 X109.4 Y165.421 E68.03095
G1 X109.389 Y165.693 E68.04
G1 X109.344 Y166.086 E68.05316
G1 X109.241 Y166.408 E68.0644
G1 X109.121 Y166.666 E68.07386
G1 X108.939 Y166.952 E68.08514
G1 X108.705 Y167.212 E68.09677
G1 X108.265 Y167.561 E68.11545
G1 X107.764 Y168.112 E68.14022
G1 X107.404 Y169.054 E68.17376
G1 X107.401 Y170.776 E68.23104
G1 X107.504 Y171.249 E68.24714
G1 X107.839 Y171.985 E68.27403
G1 X108.791 Y172.915 E68.3183
G1 X108.956 Y173.112 E68.32685
G1 X109.11 Y173.342 E68.33605
G1 X109.244 Y173.617 E68.34623
G1 X109.331 Y173.911 E68.35642
G1 X109.398 Y174.341 E68.3709
G1 X109.401 Y176.001 E68.42611
G1 X109.444 Y176.18 E68.43223
G1 X109.605 Y176.45 E68.44269
G1 X109.757 Y176.541 E68.44858
G1 X110.001 Y176.6 E68.45693
G1 X114 Y176.6 E68.58994
G1 X114.18 Y176.557 E68.59609
G1 X114.45 Y176.396 E68.60655
G1 X114.541 Y176.244 E68.61244
G1 X114.6 Y176 E68.62079
G1 X114.6 Y174.357 E68.67544
G1 X114.632 Y174.057 E68.68547
G1 X114.713 Y173.674 E68.69849
G1 X114.945 Y173.185 E68.71649
G1 X115.215 Y172.879 E68.73007
G1 X115.427 Y172.685 E68.73962
G1 X115.746 Y172.428 E68.75325
G1 X116.248 Y171.856 E68.77856
G1 X116.596 Y170.946 E68.81097
G1 X116.599 Y169.22 E68.86837
G1 X116.484 Y168.73 E68.88511
G1 X116.177 Y168.074 E68.9092
G1 X115.643 Y167.367 E68.93867
G1 X115.244 Y167.009 E68.9565
G1 X114.95 Y166.664 E68.97158
G1 X114.77 Y166.298 E68.98514
G1 X114.669 Y165.972 E68.9965
G1 X114.62 Y165.63 E69.00799
G1 X114.6 Y165.251 E69.02061
G1 X114.6 Y156 E69.3283
G1 X114.557 Y155.82 E69.33445
G1 X114.434 Y155.6 E69.34284
G1 X122.555 Y155.6 E69.61294
G1 X122.459 Y155.756 E69.61904
G1 X122.4 Y156 E69.62738
G1 X122.394 Y165.469 E69.94232
G1 X122.368 Y165.877 E69.95592
G1 X122.304 Y166.186 E69.96642
G1 X122.214 Y166.453 E69.97579
G1 X122.059 Y166.766 E69.98741
G1 X121.859 Y167.036 E69.99858
G1 X121.65 Y167.256 E70.00867
G1 X121.293 Y167.533 E70.0237
G1 X120.765 Y168.11 E70.04972
G1 X120.404 Y169.054 E70.08333
G1 X120.401 Y170.776 E70.14061
G1 X120.504 Y171.249 E70.15671
G1 X120.839 Y171.985 E70.1836
G1 X121.791 Y172.915 E70.22787
G1 X121.956 Y173.112 E70.23641
G1 X122.11 Y173.342 E70.24562
G1 X122.244 Y173.617 E70.2558
G1 X122.331 Y173.911 E70.26599
G1 X122.398 Y174.341 E70.28047
G1 X122.401 Y176.001 E70.33568
G1 X122.444 Y176.18 E70.3418
G1 X122.605 Y176.45 E70.35226
G1 X122.757 Y176.541 E70.35815
G1 X123.001 Y176.6 E70.3665
G1 X127 Y176.6 E70.49951
G1 X127.18 Y176.557 E70.50566
G1 X127.45 Y176.396 E70.51612
G1 X127.541 Y176.244 E70.52201
G1 X127.6 Y176 E70.53036
G1 X127.6 Y174.357 E70.58501
G1 X127.632 Y174.057 E70.59504
G1 X127.713 Y173.674 E70.60806
G1 X127.945 Y173.185 E70.62606
G1 X128.215 Y172.879 E70.63964
G1 X128.427 Y172.685 E70.64919
G1 X128.746 Y172.428 E70.66282
G1 X129.248 Y171.856 E70.68813
G1 X129.596 Y170.946 E70.72054
G1 X129.599 Y169.224 E70.77781
G1 X129.503 Y168.783 E70.79282
G1 X129.147 Y167.992 E70.82167
G1 X128.533 Y167.397 E70.85011
G1 X128.43 Y167.318 E70.85443
G1 X128.216 Y167.115 E70.86424
G1 X127.957 Y166.814 E70.87744
G1 X127.783 Y166.471 E70.89024
G1 X127.697 Y166.206 E70.8995
G1 X127.63 Y165.879 E70.9106
G1 X127.607 Y165.566 E70.92104
G1 X127.601 Y156 E71.23921
G1 X127.558 Y155.82 E71.24536
G1 X127.435 Y155.6 E71.25375
G1 X133.5 Y155.6 E71.45547
G1 X133.68 Y155.557 E71.46163
G1 F2400 E70.96163
G0 F6000 X133.68 Y155.665
G0 X110.399 Y156
G1 F2400 E71.46163
G1 F1200 X113.6 Y156 E71.56809
G1 X113.639 Y156.119 E71.57226
G1 X113.8 Y156.2 E71.57825
G1 X113.8 Y165.261 E71.87962
G1 X113.822 Y165.703 E71.89434
G1 X113.824 Y165.722 E71.89498
G1 X113.883 Y166.13 E71.90869
G1 X113.89 Y166.16 E71.90971
G1 X114.02 Y166.58 E71.92433
G1 X114.032 Y166.609 E71.92538
G1 X114.207 Y166.964 E71.93854
G1 X114.22 Y166.988 E71.93945
G1 X114.395 Y167.246 E71.94982
G1 X114.409 Y167.264 E71.95058
G1 X114.665 Y167.562 E71.96364
G1 X114.683 Y167.581 E71.96451
G1 X115.066 Y167.925 E71.98164
G1 X115.406 Y168.382 E72.00058
G1 X115.427 Y168.407 E72.00167
G1 X115.468 Y168.447 E72.00357
G1 X115.721 Y168.979 E72.02317
G1 X115.799 Y169.29 E72.03383
G1 X115.796 Y170.797 E72.08395
G1 X115.552 Y171.437 E72.10674
G1 X115.185 Y171.859 E72.12534
G1 X114.921 Y172.064 E72.13645
G1 X114.909 Y172.074 E72.13697
G1 X114.652 Y172.308 E72.14853
G1 X114.637 Y172.324 E72.14926
G1 X114.407 Y172.585 E72.16083
G1 X114.391 Y172.605 E72.16169
G1 X114.208 Y172.875 E72.17253
G1 X114.193 Y172.901 E72.17353
G1 X114.024 Y173.258 E72.18667
G1 X114.015 Y173.281 E72.18749
G1 X113.918 Y173.573 E72.19772
G1 X113.912 Y173.595 E72.19848
G1 X113.842 Y173.927 E72.20977
G1 X113.839 Y173.946 E72.21041
G1 X113.801 Y174.297 E72.22215
G1 X113.8 Y174.319 E72.22288
G1 X113.8 Y175.8 E72.27214
G1 X110.201 Y175.8 E72.39184
G1 X110.198 Y174.294 E72.44193
G1 X110.196 Y174.263 E72.44297
G1 X110.116 Y173.749 E72.46027
G1 X110.11 Y173.723 E72.46116
G1 X109.996 Y173.34 E72.47445
G1 X109.984 Y173.31 E72.47552
G1 X109.813 Y172.958 E72.48854
G1 X109.799 Y172.934 E72.48946
G1 X109.601 Y172.637 E72.50133
G1 X109.588 Y172.619 E72.50207
G1 X109.386 Y172.379 E72.51251
G1 X109.376 Y172.368 E72.513
G1 X109.19 Y172.178 E72.52184
G1 X109.181 Y172.169 E72.52227
G1 X109.005 Y172.011 E72.53013
G1 X108.507 Y171.521 E72.55337
G1 X108.258 Y170.974 E72.57336
G1 X108.201 Y170.713 E72.58225
G1 X108.204 Y169.203 E72.63247
G1 X108.46 Y168.533 E72.65632
G1 X108.8 Y168.152 E72.67331
G1 X109.245 Y167.803 E72.69212
G1 X109.271 Y167.78 E72.69327
G1 X109.569 Y167.449 E72.70809
G1 X109.589 Y167.423 E72.70918
G1 X109.817 Y167.066 E72.72327
G1 X109.83 Y167.042 E72.72417
G1 X109.983 Y166.711 E72.7363
G1 X109.992 Y166.688 E72.73712
G1 X110.079 Y166.415 E72.74665
G1 X110.084 Y166.395 E72.74734
G1 X110.148 Y166.091 E72.75767
G1 X110.151 Y166.073 E72.75828
G1 X110.187 Y165.761 E72.76873
G1 X110.188 Y165.746 E72.76923
G1 X110.2 Y165.453 E72.77898
G1 X110.2 Y165.445 E72.77924
G1 X110.199 Y156.2 E73.08673
G1 X110.318 Y156.161 E73.0909
G1 X110.399 Y156 E73.09689
G0 F6000 X110.636 Y156.4
G1 F1200 X113.352 Y156.4 E73.18723
G1 X113.4 Y156.437 E73.18924
G1 X113.4 Y165.251 E73.4824
G1 X113.401 Y165.281 E73.4834
G1 X113.423 Y165.723 E73.49812
G1 X113.428 Y165.779 E73.49999
G1 X113.487 Y166.187 E73.5137
G1 X113.508 Y166.278 E73.5168
G1 X113.638 Y166.698 E73.53143
G1 X113.673 Y166.786 E73.53458
G1 X113.848 Y167.141 E73.54774
G1 X113.889 Y167.213 E73.5505
G1 X114.064 Y167.471 E73.56087
G1 X114.106 Y167.525 E73.56314
G1 X114.362 Y167.823 E73.57621
G1 X114.416 Y167.878 E73.57877
G1 X114.766 Y168.193 E73.59443
G1 X115.085 Y168.621 E73.61219
G1 X115.138 Y168.682 E73.61488
G1 X115.342 Y169.113 E73.63074
G1 X115.399 Y169.339 E73.63849
G1 X115.396 Y170.722 E73.68449
G1 X115.203 Y171.228 E73.7025
G1 X114.906 Y171.569 E73.71754
G1 X114.676 Y171.748 E73.72723
G1 X114.64 Y171.778 E73.72879
G1 X114.383 Y172.012 E73.74035
G1 X114.337 Y172.059 E73.74254
G1 X114.107 Y172.32 E73.75411
G1 X114.06 Y172.38 E73.75664
G1 X113.877 Y172.65 E73.76749
G1 X113.832 Y172.73 E73.77055
G1 X113.663 Y173.087 E73.78368
G1 X113.636 Y173.155 E73.78612
G1 X113.539 Y173.447 E73.79635
G1 X113.521 Y173.512 E73.79859
G1 X113.451 Y173.844 E73.80988
G1 X113.441 Y173.903 E73.81187
G1 X113.403 Y174.254 E73.82361
G1 X113.4 Y174.319 E73.82578
G1 X113.4 Y175.4 E73.86173
G1 X110.6 Y175.4 E73.95486
G1 X110.598 Y174.293 E73.99168
G1 X110.591 Y174.202 E73.99471
G1 X110.511 Y173.688 E74.01201
G1 X110.493 Y173.609 E74.01471
G1 X110.379 Y173.226 E74.028
G1 X110.344 Y173.135 E74.03124
G1 X110.173 Y172.783 E74.04426
G1 X110.132 Y172.712 E74.04699
G1 X109.934 Y172.415 E74.05886
G1 X109.894 Y172.362 E74.06107
G1 X109.692 Y172.122 E74.0715
G1 X109.662 Y172.088 E74.07301
G1 X109.476 Y171.898 E74.08185
G1 X109.448 Y171.872 E74.08312
G1 X109.28 Y171.721 E74.09064
G1 X108.839 Y171.287 E74.11121
G1 X108.641 Y170.849 E74.1272
G1 X108.601 Y170.67 E74.1333
G1 X108.604 Y169.276 E74.17967
G1 X108.806 Y168.748 E74.19847
G1 X109.078 Y168.443 E74.21206
G1 X109.492 Y168.118 E74.22957
G1 X109.568 Y168.047 E74.23303
G1 X109.866 Y167.716 E74.24784
G1 X109.926 Y167.638 E74.25111
G1 X110.154 Y167.281 E74.2652
G1 X110.193 Y167.21 E74.2679
G1 X110.346 Y166.879 E74.28002
G1 X110.373 Y166.809 E74.28252
G1 X110.46 Y166.536 E74.29205
G1 X110.475 Y166.478 E74.29404
G1 X110.539 Y166.174 E74.30438
G1 X110.548 Y166.119 E74.30623
G1 X110.584 Y165.807 E74.31668
G1 X110.587 Y165.763 E74.31814
G1 X110.599 Y165.47 E74.3279
G1 X110.6 Y165.445 E74.32873
G1 X110.599 Y156.448 E74.62797
G1 X110.636 Y156.4 E74.62998
G0 F6000 X110.999 Y156.8
G1 F1200 X113 Y156.8 E74.69654
G1 X113 Y165.251 E74.97762
G1 X113.001 Y165.301 E74.97928
G1 X113.023 Y165.743 E74.994
G1 X113.032 Y165.836 E74.99711
G1 X113.091 Y166.244 E75.01082
G1 X113.126 Y166.397 E75.01604
G1 X113.256 Y166.817 E75.03066
G1 X113.314 Y166.963 E75.03589
G1 X113.489 Y167.318 E75.04905
G1 X113.558 Y167.437 E75.05363
G1 X113.733 Y167.695 E75.064
G1 X113.802 Y167.786 E75.0678
G1 X114.058 Y168.084 E75.08086
G1 X114.149 Y168.176 E75.08517
G1 X114.469 Y168.463 E75.09946
G1 X114.764 Y168.86 E75.11591
G1 X114.798 Y168.899 E75.11764
G1 X114.964 Y169.248 E75.13049
G1 X114.999 Y169.387 E75.13526
G1 X114.996 Y170.649 E75.17723
G1 X114.855 Y171.018 E75.19037
G1 X114.632 Y171.275 E75.20169
G1 X114.43 Y171.432 E75.2102
G1 X114.371 Y171.483 E75.21279
G1 X114.114 Y171.717 E75.22435
G1 X114.037 Y171.795 E75.228
G1 X113.807 Y172.056 E75.23957
G1 X113.729 Y172.156 E75.24378
G1 X113.546 Y172.426 E75.25463
G1 X113.47 Y172.559 E75.25973
G1 X113.301 Y172.916 E75.27286
G1 X113.256 Y173.029 E75.27691
G1 X113.159 Y173.321 E75.28714
G1 X113.13 Y173.43 E75.2909
G1 X113.06 Y173.762 E75.30218
G1 X113.044 Y173.86 E75.30548
G1 X113.006 Y174.211 E75.31723
G1 X113 Y174.319 E75.32082
G1 X113 Y175 E75.34347
G1 X110.999 Y175 E75.41003
G1 X110.998 Y174.292 E75.43358
G1 X110.986 Y174.14 E75.43865
G1 X110.906 Y173.626 E75.45595
G1 X110.876 Y173.495 E75.46042
G1 X110.762 Y173.112 E75.47371
G1 X110.703 Y172.96 E75.47913
G1 X110.532 Y172.608 E75.49215
G1 X110.465 Y172.49 E75.49666
G1 X110.267 Y172.193 E75.50853
G1 X110.2 Y172.104 E75.51224
G1 X109.998 Y171.864 E75.52267
G1 X109.948 Y171.808 E75.52517
G1 X109.762 Y171.618 E75.53401
G1 X109.715 Y171.574 E75.53615
G1 X109.556 Y171.431 E75.54327
G1 X109.174 Y171.055 E75.56109
G1 X109.022 Y170.721 E75.5733
G1 X109.001 Y170.625 E75.57657
G1 X109.004 Y169.351 E75.61894
G1 X109.154 Y168.957 E75.63296
G1 X109.349 Y168.739 E75.64269
G1 X109.739 Y168.433 E75.65918
G1 X109.865 Y168.315 E75.66492
G1 X110.163 Y167.984 E75.67973
G1 X110.263 Y167.853 E75.68522
G1 X110.491 Y167.496 E75.6993
G1 X110.556 Y167.378 E75.70378
G1 X110.709 Y167.047 E75.71591
G1 X110.754 Y166.931 E75.72005
G1 X110.841 Y166.658 E75.72958
G1 X110.867 Y166.56 E75.73295
G1 X110.931 Y166.256 E75.74329
G1 X110.945 Y166.165 E75.74635
G1 X110.981 Y165.853 E75.75679
G1 X110.987 Y165.779 E75.75926
G1 X110.999 Y165.486 E75.76902
G1 X111 Y165.445 E75.77038
G1 X110.999 Y156.8 E76.05792
G0 F6000 X111.399 Y157.2
G1 F1200 X112.6 Y157.2 E76.09786
G1 X112.6 Y165.251 E76.36564
G1 X112.602 Y165.321 E76.36797
G1 X112.624 Y165.763 E76.38269
G1 X112.636 Y165.893 E76.38703
G1 X112.695 Y166.301 E76.40074
G1 X112.744 Y166.515 E76.40804
G1 X112.874 Y166.935 E76.42266
G1 X112.955 Y167.14 E76.43
G1 X113.13 Y167.495 E76.44316
G1 X113.227 Y167.662 E76.44958
G1 X113.402 Y167.92 E76.45995
G1 X113.499 Y168.046 E76.46524
G1 X113.755 Y168.344 E76.47831
G1 X113.881 Y168.473 E76.48431
G1 X114.171 Y168.734 E76.49728
G1 X114.443 Y169.099 E76.51242
G1 X114.457 Y169.115 E76.51313
G1 X114.587 Y169.388 E76.52319
G1 X114.599 Y169.436 E76.52483
G1 X114.596 Y170.575 E76.56272
G1 X114.507 Y170.81 E76.57107
G1 X114.356 Y170.983 E76.57871
G1 X114.185 Y171.116 E76.58592
G1 X114.101 Y171.187 E76.58957
G1 X113.844 Y171.421 E76.60113
G1 X113.737 Y171.53 E76.60621
G1 X113.507 Y171.791 E76.61779
G1 X113.398 Y171.932 E76.62371
G1 X113.215 Y172.202 E76.63456
G1 X113.109 Y172.388 E76.64168
G1 X112.94 Y172.745 E76.65482
G1 X112.876 Y172.903 E76.66049
G1 X112.779 Y173.195 E76.67072
G1 X112.738 Y173.347 E76.67596
G1 X112.668 Y173.679 E76.68724
G1 X112.646 Y173.817 E76.69189
G1 X112.608 Y174.168 E76.70363
G1 X112.6 Y174.319 E76.70866
G1 X112.6 Y174.6 E76.71801
G1 X111.399 Y174.6 E76.75796
G1 X111.398 Y174.292 E76.7682
G1 X111.381 Y174.079 E76.77531
G1 X111.301 Y173.565 E76.79261
G1 X111.26 Y173.381 E76.79888
G1 X111.146 Y172.998 E76.81217
G1 X111.063 Y172.785 E76.81977
G1 X110.892 Y172.433 E76.83279
G1 X110.798 Y172.268 E76.8391
G1 X110.6 Y171.971 E76.85098
G1 X110.506 Y171.846 E76.85618
G1 X110.304 Y171.606 E76.86661
G1 X110.233 Y171.529 E76.8701
G1 X110.047 Y171.339 E76.87894
G1 X109.982 Y171.276 E76.88195
G1 X109.821 Y171.131 E76.88916
G1 X109.508 Y170.823 E76.90376
G1 X109.404 Y170.595 E76.9121
G1 X109.401 Y170.582 E76.91254
G1 X109.404 Y169.427 E76.95096
G1 X109.502 Y169.168 E76.96017
G1 X109.626 Y169.029 E76.96636
G1 X109.986 Y168.747 E76.98157
G1 X110.162 Y168.583 E76.98957
G1 X110.46 Y168.252 E77.00439
G1 X110.6 Y168.069 E77.01205
G1 X110.828 Y167.712 E77.02614
G1 X110.919 Y167.545 E77.03246
G1 X111.072 Y167.214 E77.04459
G1 X111.135 Y167.052 E77.05037
G1 X111.222 Y166.779 E77.0599
G1 X111.258 Y166.642 E77.06461
G1 X111.322 Y166.338 E77.07495
G1 X111.343 Y166.21 E77.07926
G1 X111.379 Y165.898 E77.08971
G1 X111.387 Y165.795 E77.09314
G1 X111.399 Y165.502 E77.1029
G1 X111.4 Y165.445 E77.10479
G1 X111.399 Y157.2 E77.37902
G0 F6000 X111.799 Y157.6
G1 F1200 X112.2 Y157.6 E77.39236
G1 X112.2 Y165.251 E77.64683
G1 X112.202 Y165.34 E77.64979
G1 X112.224 Y165.782 E77.66451
G1 X112.241 Y165.951 E77.67016
G1 X112.3 Y166.359 E77.68387
G1 X112.361 Y166.633 E77.69321
G1 X112.491 Y167.053 E77.70783
G1 X112.597 Y167.317 E77.7173
G1 X112.772 Y167.672 E77.73046
G1 X112.896 Y167.886 E77.73869
G1 X113.071 Y168.144 E77.74905
G1 X113.196 Y168.307 E77.75589
G1 X113.452 Y168.605 E77.76895
G1 X113.614 Y168.771 E77.77667
G1 X113.874 Y169.004 E77.78828
G1 X114.118 Y169.333 E77.8019
G1 X114.199 Y169.502 E77.80814
G1 X114.197 Y170.499 E77.8413
G1 X114.158 Y170.601 E77.84493
G1 X114.075 Y170.696 E77.84913
G1 X113.94 Y170.801 E77.85481
G1 X113.832 Y170.891 E77.85949
G1 X113.575 Y171.125 E77.87105
G1 X113.437 Y171.266 E77.87761
G1 X113.207 Y171.527 E77.88918
G1 X113.067 Y171.707 E77.89677
G1 X112.884 Y171.977 E77.90762
G1 X112.747 Y172.217 E77.91681
G1 X112.578 Y172.574 E77.92994
G1 X112.497 Y172.777 E77.93721
G1 X112.4 Y173.069 E77.94745
G1 X112.347 Y173.265 E77.9542
G1 X112.277 Y173.597 E77.96549
G1 X112.248 Y173.774 E77.97145
G1 X112.21 Y174.125 E77.98319
G1 X112.206 Y174.2 E77.98569
G1 X111.791 Y174.2 E77.99949
G1 X111.777 Y174.017 E78.0056
G1 X111.697 Y173.503 E78.0229
G1 X111.643 Y173.266 E78.03099
G1 X111.529 Y172.883 E78.04428
G1 X111.423 Y172.61 E78.05402
G1 X111.252 Y172.258 E78.06703
G1 X111.131 Y172.047 E78.07512
G1 X110.933 Y171.75 E78.08699
G1 X110.812 Y171.589 E78.09369
G1 X110.61 Y171.349 E78.10413
G1 X110.519 Y171.249 E78.10862
G1 X110.333 Y171.059 E78.11747
G1 X110.249 Y170.979 E78.12133
G1 X110.108 Y170.853 E78.12761
G1 X109.84 Y170.589 E78.14013
G1 X109.801 Y170.503 E78.14327
G1 X109.803 Y169.498 E78.17669
G1 X109.848 Y169.382 E78.18083
G1 X109.901 Y169.323 E78.18347
G1 X110.233 Y169.062 E78.19752
G1 X110.46 Y168.85 E78.20785
G1 X110.758 Y168.519 E78.22266
G1 X110.937 Y168.284 E78.23249
G1 X111.165 Y167.927 E78.24657
G1 X111.282 Y167.713 E78.25469
G1 X111.435 Y167.382 E78.26681
G1 X111.516 Y167.174 E78.27424
G1 X111.603 Y166.901 E78.28377
G1 X111.649 Y166.725 E78.28982
G1 X111.713 Y166.421 E78.30015
G1 X111.74 Y166.256 E78.30571
G1 X111.776 Y165.944 E78.31616
G1 X111.786 Y165.812 E78.32056
G1 X111.798 Y165.519 E78.33032
G1 X111.8 Y165.445 E78.33278
G1 X111.799 Y157.6 E78.5937
G1 F2400 E78.0937
G0 F6000 X112.02 Y166.885
G1 F2400 E78.5937
G1 F1200 X112.109 Y167.172 E78.6037
G1 X112.238 Y167.494 E78.61523
G1 X112.413 Y167.849 E78.6284
G1 X112.565 Y168.111 E78.63847
G1 X112.74 Y168.369 E78.64884
G1 X112.892 Y168.568 E78.65717
G1 X113.148 Y168.866 E78.67024
G1 X113.347 Y169.068 E78.67967
G1 X113.575 Y169.273 E78.68987
G1 X113.773 Y169.539 E78.7009
G1 X113.798 Y169.592 E78.70284
G1 X113.797 Y170.405 E78.72988
G1 X113.694 Y170.485 E78.73422
G1 X113.563 Y170.595 E78.73991
G1 X113.306 Y170.829 E78.75147
G1 X113.136 Y171.001 E78.75952
G1 X112.906 Y171.262 E78.77109
G1 X112.736 Y171.483 E78.78036
G1 X112.553 Y171.753 E78.79121
G1 X112.386 Y172.046 E78.80243
G1 X112.217 Y172.403 E78.81556
G1 X112.117 Y172.65 E78.82443
G1 X112.02 Y172.942 E78.83466
G1 X111.994 Y173.04 E78.83803
G1 X111.913 Y172.769 E78.84744
G1 X111.783 Y172.436 E78.85933
G1 X111.612 Y172.084 E78.87234
G1 X111.464 Y171.825 E78.88227
G1 X111.266 Y171.528 E78.89414
G1 X111.118 Y171.331 E78.90233
G1 X110.916 Y171.091 E78.91277
G1 X110.805 Y170.969 E78.91825
G1 X110.619 Y170.779 E78.9271
G1 X110.517 Y170.681 E78.9318
G1 X110.374 Y170.553 E78.93818
G1 X110.202 Y170.383 E78.94623
G1 X110.203 Y169.594 E78.97247
G1 X110.48 Y169.377 E78.98417
G1 X110.757 Y169.118 E78.99679
G1 X111.055 Y168.787 E79.0116
G1 X111.274 Y168.499 E79.02363
G1 X111.502 Y168.142 E79.03772
G1 X111.645 Y167.881 E79.04762
G1 X111.798 Y167.55 E79.05975
G1 X111.897 Y167.295 E79.06885
G1 X111.984 Y167.022 E79.07838
G1 X112.02 Y166.885 E79.08309
G0 F6000 X112.036 Y167.989
G1 F1200 X112.054 Y168.026 E79.08446
G1 X112.234 Y168.335 E79.09635
G1 X112.409 Y168.593 E79.10672
G1 X112.589 Y168.828 E79.11657
G1 X112.845 Y169.126 E79.12963
G1 X113.079 Y169.366 E79.14078
G1 X113.281 Y169.547 E79.1498
G1 X113.398 Y169.705 E79.15634
G1 X113.397 Y170.213 E79.17324
G1 X113.294 Y170.3 E79.17772
G1 X113.037 Y170.534 E79.18928
G1 X112.836 Y170.737 E79.19878
G1 X112.606 Y170.998 E79.21035
G1 X112.405 Y171.258 E79.22128
G1 X112.222 Y171.528 E79.23213
G1 X112.024 Y171.875 E79.24542
G1 X111.99 Y171.946 E79.24804
G1 X111.972 Y171.909 E79.24941
G1 X111.796 Y171.603 E79.26115
G1 X111.598 Y171.306 E79.27302
G1 X111.424 Y171.074 E79.28267
G1 X111.222 Y170.834 E79.2931
G1 X111.091 Y170.689 E79.2996
G1 X110.905 Y170.499 E79.30844
G1 X110.784 Y170.383 E79.31402
G1 X110.639 Y170.253 E79.3205
G1 X110.602 Y170.216 E79.32224
G1 X110.603 Y169.788 E79.33647
G1 X110.727 Y169.691 E79.34171
G1 X111.054 Y169.386 E79.35658
G1 X111.352 Y169.055 E79.37139
G1 X111.611 Y168.714 E79.38564
G1 X111.839 Y168.357 E79.39972
G1 X112.008 Y168.049 E79.41141
G1 X112.036 Y167.989 E79.41361
G0 F6000 X112.048 Y168.774
G1 F1200 X112.078 Y168.818 E79.41538
G1 X112.285 Y169.089 E79.42673
G1 X112.541 Y169.387 E79.43979
G1 X112.812 Y169.664 E79.45268
G1 X112.983 Y169.818 E79.46033
G1 X112.998 Y169.838 E79.46117
G1 X112.998 Y170.028 E79.46749
G1 X112.767 Y170.238 E79.47787
G1 X112.536 Y170.473 E79.48883
G1 X112.306 Y170.734 E79.5004
G1 X112.074 Y171.034 E79.51301
G1 X111.985 Y171.165 E79.51828
G1 X111.931 Y171.084 E79.52152
G1 X111.73 Y170.816 E79.53266
G1 X111.528 Y170.576 E79.54309
G1 X111.377 Y170.409 E79.55058
G1 X111.191 Y170.219 E79.55943
G1 X111.051 Y170.086 E79.56585
G1 X111.002 Y170.042 E79.56804
G1 X111.002 Y169.979 E79.57013
G1 X111.352 Y169.653 E79.58604
G1 X111.65 Y169.322 E79.60086
G1 X111.948 Y168.93 E79.61723
G1 X112.048 Y168.774 E79.6234
G0 F6000 X112.06 Y169.441
G1 F1200 X112.238 Y169.648 E79.63248
G1 X112.513 Y169.928 E79.64553
G1 X112.498 Y169.942 E79.64621
G1 X112.236 Y170.208 E79.65863
G1 X112.006 Y170.469 E79.6702
G1 X111.984 Y170.497 E79.67139
G1 X111.834 Y170.319 E79.67913
G1 X111.663 Y170.13 E79.68761
G1 X111.549 Y170.014 E79.69301
G1 X111.649 Y169.921 E79.69756
G1 X111.947 Y169.59 E79.71237
G1 X112.06 Y169.441 E79.71859
G1 F2400 E79.21859
G0 F6000 X121.204 Y169.203
G1 F2400 E79.71859
G1 F1200 X121.46 Y168.533 E79.74245
G1 X121.796 Y168.156 E79.75924
G1 X122.175 Y167.861 E79.77522
G1 X122.197 Y167.841 E79.77621
G1 X122.464 Y167.561 E79.78907
G1 X122.48 Y167.542 E79.7899
G1 X122.733 Y167.199 E79.80408
G1 X122.751 Y167.169 E79.80524
G1 X122.951 Y166.767 E79.82017
G1 X122.962 Y166.742 E79.82108
G1 X123.074 Y166.408 E79.8328
G1 X123.08 Y166.385 E79.83359
G1 X123.16 Y166.001 E79.84663
G1 X123.164 Y165.973 E79.84758
G1 X123.194 Y165.504 E79.86321
G1 X123.194 Y165.491 E79.86364
G1 X123.2 Y156.2 E80.17266
G1 X123.319 Y156.161 E80.17682
G1 X123.4 Y156 E80.18282
G1 X126.601 Y156 E80.28928
G1 X126.64 Y156.119 E80.29345
G1 X126.801 Y156.2 E80.29944
G1 X126.807 Y165.582 E80.61149
G1 X126.808 Y165.597 E80.61199
G1 X126.836 Y165.982 E80.62483
G1 X126.839 Y166.007 E80.62567
G1 X126.92 Y166.399 E80.63898
G1 X126.926 Y166.421 E80.63974
G1 X127.038 Y166.765 E80.65177
G1 X127.049 Y166.793 E80.65277
G1 X127.207 Y167.106 E80.66443
G1 X127.22 Y167.127 E80.66525
G1 X127.383 Y167.37 E80.67499
G1 X127.397 Y167.389 E80.67577
G1 X127.627 Y167.657 E80.68752
G1 X127.641 Y167.672 E80.6882
G1 X127.919 Y167.937 E80.70097
G1 X127.953 Y167.963 E80.7024
G1 X127.993 Y167.987 E80.70395
G1 X128.48 Y168.46 E80.72653
G1 X128.736 Y169.019 E80.74698
G1 X128.799 Y169.29 E80.75623
G1 X128.796 Y170.797 E80.80636
G1 X128.552 Y171.437 E80.82914
G1 X128.185 Y171.859 E80.84774
G1 X127.921 Y172.064 E80.85886
G1 X127.909 Y172.074 E80.85937
G1 X127.652 Y172.308 E80.87094
G1 X127.637 Y172.324 E80.87166
G1 X127.407 Y172.585 E80.88324
G1 X127.391 Y172.605 E80.88409
G1 X127.208 Y172.875 E80.89494
G1 X127.193 Y172.901 E80.89593
G1 X127.024 Y173.258 E80.90907
G1 X127.015 Y173.281 E80.90989
G1 X126.918 Y173.573 E80.92013
G1 X126.912 Y173.595 E80.92088
G1 X126.842 Y173.927 E80.93217
G1 X126.839 Y173.946 E80.93281
G1 X126.801 Y174.297 E80.94455
G1 X126.8 Y174.319 E80.94528
G1 X126.8 Y175.8 E80.99454
G1 X123.201 Y175.8 E81.11425
G1 X123.198 Y174.294 E81.16434
G1 X123.196 Y174.263 E81.16537
G1 X123.116 Y173.749 E81.18267
G1 X123.11 Y173.723 E81.18356
G1 X122.996 Y173.34 E81.19685
G1 X122.984 Y173.31 E81.19792
G1 X122.813 Y172.958 E81.21094
G1 X122.799 Y172.934 E81.21186
G1 X122.601 Y172.637 E81.22374
G1 X122.588 Y172.619 E81.22447
G1 X122.386 Y172.379 E81.23491
G1 X122.376 Y172.368 E81.2354
G1 X122.19 Y172.178 E81.24425
G1 X122.181 Y172.169 E81.24467
G1 X122.005 Y172.011 E81.25254
G1 X121.507 Y171.521 E81.27577
G1 X121.258 Y170.974 E81.29576
G1 X121.201 Y170.713 E81.30465
G1 X121.204 Y169.203 E81.35487
G0 F6000 X121.604 Y169.276
G1 F1200 X121.806 Y168.746 E81.37374
G1 X122.072 Y168.448 E81.38702
G1 X122.42 Y168.177 E81.40169
G1 X122.486 Y168.117 E81.40466
G1 X122.753 Y167.837 E81.41753
G1 X122.802 Y167.779 E81.42005
G1 X123.055 Y167.436 E81.43423
G1 X123.109 Y167.347 E81.43769
G1 X123.309 Y166.945 E81.45262
G1 X123.341 Y166.869 E81.45537
G1 X123.453 Y166.535 E81.46708
G1 X123.471 Y166.466 E81.46946
G1 X123.551 Y166.082 E81.4825
G1 X123.563 Y165.998 E81.48532
G1 X123.593 Y165.529 E81.50095
G1 X123.594 Y165.491 E81.50222
G1 X123.6 Y156.448 E81.80299
G1 X123.637 Y156.4 E81.80501
G1 X126.353 Y156.4 E81.89534
G1 X126.401 Y156.437 E81.89736
G1 X126.407 Y165.582 E82.20152
G1 X126.409 Y165.626 E82.20299
G1 X126.437 Y166.011 E82.21582
G1 X126.447 Y166.088 E82.21841
G1 X126.528 Y166.48 E82.23172
G1 X126.545 Y166.545 E82.23396
G1 X126.657 Y166.889 E82.24599
G1 X126.692 Y166.973 E82.24901
G1 X126.85 Y167.286 E82.26068
G1 X126.888 Y167.35 E82.26315
G1 X127.051 Y167.593 E82.27288
G1 X127.094 Y167.65 E82.27526
G1 X127.324 Y167.918 E82.287
G1 X127.365 Y167.961 E82.28898
G1 X127.643 Y168.226 E82.30175
G1 X127.744 Y168.304 E82.306
G1 X128.147 Y168.694 E82.32465
G1 X128.357 Y169.153 E82.34144
G1 X128.399 Y169.334 E82.34762
G1 X128.396 Y170.722 E82.39379
G1 X128.203 Y171.228 E82.4118
G1 X127.906 Y171.569 E82.42684
G1 X127.676 Y171.748 E82.43653
G1 X127.64 Y171.778 E82.43809
G1 X127.383 Y172.012 E82.44965
G1 X127.337 Y172.059 E82.45184
G1 X127.107 Y172.32 E82.46341
G1 X127.06 Y172.38 E82.46594
G1 X126.877 Y172.65 E82.47679
G1 X126.832 Y172.73 E82.47984
G1 X126.663 Y173.087 E82.49298
G1 X126.636 Y173.155 E82.49542
G1 X126.539 Y173.447 E82.50565
G1 X126.521 Y173.512 E82.50789
G1 X126.451 Y173.844 E82.51918
G1 X126.441 Y173.903 E82.52117
G1 X126.403 Y174.254 E82.53291
G1 X126.4 Y174.319 E82.53507
G1 X126.4 Y175.4 E82.57103
G1 X123.6 Y175.4 E82.66416
G1 X123.598 Y174.293 E82.70098
G1 X123.591 Y174.202 E82.70401
G1 X123.511 Y173.688 E82.72131
G1 X123.493 Y173.609 E82.72401
G1 X123.379 Y173.226 E82.7373
G1 X123.344 Y173.135 E82.74054
G1 X123.173 Y172.783 E82.75356
G1 X123.132 Y172.712 E82.75629
G1 X122.934 Y172.415 E82.76816
G1 X122.894 Y172.362 E82.77037
G1 X122.692 Y172.122 E82.7808
G1 X122.662 Y172.088 E82.78231
G1 X122.476 Y171.898 E82.79115
G1 X122.448 Y171.872 E82.79242
G1 X122.28 Y171.721 E82.79993
G1 X121.839 Y171.287 E82.82051
G1 X121.641 Y170.849 E82.8365
G1 X121.601 Y170.67 E82.8426
G1 X121.604 Y169.276 E82.88897
G0 F6000 X122.004 Y169.351
G1 F1200 X122.154 Y168.957 E82.90299
G1 X122.348 Y168.739 E82.91269
G1 X122.666 Y168.492 E82.92609
G1 X122.776 Y168.393 E82.93101
G1 X123.043 Y168.113 E82.94388
G1 X123.124 Y168.017 E82.94806
G1 X123.377 Y167.674 E82.96223
G1 X123.467 Y167.525 E82.96802
G1 X123.667 Y167.123 E82.98295
G1 X123.72 Y166.996 E82.98753
G1 X123.832 Y166.662 E82.99925
G1 X123.863 Y166.548 E83.00318
G1 X123.943 Y166.164 E83.01622
G1 X123.962 Y166.024 E83.02092
G1 X123.992 Y165.555 E83.03655
G1 X123.994 Y165.492 E83.03865
G1 X123.999 Y156.8 E83.32775
G1 X126.002 Y156.8 E83.39437
G1 X126.007 Y165.583 E83.68649
G1 X126.01 Y165.655 E83.68889
G1 X126.038 Y166.04 E83.70173
G1 X126.056 Y166.169 E83.70606
G1 X126.137 Y166.561 E83.71937
G1 X126.165 Y166.669 E83.72308
G1 X126.277 Y167.013 E83.73512
G1 X126.335 Y167.154 E83.74019
G1 X126.493 Y167.467 E83.75185
G1 X126.556 Y167.573 E83.75595
G1 X126.719 Y167.816 E83.76568
G1 X126.79 Y167.91 E83.7696
G1 X127.02 Y168.178 E83.78135
G1 X127.089 Y168.251 E83.78469
G1 X127.367 Y168.516 E83.79746
G1 X127.474 Y168.598 E83.80195
G1 X127.815 Y168.93 E83.81777
G1 X127.974 Y169.277 E83.83047
G1 X127.999 Y169.382 E83.83406
G1 X127.996 Y170.649 E83.8762
G1 X127.855 Y171.018 E83.88934
G1 X127.632 Y171.275 E83.90066
G1 X127.43 Y171.432 E83.90917
G1 X127.371 Y171.483 E83.91176
G1 X127.114 Y171.717 E83.92332
G1 X127.037 Y171.795 E83.92696
G1 X126.807 Y172.056 E83.93854
G1 X126.729 Y172.156 E83.94275
G1 X126.546 Y172.426 E83.9536
G1 X126.47 Y172.559 E83.9587
G1 X126.301 Y172.916 E83.97183
G1 X126.256 Y173.029 E83.97588
G1 X126.159 Y173.321 E83.98611
G1 X126.13 Y173.43 E83.98986
G1 X126.06 Y173.762 E84.00115
G1 X126.044 Y173.86 E84.00445
G1 X126.006 Y174.211 E84.0162
G1 X126 Y174.319 E84.01979
G1 X126 Y175 E84.04244
G1 X123.999 Y175 E84.109
G1 X123.998 Y174.292 E84.13254
G1 X123.986 Y174.14 E84.13762
G1 X123.906 Y173.626 E84.15492
G1 X123.876 Y173.495 E84.15939
G1 X123.762 Y173.112 E84.17268
G1 X123.703 Y172.96 E84.1781
G1 X123.532 Y172.608 E84.19112
G1 X123.465 Y172.49 E84.19563
G1 X123.267 Y172.193 E84.2075
G1 X123.2 Y172.104 E84.21121
G1 X122.998 Y171.864 E84.22164
G1 X122.948 Y171.808 E84.22414
G1 X122.762 Y171.618 E84.23298
G1 X122.715 Y171.574 E84.23512
G1 X122.556 Y171.431 E84.24224
G1 X122.174 Y171.055 E84.26006
G1 X122.022 Y170.721 E84.27227
G1 X122.001 Y170.625 E84.27554
G1 X122.004 Y169.351 E84.31791
G0 F6000 X122.404 Y169.427
G1 F1200 X122.503 Y169.166 E84.32719
G1 X122.621 Y169.034 E84.33308
G1 X122.911 Y168.808 E84.34531
G1 X123.065 Y168.669 E84.35221
G1 X123.332 Y168.389 E84.36508
G1 X123.446 Y168.254 E84.37096
G1 X123.699 Y167.911 E84.38513
G1 X123.825 Y167.704 E84.39319
G1 X124.025 Y167.302 E84.40813
G1 X124.099 Y167.123 E84.41457
G1 X124.211 Y166.789 E84.42629
G1 X124.255 Y166.63 E84.43177
G1 X124.335 Y166.246 E84.44482
G1 X124.361 Y166.049 E84.45143
G1 X124.391 Y165.58 E84.46706
G1 X124.394 Y165.492 E84.46999
G1 X124.399 Y157.2 E84.74578
G1 X125.602 Y157.2 E84.78579
G1 X125.607 Y165.583 E85.06461
G1 X125.611 Y165.684 E85.06797
G1 X125.639 Y166.069 E85.08081
G1 X125.664 Y166.25 E85.08689
G1 X125.745 Y166.642 E85.1002
G1 X125.785 Y166.792 E85.10537
G1 X125.897 Y167.136 E85.1174
G1 X125.978 Y167.334 E85.12452
G1 X126.136 Y167.647 E85.13618
G1 X126.223 Y167.796 E85.14192
G1 X126.386 Y168.039 E85.15165
G1 X126.487 Y168.171 E85.15718
G1 X126.717 Y168.439 E85.16892
G1 X126.813 Y168.54 E85.17356
G1 X127.091 Y168.805 E85.18633
G1 X127.192 Y168.883 E85.19058
G1 X127.483 Y169.165 E85.20405
G1 X127.595 Y169.409 E85.21298
G1 X127.599 Y169.425 E85.21353
G1 X127.596 Y170.575 E85.25178
G1 X127.507 Y170.81 E85.26014
G1 X127.356 Y170.983 E85.26778
G1 X127.185 Y171.116 E85.27498
G1 X127.101 Y171.187 E85.27864
G1 X126.844 Y171.421 E85.2902
G1 X126.737 Y171.53 E85.29528
G1 X126.507 Y171.791 E85.30685
G1 X126.398 Y171.932 E85.31278
G1 X126.215 Y172.202 E85.32363
G1 X126.109 Y172.388 E85.33075
G1 X125.94 Y172.745 E85.34388
G1 X125.876 Y172.903 E85.34955
G1 X125.779 Y173.195 E85.35979
G1 X125.738 Y173.347 E85.36502
G1 X125.668 Y173.679 E85.37631
G1 X125.646 Y173.817 E85.38096
G1 X125.608 Y174.168 E85.3927
G1 X125.6 Y174.319 E85.39773
G1 X125.6 Y174.6 E85.40707
G1 X124.399 Y174.6 E85.44702
G1 X124.398 Y174.292 E85.45726
G1 X124.381 Y174.079 E85.46437
G1 X124.301 Y173.565 E85.48167
G1 X124.26 Y173.381 E85.48794
G1 X124.146 Y172.998 E85.50123
G1 X124.063 Y172.785 E85.50884
G1 X123.892 Y172.433 E85.52185
G1 X123.798 Y172.268 E85.52817
G1 X123.6 Y171.971 E85.54004
G1 X123.506 Y171.846 E85.54524
G1 X123.304 Y171.606 E85.55568
G1 X123.233 Y171.529 E85.55916
G1 X123.047 Y171.339 E85.568
G1 X122.982 Y171.276 E85.57101
G1 X122.821 Y171.131 E85.57822
G1 X122.508 Y170.823 E85.59283
G1 X122.404 Y170.595 E85.60116
G1 X122.401 Y170.582 E85.60161
G1 X122.404 Y169.427 E85.64002
G0 F6000 X122.803 Y169.498
G1 F1200 X122.849 Y169.379 E85.64426
G1 X122.894 Y169.328 E85.64653
G1 X123.157 Y169.124 E85.6576
G1 X123.355 Y168.945 E85.66647
G1 X123.622 Y168.665 E85.67934
G1 X123.768 Y168.491 E85.6869
G1 X124.021 Y168.148 E85.70107
G1 X124.184 Y167.882 E85.71145
G1 X124.384 Y167.48 E85.72638
G1 X124.479 Y167.25 E85.73466
G1 X124.591 Y166.916 E85.74638
G1 X124.646 Y166.711 E85.75344
G1 X124.726 Y166.327 E85.76648
G1 X124.76 Y166.075 E85.77494
G1 X124.79 Y165.606 E85.79057
G1 X124.794 Y165.492 E85.79436
G1 X124.799 Y157.6 E86.05685
G1 X125.202 Y157.6 E86.07026
G1 X125.207 Y165.583 E86.33577
G1 X125.212 Y165.713 E86.3401
G1 X125.24 Y166.098 E86.35294
G1 X125.272 Y166.331 E86.36076
G1 X125.353 Y166.723 E86.37408
G1 X125.404 Y166.916 E86.38071
G1 X125.516 Y167.26 E86.39275
G1 X125.621 Y167.514 E86.40189
G1 X125.779 Y167.827 E86.41355
G1 X125.891 Y168.019 E86.42094
G1 X126.054 Y168.262 E86.43068
G1 X126.183 Y168.431 E86.43775
G1 X126.413 Y168.699 E86.44949
G1 X126.537 Y168.83 E86.45549
G1 X126.815 Y169.095 E86.46827
G1 X126.923 Y169.178 E86.4728
G1 X127.149 Y169.398 E86.48329
G1 X127.199 Y169.505 E86.48722
G1 X127.197 Y170.499 E86.52028
G1 X127.158 Y170.601 E86.52391
G1 X127.075 Y170.696 E86.5281
G1 X126.94 Y170.801 E86.53379
G1 X126.832 Y170.891 E86.53847
G1 X126.575 Y171.125 E86.55003
G1 X126.437 Y171.266 E86.55659
G1 X126.207 Y171.527 E86.56816
G1 X126.067 Y171.707 E86.57575
G1 X125.884 Y171.977 E86.58659
G1 X125.747 Y172.217 E86.59579
G1 X125.578 Y172.574 E86.60892
G1 X125.497 Y172.777 E86.61619
G1 X125.4 Y173.069 E86.62643
G1 X125.347 Y173.265 E86.63318
G1 X125.277 Y173.597 E86.64446
G1 X125.248 Y173.774 E86.65043
G1 X125.21 Y174.125 E86.66217
G1 X125.206 Y174.2 E86.66467
G1 X124.791 Y174.2 E86.67847
G1 X124.777 Y174.017 E86.68458
G1 X124.697 Y173.503 E86.70188
G1 X124.643 Y173.266 E86.70996
G1 X124.529 Y172.883 E86.72325
G1 X124.423 Y172.61 E86.733
G1 X124.252 Y172.258 E86.74601
G1 X124.131 Y172.047 E86.7541
G1 X123.933 Y171.75 E86.76597
G1 X123.812 Y171.589 E86.77267
G1 X123.61 Y171.349 E86.78311
G1 X123.519 Y171.249 E86.7876
G1 X123.333 Y171.059 E86.79645
G1 X123.249 Y170.979 E86.8003
G1 X123.108 Y170.853 E86.80659
G1 X122.84 Y170.589 E86.81911
G1 X122.801 Y170.503 E86.82225
G1 X122.803 Y169.498 E86.85567
G0 F6000 X123.203 Y169.595
G1 F1200 X123.402 Y169.44 E86.86406
G1 X123.644 Y169.221 E86.87492
G1 X123.911 Y168.941 E86.88779
G1 X124.089 Y168.729 E86.89699
G1 X124.342 Y168.386 E86.91117
G1 X124.542 Y168.06 E86.92389
G1 X124.742 Y167.658 E86.93882
G1 X124.858 Y167.377 E86.94893
G1 X124.97 Y167.043 E86.96065
G1 X124.998 Y166.941 E86.96417
G1 X125.024 Y167.04 E86.96757
G1 X125.136 Y167.384 E86.97961
G1 X125.264 Y167.694 E86.99076
G1 X125.422 Y168.007 E87.00242
G1 X125.559 Y168.242 E87.01147
G1 X125.722 Y168.485 E87.0212
G1 X125.88 Y168.692 E87.02986
G1 X126.11 Y168.96 E87.04161
G1 X126.261 Y169.119 E87.0489
G1 X126.539 Y169.384 E87.06168
G1 X126.642 Y169.463 E87.06599
G1 X126.798 Y169.615 E87.07324
G1 X126.797 Y170.405 E87.09951
G1 X126.694 Y170.485 E87.10385
G1 X126.563 Y170.595 E87.10954
G1 X126.306 Y170.829 E87.1211
G1 X126.136 Y171.001 E87.12915
G1 X125.906 Y171.262 E87.14072
G1 X125.736 Y171.483 E87.14999
G1 X125.553 Y171.753 E87.16084
G1 X125.386 Y172.046 E87.17206
G1 X125.217 Y172.403 E87.18519
G1 X125.117 Y172.65 E87.19406
G1 X125.02 Y172.942 E87.20429
G1 X124.994 Y173.04 E87.20766
G1 X124.913 Y172.769 E87.21707
G1 X124.783 Y172.436 E87.22896
G1 X124.612 Y172.084 E87.24197
G1 X124.464 Y171.825 E87.2519
G1 X124.266 Y171.528 E87.26377
G1 X124.118 Y171.331 E87.27196
G1 X123.916 Y171.091 E87.2824
G1 X123.805 Y170.969 E87.28788
G1 X123.619 Y170.779 E87.29673
G1 X123.517 Y170.681 E87.30143
G1 X123.374 Y170.553 E87.30781
G1 X123.202 Y170.383 E87.31586
G1 X123.203 Y169.595 E87.34207
G0 F6000 X123.603 Y169.791
G1 F1200 X123.648 Y169.756 E87.34396
G1 X123.934 Y169.497 E87.3568
G1 X124.201 Y169.217 E87.36966
G1 X124.411 Y168.966 E87.38055
G1 X124.664 Y168.623 E87.39473
G1 X124.9 Y168.238 E87.40974
G1 X124.994 Y168.048 E87.4168
G1 X125.065 Y168.188 E87.42202
G1 X125.227 Y168.464 E87.43266
G1 X125.39 Y168.707 E87.44239
G1 X125.576 Y168.952 E87.45262
G1 X125.806 Y169.22 E87.46437
G1 X125.985 Y169.409 E87.47303
G1 X126.263 Y169.674 E87.4858
G1 X126.369 Y169.756 E87.49026
G1 X126.398 Y169.783 E87.49158
G1 X126.397 Y170.213 E87.50588
G1 X126.294 Y170.3 E87.51036
G1 X126.037 Y170.534 E87.52192
G1 X125.836 Y170.737 E87.53143
G1 X125.606 Y170.998 E87.543
G1 X125.405 Y171.258 E87.55393
G1 X125.222 Y171.528 E87.56478
G1 X125.024 Y171.875 E87.57806
G1 X124.99 Y171.946 E87.58068
G1 X124.972 Y171.909 E87.58205
G1 X124.796 Y171.603 E87.59379
G1 X124.598 Y171.306 E87.60566
G1 X124.424 Y171.074 E87.61531
G1 X124.222 Y170.834 E87.62574
G1 X124.091 Y170.689 E87.63224
G1 X123.905 Y170.499 E87.64108
G1 X123.784 Y170.383 E87.64666
G1 X123.639 Y170.253 E87.65314
G1 X123.602 Y170.216 E87.65488
G1 X123.603 Y169.791 E87.66901
G0 F6000 X124.002 Y169.972
G1 F1200 X124.223 Y169.773 E87.6789
G1 X124.49 Y169.493 E87.69177
G1 X124.733 Y169.204 E87.70433
G1 X124.986 Y168.861 E87.71851
G1 X124.998 Y168.841 E87.71928
G1 X125.058 Y168.93 E87.72285
G1 X125.272 Y169.213 E87.73465
G1 X125.502 Y169.481 E87.7464
G1 X125.709 Y169.698 E87.75637
G1 X125.987 Y169.963 E87.76915
G1 X125.998 Y169.971 E87.7696
G1 X125.998 Y170.028 E87.7715
G1 X125.767 Y170.238 E87.78188
G1 X125.536 Y170.473 E87.79284
G1 X125.306 Y170.734 E87.80441
G1 X125.074 Y171.034 E87.81702
G1 X124.985 Y171.165 E87.82229
G1 X124.931 Y171.084 E87.82553
G1 X124.73 Y170.816 E87.83667
G1 X124.528 Y170.576 E87.84711
G1 X124.377 Y170.409 E87.85459
G1 X124.191 Y170.219 E87.86344
G1 X124.051 Y170.086 E87.86986
G1 X124.002 Y170.042 E87.87205
G1 X124.002 Y169.972 E87.87438
G0 F6000 X124.548 Y170.012
G1 F1200 X124.78 Y169.769 E87.88555
G1 X124.999 Y169.508 E87.89688
G1 X125.199 Y169.741 E87.9071
G1 X125.433 Y169.988 E87.91841
G1 X125.443 Y169.998 E87.91888
G1 X125.236 Y170.208 E87.92869
G1 X125.006 Y170.469 E87.94026
G1 X124.984 Y170.497 E87.94145
G1 X124.834 Y170.319 E87.94919
G1 X124.663 Y170.13 E87.95767
G1 X124.548 Y170.012 E87.96315
G1 F2400 E87.46315
;MESH:Limiter bracketV2.stl
G0 F6000 X124.548 Y155.665
G0 X119.424 Y154.4
;TYPE:WALL-INNER
G1 F2400 E87.96315
G1 F1200 X132.9 Y154.4 E88.41136
G1 X132.9 Y125.6 E89.36925
G1 X104.1 Y125.6 E90.32714
G1 X104.101 Y154.399 E91.285
G1 X119.424 Y154.4 E91.79465
G1 F2400 E91.29465
G0 F6000 X130.263 Y154.219
G0 X130.263 Y153.768
G0 X130.265 Y153.588
G1 F2400 E91.79465
G1 F1200 X129.723 Y153.588 E91.81267
G1 X129.191 Y153.448 E91.83097
G1 X128.713 Y153.166 E91.84943
G1 X128.33 Y152.789 E91.8673
G1 X128.053 Y152.309 E91.88574
G1 X127.908 Y151.778 E91.90405
G1 X127.908 Y151.218 E91.92267
G1 X128.061 Y150.686 E91.94108
G1 X128.336 Y150.206 E91.95948
G1 X128.715 Y149.829 E91.97726
G1 X129.187 Y149.56 E91.99533
G1 X129.854 Y149.373 E92.01837
G1 X130.545 Y149.463 E92.04155
G1 X131.073 Y149.681 E92.06055
G1 X131.271 Y149.814 E92.06848
G1 X131.667 Y150.214 E92.0872
G1 X131.945 Y150.686 E92.10542
G1 X132.088 Y151.222 E92.12387
G1 X132.088 Y151.765 E92.14193
G1 X131.947 Y152.311 E92.16069
G1 X131.665 Y152.789 E92.17915
G1 X131.289 Y153.165 E92.19683
G1 X130.809 Y153.448 E92.21537
G1 X130.265 Y153.588 E92.23405
G1 F2400 E91.73405
G0 F6000 X131.191 Y153.051
G0 X131.551 Y152.691
G0 X131.806 Y152.248
G0 X131.939 Y151.755
G0 X131.939 Y151.245
G0 X131.806 Y150.752
G0 X131.551 Y150.309
G0 X131.185 Y149.943
G0 X129.848 Y149.188
G0 X129.848 Y131.768
G0 X130.271 Y131.588
G1 F2400 E92.23405
G1 F1200 X129.719 Y131.588 E92.25241
G1 X129.185 Y131.439 E92.27085
G1 X128.721 Y131.173 E92.28864
G1 X128.329 Y130.785 E92.30698
G1 X128.05 Y130.289 E92.32591
G1 X127.914 Y129.778 E92.3435
G1 X127.907 Y129.226 E92.36186
G1 X128.053 Y128.691 E92.3803
G1 X128.329 Y128.213 E92.39866
G1 X128.727 Y127.815 E92.41738
G1 X128.92 Y127.686 E92.4251
G1 X129.454 Y127.463 E92.44435
G1 X130.146 Y127.373 E92.46756
G1 X130.805 Y127.549 E92.49025
G1 X131.289 Y127.83 E92.50886
G1 X131.666 Y128.212 E92.52671
G1 X131.945 Y128.686 E92.54501
G1 X132.088 Y129.222 E92.56346
G1 X132.088 Y129.765 E92.58152
G1 X131.947 Y130.311 E92.60027
G1 X131.665 Y130.789 E92.61873
G1 X131.287 Y131.167 E92.63651
G1 X130.81 Y131.448 E92.65492
G1 X130.271 Y131.588 E92.67345
G1 F2400 E92.17345
G0 F6000 X128.599 Y131.308
G0 X108.405 Y131.308
G0 X107.283 Y131.588
G1 F2400 E92.67345
G1 F1200 X106.733 Y131.588 E92.69174
G1 X106.379 Y131.503 E92.70385
G1 X105.923 Y131.315 E92.72025
G1 X105.727 Y131.185 E92.72808
G1 X105.328 Y130.786 E92.74684
G1 X105.04 Y130.289 E92.76595
G1 X104.969 Y130.092 E92.77291
G1 X104.873 Y129.348 E92.79786
G1 X105.053 Y128.692 E92.82049
G1 X105.329 Y128.213 E92.83888
G1 X105.714 Y127.828 E92.85699
G1 X106.185 Y127.553 E92.87513
G1 X106.73 Y127.408 E92.89388
G1 X107.278 Y127.408 E92.91211
G1 X107.8 Y127.548 E92.93009
G1 X108.287 Y127.829 E92.94879
G1 X108.669 Y128.215 E92.96685
G1 X108.948 Y128.69 E92.98517
G1 X109.089 Y129.226 E93.0036
G1 X109.083 Y129.774 E93.02183
G1 X108.951 Y130.298 E93.0398
G1 X108.675 Y130.777 E93.05819
G1 X108.297 Y131.162 E93.07614
G1 X107.814 Y131.44 E93.09467
G1 X107.283 Y131.588 E93.11301
G1 F2400 E92.61301
G0 F6000 X107.265 Y149.228
G0 X107.265 Y153.588
G1 F2400 E93.11301
G1 F1200 X106.723 Y153.588 E93.13103
G1 X106.191 Y153.448 E93.14933
G1 X105.715 Y153.167 E93.16772
G1 X105.314 Y152.771 E93.18646
G1 X105.181 Y152.573 E93.19439
G1 X104.962 Y152.042 E93.2135
G1 X104.877 Y151.344 E93.23688
G1 X105.052 Y150.693 E93.25931
G1 X105.329 Y150.213 E93.27774
G1 X105.709 Y149.833 E93.29561
G1 X106.19 Y149.554 E93.31411
G1 X106.721 Y149.408 E93.33242
G1 X107.279 Y149.408 E93.35098
G1 X107.814 Y149.56 E93.36948
G1 X108.286 Y149.83 E93.38757
G1 X108.676 Y150.226 E93.40605
G1 X108.939 Y150.685 E93.42365
G1 X109.088 Y151.219 E93.44209
G1 X109.088 Y151.771 E93.46045
G1 X108.948 Y152.309 E93.47894
G1 X108.673 Y152.78 E93.49708
G1 X108.293 Y153.166 E93.51509
G1 X107.806 Y153.449 E93.53383
G1 X107.265 Y153.588 E93.5524
G0 F6000 X107.227 Y153.186
;TYPE:WALL-OUTER
G1 F1200 X106.753 Y153.182 E93.56817
G1 X106.344 Y153.074 E93.58224
G1 X105.943 Y152.831 E93.59784
G1 X105.566 Y152.458 E93.61547
G1 X105.35 Y151.923 E93.63466
G1 X105.281 Y151.38 E93.65287
G1 X105.418 Y150.872 E93.67037
G1 X105.647 Y150.461 E93.68602
G1 X105.938 Y150.17 E93.69971
G1 X106.323 Y149.939 E93.71464
G1 X106.776 Y149.808 E93.73032
G1 X107.245 Y149.814 E93.74592
G1 X107.629 Y149.918 E93.75916
G1 X108.029 Y150.142 E93.7744
G1 X108.342 Y150.455 E93.78913
G1 X108.572 Y150.844 E93.80416
G1 X108.682 Y151.253 E93.81824
G1 X108.688 Y151.719 E93.83374
G1 X108.575 Y152.154 E93.84869
G1 X108.335 Y152.553 E93.86418
G1 X108.063 Y152.829 E93.87707
G1 X107.654 Y153.075 E93.89294
G1 X107.227 Y153.186 E93.90762
G1 F2400 E93.40762
G0 F6000 X107.307 Y153.488
G0 X108.821 Y152.887
G0 X108.819 Y154.219
G0 X119.508 Y154.8
G1 F2400 E93.90762
G1 F1200 X133.3 Y154.8 E94.36634
G1 X133.3 Y125.2 E95.35084
G1 X103.7 Y125.2 E96.33534
G1 X103.701 Y154.799 E97.31981
G1 X119.508 Y154.8 E97.84555
G1 F2400 E97.34555
G0 F6000 X119.508 Y154.49
G0 X130.306 Y154.219
G0 X130.286 Y153.769
G0 X130.227 Y153.186
G1 F2400 E97.84555
G1 F1200 X129.753 Y153.182 E97.86132
G1 X129.344 Y153.074 E97.87538
G1 X128.943 Y152.831 E97.89098
G1 X128.648 Y152.54 E97.90476
G1 X128.438 Y152.176 E97.91874
G1 X128.308 Y151.725 E97.93435
G1 X128.308 Y151.276 E97.94928
G1 X128.428 Y150.844 E97.9642
G1 X128.644 Y150.468 E97.97862
G1 X128.96 Y150.15 E97.99353
G1 X129.345 Y149.928 E98.00831
G1 X129.882 Y149.784 E98.0268
G1 X130.414 Y149.849 E98.04463
G1 X130.959 Y150.066 E98.06414
G1 X131.361 Y150.482 E98.08338
G1 X131.575 Y150.845 E98.0974
G1 X131.682 Y151.253 E98.11142
G1 X131.686 Y151.727 E98.12719
G1 X131.575 Y152.156 E98.14193
G1 X131.33 Y152.558 E98.15759
G1 X131.018 Y152.861 E98.17205
G1 X130.654 Y153.075 E98.1861
G1 X130.227 Y153.186 E98.20077
G1 F2400 E97.70077
G0 F6000 X130.308 Y153.488
G0 X131.191 Y153.051
G0 X131.551 Y152.691
G0 X131.806 Y152.248
G0 X131.939 Y151.755
G0 X131.939 Y151.245
G0 X131.806 Y150.752
G0 X131.551 Y150.309
G0 X131.185 Y149.943
G0 X129.848 Y149.188
G0 X129.848 Y131.768
G0 X130.243 Y131.182
G1 F2400 E98.20077
G1 F1200 X129.777 Y131.188 E98.21627
G1 X129.345 Y131.075 E98.23112
G1 X128.97 Y130.853 E98.24562
G1 X128.648 Y130.538 E98.2606
G1 X128.431 Y130.163 E98.27501
G1 X128.314 Y129.745 E98.28945
G1 X128.308 Y129.277 E98.30501
G1 X128.438 Y128.824 E98.32069
G1 X128.666 Y128.442 E98.33549
G1 X129.039 Y128.069 E98.35303
G1 X129.583 Y127.849 E98.37255
G1 X130.112 Y127.777 E98.3903
G1 X130.624 Y127.914 E98.40793
G1 X131.042 Y128.149 E98.42388
G1 X131.361 Y128.482 E98.43922
G1 X131.575 Y128.845 E98.45323
G1 X131.682 Y129.253 E98.46726
G1 X131.686 Y129.727 E98.48303
G1 X131.575 Y130.156 E98.49777
G1 X131.33 Y130.558 E98.51343
G1 X131.018 Y130.861 E98.52789
G1 X130.654 Y131.075 E98.54194
G1 X130.243 Y131.182 E98.55606
G1 F2400 E98.05606
G0 F6000 X130.324 Y131.484
G0 X128.599 Y131.308
G0 X108.405 Y131.308
G0 X107.252 Y131.182
G1 F2400 E98.55606
G1 F1200 X106.763 Y131.184 E98.57233
G1 X106.531 Y131.133 E98.58023
G1 X106.036 Y130.929 E98.59803
G1 X105.634 Y130.517 E98.61718
G1 X105.366 Y130.055 E98.63494
G1 X105.277 Y129.384 E98.65746
G1 X105.438 Y128.824 E98.67684
G1 X105.666 Y128.442 E98.69163
G1 X105.942 Y128.166 E98.70461
G1 X106.319 Y127.939 E98.71925
G1 X106.765 Y127.811 E98.73468
G1 X107.248 Y127.814 E98.75075
G1 X107.62 Y127.914 E98.76356
G1 X108.04 Y128.148 E98.77955
G1 X108.361 Y128.482 E98.79496
G1 X108.575 Y128.845 E98.80897
G1 X108.682 Y129.253 E98.823
G1 X108.687 Y129.72 E98.83854
G1 X108.576 Y130.147 E98.85321
G1 X108.352 Y130.534 E98.86808
G1 X108.044 Y130.846 E98.88267
G1 X107.656 Y131.072 E98.8976
G1 X107.252 Y131.182 E98.91153
G1 F2400 E98.41153
G0 F6000 X107.333 Y131.482
G0 X106.71 Y131.769
G0 X105.184 Y150.103
G0 X104.492 Y151.268
;TYPE:SKIN
G1 F2400 E98.91153
G1 F1043.5 X104.488 Y151.328 E98.91383
G1 F952.4 X104.536 Y152.135 E98.94771
G0 F6000 X104.863 Y152.071
G0 X105.714 Y152.953
G0 X106.719 Y153.691
G0 X106.641 Y153.988
G1 F1071.4 X106.041 Y154.036 E98.97013
G1 F1200 X104.461 Y154.036 E99.02268
G1 X104.46 Y152.782 E99.06439
G1 F1008.4 X104.536 Y152.135 E99.09017
G1 X104.866 Y152.74 E99.11745
G1 F1200 X105.062 Y153.026 E99.12898
G1 X105.474 Y153.438 E99.14836
G1 X106.022 Y153.769 E99.16965
G1 F1071.4 X106.641 Y153.988 E99.19411
G1 F967.7 X107.342 Y153.988 E99.22302
G1 F2400 E98.72302
G0 F6000 X107.276 Y153.689
G0 X108.196 Y153.047
G0 X108.551 Y152.69
G0 X109.269 Y151.201
G0 X132.74 Y130.319
G0 X132.49 Y129.141
G1 F2400 E99.22302
G1 F965.8 X132.493 Y129.822 E99.25117
G0 F6000 X132.8 Y129.822
G0 X132.8 Y151.141
G0 X132.49 Y151.141
G1 F965.8 X132.493 Y151.822 E99.27931
G0 F6000 X132.8 Y151.822
G0 X132.728 Y154.228
G0 X132.54 Y154.04
G1 F1200 X130.959 Y154.04 E99.33189
G1 F1066.7 X130.343 Y153.99 E99.35502
G1 X130.978 Y153.765 E99.38023
G1 F1200 X131.482 Y153.469 E99.39967
G1 X131.934 Y153.031 E99.4206
G1 X132.269 Y152.474 E99.44222
G1 F1073.8 X132.493 Y151.822 E99.46784
G1 X132.54 Y152.453 E99.49136
G1 F1200 X132.54 Y154.04 E99.54414
G0 F6000 X132.539 Y154.299
G0 X130.342 Y154.299
G0 X130.343 Y153.99
G1 F960 X129.641 Y153.99 E99.57333
G0 F6000 X129.64 Y154.299
G0 X119.347 Y154.299
G0 X119.348 Y154.037
G1 F1200 X107.949 Y154.036 E99.95246
G1 F1071.4 X107.342 Y153.988 E99.97514
G1 X107.969 Y153.769 E99.99988
G1 F1200 X108.531 Y153.433 E100.02166
G1 X108.943 Y153.017 E100.04114
G1 X109.283 Y152.438 E100.06347
G1 X109.448 Y151.821 E100.08471
G1 X109.442 Y151.152 E100.10696
G1 X109.285 Y150.569 E100.12704
G1 X108.954 Y149.995 E100.14908
G1 X108.473 Y149.518 E100.17161
G1 X107.926 Y149.211 E100.19248
G1 X107.325 Y149.048 E100.21319
G1 X106.647 Y149.054 E100.23574
G1 X106.071 Y149.21 E100.25559
G1 X105.466 Y149.562 E100.27887
G1 X105.04 Y149.988 E100.29891
G1 X104.73 Y150.523 E100.31947
G1 F1111.1 X104.492 Y151.268 E100.34756
G1 X104.461 Y150.539 E100.37377
G1 F1200 X104.461 Y130.546 E101.03874
G1 F1010.5 X104.535 Y130.153 E101.05454
G1 F985.6 X104.7 Y130.444 E101.06809
G1 F1165 X104.727 Y130.474 E101.06947
G1 F1200 X105.027 Y130.986 E101.08921
G1 X105.466 Y131.434 E101.11007
G1 X105.787 Y131.65 E101.12294
G1 X106.263 Y131.843 E101.14002
G1 X106.663 Y131.943 E101.15373
G1 X107.327 Y131.948 E101.17582
G1 X107.923 Y131.784 E101.19638
G1 X108.505 Y131.454 E101.21863
G1 X108.955 Y130.996 E101.23999
G1 X109.276 Y130.459 E101.26079
G1 X109.434 Y129.842 E101.28198
G1 X109.449 Y129.182 E101.30394
G1 X109.283 Y128.546 E101.3258
G1 X108.968 Y128.017 E101.34628
G1 X108.508 Y127.539 E101.36834
G1 X107.939 Y127.209 E101.39022
G1 X107.347 Y127.054 E101.41057
G1 X106.677 Y127.05 E101.43286
G1 X106.041 Y127.217 E101.45473
G1 X105.515 Y127.522 E101.47495
G1 X105.04 Y127.987 E101.49706
G1 X104.73 Y128.523 E101.51765
G1 F1126.8 X104.486 Y129.292 E101.54623
G1 X104.46 Y128.537 E101.57299
G1 F1200 X104.46 Y125.96 E101.6587
G1 X132.54 Y125.96 E102.59265
G1 X132.54 Y128.541 E102.67849
G1 F1066.7 X132.49 Y129.141 E102.70102
G1 X132.269 Y128.522 E102.72561
G1 F1200 X131.969 Y128.014 E102.74523
G1 X131.508 Y127.54 E102.76723
G1 X130.94 Y127.208 E102.78911
G1 X130.159 Y127.001 E102.81598
G1 X129.375 Y127.11 E102.84231
G1 X128.779 Y127.351 E102.86369
G1 X128.495 Y127.538 E102.875
G1 X128.061 Y127.971 E102.89539
G1 X127.717 Y128.546 E102.91768
G1 X127.548 Y129.17 E102.93918
G1 X127.554 Y129.819 E102.96077
G1 X127.715 Y130.434 E102.98191
G1 X128.041 Y131.004 E103.00375
G1 X128.495 Y131.454 E103.02501
G1 X129.075 Y131.787 E103.04725
G1 X129.675 Y131.948 E103.06792
G1 X130.343 Y131.942 E103.09014
G1 X130.951 Y131.783 E103.11104
G1 X131.482 Y131.469 E103.13156
G1 X131.934 Y131.031 E103.15249
G1 X132.269 Y130.474 E103.17411
G1 F1073.8 X132.493 Y129.822 E103.19973
G1 X132.54 Y130.453 E103.22325
G1 F1200 X132.54 Y150.541 E103.89138
G1 F1066.7 X132.49 Y151.141 E103.91391
G1 X132.269 Y150.522 E103.9385
G1 F1200 X131.969 Y150.014 E103.95812
G1 X131.531 Y149.563 E103.97903
G1 X131.206 Y149.347 E103.99201
G1 X130.637 Y149.108 E104.01254
G1 X129.834 Y149.008 E104.03945
G1 X129.069 Y149.212 E104.06579
G1 X128.48 Y149.55 E104.08837
G1 X128.044 Y149.988 E104.10893
G1 X127.709 Y150.571 E104.13129
G1 X127.548 Y151.171 E104.15196
G1 X127.554 Y151.848 E104.17447
G1 X127.713 Y152.441 E104.19489
G1 X128.041 Y153.009 E104.21671
G1 X128.517 Y153.468 E104.2387
G1 X129.021 Y153.768 E104.25821
G1 F1066.7 X129.641 Y153.99 E104.28285
G1 X129.041 Y154.038 E104.30537
G1 F1200 X119.348 Y154.037 E104.62776
G1 F2400 E104.12776
G0 F6000 X119.347 Y154.299
G0 X104.76 Y154.219
G0 X105.183 Y130.896
G0 X104.486 Y129.292
G1 F2400 E104.62776
G1 F1071.4 X104.482 Y129.352 E104.63
G1 F965.8 X104.535 Y130.153 E104.66318
G1 F2400 E104.16318
G0 F6000 X104.771 Y129.392
G0 X105.183 Y130.896
G0 X105.181 Y154.219
G0 X105.187 Y153.836
G1 F2400 E104.66318
G1 F1200 X104.661 Y153.31 E104.68792
G1 F2400 E104.18792
G0 F6000 X104.2 Y153.31
G0 X104.3 Y150.269
G0 X104.873 Y150.602
G0 X104.782 Y150.037
G1 F2400 E104.68792
G1 F1200 X104.66 Y149.915 E104.69366
G0 F6000 X105.029 Y149.718
G1 F1200 X104.66 Y149.349 E104.71102
G0 F6000 X104.66 Y148.784
G1 F1200 X105.312 Y149.435 E104.74166
G0 F6000 X105.655 Y149.213
G1 F1200 X104.66 Y148.218 E104.78846
G0 F6000 X104.66 Y147.652
G1 F1200 X106.024 Y149.016 E104.85262
G0 F6000 X106.468 Y148.895
G1 F1200 X104.66 Y147.087 E104.93766
G0 F6000 X104.66 Y146.521
G1 F1200 X106.987 Y148.847 E105.04709
G0 F6000 X107.628 Y148.923
G1 F1200 X104.66 Y145.955 E105.1867
G0 F6000 X104.66 Y145.39
G1 F1200 X113.108 Y153.837 E105.58404
G0 F6000 X112.542 Y153.837
G1 F1200 X109.57 Y150.865 E105.72384
G0 F6000 X109.648 Y151.508
G1 F1200 X111.977 Y153.837 E105.83339
G0 F6000 X111.411 Y153.837
G1 F1200 X109.599 Y152.026 E105.91859
G0 F6000 X109.48 Y152.472
G1 F1200 X110.845 Y153.837 E105.9828
G0 F6000 X110.28 Y153.837
G1 F1200 X109.283 Y152.84 E106.0297
G0 F6000 X109.06 Y153.183
G1 F1200 X109.714 Y153.837 E106.06046
G0 F6000 X109.148 Y153.837
G1 F1200 X108.778 Y153.468 E106.07784
G0 F6000 X108.46 Y153.714
G1 F1200 X108.583 Y153.837 E106.08362
G0 F6000 X108.582 Y154.299
G0 X113.673 Y154.299
G0 X113.674 Y153.837
G1 F1200 X104.66 Y144.824 E106.50759
G0 F6000 X104.66 Y144.258
G1 F1200 X114.239 Y153.837 E106.95816
G0 F6000 X114.805 Y153.837
G1 F1200 X104.66 Y143.693 E107.43532
G0 F6000 X104.66 Y143.127
G1 F1200 X115.372 Y153.838 E107.93916
G0 F6000 X115.937 Y153.838
G1 F1200 X104.66 Y142.561 E108.4696
G0 F6000 X104.66 Y141.996
G1 F1200 X116.503 Y153.838 E109.02663
G0 F6000 X117.069 Y153.838
G1 F1200 X104.66 Y141.43 E109.61029
G0 F6000 X104.66 Y140.864
G1 F1200 X117.634 Y153.838 E110.22055
G0 F6000 X118.2 Y153.838
G1 F1200 X104.66 Y140.298 E110.85743
G0 F6000 X104.66 Y139.733
G1 F1200 X118.766 Y153.838 E111.5209
G0 F6000 X119.331 Y153.838
G1 F1200 X104.66 Y139.167 E112.21098
G0 F6000 X104.66 Y138.601
G1 F1200 X119.897 Y153.838 E112.92769
G0 F6000 X120.463 Y153.838
G1 F1200 X104.66 Y138.036 E113.67099
G0 F6000 X104.66 Y137.47
G1 F1200 X121.028 Y153.838 E114.44089
G0 F6000 X121.594 Y153.838
G1 F1200 X104.66 Y136.904 E115.23741
G0 F6000 X104.66 Y136.339
G1 F1200 X122.16 Y153.839 E116.06056
G0 F6000 X122.726 Y153.839
G1 F1200 X104.66 Y135.773 E116.91033
G0 F6000 X104.66 Y135.207
G1 F1200 X123.292 Y153.839 E117.78672
G0 F6000 X123.858 Y153.839
G1 F1200 X104.66 Y134.642 E118.68971
G0 F6000 X104.66 Y134.076
G1 F1200 X124.423 Y153.839 E119.6193
G0 F6000 X124.989 Y153.839
G1 F1200 X104.66 Y133.51 E120.57551
G0 F6000 X104.66 Y132.945
G1 F1200 X125.555 Y153.839 E121.55833
G0 F6000 X126.12 Y153.839
G1 F1200 X104.66 Y132.379 E122.56774
G0 F6000 X104.66 Y131.813
G1 F1200 X126.686 Y153.839 E123.60378
G0 F6000 X127.252 Y153.839
G1 F1200 X104.66 Y131.248 E124.66641
G0 F6000 X104.2 Y131.248
G0 X104.3 Y131.481
G0 X105.598 Y131.311
G0 X105.884 Y131.906
G1 F1200 X127.817 Y153.839 E125.69807
G0 F6000 X128.383 Y153.839
G1 F1200 X106.693 Y132.148 E126.71833
G0 F6000 X107.258 Y132.148
G1 F1200 X127.489 Y152.379 E127.66993
G0 F6000 X127.349 Y151.673
G1 F1200 X107.722 Y132.047 E128.5931
G0 F6000 X108.134 Y131.892
G1 F1200 X127.356 Y151.115 E129.49727
G0 F6000 X127.478 Y150.671
G1 F1200 X108.494 Y131.687 E130.39022
G0 F6000 X108.805 Y131.433
G1 F1200 X127.65 Y150.277 E131.27661
G0 F6000 X127.856 Y149.917
G1 F1200 X109.085 Y131.147 E132.15951
G0 F6000 X109.305 Y130.801
G1 F1200 X128.128 Y149.624 E133.04489
G0 F6000 X128.423 Y149.353
G1 F1200 X109.491 Y130.421 E133.93539
G0 F6000 X109.607 Y129.971
G1 F1200 X128.78 Y149.145 E134.83725
G0 F6000 X129.176 Y148.975
G1 F1200 X109.645 Y129.444 E135.75593
G0 F6000 X109.552 Y128.785
G1 F1200 X129.625 Y148.858 E136.70011
G0 F6000 X130.179 Y148.847
G1 F1200 X107.492 Y126.16 E137.76723
G0 F6000 X106.927 Y126.16
G1 F1200 X107.709 Y126.942 E137.80401
G0 F6000 X107.051 Y126.85
G1 F1200 X106.361 Y126.16 E137.83647
G0 F6000 X105.795 Y126.16
G1 F1200 X106.521 Y126.885 E137.8706
G0 F6000 X106.072 Y127.002
G1 F1200 X105.23 Y126.16 E137.9102
G0 F6000 X104.664 Y126.16
G1 F1200 X105.692 Y127.188 E137.95855
G0 F6000 X105.342 Y127.404
G1 F1200 X104.66 Y126.721 E137.99066
G0 F6000 X104.66 Y127.287
G1 F1200 X105.059 Y127.687 E138.00945
G0 F6000 X104.804 Y127.997
G1 F1200 X104.66 Y127.853 E138.01622
G0 F6000 X104.2 Y127.853
G0 X104.272 Y125.772
G0 X108.058 Y125.7
G0 X108.058 Y126.16
G1 F1200 X130.9 Y149.002 E139.09064
G0 F6000 X130.723 Y149.428
G0 X131.402 Y149.688
G0 X132.7 Y149.688
G0 X132.34 Y148.745
G1 F1200 X109.755 Y126.16 E140.15297
G0 F6000 X109.189 Y126.16
G1 F1200 X132.34 Y149.311 E141.24192
G0 F6000 X132.34 Y149.876
G1 F1200 X108.624 Y126.16 E142.35745
G0 F6000 X108.624 Y125.7
G0 X110.321 Y125.7
G0 X110.321 Y126.16
G1 F1200 X132.34 Y148.179 E143.39316
G0 F6000 X132.34 Y147.613
G1 F1200 X110.886 Y126.16 E144.40226
G0 F6000 X111.452 Y126.16
G1 F1200 X132.34 Y147.048 E145.38477
G0 F6000 X132.34 Y146.482
G1 F1200 X112.018 Y126.16 E146.34065
G0 F6000 X112.583 Y126.16
G1 F1200 X132.34 Y145.916 E147.26994
G0 F6000 X132.34 Y145.351
G1 F1200 X113.149 Y126.16 E148.17262
G0 F6000 X113.715 Y126.16
G1 F1200 X132.34 Y144.785 E149.04869
G0 F6000 X132.34 Y144.219
G1 F1200 X114.28 Y126.16 E149.89815
G0 F6000 X114.846 Y126.16
G1 F1200 X132.34 Y143.654 E150.72102
G0 F6000 X132.34 Y143.088
G1 F1200 X115.412 Y126.16 E151.51726
G0 F6000 X115.978 Y126.16
G1 F1200 X132.34 Y142.522 E152.28688
G0 F6000 X132.34 Y141.957
G1 F1200 X116.543 Y126.16 E153.02992
G0 F6000 X117.109 Y126.16
G1 F1200 X132.34 Y141.391 E153.74634
G0 F6000 X132.34 Y140.825
G1 F1200 X117.675 Y126.16 E154.43613
G0 F6000 X118.24 Y126.16
G1 F1200 X132.34 Y140.26 E155.09935
G0 F6000 X132.34 Y139.694
G1 F1200 X118.806 Y126.16 E155.73595
G0 F6000 X119.372 Y126.16
G1 F1200 X132.34 Y139.128 E156.34593
G0 F6000 X132.34 Y138.563
G1 F1200 X119.937 Y126.16 E156.92933
G0 F6000 X120.503 Y126.16
G1 F1200 X132.34 Y137.997 E157.4861
G0 F6000 X132.34 Y137.431
G1 F1200 X121.069 Y126.16 E158.01626
G0 F6000 X121.634 Y126.16
G1 F1200 X132.34 Y136.865 E158.51981
G0 F6000 X132.34 Y136.3
G1 F1200 X122.2 Y126.16 E158.99676
G0 F6000 X122.766 Y126.16
G1 F1200 X132.34 Y135.734 E159.4471
G0 F6000 X132.34 Y135.168
G1 F1200 X129.2 Y132.028 E159.59479
G0 F6000 X129.886 Y132.148
G1 F1200 X132.34 Y134.603 E159.71024
G0 F6000 X132.34 Y134.037
G1 F1200 X130.429 Y132.126 E159.80013
G0 F6000 X130.878 Y132.009
G1 F1200 X132.34 Y133.471 E159.8689
G0 F6000 X132.34 Y132.906
G1 F1200 X131.264 Y131.83 E159.91951
G0 F6000 X131.62 Y131.62
G1 F1200 X132.34 Y132.34 E159.95338
G0 F6000 X132.34 Y131.774
G1 F1200 X131.907 Y131.341 E159.97374
G0 F6000 X132.169 Y131.037
G1 F1200 X132.34 Y131.209 E159.98181
G0 F6000 X132.8 Y131.209
G0 X132.8 Y127.815
G0 X132.34 Y127.815
G1 F1200 X130.685 Y126.16 E160.05966
G0 F6000 X130.12 Y126.16
G1 F1200 X130.97 Y127.01 E160.09964
G0 F6000 X130.199 Y126.805
G1 F1200 X129.554 Y126.16 E160.12998
G0 F6000 X128.988 Y126.16
G1 F1200 X129.693 Y126.865 E160.16314
G0 F6000 X129.215 Y126.953
G1 F1200 X128.423 Y126.16 E160.20042
G0 F6000 X127.857 Y126.16
G1 F1200 X128.816 Y127.119 E160.24552
G0 F6000 X128.454 Y127.323
G1 F1200 X127.291 Y126.16 E160.30023
G0 F6000 X126.726 Y126.16
G1 F1200 X128.157 Y127.591 E160.36754
G0 F6000 X127.877 Y127.877
G1 F1200 X126.16 Y126.16 E160.4483
G0 F6000 X125.594 Y126.16
G1 F1200 X127.668 Y128.234 E160.54586
G0 F6000 X127.49 Y128.621
G1 F1200 X125.028 Y126.16 E160.66164
G0 F6000 X124.463 Y126.16
G1 F1200 X127.37 Y129.067 E160.79837
G0 F6000 X127.349 Y129.611
G1 F1200 X123.897 Y126.16 E160.96072
G0 F6000 X123.331 Y126.16
G1 F1200 X127.476 Y130.304 E161.15567
G1 F2400 E160.65567
G0 F6000 X127.917 Y130.192
G0 X128.194 Y128.752
G0 X128.449 Y128.309
G0 X128.898 Y127.86
G0 X129.38 Y127.659
G0 X130.808 Y127.362
G0 X130.808 Y125.8
G0 X131.251 Y126.16
G1 F2400 E161.15567
G1 F1200 X132.34 Y127.249 E161.20689
G0 F6000 X132.34 Y126.683
G1 F1200 X131.817 Y126.16 E161.23149
G1 F2400 E160.73149
G0 F6000 X131.817 Y125.7
G0 X131.14 Y149.513
G0 X132.146 Y153.077
G1 F2400 E161.23149
G1 F1200 X132.34 Y153.27 E161.24059
G0 F6000 X131.875 Y153.371
G1 F1200 X132.34 Y153.836 E161.26246
G0 F6000 X131.779 Y153.84
G1 F1200 X131.581 Y153.643 E161.27175
M104 S230
G1 F2400 E160.77175
;MESH:NONMESH
G0 F300 X131.581 Y153.643 Z0.4
G0 F6000 X131.347 Y153.248
G0 X129.12 Y153.616
G0 X114 Y166.516
;TIME_ELAPSED:274.111959
;LAYER:1
M106 S85
;TYPE:SUPPORT
G1 F2400 E161.27175
G1 F3600 X114.105 Y166.782 E161.28126
G1 X114.292 Y167.12 E161.29411
G1 X114.582 Y167.482 E161.30954
G1 X114.775 Y167.672 E161.31855
G1 X115.062 Y167.92 E161.33116
G1 X115.415 Y168.395 E161.35085
G1 X115.468 Y168.447 E161.35332
G1 X115.721 Y168.979 E161.37291
G1 X115.799 Y169.29 E161.38357
G1 X115.796 Y170.797 E161.4337
G1 X115.552 Y171.437 E161.45648
G1 X115.183 Y171.861 E161.47517
G1 X114.836 Y172.13 E161.48978
G1 X114.546 Y172.412 E161.50323
G1 X114.298 Y172.719 E161.51636
G1 X114.116 Y173.036 E161.52851
G1 X114 Y173.316 E161.53859
G1 X114 Y166.516 E161.76476
G1 X113.922 Y166.317 E161.77187
G1 X113.831 Y165.879 E161.78675
G1 X113.8 Y165.326 E161.80517
G1 X113.8 Y156.2 E162.1087
G1 X113.6 Y156.2 E162.11536
G1 X113.6 Y156 E162.12201
G1 X112 Y156 E162.17522
G1 X112 Y175.8 E162.83378
G1 X110.201 Y175.8 E162.89361
G1 X110.198 Y174.314 E162.94304
G1 X110.155 Y173.93 E162.95589
G1 X110.075 Y173.552 E162.96874
G1 X109.902 Y173.104 E162.98471
G1 X109.686 Y172.743 E162.9987
G1 X109.453 Y172.446 E163.01126
G1 X109.211 Y172.198 E163.02278
G1 X108.996 Y172.002 E163.03246
G1 X108.506 Y171.519 E163.05534
G1 X108.258 Y170.974 E163.07526
G1 X108.201 Y170.713 E163.08414
G1 X108.204 Y169.203 E163.13437
G1 X108.46 Y168.533 E163.15822
G1 X108.796 Y168.157 E163.17499
G1 X108.991 Y168.012 E163.18308
G1 X109.369 Y167.695 E163.19948
G1 X109.695 Y167.277 E163.21712
G1 X109.903 Y166.916 E163.23097
G1 X110 Y166.671 E163.23974
G1 X110 Y173.357 E163.46211
G1 F2400 E162.96211
G0 F10500 X109.194 Y173.668
G0 X109.349 Y176.653
G0 X114.653 Y176.653
G0 X121.393 Y172.622
G0 X122 Y172.005
G1 F2400 E163.46211
G1 F3600 X122 Y167.996 E163.59545
G1 X121.796 Y168.156 E163.60408
G1 X121.46 Y168.533 E163.62087
G1 X121.204 Y169.203 E163.64473
G1 X121.201 Y170.713 E163.69495
G1 X121.258 Y170.974 E163.70384
G1 X121.506 Y171.519 E163.72375
G1 X122 Y172.005 E163.7468
G1 X122.211 Y172.198 E163.75631
G1 X122.453 Y172.446 E163.76784
G1 X122.686 Y172.743 E163.78039
G1 X122.902 Y173.104 E163.79439
G1 X123.075 Y173.552 E163.81036
G1 X123.155 Y173.93 E163.82321
G1 X123.198 Y174.314 E163.83606
G1 X123.201 Y175.8 E163.88549
G1 X124 Y175.8 E163.91206
G1 X124 Y156 E164.57061
G1 X126 Y156 E164.63713
G1 X126 Y175.8 E165.29568
G1 X126.8 Y175.8 E165.32229
G1 X126.8 Y174.226 E165.37464
G1 X126.856 Y173.816 E165.3884
G1 X126.955 Y173.424 E165.40185
G1 X127.116 Y173.036 E165.41582
G1 X127.298 Y172.719 E165.42798
G1 X127.546 Y172.412 E165.44111
G1 X127.836 Y172.13 E165.45456
G1 X128.183 Y171.861 E165.46916
G1 X128.552 Y171.437 E165.48786
G1 X128.796 Y170.797 E165.51064
G1 X128.799 Y169.29 E165.56076
G1 X128.736 Y169.019 E165.57002
G1 X128.48 Y168.46 E165.59047
G1 X128 Y167.994 E165.61272
G1 X128 Y172.003 E165.74606
G1 F2400 E165.24606
;MESH:Limiter bracketV2.stl
G0 F10500 X130.283 Y153.749
G0 X130.265 Y153.588
;TYPE:WALL-INNER
G1 F2400 E165.74606
G1 F3600 X129.723 Y153.588 E165.76408
G1 X129.191 Y153.448 E165.78238
G1 X128.713 Y153.166 E165.80084
G1 X128.33 Y152.789 E165.81871
G1 X128.052 Y152.306 E165.83725
G1 X127.908 Y151.771 E165.85568
G1 X127.908 Y151.218 E165.87407
G1 X128.061 Y150.686 E165.89248
G1 X128.336 Y150.206 E165.91088
G1 X128.715 Y149.829 E165.92866
G1 X129.186 Y149.561 E165.94669
G1 X129.718 Y149.408 E165.9651
G1 X130.275 Y149.408 E165.98362
G1 X130.806 Y149.552 E166.00192
G1 X131.288 Y149.83 E166.02043
G1 X131.666 Y150.212 E166.0383
G1 X131.945 Y150.686 E166.0566
G1 X132.088 Y151.222 E166.07505
G1 X132.088 Y151.765 E166.09311
G1 X131.947 Y152.311 E166.11186
G1 X131.665 Y152.789 E166.13032
G1 X131.289 Y153.165 E166.14801
G1 X130.809 Y153.448 E166.16654
G1 X130.265 Y153.588 E166.18522
G1 F2400 E165.68522
G0 F10500 X128.605 Y153.313
G0 X128.605 Y154.2
G0 X119.424 Y154.4
G1 F2400 E166.18522
G1 F3600 X132.9 Y154.4 E166.63344
G1 X132.9 Y125.6 E167.59133
G1 X104.1 Y125.6 E168.54922
G1 X104.1 Y154.4 E169.50711
G1 X119.424 Y154.4 E170.01679
G1 F2400 E169.51679
G0 F10500 X107.265 Y154.2
G0 X107.265 Y153.768
G0 X107.265 Y153.588
G1 F2400 E170.01679
G1 F3600 X106.723 Y153.588 E170.03482
G1 X106.191 Y153.448 E170.05312
G1 X105.713 Y153.166 E170.07158
G1 X105.33 Y152.789 E170.08945
G1 X105.051 Y152.305 E170.10803
G1 X104.908 Y151.766 E170.12658
G1 X104.908 Y151.222 E170.14467
G1 X105.053 Y150.691 E170.16298
G1 X105.329 Y150.213 E170.18134
G1 X105.713 Y149.829 E170.1994
G1 X106.191 Y149.553 E170.21776
G1 X106.722 Y149.408 E170.23607
G1 X107.279 Y149.408 E170.25459
G1 X107.814 Y149.56 E170.27309
G1 X108.286 Y149.83 E170.29118
G1 X108.676 Y150.226 E170.30966
G1 X108.939 Y150.685 E170.32726
G1 X109.088 Y151.219 E170.3457
G1 X109.088 Y151.771 E170.36406
G1 X108.948 Y152.31 E170.38258
G1 X108.667 Y152.787 E170.40099
G1 X108.289 Y153.165 E170.41877
G1 X107.809 Y153.448 E170.4373
G1 X107.265 Y153.588 E170.45599
G1 F2400 E169.95599
G0 F10500 X108.191 Y153.051
G0 X108.551 Y152.691
G0 X108.806 Y152.248
G0 X108.939 Y151.755
G0 X108.939 Y151.245
G0 X108.806 Y150.752
G0 X108.551 Y150.309
G0 X107.275 Y149.228
G0 X107.275 Y131.768
G0 X107.275 Y131.588
G1 F2400 E170.45599
G1 F3600 X106.723 Y131.588 E170.47435
G1 X106.19 Y131.448 E170.49268
G1 X105.715 Y131.169 E170.511
G1 X105.33 Y130.788 E170.52901
G1 X105.051 Y130.305 E170.54757
G1 X104.908 Y129.766 E170.56611
G1 X104.908 Y129.222 E170.58421
G1 X105.053 Y128.691 E170.60251
G1 X105.329 Y128.213 E170.62087
G1 X105.713 Y127.829 E170.63893
G1 X106.193 Y127.552 E170.65737
G1 X106.734 Y127.408 E170.67599
G1 X107.275 Y127.408 E170.69398
G1 X107.806 Y127.552 E170.71228
G1 X108.288 Y127.83 E170.73079
G1 X108.669 Y128.215 E170.7488
G1 X108.948 Y128.69 E170.76712
G1 X109.089 Y129.226 E170.78556
G1 X109.083 Y129.774 E170.80379
G1 X108.941 Y130.321 E170.82258
G1 X108.662 Y130.792 E170.84079
G1 X108.279 Y131.173 E170.85876
G1 X107.814 Y131.439 E170.87658
G1 X107.275 Y131.588 E170.89518
G1 F2400 E170.39518
G0 F10500 X108.403 Y131.306
G0 X128.599 Y131.308
G0 X130.271 Y131.588
G1 F2400 E170.89518
G1 F3600 X129.719 Y131.588 E170.91354
G1 X129.185 Y131.439 E170.93197
G1 X128.721 Y131.173 E170.94976
G1 X128.329 Y130.785 E170.96811
G1 X128.05 Y130.289 E170.98704
G1 X127.914 Y129.778 E171.00462
G1 X127.907 Y129.226 E171.02298
G1 X128.053 Y128.691 E171.04143
G1 X128.327 Y128.217 E171.05964
G1 X128.725 Y127.814 E171.07848
G1 X128.923 Y127.681 E171.08641
G1 X129.379 Y127.493 E171.10282
G1 X129.738 Y127.408 E171.11509
G1 X130.275 Y127.408 E171.13295
G1 X130.806 Y127.552 E171.15125
G1 X131.288 Y127.83 E171.16975
G1 X131.666 Y128.212 E171.18763
G1 X131.945 Y128.686 E171.20592
G1 X132.088 Y129.222 E171.22437
G1 X132.088 Y129.765 E171.24243
G1 X131.947 Y130.311 E171.26119
G1 X131.665 Y130.789 E171.27965
G1 X131.287 Y131.167 E171.29743
G1 X130.81 Y131.448 E171.31584
G1 X130.271 Y131.588 E171.33436
G0 F10500 X130.243 Y131.182
;TYPE:WALL-OUTER
G1 F3600 X129.777 Y131.188 E171.34986
G1 X129.345 Y131.075 E171.36471
G1 X128.97 Y130.853 E171.37921
G1 X128.648 Y130.538 E171.39419
G1 X128.431 Y130.163 E171.4086
G1 X128.314 Y129.745 E171.42304
G1 X128.308 Y129.277 E171.43861
G1 X128.438 Y128.824 E171.45428
G1 X128.665 Y128.443 E171.46903
G1 X129.038 Y128.066 E171.48667
G1 X129.567 Y127.852 E171.50565
G1 X129.769 Y127.811 E171.51251
G1 X130.245 Y127.814 E171.52834
G1 X130.629 Y127.918 E171.54157
G1 X131.04 Y128.148 E171.55723
G1 X131.361 Y128.482 E171.57264
G1 X131.575 Y128.845 E171.58666
G1 X131.682 Y129.253 E171.60069
G1 X131.686 Y129.727 E171.61645
G1 X131.575 Y130.156 E171.63119
G1 X131.33 Y130.558 E171.64685
G1 X131.018 Y130.861 E171.66131
G1 X130.654 Y131.075 E171.67536
G1 X130.243 Y131.182 E171.68948
G1 F2400 E171.18948
G0 F10500 X130.324 Y131.484
G0 X130.296 Y131.769
G0 X130.296 Y149.228
G0 X130.227 Y153.186
G1 F2400 E171.68948
G1 F3600 X129.753 Y153.182 E171.70525
G1 X129.344 Y153.074 E171.71932
G1 X128.943 Y152.831 E171.73491
G1 X128.647 Y152.539 E171.74874
G1 X128.418 Y152.129 E171.76436
G1 X128.308 Y151.719 E171.77848
G1 X128.308 Y151.276 E171.79322
G1 X128.428 Y150.844 E171.80813
G1 X128.644 Y150.468 E171.82255
G1 X128.971 Y150.142 E171.83791
G1 X129.344 Y149.928 E171.85221
G1 X129.778 Y149.808 E171.86719
G1 X130.245 Y149.814 E171.88272
G1 X130.629 Y149.918 E171.89595
G1 X131.04 Y150.148 E171.91162
G1 X131.361 Y150.482 E171.92703
G1 X131.575 Y150.845 E171.94104
G1 X131.682 Y151.253 E171.95507
G1 X131.686 Y151.727 E171.97084
G1 X131.575 Y152.156 E171.98558
G1 X131.33 Y152.558 E172.00123
G1 X131.018 Y152.861 E172.0157
G1 X130.654 Y153.075 E172.02974
G1 X130.227 Y153.186 E172.04442
G1 F2400 E171.54442
G0 F10500 X130.308 Y153.488
G0 X128.605 Y153.313
G0 X128.605 Y154.2
G0 X119.508 Y154.8
G1 F2400 E172.04442
G1 F3600 X133.3 Y154.8 E172.50314
G1 X133.3 Y125.2 E173.48764
G1 X103.7 Y125.2 E174.47214
G1 X103.7 Y154.8 E175.45664
G1 X119.508 Y154.8 E175.98242
G1 F2400 E175.48242
G0 F10500 X119.508 Y154.49
G0 X107.308 Y154.2
G0 X107.286 Y153.769
G0 X107.227 Y153.186
G1 F2400 E175.98242
G1 F3600 X106.753 Y153.182 E175.99818
G1 X106.344 Y153.074 E176.01225
G1 X105.943 Y152.831 E176.02785
G1 X105.647 Y152.539 E176.04168
G1 X105.418 Y152.129 E176.0573
G1 X105.31 Y151.727 E176.07114
G1 X105.308 Y151.276 E176.08614
G1 X105.438 Y150.824 E176.10178
G1 X105.666 Y150.442 E176.11658
G1 X105.942 Y150.166 E176.12956
G1 X106.324 Y149.938 E176.14436
G1 X106.777 Y149.808 E176.16003
G1 X107.245 Y149.814 E176.1756
G1 X107.629 Y149.918 E176.18883
G1 X108.029 Y150.142 E176.20408
G1 X108.342 Y150.455 E176.2188
G1 X108.572 Y150.844 E176.23383
G1 X108.682 Y151.253 E176.24792
G1 X108.688 Y151.719 E176.26342
G1 X108.575 Y152.156 E176.27843
G1 X108.33 Y152.558 E176.29409
G1 X108.018 Y152.861 E176.30856
G1 X107.654 Y153.075 E176.3226
G1 X107.227 Y153.186 E176.33728
G1 F2400 E175.83728
G0 F10500 X107.308 Y153.488
G0 X108.191 Y153.051
G0 X108.551 Y152.691
G0 X108.806 Y152.248
G0 X108.939 Y151.755
G0 X108.939 Y151.245
G0 X108.806 Y150.752
G0 X108.551 Y150.309
G0 X107.3 Y149.227
G0 X107.296 Y131.769
G0 X107.243 Y131.182
G1 F2400 E176.33728
G1 F3600 X106.777 Y131.188 E176.35278
G1 X106.344 Y131.074 E176.36767
G1 X105.943 Y130.831 E176.38326
G1 X105.647 Y130.539 E176.39709
G1 X105.418 Y130.129 E176.41271
G1 X105.31 Y129.727 E176.42656
G1 X105.308 Y129.276 E176.44156
G1 X105.438 Y128.824 E176.4572
G1 X105.666 Y128.442 E176.472
G1 X105.942 Y128.166 E176.48498
G1 X106.324 Y127.938 E176.49978
G1 X106.769 Y127.811 E176.51517
G1 X107.245 Y127.814 E176.531
G1 X107.629 Y127.918 E176.54423
G1 X108.04 Y128.148 E176.5599
G1 X108.361 Y128.482 E176.5753
G1 X108.575 Y128.845 E176.58932
G1 X108.682 Y129.253 E176.60335
G1 X108.687 Y129.72 E176.61888
G1 X108.576 Y130.147 E176.63356
G1 X108.348 Y130.538 E176.64861
G1 X108.049 Y130.838 E176.6627
G1 X107.656 Y131.072 E176.67791
G1 X107.243 Y131.182 E176.69213
G1 F2400 E176.19213
G0 F10500 X107.324 Y131.484
G0 X106.701 Y131.769
G0 X104.3 Y131.769
G0 X104.508 Y151.135
;TYPE:SKIN
G1 F2400 E176.69213
G1 F2897.4 X104.508 Y151.842 E176.72134
G0 F10500 X104.807 Y151.776
G0 X105.483 Y153.079
G0 X105 Y153.568
G1 F2637.4 X104.966 Y153.627 E176.72443
G1 X104.898 Y153.627 E176.72752
G1 X104.864 Y153.568 E176.73061
G1 X104.898 Y153.509 E176.7337
G1 X104.966 Y153.509 E176.73679
G1 X105 Y153.568 E176.73988
G1 F2400 E176.23988
G0 F10500 X105.483 Y153.079
G0 X106.701 Y153.769
G0 X106.701 Y154.2
G0 X106.641 Y153.99
G1 F2400 E176.73988
G1 F3200 X106.041 Y154.04 E176.76241
G1 F3600 X104.46 Y154.04 E176.815
G1 X104.46 Y152.446 E176.86801
G1 F3214.3 X104.508 Y151.842 E176.89058
G1 X104.726 Y152.464 E176.91514
G1 F3600 X105.04 Y153.013 E176.93617
G1 X105.48 Y153.44 E176.95656
G1 X106.021 Y153.768 E176.97761
G1 F3200 X106.641 Y153.99 E177.00225
G1 F2880 X107.342 Y153.99 E177.03139
G1 F2400 E176.53139
G0 F10500 X107.276 Y153.689
G0 X108.191 Y153.051
G0 X108.551 Y152.691
G0 X109.269 Y151.201
G0 X132.74 Y130.319
G0 X132.49 Y129.141
G1 F2400 E177.03139
G1 F2897.4 X132.493 Y129.822 E177.05954
G0 F10500 X132.8 Y129.822
G0 X132.8 Y151.141
G0 X132.49 Y151.141
G1 F2897.4 X132.493 Y151.822 E177.08768
G0 F10500 X132.8 Y151.822
G0 X132.8 Y153.565
G0 X132.133 Y153.565
G1 F2618.2 X132.099 Y153.624 E177.09079
G1 X132.031 Y153.624 E177.0939
G1 X131.997 Y153.565 E177.09702
G1 X132.031 Y153.506 E177.10013
G1 X132.099 Y153.506 E177.10324
G1 X132.133 Y153.565 E177.10635
G0 F10500 X132.54 Y154.04
G1 F3600 X130.959 Y154.04 E177.15894
G1 F3200 X130.343 Y153.99 E177.18206
G1 X130.978 Y153.765 E177.20727
G1 F3600 X131.482 Y153.469 E177.22671
G1 X131.934 Y153.026 E177.24776
G1 X132.269 Y152.475 E177.26921
G1 F3221.5 X132.493 Y151.822 E177.29487
G1 X132.54 Y152.453 E177.31839
G1 F3600 X132.54 Y154.04 E177.37117
G1 F2400 E176.87117
G0 F10500 X132.8 Y154.04
G0 X132.7 Y153.689
G0 X131.396 Y153.312
G0 X130.343 Y153.99
G1 F2400 E177.37117
G1 F2880 X129.641 Y153.99 E177.40036
G0 F10500 X129.641 Y154.3
G0 X119.348 Y154.3
G0 X119.348 Y154.04
G1 F3600 X107.953 Y154.04 E177.77936
G1 F3200 X107.342 Y153.99 E177.80229
G1 X107.975 Y153.768 E177.82739
G1 F3600 X108.487 Y153.465 E177.84718
G1 X108.957 Y153.007 E177.86901
G1 X109.29 Y152.42 E177.89146
G1 X109.448 Y151.82 E177.91209
G1 X109.442 Y151.152 E177.93431
G1 X109.284 Y150.573 E177.95427
G1 X108.954 Y149.999 E177.97629
G1 X108.522 Y149.554 E177.99692
G1 X107.948 Y149.217 E178.01906
G1 X107.321 Y149.048 E178.04066
G1 X106.648 Y149.054 E178.06304
G1 X106.055 Y149.213 E178.08346
G1 X105.488 Y149.54 E178.10523
G1 X105.061 Y149.971 E178.12541
G1 X104.731 Y150.522 E178.14677
G1 F3207.1 X104.508 Y151.135 E178.17113
G1 X104.461 Y150.538 E178.19349
G1 F3600 X104.46 Y130.446 E178.86175
G1 F3214.3 X104.508 Y129.842 E178.88432
G1 X104.726 Y130.464 E178.90887
G1 F3600 X105.04 Y131.013 E178.92991
G1 X105.48 Y131.44 E178.9503
G1 X106.045 Y131.783 E178.97228
G1 X106.677 Y131.948 E178.99401
G1 X107.343 Y131.942 E179.01616
G1 X107.923 Y131.788 E179.03612
G1 X108.517 Y131.441 E179.059
G1 X108.952 Y131.002 E179.07956
G1 X109.276 Y130.455 E179.1007
G1 X109.434 Y129.847 E179.12159
G1 X109.449 Y129.182 E179.14372
G1 X109.283 Y128.546 E179.16558
G1 X108.968 Y128.017 E179.18606
G1 X108.51 Y127.541 E179.20803
G1 X107.92 Y127.206 E179.23059
G1 X107.344 Y127.054 E179.25041
G1 X106.681 Y127.05 E179.27246
G1 X106.055 Y127.213 E179.29398
G1 X105.488 Y127.54 E179.31575
G1 X105.061 Y127.971 E179.33592
G1 X104.731 Y128.522 E179.35729
G1 F3207.1 X104.508 Y129.135 E179.38164
G1 X104.461 Y128.538 E179.404
G1 F3600 X104.46 Y125.96 E179.48974
G1 X132.54 Y125.96 E180.42369
G1 X132.54 Y128.541 E180.50953
G1 F3200 X132.49 Y129.141 E180.53206
G1 X132.269 Y128.522 E180.55665
G1 F3600 X131.969 Y128.014 E180.57627
G1 X131.507 Y127.54 E180.59829
G1 X130.92 Y127.206 E180.62075
G1 X130.344 Y127.054 E180.64057
G1 X129.685 Y127.05 E180.66249
G1 X129.264 Y127.153 E180.6769
G1 X128.787 Y127.347 E180.69403
G1 X128.496 Y127.537 E180.70559
G1 X128.061 Y127.971 E180.72602
G1 X127.717 Y128.546 E180.74831
G1 X127.548 Y129.17 E180.76981
G1 X127.554 Y129.819 E180.7914
G1 X127.715 Y130.434 E180.81254
G1 X128.036 Y131.002 E180.83424
G1 X128.495 Y131.454 E180.85567
G1 X129.075 Y131.787 E180.87791
G1 X129.675 Y131.948 E180.89858
G1 X130.343 Y131.942 E180.92079
G1 X130.951 Y131.783 E180.9417
G1 X131.482 Y131.469 E180.96221
G1 X131.934 Y131.031 E180.98315
G1 X132.269 Y130.474 E181.00477
G1 F3221.5 X132.493 Y129.822 E181.03039
G1 X132.54 Y130.453 E181.05391
G1 F3600 X132.54 Y150.541 E181.72204
G1 F3200 X132.49 Y151.141 E181.74457
G1 X132.269 Y150.522 E181.76916
G1 F3600 X131.969 Y150.014 E181.78878
G1 X131.509 Y149.536 E181.81085
G1 X130.944 Y149.212 E181.83251
G1 X130.32 Y149.048 E181.85397
G1 X129.648 Y149.054 E181.87632
G1 X129.068 Y149.209 E181.89629
G1 X128.475 Y149.558 E181.91917
G1 X128.044 Y149.988 E181.93942
G1 X127.709 Y150.571 E181.96179
G1 X127.548 Y151.171 E181.98245
G1 X127.554 Y151.839 E182.00467
G1 X127.712 Y152.441 E182.02537
G1 X128.04 Y153.008 E182.04716
G1 X128.479 Y153.439 E182.06762
G1 X129.021 Y153.768 E182.08871
G1 F3200 X129.641 Y153.99 E182.11335
G1 X129.041 Y154.04 E182.13588
G1 F3600 X119.348 Y154.04 E182.45827
G1 F2400 E181.95827
G0 F10500 X119.348 Y154.3
G0 X104.272 Y154.228
G0 X104.2 Y129.135
G0 X104.508 Y129.135
G1 F2400 E182.45827
G1 F2897.4 X104.508 Y129.842 E182.48748
G1 F2400 E181.98748
G0 F10500 X104.807 Y129.776
G0 X105.184 Y128.103
G0 X104.3 Y128.103
G0 X104.66 Y126.705
G1 F2400 E182.48748
G1 F3600 X105.205 Y126.16 E182.51312
G0 F10500 X105.771 Y126.16
G1 F3600 X104.661 Y127.27 E182.56533
G0 F10500 X104.661 Y127.836
G1 F3600 X106.337 Y126.16 E182.64416
G0 F10500 X106.903 Y126.16
G1 F3600 X106.058 Y127.005 E182.68391
G0 F10500 X106.776 Y126.852
G1 F3600 X107.468 Y126.16 E182.71646
G0 F10500 X108.034 Y126.16
G1 F3600 X107.345 Y126.849 E182.74887
G0 F10500 X107.793 Y126.967
G1 F3600 X108.6 Y126.16 E182.78683
G0 F10500 X109.165 Y126.16
G1 F3600 X108.197 Y127.129 E182.83238
G0 F10500 X108.554 Y127.336
G1 F3600 X109.731 Y126.16 E182.88772
G0 F10500 X110.297 Y126.16
G1 F3600 X108.852 Y127.604 E182.95567
G0 F10500 X109.128 Y127.894
G1 F3600 X110.862 Y126.16 E183.03723
G0 F10500 X111.428 Y126.16
G1 F3600 X109.339 Y128.249 E183.13549
G0 F10500 X109.515 Y128.639
G1 F3600 X111.994 Y126.16 E183.25209
G0 F10500 X112.559 Y126.16
G1 F3600 X109.631 Y129.088 E183.38982
G0 F10500 X109.643 Y129.642
G1 F3600 X113.125 Y126.16 E183.5536
G0 F10500 X113.691 Y126.16
G1 F3600 X109.515 Y130.336 E183.75002
G0 F10500 X109.071 Y130.222
G0 X107.72 Y131.575
G0 X107.834 Y132.017
G1 F3600 X104.661 Y135.19 E183.89927
G0 F10500 X104.661 Y135.755
G1 F3600 X114.256 Y126.16 E184.35059
G0 F10500 X114.822 Y126.16
G1 F3600 X104.661 Y136.321 E184.82853
G0 F10500 X104.661 Y136.887
G1 F3600 X115.388 Y126.16 E185.3331
G0 F10500 X115.953 Y126.16
G1 F3600 X104.661 Y137.452 E185.86424
G0 F10500 X104.661 Y138.018
G1 F3600 X116.519 Y126.16 E186.42201
G0 F10500 X117.085 Y126.16
G1 F3600 X104.661 Y138.584 E187.00639
G0 F10500 X104.661 Y139.149
G1 F3600 X117.651 Y126.16 E187.61738
G0 F10500 X118.216 Y126.16
G1 F3600 X104.661 Y139.715 E188.25496
G0 F10500 X104.661 Y140.281
G1 F3600 X118.782 Y126.16 E188.91917
G0 F10500 X119.348 Y126.16
G1 F3600 X104.661 Y140.846 E189.60998
G0 F10500 X104.661 Y141.412
G1 F3600 X119.913 Y126.16 E190.32739
G0 F10500 X120.479 Y126.16
G1 F3600 X104.661 Y141.978 E191.07142
G0 F10500 X104.661 Y142.544
G1 F3600 X121.045 Y126.16 E191.84207
G0 F10500 X121.61 Y126.16
G1 F3600 X104.661 Y143.109 E192.6393
G0 F10500 X104.661 Y143.675
G1 F3600 X122.176 Y126.16 E193.46315
G0 F10500 X122.742 Y126.16
G1 F3600 X104.661 Y144.241 E194.31363
G0 F10500 X104.661 Y144.806
G1 F3600 X123.307 Y126.16 E195.19068
G0 F10500 X123.873 Y126.16
G1 F3600 X104.661 Y145.372 E196.09435
G0 F10500 X104.661 Y145.938
G1 F3600 X124.439 Y126.16 E197.02465
G0 F10500 X125.004 Y126.16
G1 F3600 X104.661 Y146.503 E197.98152
G0 F10500 X104.661 Y147.069
G1 F3600 X125.57 Y126.16 E198.96501
G0 F10500 X126.136 Y126.16
G1 F3600 X104.661 Y147.635 E199.97513
G0 F10500 X104.661 Y148.2
G1 F3600 X126.702 Y126.16 E201.01185
G0 F10500 X127.267 Y126.16
G1 F3600 X104.661 Y148.766 E202.07517
G0 F10500 X104.661 Y149.332
G1 F3600 X127.833 Y126.16 E203.16511
G0 F10500 X128.399 Y126.16
G1 F3600 X104.661 Y149.897 E204.28165
G1 F2400 E203.78165
G0 F10500 X104.2 Y149.897
G0 X104.3 Y149.43
G0 X105.184 Y150.103
G0 X106.141 Y148.983
G1 F2400 E204.28165
G1 F3600 X128.964 Y126.16 E205.35517
G0 F10500 X129.53 Y126.16
G1 F3600 X106.842 Y148.848 E206.42234
G0 F10500 X107.395 Y148.861
G1 F3600 X127.435 Y128.82 E207.36499
G0 F10500 X127.348 Y129.473
G1 F3600 X107.838 Y148.983 E208.28268
G0 F10500 X108.233 Y149.154
G1 F3600 X127.392 Y129.995 E209.18386
G0 F10500 X127.511 Y130.441
G1 F3600 X108.59 Y149.363 E210.07387
G0 F10500 X108.88 Y149.638
G1 F3600 X127.703 Y130.815 E210.95925
G0 F10500 X127.918 Y131.165
G1 F3600 X109.146 Y149.938 E211.84225
G0 F10500 X109.354 Y150.296
G1 F3600 X128.201 Y131.448 E212.72877
G0 F10500 X128.519 Y131.697
G1 F3600 X109.523 Y150.692 E213.62226
G0 F10500 X109.645 Y151.136
G1 F3600 X128.878 Y131.903 E214.52693
G0 F10500 X129.294 Y132.053
G1 F3600 X109.648 Y151.698 E215.45099
G0 F10500 X109.499 Y152.413
G1 F3600 X129.764 Y132.148 E216.40419
G0 F10500 X130.33 Y132.148
G1 F3600 X108.638 Y153.84 E217.42452
G0 F10500 X109.203 Y153.84
G1 F3600 X131.143 Y131.901 E218.45649
G0 F10500 X130.911 Y131.504
G0 X131.396 Y131.312
G0 X132.7 Y131.312
G0 X132.34 Y131.835
G1 F3600 X110.335 Y153.84 E219.49153
G0 F10500 X110.901 Y153.84
G1 F3600 X132.34 Y132.401 E220.49996
G0 F10500 X132.34 Y132.966
G1 F3600 X111.466 Y153.84 E221.48181
G0 F10500 X112.032 Y153.84
G1 F3600 X132.34 Y133.532 E222.43703
G0 F10500 X132.34 Y134.098
G1 F3600 X112.598 Y153.84 E223.36564
G0 F10500 X113.163 Y153.84
G1 F3600 X132.34 Y134.664 E224.26764
G0 F10500 X132.34 Y135.229
G1 F3600 X113.729 Y153.84 E225.14304
G0 F10500 X114.295 Y153.84
G1 F3600 X132.34 Y135.795 E225.99183
G0 F10500 X132.34 Y136.361
G1 F3600 X114.86 Y153.84 E226.81401
G0 F10500 X115.426 Y153.84
G1 F3600 X132.34 Y136.926 E227.60959
G0 F10500 X132.34 Y137.492
G1 F3600 X115.992 Y153.84 E228.37855
G0 F10500 X116.557 Y153.84
G1 F3600 X132.34 Y138.058 E229.12091
G0 F10500 X132.34 Y138.623
G1 F3600 X117.123 Y153.84 E229.83667
G0 F10500 X117.689 Y153.84
G1 F3600 X132.34 Y139.189 E230.52581
G0 F10500 X132.34 Y139.755
G1 F3600 X118.254 Y153.84 E231.18835
G0 F10500 X118.82 Y153.84
G1 F3600 X132.34 Y140.32 E231.82429
G0 F10500 X132.34 Y140.886
G1 F3600 X119.386 Y153.84 E232.4336
G0 F10500 X119.951 Y153.84
G1 F3600 X132.34 Y141.452 E233.01632
G0 F10500 X132.34 Y142.017
G1 F3600 X120.517 Y153.84 E233.57244
G0 F10500 X121.083 Y153.84
G1 F3600 X132.34 Y142.583 E234.10193
G0 F10500 X132.34 Y143.149
G1 F3600 X121.649 Y153.84 E234.60481
G0 F10500 X122.214 Y153.84
G1 F3600 X132.34 Y143.715 E235.08108
G0 F10500 X132.34 Y144.28
G1 F3600 X122.78 Y153.84 E235.53075
G0 F10500 X123.346 Y153.84
G1 F3600 X132.34 Y144.846 E235.9538
G0 F10500 X132.34 Y145.412
G1 F3600 X128.367 Y149.384 E236.14066
G1 X123.911 Y153.84 E236.35025
G0 F10500 X124.477 Y153.84
G1 F3600 X127.412 Y150.905 E236.48831
G0 F10500 X127.348 Y151.535
G1 F3600 X125.043 Y153.84 E236.59673
G0 F10500 X125.608 Y153.84
G1 F3600 X127.402 Y152.047 E236.68109
G0 F10500 X127.52 Y152.495
G1 F3600 X126.174 Y153.84 E236.74437
G0 F10500 X126.74 Y153.84
G1 F3600 X127.722 Y152.858 E236.79057
G0 F10500 X127.947 Y153.198
G1 F3600 X127.305 Y153.84 E236.82076
G0 F10500 X127.871 Y153.84
G1 F3600 X128.233 Y153.478 E236.83779
G0 F10500 X128.554 Y153.723
G1 F3600 X128.437 Y153.84 E236.84329
G1 F2400 E236.34329
G0 F10500 X128.437 Y154.3
G0 X129.523 Y154.2
G0 X129.642 Y153.753
G0 X129.403 Y148.915
G1 F2400 E236.84329
G1 F3600 X132.34 Y145.977 E236.98146
G0 F10500 X132.34 Y146.543
G1 F3600 X130.035 Y148.848 E237.08988
G0 F10500 X130.547 Y148.902
G1 F3600 X132.34 Y147.109 E237.17422
G0 F10500 X132.34 Y147.674
G1 F3600 X130.995 Y149.019 E237.23749
G0 F10500 X131.359 Y149.221
G1 F3600 X132.34 Y148.24 E237.28363
G0 F10500 X132.34 Y148.806
G1 F3600 X131.701 Y149.445 E237.31369
G0 F10500 X131.98 Y149.731
G1 F3600 X132.34 Y149.371 E237.33062
G0 F10500 X132.34 Y149.937
G1 F3600 X132.224 Y150.053 E237.33608
G1 F2400 E236.83608
G0 F10500 X131.826 Y150.286
G0 X130.875 Y149.383
G0 X132.7 Y149.383
G0 X132.34 Y131.269
G1 F2400 E237.33608
G1 F3600 X109.769 Y153.84 E238.39775
G0 F10500 X109.769 Y154.3
G0 X104.272 Y154.228
G0 X104.2 Y134.624
G0 X104.661 Y134.624
G1 F3600 X107.137 Y132.148 E238.51421
G0 F10500 X106.589 Y132.131
G1 F3600 X104.661 Y134.058 E238.60487
G0 F10500 X104.661 Y133.493
G1 F3600 X106.14 Y132.014 E238.67444
G0 F10500 X105.749 Y131.839
G1 F3600 X104.661 Y132.927 E238.72562
G0 F10500 X104.661 Y132.361
G1 F3600 X105.395 Y131.627 E238.76014
G0 F10500 X105.104 Y131.352
G1 F3600 X104.661 Y131.796 E238.781
G0 F10500 X104.661 Y131.23
G1 F3600 X104.834 Y131.057 E238.78914
G1 F2400 E238.28914
G0 F10500 X105.235 Y130.825
G0 X106.252 Y131.306
G0 X106.745 Y131.439
G0 X107.255 Y131.439
G0 X107.748 Y131.306
G0 X108.191 Y131.051
G0 X108.551 Y130.691
G0 X109.27 Y129.206
G0 X128.184 Y128.103
G0 X129.321 Y126.934
G1 F2400 E238.78914
G1 F3600 X130.096 Y126.16 E238.82557
G0 F10500 X130.661 Y126.16
G1 F3600 X129.97 Y126.851 E238.85807
G0 F10500 X130.498 Y126.889
G1 F3600 X131.227 Y126.16 E238.89236
G0 F10500 X131.793 Y126.16
G1 F3600 X130.946 Y127.007 E238.9322
G0 F10500 X131.319 Y127.199
G1 F3600 X132.34 Y126.178 E238.98023
G0 F10500 X132.34 Y126.744
G1 F3600 X131.668 Y127.416 E239.01184
G0 F10500 X131.95 Y127.7
G1 F3600 X132.34 Y127.31 E239.03018
G0 F10500 X132.34 Y127.875
G1 F3600 X132.201 Y128.014 E239.03672
G1 F2400 E238.53672
;MESH:NONMESH
G0 F300 X132.201 Y128.014 Z0.6
G0 F10500 X131.803 Y128.247
G0 X131.939 Y129.245
G0 X131.939 Y129.755
G0 X131.806 Y130.248
G0 X131.551 Y130.691
G0 X131.191 Y131.051
G0 X130.748 Y131.306
G0 X129.142 Y131.622
G0 X114 Y166.538
;TIME_ELAPSED:348.140294
;LAYER:2
M106 S170
;TYPE:SUPPORT
G1 F2400 E239.03672
G1 F6000 X114.031 Y166.629 E239.03992
G1 X114.18 Y166.936 E239.05127
G1 X114.414 Y167.291 E239.06541
G1 X114.668 Y167.579 E239.07818
G1 X115.062 Y167.92 E239.09551
G1 X115.415 Y168.395 E239.1152
G1 X115.468 Y168.447 E239.11767
G1 X115.721 Y168.979 E239.13726
G1 X115.799 Y169.29 E239.14792
G1 X115.796 Y170.797 E239.19805
G1 X115.552 Y171.437 E239.22083
G1 X115.185 Y171.858 E239.2394
G1 X115.016 Y171.983 E239.24639
G1 X114.747 Y172.204 E239.25797
G1 X114.409 Y172.552 E239.27411
G1 X114.175 Y172.909 E239.28831
G1 X114.007 Y173.266 E239.30143
G1 X114 Y173.288 E239.3022
G1 X114 Y166.538 E239.5267
G1 X113.884 Y166.196 E239.53871
G1 X113.827 Y165.807 E239.55179
G1 X113.8 Y165.354 E239.56688
G1 X113.8 Y156.2 E239.87135
G1 X113.6 Y156.2 E239.878
G1 X113.6 Y156 E239.88465
G1 X112 Y156 E239.93787
G1 X112 Y175.8 E240.59642
G1 X110.201 Y175.8 E240.65625
G1 X110.198 Y174.241 E240.70811
G1 X110.134 Y173.772 E240.72385
G1 X110.001 Y173.323 E240.73942
G1 X109.795 Y172.895 E240.75522
G1 X109.54 Y172.541 E240.76973
G1 X109.27 Y172.252 E240.78289
G1 X108.996 Y172.002 E240.79523
G1 X108.506 Y171.519 E240.81811
G1 X108.258 Y170.974 E240.83802
G1 X108.201 Y170.713 E240.84691
G1 X108.204 Y169.203 E240.89713
G1 X108.46 Y168.533 E240.92099
G1 X108.796 Y168.157 E240.93776
G1 X109.038 Y167.978 E240.94777
G1 X109.3 Y167.752 E240.95928
G1 X109.544 Y167.494 E240.97109
G1 X109.792 Y167.134 E240.98563
G1 X110 Y166.723 E241.00095
G1 X110 Y173.32 E241.22037
G1 F2400 E240.72037
G0 F15000 X109.193 Y173.636
G0 X109.349 Y176.653
G0 X114.653 Y176.653
G0 X121.393 Y172.622
G0 X122 Y172.005
G1 F2400 E241.22037
G1 F6000 X122 Y168.004 E241.35344
G1 X121.794 Y168.159 E241.36202
G1 X121.46 Y168.533 E241.37869
G1 X121.204 Y169.203 E241.40255
G1 X121.201 Y170.713 E241.45277
G1 X121.258 Y170.974 E241.46166
G1 X121.506 Y171.519 E241.48157
G1 X122 Y172.005 E241.50462
G1 X122.27 Y172.252 E241.51679
G1 X122.54 Y172.541 E241.52995
G1 X122.795 Y172.895 E241.54446
G1 X123.001 Y173.323 E241.56026
G1 X123.134 Y173.772 E241.57583
G1 X123.198 Y174.241 E241.59158
G1 X123.201 Y175.8 E241.64343
G1 X124 Y175.8 E241.67
G1 X124 Y156 E242.32855
G1 X126 Y156 E242.39507
G1 X126 Y175.8 E243.05362
G1 X126.8 Y175.8 E243.08023
G1 X126.8 Y174.344 E243.12866
G1 X126.822 Y173.978 E243.14085
G1 X126.903 Y173.585 E243.1542
G1 X127.007 Y173.266 E243.16536
G1 X127.175 Y172.909 E243.17848
G1 X127.409 Y172.552 E243.19268
G1 X127.747 Y172.204 E243.20882
G1 X128.016 Y171.983 E243.2204
G1 X128.185 Y171.858 E243.22739
G1 X128.552 Y171.437 E243.24596
G1 X128.796 Y170.797 E243.26874
G1 X128.799 Y169.29 E243.31887
G1 X128.736 Y169.019 E243.32812
G1 X128.48 Y168.46 E243.34857
G1 X128 Y167.994 E243.37082
G1 X128 Y171.997 E243.50396
G1 F2400 E243.00396
;MESH:Limiter bracketV2.stl
G0 F15000 X130.283 Y153.749
G0 X130.265 Y153.588
;TYPE:WALL-INNER
G1 F2400 E243.50396
G1 F6000 X129.723 Y153.588 E243.52199
G1 X129.191 Y153.448 E243.54028
G1 X128.713 Y153.166 E243.55874
G1 X128.33 Y152.789 E243.57662
G1 X128.052 Y152.306 E243.59515
G1 X127.908 Y151.771 E243.61358
G1 X127.908 Y151.218 E243.63197
G1 X128.061 Y150.686 E243.65039
G1 X128.335 Y150.207 E243.66874
G1 X128.71 Y149.832 E243.68638
G1 X129.186 Y149.561 E243.7046
G1 X129.718 Y149.408 E243.72301
G1 X130.275 Y149.408 E243.74153
G1 X130.806 Y149.552 E243.75983
G1 X131.288 Y149.83 E243.77834
G1 X131.666 Y150.212 E243.79621
G1 X131.945 Y150.686 E243.81451
G1 X132.088 Y151.222 E243.83296
G1 X132.088 Y151.765 E243.85102
G1 X131.947 Y152.311 E243.86977
G1 X131.665 Y152.789 E243.88823
G1 X131.289 Y153.165 E243.90592
G1 X130.809 Y153.448 E243.92445
G1 X130.265 Y153.588 E243.94314
G1 F2400 E243.44314
G0 F15000 X128.605 Y153.313
G0 X128.605 Y154.2
G0 X119.424 Y154.4
G1 F2400 E243.94314
G1 F6000 X132.9 Y154.4 E244.39135
G1 X132.9 Y125.6 E245.34924
G1 X104.1 Y125.6 E246.30713
G1 X104.1 Y154.4 E247.26502
G1 X119.424 Y154.4 E247.7747
G1 F2400 E247.2747
G0 F15000 X107.265 Y154.2
G0 X107.265 Y153.768
G0 X107.265 Y153.588
G1 F2400 E247.7747
G1 F6000 X106.723 Y153.588 E247.79273
G1 X106.191 Y153.448 E247.81103
G1 X105.713 Y153.166 E247.82949
G1 X105.33 Y152.789 E247.84736
G1 X105.051 Y152.305 E247.86594
G1 X104.908 Y151.766 E247.88449
G1 X104.908 Y151.222 E247.90258
G1 X105.053 Y150.691 E247.92089
G1 X105.329 Y150.213 E247.93925
G1 X105.713 Y149.829 E247.95731
G1 X106.191 Y149.553 E247.97567
G1 X106.722 Y149.408 E247.99398
G1 X107.279 Y149.408 E248.0125
G1 X107.814 Y149.56 E248.031
G1 X108.286 Y149.83 E248.04909
G1 X108.676 Y150.226 E248.06757
G1 X108.939 Y150.685 E248.08517
G1 X109.088 Y151.219 E248.10361
G1 X109.088 Y151.771 E248.12197
G1 X108.948 Y152.31 E248.14049
G1 X108.667 Y152.787 E248.1589
G1 X108.289 Y153.165 E248.17668
G1 X107.809 Y153.448 E248.19522
G1 X107.265 Y153.588 E248.2139
G1 F2400 E247.7139
G0 F15000 X108.191 Y153.051
G0 X108.551 Y152.691
G0 X108.806 Y152.248
G0 X108.939 Y151.755
G0 X108.939 Y151.245
G0 X108.806 Y150.752
G0 X108.551 Y150.309
G0 X107.275 Y149.228
G0 X107.275 Y131.768
G0 X107.275 Y131.588
G1 F2400 E248.2139
G1 F6000 X106.723 Y131.588 E248.23226
G1 X106.19 Y131.448 E248.25059
G1 X105.715 Y131.169 E248.26891
G1 X105.33 Y130.788 E248.28692
G1 X105.051 Y130.305 E248.30548
G1 X104.908 Y129.766 E248.32402
G1 X104.908 Y129.222 E248.34212
G1 X105.053 Y128.691 E248.36043
G1 X105.329 Y128.213 E248.37878
G1 X105.713 Y127.829 E248.39685
G1 X106.193 Y127.552 E248.41528
G1 X106.734 Y127.408 E248.4339
G1 X107.275 Y127.408 E248.45189
G1 X107.806 Y127.552 E248.47019
G1 X108.288 Y127.83 E248.4887
G1 X108.669 Y128.215 E248.50671
G1 X108.948 Y128.69 E248.52504
G1 X109.089 Y129.226 E248.54347
G1 X109.083 Y129.774 E248.5617
G1 X108.941 Y130.321 E248.58049
G1 X108.662 Y130.792 E248.5987
G1 X108.279 Y131.173 E248.61667
G1 X107.814 Y131.439 E248.63449
G1 X107.275 Y131.588 E248.65309
G1 F2400 E248.15309
G0 F15000 X108.403 Y131.306
G0 X128.599 Y131.308
G0 X130.271 Y131.588
G1 F2400 E248.65309
G1 F6000 X129.719 Y131.588 E248.67145
G1 X129.185 Y131.439 E248.68989
G1 X128.721 Y131.173 E248.70767
G1 X128.329 Y130.785 E248.72602
G1 X128.05 Y130.289 E248.74495
G1 X127.914 Y129.778 E248.76253
G1 X127.907 Y129.226 E248.7809
G1 X128.053 Y128.691 E248.79934
G1 X128.327 Y128.217 E248.81755
G1 X128.725 Y127.814 E248.83639
G1 X128.923 Y127.681 E248.84432
G1 X129.379 Y127.493 E248.86073
G1 X129.738 Y127.408 E248.873
G1 X130.275 Y127.408 E248.89086
G1 X130.806 Y127.552 E248.90916
G1 X131.288 Y127.83 E248.92766
G1 X131.666 Y128.212 E248.94554
G1 X131.945 Y128.686 E248.96383
G1 X132.088 Y129.222 E248.98228
G1 X132.088 Y129.765 E249.00034
G1 X131.947 Y130.311 E249.0191
G1 X131.665 Y130.789 E249.03756
G1 X131.287 Y131.167 E249.05534
G1 X130.81 Y131.448 E249.07375
G1 X130.271 Y131.588 E249.09227
G0 F15000 X130.243 Y131.182
;TYPE:WALL-OUTER
G1 F6000 X129.777 Y131.188 E249.10777
G1 X129.345 Y131.075 E249.12263
G1 X128.982 Y130.861 E249.13664
G1 X128.648 Y130.538 E249.15209
G1 X128.431 Y130.163 E249.1665
G1 X128.314 Y129.745 E249.18094
G1 X128.308 Y129.277 E249.19651
G1 X128.438 Y128.824 E249.21218
G1 X128.665 Y128.443 E249.22693
G1 X129.038 Y128.066 E249.24457
G1 X129.567 Y127.852 E249.26355
G1 X129.769 Y127.811 E249.27041
G1 X130.245 Y127.814 E249.28624
G1 X130.629 Y127.918 E249.29947
G1 X131.04 Y128.148 E249.31514
G1 X131.361 Y128.482 E249.33055
G1 X131.575 Y128.845 E249.34456
G1 X131.682 Y129.253 E249.35859
G1 X131.686 Y129.727 E249.37436
G1 X131.575 Y130.156 E249.38909
G1 X131.33 Y130.558 E249.40475
G1 X131.018 Y130.861 E249.41922
G1 X130.654 Y131.075 E249.43326
G1 X130.243 Y131.182 E249.44739
G1 F2400 E248.94739
G0 F15000 X130.324 Y131.484
G0 X130.296 Y131.769
G0 X130.296 Y149.228
G0 X130.227 Y153.186
G1 F2400 E249.44739
G1 F6000 X129.753 Y153.182 E249.46315
G1 X129.344 Y153.074 E249.47722
G1 X128.943 Y152.831 E249.49282
G1 X128.647 Y152.539 E249.50665
G1 X128.418 Y152.129 E249.52227
G1 X128.308 Y151.719 E249.53639
G1 X128.308 Y151.276 E249.55112
G1 X128.428 Y150.844 E249.56603
G1 X128.644 Y150.468 E249.58045
G1 X128.971 Y150.142 E249.59581
G1 X129.344 Y149.928 E249.61012
G1 X129.778 Y149.808 E249.62509
G1 X130.245 Y149.814 E249.64063
G1 X130.629 Y149.918 E249.65386
G1 X131.04 Y150.148 E249.66952
G1 X131.361 Y150.482 E249.68493
G1 X131.575 Y150.845 E249.69895
G1 X131.682 Y151.253 E249.71297
G1 X131.686 Y151.727 E249.72874
G1 X131.575 Y152.156 E249.74348
G1 X131.33 Y152.558 E249.75914
G1 X131.018 Y152.861 E249.7736
G1 X130.654 Y153.075 E249.78765
G1 X130.227 Y153.186 E249.80232
G1 F2400 E249.30232
G0 F15000 X130.308 Y153.488
G0 X128.605 Y153.313
G0 X128.605 Y154.2
G0 X119.508 Y154.8
G1 F2400 E249.80232
G1 F6000 X133.3 Y154.8 E250.26104
G1 X133.3 Y125.2 E251.24554
G1 X103.7 Y125.2 E252.23004
G1 X103.7 Y154.8 E253.21454
G1 X119.508 Y154.8 E253.74032
G1 F2400 E253.24032
G0 F15000 X119.508 Y154.49
G0 X107.308 Y154.2
G0 X107.286 Y153.769
G0 X107.227 Y153.186
G1 F2400 E253.74032
G1 F6000 X106.753 Y153.182 E253.75609
G1 X106.344 Y153.074 E253.77016
G1 X105.943 Y152.831 E253.78575
G1 X105.647 Y152.539 E253.79958
G1 X105.418 Y152.129 E253.8152
G1 X105.31 Y151.727 E253.82904
G1 X105.308 Y151.276 E253.84404
G1 X105.438 Y150.824 E253.85969
G1 X105.666 Y150.442 E253.87448
G1 X105.942 Y150.166 E253.88747
G1 X106.324 Y149.938 E253.90226
G1 X106.777 Y149.808 E253.91794
G1 X107.245 Y149.814 E253.9335
G1 X107.629 Y149.918 E253.94674
G1 X108.029 Y150.142 E253.96198
G1 X108.342 Y150.455 E253.97671
G1 X108.572 Y150.844 E253.99174
G1 X108.682 Y151.253 E254.00582
G1 X108.688 Y151.719 E254.02133
G1 X108.575 Y152.156 E254.03634
G1 X108.33 Y152.558 E254.052
G1 X108.018 Y152.861 E254.06646
G1 X107.654 Y153.075 E254.08051
G1 X107.227 Y153.186 E254.09518
G1 F2400 E253.59518
G0 F15000 X107.308 Y153.488
G0 X108.191 Y153.051
G0 X108.551 Y152.691
G0 X108.806 Y152.248
G0 X108.939 Y151.755
G0 X108.939 Y151.245
G0 X108.806 Y150.752
G0 X108.551 Y150.309
G0 X107.3 Y149.227
G0 X107.296 Y131.769
G0 X107.243 Y131.182
G1 F2400 E254.09518
G1 F6000 X106.777 Y131.188 E254.11068
G1 X106.344 Y131.074 E254.12557
G1 X105.943 Y130.831 E254.14117
G1 X105.647 Y130.539 E254.155
G1 X105.418 Y130.129 E254.17062
G1 X105.31 Y129.727 E254.18446
G1 X105.308 Y129.276 E254.19946
G1 X105.438 Y128.824 E254.2151
G1 X105.666 Y128.442 E254.2299
G1 X105.942 Y128.166 E254.24288
G1 X106.324 Y127.938 E254.25768
G1 X106.769 Y127.811 E254.27307
G1 X107.245 Y127.814 E254.2889
G1 X107.629 Y127.918 E254.30214
G1 X108.04 Y128.148 E254.3178
G1 X108.361 Y128.482 E254.33321
G1 X108.575 Y128.845 E254.34722
G1 X108.682 Y129.253 E254.36125
G1 X108.687 Y129.72 E254.37679
G1 X108.576 Y130.147 E254.39146
G1 X108.348 Y130.538 E254.40651
G1 X108.049 Y130.838 E254.4206
G1 X107.655 Y131.075 E254.43589
G1 X107.243 Y131.182 E254.45005
G1 F2400 E253.95005
G0 F15000 X107.324 Y131.484
G0 X106.701 Y131.769
G0 X104.3 Y131.769
G0 X104.508 Y151.135
;TYPE:SKIN
G1 F2400 E254.45005
G1 F4829 X104.508 Y151.842 E254.47927
G0 F15000 X104.807 Y151.776
G0 X105.483 Y153.079
G0 X105 Y153.568
G1 F4395.6 X104.966 Y153.627 E254.48236
G1 X104.898 Y153.627 E254.48545
G1 X104.864 Y153.568 E254.48854
G1 X104.898 Y153.509 E254.49163
G1 X104.966 Y153.509 E254.49472
G1 X105 Y153.568 E254.49781
G1 F2400 E253.99781
G0 F15000 X105.483 Y153.079
G0 X106.701 Y153.769
G0 X106.701 Y154.2
G0 X106.641 Y153.99
G1 F2400 E254.49781
G1 F5333.3 X106.041 Y154.04 E254.52034
G1 F6000 X104.46 Y154.04 E254.57292
G1 X104.46 Y152.446 E254.62594
G1 F5357.1 X104.508 Y151.842 E254.64851
G1 X104.726 Y152.464 E254.67306
G1 F6000 X105.04 Y153.013 E254.6941
G1 X105.48 Y153.44 E254.71449
G1 X106.021 Y153.768 E254.73553
G1 F5333.3 X106.641 Y153.99 E254.76017
G1 F4800 X107.342 Y153.99 E254.78932
G1 F2400 E254.28932
G0 F15000 X107.276 Y153.689
G0 X108.191 Y153.051
G0 X108.551 Y152.691
G0 X109.269 Y151.201
G0 X132.74 Y130.319
G0 X132.49 Y129.141
G1 F2400 E254.78932
G1 F4829 X132.493 Y129.822 E254.81746
G0 F15000 X132.8 Y129.822
G0 X132.8 Y151.141
G0 X132.49 Y151.141
G1 F4829 X132.493 Y151.822 E254.8456
G0 F15000 X132.8 Y151.822
G0 X132.8 Y153.565
G0 X132.133 Y153.565
G1 F4363.6 X132.099 Y153.624 E254.84872
G1 X132.031 Y153.624 E254.85183
G1 X131.997 Y153.565 E254.85494
G1 X132.031 Y153.506 E254.85806
G1 X132.099 Y153.506 E254.86117
G1 X132.133 Y153.565 E254.86428
G0 F15000 X132.54 Y154.04
G1 F6000 X130.959 Y154.04 E254.91686
G1 F5333.3 X130.343 Y153.99 E254.93999
G1 X130.978 Y153.765 E254.9652
G1 F6000 X131.482 Y153.469 E254.98464
G1 X131.934 Y153.026 E255.00569
G1 X132.269 Y152.475 E255.02714
G1 F5369.1 X132.493 Y151.822 E255.05279
G1 X132.54 Y152.453 E255.07631
G1 F6000 X132.54 Y154.04 E255.1291
G1 F2400 E254.6291
G0 F15000 X132.8 Y154.04
G0 X132.7 Y153.689
G0 X131.396 Y153.312
G0 X130.343 Y153.99
G1 F2400 E255.1291
G1 F4800 X129.641 Y153.99 E255.15828
G0 F15000 X129.641 Y154.3
G0 X119.348 Y154.3
G0 X119.348 Y154.04
G1 F6000 X107.953 Y154.04 E255.53728
G1 F5333.3 X107.342 Y153.99 E255.56022
G1 X107.975 Y153.768 E255.58532
G1 F6000 X108.487 Y153.465 E255.60511
G1 X108.957 Y153.007 E255.62693
G1 X109.29 Y152.42 E255.64938
G1 X109.448 Y151.82 E255.67002
G1 X109.442 Y151.152 E255.69224
G1 X109.284 Y150.573 E255.7122
G1 X108.954 Y149.999 E255.73422
G1 X108.522 Y149.554 E255.75485
G1 X107.948 Y149.217 E255.77699
G1 X107.321 Y149.048 E255.79858
G1 X106.648 Y149.054 E255.82097
G1 X106.055 Y149.213 E255.84139
G1 X105.488 Y149.54 E255.86316
G1 X105.061 Y149.971 E255.88334
G1 X104.731 Y150.522 E255.9047
G1 F5345.2 X104.508 Y151.135 E255.92905
G1 X104.461 Y150.538 E255.95141
G1 F6000 X104.46 Y130.446 E256.61967
G1 F5357.1 X104.508 Y129.842 E256.64224
G1 X104.726 Y130.464 E256.6668
G1 F6000 X105.04 Y131.013 E256.68783
G1 X105.48 Y131.44 E256.70823
G1 X106.045 Y131.783 E256.73021
G1 X106.677 Y131.948 E256.75193
G1 X107.343 Y131.942 E256.77409
G1 X107.923 Y131.788 E256.79405
G1 X108.517 Y131.441 E256.81693
G1 X108.952 Y131.002 E256.83748
G1 X109.276 Y130.455 E256.85863
G1 X109.434 Y129.847 E256.87952
G1 X109.449 Y129.182 E256.90164
G1 X109.283 Y128.546 E256.92351
G1 X108.968 Y128.017 E256.94398
G1 X108.51 Y127.541 E256.96595
G1 X107.92 Y127.206 E256.98852
G1 X107.344 Y127.054 E257.00833
G1 X106.681 Y127.05 E257.03039
G1 X106.055 Y127.213 E257.0519
G1 X105.488 Y127.54 E257.07367
G1 X105.061 Y127.971 E257.09385
G1 X104.731 Y128.522 E257.11521
G1 F5345.2 X104.508 Y129.135 E257.13956
G1 X104.461 Y128.538 E257.16192
G1 F6000 X104.46 Y125.96 E257.24767
G1 X132.54 Y125.96 E258.18161
G1 X132.54 Y128.541 E258.26746
G1 F5333.3 X132.49 Y129.141 E258.28998
G1 X132.269 Y128.522 E258.31458
G1 F6000 X131.969 Y128.014 E258.3342
G1 X131.507 Y127.54 E258.35622
G1 X130.92 Y127.206 E258.37868
G1 X130.344 Y127.054 E258.39849
G1 X129.685 Y127.05 E258.42041
G1 X129.264 Y127.153 E258.43483
G1 X128.787 Y127.347 E258.45195
G1 X128.496 Y127.537 E258.46351
G1 X128.061 Y127.971 E258.48395
G1 X127.717 Y128.546 E258.50624
G1 X127.548 Y129.17 E258.52774
G1 X127.554 Y129.819 E258.54932
G1 X127.715 Y130.434 E258.57047
G1 X128.036 Y131.002 E258.59217
G1 X128.495 Y131.454 E258.6136
G1 X129.075 Y131.787 E258.63584
G1 X129.675 Y131.948 E258.6565
G1 X130.343 Y131.942 E258.67872
G1 X130.951 Y131.783 E258.69962
G1 X131.482 Y131.469 E258.72014
G1 X131.934 Y131.031 E258.74107
G1 X132.269 Y130.474 E258.76269
G1 F5369.1 X132.493 Y129.822 E258.78832
G1 X132.54 Y130.453 E258.81183
G1 F6000 X132.54 Y150.541 E259.47996
G1 F5333.3 X132.49 Y151.141 E259.50249
G1 X132.269 Y150.522 E259.52709
G1 F6000 X131.969 Y150.014 E259.54671
G1 X131.509 Y149.536 E259.56877
G1 X130.944 Y149.212 E259.59044
G1 X130.32 Y149.048 E259.61189
G1 X129.648 Y149.054 E259.63425
G1 X129.068 Y149.209 E259.65421
G1 X128.475 Y149.558 E259.6771
G1 X128.044 Y149.988 E259.69735
G1 X127.709 Y150.571 E259.71971
G1 X127.548 Y151.171 E259.74038
G1 X127.554 Y151.839 E259.76259
G1 X127.712 Y152.441 E259.78329
G1 X128.04 Y153.008 E259.80508
G1 X128.479 Y153.439 E259.82554
G1 X129.021 Y153.768 E259.84663
G1 F5333.3 X129.641 Y153.99 E259.87127
G1 X129.041 Y154.04 E259.8938
G1 F6000 X119.348 Y154.04 E260.21619
G1 F2400 E259.71619
G0 F15000 X119.348 Y154.3
G0 X104.272 Y154.228
G0 X104.2 Y129.135
G0 X104.508 Y129.135
G1 F2400 E260.21619
G1 F4829 X104.508 Y129.842 E260.24541
G1 F2400 E259.74541
G0 F15000 X104.807 Y129.776
G0 X106.12 Y131.616
G0 X107.3 Y149.227
G0 X108.459 Y153.714
G1 F2400 E260.24541
G1 F6000 X108.585 Y153.84 E260.25134
G0 F15000 X108.778 Y153.467
G1 F6000 X109.15 Y153.84 E260.26886
G0 F15000 X109.716 Y153.84
G1 F6000 X109.062 Y153.185 E260.29964
G0 F15000 X109.284 Y152.842
G1 F6000 X110.282 Y153.84 E260.34659
G0 F15000 X110.847 Y153.84
G1 F6000 X109.482 Y152.474 E260.41081
G0 F15000 X109.6 Y152.027
G1 F6000 X111.413 Y153.84 E260.49609
G0 F15000 X111.979 Y153.84
G1 F6000 X109.648 Y151.509 E260.60574
G0 F15000 X109.57 Y150.865
G1 F6000 X112.545 Y153.84 E260.74567
G0 F15000 X113.11 Y153.84
G1 F6000 X104.66 Y145.39 E261.14313
G0 F15000 X104.66 Y145.955
G1 F6000 X107.63 Y148.925 E261.28283
G0 F15000 X106.987 Y148.848
G1 F6000 X104.66 Y146.521 E261.39229
G0 F15000 X104.66 Y147.087
G1 F6000 X106.468 Y148.895 E261.47733
G0 F15000 X106.022 Y149.014
G1 F6000 X104.66 Y147.652 E261.54139
G0 F15000 X104.66 Y148.218
G1 F6000 X105.654 Y149.212 E261.58815
G0 F15000 X105.312 Y149.435
G1 F6000 X104.66 Y148.784 E261.61879
G0 F15000 X104.66 Y149.349
G1 F6000 X105.03 Y149.719 E261.6362
G0 F15000 X104.783 Y150.038
G1 F6000 X104.66 Y149.915 E261.64198
G0 F15000 X104.2 Y149.915
G0 X104.2 Y144.824
G0 X104.66 Y144.824
G1 F6000 X113.676 Y153.84 E262.06607
G0 F15000 X114.242 Y153.84
G1 F6000 X104.66 Y144.258 E262.51678
G0 F15000 X104.66 Y143.693
G1 F6000 X114.807 Y153.84 E262.99406
G0 F15000 X115.373 Y153.84
G1 F6000 X104.66 Y143.127 E263.49797
G0 F15000 X104.66 Y142.561
G1 F6000 X115.939 Y153.84 E264.0285
G0 F15000 X116.504 Y153.84
G1 F6000 X104.66 Y141.996 E264.5856
G0 F15000 X104.66 Y141.43
G1 F6000 X117.07 Y153.84 E265.16933
G0 F15000 X117.636 Y153.84
G1 F6000 X104.66 Y140.864 E265.77968
G0 F15000 X104.66 Y140.298
G1 F6000 X118.201 Y153.84 E266.41663
G0 F15000 X118.767 Y153.84
G1 F6000 X104.66 Y139.733 E267.08018
G0 F15000 X104.66 Y139.167
G1 F6000 X119.333 Y153.84 E267.77035
G0 F15000 X119.898 Y153.84
G1 F6000 X104.66 Y138.601 E268.48713
G0 F15000 X104.66 Y138.036
G1 F6000 X120.464 Y153.84 E269.2305
G0 F15000 X121.03 Y153.84
G1 F6000 X104.66 Y137.47 E270.00049
G0 F15000 X104.66 Y136.904
G1 F6000 X121.595 Y153.84 E270.79709
G0 F15000 X122.161 Y153.84
G1 F6000 X104.66 Y136.339 E271.62028
G0 F15000 X104.66 Y135.773
G1 F6000 X122.727 Y153.84 E272.4701
G0 F15000 X123.293 Y153.84
G1 F6000 X104.66 Y135.207 E273.34654
G0 F15000 X104.66 Y134.642
G1 F6000 X123.858 Y153.84 E274.24955
G0 F15000 X124.424 Y153.84
G1 F6000 X104.66 Y134.076 E275.17919
G0 F15000 X104.66 Y133.51
G1 F6000 X124.99 Y153.84 E276.13545
G0 F15000 X125.555 Y153.84
G1 F6000 X104.66 Y132.945 E277.11829
G0 F15000 X104.66 Y132.379
G1 F6000 X126.121 Y153.84 E278.12775
G0 F15000 X126.687 Y153.84
G1 F6000 X104.66 Y131.813 E279.16383
G0 F15000 X104.66 Y131.248
G1 F6000 X127.252 Y153.84 E280.22649
G0 F15000 X127.818 Y153.84
G1 F6000 X105.918 Y131.94 E281.2566
G0 F15000 X106.693 Y132.148
G1 F6000 X128.384 Y153.84 E282.2769
G1 F2400 E281.7769
G0 F15000 X128.384 Y154.3
G0 X127.935 Y154.2
G0 X128.605 Y153.313
G0 X127.49 Y152.38
G1 F2400 E282.2769
G1 F6000 X107.258 Y132.148 E283.22855
G0 F15000 X107.723 Y132.048
G1 F6000 X127.349 Y151.673 E284.15167
G0 F15000 X127.356 Y151.115
G1 F6000 X108.136 Y131.895 E285.05572
G0 F15000 X108.494 Y131.687
G1 F6000 X127.477 Y150.67 E285.94862
G0 F15000 X127.648 Y150.276
G1 F6000 X108.805 Y131.432 E286.83496
G0 F15000 X109.089 Y131.151
G1 F6000 X127.856 Y149.917 E287.71768
G0 F15000 X128.128 Y149.625
G1 F6000 X109.305 Y130.801 E288.60308
G0 F15000 X109.492 Y130.422
G1 F6000 X128.422 Y149.352 E289.49349
G0 F15000 X128.782 Y149.146
G1 F6000 X109.608 Y129.973 E290.39535
G0 F15000 X109.645 Y129.444
G1 F6000 X129.177 Y148.976 E291.31408
G0 F15000 X129.62 Y148.854
G1 F6000 X109.552 Y128.785 E292.25804
G0 F15000 X109.107 Y128.901
G0 X107.59 Y127.389
G0 X107.711 Y126.945
G1 F6000 X106.927 Y126.16 E292.29494
G0 F15000 X107.492 Y126.16
G1 F6000 X130.18 Y148.848 E293.36212
G0 F15000 X130.889 Y148.991
G1 F6000 X108.058 Y126.16 E294.43602
G0 F15000 X108.624 Y126.16
G1 F6000 X132.34 Y149.876 E295.55154
G0 F15000 X132.34 Y149.311
G1 F6000 X109.189 Y126.16 E296.6405
G0 F15000 X109.755 Y126.16
G1 F6000 X132.34 Y148.745 E297.70282
G0 F15000 X132.34 Y148.179
G1 F6000 X110.321 Y126.16 E298.73853
G0 F15000 X110.886 Y126.16
G1 F6000 X132.34 Y147.613 E299.74764
G0 F15000 X132.34 Y147.048
G1 F6000 X111.452 Y126.16 E300.73015
G0 F15000 X112.018 Y126.16
G1 F6000 X132.34 Y146.482 E301.68603
G0 F15000 X132.34 Y145.916
G1 F6000 X112.583 Y126.16 E302.61531
G0 F15000 X113.149 Y126.16
G1 F6000 X132.34 Y145.351 E303.518
G0 F15000 X132.34 Y144.785
G1 F6000 X113.715 Y126.16 E304.39406
G0 F15000 X114.28 Y126.16
G1 F6000 X132.34 Y144.219 E305.24353
G0 F15000 X132.34 Y143.654
G1 F6000 X114.846 Y126.16 E306.06639
G0 F15000 X115.412 Y126.16
G1 F6000 X132.34 Y143.088 E306.86263
G0 F15000 X132.34 Y142.522
G1 F6000 X115.978 Y126.16 E307.63225
G0 F15000 X116.543 Y126.16
G1 F6000 X132.34 Y141.957 E308.37529
G0 F15000 X132.34 Y141.391
G1 F6000 X117.109 Y126.16 E309.09171
G0 F15000 X117.675 Y126.16
G1 F6000 X132.34 Y140.825 E309.78151
G0 F15000 X132.34 Y140.26
G1 F6000 X118.24 Y126.16 E310.44473
G0 F15000 X118.806 Y126.16
G1 F6000 X132.34 Y139.694 E311.08133
G0 F15000 X132.34 Y139.128
G1 F6000 X119.372 Y126.16 E311.6913
G0 F15000 X119.937 Y126.16
G1 F6000 X132.34 Y138.563 E312.2747
G0 F15000 X132.34 Y137.997
G1 F6000 X120.503 Y126.16 E312.83148
G0 F15000 X121.069 Y126.16
G1 F6000 X132.34 Y137.431 E313.36163
G0 F15000 X132.34 Y136.865
G1 F6000 X121.634 Y126.16 E313.86519
G0 F15000 X122.2 Y126.16
G1 F6000 X132.34 Y136.3 E314.34214
G0 F15000 X132.34 Y135.734
G1 F6000 X122.766 Y126.16 E314.79247
G0 F15000 X123.331 Y126.16
G1 F6000 X127.476 Y130.304 E314.98742
G0 F15000 X127.349 Y129.611
G1 F6000 X123.897 Y126.16 E315.14976
G0 F15000 X124.463 Y126.16
G1 F6000 X127.37 Y129.067 E315.2865
G0 F15000 X127.49 Y128.621
G1 F6000 X125.028 Y126.16 E315.40228
G0 F15000 X125.594 Y126.16
G1 F6000 X127.668 Y128.234 E315.49984
G0 F15000 X127.877 Y127.877
G1 F6000 X126.16 Y126.16 E315.5806
G0 F15000 X126.726 Y126.16
G1 F6000 X128.157 Y127.591 E315.64791
G0 F15000 X128.457 Y127.325
G1 F6000 X127.291 Y126.16 E315.70273
G0 F15000 X127.857 Y126.16
G1 F6000 X128.816 Y127.119 E315.74784
G0 F15000 X129.221 Y126.958
G1 F6000 X128.423 Y126.16 E315.78537
G0 F15000 X128.988 Y126.16
G1 F6000 X129.681 Y126.853 E315.81797
G0 F15000 X130.243 Y126.849
G1 F6000 X129.554 Y126.16 E315.85038
G0 F15000 X130.12 Y126.16
G1 F6000 X130.973 Y127.013 E315.8905
G0 F15000 X131.251 Y126.16
G1 F6000 X132.34 Y127.249 E315.94172
G0 F15000 X132.34 Y127.815
G1 F6000 X130.685 Y126.16 E316.01957
G0 F15000 X130.685 Y125.7
G0 X131.817 Y125.7
G0 X131.817 Y126.16
G1 F6000 X132.34 Y126.683 E316.04417
G1 F2400 E315.54417
G0 F15000 X132.8 Y126.683
G0 X132.7 Y130.804
G0 X132.081 Y130.438
G0 X132.169 Y131.037
G1 F2400 E316.04417
G1 F6000 X132.34 Y131.209 E316.05224
G0 F15000 X131.907 Y131.341
G1 F6000 X132.34 Y131.774 E316.07261
G0 F15000 X132.34 Y132.34
G1 F6000 X131.62 Y131.62 E316.10647
G0 F15000 X131.264 Y131.83
G1 F6000 X132.34 Y132.906 E316.15708
G0 F15000 X132.34 Y133.471
G1 F6000 X130.878 Y132.009 E316.22585
G0 F15000 X130.429 Y132.126
G1 F6000 X132.34 Y134.037 E316.31574
G0 F15000 X132.34 Y134.603
G1 F6000 X129.886 Y132.148 E316.43119
G0 F15000 X129.199 Y132.027
G1 F6000 X132.34 Y135.168 E316.57893
G1 F2400 E316.07893
G0 F15000 X132.8 Y135.168
G0 X132.7 Y127.308
G0 X108.813 Y128.105
G0 X107.05 Y126.849
G1 F2400 E316.57893
G1 F6000 X106.361 Y126.16 E316.61134
G0 F15000 X105.795 Y126.16
G1 F6000 X106.52 Y126.885 E316.64544
G0 F15000 X106.07 Y127.001
G1 F6000 X105.23 Y126.16 E316.68498
G0 F15000 X104.664 Y126.16
G1 F6000 X105.694 Y127.19 E316.73343
G0 F15000 X105.343 Y127.404
G1 F6000 X104.66 Y126.721 E316.76555
G0 F15000 X104.66 Y127.288
G1 F6000 X105.061 Y127.688 E316.78439
G0 F15000 X104.806 Y127.999
G1 F6000 X104.661 Y127.854 E316.79121
G1 F2400 E316.29121
;MESH:NONMESH
G0 F300 X104.661 Y127.854 Z0.8
G0 F15000 X104.2 Y127.854
G0 X104.272 Y154.228
G0 X114 Y154.57
G0 X114.653 Y155.653
G0 X114.729 Y165.998
G0 X114 Y166.552
;TIME_ELAPSED:414.880948
;LAYER:3
M106 S255
;TYPE:SUPPORT
G1 F2400 E316.79121
G1 F6000 X114.1 Y166.801 E316.80014
G1 X114.308 Y167.153 E316.81374
G1 X114.572 Y167.493 E316.82805
G1 X115.068 Y167.927 E316.84997
G1 X115.415 Y168.395 E316.86935
G1 X115.468 Y168.447 E316.87182
G1 X115.721 Y168.979 E316.89141
G1 X115.799 Y169.29 E316.90208
G1 X115.796 Y170.797 E316.9522
G1 X115.552 Y171.437 E316.97498
G1 X115.188 Y171.854 E316.99339
G1 X114.963 Y172.022 E317.00273
G1 X114.574 Y172.349 E317.01963
G1 X114.261 Y172.75 E317.03655
G1 X114.055 Y173.133 E317.05102
G1 X114 Y173.282 E317.0563
G1 X114 Y166.552 E317.28014
G1 X113.908 Y166.322 E317.28838
G1 X113.82 Y165.761 E317.30727
G1 X113.8 Y165.436 E317.3181
G1 X113.8 Y156.2 E317.62529
G1 X113.6 Y156.2 E317.63194
G1 X113.6 Y156 E317.63859
G1 X112 Y156 E317.69181
G1 X112 Y175.8 E318.35036
G1 X110.201 Y175.8 E318.41019
G1 X110.198 Y174.343 E318.45865
G1 X110.176 Y174.001 E318.47005
G1 X110.079 Y173.538 E318.48579
G1 X109.911 Y173.104 E318.50126
G1 X109.664 Y172.684 E318.51747
G1 X109.368 Y172.34 E318.53256
G1 X109.021 Y172.026 E318.54813
G1 X108.506 Y171.519 E318.57217
G1 X108.258 Y170.974 E318.59208
G1 X108.201 Y170.713 E318.60097
G1 X108.204 Y169.203 E318.65119
G1 X108.46 Y168.533 E318.67505
G1 X108.796 Y168.157 E318.69182
G1 X109.134 Y167.906 E318.70582
G1 X109.4 Y167.66 E318.71787
G1 X109.699 Y167.297 E318.73351
G1 X109.902 Y166.94 E318.74717
G1 X110 Y166.699 E318.75582
G1 X110 Y173.333 E318.97647
G1 F2400 E318.47647
G0 F15000 X109.19 Y173.63
G0 X109.349 Y176.653
G0 X114.653 Y176.653
G0 X121.393 Y172.622
G0 X122 Y172.005
G1 F2400 E318.97647
G1 F6000 X122 Y168.004 E319.10955
G1 X121.795 Y168.158 E319.11807
G1 X121.46 Y168.533 E319.1348
G1 X121.204 Y169.203 E319.15865
G1 X121.201 Y170.713 E319.20888
G1 X121.258 Y170.974 E319.21776
G1 X121.506 Y171.519 E319.23768
G1 X122.021 Y172.026 E319.26171
G1 X122.368 Y172.34 E319.27728
G1 X122.664 Y172.684 E319.29237
G1 X122.911 Y173.104 E319.30858
G1 X123.079 Y173.538 E319.32406
G1 X123.176 Y174.001 E319.33979
G1 X123.198 Y174.343 E319.35119
G1 X123.201 Y175.8 E319.39965
G1 X124 Y175.8 E319.42623
G1 X124 Y156 E320.08478
G1 X126 Y156 E320.1513
G1 X126 Y175.8 E320.80985
G1 X126.8 Y175.8 E320.83646
G1 X126.8 Y174.224 E320.88887
G1 X126.858 Y173.776 E320.9039
G1 X126.929 Y173.474 E320.91422
G1 X127.055 Y173.133 E320.92631
G1 X127.261 Y172.75 E320.94077
G1 X127.574 Y172.349 E320.95769
G1 X127.963 Y172.022 E320.97459
G1 X128.188 Y171.854 E320.98393
G1 X128.552 Y171.437 E321.00234
G1 X128.796 Y170.797 E321.02512
G1 X128.799 Y169.29 E321.07525
G1 X128.736 Y169.019 E321.0845
G1 X128.48 Y168.46 E321.10495
G1 X128 Y167.994 E321.1272
G1 X128 Y171.995 E321.26028
G1 F2400 E320.76028
;MESH:Limiter bracketV2.stl
G0 F15000 X130.283 Y153.749
G0 X130.265 Y153.588
;TYPE:WALL-INNER
G1 F2400 E321.26028
G1 F6000 X129.723 Y153.588 E321.2783
G1 X129.191 Y153.448 E321.2966
G1 X128.713 Y153.166 E321.31506
G1 X128.33 Y152.789 E321.33293
G1 X128.052 Y152.306 E321.35147
G1 X127.908 Y151.771 E321.3699
G1 X127.908 Y151.218 E321.38829
G1 X128.061 Y150.686 E321.4067
G1 X128.336 Y150.206 E321.4251
G1 X128.715 Y149.829 E321.44288
G1 X129.186 Y149.561 E321.4609
G1 X129.718 Y149.408 E321.47931
G1 X130.275 Y149.408 E321.49784
G1 X130.806 Y149.552 E321.51614
G1 X131.288 Y149.83 E321.53465
G1 X131.666 Y150.212 E321.55252
G1 X131.945 Y150.686 E321.57081
G1 X132.088 Y151.222 E321.58927
G1 X132.088 Y151.765 E321.60733
G1 X131.947 Y152.311 E321.62608
G1 X131.665 Y152.789 E321.64454
G1 X131.289 Y153.165 E321.66223
G1 X130.809 Y153.448 E321.68076
G1 X130.265 Y153.588 E321.69944
G1 F2400 E321.19944
G0 F15000 X128.605 Y153.313
G0 X128.605 Y154.2
G0 X119.424 Y154.4
G1 F2400 E321.69944
G1 F6000 X132.9 Y154.4 E322.14766
G1 X132.9 Y125.6 E323.10555
G1 X104.1 Y125.6 E324.06344
G1 X104.1 Y154.4 E325.02133
G1 X119.424 Y154.4 E325.53101
G1 F2400 E325.03101
G0 F15000 X107.265 Y154.2
G0 X107.265 Y153.768
G0 X107.265 Y153.588
G1 F2400 E325.53101
G1 F6000 X106.723 Y153.588 E325.54904
G1 X106.191 Y153.448 E325.56733
G1 X105.713 Y153.166 E325.58579
G1 X105.33 Y152.789 E325.60367
G1 X105.051 Y152.305 E325.62225
G1 X104.908 Y151.766 E325.6408
G1 X104.908 Y151.222 E325.65889
G1 X105.053 Y150.691 E325.6772
G1 X105.329 Y150.213 E325.69556
G1 X105.713 Y149.829 E325.71362
G1 X106.191 Y149.553 E325.73198
G1 X106.722 Y149.408 E325.75028
G1 X107.279 Y149.408 E325.76881
G1 X107.814 Y149.56 E325.78731
G1 X108.286 Y149.83 E325.80539
G1 X108.676 Y150.226 E325.82388
G1 X108.939 Y150.685 E325.84147
G1 X109.088 Y151.219 E325.85991
G1 X109.088 Y151.771 E325.87827
G1 X108.948 Y152.31 E325.8968
G1 X108.667 Y152.787 E325.91521
G1 X108.289 Y153.165 E325.93299
G1 X107.809 Y153.448 E325.95152
G1 X107.265 Y153.588 E325.9702
G1 F2400 E325.4702
G0 F15000 X108.191 Y153.051
G0 X108.551 Y152.691
G0 X108.806 Y152.248
G0 X108.939 Y151.755
G0 X108.939 Y151.245
G0 X108.806 Y150.752
G0 X108.551 Y150.309
G0 X107.275 Y149.228
G0 X107.275 Y131.768
G0 X107.275 Y131.588
G1 F2400 E325.9702
G1 F6000 X106.723 Y131.588 E325.98856
G1 X106.19 Y131.448 E326.00689
G1 X105.715 Y131.169 E326.02522
G1 X105.33 Y130.788 E326.04323
G1 X105.051 Y130.305 E326.06178
G1 X104.908 Y129.766 E326.08033
G1 X104.908 Y129.222 E326.09842
G1 X105.053 Y128.691 E326.11673
G1 X105.329 Y128.213 E326.13509
G1 X105.713 Y127.829 E326.15315
G1 X106.193 Y127.552 E326.17159
G1 X106.734 Y127.408 E326.19021
G1 X107.275 Y127.408 E326.2082
G1 X107.806 Y127.552 E326.2265
G1 X108.288 Y127.83 E326.245
G1 X108.669 Y128.215 E326.26302
G1 X108.948 Y128.69 E326.28134
G1 X109.089 Y129.226 E326.29978
G1 X109.083 Y129.774 E326.318
G1 X108.941 Y130.321 E326.3368
G1 X108.669 Y130.781 E326.35457
G1 X108.28 Y131.172 E326.37292
G1 X107.814 Y131.439 E326.39078
G1 X107.275 Y131.588 E326.40938
G1 F2400 E325.90938
G0 F15000 X108.403 Y131.306
G0 X128.599 Y131.308
G0 X130.271 Y131.588
G1 F2400 E326.40938
G1 F6000 X129.719 Y131.588 E326.42774
G1 X129.185 Y131.439 E326.44618
G1 X128.721 Y131.173 E326.46397
G1 X128.329 Y130.785 E326.48231
G1 X128.05 Y130.289 E326.50124
G1 X127.914 Y129.778 E326.51883
G1 X127.907 Y129.226 E326.53719
G1 X128.053 Y128.691 E326.55564
G1 X128.327 Y128.217 E326.57385
G1 X128.725 Y127.814 E326.59268
G1 X128.923 Y127.681 E326.60062
G1 X129.379 Y127.493 E326.61702
G1 X129.738 Y127.408 E326.62929
G1 X130.275 Y127.408 E326.64715
G1 X130.806 Y127.552 E326.66545
G1 X131.288 Y127.83 E326.68396
G1 X131.666 Y128.212 E326.70183
G1 X131.945 Y128.686 E326.72013
G1 X132.088 Y129.222 E326.73858
G1 X132.088 Y129.765 E326.75664
G1 X131.947 Y130.311 E326.77539
G1 X131.665 Y130.789 E326.79385
G1 X131.287 Y131.167 E326.81163
G1 X130.81 Y131.448 E326.83005
G1 X130.271 Y131.588 E326.84857
G0 F15000 X130.243 Y131.182
;TYPE:WALL-OUTER
G1 F6000 X129.777 Y131.188 E326.86407
G1 X129.345 Y131.075 E326.87892
G1 X128.97 Y130.853 E326.89341
G1 X128.648 Y130.538 E326.9084
G1 X128.431 Y130.163 E326.92281
G1 X128.314 Y129.745 E326.93724
G1 X128.308 Y129.277 E326.95281
G1 X128.438 Y128.824 E326.96849
G1 X128.665 Y128.443 E326.98324
G1 X129.038 Y128.066 E327.00088
G1 X129.567 Y127.852 E327.01986
G1 X129.769 Y127.811 E327.02671
G1 X130.245 Y127.814 E327.04254
G1 X130.629 Y127.918 E327.05578
G1 X131.04 Y128.148 E327.07144
G1 X131.361 Y128.482 E327.08685
G1 X131.575 Y128.845 E327.10086
G1 X131.682 Y129.253 E327.11489
G1 X131.686 Y129.727 E327.13066
G1 X131.575 Y130.156 E327.1454
G1 X131.33 Y130.558 E327.16105
G1 X131.018 Y130.861 E327.17552
G1 X130.654 Y131.075 E327.18956
G1 X130.243 Y131.182 E327.20369
G1 F2400 E326.70369
G0 F15000 X130.324 Y131.484
G0 X130.296 Y131.769
G0 X130.296 Y149.228
G0 X130.227 Y153.186
G1 F2400 E327.20369
G1 F6000 X129.753 Y153.182 E327.21946
G1 X129.344 Y153.074 E327.23353
G1 X128.943 Y152.831 E327.24912
G1 X128.647 Y152.539 E327.26295
G1 X128.418 Y152.129 E327.27857
G1 X128.308 Y151.719 E327.29269
G1 X128.308 Y151.276 E327.30742
G1 X128.428 Y150.844 E327.32233
G1 X128.644 Y150.468 E327.33676
G1 X128.96 Y150.15 E327.35167
G1 X129.344 Y149.928 E327.36642
G1 X129.778 Y149.808 E327.3814
G1 X130.245 Y149.814 E327.39693
G1 X130.629 Y149.918 E327.41016
G1 X131.039 Y150.147 E327.42578
G1 X131.331 Y150.443 E327.43961
G1 X131.574 Y150.844 E327.45521
G1 X131.682 Y151.253 E327.46928
G1 X131.686 Y151.727 E327.48504
G1 X131.575 Y152.156 E327.49978
G1 X131.33 Y152.558 E327.51544
G1 X131.018 Y152.861 E327.5299
G1 X130.654 Y153.075 E327.54395
G1 X130.227 Y153.186 E327.55862
G1 F2400 E327.05862
G0 F15000 X130.308 Y153.488
G0 X128.605 Y153.313
G0 X128.605 Y154.2
G0 X119.508 Y154.8
G1 F2400 E327.55862
G1 F6000 X133.3 Y154.8 E328.01735
G1 X133.3 Y125.2 E329.00185
G1 X103.7 Y125.2 E329.98635
G1 X103.7 Y154.8 E330.97085
G1 X119.508 Y154.8 E331.49662
G1 F2400 E330.99662
G0 F15000 X119.508 Y154.49
G0 X107.308 Y154.2
G0 X107.286 Y153.769
G0 X107.227 Y153.186
G1 F2400 E331.49662
G1 F6000 X106.753 Y153.182 E331.51239
G1 X106.344 Y153.074 E331.52646
G1 X105.943 Y152.831 E331.54205
G1 X105.647 Y152.539 E331.55588
G1 X105.418 Y152.129 E331.5715
G1 X105.31 Y151.727 E331.58535
G1 X105.308 Y151.276 E331.60035
G1 X105.438 Y150.824 E331.61599
G1 X105.666 Y150.442 E331.63079
G1 X105.942 Y150.166 E331.64377
G1 X106.324 Y149.938 E331.65856
G1 X106.777 Y149.808 E331.67424
G1 X107.245 Y149.814 E331.68981
G1 X107.629 Y149.918 E331.70304
G1 X108.029 Y150.142 E331.71829
G1 X108.342 Y150.455 E331.73301
G1 X108.572 Y150.844 E331.74804
G1 X108.682 Y151.253 E331.76213
G1 X108.688 Y151.719 E331.77763
G1 X108.575 Y152.156 E331.79264
G1 X108.33 Y152.558 E331.8083
G1 X108.018 Y152.861 E331.82276
G1 X107.654 Y153.075 E331.83681
G1 X107.227 Y153.186 E331.85148
G1 F2400 E331.35148
G0 F15000 X107.308 Y153.488
G0 X108.191 Y153.051
G0 X108.551 Y152.691
G0 X108.806 Y152.248
G0 X108.939 Y151.755
G0 X108.939 Y151.245
G0 X108.806 Y150.752
G0 X108.551 Y150.309
G0 X107.3 Y149.227
G0 X107.296 Y131.769
G0 X107.243 Y131.182
G1 F2400 E331.85148
G1 F6000 X106.777 Y131.188 E331.86698
G1 X106.344 Y131.074 E331.88187
G1 X105.943 Y130.831 E331.89747
G1 X105.647 Y130.539 E331.9113
G1 X105.418 Y130.129 E331.92692
G1 X105.31 Y129.727 E331.94076
G1 X105.308 Y129.276 E331.95576
G1 X105.438 Y128.824 E331.97141
G1 X105.666 Y128.442 E331.9862
G1 X105.942 Y128.166 E331.99919
G1 X106.324 Y127.938 E332.01398
G1 X106.769 Y127.811 E332.02937
G1 X107.245 Y127.814 E332.04521
G1 X107.629 Y127.918 E332.05844
G1 X108.04 Y128.148 E332.0741
G1 X108.361 Y128.482 E332.08951
G1 X108.575 Y128.845 E332.10353
G1 X108.682 Y129.253 E332.11755
G1 X108.687 Y129.72 E332.13309
G1 X108.576 Y130.147 E332.14776
G1 X108.348 Y130.538 E332.16282
G1 X108.049 Y130.838 E332.1769
G1 X107.656 Y131.072 E332.19212
G1 X107.243 Y131.182 E332.20633
G1 F2400 E331.70633
G0 F15000 X107.324 Y131.484
G0 X106.701 Y131.769
G0 X104.3 Y131.769
G0 X104.508 Y151.135
;TYPE:SKIN
G1 F2400 E332.20633
G1 F4829 X104.508 Y151.842 E332.23555
G0 F15000 X104.807 Y151.776
G0 X105.483 Y153.079
G0 X105 Y153.568
G1 F4395.6 X104.966 Y153.627 E332.23864
G1 X104.898 Y153.627 E332.24173
G1 X104.864 Y153.568 E332.24482
G1 X104.898 Y153.509 E332.24791
G1 X104.966 Y153.509 E332.251
G1 X105 Y153.568 E332.25409
G1 F2400 E331.75409
G0 F15000 X105.483 Y153.079
G0 X106.701 Y153.769
G0 X106.701 Y154.2
G0 X106.641 Y153.99
G1 F2400 E332.25409
G1 F5333.3 X106.041 Y154.04 E332.27662
G1 F6000 X104.46 Y154.04 E332.3292
G1 X104.46 Y152.446 E332.38222
G1 F5357.1 X104.508 Y151.842 E332.40479
G1 X104.726 Y152.464 E332.42934
G1 F6000 X105.04 Y153.013 E332.45038
G1 X105.48 Y153.44 E332.47077
G1 X106.021 Y153.768 E332.49181
G1 F5333.3 X106.641 Y153.99 E332.51645
G1 F4800 X107.342 Y153.99 E332.5456
G1 F2400 E332.0456
G0 F15000 X107.276 Y153.689
G0 X108.191 Y153.051
G0 X108.551 Y152.691
G0 X109.269 Y151.201
G0 X132.74 Y130.319
G0 X132.49 Y129.141
G1 F2400 E332.5456
G1 F4829 X132.493 Y129.822 E332.57374
G0 F15000 X132.8 Y129.822
G0 X132.8 Y151.141
G0 X132.49 Y151.141
G1 F4829 X132.493 Y151.822 E332.60188
G0 F15000 X132.8 Y151.822
G0 X132.8 Y153.565
G0 X132.133 Y153.565
G1 F4363.6 X132.099 Y153.624 E332.605
G1 X132.031 Y153.624 E332.60811
G1 X131.997 Y153.565 E332.61122
G1 X132.031 Y153.506 E332.61434
G1 X132.099 Y153.506 E332.61745
G1 X132.133 Y153.565 E332.62056
G0 F15000 X132.54 Y154.04
G1 F6000 X130.959 Y154.04 E332.67314
G1 F5333.3 X130.343 Y153.99 E332.69627
G1 X130.978 Y153.765 E332.72148
G1 F6000 X131.482 Y153.469 E332.74092
G1 X131.934 Y153.026 E332.76197
G1 X132.269 Y152.475 E332.78342
G1 F5369.1 X132.493 Y151.822 E332.80907
G1 X132.54 Y152.453 E332.83259
G1 F6000 X132.54 Y154.04 E332.88538
G1 F2400 E332.38538
G0 F15000 X132.8 Y154.04
G0 X132.7 Y153.689
G0 X131.396 Y153.312
G0 X130.343 Y153.99
G1 F2400 E332.88538
G1 F4800 X129.641 Y153.99 E332.91456
G0 F15000 X129.641 Y154.3
G0 X119.348 Y154.3
G0 X119.348 Y154.04
G1 F6000 X107.953 Y154.04 E333.29356
G1 F5333.3 X107.342 Y153.99 E333.3165
G1 X107.975 Y153.768 E333.3416
G1 F6000 X108.487 Y153.465 E333.36139
G1 X108.957 Y153.007 E333.38321
G1 X109.29 Y152.42 E333.40566
G1 X109.448 Y151.82 E333.4263
G1 X109.442 Y151.152 E333.44852
G1 X109.284 Y150.573 E333.46848
G1 X108.954 Y149.999 E333.4905
G1 X108.522 Y149.554 E333.51113
G1 X107.948 Y149.217 E333.53327
G1 X107.321 Y149.048 E333.55486
G1 X106.648 Y149.054 E333.57725
G1 X106.055 Y149.213 E333.59767
G1 X105.488 Y149.54 E333.61944
G1 X105.061 Y149.971 E333.63962
G1 X104.731 Y150.522 E333.66098
G1 F5345.2 X104.508 Y151.135 E333.68533
G1 X104.461 Y150.538 E333.70769
G1 F6000 X104.46 Y130.446 E334.37595
G1 F5357.1 X104.508 Y129.842 E334.39852
G1 X104.726 Y130.464 E334.42308
G1 F6000 X105.04 Y131.013 E334.44411
G1 X105.48 Y131.44 E334.4645
G1 X106.045 Y131.783 E334.48649
G1 X106.677 Y131.948 E334.50821
G1 X107.343 Y131.942 E334.53037
G1 X107.923 Y131.788 E334.55033
G1 X108.517 Y131.441 E334.57321
G1 X108.952 Y131.002 E334.59376
G1 X109.276 Y130.455 E334.61491
G1 X109.434 Y129.847 E334.6358
G1 X109.449 Y129.182 E334.65792
G1 X109.283 Y128.546 E334.67979
G1 X108.968 Y128.017 E334.70026
G1 X108.51 Y127.541 E334.72223
G1 X107.92 Y127.206 E334.7448
G1 X107.344 Y127.054 E334.76461
G1 X106.681 Y127.05 E334.78667
G1 X106.055 Y127.213 E334.80818
G1 X105.488 Y127.54 E334.82995
G1 X105.061 Y127.971 E334.85013
G1 X104.731 Y128.522 E334.87149
G1 F5345.2 X104.508 Y129.135 E334.89584
G1 X104.461 Y128.538 E334.9182
G1 F6000 X104.46 Y125.96 E335.00395
G1 X132.54 Y125.96 E335.93789
G1 X132.54 Y128.541 E336.02374
G1 F5333.3 X132.49 Y129.141 E336.04626
G1 X132.269 Y128.522 E336.07086
G1 F6000 X131.969 Y128.014 E336.09048
G1 X131.507 Y127.54 E336.1125
G1 X130.92 Y127.206 E336.13496
G1 X130.344 Y127.054 E336.15477
G1 X129.685 Y127.05 E336.17669
G1 X129.264 Y127.153 E336.19111
G1 X128.787 Y127.347 E336.20823
G1 X128.496 Y127.537 E336.21979
G1 X128.061 Y127.971 E336.24023
G1 X127.717 Y128.546 E336.26252
G1 X127.548 Y129.17 E336.28402
G1 X127.554 Y129.819 E336.3056
G1 X127.715 Y130.434 E336.32675
G1 X128.036 Y131.002 E336.34845
G1 X128.495 Y131.454 E336.36987
G1 X129.075 Y131.787 E336.39212
G1 X129.675 Y131.948 E336.41278
G1 X130.343 Y131.942 E336.435
G1 X130.951 Y131.783 E336.4559
G1 X131.482 Y131.469 E336.47642
G1 X131.934 Y131.031 E336.49735
G1 X132.269 Y130.474 E336.51897
G1 F5369.1 X132.493 Y129.822 E336.5446
G1 X132.54 Y130.453 E336.56811
G1 F6000 X132.54 Y150.541 E337.23624
G1 F5333.3 X132.49 Y151.141 E337.25877
G1 X132.269 Y150.522 E337.28337
G1 F6000 X131.969 Y150.014 E337.30299
G1 X131.509 Y149.536 E337.32505
G1 X130.944 Y149.212 E337.34672
G1 X130.32 Y149.048 E337.36817
G1 X129.648 Y149.054 E337.39053
G1 X129.068 Y149.209 E337.41049
G1 X128.475 Y149.558 E337.43338
G1 X128.044 Y149.988 E337.45363
G1 X127.709 Y150.571 E337.47599
G1 X127.548 Y151.171 E337.49666
G1 X127.554 Y151.839 E337.51887
G1 X127.712 Y152.441 E337.53957
G1 X128.04 Y153.008 E337.56136
G1 X128.479 Y153.439 E337.58182
G1 X129.021 Y153.768 E337.60291
G1 F5333.3 X129.641 Y153.99 E337.62755
G1 X129.041 Y154.04 E337.65008
G1 F6000 X119.348 Y154.04 E337.97247
G1 F2400 E337.47247
G0 F15000 X119.348 Y154.3
G0 X104.272 Y154.228
G0 X104.2 Y129.135
G0 X104.508 Y129.135
G1 F2400 E337.97247
G1 F4829 X104.508 Y129.842 E338.00169
G1 F2400 E337.50169
G0 F15000 X104.807 Y129.776
G0 X105.184 Y128.103
G0 X104.3 Y128.103
G0 X104.66 Y126.705
G1 F2400 E338.00169
G1 F6000 X105.205 Y126.16 E338.02732
G0 F15000 X105.771 Y126.16
G1 F6000 X104.661 Y127.27 E338.07953
G0 F15000 X104.661 Y127.836
G1 F6000 X106.337 Y126.16 E338.15837
G0 F15000 X106.903 Y126.16
G1 F6000 X106.058 Y127.005 E338.19811
G0 F15000 X106.776 Y126.852
G1 F6000 X107.468 Y126.16 E338.23066
G0 F15000 X108.034 Y126.16
G1 F6000 X107.345 Y126.849 E338.26307
G0 F15000 X107.793 Y126.967
G1 F6000 X108.6 Y126.16 E338.30103
G0 F15000 X109.165 Y126.16
G1 F6000 X108.197 Y127.129 E338.34659
G0 F15000 X108.554 Y127.336
G1 F6000 X109.731 Y126.16 E338.40193
G0 F15000 X110.297 Y126.16
G1 F6000 X108.852 Y127.604 E338.46987
G0 F15000 X109.128 Y127.894
G1 F6000 X110.862 Y126.16 E338.55143
G0 F15000 X111.428 Y126.16
G1 F6000 X109.339 Y128.249 E338.64969
G0 F15000 X109.515 Y128.639
G1 F6000 X111.994 Y126.16 E338.7663
G0 F15000 X112.559 Y126.16
G1 F6000 X109.631 Y129.088 E338.90402
G0 F15000 X109.643 Y129.642
G1 F6000 X113.125 Y126.16 E339.0678
G0 F15000 X113.691 Y126.16
G1 F6000 X109.515 Y130.336 E339.26423
G0 F15000 X109.071 Y130.222
G0 X107.72 Y131.575
G0 X107.834 Y132.017
G1 F6000 X104.661 Y135.19 E339.41348
G0 F15000 X104.661 Y135.755
G1 F6000 X114.256 Y126.16 E339.8648
G0 F15000 X114.822 Y126.16
G1 F6000 X104.661 Y136.321 E340.34274
G0 F15000 X104.661 Y136.887
G1 F6000 X115.388 Y126.16 E340.84731
G0 F15000 X115.953 Y126.16
G1 F6000 X104.661 Y137.452 E341.37845
G0 F15000 X104.661 Y138.018
G1 F6000 X116.519 Y126.16 E341.93621
G0 F15000 X117.085 Y126.16
G1 F6000 X104.661 Y138.584 E342.5206
G0 F15000 X104.661 Y139.149
G1 F6000 X117.651 Y126.16 E343.13158
G0 F15000 X118.216 Y126.16
G1 F6000 X104.661 Y139.715 E343.76917
G0 F15000 X104.661 Y140.281
G1 F6000 X118.782 Y126.16 E344.43338
G0 F15000 X119.348 Y126.16
G1 F6000 X104.661 Y140.846 E345.12419
G0 F15000 X104.661 Y141.412
G1 F6000 X119.913 Y126.16 E345.84159
G0 F15000 X120.479 Y126.16
G1 F6000 X104.661 Y141.978 E346.58562
G0 F15000 X104.661 Y142.544
G1 F6000 X121.045 Y126.16 E347.35628
G0 F15000 X121.61 Y126.16
G1 F6000 X104.661 Y143.109 E348.15351
G0 F15000 X104.661 Y143.675
G1 F6000 X122.176 Y126.16 E348.97736
G0 F15000 X122.742 Y126.16
G1 F6000 X104.661 Y144.241 E349.82783
G0 F15000 X104.661 Y144.806
G1 F6000 X123.307 Y126.16 E350.70488
G0 F15000 X123.873 Y126.16
G1 F6000 X104.661 Y145.372 E351.60856
G0 F15000 X104.661 Y145.938
G1 F6000 X124.439 Y126.16 E352.53885
G0 F15000 X125.004 Y126.16
G1 F6000 X104.661 Y146.503 E353.49573
G0 F15000 X104.661 Y147.069
G1 F6000 X125.57 Y126.16 E354.47922
G0 F15000 X126.136 Y126.16
G1 F6000 X104.661 Y147.635 E355.48934
G0 F15000 X104.661 Y148.2
G1 F6000 X126.702 Y126.16 E356.52606
G0 F15000 X127.267 Y126.16
G1 F6000 X104.661 Y148.766 E357.58937
G0 F15000 X104.661 Y149.332
G1 F6000 X127.833 Y126.16 E358.67931
G0 F15000 X128.399 Y126.16
G1 F6000 X104.661 Y149.897 E359.79585
G1 F2400 E359.29585
G0 F15000 X104.2 Y149.897
G0 X104.3 Y149.43
G0 X105.184 Y150.103
G0 X106.141 Y148.983
G1 F2400 E359.79585
G1 F6000 X128.964 Y126.16 E360.86938
G0 F15000 X129.53 Y126.16
G1 F6000 X106.842 Y148.848 E361.93655
G0 F15000 X107.395 Y148.861
G1 F6000 X127.435 Y128.82 E362.87919
G0 F15000 X127.348 Y129.473
G1 F6000 X107.838 Y148.983 E363.79688
G0 F15000 X108.233 Y149.154
G1 F6000 X127.392 Y129.995 E364.69807
G0 F15000 X127.511 Y130.441
G1 F6000 X108.59 Y149.363 E365.58807
G0 F15000 X108.88 Y149.638
G1 F6000 X127.702 Y130.816 E366.4734
G0 F15000 X127.918 Y131.165
G1 F6000 X109.146 Y149.938 E367.3564
G0 F15000 X109.354 Y150.296
G1 F6000 X128.201 Y131.448 E368.24293
G0 F15000 X128.519 Y131.697
G1 F6000 X109.523 Y150.692 E369.13642
G0 F15000 X109.645 Y151.136
G1 F6000 X128.878 Y131.903 E370.04108
G0 F15000 X129.294 Y132.053
G1 F6000 X109.648 Y151.698 E370.96515
G0 F15000 X109.499 Y152.413
G1 F6000 X129.764 Y132.148 E371.91835
G0 F15000 X130.33 Y132.148
G1 F6000 X108.638 Y153.84 E372.93868
G0 F15000 X109.203 Y153.84
G1 F6000 X131.143 Y131.901 E373.97064
G0 F15000 X130.911 Y131.504
G0 X131.396 Y131.312
G0 X132.7 Y131.312
G0 X132.34 Y131.835
G1 F6000 X110.335 Y153.84 E375.00569
G0 F15000 X110.901 Y153.84
G1 F6000 X132.34 Y132.401 E376.01412
G0 F15000 X132.34 Y132.966
G1 F6000 X111.466 Y153.84 E376.99597
G0 F15000 X112.032 Y153.84
G1 F6000 X132.34 Y133.532 E377.95119
G0 F15000 X132.34 Y134.098
G1 F6000 X112.598 Y153.84 E378.87979
G0 F15000 X113.163 Y153.84
G1 F6000 X132.34 Y134.664 E379.7818
G0 F15000 X132.34 Y135.229
G1 F6000 X113.729 Y153.84 E380.6572
G0 F15000 X114.295 Y153.84
G1 F6000 X132.34 Y135.795 E381.50598
G0 F15000 X132.34 Y136.361
G1 F6000 X114.86 Y153.84 E382.32817
G0 F15000 X115.426 Y153.84
G1 F6000 X132.34 Y136.926 E383.12375
G0 F15000 X132.34 Y137.492
G1 F6000 X115.992 Y153.84 E383.89271
G0 F15000 X116.557 Y153.84
G1 F6000 X132.34 Y138.058 E384.63507
G0 F15000 X132.34 Y138.623
G1 F6000 X117.123 Y153.84 E385.35083
G0 F15000 X117.689 Y153.84
G1 F6000 X132.34 Y139.189 E386.03997
G0 F15000 X132.34 Y139.755
G1 F6000 X118.254 Y153.84 E386.70251
G0 F15000 X118.82 Y153.84
G1 F6000 X132.34 Y140.32 E387.33845
G0 F15000 X132.34 Y140.886
G1 F6000 X119.386 Y153.84 E387.94776
G0 F15000 X119.951 Y153.84
G1 F6000 X132.34 Y141.452 E388.53048
G0 F15000 X132.34 Y142.017
G1 F6000 X120.517 Y153.84 E389.0866
G0 F15000 X121.083 Y153.84
G1 F6000 X132.34 Y142.583 E389.61609
G0 F15000 X132.34 Y143.149
G1 F6000 X121.649 Y153.84 E390.11896
G0 F15000 X122.214 Y153.84
G1 F6000 X132.34 Y143.715 E390.59524
G0 F15000 X132.34 Y144.28
G1 F6000 X122.78 Y153.84 E391.04491
G0 F15000 X123.346 Y153.84
G1 F6000 X132.34 Y144.846 E391.46796
G0 F15000 X132.34 Y145.412
G1 F6000 X128.367 Y149.384 E391.65481
G1 X123.911 Y153.84 E391.86441
G0 F15000 X124.477 Y153.84
G1 F6000 X127.412 Y150.905 E392.00246
G0 F15000 X127.348 Y151.535
G1 F6000 X125.043 Y153.84 E392.11088
G0 F15000 X125.608 Y153.84
G1 F6000 X127.402 Y152.047 E392.19525
G0 F15000 X127.52 Y152.495
G1 F6000 X126.174 Y153.84 E392.25853
G0 F15000 X126.74 Y153.84
G1 F6000 X127.722 Y152.858 E392.30472
G0 F15000 X127.947 Y153.198
G1 F6000 X127.305 Y153.84 E392.33492
G0 F15000 X127.871 Y153.84
G1 F6000 X128.233 Y153.478 E392.35195
G0 F15000 X128.554 Y153.723
G1 F6000 X128.437 Y153.84 E392.35745
G1 F2400 E391.85745
G0 F15000 X128.437 Y154.3
G0 X129.523 Y154.2
G0 X129.642 Y153.753
G0 X129.403 Y148.915
G1 F2400 E392.35745
G1 F6000 X132.34 Y145.977 E392.49562
G0 F15000 X132.34 Y146.543
G1 F6000 X130.035 Y148.848 E392.60404
G0 F15000 X130.547 Y148.902
G1 F6000 X132.34 Y147.109 E392.68838
G0 F15000 X132.34 Y147.674
G1 F6000 X130.995 Y149.019 E392.75165
G0 F15000 X131.359 Y149.221
G1 F6000 X132.34 Y148.24 E392.79779
G0 F15000 X132.34 Y148.806
G1 F6000 X131.701 Y149.445 E392.82784
G0 F15000 X131.98 Y149.731
G1 F6000 X132.34 Y149.371 E392.84478
G0 F15000 X132.34 Y149.937
G1 F6000 X132.224 Y150.053 E392.85023
G1 F2400 E392.35023
G0 F15000 X131.826 Y150.286
G0 X130.875 Y149.383
G0 X132.7 Y149.383
G0 X132.34 Y131.269
G1 F2400 E392.85023
G1 F6000 X109.769 Y153.84 E393.91191
G0 F15000 X109.769 Y154.3
G0 X104.272 Y154.228
G0 X104.2 Y134.624
G0 X104.661 Y134.624
G1 F6000 X107.137 Y132.148 E394.02837
G0 F15000 X106.589 Y132.131
G1 F6000 X104.661 Y134.058 E394.11903
G0 F15000 X104.661 Y133.493
G1 F6000 X106.14 Y132.014 E394.1886
G0 F15000 X105.749 Y131.839
G1 F6000 X104.661 Y132.927 E394.23978
G0 F15000 X104.661 Y132.361
G1 F6000 X105.395 Y131.627 E394.2743
G0 F15000 X105.104 Y131.352
G1 F6000 X104.661 Y131.796 E394.29516
G0 F15000 X104.661 Y131.23
G1 F6000 X104.834 Y131.057 E394.3033
G1 F2400 E393.8033
G0 F15000 X105.235 Y130.825
G0 X106.252 Y131.306
G0 X106.745 Y131.439
G0 X107.255 Y131.439
G0 X107.748 Y131.306
G0 X108.191 Y131.051
G0 X108.551 Y130.691
G0 X109.27 Y129.206
G0 X128.184 Y128.103
G0 X129.321 Y126.934
G1 F2400 E394.3033
G1 F6000 X130.096 Y126.16 E394.33973
G0 F15000 X130.661 Y126.16
G1 F6000 X129.97 Y126.851 E394.37223
G0 F15000 X130.498 Y126.889
G1 F6000 X131.227 Y126.16 E394.40652
G0 F15000 X131.793 Y126.16
G1 F6000 X130.946 Y127.007 E394.44636
G0 F15000 X131.319 Y127.199
G1 F6000 X132.34 Y126.178 E394.49439
G0 F15000 X132.34 Y126.744
G1 F6000 X131.668 Y127.416 E394.526
G0 F15000 X131.95 Y127.7
G1 F6000 X132.34 Y127.31 E394.54434
G0 F15000 X132.34 Y127.875
G1 F6000 X132.201 Y128.014 E394.55088
G1 F2400 E394.05088
;MESH:NONMESH
G0 F300 X132.201 Y128.014 Z1
G0 F15000 X131.803 Y128.247
G0 X131.939 Y129.245
G0 X131.939 Y129.755
G0 X131.806 Y130.248
G0 X131.551 Y130.691
G0 X131.191 Y131.051
G0 X130.748 Y131.306
G0 X129.142 Y131.622
G0 X114 Y166.587
;TIME_ELAPSED:481.919114
;LAYER:4
;note -- min layer time used
;TYPE:SUPPORT
G1 F2400 E394.55088
G1 F5166.2 X114.175 Y166.956 E394.56446
G1 X114.4 Y167.286 E394.57775
G1 X114.616 Y167.529 E394.58856
G1 X114.851 Y167.747 E394.59922
G1 X115.068 Y167.928 E394.60862
G1 X115.415 Y168.395 E394.62797
G1 X115.468 Y168.447 E394.63044
G1 X115.721 Y168.979 E394.65003
G1 X115.799 Y169.29 E394.6607
G1 X115.796 Y170.797 E394.71082
G1 X115.552 Y171.437 E394.7336
G1 X115.188 Y171.855 E394.75204
G1 X114.888 Y172.077 E394.76445
G1 X114.459 Y172.458 E394.78353
G1 X114.151 Y172.928 E394.80222
G1 X114 Y173.256 E394.81423
G1 X114 Y166.587 E395.03604
G1 X113.899 Y166.261 E395.0474
G1 X113.829 Y165.883 E395.06018
G1 X113.8 Y165.498 E395.07302
G1 X113.8 Y156.2 E395.38228
G1 X113.6 Y156.2 E395.38893
G1 X113.6 Y156 E395.39558
G1 X112 Y156 E395.4488
G1 X112 Y175.8 E396.10735
G1 X110.201 Y175.8 E396.16718
G1 X110.198 Y174.219 E396.21977
G1 X110.139 Y173.774 E396.2347
G1 X110.016 Y173.331 E396.24999
G1 X109.823 Y172.919 E396.26512
G1 X109.552 Y172.521 E396.28114
G1 X109.194 Y172.171 E396.29779
G1 X109.017 Y172.02 E396.30553
G1 X108.506 Y171.519 E396.32933
G1 X108.258 Y170.974 E396.34924
G1 X108.201 Y170.713 E396.35813
G1 X108.204 Y169.203 E396.40835
G1 X108.46 Y168.533 E396.43221
G1 X108.793 Y168.16 E396.44884
G1 X108.952 Y168.05 E396.45527
G1 X109.23 Y167.829 E396.46708
G1 X109.547 Y167.511 E396.48201
G1 X109.823 Y167.106 E396.49832
G1 X110 Y166.74 E396.51184
G1 X110 Y173.296 E396.72989
G1 F2400 E396.22989
G0 F15000 X109.202 Y173.631
G0 X109.349 Y176.653
G0 X114.653 Y176.653
G0 X121.397 Y172.621
G0 X122 Y172.003
G1 F2400 E396.72989
G1 F5166.2 X122 Y168.004 E396.8629
G1 X121.795 Y168.158 E396.87143
G1 X121.46 Y168.533 E396.88815
G1 X121.204 Y169.203 E396.91201
G1 X121.201 Y170.713 E396.96223
G1 X121.258 Y170.974 E396.97111
G1 X121.506 Y171.519 E396.99103
G1 X122.017 Y172.02 E397.01483
G1 X122.194 Y172.171 E397.02257
G1 X122.552 Y172.521 E397.03922
G1 X122.823 Y172.919 E397.05524
G1 X123.016 Y173.331 E397.07037
G1 X123.139 Y173.774 E397.08566
G1 X123.198 Y174.219 E397.10059
G1 X123.201 Y175.8 E397.15318
G1 X124 Y175.8 E397.17975
G1 X124 Y156 E397.8383
G1 X126 Y156 E397.90482
G1 X126 Y175.8 E398.56337
G1 X126.8 Y175.8 E398.58998
G1 X126.8 Y174.147 E398.64496
G1 X126.881 Y173.635 E398.6622
G1 X126.994 Y173.268 E398.67497
G1 X127.151 Y172.928 E398.68743
G1 X127.459 Y172.458 E398.70612
G1 X127.888 Y172.077 E398.7252
G1 X128.188 Y171.855 E398.73761
G1 X128.552 Y171.437 E398.75605
G1 X128.796 Y170.797 E398.77883
G1 X128.799 Y169.29 E398.82895
G1 X128.736 Y169.019 E398.83821
G1 X128.48 Y168.46 E398.85866
G1 X128 Y167.995 E398.88088
G1 X128 Y171.995 E399.01393
G1 F2400 E398.51393
;MESH:Limiter bracketV2.stl
G0 F15000 X128.512 Y172.69
G0 X128.778 Y172.495
G0 X129.305 Y171.886
G0 X129.66 Y170.957
G0 X129.663 Y169.369
G0 X128 Y155.665
G0 X128 Y154.57
G0 X130.265 Y153.9
G0 X130.265 Y153.588
;TYPE:WALL-INNER
G1 F2400 E399.01393
G1 F5166.2 X129.723 Y153.588 E399.03195
G1 X129.191 Y153.448 E399.05025
G1 X128.713 Y153.166 E399.06871
G1 X128.33 Y152.789 E399.08658
G1 X128.052 Y152.306 E399.10512
G1 X127.908 Y151.771 E399.12355
G1 X127.908 Y151.218 E399.14194
G1 X128.061 Y150.686 E399.16035
G1 X128.336 Y150.206 E399.17875
G1 X128.715 Y149.829 E399.19653
G1 X129.186 Y149.561 E399.21455
G1 X129.718 Y149.408 E399.23296
G1 X130.275 Y149.408 E399.25149
G1 X130.806 Y149.552 E399.26979
G1 X131.288 Y149.83 E399.2883
G1 X131.666 Y150.212 E399.30617
G1 X131.945 Y150.686 E399.32446
G1 X132.088 Y151.222 E399.34292
G1 X132.088 Y151.765 E399.36098
G1 X131.947 Y152.311 E399.37973
G1 X131.665 Y152.789 E399.39819
G1 X131.289 Y153.165 E399.41588
G1 X130.809 Y153.448 E399.43441
G1 X130.265 Y153.588 E399.45309
G0 F15000 X130.265 Y153.9
G0 X119.424 Y154.09
G0 X119.424 Y154.4
G1 F5166.2 X132.9 Y154.4 E399.90131
G1 X132.9 Y125.6 E400.8592
G1 X104.1 Y125.6 E401.81709
G1 X104.1 Y154.4 E402.77498
G1 X119.424 Y154.4 E403.28466
G0 F15000 X119.424 Y154.09
G0 X107.265 Y153.9
G0 X107.265 Y153.588
G1 F5166.2 X106.723 Y153.588 E403.30269
G1 X106.191 Y153.448 E403.32098
G1 X105.713 Y153.166 E403.33944
G1 X105.33 Y152.789 E403.35732
G1 X105.051 Y152.305 E403.3759
G1 X104.908 Y151.766 E403.39445
G1 X104.908 Y151.222 E403.41254
G1 X105.053 Y150.691 E403.43085
G1 X105.329 Y150.213 E403.4492
G1 X105.713 Y149.829 E403.46727
G1 X106.191 Y149.553 E403.48563
G1 X106.722 Y149.408 E403.50393
G1 X107.279 Y149.408 E403.52246
G1 X107.814 Y149.56 E403.54096
G1 X108.286 Y149.83 E403.55904
G1 X108.676 Y150.226 E403.57753
G1 X108.939 Y150.685 E403.59512
G1 X109.088 Y151.219 E403.61356
G1 X109.088 Y151.771 E403.63192
G1 X108.948 Y152.31 E403.65045
G1 X108.667 Y152.787 E403.66886
G1 X108.289 Y153.165 E403.68664
G1 X107.809 Y153.448 E403.70517
G1 X107.265 Y153.588 E403.72385
G0 F15000 X107.265 Y153.9
G0 X107.903 Y153.679
G0 X108.436 Y153.371
G0 X108.871 Y152.936
G0 X109.179 Y152.403
G0 X109.339 Y151.808
G0 X109.339 Y151.459
G0 X107.354 Y131.889
G0 X107.275 Y131.588
G1 F5166.2 X106.723 Y131.588 E403.74221
G1 X106.19 Y131.448 E403.76054
G1 X105.715 Y131.169 E403.77887
G1 X105.33 Y130.788 E403.79688
G1 X105.051 Y130.305 E403.81543
G1 X104.908 Y129.766 E403.83398
G1 X104.908 Y129.222 E403.85207
G1 X105.053 Y128.691 E403.87038
G1 X105.329 Y128.213 E403.88874
G1 X105.713 Y127.829 E403.9068
G1 X106.193 Y127.552 E403.92523
G1 X106.734 Y127.408 E403.94385
G1 X107.275 Y127.408 E403.96185
G1 X107.806 Y127.552 E403.98015
G1 X108.288 Y127.83 E403.99865
G1 X108.669 Y128.215 E404.01667
G1 X108.948 Y128.69 E404.03499
G1 X109.089 Y129.226 E404.05343
G1 X109.083 Y129.774 E404.07165
G1 X108.941 Y130.321 E404.09045
G1 X108.662 Y130.792 E404.10866
G1 X108.279 Y131.173 E404.12663
G1 X107.814 Y131.439 E404.14444
G1 X107.275 Y131.588 E404.16304
G0 F15000 X107.354 Y131.889
G0 X130.271 Y131.9
G0 X130.271 Y131.588
G1 F5166.2 X129.719 Y131.588 E404.1814
G1 X129.185 Y131.439 E404.19984
G1 X128.721 Y131.173 E404.21763
G1 X128.329 Y130.785 E404.23598
G1 X128.05 Y130.289 E404.2549
G1 X127.914 Y129.778 E404.27249
G1 X127.907 Y129.226 E404.29085
G1 X128.053 Y128.691 E404.3093
G1 X128.327 Y128.217 E404.32751
G1 X128.725 Y127.814 E404.34635
G1 X128.923 Y127.681 E404.35428
G1 X129.379 Y127.493 E404.37068
G1 X129.738 Y127.408 E404.38295
G1 X130.275 Y127.408 E404.40081
G1 X130.806 Y127.552 E404.41911
G1 X131.288 Y127.83 E404.43762
G1 X131.666 Y128.212 E404.45549
G1 X131.945 Y128.686 E404.47379
G1 X132.088 Y129.222 E404.49224
G1 X132.088 Y129.765 E404.5103
G1 X131.947 Y130.311 E404.52906
G1 X131.665 Y130.789 E404.54751
G1 X131.287 Y131.167 E404.56529
G1 X130.81 Y131.448 E404.58371
G1 X130.271 Y131.588 E404.60223
G0 F15000 X130.243 Y131.182
;TYPE:WALL-OUTER
G1 F5166.2 X129.777 Y131.188 E404.61773
G1 X129.345 Y131.075 E404.63258
G1 X128.97 Y130.853 E404.64708
G1 X128.648 Y130.538 E404.66206
G1 X128.431 Y130.163 E404.67647
G1 X128.314 Y129.745 E404.69091
G1 X128.308 Y129.277 E404.70647
G1 X128.438 Y128.824 E404.72215
G1 X128.665 Y128.443 E404.7369
G1 X129.038 Y128.066 E404.75454
G1 X129.567 Y127.852 E404.77352
G1 X129.769 Y127.811 E404.78037
G1 X130.245 Y127.814 E404.79621
G1 X130.629 Y127.918 E404.80944
G1 X131.04 Y128.148 E404.8251
G1 X131.361 Y128.482 E404.84051
G1 X131.575 Y128.845 E404.85452
G1 X131.682 Y129.253 E404.86855
G1 X131.686 Y129.727 E404.88432
G1 X131.575 Y130.156 E404.89906
G1 X131.33 Y130.558 E404.91472
G1 X131.018 Y130.861 E404.92918
G1 X130.654 Y131.075 E404.94323
G1 X130.243 Y131.182 E404.95735
G1 F2400 E404.45735
G0 F15000 X130.426 Y131.87
G0 X132.339 Y151.192
G0 X132.339 Y151.808
G0 X132.179 Y152.403
G0 X131.871 Y152.936
G0 X131.436 Y153.371
G0 X130.41 Y153.874
G0 X130.227 Y153.186
G1 F2400 E404.95735
G1 F5166.2 X129.753 Y153.182 E404.97312
G1 X129.344 Y153.074 E404.98719
G1 X128.943 Y152.831 E405.00278
G1 X128.647 Y152.539 E405.01661
G1 X128.418 Y152.129 E405.03223
G1 X128.308 Y151.719 E405.04635
G1 X128.308 Y151.276 E405.06108
G1 X128.428 Y150.844 E405.076
G1 X128.644 Y150.468 E405.09042
G1 X128.96 Y150.15 E405.10533
G1 X129.344 Y149.928 E405.12008
G1 X129.778 Y149.808 E405.13506
G1 X130.245 Y149.814 E405.15059
G1 X130.629 Y149.918 E405.16382
G1 X131.04 Y150.148 E405.17949
G1 X131.361 Y150.482 E405.1949
G1 X131.575 Y150.845 E405.20891
G1 X131.682 Y151.253 E405.22294
G1 X131.686 Y151.727 E405.23871
G1 X131.575 Y152.156 E405.25345
G1 X131.33 Y152.558 E405.2691
G1 X131.018 Y152.861 E405.28357
G1 X130.654 Y153.075 E405.29761
G1 X130.227 Y153.186 E405.31229
G1 F2400 E404.81229
G0 F15000 X130.41 Y153.874
G0 X119.508 Y154.09
G0 X119.508 Y154.8
G1 F2400 E405.31229
G1 F5166.2 X133.3 Y154.8 E405.77101
G1 X133.3 Y125.2 E406.75551
G1 X103.7 Y125.2 E407.74001
G1 X103.7 Y154.8 E408.72451
G1 X119.508 Y154.8 E409.25029
G1 F2400 E408.75029
G0 F15000 X119.508 Y154.09
G0 X107.41 Y153.874
G0 X107.227 Y153.186
G1 F2400 E409.25029
G1 F5166.2 X106.753 Y153.182 E409.26605
G1 X106.344 Y153.074 E409.28012
G1 X105.943 Y152.831 E409.29572
G1 X105.647 Y152.539 E409.30955
G1 X105.418 Y152.129 E409.32517
G1 X105.31 Y151.727 E409.33901
G1 X105.308 Y151.276 E409.35401
G1 X105.438 Y150.824 E409.36965
G1 X105.666 Y150.442 E409.38445
G1 X105.942 Y150.166 E409.39743
G1 X106.324 Y149.938 E409.41223
G1 X106.777 Y149.808 E409.4279
G1 X107.245 Y149.814 E409.44347
G1 X107.629 Y149.918 E409.4567
G1 X108.029 Y150.142 E409.47195
G1 X108.342 Y150.455 E409.48667
G1 X108.572 Y150.844 E409.5017
G1 X108.682 Y151.253 E409.51579
G1 X108.688 Y151.719 E409.53129
G1 X108.575 Y152.156 E409.5463
G1 X108.33 Y152.558 E409.56196
G1 X108.018 Y152.861 E409.57643
G1 X107.654 Y153.075 E409.59047
G1 X107.227 Y153.186 E409.60515
G1 F2400 E409.10515
G0 F15000 X107.41 Y153.874
G0 X107.903 Y153.679
G0 X108.436 Y153.371
G0 X108.871 Y152.936
G0 X109.179 Y152.403
G0 X109.339 Y151.808
G0 X109.339 Y151.459
G0 X107.426 Y131.87
G0 X107.243 Y131.182
G1 F2400 E409.60515
G1 F5166.2 X106.777 Y131.188 E409.62065
G1 X106.344 Y131.074 E409.63554
G1 X105.943 Y130.831 E409.65113
G1 X105.647 Y130.539 E409.66496
G1 X105.418 Y130.129 E409.68058
G1 X105.31 Y129.727 E409.69443
G1 X105.308 Y129.276 E409.70943
G1 X105.438 Y128.824 E409.72507
G1 X105.666 Y128.442 E409.73987
G1 X105.942 Y128.166 E409.75285
G1 X106.324 Y127.938 E409.76765
G1 X106.769 Y127.811 E409.78304
G1 X107.245 Y127.814 E409.79887
G1 X107.629 Y127.918 E409.8121
G1 X108.04 Y128.148 E409.82777
G1 X108.361 Y128.482 E409.84317
G1 X108.575 Y128.845 E409.85719
G1 X108.682 Y129.253 E409.87122
G1 X108.687 Y129.72 E409.88675
G1 X108.576 Y130.147 E409.90143
G1 X108.348 Y130.538 E409.91648
G1 X108.049 Y130.838 E409.93057
G1 X107.656 Y131.072 E409.94578
G1 X107.243 Y131.182 E409.96
G0 F15000 X107.426 Y131.87
G0 X107.01 Y131.852
G0 X106.04 Y131.716
G0 X106.155 Y131.521
;TYPE:FILL
G1 F5166.2 X104.18 Y138.89 E410.21374
G0 F15000 X104.181 Y138.003
G1 F5166.2 X128.918 Y131.375 E411.06552
G0 F15000 X128.8 Y131.577
G0 X129.692 Y131.839
G0 X130.191 Y131.839
G0 X131.147 Y131.608
G0 X131.032 Y131.409
G1 F5166.2 X124.893 Y154.32 E411.85442
G0 F15000 X124.893 Y154.09
G0 X123.821 Y154.09
G0 X123.821 Y154.32
G1 F5166.2 X104.18 Y134.679 E412.77827
G0 F15000 X104.41 Y134.679
G0 X104.41 Y129.721
G0 X104.18 Y129.721
G1 F5166.2 X104.827 Y129.548 E412.80055
G0 F15000 X104.6 Y129.548
G0 X104.821 Y128.597
G0 X105.129 Y128.064
G0 X105.564 Y127.629
G0 X106.097 Y127.321
G0 X106.434 Y127.23
G0 X107.278 Y127.1
G0 X107.278 Y127.328
G1 F5166.2 X107.72 Y125.679 E412.85733
G0 F15000 X107.72 Y125.91
G0 X106.495 Y125.91
G0 X106.495 Y125.68
G1 F5166.2 X130.142 Y149.328 E413.96964
G0 F15000 X130.142 Y149.1
G0 X130.903 Y149.321
G0 X131.436 Y149.629
G0 X131.871 Y150.064
G0 X132.12 Y150.496
G0 X132.4 Y151.353
G0 X132.167 Y151.353
G1 F5166.2 X132.82 Y152.005 E414.00033
G0 F15000 X132.59 Y152.005
G0 X132.59 Y146.894
G0 X132.82 Y146.894
G1 F5166.2 X105.106 Y154.32 E414.95462
G0 F15000 X105.106 Y154.09
G0 X108.328 Y154.09
G0 X108.328 Y154.321
G1 F5166.2 X108.725 Y152.841 E415.00558
G0 F15000 X108.888 Y153.004
G0 X109.179 Y152.403
G0 X109.27 Y152.066
G0 X109.388 Y151.141
G0 X109.164 Y151.2
G1 F5166.2 X116.002 Y125.68 E415.88432
G0 F15000 X116.002 Y125.91
G0 X117.809 Y125.91
G0 X117.809 Y125.68
G1 F5166.2 X132.82 Y140.692 E416.59042
G0 F15000 X132.59 Y140.692
G0 X132.59 Y138.612
G0 X132.819 Y138.612
G1 F5166.2 X104.18 Y146.286 E417.57656
G0 F15000 X104.18 Y145.993
G1 F5166.2 X107.601 Y149.414 E417.73747
G0 F15000 X107.66 Y149.193
G0 X108.436 Y149.629
G0 X108.789 Y149.982
G0 X109.307 Y150.839
G0 X109.085 Y150.897
G1 F5166.2 X112.507 Y154.32 E417.89846
G0 F15000 X112.507 Y154.09
G0 X116.61 Y154.09
G0 X116.61 Y154.32
G1 F5166.2 X124.285 Y125.68 E418.88464
G0 F15000 X124.285 Y125.91
G0 X129.123 Y125.91
G0 X129.123 Y125.68
G1 F5166.2 X131.029 Y127.587 E418.97431
G0 F15000 X131.144 Y127.39
G0 X132.048 Y128.248
G0 X131.848 Y128.363
G1 F5166.2 X132.567 Y125.679 E419.06673
G0 F15000 X132.567 Y125.91
G0 X132.108 Y128.352
G0 X131.909 Y128.467
G1 F5166.2 X132.82 Y129.378 E419.10958
G0 F15000 X132.82 Y130.33
G1 F5166.2 X131.882 Y130.581 E419.14188
G0 F15000 X132.079 Y130.696
G0 X131.436 Y131.371
G0 X130.903 Y131.679
G0 X130.308 Y131.839
G0 X129.692 Y131.839
G0 X129.21 Y131.709
G0 X119.264 Y125.91
G0 X119.264 Y125.68
G1 F5166.2 X108.902 Y128.456 E419.49867
G0 F15000 X109.362 Y128.191
G1 F2400 E418.99867
;MESH:NONMESH
G0 F300 X109.362 Y128.191 Z1.2
G0 F15000 X114 Y154.57
G0 X114.653 Y155.653
G0 X114.742 Y166.062
G0 X114 Y166.59
;TIME_ELAPSED:508.563935
;LAYER:5
;note -- min layer time used
;TYPE:SUPPORT
G1 F2400 E419.49867
G1 F5163.2 X114.059 Y166.751 E419.50438
G1 X114.249 Y167.086 E419.51719
G1 X114.502 Y167.422 E419.53117
G1 X114.792 Y167.697 E419.54447
G1 X115.068 Y167.928 E419.55644
G1 X115.415 Y168.395 E419.57579
G1 X115.468 Y168.447 E419.57826
G1 X115.721 Y168.979 E419.59785
G1 X115.799 Y169.29 E419.60852
G1 X115.796 Y170.797 E419.65864
G1 X115.552 Y171.437 E419.68142
G1 X115.184 Y171.86 E419.70007
G1 X114.774 Y172.16 E419.71697
G1 X114.486 Y172.441 E419.73035
G1 X114.269 Y172.722 E419.74216
G1 X114.059 Y173.092 E419.75631
G1 X114 Y173.251 E419.76195
G1 X114 Y166.59 E419.98349
G1 X113.929 Y166.396 E419.99036
G1 X113.84 Y165.986 E420.00432
G1 X113.8 Y165.6 E420.01723
G1 X113.8 Y156.2 E420.32987
G1 X113.6 Y156.2 E420.33652
G1 X113.6 Y156 E420.34318
G1 X112 Y156 E420.39639
G1 X112 Y175.8 E421.05494
G1 X110.201 Y175.8 E421.11478
G1 X110.198 Y174.129 E421.17036
G1 X110.108 Y173.591 E421.1885
G1 X109.95 Y173.148 E421.20414
G1 X109.691 Y172.698 E421.22141
G1 X109.503 Y172.474 E421.23114
G1 X109.32 Y172.276 E421.2401
G1 X109.024 Y172.027 E421.25297
G1 X108.506 Y171.519 E421.2771
G1 X108.258 Y170.974 E421.29702
G1 X108.201 Y170.713 E421.3059
G1 X108.204 Y169.203 E421.35612
G1 X108.46 Y168.533 E421.37998
G1 X108.794 Y168.16 E421.39663
G1 X109.034 Y167.993 E421.40636
G1 X109.372 Y167.712 E421.42098
G1 X109.691 Y167.326 E421.43763
G1 X109.904 Y166.966 E421.45154
G1 X110 Y166.725 E421.46017
G1 X110 Y173.288 E421.67846
G1 F2400 E421.17846
G0 F15000 X109.186 Y173.578
G0 X109.349 Y176.653
G0 X114.653 Y176.653
G0 X121.396 Y172.621
G0 X122 Y172.003
G1 F2400 E421.67846
G1 F5163.2 X122 Y168.013 E421.81117
G1 X121.793 Y168.16 E421.81961
G1 X121.46 Y168.533 E421.83624
G1 X121.204 Y169.203 E421.8601
G1 X121.201 Y170.713 E421.91032
G1 X121.258 Y170.974 E421.91921
G1 X121.506 Y171.519 E421.93912
G1 X122.024 Y172.027 E421.96325
G1 X122.32 Y172.276 E421.97612
G1 X122.503 Y172.474 E421.98508
G1 X122.691 Y172.698 E421.99481
G1 X122.95 Y173.148 E422.01208
G1 X123.108 Y173.591 E422.02772
G1 X123.198 Y174.129 E422.04587
G1 X123.201 Y175.8 E422.10144
G1 X124 Y175.8 E422.12802
G1 X124 Y156 E422.78657
G1 X126 Y156 E422.85309
G1 X126 Y175.8 E423.51164
G1 X126.8 Y175.8 E423.53825
G1 X126.8 Y174.27 E423.58914
G1 X126.826 Y173.892 E423.60174
G1 X126.913 Y173.483 E423.61565
G1 X127.059 Y173.092 E423.62953
G1 X127.269 Y172.722 E423.64368
G1 X127.486 Y172.441 E423.65549
G1 X127.774 Y172.16 E423.66887
G1 X128.184 Y171.86 E423.68577
G1 X128.552 Y171.437 E423.70442
G1 X128.796 Y170.797 E423.7272
G1 X128.799 Y169.29 E423.77732
G1 X128.736 Y169.019 E423.78657
G1 X128.48 Y168.46 E423.80702
G1 X128 Y167.994 E423.82927
G1 X128 Y171.995 E423.96235
G1 F2400 E423.46235
;MESH:Limiter bracketV2.stl
G0 F15000 X128.595 Y172.63
G0 X129.304 Y171.887
G0 X129.66 Y170.957
G0 X129.663 Y169.369
G0 X128 Y155.665
G0 X128 Y154.57
G0 X130.265 Y153.9
G0 X130.265 Y153.588
;TYPE:WALL-INNER
G1 F2400 E423.96235
G1 F5163.2 X129.723 Y153.588 E423.98037
G1 X129.191 Y153.448 E423.99867
G1 X128.713 Y153.166 E424.01713
G1 X128.33 Y152.789 E424.035
G1 X128.052 Y152.306 E424.05354
G1 X127.908 Y151.771 E424.07197
G1 X127.908 Y151.218 E424.09036
G1 X128.061 Y150.686 E424.10877
G1 X128.336 Y150.206 E424.12717
G1 X128.715 Y149.829 E424.14495
G1 X129.186 Y149.561 E424.16298
G1 X129.718 Y149.408 E424.18139
G1 X130.275 Y149.408 E424.19991
G1 X130.806 Y149.552 E424.21821
G1 X131.288 Y149.83 E424.23672
G1 X131.666 Y150.212 E424.25459
G1 X131.945 Y150.686 E424.27289
G1 X132.088 Y151.222 E424.29134
G1 X132.088 Y151.765 E424.3094
G1 X131.947 Y152.311 E424.32815
G1 X131.665 Y152.789 E424.34661
G1 X131.289 Y153.165 E424.3643
G1 X130.809 Y153.448 E424.38283
G1 X130.265 Y153.588 E424.40151
G0 F15000 X130.265 Y153.9
G0 X119.424 Y154.09
G0 X119.424 Y154.4
G1 F5163.2 X132.9 Y154.4 E424.84973
G1 X132.9 Y125.6 E425.80762
G1 X104.1 Y125.6 E426.76551
G1 X104.1 Y154.4 E427.7234
G1 X119.424 Y154.4 E428.23308
G0 F15000 X119.424 Y154.09
G0 X107.265 Y153.9
G0 X107.265 Y153.588
G1 F5163.2 X106.723 Y153.588 E428.25111
G1 X106.191 Y153.448 E428.26941
G1 X105.713 Y153.166 E428.28786
G1 X105.33 Y152.789 E428.30574
G1 X105.051 Y152.305 E428.32432
G1 X104.908 Y151.766 E428.34287
G1 X104.908 Y151.222 E428.36096
G1 X105.053 Y150.691 E428.37927
G1 X105.329 Y150.213 E428.39763
G1 X105.713 Y149.829 E428.41569
G1 X106.191 Y149.553 E428.43405
G1 X106.722 Y149.408 E428.45236
G1 X107.279 Y149.408 E428.47088
G1 X107.814 Y149.56 E428.48938
G1 X108.286 Y149.83 E428.50747
G1 X108.676 Y150.226 E428.52595
G1 X108.939 Y150.685 E428.54355
G1 X109.088 Y151.219 E428.56199
G1 X109.088 Y151.771 E428.58035
G1 X108.948 Y152.31 E428.59887
G1 X108.667 Y152.787 E428.61728
G1 X108.289 Y153.165 E428.63506
G1 X107.809 Y153.448 E428.65359
G1 X107.265 Y153.588 E428.67228
G0 F15000 X107.265 Y153.9
G0 X107.903 Y153.679
G0 X108.436 Y153.371
G0 X108.871 Y152.936
G0 X109.179 Y152.403
G0 X109.339 Y151.808
G0 X109.339 Y151.459
G0 X107.354 Y131.889
G0 X107.275 Y131.588
G1 F5163.2 X106.723 Y131.588 E428.69064
G1 X106.19 Y131.448 E428.70897
G1 X105.715 Y131.169 E428.72729
G1 X105.33 Y130.788 E428.7453
G1 X105.051 Y130.305 E428.76386
G1 X104.908 Y129.766 E428.7824
G1 X104.908 Y129.222 E428.8005
G1 X105.053 Y128.691 E428.8188
G1 X105.329 Y128.213 E428.83716
G1 X105.713 Y127.829 E428.85522
G1 X106.193 Y127.552 E428.87366
G1 X106.734 Y127.408 E428.89228
G1 X107.275 Y127.408 E428.91027
G1 X107.806 Y127.552 E428.92857
G1 X108.288 Y127.83 E428.94708
G1 X108.669 Y128.215 E428.96509
G1 X108.948 Y128.69 E428.98341
G1 X109.089 Y129.226 E429.00185
G1 X109.083 Y129.774 E429.02008
G1 X108.941 Y130.321 E429.03887
G1 X108.662 Y130.792 E429.05708
G1 X108.279 Y131.173 E429.07505
G1 X107.814 Y131.439 E429.09287
G1 X107.275 Y131.588 E429.11147
G0 F15000 X107.354 Y131.889
G0 X130.271 Y131.9
G0 X130.271 Y131.588
G1 F5163.2 X129.719 Y131.588 E429.12983
G1 X129.185 Y131.439 E429.14826
G1 X128.721 Y131.173 E429.16605
G1 X128.329 Y130.785 E429.1844
G1 X128.05 Y130.289 E429.20333
G1 X127.914 Y129.778 E429.22091
G1 X127.907 Y129.226 E429.23927
G1 X128.053 Y128.691 E429.25772
G1 X128.327 Y128.217 E429.27593
G1 X128.725 Y127.814 E429.29477
G1 X128.923 Y127.681 E429.3027
G1 X129.379 Y127.493 E429.31911
G1 X129.738 Y127.408 E429.33138
G1 X130.275 Y127.408 E429.34924
G1 X130.806 Y127.552 E429.36754
G1 X131.288 Y127.83 E429.38604
G1 X131.666 Y128.212 E429.40392
G1 X131.945 Y128.686 E429.42221
G1 X132.088 Y129.222 E429.44066
G1 X132.088 Y129.765 E429.45872
G1 X131.947 Y130.311 E429.47748
G1 X131.665 Y130.789 E429.49594
G1 X131.287 Y131.167 E429.51372
G1 X130.81 Y131.448 E429.53213
G1 X130.271 Y131.588 E429.55065
G0 F15000 X130.243 Y131.182
;TYPE:WALL-OUTER
G1 F5163.2 X129.777 Y131.188 E429.56615
G1 X129.345 Y131.075 E429.581
G1 X128.97 Y130.853 E429.5955
G1 X128.648 Y130.538 E429.61048
G1 X128.431 Y130.163 E429.62489
G1 X128.314 Y129.745 E429.63933
G1 X128.308 Y129.277 E429.6549
G1 X128.438 Y128.824 E429.67057
G1 X128.665 Y128.443 E429.68532
G1 X129.038 Y128.066 E429.70296
G1 X129.567 Y127.852 E429.72194
G1 X129.769 Y127.811 E429.7288
G1 X130.245 Y127.814 E429.74463
G1 X130.629 Y127.918 E429.75786
G1 X131.04 Y128.148 E429.77352
G1 X131.361 Y128.482 E429.78893
G1 X131.575 Y128.845 E429.80295
G1 X131.682 Y129.253 E429.81698
G1 X131.686 Y129.727 E429.83274
G1 X131.575 Y130.156 E429.84748
G1 X131.33 Y130.558 E429.86314
G1 X131.018 Y130.861 E429.8776
G1 X130.654 Y131.075 E429.89165
G1 X130.243 Y131.182 E429.90577
G1 F2400 E429.40577
G0 F15000 X130.426 Y131.87
G0 X132.339 Y151.192
G0 X132.339 Y151.808
G0 X132.179 Y152.403
G0 X131.871 Y152.936
G0 X131.436 Y153.371
G0 X130.41 Y153.874
G0 X130.227 Y153.186
G1 F2400 E429.90577
G1 F5163.2 X129.753 Y153.182 E429.92154
G1 X129.344 Y153.074 E429.93561
G1 X128.943 Y152.831 E429.9512
G1 X128.647 Y152.539 E429.96503
G1 X128.418 Y152.129 E429.98065
G1 X128.308 Y151.719 E429.99477
G1 X128.308 Y151.276 E430.00951
G1 X128.428 Y150.844 E430.02442
G1 X128.644 Y150.468 E430.03884
G1 X128.96 Y150.15 E430.05375
G1 X129.344 Y149.928 E430.0685
G1 X129.778 Y149.808 E430.08348
G1 X130.245 Y149.814 E430.09901
G1 X130.629 Y149.918 E430.11225
G1 X131.04 Y150.148 E430.12791
G1 X131.361 Y150.482 E430.14332
G1 X131.575 Y150.845 E430.15733
G1 X131.682 Y151.253 E430.17136
G1 X131.686 Y151.727 E430.18713
G1 X131.575 Y152.156 E430.20187
G1 X131.33 Y152.558 E430.21753
G1 X131.018 Y152.861 E430.23199
G1 X130.654 Y153.075 E430.24604
G1 X130.227 Y153.186 E430.26071
G1 F2400 E429.76071
G0 F15000 X130.41 Y153.874
G0 X119.508 Y154.09
G0 X119.508 Y154.8
G1 F2400 E430.26071
G1 F5163.2 X133.3 Y154.8 E430.71943
G1 X133.3 Y125.2 E431.70393
G1 X103.7 Y125.2 E432.68843
G1 X103.7 Y154.8 E433.67293
G1 X119.508 Y154.8 E434.19871
G1 F2400 E433.69871
G0 F15000 X119.508 Y154.09
G0 X107.41 Y153.874
G0 X107.227 Y153.186
G1 F2400 E434.19871
G1 F5163.2 X106.753 Y153.182 E434.21448
G1 X106.344 Y153.074 E434.22854
G1 X105.943 Y152.831 E434.24414
G1 X105.647 Y152.539 E434.25797
G1 X105.418 Y152.129 E434.27359
G1 X105.31 Y151.727 E434.28743
G1 X105.308 Y151.276 E434.30243
G1 X105.438 Y150.824 E434.31808
G1 X105.666 Y150.442 E434.33287
G1 X105.942 Y150.166 E434.34586
G1 X106.324 Y149.938 E434.36065
G1 X106.777 Y149.808 E434.37633
G1 X107.245 Y149.814 E434.39189
G1 X107.629 Y149.918 E434.40513
G1 X108.029 Y150.142 E434.42037
G1 X108.342 Y150.455 E434.4351
G1 X108.572 Y150.844 E434.45013
G1 X108.682 Y151.253 E434.46421
G1 X108.688 Y151.719 E434.47971
G1 X108.575 Y152.156 E434.49473
G1 X108.33 Y152.558 E434.51039
G1 X108.018 Y152.861 E434.52485
G1 X107.654 Y153.075 E434.53889
G1 X107.227 Y153.186 E434.55357
G1 F2400 E434.05357
G0 F15000 X107.41 Y153.874
G0 X107.903 Y153.679
G0 X108.436 Y153.371
G0 X108.871 Y152.936
G0 X109.179 Y152.403
G0 X109.339 Y151.808
G0 X109.339 Y151.459
G0 X107.426 Y131.87
G0 X107.243 Y131.182
G1 F2400 E434.55357
G1 F5163.2 X106.777 Y131.188 E434.56907
G1 X106.344 Y131.074 E434.58396
G1 X105.943 Y130.831 E434.59956
G1 X105.647 Y130.539 E434.61339
G1 X105.418 Y130.129 E434.62901
G1 X105.31 Y129.727 E434.64285
G1 X105.308 Y129.276 E434.65785
G1 X105.438 Y128.824 E434.67349
G1 X105.666 Y128.442 E434.68829
G1 X105.942 Y128.166 E434.70127
G1 X106.324 Y127.938 E434.71607
G1 X106.769 Y127.811 E434.73146
G1 X107.245 Y127.814 E434.74729
G1 X107.629 Y127.918 E434.76052
G1 X108.04 Y128.148 E434.77619
G1 X108.361 Y128.482 E434.7916
G1 X108.575 Y128.845 E434.80561
G1 X108.682 Y129.253 E434.81964
G1 X108.687 Y129.72 E434.83517
G1 X108.576 Y130.147 E434.84985
G1 X108.348 Y130.538 E434.8649
G1 X108.049 Y130.838 E434.87899
G1 X107.656 Y131.072 E434.8942
G1 X107.243 Y131.182 E434.90842
G0 F15000 X107.426 Y131.87
G0 X106.831 Y131.845
G0 X105.913 Y131.643
G0 X106.029 Y131.446
;TYPE:FILL
G1 F5163.2 X104.18 Y138.346 E435.14601
G1 X104.181 Y138.149
G1 X129.091 Y131.475 E436.00374
G0 F15000 X128.973 Y131.677
G0 X129.692 Y131.839
G0 X130.041 Y131.839
G0 X130.972 Y131.709
G0 X130.858 Y131.511
G1 F5163.2 X124.747 Y154.32 E436.78913
G0 F15000 X124.02 Y154.32
G1 F5163.2 X104.18 Y134.48 E437.72234
G0 F15000 X104.41 Y134.48
G0 X104.41 Y129.867
G0 X104.181 Y129.867
G1 F5163.2 X104.828 Y129.694 E437.74462
G0 F15000 X104.6 Y129.694
G0 X104.661 Y129.192
G0 X104.821 Y128.597
G0 X105.129 Y128.064
G0 X105.564 Y127.629
G0 X106.097 Y127.321
G0 X107.132 Y127.1
G0 X107.132 Y127.329
G1 F5163.2 X107.574 Y125.68 E437.8014
G0 F15000 X106.695 Y125.68
G1 F5163.2 X130.363 Y149.349 E438.91469
G0 F15000 X130.422 Y149.13
G0 X130.903 Y149.321
G0 X131.436 Y149.629
G0 X131.871 Y150.064
G0 X132.37 Y151.073
G0 X132.146 Y151.132
G1 F5163.2 X132.82 Y151.806 E438.94639
G0 F15000 X132.59 Y151.806
G0 X132.59 Y147.04
G0 X132.819 Y147.04
G1 F5163.2 X105.651 Y154.32 E439.88189
G0 F15000 X105.651 Y154.09
G0 X108.182 Y154.09
G0 X108.182 Y154.321
G1 F5163.2 X108.525 Y153.04 E439.92599
G0 F15000 X108.688 Y153.204
G0 X109.179 Y152.403
G0 X109.309 Y151.921
G0 X109.314 Y150.867
G0 X109.092 Y150.925
G1 F5163.2 X115.857 Y125.679 E440.7953
G0 F15000 X115.857 Y125.91
G0 X118.008 Y125.91
G0 X118.008 Y125.68
G1 F5163.2 X132.82 Y140.492 E441.49201
G0 F15000 X132.59 Y140.492
G0 X132.59 Y138.758
G0 X132.82 Y138.758
G1 F5163.2 X104.18 Y146.432 E442.47819
G0 F15000 X104.18 Y145.793
G1 F5163.2 X107.901 Y149.514 E442.65321
G0 F15000 X108.016 Y149.316
G0 X108.436 Y149.629
G0 X109.176 Y150.469
G0 X108.973 Y150.586
G1 F5163.2 X112.706 Y154.32 E442.82882
G0 F15000 X112.706 Y154.09
G0 X116.464 Y154.09
G0 X116.464 Y154.321
G1 F5163.2 X124.139 Y125.68 E443.81504
G0 F15000 X124.139 Y125.91
G0 X119.809 Y125.91
G0 X119.809 Y125.68
G1 F5163.2 X108.977 Y128.582 E444.18802
G0 F15000 X109.175 Y128.468
G0 X129.322 Y125.91
G0 X129.322 Y125.68
G1 F5163.2 X132.82 Y129.179 E444.35257
G0 F15000 X132.59 Y129.179
G0 X132.59 Y130.476
G0 X132.819 Y130.476
G1 F5163.2 X131.78 Y130.754 E444.38835
G0 F15000 X131.979 Y130.87
G0 X132.179 Y130.403
G0 X132.339 Y129.808
G0 X132.339 Y129.192
G0 X132.248 Y128.855
G0 X131.949 Y128.077
G0 X131.747 Y128.193
G1 F5163.2 X132.421 Y125.679 E444.47492
G0 F15000 X132.29 Y126.21
G1 F2400 E443.97492
;MESH:NONMESH
G0 F300 X132.29 Y126.21 Z1.4
G0 F15000 X131.939 Y129.755
G0 X131.806 Y130.248
G0 X131.661 Y130.499
G0 X114 Y154.57
G0 X114.653 Y155.653
G0 X114.762 Y166.157
G0 X114 Y166.623
;TIME_ELAPSED:535.077924
;LAYER:6
;note -- min layer time used
;TYPE:SUPPORT
G1 F2400 E444.47492
G1 F5174.2 X114.127 Y166.895 E444.4849
G1 X114.34 Y167.229 E444.49808
G1 X114.664 Y167.594 E444.51431
G1 X115.063 Y167.921 E444.53147
G1 X115.415 Y168.395 E444.5511
G1 X115.468 Y168.447 E444.55357
G1 X115.721 Y168.979 E444.57317
G1 X115.799 Y169.29 E444.58383
G1 X115.796 Y170.797 E444.63395
G1 X115.552 Y171.437 E444.65673
G1 X115.187 Y171.856 E444.67522
G1 X114.936 Y172.032 E444.68541
G1 X114.608 Y172.311 E444.69974
G1 X114.364 Y172.572 E444.71162
G1 X114.118 Y172.957 E444.72681
G1 X114 Y173.228 E444.73665
G1 X114 Y166.623 E444.95633
G1 X113.978 Y166.575 E444.95809
G1 X113.857 Y166.129 E444.97346
G1 X113.8 Y165.666 E444.98897
G1 X113.8 Y156.2 E445.30381
G1 X113.6 Y156.2 E445.31046
G1 X113.6 Y156 E445.31712
G1 X112 Y156 E445.37033
G1 X112 Y175.8 E446.02888
G1 X110.2 Y175.8 E446.08875
G1 X110.198 Y174.242 E446.14057
G1 X110.166 Y173.838 E446.15405
G1 X110.037 Y173.344 E446.17103
G1 X109.858 Y172.946 E446.18555
G1 X109.688 Y172.696 E446.1956
G1 X109.443 Y172.379 E446.20893
G1 X109.024 Y172.027 E446.22713
G1 X108.506 Y171.519 E446.25126
G1 X108.258 Y170.974 E446.27117
G1 X108.201 Y170.713 E446.28006
G1 X108.204 Y169.203 E446.33028
G1 X108.46 Y168.533 E446.35414
G1 X108.794 Y168.16 E446.37079
G1 X109.183 Y167.89 E446.38654
G1 X109.539 Y167.535 E446.40326
G1 X109.793 Y167.183 E446.4177
G1 X110 Y166.78 E446.43277
G1 X110 Y173.261 E446.64833
G1 F2400 E446.14833
G0 F15000 X109.219 Y173.631
G0 X109.348 Y176.653
G0 X114.653 Y176.653
G0 X121.394 Y172.621
G0 X122 Y172.003
G1 F2400 E446.64833
G1 F5174.2 X122 Y168.012 E446.78107
G1 X121.793 Y168.16 E446.78953
G1 X121.46 Y168.533 E446.80616
G1 X121.204 Y169.203 E446.83002
G1 X121.201 Y170.713 E446.88024
G1 X121.258 Y170.974 E446.88913
G1 X121.506 Y171.519 E446.90904
G1 X122.024 Y172.027 E446.93317
G1 X122.443 Y172.379 E446.95137
G1 X122.688 Y172.696 E446.9647
G1 X122.858 Y172.946 E446.97475
G1 X123.037 Y173.344 E446.98927
G1 X123.166 Y173.838 E447.00625
G1 X123.198 Y174.242 E447.01973
G1 X123.2 Y175.8 E447.07155
G1 X124 Y175.8 E447.09816
G1 X124 Y156 E447.75671
G1 X126 Y156 E447.82323
G1 X126 Y175.8 E448.48178
G1 X126.8 Y175.8 E448.50839
G1 X126.8 Y174.128 E448.564
G1 X126.863 Y173.681 E448.57901
G1 X126.956 Y173.329 E448.59112
G1 X127.118 Y172.957 E448.60462
G1 X127.364 Y172.572 E448.61981
G1 X127.608 Y172.311 E448.6317
G1 X127.936 Y172.032 E448.64602
G1 X128.187 Y171.856 E448.65621
G1 X128.552 Y171.437 E448.6747
G1 X128.796 Y170.797 E448.69748
G1 X128.799 Y169.29 E448.7476
G1 X128.736 Y169.019 E448.75685
G1 X128.48 Y168.46 E448.7773
G1 X128 Y167.994 E448.79955
G1 X128 Y171.988 E448.9324
G1 F2400 E448.4324
;MESH:Limiter bracketV2.stl
G0 F15000 X128.495 Y172.695
G0 X128.768 Y172.504
G0 X129.304 Y171.887
G0 X129.66 Y170.957
G0 X129.663 Y169.369
G0 X128 Y155.665
G0 X128 Y154.57
G0 X130.265 Y153.9
G0 X130.265 Y153.588
;TYPE:WALL-INNER
G1 F2400 E448.9324
G1 F5174.2 X129.723 Y153.588 E448.95042
G1 X129.191 Y153.448 E448.96872
G1 X128.713 Y153.166 E448.98718
G1 X128.33 Y152.789 E449.00505
G1 X128.052 Y152.306 E449.02359
G1 X127.908 Y151.771 E449.04202
G1 X127.908 Y151.218 E449.06041
G1 X128.061 Y150.686 E449.07882
G1 X128.336 Y150.206 E449.09722
G1 X128.715 Y149.829 E449.115
G1 X129.186 Y149.561 E449.13302
G1 X129.718 Y149.408 E449.15143
G1 X130.275 Y149.408 E449.16996
G1 X130.806 Y149.552 E449.18826
G1 X131.288 Y149.83 E449.20677
G1 X131.666 Y150.212 E449.22464
G1 X131.945 Y150.686 E449.24293
G1 X132.088 Y151.222 E449.26139
G1 X132.088 Y151.765 E449.27945
G1 X131.947 Y152.311 E449.2982
G1 X131.665 Y152.789 E449.31666
G1 X131.289 Y153.165 E449.33435
G1 X130.809 Y153.448 E449.35288
G1 X130.265 Y153.588 E449.37156
G0 F15000 X130.265 Y153.9
G0 X119.424 Y154.09
G0 X119.424 Y154.4
G1 F5174.2 X132.9 Y154.4 E449.81978
G1 X132.9 Y125.6 E450.77767
G1 X104.1 Y125.6 E451.73556
G1 X104.1 Y154.4 E452.69345
G1 X119.424 Y154.4 E453.20313
G0 F15000 X119.424 Y154.09
G0 X107.265 Y153.9
G0 X107.265 Y153.588
G1 F5174.2 X106.723 Y153.588 E453.22116
G1 X106.191 Y153.448 E453.23945
G1 X105.713 Y153.166 E453.25791
G1 X105.33 Y152.789 E453.27579
G1 X105.051 Y152.305 E453.29437
G1 X104.908 Y151.766 E453.31292
G1 X104.908 Y151.222 E453.33101
G1 X105.053 Y150.691 E453.34932
G1 X105.329 Y150.213 E453.36768
G1 X105.713 Y149.829 E453.38574
G1 X106.191 Y149.553 E453.4041
G1 X106.722 Y149.408 E453.4224
G1 X107.279 Y149.408 E453.44093
G1 X107.814 Y149.56 E453.45943
G1 X108.286 Y149.83 E453.47751
G1 X108.676 Y150.226 E453.496
G1 X108.939 Y150.685 E453.51359
G1 X109.088 Y151.219 E453.53203
G1 X109.088 Y151.771 E453.55039
G1 X108.948 Y152.31 E453.56892
G1 X108.667 Y152.787 E453.58733
G1 X108.289 Y153.165 E453.60511
G1 X107.809 Y153.448 E453.62364
G1 X107.265 Y153.588 E453.64232
G0 F15000 X107.265 Y153.9
G0 X107.903 Y153.679
G0 X108.436 Y153.371
G0 X108.871 Y152.936
G0 X109.179 Y152.403
G0 X109.339 Y151.808
G0 X109.339 Y151.459
G0 X107.354 Y131.889
G0 X107.275 Y131.588
G1 F5174.2 X106.723 Y131.588 E453.66068
G1 X106.19 Y131.448 E453.67901
G1 X105.715 Y131.169 E453.69734
G1 X105.33 Y130.788 E453.71535
G1 X105.051 Y130.305 E453.7339
G1 X104.908 Y129.766 E453.75245
G1 X104.908 Y129.222 E453.77054
G1 X105.053 Y128.691 E453.78885
G1 X105.329 Y128.213 E453.80721
G1 X105.713 Y127.829 E453.82527
G1 X106.193 Y127.552 E453.8437
G1 X106.734 Y127.408 E453.86233
G1 X107.275 Y127.408 E453.88032
G1 X107.806 Y127.552 E453.89862
G1 X108.288 Y127.83 E453.91712
G1 X108.669 Y128.215 E453.93514
G1 X108.948 Y128.69 E453.95346
G1 X109.089 Y129.226 E453.9719
G1 X109.083 Y129.774 E453.99012
G1 X108.941 Y130.321 E454.00892
G1 X108.662 Y130.792 E454.02713
G1 X108.279 Y131.173 E454.0451
G1 X107.814 Y131.439 E454.06291
G1 X107.275 Y131.588 E454.08151
G0 F15000 X107.354 Y131.889
G0 X130.271 Y131.9
G0 X130.271 Y131.588
G1 F5174.2 X129.719 Y131.588 E454.09987
G1 X129.185 Y131.439 E454.11831
G1 X128.721 Y131.173 E454.1361
G1 X128.329 Y130.785 E454.15445
G1 X128.05 Y130.289 E454.17337
G1 X127.914 Y129.778 E454.19096
G1 X127.907 Y129.226 E454.20932
G1 X128.053 Y128.691 E454.22777
G1 X128.327 Y128.217 E454.24598
G1 X128.725 Y127.814 E454.26482
G1 X128.923 Y127.681 E454.27275
G1 X129.379 Y127.493 E454.28915
G1 X129.738 Y127.408 E454.30142
G1 X130.275 Y127.408 E454.31928
G1 X130.806 Y127.552 E454.33758
G1 X131.288 Y127.83 E454.35609
G1 X131.666 Y128.212 E454.37396
G1 X131.945 Y128.686 E454.39226
G1 X132.088 Y129.222 E454.41071
G1 X132.088 Y129.765 E454.42877
G1 X131.947 Y130.311 E454.44753
G1 X131.665 Y130.789 E454.46598
G1 X131.287 Y131.167 E454.48376
G1 X130.81 Y131.448 E454.50218
G1 X130.271 Y131.588 E454.5207
G0 F15000 X130.243 Y131.182
;TYPE:WALL-OUTER
G1 F5174.2 X129.777 Y131.188 E454.5362
G1 X129.345 Y131.075 E454.55105
G1 X128.97 Y130.853 E454.56555
G1 X128.648 Y130.538 E454.58053
G1 X128.431 Y130.163 E454.59494
G1 X128.314 Y129.745 E454.60938
G1 X128.308 Y129.277 E454.62494
G1 X128.438 Y128.824 E454.64062
G1 X128.665 Y128.443 E454.65537
G1 X129.038 Y128.066 E454.67301
G1 X129.567 Y127.852 E454.69199
G1 X129.769 Y127.811 E454.69884
G1 X130.245 Y127.814 E454.71468
G1 X130.629 Y127.918 E454.72791
G1 X131.04 Y128.148 E454.74357
G1 X131.361 Y128.482 E454.75898
G1 X131.575 Y128.845 E454.773
G1 X131.682 Y129.253 E454.78702
G1 X131.686 Y129.727 E454.80279
G1 X131.575 Y130.156 E454.81753
G1 X131.33 Y130.558 E454.83319
G1 X131.018 Y130.861 E454.84765
G1 X130.654 Y131.075 E454.8617
G1 X130.243 Y131.182 E454.87582
G1 F2400 E454.37582
G0 F15000 X130.426 Y131.87
G0 X132.339 Y151.192
G0 X132.339 Y151.808
G0 X132.179 Y152.403
G0 X131.871 Y152.936
G0 X131.436 Y153.371
G0 X130.41 Y153.874
G0 X130.227 Y153.186
G1 F2400 E454.87582
G1 F5174.2 X129.753 Y153.182 E454.89159
G1 X129.344 Y153.074 E454.90566
G1 X128.943 Y152.831 E454.92125
G1 X128.647 Y152.539 E454.93508
G1 X128.418 Y152.129 E454.9507
G1 X128.308 Y151.719 E454.96482
G1 X128.308 Y151.276 E454.97955
G1 X128.428 Y150.844 E454.99447
G1 X128.644 Y150.468 E455.00889
G1 X128.96 Y150.15 E455.0238
G1 X129.344 Y149.928 E455.03855
G1 X129.778 Y149.808 E455.05353
G1 X130.245 Y149.814 E455.06906
G1 X130.629 Y149.918 E455.08229
G1 X131.04 Y150.148 E455.09796
G1 X131.361 Y150.482 E455.11337
G1 X131.575 Y150.845 E455.12738
G1 X131.682 Y151.253 E455.14141
G1 X131.686 Y151.727 E455.15718
G1 X131.575 Y152.156 E455.17192
G1 X131.33 Y152.558 E455.18757
G1 X131.018 Y152.861 E455.20204
G1 X130.654 Y153.075 E455.21608
G1 X130.227 Y153.186 E455.23076
G1 F2400 E454.73076
G0 F15000 X130.41 Y153.874
G0 X119.508 Y154.09
G0 X119.508 Y154.8
G1 F2400 E455.23076
G1 F5174.2 X133.3 Y154.8 E455.68948
G1 X133.3 Y125.2 E456.67398
G1 X103.7 Y125.2 E457.65848
G1 X103.7 Y154.8 E458.64298
G1 X119.508 Y154.8 E459.16876
G1 F2400 E458.66876
G0 F15000 X119.508 Y154.09
G0 X107.41 Y153.874
G0 X107.227 Y153.186
G1 F2400 E459.16876
G1 F5174.2 X106.753 Y153.182 E459.18452
G1 X106.344 Y153.074 E459.19859
G1 X105.943 Y152.831 E459.21419
G1 X105.647 Y152.539 E459.22802
G1 X105.418 Y152.129 E459.24364
G1 X105.31 Y151.727 E459.25748
G1 X105.308 Y151.276 E459.27248
G1 X105.438 Y150.824 E459.28812
G1 X105.666 Y150.442 E459.30292
G1 X105.942 Y150.166 E459.3159
G1 X106.324 Y149.938 E459.3307
G1 X106.777 Y149.808 E459.34637
G1 X107.245 Y149.814 E459.36194
G1 X107.629 Y149.918 E459.37517
G1 X108.029 Y150.142 E459.39042
G1 X108.342 Y150.455 E459.40514
G1 X108.572 Y150.844 E459.42017
G1 X108.682 Y151.253 E459.43426
G1 X108.688 Y151.719 E459.44976
G1 X108.575 Y152.156 E459.46477
G1 X108.33 Y152.558 E459.48043
G1 X108.018 Y152.861 E459.4949
G1 X107.654 Y153.075 E459.50894
G1 X107.227 Y153.186 E459.52362
G1 F2400 E459.02362
G0 F15000 X107.41 Y153.874
G0 X107.903 Y153.679
G0 X108.436 Y153.371
G0 X108.871 Y152.936
G0 X109.179 Y152.403
G0 X109.339 Y151.808
G0 X109.339 Y151.459
G0 X107.426 Y131.87
G0 X107.243 Y131.182
G1 F2400 E459.52362
G1 F5174.2 X106.777 Y131.188 E459.53912
G1 X106.344 Y131.074 E459.55401
G1 X105.943 Y130.831 E459.5696
G1 X105.647 Y130.539 E459.58343
G1 X105.418 Y130.129 E459.59905
G1 X105.31 Y129.727 E459.6129
G1 X105.308 Y129.276 E459.6279
G1 X105.438 Y128.824 E459.64354
G1 X105.666 Y128.442 E459.65834
G1 X105.942 Y128.166 E459.67132
G1 X106.324 Y127.938 E459.68612
G1 X106.769 Y127.811 E459.70151
G1 X107.245 Y127.814 E459.71734
G1 X107.629 Y127.918 E459.73057
G1 X108.04 Y128.148 E459.74624
G1 X108.361 Y128.482 E459.76164
G1 X108.575 Y128.845 E459.77566
G1 X108.682 Y129.253 E459.78969
G1 X108.687 Y129.72 E459.80522
G1 X108.576 Y130.147 E459.8199
G1 X108.348 Y130.538 E459.83495
G1 X108.049 Y130.838 E459.84904
G1 X107.656 Y131.072 E459.86425
G1 X107.243 Y131.182 E459.87847
G0 F15000 X107.426 Y131.87
G0 X106.831 Y131.845
G0 X105.786 Y131.569
G0 X105.903 Y131.372
;TYPE:FILL
G1 F5174.2 X104.18 Y137.801 E460.09984
G0 F15000 X104.18 Y138.295
G1 F5174.2 X129.311 Y131.562 E460.96518
G0 F15000 X129.252 Y131.783
G0 X130.107 Y131.828
G0 X130.757 Y131.781
G0 X130.699 Y131.559
G1 F5174.2 X124.601 Y154.32 E461.74891
G0 F15000 X124.22 Y154.32
G1 F5174.2 X104.18 Y134.28 E462.69153
G0 F15000 X104.41 Y134.28
G0 X104.41 Y130.013
G0 X104.181 Y130.013
G1 F5174.2 X104.844 Y129.835 E462.71437
G0 F15000 X104.621 Y129.893
G0 X104.661 Y129.192
G0 X104.821 Y128.597
G0 X105.129 Y128.064
G0 X105.564 Y127.629
G0 X105.996 Y127.38
G0 X106.986 Y127.1
G0 X106.986 Y127.329
G1 F5174.2 X107.428 Y125.68 E462.77115
G0 F15000 X106.894 Y125.68
G1 F5174.2 X130.636 Y149.422 E463.8879
G0 F15000 X130.695 Y149.203
G0 X131.436 Y149.629
G0 X131.789 Y149.982
G0 X132.297 Y150.803
G0 X132.075 Y150.861
G1 F5174.2 X132.82 Y151.607 E463.92297
G0 F15000 X132.59 Y151.607
G0 X132.59 Y147.186
G0 X132.819 Y147.186
G1 F5174.2 X106.196 Y154.32 E464.83969
G0 F15000 X106.196 Y154.09
G0 X108.036 Y154.09
G0 X108.036 Y154.32
G1 F5174.2 X108.327 Y153.236 E464.87702
G0 F15000 X108.443 Y153.437
G0 X108.871 Y152.936
G0 X109.179 Y152.403
G0 X109.339 Y151.808
G0 X109.339 Y151.459
G0 X109.219 Y150.545
G0 X109.017 Y150.661
G1 F5174.2 X115.71 Y125.68 E465.7372
G0 F15000 X115.71 Y125.91
G0 X118.208 Y125.91
G0 X118.208 Y125.68
G1 F5174.2 X132.82 Y140.293 E466.42452
G0 F15000 X132.59 Y140.293
G0 X132.59 Y138.904
G0 X132.82 Y138.904
G1 F5174.2 X104.18 Y146.578 E467.4107
G0 F15000 X104.18 Y145.594
G1 F5174.2 X112.906 Y154.32 E467.82114
G0 F15000 X112.906 Y154.09
G0 X116.318 Y154.09
G0 X116.318 Y154.321
G1 F5174.2 X123.993 Y125.679 E468.80739
G0 F15000 X123.993 Y125.91
G0 X120.353 Y125.91
G0 X120.353 Y125.68
G1 F5174.2 X109.036 Y128.712 E469.19707
G0 F15000 X109.257 Y128.654
G0 X129.521 Y125.91
G0 X129.521 Y125.68
G1 F5174.2 X132.82 Y128.979 E469.35224
G0 F15000 X132.59 Y128.979
G0 X131.797 Y127.905
G0 X131.635 Y128.066
G1 F5174.2 X132.275 Y125.68 E469.4344
G0 F15000 X132.275 Y125.91
G0 X132.59 Y130.621
G0 X132.82 Y130.621
G1 F5174.2 X131.627 Y130.941 E469.47549
G0 F15000 X132.001 Y131.315
G1 F2400 E468.97549
;MESH:NONMESH
G0 F300 X132.001 Y131.315 Z1.6
G0 F15000 X114 Y154.57
G0 X114.653 Y155.653
G0 X114.793 Y166.276
G0 X114 Y166.633
;TIME_ELAPSED:561.210927
;LAYER:7
;note -- min layer time used
;TYPE:SUPPORT
G1 F2400 E469.47549
G1 F5174.4 X114.025 Y166.703 E469.47796
G1 X114.204 Y167.04 E469.49065
G1 X114.548 Y167.498 E469.5097
G1 X115.062 Y167.921 E469.53184
G1 X115.415 Y168.395 E469.5515
G1 X115.468 Y168.447 E469.55397
G1 X115.721 Y168.979 E469.57356
G1 X115.799 Y169.29 E469.58423
G1 X115.796 Y170.797 E469.63435
G1 X115.552 Y171.437 E469.65713
G1 X115.187 Y171.856 E469.67561
G1 X114.822 Y172.113 E469.69046
G1 X114.465 Y172.44 E469.70656
G1 X114.211 Y172.777 E469.7206
G1 X114.005 Y173.182 E469.73571
G1 X114 Y173.197 E469.73624
G1 X114 Y166.633 E469.95456
G1 X113.888 Y166.319 E469.96564
G1 X113.817 Y165.873 E469.98066
G1 X113.8 Y165.515 E469.99259
G1 X113.8 Y156.2 E470.3024
G1 X113.6 Y156.2 E470.30906
G1 X113.6 Y156 E470.31571
G1 X112 Y156 E470.36892
G1 X112 Y175.8 E471.02747
G1 X110.2 Y175.8 E471.08734
G1 X110.198 Y174.087 E471.14432
G1 X110.125 Y173.61 E471.16037
G1 X109.969 Y173.141 E471.17681
G1 X109.722 Y172.711 E471.1933
G1 X109.505 Y172.46 E471.20434
G1 X109.304 Y172.257 E471.21384
G1 X109.016 Y172.02 E471.22624
G1 X108.506 Y171.519 E471.25002
G1 X108.258 Y170.974 E471.26994
G1 X108.201 Y170.713 E471.27882
G1 X108.204 Y169.203 E471.32904
G1 X108.46 Y168.533 E471.3529
G1 X108.794 Y168.16 E471.36955
G1 X109.15 Y167.913 E471.38396
G1 X109.436 Y167.654 E471.3968
G1 X109.657 Y167.397 E471.40807
G1 X109.899 Y167.013 E471.42317
G1 X110 Y166.762 E471.43217
G1 X110 Y173.234 E471.64743
G1 F2400 E471.14743
G0 F15000 X109.181 Y173.506
G0 X109.348 Y176.653
G0 X114.653 Y176.653
G0 X121.395 Y172.621
G0 X122 Y172.004
G1 F2400 E471.64743
G1 F5174.4 X122 Y168.014 E471.78013
G1 X121.795 Y168.158 E471.78847
G1 X121.46 Y168.533 E471.80519
G1 X121.204 Y169.203 E471.82905
G1 X121.201 Y170.713 E471.87927
G1 X121.258 Y170.974 E471.88815
G1 X121.506 Y171.519 E471.90807
G1 X122.016 Y172.02 E471.93185
G1 X122.304 Y172.257 E471.94425
G1 X122.505 Y172.46 E471.95376
G1 X122.722 Y172.711 E471.96479
G1 X122.969 Y173.141 E471.98128
G1 X123.125 Y173.61 E471.99772
G1 X123.198 Y174.087 E472.01377
G1 X123.2 Y175.8 E472.07075
G1 X124 Y175.8 E472.09736
G1 X124 Y156 E472.75591
G1 X126 Y156 E472.82243
G1 X126 Y175.8 E473.48098
G1 X126.8 Y175.8 E473.50759
G1 X126.8 Y174.044 E473.56599
G1 X126.892 Y173.521 E473.58365
G1 X127.005 Y173.182 E473.59554
G1 X127.211 Y172.777 E473.61065
G1 X127.465 Y172.44 E473.62469
G1 X127.822 Y172.113 E473.64079
G1 X128.187 Y171.856 E473.65564
G1 X128.552 Y171.437 E473.67412
G1 X128.796 Y170.797 E473.6969
G1 X128.799 Y169.29 E473.74702
G1 X128.736 Y169.019 E473.75628
G1 X128.48 Y168.46 E473.77673
G1 X128 Y167.994 E473.79898
G1 X128 Y171.988 E473.93182
G1 F2400 E473.43182
;MESH:Limiter bracketV2.stl
G0 F15000 X128.496 Y172.695
G0 X128.768 Y172.504
G0 X129.304 Y171.887
G0 X129.66 Y170.957
G0 X129.663 Y169.369
G0 X128 Y155.665
G0 X128 Y154.57
G0 X130.265 Y153.9
G0 X130.265 Y153.588
;TYPE:WALL-INNER
G1 F2400 E473.93182
G1 F5174.4 X129.723 Y153.588 E473.94984
G1 X129.191 Y153.448 E473.96814
G1 X128.713 Y153.166 E473.9866
G1 X128.33 Y152.789 E474.00447
G1 X128.052 Y152.306 E474.02301
G1 X127.908 Y151.771 E474.04144
G1 X127.908 Y151.218 E474.05983
G1 X128.061 Y150.686 E474.07824
G1 X128.336 Y150.206 E474.09664
G1 X128.715 Y149.829 E474.11442
G1 X129.186 Y149.561 E474.13245
G1 X129.718 Y149.408 E474.15086
G1 X130.275 Y149.408 E474.16938
G1 X130.806 Y149.552 E474.18768
G1 X131.288 Y149.83 E474.20619
G1 X131.666 Y150.212 E474.22406
G1 X131.945 Y150.686 E474.24236
G1 X132.088 Y151.222 E474.26081
G1 X132.088 Y151.765 E474.27887
G1 X131.947 Y152.311 E474.29762
G1 X131.665 Y152.789 E474.31608
G1 X131.289 Y153.165 E474.33377
G1 X130.809 Y153.448 E474.3523
G1 X130.265 Y153.588 E474.37098
G0 F15000 X130.265 Y153.9
G0 X119.424 Y154.09
G0 X119.424 Y154.4
G1 F5174.4 X132.9 Y154.4 E474.8192
G1 X132.9 Y125.6 E475.77709
G1 X104.1 Y125.6 E476.73498
G1 X104.1 Y154.4 E477.69287
G1 X119.424 Y154.4 E478.20255
G0 F15000 X119.424 Y154.09
G0 X107.265 Y153.9
G0 X107.265 Y153.588
G1 F5174.4 X106.723 Y153.588 E478.22058
G1 X106.191 Y153.448 E478.23888
G1 X105.713 Y153.166 E478.25733
G1 X105.33 Y152.789 E478.27521
G1 X105.051 Y152.305 E478.29379
G1 X104.908 Y151.766 E478.31234
G1 X104.908 Y151.222 E478.33043
G1 X105.053 Y150.691 E478.34874
G1 X105.329 Y150.213 E478.3671
G1 X105.713 Y149.829 E478.38516
G1 X106.191 Y149.553 E478.40352
G1 X106.722 Y149.408 E478.42183
G1 X107.279 Y149.408 E478.44035
G1 X107.814 Y149.56 E478.45885
G1 X108.286 Y149.83 E478.47694
G1 X108.676 Y150.226 E478.49542
G1 X108.939 Y150.685 E478.51302
G1 X109.088 Y151.219 E478.53146
G1 X109.088 Y151.771 E478.54982
G1 X108.948 Y152.31 E478.56834
G1 X108.667 Y152.787 E478.58675
G1 X108.289 Y153.165 E478.60453
G1 X107.809 Y153.448 E478.62306
G1 X107.265 Y153.588 E478.64175
G0 F15000 X107.265 Y153.9
G0 X107.903 Y153.679
G0 X108.436 Y153.371
G0 X108.871 Y152.936
G0 X109.179 Y152.403
G0 X109.339 Y151.808
G0 X109.339 Y151.459
G0 X107.354 Y131.889
G0 X107.275 Y131.588
G1 F5174.4 X106.723 Y131.588 E478.66011
G1 X106.19 Y131.448 E478.67844
G1 X105.715 Y131.169 E478.69676
G1 X105.33 Y130.788 E478.71477
G1 X105.051 Y130.305 E478.73333
G1 X104.908 Y129.766 E478.75187
G1 X104.908 Y129.222 E478.76997
G1 X105.053 Y128.691 E478.78827
G1 X105.329 Y128.213 E478.80663
G1 X105.713 Y127.829 E478.82469
G1 X106.193 Y127.552 E478.84313
G1 X106.734 Y127.408 E478.86175
G1 X107.275 Y127.408 E478.87974
G1 X107.806 Y127.552 E478.89804
G1 X108.288 Y127.83 E478.91655
G1 X108.669 Y128.215 E478.93456
G1 X108.948 Y128.69 E478.95288
G1 X109.089 Y129.226 E478.97132
G1 X109.083 Y129.774 E478.98955
G1 X108.941 Y130.321 E479.00834
G1 X108.662 Y130.792 E479.02655
G1 X108.279 Y131.173 E479.04452
G1 X107.814 Y131.439 E479.06234
G1 X107.275 Y131.588 E479.08094
G0 F15000 X107.354 Y131.889
G0 X130.271 Y131.9
G0 X130.271 Y131.588
G1 F5174.4 X129.719 Y131.588 E479.0993
G1 X129.185 Y131.439 E479.11773
G1 X128.721 Y131.173 E479.13552
G1 X128.329 Y130.785 E479.15387
G1 X128.05 Y130.289 E479.1728
G1 X127.914 Y129.778 E479.19038
G1 X127.907 Y129.226 E479.20874
G1 X128.053 Y128.691 E479.22719
G1 X128.327 Y128.217 E479.2454
G1 X128.725 Y127.814 E479.26424
G1 X128.923 Y127.681 E479.27217
G1 X129.379 Y127.493 E479.28858
G1 X129.738 Y127.408 E479.30085
G1 X130.275 Y127.408 E479.31871
G1 X130.806 Y127.552 E479.33701
G1 X131.288 Y127.83 E479.35551
G1 X131.666 Y128.212 E479.37339
G1 X131.945 Y128.686 E479.39168
G1 X132.088 Y129.222 E479.41013
G1 X132.088 Y129.765 E479.42819
G1 X131.947 Y130.311 E479.44695
G1 X131.665 Y130.789 E479.46541
G1 X131.287 Y131.167 E479.48319
G1 X130.81 Y131.448 E479.5016
G1 X130.271 Y131.588 E479.52012
G0 F15000 X130.219 Y131.188
;TYPE:WALL-OUTER
G1 F5174.4 X129.753 Y131.182 E479.53562
G1 X129.345 Y131.075 E479.54965
G1 X128.97 Y130.853 E479.56415
G1 X128.648 Y130.538 E479.57913
G1 X128.431 Y130.163 E479.59354
G1 X128.314 Y129.745 E479.60798
G1 X128.308 Y129.277 E479.62354
G1 X128.438 Y128.824 E479.63922
G1 X128.665 Y128.443 E479.65397
G1 X129.038 Y128.066 E479.67161
G1 X129.567 Y127.852 E479.69059
G1 X129.769 Y127.811 E479.69744
G1 X130.245 Y127.814 E479.71327
G1 X130.629 Y127.918 E479.72651
G1 X131.04 Y128.148 E479.74217
G1 X131.361 Y128.482 E479.75758
G1 X131.575 Y128.845 E479.77159
G1 X131.682 Y129.253 E479.78562
G1 X131.686 Y129.727 E479.80139
G1 X131.575 Y130.156 E479.81613
G1 X131.33 Y130.558 E479.83179
G1 X131.018 Y130.861 E479.84625
G1 X130.654 Y131.075 E479.8603
G1 X130.219 Y131.188 E479.87524
G1 F2400 E479.37524
G0 F15000 X130.219 Y131.9
G0 X132.339 Y151.192
G0 X132.339 Y151.808
G0 X132.179 Y152.403
G0 X131.871 Y152.936
G0 X131.436 Y153.371
G0 X130.41 Y153.874
G0 X130.227 Y153.186
G1 F2400 E479.87524
G1 F5174.4 X129.753 Y153.182 E479.89101
G1 X129.344 Y153.074 E479.90508
G1 X128.943 Y152.831 E479.92067
G1 X128.647 Y152.539 E479.9345
G1 X128.418 Y152.129 E479.95012
G1 X128.308 Y151.719 E479.96424
G1 X128.308 Y151.276 E479.97898
G1 X128.428 Y150.844 E479.99389
G1 X128.644 Y150.468 E480.00831
G1 X128.96 Y150.15 E480.02322
G1 X129.344 Y149.928 E480.03797
G1 X129.778 Y149.808 E480.05295
G1 X130.245 Y149.814 E480.06848
G1 X130.629 Y149.918 E480.08172
G1 X131.04 Y150.148 E480.09738
G1 X131.361 Y150.482 E480.11279
G1 X131.575 Y150.845 E480.1268
G1 X131.682 Y151.253 E480.14083
G1 X131.686 Y151.727 E480.1566
G1 X131.575 Y152.156 E480.17134
G1 X131.33 Y152.558 E480.187
G1 X131.018 Y152.861 E480.20146
G1 X130.654 Y153.075 E480.21551
G1 X130.227 Y153.186 E480.23018
G1 F2400 E479.73018
G0 F15000 X130.41 Y153.874
G0 X119.508 Y154.09
G0 X119.508 Y154.8
G1 F2400 E480.23018
G1 F5174.4 X133.3 Y154.8 E480.6889
G1 X133.3 Y125.2 E481.6734
G1 X103.7 Y125.2 E482.6579
G1 X103.7 Y154.8 E483.6424
G1 X119.508 Y154.8 E484.16818
G1 F2400 E483.66818
G0 F15000 X119.508 Y154.09
G0 X107.41 Y153.874
G0 X107.227 Y153.186
G1 F2400 E484.16818
G1 F5174.4 X106.753 Y153.182 E484.18395
G1 X106.344 Y153.074 E484.19801
G1 X105.943 Y152.831 E484.21361
G1 X105.647 Y152.539 E484.22744
G1 X105.418 Y152.129 E484.24306
G1 X105.31 Y151.727 E484.2569
G1 X105.308 Y151.276 E484.2719
G1 X105.438 Y150.824 E484.28755
G1 X105.666 Y150.442 E484.30234
G1 X105.942 Y150.166 E484.31533
G1 X106.324 Y149.938 E484.33012
G1 X106.777 Y149.808 E484.3458
G1 X107.245 Y149.814 E484.36136
G1 X107.629 Y149.918 E484.3746
G1 X108.029 Y150.142 E484.38984
G1 X108.342 Y150.455 E484.40457
G1 X108.572 Y150.844 E484.4196
G1 X108.682 Y151.253 E484.43368
G1 X108.688 Y151.719 E484.44918
G1 X108.575 Y152.156 E484.4642
G1 X108.33 Y152.558 E484.47986
G1 X108.018 Y152.861 E484.49432
G1 X107.654 Y153.075 E484.50836
G1 X107.227 Y153.186 E484.52304
G1 F2400 E484.02304
G0 F15000 X107.41 Y153.874
G0 X107.903 Y153.679
G0 X108.436 Y153.371
G0 X108.871 Y152.936
G0 X109.179 Y152.403
G0 X109.339 Y151.808
G0 X109.339 Y151.459
G0 X107.426 Y131.87
G0 X107.243 Y131.182
G1 F2400 E484.52304
G1 F5174.4 X106.777 Y131.188 E484.53854
G1 X106.344 Y131.074 E484.55343
G1 X105.943 Y130.831 E484.56903
G1 X105.647 Y130.539 E484.58286
G1 X105.418 Y130.129 E484.59848
G1 X105.31 Y129.727 E484.61232
G1 X105.308 Y129.276 E484.62732
G1 X105.438 Y128.824 E484.64296
G1 X105.666 Y128.442 E484.65776
G1 X105.942 Y128.166 E484.67074
G1 X106.324 Y127.938 E484.68554
G1 X106.769 Y127.811 E484.70093
G1 X107.245 Y127.814 E484.71676
G1 X107.629 Y127.918 E484.72999
G1 X108.04 Y128.148 E484.74566
G1 X108.361 Y128.482 E484.76107
G1 X108.575 Y128.845 E484.77508
G1 X108.682 Y129.253 E484.78911
G1 X108.687 Y129.72 E484.80464
G1 X108.576 Y130.147 E484.81932
G1 X108.348 Y130.538 E484.83437
G1 X108.049 Y130.838 E484.84846
G1 X107.656 Y131.072 E484.86367
G1 X107.243 Y131.182 E484.87789
G0 F15000 X107.426 Y131.87
G0 X106.692 Y131.839
G0 X105.659 Y131.496
G0 X105.776 Y131.298
;TYPE:FILL
G1 F5174.4 X104.18 Y137.253 E485.08294
G0 F15000 X104.41 Y137.253
G0 X104.41 Y138.442
G0 X104.18 Y138.442
G1 F5174.4 X129.588 Y131.634 E485.95783
G0 F15000 X130.542 Y131.6
G1 F5174.4 X124.454 Y154.32 E486.74016
G1 X124.42 Y154.32
G1 X104.18 Y134.079 E487.69221
G0 F15000 X104.41 Y134.079
G0 X104.41 Y130.16
G0 X104.181 Y130.16
G1 F5174.4 X104.88 Y129.973 E487.71627
G0 F15000 X104.658 Y130.031
G0 X104.661 Y129.192
G0 X104.821 Y128.597
G0 X105.129 Y128.064
G0 X105.564 Y127.629
G0 X105.996 Y127.38
G0 X106.84 Y127.1
G0 X106.84 Y127.328
G1 F5174.4 X107.281 Y125.68 E487.77301
G1 X107.095 Y125.68
G1 X130.965 Y149.551 E488.89581
G0 F15000 X131.08 Y149.353
G0 X131.721 Y149.929
G0 X132.147 Y150.42
G0 X131.948 Y150.534
G1 F5174.4 X132.82 Y151.406 E488.93683
G0 F15000 X132.59 Y151.406
G0 X132.59 Y154.007
G0 X132.82 Y154.007
G1 F5174.4 X132.736 Y154.32 E488.9476
G0 F15000 X132.62 Y154.12
G0 X132.59 Y147.333
G0 X132.819 Y147.333
G1 F5174.4 X106.744 Y154.32 E489.84546
G0 F15000 X106.744 Y154.09
G0 X107.889 Y154.09
G0 X107.889 Y154.32
G1 F5174.4 X108.152 Y153.339 E489.87924
G0 F15000 X108.267 Y153.539
G0 X108.871 Y152.936
G0 X109.179 Y152.403
G0 X109.339 Y151.808
G0 X109.339 Y151.309
G0 X109.118 Y150.37
G0 X108.917 Y150.486
G1 F5174.4 X115.563 Y125.679 E490.73342
G0 F15000 X115.563 Y125.91
G0 X118.409 Y125.91
G0 X118.409 Y125.68
G1 F5174.4 X132.82 Y140.092 E491.41129
G0 F15000 X132.59 Y140.092
G0 X132.59 Y139.051
G0 X132.82 Y139.051
G1 F5174.4 X104.18 Y146.725 E492.39747
G0 F15000 X104.41 Y146.725
G0 X104.41 Y145.393
G0 X104.18 Y145.393
G1 F5174.4 X113.107 Y154.32 E492.81736
G0 F15000 X113.107 Y154.09
G0 X116.171 Y154.09
G0 X116.171 Y154.321
G1 F5174.4 X123.846 Y125.679 E493.80361
G0 F15000 X123.846 Y125.91
G0 X120.902 Y125.91
G0 X120.902 Y125.68
G1 F5174.4 X109.072 Y128.849 E494.21095
G0 F15000 X109.294 Y128.791
G0 X129.722 Y125.91
G0 X129.722 Y125.68
G1 F5174.4 X132.82 Y128.778 E494.35667
G0 F15000 X132.59 Y128.778
G0 X131.681 Y127.789
G0 X131.52 Y127.95
G1 F5174.4 X132.128 Y125.68 E494.43483
G0 F15000 X132.128 Y125.91
G0 X132.59 Y130.769
G0 X132.819 Y130.769
G1 F5174.4 X131.424 Y131.142 E494.48286
G0 F15000 X131.799 Y131.517
G1 F2400 E493.98286
;MESH:NONMESH
G0 F300 X131.799 Y131.517 Z1.8
G0 F15000 X114 Y154.57
G0 X114.653 Y155.653
G0 X114.729 Y166.103
G0 X114 Y166.645
;TIME_ELAPSED:587.492574
;LAYER:8
;note -- min layer time used
;TYPE:SUPPORT
G1 F2400 E494.48286
G1 F5173.8 X114.101 Y166.882 E494.49143
G1 X114.328 Y167.231 E494.50528
G1 X114.669 Y167.607 E494.52216
G1 X115.066 Y167.926 E494.5391
G1 X115.415 Y168.395 E494.55854
G1 X115.468 Y168.447 E494.56101
G1 X115.721 Y168.979 E494.5806
G1 X115.799 Y169.29 E494.59127
G1 X115.796 Y170.797 E494.64139
G1 X115.552 Y171.437 E494.66417
G1 X115.189 Y171.853 E494.68254
G1 X114.645 Y172.246 E494.70486
G1 X114.313 Y172.616 E494.72139
G1 X114.114 Y172.926 E494.73364
G1 X114 Y173.195 E494.74336
G1 X114 Y166.645 E494.96121
G1 X113.92 Y166.456 E494.96804
G1 X113.826 Y166.063 E494.98148
G1 X113.8 Y165.578 E494.99764
G1 X113.8 Y156.2 E495.30955
G1 X113.6 Y156.2 E495.3162
G1 X113.6 Y156 E495.32285
G1 X112 Y156 E495.37607
G1 X112 Y175.8 E496.03462
G1 X110.2 Y175.8 E496.09449
G1 X110.198 Y174.157 E496.14913
G1 X110.178 Y173.822 E496.1603
G1 X110.066 Y173.375 E496.17562
G1 X109.856 Y172.904 E496.19278
G1 X109.618 Y172.562 E496.20663
G1 X109.401 Y172.336 E496.21705
G1 X109.016 Y172.02 E496.23362
G1 X108.506 Y171.519 E496.2574
G1 X108.258 Y170.974 E496.27731
G1 X108.201 Y170.713 E496.2862
G1 X108.204 Y169.203 E496.33642
G1 X108.46 Y168.533 E496.36028
G1 X108.794 Y168.16 E496.37693
G1 X109.204 Y167.875 E496.39354
G1 X109.502 Y167.596 E496.40712
G1 X109.786 Y167.23 E496.42252
G1 X110 Y166.817 E496.43799
G1 X110 Y173.226 E496.65116
G1 F2400 E496.15116
G0 F15000 X109.247 Y173.66
G0 X109.347 Y176.653
G0 X114.653 Y176.653
G0 X121.395 Y172.621
G0 X122 Y172.004
G1 F2400 E496.65116
G1 F5173.8 X122 Y168.012 E496.78393
G1 X121.794 Y168.16 E496.79237
G1 X121.46 Y168.533 E496.80902
G1 X121.204 Y169.203 E496.83288
G1 X121.201 Y170.713 E496.8831
G1 X121.258 Y170.974 E496.89199
G1 X121.506 Y171.519 E496.9119
G1 X122.016 Y172.02 E496.93568
G1 X122.401 Y172.336 E496.95225
G1 X122.618 Y172.562 E496.96267
G1 X122.856 Y172.904 E496.97653
G1 X123.066 Y173.375 E496.99368
G1 X123.178 Y173.822 E497.009
G1 X123.198 Y174.157 E497.02017
G1 X123.2 Y175.8 E497.07481
G1 X124 Y175.8 E497.10142
G1 X124 Y156 E497.75997
G1 X126 Y156 E497.82649
G1 X126 Y175.8 E498.48504
G1 X126.8 Y175.8 E498.51165
G1 X126.8 Y174.085 E498.56869
G1 X126.847 Y173.704 E498.58146
G1 X126.935 Y173.347 E498.59369
G1 X127.114 Y172.926 E498.6089
G1 X127.313 Y172.616 E498.62116
G1 X127.645 Y172.246 E498.63769
G1 X128.189 Y171.853 E498.66001
G1 X128.552 Y171.437 E498.67838
G1 X128.796 Y170.797 E498.70116
G1 X128.799 Y169.29 E498.75128
G1 X128.736 Y169.019 E498.76053
G1 X128.48 Y168.46 E498.78098
G1 X128 Y167.994 E498.80323
G1 X128 Y171.99 E498.93614
G1 F2400 E498.43614
;MESH:Limiter bracketV2.stl
G0 F15000 X128.527 Y172.668
G0 X128.765 Y172.507
G0 X129.304 Y171.888
G0 X129.66 Y170.957
G0 X129.663 Y169.369
G0 X128 Y155.665
G0 X128 Y154.57
G0 X130.265 Y153.9
G0 X130.265 Y153.588
;TYPE:WALL-INNER
G1 F2400 E498.93614
G1 F5173.8 X129.723 Y153.588 E498.95417
G1 X129.191 Y153.448 E498.97247
G1 X128.713 Y153.166 E498.99092
G1 X128.33 Y152.789 E499.0088
G1 X128.052 Y152.306 E499.02733
G1 X127.908 Y151.771 E499.04576
G1 X127.908 Y151.218 E499.06415
G1 X128.061 Y150.686 E499.08257
G1 X128.336 Y150.206 E499.10097
G1 X128.715 Y149.829 E499.11875
G1 X129.186 Y149.561 E499.13677
G1 X129.718 Y149.408 E499.15518
G1 X130.275 Y149.408 E499.17371
G1 X130.806 Y149.552 E499.19201
G1 X131.288 Y149.83 E499.21051
G1 X131.666 Y150.212 E499.22839
G1 X131.945 Y150.686 E499.24668
G1 X132.088 Y151.222 E499.26513
G1 X132.088 Y151.765 E499.28319
G1 X131.947 Y152.311 E499.30195
G1 X131.665 Y152.789 E499.32041
G1 X131.289 Y153.165 E499.33809
G1 X130.809 Y153.448 E499.35663
G1 X130.265 Y153.588 E499.37531
G0 F15000 X130.265 Y153.9
G0 X119.424 Y154.09
G0 X119.424 Y154.4
G1 F5173.8 X132.9 Y154.4 E499.82352
G1 X132.9 Y125.6 E500.78141
G1 X104.1 Y125.6 E501.73931
G1 X104.1 Y154.4 E502.6972
G1 X119.424 Y154.4 E503.20688
G0 F15000 X119.424 Y154.09
G0 X107.265 Y153.9
G0 X107.265 Y153.588
G1 F5173.8 X106.723 Y153.588 E503.2249
G1 X106.191 Y153.448 E503.2432
G1 X105.713 Y153.166 E503.26166
G1 X105.33 Y152.789 E503.27953
G1 X105.051 Y152.305 E503.29811
G1 X104.908 Y151.766 E503.31666
G1 X104.908 Y151.222 E503.33476
G1 X105.053 Y150.691 E503.35306
G1 X105.329 Y150.213 E503.37142
G1 X105.713 Y149.829 E503.38948
G1 X106.191 Y149.553 E503.40784
G1 X106.722 Y149.408 E503.42615
G1 X107.279 Y149.408 E503.44468
G1 X107.814 Y149.56 E503.46317
G1 X108.286 Y149.83 E503.48126
G1 X108.676 Y150.226 E503.49975
G1 X108.939 Y150.685 E503.51734
G1 X109.088 Y151.219 E503.53578
G1 X109.088 Y151.771 E503.55414
G1 X108.948 Y152.31 E503.57266
G1 X108.667 Y152.787 E503.59107
G1 X108.289 Y153.165 E503.60885
G1 X107.809 Y153.448 E503.62739
G1 X107.265 Y153.588 E503.64607
G0 F15000 X107.265 Y153.9
G0 X107.903 Y153.679
G0 X108.436 Y153.371
G0 X108.871 Y152.936
G0 X109.179 Y152.403
G0 X109.339 Y151.808
G0 X109.339 Y151.459
G0 X107.354 Y131.889
G0 X107.275 Y131.588
G1 F5173.8 X106.723 Y131.588 E503.66443
G1 X106.19 Y131.448 E503.68276
G1 X105.715 Y131.169 E503.70108
G1 X105.33 Y130.788 E503.7191
G1 X105.051 Y130.305 E503.73765
G1 X104.908 Y129.766 E503.7562
G1 X104.908 Y129.222 E503.77429
G1 X105.053 Y128.691 E503.7926
G1 X105.329 Y128.213 E503.81096
G1 X105.713 Y127.829 E503.82902
G1 X106.193 Y127.552 E503.84745
G1 X106.734 Y127.408 E503.86607
G1 X107.275 Y127.408 E503.88407
G1 X107.806 Y127.552 E503.90236
G1 X108.288 Y127.83 E503.92087
G1 X108.669 Y128.215 E503.93889
G1 X108.948 Y128.69 E503.95721
G1 X109.089 Y129.226 E503.97564
G1 X109.083 Y129.774 E503.99387
G1 X108.941 Y130.321 E504.01267
G1 X108.662 Y130.792 E504.03087
G1 X108.279 Y131.173 E504.04884
G1 X107.814 Y131.439 E504.06666
G1 X107.275 Y131.588 E504.08526
G0 F15000 X107.354 Y131.889
G0 X130.271 Y131.9
G0 X130.271 Y131.588
G1 F5173.8 X129.719 Y131.588 E504.10362
G1 X129.185 Y131.439 E504.12206
G1 X128.721 Y131.173 E504.13985
G1 X128.329 Y130.785 E504.15819
G1 X128.05 Y130.289 E504.17712
G1 X127.914 Y129.778 E504.19471
G1 X127.907 Y129.226 E504.21307
G1 X128.053 Y128.691 E504.23151
G1 X128.327 Y128.217 E504.24972
G1 X128.725 Y127.814 E504.26856
G1 X128.923 Y127.681 E504.27649
G1 X129.379 Y127.493 E504.2929
G1 X129.738 Y127.408 E504.30517
G1 X130.275 Y127.408 E504.32303
G1 X130.806 Y127.552 E504.34133
G1 X131.288 Y127.83 E504.35984
G1 X131.666 Y128.212 E504.37771
G1 X131.945 Y128.686 E504.396
G1 X132.088 Y129.222 E504.41446
G1 X132.088 Y129.765 E504.43252
G1 X131.947 Y130.311 E504.45127
G1 X131.665 Y130.789 E504.46973
G1 X131.287 Y131.167 E504.48751
G1 X130.81 Y131.448 E504.50592
G1 X130.271 Y131.588 E504.52445
G0 F15000 X130.243 Y131.182
;TYPE:WALL-OUTER
G1 F5173.8 X129.777 Y131.188 E504.53995
G1 X129.345 Y131.075 E504.5548
G1 X128.97 Y130.853 E504.56929
G1 X128.648 Y130.538 E504.58427
G1 X128.431 Y130.163 E504.59869
G1 X128.314 Y129.745 E504.61312
G1 X128.308 Y129.277 E504.62869
G1 X128.438 Y128.824 E504.64436
G1 X128.665 Y128.443 E504.65912
G1 X129.038 Y128.066 E504.67675
G1 X129.567 Y127.852 E504.69573
G1 X129.769 Y127.811 E504.70259
G1 X130.245 Y127.814 E504.71842
G1 X130.629 Y127.918 E504.73165
G1 X131.04 Y128.148 E504.74732
G1 X131.361 Y128.482 E504.76273
G1 X131.575 Y128.845 E504.77674
G1 X131.682 Y129.253 E504.79077
G1 X131.686 Y129.727 E504.80654
G1 X131.575 Y130.156 E504.82127
G1 X131.33 Y130.558 E504.83693
G1 X131.018 Y130.861 E504.8514
G1 X130.654 Y131.075 E504.86544
G1 X130.243 Y131.182 E504.87957
G1 F2400 E504.37957
G0 F15000 X130.426 Y131.87
G0 X132.339 Y151.192
G0 X132.339 Y151.808
G0 X132.179 Y152.403
G0 X131.871 Y152.936
G0 X131.436 Y153.371
G0 X130.41 Y153.874
G0 X130.227 Y153.186
G1 F2400 E504.87957
G1 F5173.8 X129.753 Y153.182 E504.89533
G1 X129.344 Y153.074 E504.9094
G1 X128.943 Y152.831 E504.925
G1 X128.647 Y152.539 E504.93883
G1 X128.418 Y152.129 E504.95445
G1 X128.308 Y151.719 E504.96857
G1 X128.308 Y151.276 E504.9833
G1 X128.428 Y150.844 E504.99821
G1 X128.644 Y150.468 E505.01264
G1 X128.96 Y150.15 E505.02755
G1 X129.344 Y149.928 E505.0423
G1 X129.778 Y149.808 E505.05728
G1 X130.245 Y149.814 E505.07281
G1 X130.629 Y149.918 E505.08604
G1 X131.04 Y150.148 E505.10171
G1 X131.361 Y150.482 E505.11711
G1 X131.575 Y150.845 E505.13113
G1 X131.682 Y151.253 E505.14516
G1 X131.686 Y151.727 E505.16092
G1 X131.575 Y152.156 E505.17566
G1 X131.33 Y152.558 E505.19132
G1 X131.018 Y152.861 E505.20579
G1 X130.654 Y153.075 E505.21983
G1 X130.227 Y153.186 E505.2345
G1 F2400 E504.7345
G0 F15000 X130.41 Y153.874
G0 X119.508 Y154.09
G0 X119.508 Y154.8
G1 F2400 E505.2345
G1 F5173.8 X133.3 Y154.8 E505.69323
G1 X133.3 Y125.2 E506.67773
G1 X103.7 Y125.2 E507.66223
G1 X103.7 Y154.8 E508.64673
G1 X119.508 Y154.8 E509.1725
G1 F2400 E508.6725
G0 F15000 X119.508 Y154.09
G0 X107.41 Y153.874
G0 X107.227 Y153.186
G1 F2400 E509.1725
G1 F5173.8 X106.753 Y153.182 E509.18827
G1 X106.344 Y153.074 E509.20234
G1 X105.943 Y152.831 E509.21793
G1 X105.647 Y152.539 E509.23176
G1 X105.418 Y152.129 E509.24738
G1 X105.31 Y151.727 E509.26123
G1 X105.308 Y151.276 E509.27623
G1 X105.438 Y150.824 E509.29187
G1 X105.666 Y150.442 E509.30667
G1 X105.942 Y150.166 E509.31965
G1 X106.324 Y149.938 E509.33445
G1 X106.777 Y149.808 E509.35012
G1 X107.245 Y149.814 E509.36569
G1 X107.629 Y149.918 E509.37892
G1 X108.029 Y150.142 E509.39417
G1 X108.342 Y150.455 E509.40889
G1 X108.572 Y150.844 E509.42392
G1 X108.682 Y151.253 E509.43801
G1 X108.688 Y151.719 E509.45351
G1 X108.575 Y152.156 E509.46852
G1 X108.33 Y152.558 E509.48418
G1 X108.018 Y152.861 E509.49864
G1 X107.654 Y153.075 E509.51269
G1 X107.227 Y153.186 E509.52736
G1 F2400 E509.02736
G0 F15000 X107.41 Y153.874
G0 X107.903 Y153.679
G0 X108.436 Y153.371
G0 X108.871 Y152.936
G0 X109.179 Y152.403
G0 X109.339 Y151.808
G0 X109.339 Y151.459
G0 X107.426 Y131.87
G0 X107.243 Y131.182
G1 F2400 E509.52736
G1 F5173.8 X106.777 Y131.188 E509.54286
G1 X106.344 Y131.074 E509.55776
G1 X105.943 Y130.831 E509.57335
G1 X105.647 Y130.539 E509.58718
G1 X105.418 Y130.129 E509.6028
G1 X105.31 Y129.727 E509.61664
G1 X105.308 Y129.276 E509.63164
G1 X105.438 Y128.824 E509.64729
G1 X105.666 Y128.442 E509.66208
G1 X105.942 Y128.166 E509.67507
G1 X106.324 Y127.938 E509.68986
G1 X106.769 Y127.811 E509.70525
G1 X107.245 Y127.814 E509.72109
G1 X107.629 Y127.918 E509.73432
G1 X108.04 Y128.148 E509.74998
G1 X108.361 Y128.482 E509.76539
G1 X108.575 Y128.845 E509.77941
G1 X108.682 Y129.253 E509.79344
G1 X108.687 Y129.72 E509.80897
G1 X108.576 Y130.147 E509.82364
G1 X108.348 Y130.538 E509.8387
G1 X108.049 Y130.838 E509.85278
G1 X107.656 Y131.072 E509.868
G1 X107.243 Y131.182 E509.88221
G0 F15000 X107.426 Y131.87
G0 X106.692 Y131.839
G0 X106.355 Y131.748
G0 X105.488 Y131.38
G0 X105.651 Y131.218
;TYPE:FILL
G1 F5173.8 X104.18 Y136.708 E510.07125
G0 F15000 X104.41 Y136.708
G0 X104.41 Y138.588
G0 X104.18 Y138.588
G1 F5173.8 X130.009 Y131.668 E510.96063
G0 F15000 X130.384 Y131.642
G1 F5173.8 X124.308 Y154.321 E511.74153
G0 F15000 X124.62 Y154.32
G1 F5173.8 X104.18 Y133.88 E512.70297
G0 F15000 X104.41 Y133.88
G0 X104.41 Y130.306
G0 X104.181 Y130.306
G1 F5173.8 X104.917 Y130.109 E512.72831
G0 F15000 X104.695 Y130.167
G0 X104.661 Y129.192
G0 X104.821 Y128.597
G0 X105.129 Y128.064
G0 X105.564 Y127.629
G0 X106.632 Y127.114
G0 X106.691 Y127.338
G1 F5173.8 X107.135 Y125.68 E512.7854
G1 X107.294 Y125.68
G1 X132.82 Y151.206 E513.98606
G0 F15000 X132.59 Y151.206
G0 X132.59 Y153.462
G0 X132.82 Y153.462
G1 F5173.8 X132.59 Y154.32 E514.01561
G0 F15000 X132.59 Y154.09
G0 X132.59 Y147.479
G0 X132.819 Y147.479
G1 F5173.8 X107.29 Y154.32 E514.89466
G0 F15000 X107.743 Y154.32
G1 F5173.8 X107.979 Y153.441 E514.92493
G0 F15000 X108.093 Y153.639
G0 X108.871 Y152.936
G0 X109.179 Y152.403
G0 X109.339 Y151.808
G0 X109.339 Y151.254
G0 X109.018 Y150.197
G0 X108.817 Y150.313
G1 F5173.8 X115.417 Y125.68 E515.77313
G0 F15000 X115.417 Y125.91
G0 X118.608 Y125.91
G0 X118.608 Y125.68
G1 F5173.8 X132.82 Y139.893 E516.44164
G0 F15000 X132.819 Y139.197
G1 F5173.8 X104.181 Y146.871 E517.42775
G0 F15000 X104.41 Y146.871
G0 X104.41 Y145.194
G0 X104.18 Y145.194
G1 F5173.8 X113.306 Y154.32 E517.85701
G0 F15000 X113.306 Y154.09
G0 X116.026 Y154.09
G0 X116.026 Y154.32
G1 F5173.8 X123.7 Y125.679 E518.84321
G0 F15000 X123.7 Y125.91
G0 X121.447 Y125.91
G0 X121.447 Y125.68
G1 F5173.8 X109.109 Y128.986 E519.26805
G0 F15000 X109.331 Y128.928
G0 X129.922 Y125.91
G0 X129.922 Y125.68
G1 F5173.8 X132.82 Y128.579 E519.40439
G0 F15000 X132.59 Y128.579
G0 X131.565 Y127.673
G0 X131.405 Y127.833
G1 F5173.8 X131.982 Y125.68 E519.47853
G0 F15000 X131.982 Y125.91
G0 X132.59 Y130.914
G0 X132.82 Y130.914
G1 F5173.8 X131.082 Y131.38 E519.53838
G0 F15000 X131.347 Y131.84
G1 F2400 E519.03838
;MESH:NONMESH
G0 F300 X131.347 Y131.84 Z2
G0 F15000 X114 Y154.57
G0 X114.653 Y155.653
G0 X114.744 Y166.186
G0 X114 Y166.687
;TIME_ELAPSED:613.466463
;LAYER:9
;note -- min layer time used
;TYPE:SUPPORT
G1 F2400 E519.53838
G1 F5224.9 X114.203 Y167.073 E519.55288
G1 X114.477 Y167.419 E519.56756
G1 X114.808 Y167.722 E519.58249
G1 X115.068 Y167.928 E519.59352
G1 X115.415 Y168.395 E519.61287
G1 X115.468 Y168.447 E519.61534
G1 X115.721 Y168.979 E519.63493
G1 X115.799 Y169.29 E519.6456
G1 X115.796 Y170.797 E519.69572
G1 X115.552 Y171.437 E519.7185
G1 X115.19 Y171.852 E519.73682
G1 X114.969 Y172 E519.74566
G1 X114.53 Y172.341 E519.76415
G1 X114.207 Y172.754 E519.78159
G1 X114.001 Y173.138 E519.79608
G1 X114 Y173.142 E519.79622
G1 X114 Y166.687 E520.01092
G1 X113.84 Y166.193 E520.02819
G1 X113.8 Y165.638 E520.04669
G1 X113.8 Y156.2 E520.3606
G1 X113.6 Y156.2 E520.36725
G1 X113.6 Y156 E520.37391
G1 X112 Y156 E520.42712
G1 X112 Y175.8 E521.08567
G1 X110.2 Y175.8 E521.14554
G1 X110.2 Y174.185 E521.19926
G1 X110.164 Y173.686 E521.2159
G1 X110 Y173.164 E521.2341
G1 X109.763 Y172.738 E521.25031
G1 X109.506 Y172.431 E521.26363
G1 X109.254 Y172.204 E521.27491
G1 X109.021 Y172.025 E521.28468
G1 X108.506 Y171.519 E521.30869
G1 X108.258 Y170.974 E521.32861
G1 X108.201 Y170.713 E521.33749
G1 X108.204 Y169.203 E521.38772
G1 X108.46 Y168.533 E521.41157
G1 X108.794 Y168.16 E521.42822
G1 X109.125 Y167.931 E521.44161
G1 X109.397 Y167.706 E521.45335
G1 X109.651 Y167.438 E521.46563
G1 X109.905 Y167.043 E521.48125
G1 X110 Y166.81 E521.48962
G1 X110 Y173.164 E521.70096
G1 F2400 E521.20096
G0 F15000 X109.201 Y173.505
G0 X109.347 Y176.653
G0 X114.653 Y176.653
G0 X121.394 Y172.621
G0 X122 Y172.004
G1 F2400 E521.70096
G1 F5224.9 X122 Y168.019 E521.8335
G1 X121.793 Y168.161 E521.84185
G1 X121.46 Y168.533 E521.85845
G1 X121.204 Y169.203 E521.88231
G1 X121.201 Y170.713 E521.93253
G1 X121.258 Y170.974 E521.94142
G1 X121.506 Y171.519 E521.96133
G1 X122.021 Y172.025 E521.98535
G1 X122.254 Y172.204 E521.99512
G1 X122.506 Y172.431 E522.0064
G1 X122.763 Y172.738 E522.01972
G1 X122.999 Y173.161 E522.03583
G1 X123.164 Y173.686 E522.05413
G1 X123.2 Y174.185 E522.07077
G1 X123.2 Y175.8 E522.12448
G1 X124 Y175.8 E522.15109
G1 X124 Y156 E522.80964
G1 X126 Y156 E522.87616
G1 X126 Y175.8 E523.53471
G1 X126.8 Y175.8 E523.56132
G1 X126.8 Y174.014 E523.62073
G1 X126.873 Y173.545 E523.63651
G1 X127.001 Y173.138 E523.6507
G1 X127.207 Y172.754 E523.6652
G1 X127.53 Y172.341 E523.68263
G1 X127.969 Y172 E523.70112
G1 X128.19 Y171.852 E523.70997
G1 X128.552 Y171.437 E523.72829
G1 X128.796 Y170.797 E523.75107
G1 X128.799 Y169.29 E523.80119
G1 X128.736 Y169.019 E523.81044
G1 X128.48 Y168.46 E523.83089
G1 X128 Y167.995 E523.85312
G1 X128 Y171.98 E523.98566
G1 F2400 E523.48566
;MESH:Limiter bracketV2.stl
G0 F15000 X128.477 Y172.699
G0 X128.764 Y172.509
G0 X129.304 Y171.888
G0 X129.66 Y170.957
G0 X129.663 Y169.369
G0 X128 Y155.665
G0 X128 Y154.57
G0 X130.265 Y153.9
G0 X130.265 Y153.588
;TYPE:WALL-INNER
G1 F2400 E523.98566
G1 F5224.9 X129.723 Y153.588 E524.00369
G1 X129.191 Y153.448 E524.02199
G1 X128.713 Y153.166 E524.04045
G1 X128.33 Y152.789 E524.05832
G1 X128.052 Y152.306 E524.07686
G1 X127.908 Y151.771 E524.09528
G1 X127.908 Y151.218 E524.11368
G1 X128.061 Y150.686 E524.13209
G1 X128.336 Y150.206 E524.15049
G1 X128.715 Y149.829 E524.16827
G1 X129.186 Y149.561 E524.18629
G1 X129.718 Y149.408 E524.2047
G1 X130.275 Y149.408 E524.22323
G1 X130.806 Y149.552 E524.24153
G1 X131.288 Y149.83 E524.26003
G1 X131.666 Y150.212 E524.27791
G1 X131.945 Y150.686 E524.2962
G1 X132.088 Y151.222 E524.31465
G1 X132.088 Y151.765 E524.33271
G1 X131.947 Y152.311 E524.35147
G1 X131.665 Y152.789 E524.36993
G1 X131.289 Y153.165 E524.38761
G1 X130.809 Y153.448 E524.40615
G1 X130.265 Y153.588 E524.42483
G0 F15000 X130.265 Y153.9
G0 X119.424 Y154.09
G0 X119.424 Y154.4
G1 F5224.9 X132.9 Y154.4 E524.87304
G1 X132.9 Y125.6 E525.83094
G1 X104.1 Y125.6 E526.78883
G1 X104.1 Y154.4 E527.74672
G1 X119.424 Y154.4 E528.2564
G0 F15000 X119.424 Y154.09
G0 X107.265 Y153.9
G0 X107.265 Y153.588
G1 F5224.9 X106.723 Y153.588 E528.27442
G1 X106.191 Y153.448 E528.29272
G1 X105.713 Y153.166 E528.31118
G1 X105.33 Y152.789 E528.32905
G1 X105.051 Y152.305 E528.34764
G1 X104.908 Y151.766 E528.36618
G1 X104.908 Y151.222 E528.38428
G1 X105.053 Y150.691 E528.40258
G1 X105.329 Y150.213 E528.42094
G1 X105.713 Y149.829 E528.439
G1 X106.191 Y149.553 E528.45736
G1 X106.722 Y149.408 E528.47567
G1 X107.279 Y149.408 E528.4942
G1 X107.814 Y149.56 E528.5127
G1 X108.286 Y149.83 E528.53078
G1 X108.676 Y150.226 E528.54927
G1 X108.939 Y150.685 E528.56686
G1 X109.088 Y151.219 E528.5853
G1 X109.088 Y151.771 E528.60366
G1 X108.948 Y152.31 E528.62218
G1 X108.667 Y152.787 E528.6406
G1 X108.289 Y153.165 E528.65838
G1 X107.809 Y153.448 E528.67691
G1 X107.265 Y153.588 E528.69559
G0 F15000 X107.265 Y153.9
G0 X107.903 Y153.679
G0 X108.436 Y153.371
G0 X108.871 Y152.936
G0 X109.179 Y152.403
G0 X109.339 Y151.808
G0 X109.339 Y151.459
G0 X107.354 Y131.889
G0 X107.275 Y131.588
G1 F5224.9 X106.723 Y131.588 E528.71395
G1 X106.19 Y131.448 E528.73228
G1 X105.715 Y131.169 E528.7506
G1 X105.33 Y130.788 E528.76862
G1 X105.051 Y130.305 E528.78717
G1 X104.908 Y129.766 E528.80572
G1 X104.908 Y129.222 E528.82381
G1 X105.053 Y128.691 E528.84212
G1 X105.329 Y128.213 E528.86048
G1 X105.713 Y127.829 E528.87854
G1 X106.193 Y127.552 E528.89697
G1 X106.734 Y127.408 E528.91559
G1 X107.275 Y127.408 E528.93359
G1 X107.806 Y127.552 E528.95189
G1 X108.288 Y127.83 E528.97039
G1 X108.669 Y128.215 E528.98841
G1 X108.948 Y128.69 E529.00673
G1 X109.089 Y129.226 E529.02516
G1 X109.083 Y129.774 E529.04339
G1 X108.941 Y130.321 E529.06219
G1 X108.669 Y130.781 E529.07996
G1 X108.28 Y131.172 E529.09831
G1 X107.814 Y131.439 E529.11617
G1 X107.275 Y131.588 E529.13477
G0 F15000 X107.354 Y131.889
G0 X130.271 Y131.9
G0 X130.271 Y131.588
G1 F5224.9 X129.719 Y131.588 E529.15313
G1 X129.185 Y131.439 E529.17157
G1 X128.721 Y131.173 E529.18936
G1 X128.329 Y130.785 E529.2077
G1 X128.05 Y130.289 E529.22663
G1 X127.914 Y129.778 E529.24422
G1 X127.907 Y129.226 E529.26258
G1 X128.053 Y128.691 E529.28102
G1 X128.327 Y128.217 E529.29923
G1 X128.725 Y127.814 E529.31807
G1 X128.923 Y127.681 E529.326
G1 X129.379 Y127.493 E529.34241
G1 X129.738 Y127.408 E529.35468
G1 X130.275 Y127.408 E529.37254
G1 X130.806 Y127.552 E529.39084
G1 X131.288 Y127.83 E529.40935
G1 X131.666 Y128.212 E529.42722
G1 X131.945 Y128.686 E529.44551
G1 X132.088 Y129.222 E529.46397
G1 X132.088 Y129.765 E529.48203
G1 X131.947 Y130.311 E529.50078
G1 X131.665 Y130.789 E529.51924
G1 X131.287 Y131.167 E529.53702
G1 X130.81 Y131.448 E529.55543
G1 X130.271 Y131.588 E529.57396
G0 F15000 X130.243 Y131.182
;TYPE:WALL-OUTER
G1 F5224.9 X129.777 Y131.188 E529.58946
G1 X129.345 Y131.075 E529.60431
G1 X128.97 Y130.853 E529.6188
G1 X128.648 Y130.538 E529.63378
G1 X128.431 Y130.163 E529.64819
G1 X128.314 Y129.745 E529.66263
G1 X128.308 Y129.277 E529.6782
G1 X128.438 Y128.824 E529.69387
G1 X128.665 Y128.443 E529.70862
G1 X129.038 Y128.066 E529.72626
G1 X129.567 Y127.852 E529.74524
G1 X129.769 Y127.811 E529.7521
G1 X130.245 Y127.814 E529.76793
G1 X130.629 Y127.918 E529.78116
G1 X131.04 Y128.148 E529.79683
G1 X131.361 Y128.482 E529.81224
G1 X131.575 Y128.845 E529.82625
G1 X131.682 Y129.253 E529.84028
G1 X131.686 Y129.727 E529.85605
G1 X131.575 Y130.156 E529.87078
G1 X131.33 Y130.558 E529.88644
G1 X131.018 Y130.861 E529.90091
G1 X130.654 Y131.075 E529.91495
G1 X130.243 Y131.182 E529.92908
G1 F2400 E529.42908
G0 F15000 X130.426 Y131.87
G0 X132.339 Y151.192
G0 X132.339 Y151.808
G0 X132.179 Y152.403
G0 X131.871 Y152.936
G0 X131.436 Y153.371
G0 X130.41 Y153.874
G0 X130.227 Y153.186
G1 F2400 E529.92908
G1 F5224.9 X129.753 Y153.182 E529.94484
G1 X129.344 Y153.074 E529.95891
G1 X128.943 Y152.831 E529.97451
G1 X128.647 Y152.539 E529.98834
G1 X128.418 Y152.129 E530.00396
G1 X128.308 Y151.719 E530.01808
G1 X128.308 Y151.276 E530.03281
G1 X128.428 Y150.844 E530.04772
G1 X128.644 Y150.468 E530.06214
G1 X128.971 Y150.142 E530.0775
G1 X129.344 Y149.928 E530.09181
G1 X129.778 Y149.808 E530.10678
G1 X130.245 Y149.814 E530.12232
G1 X130.629 Y149.918 E530.13555
G1 X131.04 Y150.148 E530.15121
G1 X131.361 Y150.482 E530.16662
G1 X131.575 Y150.845 E530.18064
G1 X131.682 Y151.253 E530.19466
G1 X131.686 Y151.727 E530.21043
G1 X131.575 Y152.156 E530.22517
G1 X131.33 Y152.558 E530.24083
G1 X131.018 Y152.861 E530.25529
G1 X130.654 Y153.075 E530.26934
G1 X130.227 Y153.186 E530.28401
G1 F2400 E529.78401
G0 F15000 X130.41 Y153.874
G0 X119.508 Y154.09
G0 X119.508 Y154.8
G1 F2400 E530.28401
G1 F5224.9 X133.3 Y154.8 E530.74273
G1 X133.3 Y125.2 E531.72723
G1 X103.7 Y125.2 E532.71173
G1 X103.7 Y154.8 E533.69623
G1 X119.508 Y154.8 E534.22201
G1 F2400 E533.72201
G0 F15000 X119.508 Y154.09
G0 X107.41 Y153.874
G0 X107.227 Y153.186
G1 F2400 E534.22201
G1 F5224.9 X106.753 Y153.182 E534.23778
G1 X106.344 Y153.074 E534.25185
G1 X105.943 Y152.831 E534.26744
G1 X105.647 Y152.539 E534.28127
G1 X105.418 Y152.129 E534.29689
G1 X105.31 Y151.727 E534.31073
G1 X105.308 Y151.276 E534.32573
G1 X105.438 Y150.824 E534.34138
G1 X105.666 Y150.442 E534.35617
G1 X105.942 Y150.166 E534.36916
G1 X106.324 Y149.938 E534.38395
G1 X106.777 Y149.808 E534.39963
G1 X107.245 Y149.814 E534.41519
G1 X107.629 Y149.918 E534.42843
G1 X108.029 Y150.142 E534.44367
G1 X108.342 Y150.455 E534.4584
G1 X108.572 Y150.844 E534.47343
G1 X108.682 Y151.253 E534.48751
G1 X108.688 Y151.719 E534.50302
G1 X108.575 Y152.156 E534.51803
G1 X108.33 Y152.558 E534.53369
G1 X108.018 Y152.861 E534.54815
G1 X107.654 Y153.075 E534.5622
G1 X107.227 Y153.186 E534.57687
G1 F2400 E534.07687
G0 F15000 X107.41 Y153.874
G0 X107.903 Y153.679
G0 X108.436 Y153.371
G0 X108.871 Y152.936
G0 X109.179 Y152.403
G0 X109.339 Y151.808
G0 X109.339 Y151.459
G0 X107.426 Y131.87
G0 X107.243 Y131.182
G1 F2400 E534.57687
G1 F5224.9 X106.777 Y131.188 E534.59237
G1 X106.344 Y131.074 E534.60726
G1 X105.943 Y130.831 E534.62286
G1 X105.647 Y130.539 E534.63669
G1 X105.418 Y130.129 E534.65231
G1 X105.31 Y129.727 E534.66615
G1 X105.308 Y129.276 E534.68115
G1 X105.438 Y128.824 E534.69679
G1 X105.666 Y128.442 E534.71159
G1 X105.942 Y128.166 E534.72457
G1 X106.324 Y127.938 E534.73937
G1 X106.769 Y127.811 E534.75476
G1 X107.245 Y127.814 E534.77059
G1 X107.629 Y127.918 E534.78383
G1 X108.04 Y128.148 E534.79949
G1 X108.361 Y128.482 E534.8149
G1 X108.575 Y128.845 E534.82891
G1 X108.682 Y129.253 E534.84294
G1 X108.687 Y129.72 E534.85848
G1 X108.576 Y130.147 E534.87315
G1 X108.348 Y130.538 E534.8882
G1 X108.049 Y130.838 E534.90229
G1 X107.656 Y131.072 E534.9175
G1 X107.243 Y131.182 E534.93172
G0 F15000 X107.426 Y131.87
G0 X106.692 Y131.839
G0 X106.21 Y131.709
G0 X105.373 Y131.265
G0 X105.535 Y131.104
;TYPE:FILL
G1 F5224.9 X104.18 Y136.159 E535.10578
G0 F15000 X104.41 Y136.159
G0 X104.41 Y133.679
G0 X104.18 Y133.679
G1 F5224.9 X124.821 Y154.32 E536.07667
G0 F15000 X124.161 Y154.32
G1 F5224.9 X130.23 Y131.668 E536.85665
G0 F15000 X130.23 Y131.9
G0 X132.59 Y131.061
G0 X132.82 Y131.061
G1 F5224.9 X104.18 Y138.735 E537.84283
G0 F15000 X104.41 Y138.735
G0 X104.41 Y144.993
G0 X104.18 Y144.993
G1 F5224.9 X113.507 Y154.32 E538.28154
G0 F15000 X113.507 Y154.09
G0 X115.879 Y154.09
G0 X115.879 Y154.32
G1 F5224.9 X123.553 Y125.679 E539.26775
G0 F15000 X123.553 Y125.91
G0 X121.995 Y125.91
G0 X121.995 Y125.68
G1 F5224.9 X109.145 Y129.123 E539.71021
G0 F15000 X109.368 Y129.065
G0 X109.179 Y128.597
G0 X108.871 Y128.064
G0 X108.436 Y127.629
G0 X107.903 Y127.321
G0 X107.421 Y127.191
G0 X106.474 Y127.157
G0 X106.533 Y127.38
G1 F5224.9 X106.988 Y125.68 E539.76875
G0 F15000 X107.495 Y125.68
G1 F5224.9 X132.82 Y151.005 E540.95996
G0 F15000 X132.59 Y151.005
G0 X132.59 Y152.914
G0 X132.82 Y152.914
G1 F5224.9 X132.443 Y154.32 E541.00837
G0 F15000 X132.443 Y154.09
G0 X132.59 Y147.626
G0 X132.819 Y147.626
G1 F5224.9 X107.838 Y154.32 E541.86856
G0 F15000 X107.596 Y154.32
G1 F5224.9 X107.808 Y153.53 E541.89576
G0 F15000 X107.866 Y153.752
G0 X108.436 Y153.371
G0 X108.871 Y152.936
G0 X109.179 Y152.403
G0 X109.339 Y151.808
G0 X109.339 Y151.192
G0 X109.248 Y150.855
G0 X108.878 Y149.986
G0 X108.714 Y150.15
G1 F5224.9 X115.27 Y125.68 E542.73834
G0 F15000 X115.27 Y125.91
G0 X118.809 Y125.91
G0 X118.809 Y125.68
G1 F5224.9 X132.82 Y139.692 E543.3974
G0 F15000 X132.82 Y139.344
G1 F5224.9 X104.18 Y147.018 E544.38357
G0 F15000 X104.41 Y147.018
G0 X104.41 Y130.453
G0 X104.181 Y130.453
G1 F5224.9 X104.952 Y130.246 E544.41012
G0 F15000 X104.731 Y130.304
G0 X105.129 Y130.936
G0 X105.564 Y131.371
G0 X106.097 Y131.679
G0 X106.692 Y131.839
G0 X107.191 Y131.839
G0 X130.122 Y125.91
G0 X130.122 Y125.68
G1 F5224.9 X132.82 Y128.378 E544.53703
G0 F15000 X132.59 Y128.378
G0 X131.399 Y127.538
G0 X131.285 Y127.733
G1 F5224.9 X131.835 Y125.68 E544.60772
G0 F15000 X131.835 Y126.21
G1 F2400 E544.10772
;MESH:NONMESH
G0 F300 X131.835 Y126.21 Z2.2
G0 F15000 X128.901 Y127.857
G0 X128.494 Y128.264
G0 X114 Y154.57
G0 X114.653 Y155.653
G0 X114.746 Y166.192
G0 X114 Y166.69
;TIME_ELAPSED:639.787290
;LAYER:10
;TYPE:SUPPORT
G1 F2400 E544.60772
G1 F6000 X114.084 Y166.895 E544.61509
G1 X114.343 Y167.279 E544.6305
G1 X114.565 Y167.511 E544.64118
G1 X114.788 Y167.707 E544.65105
G1 X115.068 Y167.928 E544.66291
G1 X115.415 Y168.395 E544.68227
G1 X115.468 Y168.447 E544.68473
G1 X115.721 Y168.979 E544.70433
G1 X115.799 Y169.29 E544.71499
G1 X115.796 Y170.797 E544.76512
G1 X115.552 Y171.437 E544.7879
G1 X115.19 Y171.852 E544.80621
G1 X114.906 Y172.042 E544.81758
G1 X114.58 Y172.304 E544.83149
G1 X114.342 Y172.557 E544.84304
G1 X114.095 Y172.92 E544.85764
G1 X114 Y173.136 E544.86549
G1 X114 Y166.69 E545.07989
G1 X113.917 Y166.487 E545.08718
G1 X113.838 Y166.143 E545.09892
G1 X113.8 Y165.738 E545.11245
G1 X113.8 Y156.2 E545.42969
G1 X113.6 Y156.2 E545.43634
G1 X113.6 Y175.6 E546.08158
G1 X112 Y175.6 E546.1348
G1 X112 Y175.8 E546.14145
G1 X110.2 Y175.8 E546.20132
G1 X110.2 Y174.123 E546.2571
G1 X110.166 Y173.731 E546.27019
G1 X110.087 Y173.385 E546.28199
G1 X109.923 Y172.977 E546.29661
G1 X109.656 Y172.583 E546.31244
G1 X109.368 Y172.29 E546.32611
G1 X109.015 Y172.019 E546.34091
G1 X108.506 Y171.519 E546.36464
G1 X108.258 Y170.974 E546.38456
G1 X108.201 Y170.713 E546.39344
G1 X108.204 Y169.203 E546.44367
G1 X108.46 Y168.533 E546.46752
G1 X108.792 Y168.161 E546.48411
G1 X109.218 Y167.868 E546.5013
G1 X109.499 Y167.616 E546.51386
G1 X109.751 Y167.323 E546.52671
G1 X110 Y166.865 E546.54405
G1 X110 Y173.168 E546.75369
G1 F2400 E546.25369
G0 F15000 X109.199 Y173.494
G0 X109.347 Y176.653
G0 X114.653 Y176.653
G0 X121.394 Y172.621
G0 X122 Y172.004
G1 F2400 E546.75369
G1 F6000 X122 Y168.019 E546.88623
G1 X121.793 Y168.161 E546.89458
G1 X121.46 Y168.533 E546.91118
G1 X121.204 Y169.203 E546.93504
G1 X121.201 Y170.713 E546.98526
G1 X121.258 Y170.974 E546.99415
G1 X121.506 Y171.519 E547.01406
G1 X122.015 Y172.019 E547.03779
G1 X122.368 Y172.29 E547.0526
G1 X122.656 Y172.583 E547.06626
G1 X122.923 Y172.977 E547.08209
G1 X123.087 Y173.385 E547.09672
G1 X123.166 Y173.731 E547.10852
G1 X123.2 Y174.123 E547.12161
G1 X123.2 Y175.8 E547.17738
G1 X124 Y175.8 E547.20399
G1 X124 Y175.6 E547.21064
G1 X126 Y175.6 E547.27716
G1 X126 Y175.8 E547.28382
G1 X126.8 Y175.8 E547.31042
G1 X126.8 Y174.122 E547.36624
G1 X126.831 Y173.72 E547.37965
G1 X126.943 Y173.265 E547.39523
G1 X127.095 Y172.92 E547.40777
G1 X127.342 Y172.557 E547.42237
G1 X127.58 Y172.304 E547.43393
G1 X127.906 Y172.042 E547.44784
G1 X128.19 Y171.852 E547.4592
G1 X128.552 Y171.437 E547.47752
G1 X128.796 Y170.797 E547.5003
G1 X128.799 Y169.29 E547.55042
G1 X128.736 Y169.019 E547.55968
G1 X128.48 Y168.46 E547.58013
G1 X128 Y167.994 E547.60238
G1 X128 Y171.98 E547.73495
G1 F2400 E547.23495
G0 F15000 X126.4 Y172.282
;TYPE:SUPPORT-INTERFACE
G1 F2400 E547.73495
G1 F6000 X123.6 Y175.082 E547.86665
G0 F15000 X123.6 Y174.512
G1 F6000 X124.488 Y175.4 E547.90842
G1 F2400 E547.40842
G0 F15000 X126.401 Y173.919
G1 F2400 E547.90842
G1 F6000 X123.6 Y171.118 E548.04017
G0 F15000 X123.6 Y171.688
G1 F6000 X126.4 Y168.888 E548.17188
G1 F2400 E547.67188
G0 F15000 X126.401 Y170.524
G1 F2400 E548.17188
G1 F6000 X123.6 Y167.724 E548.3036
G0 F15000 X123.6 Y168.294
G1 F6000 X126.4 Y165.493 E548.43533
G1 F2400 E547.93533
G0 F15000 X126.401 Y167.13
G1 F2400 E548.43533
G1 F6000 X123.6 Y164.329 E548.56708
G0 F15000 X123.6 Y164.899
G1 F6000 X126.4 Y162.099 E548.69878
G1 F2400 E548.19878
G0 F15000 X126.401 Y163.736
G1 F2400 E548.69878
G1 F6000 X123.6 Y160.935 E548.83054
G0 F15000 X123.6 Y161.505
G1 F6000 X126.4 Y158.705 E548.96224
G1 F2400 E548.46224
G0 F15000 X126.401 Y160.342
G1 F2400 E548.96224
G1 F6000 X123.6 Y157.541 E549.09399
G0 F15000 X123.6 Y158.111
G1 F6000 X125.912 Y155.8 E549.20271
G0 F15000 X125.253 Y155.8
G1 F6000 X126.401 Y156.948 E549.25671
G1 F2400 E548.75671
G0 F15000 X127.666 Y156.948
G0 X129.663 Y169.192
G0 X129.66 Y170.957
G0 X127.653 Y176.653
G0 X122.347 Y176.653
G0 X114.665 Y157.524
G0 X113.4 Y157.524
G1 F2400 E549.25671
G1 F6000 X111.677 Y155.8 E549.33778
G0 F15000 X112.335 Y155.8
G1 F6000 X110.6 Y157.535 E549.41939
G0 F15000 X110.599 Y158.117
G1 F6000 X113.4 Y160.918 E549.55114
G0 F15000 X113.399 Y161.524
G1 F6000 X110.6 Y164.323 E549.6828
G0 F15000 X110.599 Y164.905
G1 F6000 X113.4 Y167.706 E549.81455
G0 F15000 X113.399 Y168.312
G1 F6000 X110.6 Y171.111 E549.9462
G0 F15000 X110.599 Y171.693
G1 F6000 X113.4 Y174.494 E550.07795
G0 F15000 X113.399 Y175.1
G1 F6000 X113.099 Y175.401 E550.09209
G1 F2400 E549.59209
G0 F15000 X110.912 Y175.4
G1 F2400 E550.09209
G1 F6000 X110.599 Y175.087 E550.10681
G0 F15000 X110.6 Y174.505
G1 F6000 X113.399 Y171.706 E550.23847
G0 F15000 X113.4 Y171.1
G1 F6000 X110.599 Y168.299 E550.37022
G0 F15000 X110.6 Y167.717
G1 F6000 X113.399 Y164.918 E550.50188
G0 F15000 X113.4 Y164.312
G1 F6000 X110.599 Y161.511 E550.63363
G0 F15000 X110.6 Y160.929
G1 F6000 X113.399 Y158.13 E550.76528
G1 F2400 E550.26528
;MESH:Limiter bracketV2.stl
G0 F15000 X114.665 Y158.13
G0 X114.653 Y155.653
G0 X113.399 Y154.57
G0 X119.424 Y154.09
G0 X119.424 Y154.4
;TYPE:WALL-INNER
G1 F2400 E550.76528
G1 F6000 X132.9 Y154.4 E551.2135
G1 X132.9 Y125.6 E552.17139
G1 X104.1 Y125.6 E553.12928
G1 X104.1 Y154.4 E554.08717
G1 X119.424 Y154.4 E554.59685
G0 F15000 X119.424 Y154.09
G0 X130.265 Y153.9
G0 X130.265 Y153.588
G1 F6000 X129.723 Y153.588 E554.61488
G1 X129.191 Y153.448 E554.63317
G1 X128.713 Y153.166 E554.65163
G1 X128.33 Y152.789 E554.66951
G1 X128.052 Y152.306 E554.68804
G1 X127.908 Y151.771 E554.70647
G1 X127.908 Y151.218 E554.72486
G1 X128.061 Y150.686 E554.74327
G1 X128.336 Y150.206 E554.76167
G1 X128.715 Y149.829 E554.77945
G1 X129.186 Y149.561 E554.79748
G1 X129.718 Y149.408 E554.81589
G1 X130.275 Y149.408 E554.83442
G1 X130.806 Y149.552 E554.85271
G1 X131.288 Y149.83 E554.87122
G1 X131.666 Y150.212 E554.8891
G1 X131.945 Y150.686 E554.90739
G1 X132.088 Y151.222 E554.92584
G1 X132.088 Y151.765 E554.9439
G1 X131.947 Y152.311 E554.96266
G1 X131.665 Y152.789 E554.98111
G1 X131.289 Y153.165 E554.9988
G1 X130.809 Y153.448 E555.01733
G1 X130.265 Y153.588 E555.03602
G0 F15000 X130.265 Y153.9
G0 X130.903 Y153.679
G0 X131.436 Y153.371
G0 X131.871 Y152.936
G0 X132.179 Y152.403
G0 X132.339 Y151.808
G0 X132.339 Y151.459
G0 X130.271 Y131.9
G0 X130.271 Y131.588
G1 F6000 X129.719 Y131.588 E555.05438
G1 X129.185 Y131.439 E555.07282
G1 X128.721 Y131.173 E555.0906
G1 X128.329 Y130.785 E555.10895
G1 X128.05 Y130.289 E555.12788
G1 X127.914 Y129.778 E555.14546
G1 X127.907 Y129.226 E555.16383
G1 X128.053 Y128.691 E555.18227
G1 X128.327 Y128.217 E555.20048
G1 X128.725 Y127.814 E555.21932
G1 X128.923 Y127.681 E555.22725
G1 X129.379 Y127.493 E555.24366
G1 X129.738 Y127.408 E555.25593
G1 X130.275 Y127.408 E555.27379
G1 X130.806 Y127.552 E555.29209
G1 X131.288 Y127.83 E555.31059
G1 X131.666 Y128.212 E555.32847
G1 X131.945 Y128.686 E555.34676
G1 X132.088 Y129.222 E555.36521
G1 X132.088 Y129.765 E555.38327
G1 X131.947 Y130.311 E555.40203
G1 X131.665 Y130.789 E555.42049
G1 X131.287 Y131.167 E555.43827
G1 X130.81 Y131.448 E555.45668
G1 X130.271 Y131.588 E555.4752
G0 F15000 X130.271 Y131.9
G0 X107.354 Y131.889
G0 X107.275 Y131.588
G1 F6000 X106.723 Y131.588 E555.49356
G1 X106.19 Y131.448 E555.51189
G1 X105.715 Y131.169 E555.53021
G1 X105.33 Y130.788 E555.54823
G1 X105.051 Y130.305 E555.56678
G1 X104.908 Y129.766 E555.58533
G1 X104.908 Y129.222 E555.60342
G1 X105.053 Y128.691 E555.62173
G1 X105.329 Y128.213 E555.64009
G1 X105.713 Y127.829 E555.65815
G1 X106.193 Y127.552 E555.67658
G1 X106.734 Y127.408 E555.6952
G1 X107.275 Y127.408 E555.7132
G1 X107.806 Y127.552 E555.7315
G1 X108.288 Y127.83 E555.75
G1 X108.669 Y128.215 E555.76802
G1 X108.948 Y128.69 E555.78634
G1 X109.089 Y129.226 E555.80477
G1 X109.083 Y129.774 E555.823
G1 X108.941 Y130.321 E555.8418
G1 X108.662 Y130.792 E555.86001
G1 X108.279 Y131.173 E555.87797
G1 X107.814 Y131.439 E555.89579
G1 X107.275 Y131.588 E555.91439
G0 F15000 X107.354 Y131.889
G0 X109.339 Y151.192
G0 X109.339 Y151.808
G0 X109.179 Y152.403
G0 X108.871 Y152.936
G0 X108.436 Y153.371
G0 X108.134 Y153.545
G0 X107.265 Y153.9
G0 X107.265 Y153.588
G1 F6000 X106.723 Y153.588 E555.93242
G1 X106.191 Y153.448 E555.95072
G1 X105.713 Y153.166 E555.96917
G1 X105.33 Y152.789 E555.98705
G1 X105.051 Y152.305 E556.00563
G1 X104.908 Y151.766 E556.02418
G1 X104.908 Y151.222 E556.04227
G1 X105.053 Y150.691 E556.06058
G1 X105.329 Y150.213 E556.07894
G1 X105.713 Y149.829 E556.097
G1 X106.191 Y149.553 E556.11536
G1 X106.722 Y149.408 E556.13367
G1 X107.279 Y149.408 E556.15219
G1 X107.814 Y149.56 E556.17069
G1 X108.286 Y149.83 E556.18878
G1 X108.676 Y150.226 E556.20726
G1 X108.939 Y150.685 E556.22486
G1 X109.088 Y151.219 E556.2433
G1 X109.088 Y151.771 E556.26166
G1 X108.948 Y152.31 E556.28018
G1 X108.667 Y152.787 E556.29859
G1 X108.289 Y153.165 E556.31637
G1 X107.809 Y153.448 E556.3349
G1 X107.265 Y153.588 E556.35359
G0 F15000 X107.227 Y153.186
;TYPE:WALL-OUTER
G1 F6000 X106.753 Y153.182 E556.36935
G1 X106.344 Y153.074 E556.38342
G1 X105.943 Y152.831 E556.39902
G1 X105.647 Y152.539 E556.41285
G1 X105.418 Y152.129 E556.42847
G1 X105.31 Y151.727 E556.44231
G1 X105.308 Y151.276 E556.45731
G1 X105.438 Y150.824 E556.47295
G1 X105.666 Y150.442 E556.48775
G1 X105.942 Y150.166 E556.50073
G1 X106.324 Y149.938 E556.51553
G1 X106.777 Y149.808 E556.5312
G1 X107.245 Y149.814 E556.54677
G1 X107.629 Y149.918 E556.56
G1 X108.029 Y150.142 E556.57525
G1 X108.342 Y150.455 E556.58997
G1 X108.572 Y150.844 E556.605
G1 X108.682 Y151.253 E556.61909
G1 X108.688 Y151.719 E556.63459
G1 X108.575 Y152.156 E556.6496
G1 X108.33 Y152.558 E556.66526
G1 X108.018 Y152.861 E556.67973
G1 X107.654 Y153.075 E556.69377
G1 X107.227 Y153.186 E556.70845
G1 F2400 E556.20845
G0 F15000 X107.41 Y153.874
G0 X119.508 Y154.09
G0 X119.508 Y154.8
G1 F2400 E556.70845
G1 F6000 X133.3 Y154.8 E557.16717
G1 X133.3 Y125.2 E558.15167
G1 X103.7 Y125.2 E559.13617
G1 X103.7 Y154.8 E560.12067
G1 X119.508 Y154.8 E560.64645
G1 F2400 E560.14645
G0 F15000 X119.508 Y154.09
G0 X130.41 Y153.874
G0 X130.227 Y153.186
G1 F2400 E560.64645
G1 F6000 X129.753 Y153.182 E560.66221
G1 X129.344 Y153.074 E560.67628
G1 X128.943 Y152.831 E560.69188
G1 X128.647 Y152.539 E560.70571
G1 X128.418 Y152.129 E560.72133
G1 X128.308 Y151.719 E560.73544
G1 X128.308 Y151.276 E560.75018
G1 X128.428 Y150.844 E560.76509
G1 X128.644 Y150.468 E560.77951
G1 X128.96 Y150.15 E560.79442
G1 X129.344 Y149.928 E560.80918
G1 X129.778 Y149.808 E560.82415
G1 X130.245 Y149.814 E560.83969
G1 X130.629 Y149.918 E560.85292
G1 X131.04 Y150.148 E560.86858
G1 X131.361 Y150.482 E560.88399
G1 X131.575 Y150.845 E560.89801
G1 X131.682 Y151.253 E560.91204
G1 X131.686 Y151.727 E560.9278
G1 X131.575 Y152.156 E560.94254
G1 X131.33 Y152.558 E560.9582
G1 X131.018 Y152.861 E560.97266
G1 X130.654 Y153.075 E560.98671
G1 X130.227 Y153.186 E561.00138
G1 F2400 E560.50138
G0 F15000 X130.41 Y153.874
G0 X130.903 Y153.679
G0 X131.436 Y153.371
G0 X131.871 Y152.936
G0 X132.179 Y152.403
G0 X132.339 Y151.808
G0 X132.339 Y151.459
G0 X130.426 Y131.87
G0 X130.243 Y131.182
G1 F2400 E561.00138
G1 F6000 X129.777 Y131.188 E561.01688
G1 X129.345 Y131.075 E561.03173
G1 X128.97 Y130.853 E561.04623
G1 X128.648 Y130.538 E561.06121
G1 X128.431 Y130.163 E561.07562
G1 X128.314 Y129.745 E561.09006
G1 X128.308 Y129.277 E561.10562
G1 X128.438 Y128.824 E561.1213
G1 X128.665 Y128.443 E561.13605
G1 X129.038 Y128.066 E561.15369
G1 X129.567 Y127.852 E561.17267
G1 X129.769 Y127.811 E561.17952
G1 X130.245 Y127.814 E561.19536
G1 X130.629 Y127.918 E561.20859
G1 X131.04 Y128.148 E561.22425
G1 X131.361 Y128.482 E561.23966
G1 X131.575 Y128.845 E561.25368
G1 X131.682 Y129.253 E561.26771
G1 X131.686 Y129.727 E561.28347
G1 X131.575 Y130.156 E561.29821
G1 X131.33 Y130.558 E561.31387
G1 X131.018 Y130.861 E561.32833
G1 X130.654 Y131.075 E561.34238
G1 X130.243 Y131.182 E561.3565
G1 F2400 E560.8565
G0 F15000 X130.426 Y131.87
G0 X107.426 Y131.87
G0 X107.243 Y131.182
G1 F2400 E561.3565
G1 F6000 X106.777 Y131.188 E561.372
G1 X106.344 Y131.074 E561.3869
G1 X105.943 Y130.831 E561.40249
G1 X105.647 Y130.539 E561.41632
G1 X105.418 Y130.129 E561.43194
G1 X105.31 Y129.727 E561.44578
G1 X105.308 Y129.276 E561.46079
G1 X105.438 Y128.824 E561.47643
G1 X105.666 Y128.442 E561.49122
G1 X105.942 Y128.166 E561.50421
G1 X106.324 Y127.938 E561.519
G1 X106.769 Y127.811 E561.53439
G1 X107.245 Y127.814 E561.55023
G1 X107.629 Y127.918 E561.56346
G1 X108.04 Y128.148 E561.57912
G1 X108.361 Y128.482 E561.59453
G1 X108.575 Y128.845 E561.60855
G1 X108.682 Y129.253 E561.62258
G1 X108.687 Y129.72 E561.63811
G1 X108.576 Y130.147 E561.65278
G1 X108.337 Y130.551 E561.6684
G1 X108.049 Y130.838 E561.68192
G1 X107.656 Y131.072 E561.69713
G1 X107.243 Y131.182 E561.71135
G0 F15000 X107.6 Y131.71
;TYPE:FILL
G1 F12000 X107.6 Y136.899 E561.88393
G0 F15000 X106.8 Y136.099
G1 F12000 X106.8 Y131.788 E562.02732
G0 F15000 X106.4 Y131.711
G1 F12000 X106.4 Y135.699 E562.15996
G0 F15000 X106 Y135.299
G1 F12000 X106 Y131.569 E562.28402
G0 F15000 X105.6 Y131.334
G1 F12000 X105.6 Y134.899 E562.40259
G0 F15000 X104.8 Y134.101
G1 F12000 X112.8 Y142.099 E562.77884
G1 X112.8 Y142.101
G1 X112.8 Y136.571 E562.96277
G1 X112.8 Y134.351 E563.03661
G1 X115.124 Y125.68 E563.33518
G0 F15000 X114.8 Y125.8
G1 F12000 X114.8 Y126.889 E563.3714
G0 F15000 X114.932 Y126.4
G1 F12000 X119.548 Y126.4 E563.52493
G0 F15000 X119.975 Y126.4
G1 F12000 X123.213 Y126.4 E563.63263
G0 F15000 X123.6 Y125.8
G1 F12000 X123.6 Y130.271 E563.78134
G0 F15000 X124.4 Y131.071
G1 F12000 X124.4 Y125.8 E563.95665
G0 F15000 X124.4 Y125.91
G0 X123.407 Y125.91
G0 X123.407 Y125.679
G1 F12000 X115.926 Y153.6 E564.91806
G1 X112.987 Y153.6 E565.01581
G1 X113.706 Y154.32 E565.04966
G0 F15000 X113.706 Y154.09
G0 X112.987 Y153.6
G1 F12000 X111.2 Y151.813 E565.13371
G0 F15000 X110.985 Y151.6
G1 F12000 X109.288 Y151.6 E565.19015
G0 F15000 X109.183 Y150.8
G1 F12000 X110.185 Y150.8 E565.22348
G0 F15000 X108.762 Y149.87
G0 X108.599 Y150.033
G1 F12000 X112.8 Y134.355 E565.76333
G1 X112.8 Y130.787 E565.882
G1 X124.4 Y142.387 E566.42763
G0 F15000 X124.4 Y141.746
G1 F12000 X125.6 Y141.425 E566.46894
G1 X125.6 Y133.141 E566.74447
G1 X129.6 Y132.069 E566.88221
G1 X129.6 Y133.477 E566.92904
G1 X125.6 Y148.404 E567.44303
G1 X125.6 Y149.707 E567.48637
G1 X125.6 Y154.2 E567.6358
G0 F15000 X125.02 Y154.32
G1 F12000 X112.8 Y142.101 E568.21057
G1 X112.8 Y144.855 E568.30217
G1 X124.4 Y141.746 E568.7016
G1 X124.4 Y133.463 E568.9771
G1 X125.6 Y133.143 E569.01841
G1 X125.6 Y133.141
G1 X125.6 Y132.273 E569.04727
G1 X130 Y136.671 E569.25419
G0 F15000 X130.8 Y137.471
G1 F12000 X130 Y136.671 E569.29182
G1 X130 Y131.984 E569.44771
G1 X129.6 Y133.477 E569.49912
G0 F15000 X129.6 Y132.069
G1 F12000 X130.8 Y131.749 E569.54043
G0 F15000 X130.084 Y131.668
G1 F12000 X130 Y131.984 E569.5513
G0 F15000 X128.8 Y132.285
G1 F12000 X128.8 Y131.447 E569.57917
G0 F15000 X128.4 Y131.139
G1 F12000 X128.4 Y132.392 E569.62085
G0 F15000 X128 Y132.499
G1 F12000 X128 Y130.616 E569.68348
G0 F15000 X127.905 Y130.67
G0 X127.6 Y132.607
G1 F12000 X127.6 Y125.8 E569.90988
G0 F15000 X127.2 Y125.8
G1 F12000 X127.2 Y132.714 E570.13984
G0 F15000 X126.4 Y132.928
G1 F12000 X126.4 Y125.8 E570.37692
G0 F15000 X126 Y125.8
G1 F12000 X126 Y132.671 E570.60545
G0 F15000 X125.6 Y132.273
G1 F12000 X124.4 Y131.073 E570.66189
G1 X124.4 Y133.465 E570.74145
G1 X112.8 Y136.573 E571.14088
G1 X112.8 Y136.571
G1 X110 Y137.323 E571.2373
G1 X110 Y129.039 E571.51283
G1 X109.6 Y129.147 E571.52661
G1 X109.617 Y129.142
G1 X107.646 Y125.801 E571.65563
G1 X107.694 Y125.68
G1 X108.537 Y126.524 E571.69531
G1 X110.018 Y129.035 E571.79227
G1 X110 Y129.039 E571.79288
G1 X110.018 Y129.035
G1 X112.8 Y128.289 E571.88868
G1 X112.8 Y128.29
G1 X112.8 Y125.8 E571.9715
G0 F15000 X112.4 Y125.8
G1 F12000 X112.4 Y128.397 E572.05787
G0 F15000 X113.6 Y128.076
G1 F12000 X113.6 Y125.8 E572.13357
G0 F15000 X114 Y125.8
G1 F12000 X114 Y127.969 E572.20571
G0 F15000 X111.2 Y128.719
G1 F12000 X111.2 Y125.8 E572.3028
G0 F15000 X110.8 Y125.8
G1 F12000 X110.8 Y128.785 E572.40208
G0 F15000 X111.2 Y129.187
G1 F12000 X108.537 Y126.524 E572.52734
G0 F15000 X108.8 Y126.785
G1 F12000 X108.8 Y125.8 E572.5601
G0 F15000 X109.6 Y125.8
G1 F12000 X109.6 Y127.585 E572.61947
G0 F15000 X110 Y127.985
G1 F12000 X110 Y125.8 E572.69215
G0 F15000 X110 Y125.91
G0 X108.272 Y127.464
G0 X108.217 Y127.557
G1 F12000 X107.181 Y125.801 E572.75996
G0 F15000 X106.842 Y125.68
G1 F12000 X106.375 Y127.422 E572.81994
G1 X106.421 Y127.25
G1 X104.3 Y127.045 E572.89082
G0 F15000 X104.3 Y127.447
G1 F12000 X105.733 Y127.586 E572.9387
G0 F15000 X105.679 Y127.492
G0 X106.525 Y126.859
G1 F12000 X104.3 Y126.643 E573.01305
G0 F15000 X104.3 Y126.241
G1 F12000 X106.629 Y126.467 E573.09088
G1 X106.636 Y126.45
G1 X107.082 Y127.207 E573.1201
G0 F15000 X107.082 Y127.1
G0 X107.903 Y127.321
G0 X108.436 Y127.629
G0 X108.871 Y128.064
G0 X109.12 Y128.496
G0 X109.4 Y129.263
G0 X109.168 Y129.263
G1 F12000 X109.6 Y129.147 E573.13498
G1 X109.6 Y137.43 E573.41047
G1 X110 Y137.323 E573.42425
G0 F15000 X109.6 Y137.43
G1 F12000 X104.8 Y138.715 E573.58952
G1 X104.8 Y145.413 E573.81229
G1 X104.8 Y146.999 E573.86504
G1 X111.2 Y145.283 E574.08543
G1 X111.2 Y151.813 E574.30261
G1 X104.8 Y145.415 E574.6036
G1 X104.8 Y145.413
G1 X104.18 Y144.794 E574.63274
G0 F15000 X104.41 Y144.794
G0 X104.8 Y146.998
G1 F12000 X104.8 Y150.858 E574.76113
G0 F15000 X104.696 Y150.83
G0 X104.41 Y152.694
G0 X104.3 Y152.694
G1 F12000 X105.688 Y154.199 E574.82922
G0 F15000 X105.144 Y154.2
G1 F12000 X104.3 Y153.284 E574.87065
G0 F15000 X104.41 Y153.284
G0 X107.45 Y154.09
G0 X107.45 Y154.32
G1 F12000 X107.651 Y153.571 E574.89644
G0 F15000 X107.945 Y153.6
G1 F12000 X111.071 Y153.6 E575.00041
G0 F15000 X112.185 Y152.8
G1 F12000 X108.891 Y152.8 E575.10997
G0 F15000 X109.127 Y152.4
G1 F12000 X111.785 Y152.4 E575.19838
G0 F15000 X112.8 Y153.137
G1 F12000 X108.383 Y154.32 E575.35047
G0 F15000 X108.383 Y154.09
G0 X109.179 Y152.403
G0 X109.339 Y151.808
G0 X109.339 Y151.192
G0 X109.179 Y150.597
G0 X108.871 Y150.064
G0 X108.518 Y149.711
G0 X107.628 Y149.185
G0 X107.6 Y149.288
G1 F12000 X107.6 Y148.215 E575.38615
G0 F15000 X107.2 Y147.815
G1 F12000 X107.2 Y149.208 E575.43249
G0 F15000 X106.4 Y149.288
G1 F12000 X106.4 Y147.015 E575.50809
G0 F15000 X104.8 Y146.999
G1 F12000 X104.181 Y147.164 E575.52939
G0 F15000 X104.41 Y147.164
G0 X111.2 Y145.284
G1 F12000 X111.2 Y140.665 E575.68302
G0 F15000 X111.2 Y140.241
G1 F12000 X111.2 Y137.001 E575.79078
G1 X111.2 Y137
G1 X111.2 Y129.187 E576.05065
G1 X112.8 Y130.785 E576.12586
G1 X112.8 Y130.787
G1 X112.8 Y128.289 E576.20894
G1 X122.54 Y125.68 E576.54432
G0 F15000 X122.54 Y125.91
G0 X125.6 Y125.91
G0 X125.6 Y125.8
G1 F12000 X125.6 Y132.271 E576.75954
G0 F15000 X124.4 Y131.073
G1 F12000 X119.008 Y125.68 E577.01319
G0 F15000 X119.008 Y125.91
G0 X128.4 Y125.91
G0 X128.4 Y125.8
G1 F12000 X128.4 Y127.858 E577.08164
G0 F15000 X128.8 Y127.528
G1 F12000 X128.8 Y125.8 E577.13911
G0 F15000 X129.2 Y125.8
G1 F12000 X129.2 Y127.35 E577.19066
G0 F15000 X129.6 Y127.236
G1 F12000 X129.6 Y125.8 E577.23843
G0 F15000 X130 Y125.8
G1 F12000 X130 Y127.208 E577.28526
G0 F15000 X130.4 Y127.234
G1 F12000 X130.4 Y125.8 E577.33295
G1 X130.322 Y125.68
G1 X131.2 Y126.559 E577.37427
G0 F15000 X130.8 Y126.159
G1 F12000 X130.8 Y127.342 E577.41362
G0 F15000 X131.2 Y127.506
G1 F12000 X131.689 Y125.679 E577.47653
G0 F15000 X132 Y125.8
G1 F12000 X132 Y127.357 E577.52831
G0 F15000 X131.737 Y128
G1 F12000 X132.64 Y128 E577.55835
G0 F15000 X132.82 Y128.179
G1 F12000 X131.2 Y126.559 E577.63455
G1 X131.2 Y127.506 E577.66604
G1 X131.158 Y127.66 E577.67135
G0 F15000 X131.272 Y127.464
G0 X131.871 Y128.064
G0 X132.179 Y128.597
G0 X132.339 Y129.192
G0 X132.339 Y129.691
G0 X132 Y131.427
G1 F12000 X130.8 Y131.749 E577.71268
G1 X130.8 Y137.471 E577.90299
G1 X132 Y138.671 E577.95943
G1 X132 Y138.673
G1 X132.82 Y139.492 E577.99798
G1 X132 Y139.71 E578.0262
G1 X132 Y138.673 E578.06069
G1 X132 Y131.427 E578.3017
G1 X132.82 Y131.208 E578.32993
G0 F15000 X132.59 Y131.208
G0 X132 Y139.709
G1 F12000 X125.6 Y141.424 E578.5503
G1 X125.6 Y143.585 E578.62218
G1 X124.4 Y142.387 E578.67857
G1 X124.4 Y150.028 E578.93271
G1 X131.2 Y148.205 E579.16687
G0 F15000 X131.6 Y148.098
G1 F12000 X131.2 Y148.205 E579.18064
G1 X131.2 Y149.185 E579.21324
G1 X131.6 Y149.585 E579.23205
G0 F15000 X131.2 Y149.185
G1 F12000 X125.6 Y143.587 E579.49541
G1 X125.6 Y148.404 E579.65562
G1 X124.4 Y152.884 E579.80988
G1 X124.4 Y150.027 E579.90491
G1 X112.8 Y153.137 E580.30435
G1 X112.8 Y144.854 E580.57984
G1 X111.2 Y145.283 E580.63494
G0 F15000 X112.8 Y144.855
G0 X115.733 Y154.09
G0 X115.733 Y154.32
G1 F12000 X115.926 Y153.6 E580.65973
G1 X124.206 Y153.6 E580.93513
G1 X124.4 Y152.884 E580.9598
G0 F15000 X124.206 Y153.6
G1 F12000 X124.015 Y154.321 E580.98461
G0 F15000 X124.015 Y154.09
G0 X126.4 Y154.09
G0 X126.4 Y154.2
G1 F12000 X126.4 Y149.491 E581.14123
G0 F15000 X126.8 Y149.384
G1 F12000 X126.8 Y154.2 E581.30141
G0 F15000 X127.2 Y154.2
G1 F12000 X127.2 Y149.277 E581.46515
G0 F15000 X127.6 Y149.17
G1 F12000 X127.6 Y154.2 E581.63245
G0 F15000 X128 Y154.2
G1 F12000 X128 Y152.617 E581.6851
G0 F15000 X127.906 Y152.671
G0 X127.661 Y151.808
G0 X127.661 Y151.192
G0 X127.821 Y150.597
G0 X128.07 Y150.165
G0 X128.745 Y149.454
G0 X128.8 Y149.551
G1 F12000 X128.8 Y148.848 E581.70848
G0 F15000 X125.6 Y148.404
G0 X125.6 Y149.706
G0 X129.692 Y149.161
G0 X130.308 Y149.161
G0 X130.79 Y149.291
G0 X132 Y149.985
G1 F12000 X131.6 Y149.585 E581.72729
G1 X131.6 Y148.098 E581.77675
G1 X132 Y147.991 E581.79052
G1 X132.819 Y147.772 E581.81872
G0 F15000 X132.59 Y147.772
G0 X132.59 Y150.806
G0 X132.82 Y150.806
G1 F12000 X132 Y149.985 E581.85732
G1 X132 Y147.991 E581.92364
G1 X132 Y139.709 E582.1991
G0 F15000 X125.6 Y141.424
G0 X131.871 Y150.064
G0 X132.179 Y150.597
G0 X132.339 Y151.192
G0 X132.339 Y151.691
G0 X132.095 Y152.67
G0 X132 Y152.614
G1 F12000 X132 Y154.2 E582.25185
G0 F15000 X132.297 Y154.32
G1 F12000 X132.82 Y152.369 E582.31903
G1 F2400 E581.81903
G0 F15000 X132.59 Y152.369
G0 X132.179 Y150.597
G0 X131.871 Y150.064
G0 X131.436 Y149.629
G0 X131.134 Y149.455
G0 X104.8 Y138.716
G0 X104.18 Y138.881
G1 F2400 E582.31903
G1 F12000 X104.8 Y138.716 E582.34037
G1 X104.8 Y134.101 E582.49386
G1 X104.18 Y133.48 E582.52305
G0 F15000 X104.41 Y133.48
G0 X104.41 Y132
G0 X104.3 Y132
G1 F12000 X105.148 Y132 E582.55125
G0 F15000 X105.255 Y131.6
G1 F12000 X104.3 Y131.6 E582.58302
G0 F15000 X104.3 Y131.2
G1 F12000 X105.362 Y131.2 E582.61834
G0 F15000 X105.419 Y130.99
G1 F12000 X104.18 Y135.614 E582.77756
G0 F15000 X104.41 Y135.614
G0 X104.41 Y130.599
G0 X104.18 Y130.599
G1 F12000 X105.001 Y130.379 E582.80583
G0 F15000 X104.71 Y130.643
G1 F2400 E582.30583
;MESH:NONMESH
G0 F300 X104.71 Y130.643 Z2.4
G0 F15000 X114 Y154.57
G0 X114.653 Y155.653
G0 X114.743 Y166.225
G0 X114 Y166.739
;TIME_ELAPSED:693.384710
;LAYER:11
;TYPE:SUPPORT
G1 F2400 E582.80583
G1 F6000 X114.201 Y167.108 E582.81981
G1 X114.46 Y167.418 E582.83324
G1 X114.753 Y167.679 E582.84629
G1 X115.065 Y167.926 E582.85953
G1 X115.415 Y168.395 E582.87899
G1 X115.468 Y168.447 E582.88146
G1 X115.721 Y168.979 E582.90105
G1 X115.799 Y169.29 E582.91172
G1 X115.796 Y170.797 E582.96184
G1 X115.552 Y171.437 E582.98462
G1 X115.19 Y171.853 E583.00296
G1 X114.771 Y172.132 E583.01971
G1 X114.485 Y172.387 E583.03245
G1 X114.201 Y172.725 E583.04714
G1 X114 Y173.094 E583.06111
G1 X114 Y166.739 E583.27248
G1 X113.864 Y166.313 E583.28735
G1 X113.8 Y165.892 E583.30152
G1 X113.8 Y156.2 E583.62387
G1 X113.6 Y156.2 E583.63053
G1 X113.6 Y175.6 E584.27577
G1 X112 Y175.6 E584.32899
G1 X112 Y175.8 E584.33564
G1 X110.2 Y175.8 E584.39551
G1 X110.2 Y173.978 E584.45611
G1 X110.145 Y173.58 E584.46947
G1 X110.021 Y173.161 E584.484
G1 X109.817 Y172.774 E584.49856
G1 X109.509 Y172.408 E584.51447
G1 X109.205 Y172.153 E584.52766
G1 X109.015 Y172.019 E584.5354
G1 X108.506 Y171.519 E584.55913
G1 X108.258 Y170.974 E584.57904
G1 X108.201 Y170.713 E584.58793
G1 X108.204 Y169.203 E584.63815
G1 X108.46 Y168.533 E584.66201
G1 X108.792 Y168.16 E584.67861
G1 X109.097 Y167.958 E584.69078
G1 X109.323 Y167.788 E584.70019
G1 X109.654 Y167.464 E584.71559
G1 X109.928 Y167.063 E584.73175
G1 X110 Y166.878 E584.73835
G1 X110 Y173.121 E584.94599
G1 F2400 E584.44599
G0 F15000 X109.217 Y173.49
G0 X109.347 Y176.653
G0 X114.653 Y176.653
G0 X121.394 Y172.621
G0 X122 Y172.004
G1 F2400 E584.94599
G1 F6000 X122 Y168.02 E585.0785
G1 X121.794 Y168.16 E585.08679
G1 X121.46 Y168.533 E585.10344
G1 X121.204 Y169.203 E585.12729
G1 X121.201 Y170.713 E585.17752
G1 X121.258 Y170.974 E585.1864
G1 X121.506 Y171.519 E585.20632
G1 X122.015 Y172.019 E585.23005
G1 X122.205 Y172.153 E585.23778
G1 X122.509 Y172.408 E585.25098
G1 X122.817 Y172.774 E585.26689
G1 X123.021 Y173.161 E585.28144
G1 X123.145 Y173.58 E585.29597
G1 X123.2 Y173.978 E585.30934
G1 X123.2 Y175.8 E585.36994
G1 X124 Y175.8 E585.39654
G1 X124 Y175.6 E585.4032
G1 X126 Y175.6 E585.46972
G1 X126 Y175.8 E585.47637
G1 X126.8 Y175.8 E585.50298
G1 X126.8 Y173.961 E585.56414
G1 X126.874 Y173.486 E585.58013
G1 X126.994 Y173.104 E585.59345
G1 X127.201 Y172.725 E585.60781
G1 X127.485 Y172.387 E585.6225
G1 X127.771 Y172.132 E585.63524
G1 X128.19 Y171.853 E585.65198
G1 X128.552 Y171.437 E585.67032
G1 X128.796 Y170.797 E585.6931
G1 X128.799 Y169.29 E585.74323
G1 X128.736 Y169.019 E585.75248
G1 X128.48 Y168.46 E585.77293
G1 X128 Y167.994 E585.79518
G1 X128 Y171.98 E585.92776
G1 F2400 E585.42776
G0 F15000 X126.4 Y172.282
;TYPE:SUPPORT-INTERFACE
G1 F2400 E585.92776
G1 F6000 X123.6 Y175.082 E586.05946
G0 F15000 X123.6 Y174.512
G1 F6000 X124.488 Y175.4 E586.10123
G1 F2400 E585.60123
G0 F15000 X126.401 Y173.919
G1 F2400 E586.10123
G1 F6000 X123.6 Y171.118 E586.23298
G0 F15000 X123.6 Y171.688
G1 F6000 X126.4 Y168.888 E586.36468
G1 F2400 E585.86468
G0 F15000 X126.401 Y170.524
G1 F2400 E586.36468
G1 F6000 X123.6 Y167.724 E586.49641
G0 F15000 X123.6 Y168.294
G1 F6000 X126.4 Y165.493 E586.62814
G1 F2400 E586.12814
G0 F15000 X126.401 Y167.13
G1 F2400 E586.62814
G1 F6000 X123.6 Y164.329 E586.75989
G0 F15000 X123.6 Y164.899
G1 F6000 X126.4 Y162.099 E586.89159
G1 F2400 E586.39159
G0 F15000 X126.401 Y163.736
G1 F2400 E586.89159
G1 F6000 X123.6 Y160.935 E587.02334
G0 F15000 X123.6 Y161.505
G1 F6000 X126.4 Y158.705 E587.15504
G1 F2400 E586.65504
G0 F15000 X126.401 Y160.342
G1 F2400 E587.15504
G1 F6000 X123.6 Y157.541 E587.28679
G0 F15000 X123.6 Y158.111
G1 F6000 X125.912 Y155.8 E587.39552
G0 F15000 X125.253 Y155.8
G1 F6000 X126.401 Y156.948 E587.44952
G1 F2400 E586.94952
G0 F15000 X127.666 Y156.948
G0 X129.663 Y169.192
G0 X129.66 Y170.957
G0 X127.653 Y176.653
G0 X122.347 Y176.653
G0 X114.665 Y157.524
G0 X113.4 Y157.524
G1 F2400 E587.44952
G1 F6000 X111.677 Y155.8 E587.53059
G0 F15000 X112.335 Y155.8
G1 F6000 X110.6 Y157.535 E587.6122
G0 F15000 X110.599 Y158.117
G1 F6000 X113.4 Y160.918 E587.74395
G0 F15000 X113.399 Y161.524
G1 F6000 X110.6 Y164.323 E587.8756
G0 F15000 X110.599 Y164.905
G1 F6000 X113.4 Y167.706 E588.00735
G0 F15000 X113.399 Y168.312
G1 F6000 X110.6 Y171.111 E588.13901
G0 F15000 X110.599 Y171.693
G1 F6000 X113.4 Y174.494 E588.27076
G0 F15000 X113.399 Y175.1
G1 F6000 X113.099 Y175.401 E588.2849
G1 F2400 E587.7849
G0 F15000 X110.912 Y175.4
G1 F2400 E588.2849
G1 F6000 X110.599 Y175.087 E588.29962
G0 F15000 X110.6 Y174.505
G1 F6000 X113.399 Y171.706 E588.43127
G0 F15000 X113.4 Y171.1
G1 F6000 X110.599 Y168.299 E588.56302
G0 F15000 X110.6 Y167.717
G1 F6000 X113.399 Y164.918 E588.69468
G0 F15000 X113.4 Y164.312
G1 F6000 X110.599 Y161.511 E588.82643
G0 F15000 X110.6 Y160.929
G1 F6000 X113.399 Y158.13 E588.95809
G1 F2400 E588.45809
;MESH:Limiter bracketV2.stl
G0 F15000 X114.665 Y158.13
G0 X114.653 Y155.653
G0 X119.424 Y154.4
;TYPE:WALL-INNER
G1 F2400 E588.95809
G1 F6000 X132.9 Y154.4 E589.4063
G1 X132.9 Y125.6 E590.36419
G1 X104.1 Y125.6 E591.32209
G1 X104.1 Y154.4 E592.27998
G1 X119.424 Y154.4 E592.78966
G1 F2400 E592.28966
G0 F15000 X130.265 Y154.57
G0 X130.265 Y153.768
G0 X130.265 Y153.588
G1 F2400 E592.78966
G1 F6000 X129.723 Y153.588 E592.80768
G1 X129.191 Y153.448 E592.82598
G1 X128.713 Y153.166 E592.84444
G1 X128.33 Y152.789 E592.86231
G1 X128.052 Y152.306 E592.88085
G1 X127.908 Y151.771 E592.89928
G1 X127.908 Y151.218 E592.91767
G1 X128.061 Y150.686 E592.93608
G1 X128.336 Y150.206 E592.95448
G1 X128.715 Y149.829 E592.97226
G1 X129.186 Y149.561 E592.99028
G1 X129.718 Y149.408 E593.0087
G1 X130.275 Y149.408 E593.02722
G1 X130.806 Y149.552 E593.04552
G1 X131.288 Y149.83 E593.06403
G1 X131.666 Y150.212 E593.0819
G1 X131.945 Y150.686 E593.10019
G1 X132.088 Y151.222 E593.11865
G1 X132.088 Y151.765 E593.13671
G1 X131.947 Y152.311 E593.15546
G1 X131.665 Y152.789 E593.17392
G1 X131.289 Y153.165 E593.19161
G1 X130.809 Y153.448 E593.21014
G1 X130.265 Y153.588 E593.22882
G1 F2400 E592.72882
G0 F15000 X131.191 Y153.051
G0 X131.551 Y152.691
G0 X131.806 Y152.248
G0 X131.939 Y151.755
G0 X131.939 Y151.245
G0 X131.806 Y150.752
G0 X131.551 Y150.309
G0 X130.271 Y149.228
G0 X130.271 Y131.768
G0 X130.271 Y131.588
G1 F2400 E593.22882
G1 F6000 X129.719 Y131.588 E593.24718
G1 X129.185 Y131.439 E593.26562
G1 X128.721 Y131.173 E593.28341
G1 X128.329 Y130.785 E593.30175
G1 X128.05 Y130.289 E593.32068
G1 X127.914 Y129.778 E593.33827
G1 X127.907 Y129.226 E593.35663
G1 X128.053 Y128.691 E593.37508
G1 X128.327 Y128.217 E593.39329
G1 X128.725 Y127.814 E593.41212
G1 X128.923 Y127.681 E593.42006
G1 X129.379 Y127.493 E593.43646
G1 X129.738 Y127.408 E593.44873
G1 X130.275 Y127.408 E593.46659
G1 X130.806 Y127.552 E593.48489
G1 X131.288 Y127.83 E593.5034
G1 X131.666 Y128.212 E593.52127
G1 X131.945 Y128.686 E593.53957
G1 X132.088 Y129.222 E593.55802
G1 X132.088 Y129.765 E593.57608
G1 X131.947 Y130.311 E593.59483
G1 X131.665 Y130.789 E593.61329
G1 X131.287 Y131.167 E593.63107
G1 X130.81 Y131.448 E593.64949
G1 X130.271 Y131.588 E593.66801
G1 F2400 E593.16801
G0 F15000 X128.599 Y131.308
G0 X108.403 Y131.306
G0 X107.275 Y131.588
G1 F2400 E593.66801
G1 F6000 X106.723 Y131.588 E593.68637
G1 X106.19 Y131.448 E593.7047
G1 X105.715 Y131.169 E593.72302
G1 X105.33 Y130.788 E593.74104
G1 X105.051 Y130.305 E593.75959
G1 X104.908 Y129.766 E593.77814
G1 X104.908 Y129.222 E593.79623
G1 X105.053 Y128.691 E593.81454
G1 X105.329 Y128.213 E593.83289
G1 X105.713 Y127.829 E593.85096
G1 X106.193 Y127.552 E593.86939
G1 X106.734 Y127.408 E593.88801
G1 X107.275 Y127.408 E593.906
G1 X107.806 Y127.552 E593.9243
G1 X108.288 Y127.83 E593.94281
G1 X108.669 Y128.215 E593.96082
G1 X108.948 Y128.69 E593.97915
G1 X109.089 Y129.226 E593.99758
G1 X109.083 Y129.774 E594.01581
G1 X108.941 Y130.321 E594.0346
G1 X108.662 Y130.792 E594.05281
G1 X108.279 Y131.173 E594.07078
G1 X107.814 Y131.439 E594.0886
G1 X107.275 Y131.588 E594.1072
G1 F2400 E593.6072
G0 F15000 X107.265 Y149.228
G0 X107.265 Y153.588
G1 F2400 E594.1072
G1 F6000 X106.723 Y153.588 E594.12522
G1 X106.191 Y153.448 E594.14352
G1 X105.713 Y153.166 E594.16198
G1 X105.33 Y152.789 E594.17985
G1 X105.051 Y152.305 E594.19844
G1 X104.908 Y151.766 E594.21698
G1 X104.908 Y151.222 E594.23508
G1 X105.053 Y150.691 E594.25338
G1 X105.329 Y150.213 E594.27174
G1 X105.713 Y149.829 E594.28981
G1 X106.191 Y149.553 E594.30816
G1 X106.722 Y149.408 E594.32647
G1 X107.279 Y149.408 E594.345
G1 X107.814 Y149.56 E594.3635
G1 X108.286 Y149.83 E594.38158
G1 X108.676 Y150.226 E594.40007
G1 X108.939 Y150.685 E594.41766
G1 X109.088 Y151.219 E594.4361
G1 X109.088 Y151.771 E594.45446
G1 X108.948 Y152.31 E594.47298
G1 X108.667 Y152.787 E594.4914
G1 X108.289 Y153.165 E594.50918
G1 X107.809 Y153.448 E594.52771
G1 X107.265 Y153.588 E594.54639
G0 F15000 X107.227 Y153.186
;TYPE:WALL-OUTER
G1 F6000 X106.753 Y153.182 E594.56216
G1 X106.344 Y153.074 E594.57623
G1 X105.943 Y152.831 E594.59182
G1 X105.647 Y152.539 E594.60565
G1 X105.418 Y152.129 E594.62127
G1 X105.31 Y151.727 E594.63512
G1 X105.308 Y151.276 E594.65012
G1 X105.438 Y150.824 E594.66576
G1 X105.666 Y150.442 E594.68056
G1 X105.942 Y150.166 E594.69354
G1 X106.324 Y149.938 E594.70834
G1 X106.777 Y149.808 E594.72401
G1 X107.245 Y149.814 E594.73958
G1 X107.629 Y149.918 E594.75281
G1 X108.029 Y150.142 E594.76806
G1 X108.342 Y150.455 E594.78278
G1 X108.572 Y150.844 E594.79781
G1 X108.682 Y151.253 E594.8119
G1 X108.688 Y151.719 E594.8274
G1 X108.575 Y152.156 E594.84241
G1 X108.33 Y152.558 E594.85807
G1 X108.018 Y152.861 E594.87253
G1 X107.654 Y153.075 E594.88658
G1 X107.227 Y153.186 E594.90125
G1 F2400 E594.40125
G0 F15000 X107.308 Y153.488
G0 X108.812 Y152.897
G0 X108.812 Y154.57
G0 X119.508 Y154.8
G1 F2400 E594.90125
G1 F6000 X133.3 Y154.8 E595.35998
G1 X133.3 Y125.2 E596.34448
G1 X103.7 Y125.2 E597.32898
G1 X103.7 Y154.8 E598.31348
G1 X119.508 Y154.8 E598.83925
G1 F2400 E598.33925
G0 F15000 X119.508 Y154.49
G0 X130.308 Y154.57
G0 X130.286 Y153.769
G0 X130.227 Y153.186
G1 F2400 E598.83925
G1 F6000 X129.753 Y153.182 E598.85502
G1 X129.344 Y153.074 E598.86909
G1 X128.943 Y152.831 E598.88468
G1 X128.647 Y152.539 E598.89851
G1 X128.418 Y152.129 E598.91413
G1 X128.308 Y151.719 E598.92825
G1 X128.308 Y151.276 E598.94298
G1 X128.428 Y150.844 E598.9579
G1 X128.644 Y150.468 E598.97232
G1 X128.96 Y150.15 E598.98723
G1 X129.344 Y149.928 E599.00198
G1 X129.778 Y149.808 E599.01696
G1 X130.245 Y149.814 E599.03249
G1 X130.629 Y149.918 E599.04572
G1 X131.04 Y150.148 E599.06139
G1 X131.361 Y150.482 E599.0768
G1 X131.575 Y150.845 E599.09081
G1 X131.682 Y151.253 E599.10484
G1 X131.686 Y151.727 E599.12061
G1 X131.575 Y152.156 E599.13535
G1 X131.33 Y152.558 E599.151
G1 X131.018 Y152.861 E599.16547
G1 X130.654 Y153.075 E599.17951
G1 X130.227 Y153.186 E599.19419
G1 F2400 E598.69419
G0 F15000 X130.308 Y153.488
G0 X131.191 Y153.051
G0 X131.551 Y152.691
G0 X131.806 Y152.248
G0 X131.939 Y151.755
G0 X131.939 Y151.245
G0 X131.806 Y150.752
G0 X131.551 Y150.309
G0 X130.3 Y149.227
G0 X130.296 Y131.769
G0 X130.243 Y131.182
G1 F2400 E599.19419
G1 F6000 X129.777 Y131.188 E599.20969
G1 X129.345 Y131.075 E599.22454
G1 X128.97 Y130.853 E599.23903
G1 X128.648 Y130.538 E599.25402
G1 X128.431 Y130.163 E599.26843
G1 X128.314 Y129.745 E599.28286
G1 X128.308 Y129.277 E599.29843
G1 X128.438 Y128.824 E599.31411
G1 X128.665 Y128.443 E599.32886
G1 X129.038 Y128.066 E599.3465
G1 X129.567 Y127.852 E599.36548
G1 X129.769 Y127.811 E599.37233
G1 X130.245 Y127.814 E599.38816
G1 X130.629 Y127.918 E599.4014
G1 X131.04 Y128.148 E599.41706
G1 X131.361 Y128.482 E599.43247
G1 X131.575 Y128.845 E599.44648
G1 X131.682 Y129.253 E599.46051
G1 X131.686 Y129.727 E599.47628
G1 X131.575 Y130.156 E599.49102
G1 X131.33 Y130.558 E599.50667
G1 X131.018 Y130.861 E599.52114
G1 X130.654 Y131.075 E599.53518
G1 X130.243 Y131.182 E599.54931
G1 F2400 E599.04931
G0 F15000 X130.324 Y131.484
G0 X128.599 Y131.308
G0 X108.403 Y131.306
G0 X107.243 Y131.182
G1 F2400 E599.54931
G1 F6000 X106.777 Y131.188 E599.56481
G1 X106.344 Y131.074 E599.5797
G1 X105.943 Y130.831 E599.5953
G1 X105.647 Y130.539 E599.60913
G1 X105.418 Y130.129 E599.62475
G1 X105.31 Y129.727 E599.63859
G1 X105.308 Y129.276 E599.65359
G1 X105.438 Y128.824 E599.66923
G1 X105.666 Y128.442 E599.68403
G1 X105.942 Y128.166 E599.69701
G1 X106.324 Y127.938 E599.71181
G1 X106.769 Y127.811 E599.7272
G1 X107.245 Y127.814 E599.74303
G1 X107.629 Y127.918 E599.75626
G1 X108.04 Y128.148 E599.77193
G1 X108.361 Y128.482 E599.78734
G1 X108.575 Y128.845 E599.80135
G1 X108.682 Y129.253 E599.81538
G1 X108.687 Y129.72 E599.83092
G1 X108.576 Y130.147 E599.84559
G1 X108.348 Y130.538 E599.86064
G1 X108.049 Y130.838 E599.87473
G1 X107.656 Y131.072 E599.88994
G1 X107.243 Y131.182 E599.90416
G1 F2400 E599.40416
G0 F15000 X107.324 Y131.484
G0 X108.191 Y131.051
G0 X109.262 Y129.799
G0 X109.96 Y125.76
G0 X111.825 Y125.772
G0 X111.898 Y129.462
G0 X111.677 Y129.462
;TYPE:FILL
G1 F2400 E599.90416
G1 F12000 X112.32 Y130.106 E599.93443
G0 F15000 X112.1 Y130.106
G0 X111.898 Y128.737
G0 X111.678 Y128.737
G1 F12000 X112.319 Y128.565 E599.9565
G0 F15000 X112.1 Y128.565
G0 X112.1 Y135.598
G0 X112.32 Y135.598
G1 F12000 X111.678 Y137.992 E600.03894
G0 F15000 X111.679 Y137.019
G1 F12000 X112.319 Y136.848 E600.06097
G0 F15000 X112.1 Y136.848
G0 X111.899 Y140.776
G0 X111.678 Y140.776
G1 F12000 X112.32 Y141.419 E600.09119
G0 F15000 X112.1 Y141.419
G0 X112.1 Y145.13
G0 X112.32 Y145.13
G1 F12000 X111.679 Y145.301 E600.11326
G0 F15000 X111.899 Y145.301
G0 X111.899 Y152.091
G0 X111.678 Y152.091
G1 F12000 X112.32 Y152.733 E600.14346
G0 F15000 X112.319 Y153.412
G1 F12000 X111.68 Y153.583 E600.16546
G0 F15000 X111.899 Y153.583
G0 X112.172 Y154.228
G0 X124.828 Y154.228
G0 X124.9 Y153.779
G0 X124.68 Y153.779
G1 F12000 X125.221 Y154.32 E600.19091
G0 F15000 X125.131 Y154.12
G0 X124.9 Y151.287
G0 X124.681 Y151.287
G1 F12000 X125.321 Y148.895 E600.27326
G0 F15000 X125.102 Y148.894
G0 X125.102 Y149.927
G0 X125.321 Y149.928
G1 F12000 X124.681 Y150.1 E600.2953
G0 F15000 X124.9 Y150.1
G0 X125.102 Y143.106
G0 X125.322 Y143.107
G1 F12000 X124.68 Y142.465 E600.3255
G0 F15000 X124.68 Y141.818
G1 F12000 X125.321 Y141.646 E600.34758
G0 F15000 X125.102 Y141.645
G0 X124.9 Y133.536
G0 X124.68 Y133.536
G1 F12000 X125.321 Y133.364 E600.36965
G0 F15000 X125.102 Y133.363
G0 X125.102 Y131.792
G0 X125.322 Y131.793
G1 F12000 X124.68 Y131.151 E600.39985
G0 F15000 X124.9 Y131.151
G0 X124.828 Y154.228
G0 X119.348 Y154.3
G0 X119.348 Y154.04
;TYPE:SKIN
G1 F6000 X112.36 Y154.04 E600.63227
G1 X112.36 Y125.96 E601.56621
G1 X124.64 Y125.96 E601.97465
G1 X124.64 Y154.04 E602.90859
G1 X119.348 Y154.04 E603.0846
G0 F15000 X119.348 Y154.3
G0 X123.911 Y154.3
G0 X123.911 Y153.84
G1 F6000 X124.44 Y153.311 E603.10949
G0 F15000 X124.44 Y152.746
G1 F6000 X123.346 Y153.84 E603.16095
G0 F15000 X122.78 Y153.84
G1 F6000 X124.44 Y152.18 E603.23903
G0 F15000 X124.44 Y151.614
G1 F6000 X122.214 Y153.84 E603.34373
G0 F15000 X121.649 Y153.84
G1 F6000 X124.44 Y151.049 E603.47501
G0 F15000 X124.44 Y150.483
G1 F6000 X121.083 Y153.84 E603.63291
G0 F15000 X120.517 Y153.84
G1 F6000 X124.44 Y149.917 E603.81744
G0 F15000 X124.44 Y149.352
G1 F6000 X119.951 Y153.84 E604.02857
G0 F15000 X119.386 Y153.84
G1 F6000 X124.44 Y148.786 E604.26629
G0 F15000 X124.44 Y148.22
G1 F6000 X118.82 Y153.84 E604.53064
G0 F15000 X118.254 Y153.84
G1 F6000 X124.44 Y147.655 E604.82158
G0 F15000 X124.44 Y147.089
G1 F6000 X117.689 Y153.84 E605.13913
G0 F15000 X117.123 Y153.84
G1 F6000 X124.44 Y146.523 E605.4833
G0 F15000 X124.44 Y145.957
G1 F6000 X116.557 Y153.84 E605.85409
G0 F15000 X115.992 Y153.84
G1 F6000 X124.44 Y145.392 E606.25146
G0 F15000 X124.44 Y144.826
G1 F6000 X115.426 Y153.84 E606.67545
G0 F15000 X114.86 Y153.84
G1 F6000 X124.44 Y144.26 E607.12607
G0 F15000 X124.44 Y143.695
G1 F6000 X114.295 Y153.84 E607.60326
G0 F15000 X113.729 Y153.84
G1 F6000 X124.44 Y143.129 E608.10707
G0 F15000 X124.44 Y142.563
G1 F6000 X113.163 Y153.84 E608.6375
G0 F15000 X112.598 Y153.84
G1 F6000 X124.44 Y141.998 E609.19451
G0 F15000 X124.44 Y141.432
G1 F6000 X112.56 Y153.312 E609.75331
G0 F15000 X112.56 Y152.746
G1 F6000 X124.44 Y140.866 E610.31211
G0 F15000 X124.44 Y140.301
G1 F6000 X112.56 Y152.181 E610.87091
G0 F15000 X112.56 Y151.615
G1 F6000 X124.44 Y139.735 E611.42971
G0 F15000 X124.44 Y139.169
G1 F6000 X112.56 Y151.049 E611.98851
G0 F15000 X112.56 Y150.484
G1 F6000 X124.44 Y138.604 E612.54731
G0 F15000 X124.44 Y138.038
G1 F6000 X112.56 Y149.918 E613.10611
G0 F15000 X112.56 Y149.352
G1 F6000 X124.44 Y137.472 E613.6649
G0 F15000 X124.44 Y136.906
G1 F6000 X112.56 Y148.787 E614.22373
G0 F15000 X112.56 Y148.221
G1 F6000 X124.44 Y136.341 E614.78253
G0 F15000 X124.44 Y135.775
G1 F6000 X112.56 Y147.655 E615.34132
G0 F15000 X112.56 Y147.09
G1 F6000 X124.44 Y135.209 E615.90015
G0 F15000 X124.44 Y134.644
G1 F6000 X112.56 Y146.524 E616.45895
G0 F15000 X112.56 Y145.958
G1 F6000 X124.44 Y134.078 E617.01774
G0 F15000 X124.44 Y133.512
G1 F6000 X112.56 Y145.392 E617.57654
G0 F15000 X112.56 Y144.827
G1 F6000 X124.44 Y132.947 E618.13534
G0 F15000 X124.44 Y132.381
G1 F6000 X112.56 Y144.261 E618.69414
G0 F15000 X112.56 Y143.695
G1 F6000 X124.44 Y131.815 E619.25294
G0 F15000 X124.44 Y131.25
G1 F6000 X112.56 Y143.13 E619.81174
G0 F15000 X112.56 Y142.564
G1 F6000 X124.44 Y130.684 E620.37054
G0 F15000 X124.44 Y130.118
G1 F6000 X112.56 Y141.998 E620.92934
G0 F15000 X112.56 Y141.433
G1 F6000 X124.44 Y129.553 E621.48813
G0 F15000 X124.44 Y128.987
G1 F6000 X112.56 Y140.867 E622.04693
G0 F15000 X112.56 Y140.301
G1 F6000 X124.44 Y128.421 E622.60573
G0 F15000 X124.44 Y127.856
G1 F6000 X112.56 Y139.736 E623.16453
G0 F15000 X112.56 Y139.17
G1 F6000 X124.44 Y127.29 E623.72333
G0 F15000 X124.44 Y126.724
G1 F6000 X112.56 Y138.604 E624.28213
G0 F15000 X112.56 Y138.039
G1 F6000 X124.439 Y126.16 E624.84088
G0 F15000 X123.873 Y126.16
G1 F6000 X112.56 Y137.473 E625.37301
G0 F15000 X112.56 Y136.907
G1 F6000 X123.307 Y126.16 E625.87852
G0 F15000 X122.742 Y126.16
G1 F6000 X112.56 Y136.342 E626.35745
G0 F15000 X112.56 Y135.776
G1 F6000 X122.176 Y126.16 E626.80975
G0 F15000 X121.61 Y126.16
G1 F6000 X112.56 Y135.21 E627.23544
G0 F15000 X112.56 Y134.644
G1 F6000 X121.045 Y126.16 E627.63452
G0 F15000 X120.479 Y126.16
G1 F6000 X112.56 Y134.079 E628.00701
G0 F15000 X112.56 Y133.513
G1 F6000 X119.913 Y126.16 E628.35287
G0 F15000 X119.348 Y126.16
G1 F6000 X112.56 Y132.947 E628.67213
G0 F15000 X112.56 Y132.382
G1 F6000 X118.782 Y126.16 E628.9648
G0 F15000 X118.216 Y126.16
G1 F6000 X112.56 Y131.816 E629.23084
G0 F15000 X112.56 Y131.25
G1 F6000 X117.651 Y126.16 E629.47028
G0 F15000 X117.085 Y126.16
G1 F6000 X112.56 Y130.685 E629.68312
G0 F15000 X112.56 Y130.119
G1 F6000 X116.519 Y126.16 E629.86934
G0 F15000 X115.953 Y126.16
G1 F6000 X112.56 Y129.553 E630.02894
G0 F15000 X112.56 Y128.988
G1 F6000 X115.388 Y126.16 E630.16196
G0 F15000 X114.822 Y126.16
G1 F6000 X112.56 Y128.422 E630.26835
G0 F15000 X112.56 Y127.856
G1 F6000 X114.256 Y126.16 E630.34813
G0 F15000 X113.691 Y126.16
G1 F6000 X112.56 Y127.291 E630.40133
G0 F15000 X112.56 Y126.725
G1 F6000 X113.125 Y126.16 E630.4279
G1 F2400 E629.9279
G0 F15000 X113.125 Y125.7
G0 X124.828 Y125.772
G0 X125.173 Y154.228
G0 X132.728 Y154.228
G0 X132.8 Y151.141
G0 X132.49 Y151.141
G1 F2400 E630.4279
G1 F4829 X132.493 Y151.822 E630.45605
G0 F15000 X132.8 Y151.822
G0 X132.8 Y153.565
G0 X132.133 Y153.565
G1 F4363.6 X132.099 Y153.624 E630.45916
G1 X132.031 Y153.624 E630.46227
G1 X131.997 Y153.565 E630.46539
G1 X132.031 Y153.506 E630.4685
G1 X132.099 Y153.506 E630.47161
G1 X132.133 Y153.565 E630.47472
G0 F15000 X132.54 Y154.04
G1 F6000 X130.959 Y154.04 E630.52731
G1 F5333.3 X130.343 Y153.99 E630.55043
G1 X130.978 Y153.765 E630.57564
G1 F6000 X131.482 Y153.469 E630.59508
G1 X131.934 Y153.031 E630.61601
G1 X132.269 Y152.474 E630.63763
G1 F5369.1 X132.493 Y151.822 E630.66326
G1 X132.54 Y152.453 E630.68678
G1 F6000 X132.54 Y154.04 E630.73956
G1 F2400 E630.23956
G0 F15000 X132.8 Y154.04
G0 X132.7 Y153.689
G0 X131.396 Y153.312
G0 X130.343 Y153.99
G1 F2400 E630.73956
G1 F4800 X129.641 Y153.99 E630.76874
G1 F5333.3 X129.041 Y154.04 E630.79127
G1 F6000 X125.361 Y154.039 E630.91367
G1 X125.361 Y125.961 E631.84755
G1 X132.54 Y125.96 E632.08632
G1 X132.54 Y128.541 E632.17217
G1 F5333.3 X132.49 Y129.141 E632.1947
G1 X132.269 Y128.522 E632.21929
G1 F6000 X131.969 Y128.014 E632.23891
G1 X131.507 Y127.54 E632.26093
G1 X130.92 Y127.206 E632.28339
G1 X130.344 Y127.054 E632.3032
G1 X129.685 Y127.05 E632.32512
G1 X129.264 Y127.153 E632.33954
G1 X128.787 Y127.347 E632.35666
G1 X128.496 Y127.537 E632.36822
G1 X128.061 Y127.971 E632.38866
G1 X127.731 Y128.522 E632.41002
G1 X127.554 Y129.147 E632.43163
G1 X127.551 Y129.803 E632.45345
G1 X127.725 Y130.455 E632.47589
G1 X128.034 Y131.002 E632.49679
G1 X128.485 Y131.449 E632.51791
G1 X129.075 Y131.787 E632.54052
G1 X129.675 Y131.948 E632.56118
G1 X130.343 Y131.942 E632.5834
G1 X130.951 Y131.783 E632.60431
G1 X131.482 Y131.469 E632.62482
G1 X131.934 Y131.031 E632.64576
G1 X132.269 Y130.474 E632.66738
G1 F5369.1 X132.493 Y129.822 E632.693
G1 X132.54 Y130.453 E632.71652
G1 F6000 X132.54 Y150.541 E633.38465
G1 F5333.3 X132.49 Y151.141 E633.40718
G1 X132.269 Y150.522 E633.43177
G1 F6000 X131.969 Y150.014 E633.45139
G1 X131.509 Y149.536 E633.47346
G1 X130.944 Y149.212 E633.49512
G1 X130.344 Y149.054 E633.51576
G1 X129.66 Y149.051 E633.53851
G1 X129.069 Y149.209 E633.55885
G1 X128.507 Y149.534 E633.58045
G1 X128.048 Y149.979 E633.60171
G1 X127.709 Y150.571 E633.6244
G1 X127.554 Y151.148 E633.64427
G1 X127.551 Y151.823 E633.66672
G1 X127.711 Y152.431 E633.68763
G1 X128.04 Y153.008 E633.70972
G1 X128.479 Y153.439 E633.73018
G1 X129.021 Y153.768 E633.75127
G1 F5333.3 X129.641 Y153.99 E633.77591
G0 F15000 X129.641 Y154.3
G0 X132.728 Y154.228
G0 X132.8 Y129.822
G0 X132.493 Y129.822
G1 F4829 X132.49 Y129.141 E633.80406
G0 F15000 X132.8 Y129.141
G0 X132.728 Y125.772
G0 X126.135 Y125.7
G0 X126.135 Y126.161
G1 F6000 X125.561 Y126.735 E633.83106
G0 F15000 X125.561 Y127.3
G1 F6000 X126.701 Y126.161 E633.88465
G0 F15000 X127.266 Y126.161
G1 F6000 X125.561 Y127.866 E633.96485
G0 F15000 X125.561 Y128.432
G1 F6000 X127.832 Y126.161 E634.07167
G0 F15000 X128.398 Y126.161
G1 F6000 X125.561 Y128.997 E634.20509
G0 F15000 X125.561 Y129.563
G1 F6000 X128.964 Y126.161 E634.36514
G0 F15000 X129.53 Y126.16
G1 F6000 X125.561 Y130.129 E634.55183
G0 F15000 X125.561 Y130.695
G1 F6000 X127.435 Y128.82 E634.64
G0 F15000 X127.35 Y129.471
G1 F6000 X125.561 Y131.26 E634.72415
G0 F15000 X125.561 Y131.826
G1 F6000 X127.394 Y129.993 E634.81037
G0 F15000 X127.509 Y130.444
G1 F6000 X125.561 Y132.392 E634.90199
G0 F15000 X125.561 Y132.957
G1 F6000 X127.7 Y130.818 E635.00261
G0 F15000 X127.917 Y131.167
G1 F6000 X125.561 Y133.523 E635.11342
G0 F15000 X125.561 Y134.089
G1 F6000 X128.201 Y131.449 E635.2376
G0 F15000 X128.517 Y131.698
G1 F6000 X125.561 Y134.654 E635.37664
G0 F15000 X125.561 Y135.22
G1 F6000 X128.877 Y131.904 E635.53262
G0 F15000 X129.294 Y132.052
G1 F6000 X125.561 Y135.786 E635.70823
G0 F15000 X125.561 Y136.351
G1 F6000 X129.765 Y132.148 E635.90595
G0 F15000 X130.33 Y132.148
G1 F6000 X125.561 Y136.917 E636.13027
G0 F15000 X125.561 Y137.483
G1 F6000 X131.143 Y131.901 E636.39283
G0 F15000 X130.911 Y131.504
G0 X131.396 Y131.312
G0 X132.7 Y131.312
G0 X132.34 Y131.835
G1 F6000 X125.561 Y138.614 E636.71169
G0 F15000 X125.561 Y139.18
G1 F6000 X132.34 Y132.401 E637.03056
G0 F15000 X132.34 Y132.966
G1 F6000 X125.561 Y139.746 E637.34944
G0 F15000 X125.561 Y140.311
G1 F6000 X132.34 Y133.532 E637.66831
G0 F15000 X132.34 Y134.098
G1 F6000 X125.561 Y140.877 E637.98717
G0 F15000 X125.561 Y141.443
G1 F6000 X132.34 Y134.664 E638.30603
G0 F15000 X132.34 Y135.229
G1 F6000 X125.561 Y142.008 E638.6249
G0 F15000 X125.561 Y142.574
G1 F6000 X132.34 Y135.795 E638.94376
G0 F15000 X132.34 Y136.361
G1 F6000 X125.561 Y143.14 E639.26262
G0 F15000 X125.561 Y143.705
G1 F6000 X132.34 Y136.926 E639.58149
G0 F15000 X132.34 Y137.492
G1 F6000 X125.561 Y144.271 E639.90035
G0 F15000 X125.561 Y144.837
G1 F6000 X132.34 Y138.058 E640.21921
G0 F15000 X132.34 Y138.623
G1 F6000 X125.561 Y145.402 E640.53808
G0 F15000 X125.561 Y145.968
G1 F6000 X132.34 Y139.189 E640.85694
G0 F15000 X132.34 Y139.755
G1 F6000 X125.561 Y146.534 E641.1758
G0 F15000 X125.561 Y147.099
G1 F6000 X132.34 Y140.32 E641.49467
G0 F15000 X132.34 Y140.886
G1 F6000 X125.561 Y147.665 E641.81353
G0 F15000 X125.561 Y148.231
G1 F6000 X132.34 Y141.452 E642.13239
G0 F15000 X132.34 Y142.017
G1 F6000 X125.561 Y148.796 E642.45126
G0 F15000 X125.561 Y149.362
G1 F6000 X132.34 Y142.583 E642.77012
G0 F15000 X132.34 Y143.149
G1 F6000 X125.561 Y149.928 E643.08898
G0 F15000 X125.561 Y150.494
G1 F6000 X132.34 Y143.715 E643.40785
G0 F15000 X132.34 Y144.28
G1 F6000 X125.561 Y151.059 E643.72671
G0 F15000 X125.561 Y151.625
G1 F6000 X132.34 Y144.846 E644.04557
G0 F15000 X132.34 Y145.412
G1 F6000 X128.369 Y149.383 E644.23236
G0 F15000 X127.876 Y149.876
G1 F6000 X125.561 Y152.191 E644.34125
G0 F15000 X125.561 Y152.756
G1 F6000 X127.412 Y150.905 E644.42831
G0 F15000 X127.351 Y151.532
G1 F6000 X125.561 Y153.322 E644.51251
G0 F15000 X125.609 Y153.84
G1 F6000 X127.403 Y152.046 E644.59689
G0 F15000 X127.52 Y152.494
G1 F6000 X126.175 Y153.84 E644.66018
G0 F15000 X126.74 Y153.84
G1 F6000 X127.724 Y152.856 E644.70647
G0 F15000 X127.947 Y153.198
G1 F6000 X127.306 Y153.84 E644.73664
G0 F15000 X127.872 Y153.84
G1 F6000 X128.234 Y153.478 E644.75367
G0 F15000 X128.554 Y153.723
G1 F6000 X128.437 Y153.84 E644.75917
G1 F2400 E644.25917
G0 F15000 X128.437 Y154.3
G0 X129.525 Y154.2
G0 X129.644 Y153.753
G0 X129.404 Y148.913
G1 F2400 E644.75917
G1 F6000 X132.34 Y145.977 E644.89727
G0 F15000 X132.34 Y146.543
G1 F6000 X130.035 Y148.848 E645.00569
G0 F15000 X130.547 Y148.902
G1 F6000 X132.34 Y147.109 E645.09003
G0 F15000 X132.34 Y147.674
G1 F6000 X130.995 Y149.019 E645.15329
G0 F15000 X131.359 Y149.221
G1 F6000 X132.34 Y148.24 E645.19944
G0 F15000 X132.34 Y148.806
G1 F6000 X131.701 Y149.445 E645.22949
G0 F15000 X131.98 Y149.731
G1 F6000 X132.34 Y149.371 E645.24643
G0 F15000 X132.34 Y149.937
G1 F6000 X132.224 Y150.053 E645.25188
G1 F2400 E644.75188
G0 F15000 X131.826 Y150.286
G0 X130.3 Y149.227
G0 X132.74 Y146.852
G0 X132.728 Y154.228
G0 X125.173 Y154.228
G0 X125.102 Y138.047
G0 X125.561 Y138.048
G1 F2400 E645.25188
G1 F6000 X132.34 Y131.269 E645.57075
G1 F2400 E645.07075
G0 F15000 X132.8 Y131.269
G0 X132.7 Y128.247
G0 X132.119 Y128.588
G0 X132.201 Y128.014
G1 F2400 E645.57075
G1 F6000 X132.34 Y127.875 E645.57728
G0 F15000 X131.95 Y127.7
G1 F6000 X132.34 Y127.31 E645.59563
G0 F15000 X132.34 Y126.744
G1 F6000 X131.668 Y127.416 E645.62724
G0 F15000 X131.319 Y127.199
G1 F6000 X132.34 Y126.178 E645.67526
G0 F15000 X131.793 Y126.16
G1 F6000 X130.946 Y127.007 E645.7151
G0 F15000 X130.498 Y126.889
G1 F6000 X131.227 Y126.16 E645.74939
G0 F15000 X130.661 Y126.16
G1 F6000 X129.97 Y126.851 E645.78189
G0 F15000 X129.322 Y126.933
G1 F6000 X130.096 Y126.16 E645.81828
G1 F2400 E645.31828
G0 F15000 X130.096 Y125.7
G0 X112.172 Y125.772
G0 X111.827 Y154.228
G0 X104.272 Y154.228
G0 X104.2 Y151.135
G0 X104.508 Y151.135
G1 F2400 E645.81828
G1 F4829 X104.508 Y151.842 E645.8475
G0 F15000 X104.807 Y151.776
G0 X105.483 Y153.079
G0 X105 Y153.568
G1 F4395.6 X104.966 Y153.627 E645.85059
G1 X104.898 Y153.627 E645.85367
G1 X104.864 Y153.568 E645.85677
G1 X104.898 Y153.509 E645.85986
G1 X104.966 Y153.509 E645.86294
G1 X105 Y153.568 E645.86604
G1 F2400 E645.36604
G0 F15000 X105.483 Y153.079
G0 X106.701 Y153.769
G0 X106.701 Y154.2
G0 X106.641 Y153.99
G1 F2400 E645.86604
G1 F5333.3 X106.041 Y154.04 E645.88856
G1 F6000 X104.46 Y154.04 E645.94115
G1 X104.46 Y152.446 E645.99417
G1 F5357.1 X104.508 Y151.842 E646.01674
G1 X104.726 Y152.464 E646.04129
G1 F6000 X105.04 Y153.013 E646.06232
G1 X105.48 Y153.44 E646.08272
G1 X106.021 Y153.768 E646.10376
G1 F5333.3 X106.641 Y153.99 E646.1284
G1 F4800 X107.342 Y153.99 E646.15754
G1 F2400 E645.65754
G0 F15000 X107.276 Y153.689
G0 X108.397 Y153.312
G0 X107.974 Y154.24
G0 X111.827 Y154.228
G0 X111.636 Y154.04
G1 F2400 E646.15754
G1 F6000 X107.953 Y154.04 E646.28004
G1 F5333.3 X107.342 Y153.99 E646.30298
G1 X107.975 Y153.768 E646.32808
G1 F6000 X108.487 Y153.465 E646.34787
G1 X108.956 Y153.007 E646.36967
G1 X109.285 Y152.434 E646.39165
G1 X109.446 Y151.827 E646.41253
G1 X109.442 Y151.152 E646.43498
G1 X109.294 Y150.6 E646.45399
G1 X108.974 Y150.028 E646.47579
G1 X108.514 Y149.545 E646.49798
G1 X107.924 Y149.21 E646.52054
G1 X107.321 Y149.048 E646.54131
G1 X106.648 Y149.054 E646.5637
G1 X106.055 Y149.213 E646.58411
G1 X105.488 Y149.54 E646.60588
G1 X105.061 Y149.971 E646.62606
G1 X104.731 Y150.522 E646.64743
G1 F5345.2 X104.508 Y151.135 E646.67178
G1 X104.461 Y150.538 E646.69414
G1 F6000 X104.46 Y130.446 E647.3624
G1 F5357.1 X104.508 Y129.842 E647.38497
G1 X104.726 Y130.464 E647.40952
G1 F6000 X105.04 Y131.013 E647.43056
G1 X105.48 Y131.44 E647.45095
G1 X106.045 Y131.783 E647.47293
G1 X106.653 Y131.942 E647.49384
G1 X107.332 Y131.944 E647.51642
G1 X107.921 Y131.791 E647.53666
G1 X108.535 Y131.425 E647.56044
G1 X108.935 Y131.021 E647.57934
G1 X109.274 Y130.463 E647.60106
G1 X109.438 Y129.831 E647.62278
G1 X109.448 Y129.182 E647.64437
G1 X109.283 Y128.546 E647.66622
G1 X108.968 Y128.017 E647.6867
G1 X108.51 Y127.541 E647.70867
G1 X107.92 Y127.206 E647.73123
G1 X107.344 Y127.054 E647.75105
G1 X106.681 Y127.05 E647.7731
G1 X106.055 Y127.213 E647.79461
G1 X105.488 Y127.54 E647.81638
G1 X105.061 Y127.971 E647.83656
G1 X104.731 Y128.522 E647.85792
G1 F5345.2 X104.508 Y129.135 E647.88228
G1 X104.461 Y128.538 E647.90464
G1 F6000 X104.46 Y125.96 E647.99038
G1 X111.636 Y125.96 E648.22905
G1 X111.636 Y154.04 E649.163
G1 F2400 E648.663
G0 F15000 X111.899 Y154.04
G0 X104.272 Y154.228
G0 X104.26 Y140.496
G0 X109.262 Y129.741
G0 X104.508 Y129.842
G1 F2400 E649.163
G1 F4829 X104.508 Y129.135 E649.19222
G0 F15000 X104.2 Y129.135
G0 X104.2 Y126.705
G0 X104.66 Y126.705
G1 F6000 X105.205 Y126.16 E649.21785
G0 F15000 X105.771 Y126.16
G1 F6000 X104.661 Y127.27 E649.27006
G0 F15000 X104.661 Y127.836
G1 F6000 X106.337 Y126.16 E649.3489
G0 F15000 X106.903 Y126.16
G1 F6000 X106.058 Y127.005 E649.38864
G0 F15000 X106.776 Y126.852
G1 F6000 X107.468 Y126.16 E649.42119
G0 F15000 X108.034 Y126.16
G1 F6000 X107.345 Y126.849 E649.4536
G0 F15000 X107.793 Y126.967
G1 F6000 X108.6 Y126.16 E649.49156
G0 F15000 X109.165 Y126.16
G1 F6000 X108.197 Y127.129 E649.53712
G0 F15000 X108.554 Y127.336
G1 F6000 X109.731 Y126.16 E649.59245
G0 F15000 X110.297 Y126.16
G1 F6000 X108.852 Y127.604 E649.6604
G0 F15000 X109.128 Y127.894
G1 F6000 X110.862 Y126.16 E649.74196
G0 F15000 X111.428 Y126.16
G1 F6000 X109.339 Y128.249 E649.84022
G0 F15000 X109.515 Y128.639
G1 F6000 X111.436 Y126.718 E649.93058
G0 F15000 X111.436 Y127.283
G1 F6000 X109.631 Y129.088 E650.01548
G0 F15000 X109.64 Y129.645
G1 F6000 X111.436 Y127.849 E650.09996
G0 F15000 X111.436 Y128.415
G1 F6000 X109.514 Y130.337 E650.19036
G1 F2400 E649.69036
G0 F15000 X109.07 Y130.223
G0 X109.262 Y129.799
G0 X109.96 Y125.76
G0 X111.825 Y125.772
G0 X111.898 Y130.112
G0 X111.436 Y130.112
G1 F2400 E650.19036
G1 F6000 X104.661 Y136.887 E650.50904
G0 F15000 X104.661 Y137.452
G1 F6000 X111.436 Y130.678 E650.82769
G0 F15000 X111.436 Y131.243
G1 F6000 X104.661 Y138.018 E651.14637
G0 F15000 X104.661 Y138.584
G1 F6000 X111.436 Y131.809 E651.46504
G0 F15000 X111.436 Y132.375
G1 F6000 X104.661 Y139.149 E651.78369
G0 F15000 X104.661 Y139.715
G1 F6000 X111.436 Y132.94 E652.10237
G0 F15000 X111.436 Y133.506
G1 F6000 X104.661 Y140.281 E652.42104
G0 F15000 X104.661 Y140.846
G1 F6000 X111.436 Y134.072 E652.7397
G0 F15000 X111.436 Y134.637
G1 F6000 X104.661 Y141.412 E653.05837
G0 F15000 X104.661 Y141.978
G1 F6000 X111.436 Y135.203 E653.37705
G0 F15000 X111.436 Y135.769
G1 F6000 X104.661 Y142.544 E653.69572
G0 F15000 X104.661 Y143.109
G1 F6000 X111.436 Y136.334 E654.0144
G0 F15000 X111.436 Y136.9
G1 F6000 X104.661 Y143.675 E654.33307
G0 F15000 X104.661 Y144.241
G1 F6000 X111.436 Y137.466 E654.65175
G0 F15000 X111.436 Y138.031
G1 F6000 X104.661 Y144.806 E654.97042
G0 F15000 X104.661 Y145.372
G1 F6000 X111.436 Y138.597 E655.2891
G0 F15000 X111.436 Y139.163
G1 F6000 X104.661 Y145.938 E655.60777
G0 F15000 X104.661 Y146.503
G1 F6000 X111.436 Y139.729 E655.92642
G0 F15000 X111.436 Y140.294
G1 F6000 X104.661 Y147.069 E656.2451
G0 F15000 X104.661 Y147.635
G1 F6000 X111.436 Y140.86 E656.56377
G0 F15000 X111.436 Y141.426
G1 F6000 X104.661 Y148.2 E656.88243
G0 F15000 X104.661 Y148.766
G1 F6000 X111.436 Y141.991 E657.2011
G0 F15000 X111.436 Y142.557
G1 F6000 X104.661 Y149.332 E657.51978
G0 F15000 X104.661 Y149.897
G1 F6000 X111.436 Y143.123 E657.83843
G0 F15000 X111.436 Y143.688
G1 F6000 X106.141 Y148.983 E658.08749
G0 F15000 X106.842 Y148.848
G1 F6000 X111.436 Y144.254 E658.30358
G0 F15000 X111.436 Y144.82
G1 F6000 X107.395 Y148.861 E658.49365
G0 F15000 X107.84 Y148.981
G1 F6000 X111.436 Y145.385 E658.6628
G0 F15000 X111.436 Y145.951
G1 F6000 X108.235 Y149.152 E658.81336
G0 F15000 X108.592 Y149.361
G1 F6000 X111.436 Y146.517 E658.94714
G0 F15000 X111.436 Y147.082
G1 F6000 X108.881 Y149.637 E659.06732
G0 F15000 X109.15 Y149.934
G1 F6000 X111.436 Y147.648 E659.17484
G0 F15000 X111.436 Y148.214
G1 F6000 X109.357 Y150.293 E659.27263
G0 F15000 X109.526 Y150.689
G1 F6000 X111.436 Y148.78 E659.36245
G0 F15000 X111.436 Y149.345
G1 F6000 X109.645 Y151.136 E659.44669
G0 F15000 X109.645 Y151.702
G1 F6000 X111.436 Y149.911 E659.53093
G0 F15000 X111.436 Y150.477
G1 F6000 X109.495 Y152.417 E659.62221
G0 F15000 X109.055 Y152.302
G0 X108.589 Y153.119
G0 X108.589 Y154.2
G0 X109.77 Y153.84
G1 F6000 X111.436 Y152.174 E659.70057
G0 F15000 X111.436 Y152.739
G1 F6000 X110.336 Y153.84 E659.75234
G0 F15000 X110.901 Y153.84
G1 F6000 X111.436 Y153.305 E659.7775
G0 F15000 X111.899 Y153.305
G0 X111.899 Y151.608
G0 X111.436 Y151.608
G1 F6000 X109.204 Y153.84 E659.88249
G0 F15000 X108.638 Y153.84
G1 F6000 X111.436 Y151.042 E660.0141
G0 F15000 X111.899 Y151.042
G0 X111.827 Y154.228
G0 X104.272 Y154.228
G0 X104.2 Y136.321
G0 X104.661 Y136.321
G1 F6000 X111.436 Y129.546 E660.33277
G0 F15000 X111.436 Y128.981
G1 F6000 X104.661 Y135.755 E660.65143
G0 F15000 X104.661 Y135.19
G1 F6000 X107.829 Y132.022 E660.80044
G0 F15000 X107.137 Y132.148
G1 F6000 X104.661 Y134.624 E660.9169
G0 F15000 X104.661 Y134.058
G1 F6000 X106.589 Y132.131 E661.00757
G0 F15000 X106.14 Y132.014
G1 F6000 X104.661 Y133.493 E661.07713
G0 F15000 X104.661 Y132.927
G1 F6000 X105.749 Y131.839 E661.12831
G0 F15000 X105.395 Y131.627
G1 F6000 X104.661 Y132.361 E661.16283
G0 F15000 X104.661 Y131.796
G1 F6000 X105.104 Y131.352 E661.1837
G0 F15000 X104.834 Y131.057
G1 F6000 X104.661 Y131.23 E661.19183
G1 F2400 E660.69183
;MESH:NONMESH
G0 F300 X104.661 Y131.23 Z2.6
G0 F15000 X104.2 Y131.23
G0 X104.272 Y154.228
G0 X114 Y154.57
G0 X114.653 Y155.653
G0 X114.791 Y166.385
G0 X114 Y166.758
;TIME_ELAPSED:791.217180
;LAYER:12
;TYPE:SUPPORT
G1 F2400 E661.19183
G1 F6000 X114.042 Y166.863 E661.19559
G1 X114.279 Y167.236 E661.21029
G1 X114.637 Y167.596 E661.22718
G1 X114.829 Y167.736 E661.23508
G1 X115.066 Y167.926 E661.24519
G1 X115.415 Y168.395 E661.26463
G1 X115.468 Y168.447 E661.2671
G1 X115.721 Y168.979 E661.28669
G1 X115.799 Y169.29 E661.29736
G1 X115.796 Y170.797 E661.34748
G1 X115.552 Y171.437 E661.37026
G1 X115.19 Y171.853 E661.3886
G1 X114.678 Y172.195 E661.40908
G1 X114.303 Y172.571 E661.42674
G1 X114.063 Y172.934 E661.44122
G1 X114 Y173.085 E661.44666
G1 X114 Y166.758 E661.6571
G1 X113.905 Y166.52 E661.66562
G1 X113.8 Y166.002 E661.6832
G1 X113.8 Y156.2 E662.00921
G1 X113.6 Y156.2 E662.01587
G1 X113.6 Y175.6 E662.66111
G1 X112 Y175.6 E662.71433
G1 X112 Y175.8 E662.72098
G1 X110.2 Y175.8 E662.78085
G1 X110.2 Y173.864 E662.84524
G1 X110.099 Y173.348 E662.86273
G1 X109.931 Y172.943 E662.87731
G1 X109.683 Y172.576 E662.89204
G1 X109.336 Y172.243 E662.90804
G1 X109.017 Y172.021 E662.92097
G1 X108.506 Y171.519 E662.94479
G1 X108.258 Y170.974 E662.96471
G1 X108.201 Y170.713 E662.97359
G1 X108.204 Y169.203 E663.02381
G1 X108.46 Y168.533 E663.04767
G1 X108.791 Y168.161 E663.06423
G1 X109.155 Y167.92 E663.07875
G1 X109.503 Y167.649 E663.09342
G1 X109.826 Y167.252 E663.11044
G1 X110 Y166.924 E663.12279
G1 X110 Y173.109 E663.32851
G1 F2400 E662.82851
G0 F15000 X109.203 Y173.441
G0 X109.347 Y176.653
G0 X114.653 Y176.653
G0 X121.394 Y172.621
G0 X122 Y172.004
G1 F2400 E663.32851
G1 F6000 X122 Y168.02 E663.46102
G1 X121.791 Y168.162 E663.46942
G1 X121.46 Y168.533 E663.48596
G1 X121.204 Y169.203 E663.50981
G1 X121.201 Y170.713 E663.56004
G1 X121.258 Y170.974 E663.56892
G1 X121.506 Y171.519 E663.58884
G1 X122.017 Y172.021 E663.61266
G1 X122.336 Y172.243 E663.62559
G1 X122.683 Y172.576 E663.64158
G1 X122.931 Y172.943 E663.65632
G1 X123.099 Y173.348 E663.6709
G1 X123.2 Y173.864 E663.68839
G1 X123.2 Y175.8 E663.75278
G1 X124 Y175.8 E663.77939
G1 X124 Y175.6 E663.78604
G1 X126 Y175.6 E663.85256
G1 X126 Y175.8 E663.85921
G1 X126.8 Y175.8 E663.88582
G1 X126.8 Y173.83 E663.95134
G1 X126.92 Y173.275 E663.97023
G1 X127.063 Y172.934 E663.98253
G1 X127.303 Y172.571 E663.997
G1 X127.678 Y172.195 E664.01466
G1 X128.19 Y171.853 E664.03514
G1 X128.552 Y171.437 E664.05348
G1 X128.796 Y170.797 E664.07626
G1 X128.799 Y169.29 E664.12639
G1 X128.736 Y169.019 E664.13564
G1 X128.48 Y168.46 E664.15609
G1 X128 Y167.994 E664.17834
G1 X128 Y171.98 E664.31092
G1 F2400 E663.81092
G0 F15000 X126.4 Y172.282
;TYPE:SUPPORT-INTERFACE
G1 F2400 E664.31092
G1 F6000 X123.6 Y175.082 E664.44262
G0 F15000 X123.6 Y174.512
G1 F6000 X124.488 Y175.4 E664.48439
G1 F2400 E663.98439
G0 F15000 X126.401 Y173.919
G1 F2400 E664.48439
G1 F6000 X123.6 Y171.118 E664.61614
G0 F15000 X123.6 Y171.688
G1 F6000 X126.4 Y168.888 E664.74784
G1 F2400 E664.24784
G0 F15000 X126.401 Y170.524
G1 F2400 E664.74784
G1 F6000 X123.6 Y167.724 E664.87957
G0 F15000 X123.6 Y168.294
G1 F6000 X126.4 Y165.493 E665.0113
G1 F2400 E664.5113
G0 F15000 X126.401 Y167.13
G1 F2400 E665.0113
G1 F6000 X123.6 Y164.329 E665.14305
G0 F15000 X123.6 Y164.899
G1 F6000 X126.4 Y162.099 E665.27475
G1 F2400 E664.77475
G0 F15000 X126.401 Y163.736
G1 F2400 E665.27475
G1 F6000 X123.6 Y160.935 E665.4065
G0 F15000 X123.6 Y161.505
G1 F6000 X126.4 Y158.705 E665.5382
G1 F2400 E665.0382
G0 F15000 X126.401 Y160.342
G1 F2400 E665.5382
G1 F6000 X123.6 Y157.541 E665.66995
G0 F15000 X123.6 Y158.111
G1 F6000 X125.912 Y155.8 E665.77868
G0 F15000 X125.253 Y155.8
G1 F6000 X126.401 Y156.948 E665.83268
G1 F2400 E665.33268
G0 F15000 X127.666 Y156.948
G0 X129.663 Y169.192
G0 X129.66 Y170.957
G0 X127.653 Y176.653
G0 X122.347 Y176.653
G0 X114.665 Y157.524
G0 X113.4 Y157.524
G1 F2400 E665.83268
G1 F6000 X111.677 Y155.8 E665.91375
G0 F15000 X112.335 Y155.8
G1 F6000 X110.6 Y157.535 E665.99536
G0 F15000 X110.599 Y158.117
G1 F6000 X113.4 Y160.918 E666.12711
G0 F15000 X113.399 Y161.524
G1 F6000 X110.6 Y164.323 E666.25876
G0 F15000 X110.599 Y164.905
G1 F6000 X113.4 Y167.706 E666.39051
G0 F15000 X113.399 Y168.312
G1 F6000 X110.6 Y171.111 E666.52217
G0 F15000 X110.599 Y171.693
G1 F6000 X113.4 Y174.494 E666.65392
G0 F15000 X113.399 Y175.1
G1 F6000 X113.099 Y175.401 E666.66805
G1 F2400 E666.16805
G0 F15000 X110.912 Y175.4
G1 F2400 E666.66805
G1 F6000 X110.599 Y175.087 E666.68278
G0 F15000 X110.6 Y174.505
G1 F6000 X113.399 Y171.706 E666.81443
G0 F15000 X113.4 Y171.1
G1 F6000 X110.599 Y168.299 E666.94618
G0 F15000 X110.6 Y167.717
G1 F6000 X113.399 Y164.918 E667.07784
G0 F15000 X113.4 Y164.312
G1 F6000 X110.599 Y161.511 E667.20959
G0 F15000 X110.6 Y160.929
G1 F6000 X113.399 Y158.13 E667.34125
G1 F2400 E666.84125
;MESH:Limiter bracketV2.stl
G0 F15000 X114.665 Y158.13
G0 X114.653 Y155.653
G0 X119.424 Y154.4
;TYPE:WALL-INNER
G1 F2400 E667.34125
G1 F6000 X132.9 Y154.4 E667.78946
G1 X132.9 Y125.6 E668.74735
G1 X104.1 Y125.6 E669.70524
G1 X104.1 Y154.4 E670.66314
G1 X119.424 Y154.4 E671.17281
G1 F2400 E670.67281
G0 F15000 X130.265 Y154.57
G0 X130.265 Y153.768
G0 X130.265 Y153.588
G1 F2400 E671.17281
G1 F6000 X129.723 Y153.588 E671.19084
G1 X129.191 Y153.448 E671.20914
G1 X128.713 Y153.166 E671.2276
G1 X128.33 Y152.789 E671.24547
G1 X128.052 Y152.306 E671.26401
G1 X127.908 Y151.771 E671.28243
G1 X127.908 Y151.218 E671.30083
G1 X128.061 Y150.686 E671.31924
G1 X128.336 Y150.206 E671.33764
G1 X128.715 Y149.829 E671.35542
G1 X129.186 Y149.561 E671.37344
G1 X129.718 Y149.408 E671.39185
G1 X130.275 Y149.408 E671.41038
G1 X130.806 Y149.552 E671.42868
G1 X131.288 Y149.83 E671.44719
G1 X131.666 Y150.212 E671.46506
G1 X131.945 Y150.686 E671.48335
G1 X132.088 Y151.222 E671.5018
G1 X132.088 Y151.765 E671.51986
G1 X131.947 Y152.311 E671.53862
G1 X131.665 Y152.789 E671.55708
G1 X131.289 Y153.165 E671.57477
G1 X130.809 Y153.448 E671.5933
G1 X130.265 Y153.588 E671.61198
G1 F2400 E671.11198
G0 F15000 X131.191 Y153.051
G0 X131.551 Y152.691
G0 X131.806 Y152.248
G0 X131.939 Y151.755
G0 X131.939 Y151.245
G0 X131.806 Y150.752
G0 X131.551 Y150.309
G0 X130.271 Y149.228
G0 X130.271 Y131.768
G0 X130.271 Y131.588
G1 F2400 E671.61198
G1 F6000 X129.719 Y131.588 E671.63034
G1 X129.185 Y131.439 E671.64878
G1 X128.721 Y131.173 E671.66657
G1 X128.329 Y130.785 E671.68491
G1 X128.05 Y130.289 E671.70384
G1 X127.914 Y129.778 E671.72143
G1 X127.907 Y129.226 E671.73979
G1 X128.053 Y128.691 E671.75823
G1 X128.327 Y128.217 E671.77644
G1 X128.725 Y127.814 E671.79528
G1 X128.923 Y127.681 E671.80322
G1 X129.379 Y127.493 E671.81962
G1 X129.738 Y127.408 E671.83189
G1 X130.275 Y127.408 E671.84975
G1 X130.806 Y127.552 E671.86805
G1 X131.288 Y127.83 E671.88656
G1 X131.666 Y128.212 E671.90443
G1 X131.945 Y128.686 E671.92273
G1 X132.088 Y129.222 E671.94118
G1 X132.088 Y129.765 E671.95924
G1 X131.947 Y130.311 E671.97799
G1 X131.665 Y130.789 E671.99645
G1 X131.287 Y131.167 E672.01423
G1 X130.81 Y131.448 E672.03265
G1 X130.271 Y131.588 E672.05117
G1 F2400 E671.55117
G0 F15000 X128.599 Y131.308
G0 X108.403 Y131.306
G0 X107.275 Y131.588
G1 F2400 E672.05117
G1 F6000 X106.723 Y131.588 E672.06953
G1 X106.19 Y131.448 E672.08786
G1 X105.715 Y131.169 E672.10618
G1 X105.33 Y130.788 E672.12419
G1 X105.051 Y130.305 E672.14275
G1 X104.908 Y129.766 E672.16129
G1 X104.908 Y129.222 E672.17939
G1 X105.053 Y128.691 E672.19769
G1 X105.329 Y128.213 E672.21605
G1 X105.713 Y127.829 E672.23412
G1 X106.193 Y127.552 E672.25255
G1 X106.734 Y127.408 E672.27117
G1 X107.275 Y127.408 E672.28916
G1 X107.806 Y127.552 E672.30746
G1 X108.288 Y127.83 E672.32597
G1 X108.669 Y128.215 E672.34398
G1 X108.948 Y128.69 E672.36231
G1 X109.089 Y129.226 E672.38074
G1 X109.083 Y129.774 E672.39897
G1 X108.941 Y130.321 E672.41776
G1 X108.662 Y130.792 E672.43597
G1 X108.279 Y131.173 E672.45394
G1 X107.814 Y131.439 E672.47176
G1 X107.275 Y131.588 E672.49036
G1 F2400 E671.99036
G0 F15000 X107.265 Y149.228
G0 X107.265 Y153.588
G1 F2400 E672.49036
G1 F6000 X106.723 Y153.588 E672.50838
G1 X106.191 Y153.448 E672.52668
G1 X105.713 Y153.166 E672.54514
G1 X105.33 Y152.789 E672.56301
G1 X105.051 Y152.305 E672.58159
G1 X104.908 Y151.766 E672.60014
G1 X104.908 Y151.222 E672.61824
G1 X105.053 Y150.691 E672.63654
G1 X105.329 Y150.213 E672.6549
G1 X105.713 Y149.829 E672.67296
G1 X106.191 Y149.553 E672.69132
G1 X106.722 Y149.408 E672.70963
G1 X107.279 Y149.408 E672.72816
G1 X107.814 Y149.56 E672.74665
G1 X108.286 Y149.83 E672.76474
G1 X108.676 Y150.226 E672.78323
G1 X108.939 Y150.685 E672.80082
G1 X109.088 Y151.219 E672.81926
G1 X109.088 Y151.771 E672.83762
G1 X108.948 Y152.31 E672.85614
G1 X108.667 Y152.787 E672.87456
G1 X108.289 Y153.165 E672.89234
G1 X107.809 Y153.448 E672.91087
G1 X107.265 Y153.588 E672.92955
G0 F15000 X107.227 Y153.186
;TYPE:WALL-OUTER
G1 F6000 X106.753 Y153.182 E672.94532
G1 X106.344 Y153.074 E672.95939
G1 X105.943 Y152.831 E672.97498
G1 X105.647 Y152.539 E672.98881
G1 X105.418 Y152.129 E673.00443
G1 X105.31 Y151.727 E673.01828
G1 X105.308 Y151.276 E673.03328
G1 X105.438 Y150.824 E673.04892
G1 X105.666 Y150.442 E673.06372
G1 X105.942 Y150.166 E673.0767
G1 X106.324 Y149.938 E673.09149
G1 X106.777 Y149.808 E673.10717
G1 X107.245 Y149.814 E673.12274
G1 X107.629 Y149.918 E673.13597
G1 X108.029 Y150.142 E673.15122
G1 X108.342 Y150.455 E673.16594
G1 X108.572 Y150.844 E673.18097
G1 X108.682 Y151.253 E673.19506
G1 X108.688 Y151.719 E673.21056
G1 X108.575 Y152.156 E673.22557
G1 X108.33 Y152.558 E673.24123
G1 X108.018 Y152.861 E673.25569
G1 X107.654 Y153.075 E673.26974
G1 X107.227 Y153.186 E673.28441
G1 F2400 E672.78441
G0 F15000 X107.308 Y153.488
G0 X108.812 Y152.897
G0 X108.812 Y154.57
G0 X119.508 Y154.8
G1 F2400 E673.28441
G1 F6000 X133.3 Y154.8 E673.74313
G1 X133.3 Y125.2 E674.72763
G1 X103.7 Y125.2 E675.71213
G1 X103.7 Y154.8 E676.69663
G1 X119.508 Y154.8 E677.22241
G1 F2400 E676.72241
G0 F15000 X119.508 Y154.49
G0 X130.308 Y154.57
G0 X130.286 Y153.769
G0 X130.227 Y153.186
G1 F2400 E677.22241
G1 F6000 X129.753 Y153.182 E677.23818
G1 X129.344 Y153.074 E677.25225
G1 X128.943 Y152.831 E677.26784
G1 X128.647 Y152.539 E677.28167
G1 X128.418 Y152.129 E677.29729
G1 X128.308 Y151.719 E677.31141
G1 X128.308 Y151.276 E677.32614
G1 X128.428 Y150.844 E677.34106
G1 X128.644 Y150.468 E677.35548
G1 X128.96 Y150.15 E677.37039
G1 X129.344 Y149.928 E677.38514
G1 X129.778 Y149.808 E677.40012
G1 X130.245 Y149.814 E677.41565
G1 X130.629 Y149.918 E677.42888
G1 X131.04 Y150.148 E677.44455
G1 X131.361 Y150.482 E677.45996
G1 X131.575 Y150.845 E677.47397
G1 X131.682 Y151.253 E677.488
G1 X131.686 Y151.727 E677.50377
G1 X131.575 Y152.156 E677.5185
G1 X131.33 Y152.558 E677.53416
G1 X131.018 Y152.861 E677.54863
G1 X130.654 Y153.075 E677.56267
G1 X130.227 Y153.186 E677.57735
G1 F2400 E677.07735
G0 F15000 X130.308 Y153.488
G0 X131.191 Y153.051
G0 X131.551 Y152.691
G0 X131.806 Y152.248
G0 X131.939 Y151.755
G0 X131.939 Y151.245
G0 X131.806 Y150.752
G0 X131.551 Y150.309
G0 X130.3 Y149.227
G0 X130.296 Y131.769
G0 X130.243 Y131.182
G1 F2400 E677.57735
G1 F6000 X129.777 Y131.188 E677.59285
G1 X129.345 Y131.075 E677.6077
G1 X128.97 Y130.853 E677.62219
G1 X128.648 Y130.538 E677.63718
G1 X128.431 Y130.163 E677.65159
G1 X128.314 Y129.745 E677.66602
G1 X128.308 Y129.277 E677.68159
G1 X128.438 Y128.824 E677.69726
G1 X128.665 Y128.443 E677.71202
G1 X129.038 Y128.066 E677.72965
G1 X129.567 Y127.852 E677.74863
G1 X129.769 Y127.811 E677.75549
G1 X130.245 Y127.814 E677.77132
G1 X130.629 Y127.918 E677.78455
G1 X131.04 Y128.148 E677.80022
G1 X131.361 Y128.482 E677.81563
G1 X131.575 Y128.845 E677.82964
G1 X131.682 Y129.253 E677.84367
G1 X131.686 Y129.727 E677.85944
G1 X131.575 Y130.156 E677.87417
G1 X131.33 Y130.558 E677.88983
G1 X131.018 Y130.861 E677.9043
G1 X130.654 Y131.075 E677.91834
G1 X130.243 Y131.182 E677.93247
G1 F2400 E677.43247
G0 F15000 X130.324 Y131.484
G0 X128.599 Y131.308
G0 X108.403 Y131.306
G0 X107.243 Y131.182
G1 F2400 E677.93247
G1 F6000 X106.777 Y131.188 E677.94797
G1 X106.344 Y131.074 E677.96286
G1 X105.943 Y130.831 E677.97846
G1 X105.647 Y130.539 E677.99229
G1 X105.418 Y130.129 E678.0079
G1 X105.31 Y129.727 E678.02175
G1 X105.308 Y129.276 E678.03675
G1 X105.438 Y128.824 E678.05239
G1 X105.666 Y128.442 E678.06719
G1 X105.942 Y128.166 E678.08017
G1 X106.324 Y127.938 E678.09497
G1 X106.769 Y127.811 E678.11036
G1 X107.245 Y127.814 E678.12619
G1 X107.629 Y127.918 E678.13942
G1 X108.04 Y128.148 E678.15509
G1 X108.361 Y128.482 E678.1705
G1 X108.575 Y128.845 E678.18451
G1 X108.682 Y129.253 E678.19854
G1 X108.687 Y129.72 E678.21407
G1 X108.576 Y130.147 E678.22875
G1 X108.348 Y130.538 E678.2438
G1 X108.049 Y130.838 E678.25789
G1 X107.656 Y131.072 E678.2731
G1 X107.243 Y131.182 E678.28732
G1 F2400 E677.78732
G0 F15000 X107.324 Y131.484
G0 X108.191 Y131.051
G0 X109.262 Y129.799
G0 X109.96 Y125.76
G0 X111.825 Y125.772
G0 X111.898 Y129.263
G0 X111.677 Y129.263
;TYPE:FILL
G1 F2400 E678.28732
G1 F12000 X112.32 Y129.906 E678.31756
G0 F15000 X112.1 Y129.906
G0 X112.1 Y128.711
G0 X112.319 Y128.711
G1 F12000 X111.678 Y128.883 E678.33964
G0 F15000 X111.898 Y128.883
G0 X112.1 Y135.053
G0 X112.32 Y135.053
G1 F12000 X111.678 Y137.448 E678.42211
G0 F15000 X111.678 Y137.165
G1 F12000 X112.32 Y136.993 E678.44421
G0 F15000 X112.1 Y136.993
G0 X111.899 Y140.577
G0 X111.678 Y140.577
G1 F12000 X112.32 Y141.22 E678.47443
G0 F15000 X112.1 Y141.22
G0 X112.1 Y145.276
G0 X112.319 Y145.276
G1 F12000 X111.679 Y145.447 E678.49647
G0 F15000 X111.899 Y145.447
G0 X111.899 Y151.891
G0 X111.678 Y151.891
G1 F12000 X112.32 Y152.534 E678.52669
G0 F15000 X112.1 Y152.534
G0 X112.1 Y153.558
G0 X112.32 Y153.558
G1 F12000 X111.679 Y153.729 E678.54875
G0 F15000 X111.899 Y153.729
G0 X112.172 Y154.228
G0 X124.828 Y154.228
G0 X124.9 Y153.579
G0 X124.68 Y153.579
G1 F12000 X125.322 Y154.221 E678.57895
G0 F15000 X125.131 Y154.12
G0 X124.9 Y150.742
G0 X124.68 Y150.742
G1 F12000 X125.321 Y148.35 E678.66132
G0 F15000 X125.102 Y148.349
G0 X125.102 Y150.073
G0 X125.32 Y150.074
G1 F12000 X124.681 Y150.246 E678.68333
G0 F15000 X124.9 Y150.246
G0 X125.102 Y142.907
G0 X125.322 Y142.908
G1 F12000 X124.68 Y142.266 E678.71352
G0 F15000 X124.68 Y141.964
G1 F12000 X125.321 Y141.792 E678.7356
G0 F15000 X125.102 Y141.791
G0 X124.9 Y133.681
G0 X124.681 Y133.681
G1 F12000 X125.321 Y133.51 E678.75763
G0 F15000 X125.102 Y133.509
G0 X125.102 Y131.593
G0 X125.322 Y131.594
G1 F12000 X124.68 Y130.952 E678.78783
G0 F15000 X124.9 Y130.952
G0 X124.828 Y154.228
G0 X119.348 Y154.3
G0 X119.348 Y154.04
;TYPE:SKIN
G1 F6000 X112.36 Y154.04 E679.02025
G1 X112.36 Y125.96 E679.9542
G1 X124.64 Y125.96 E680.36263
G1 X124.64 Y154.04 E681.29657
G1 X119.348 Y154.04 E681.47259
G0 F15000 X119.348 Y154.3
G0 X113.11 Y154.3
G0 X113.11 Y153.84
G1 F6000 X112.56 Y153.289 E681.49848
G0 F15000 X112.56 Y152.724
G1 F6000 X113.676 Y153.84 E681.55097
G0 F15000 X114.242 Y153.84
G1 F6000 X112.56 Y152.158 E681.63009
G0 F15000 X112.56 Y151.592
G1 F6000 X114.807 Y153.84 E681.73581
G0 F15000 X115.373 Y153.84
G1 F6000 X112.56 Y151.027 E681.86812
G0 F15000 X112.56 Y150.461
G1 F6000 X115.939 Y153.84 E682.02706
G0 F15000 X116.504 Y153.84
G1 F6000 X112.56 Y149.895 E682.2126
G0 F15000 X112.56 Y149.33
G1 F6000 X117.07 Y153.84 E682.42473
G0 F15000 X117.636 Y153.84
G1 F6000 X112.56 Y148.764 E682.66349
G0 F15000 X112.56 Y148.198
G1 F6000 X118.201 Y153.84 E682.92885
G0 F15000 X118.767 Y153.84
G1 F6000 X112.56 Y147.633 E683.22081
G0 F15000 X112.56 Y147.067
G1 F6000 X119.333 Y153.84 E683.53939
G0 F15000 X119.898 Y153.84
G1 F6000 X112.56 Y146.501 E683.88457
G0 F15000 X112.56 Y145.936
G1 F6000 X120.464 Y153.84 E684.25635
G0 F15000 X121.03 Y153.84
G1 F6000 X112.56 Y145.37 E684.65475
G0 F15000 X112.56 Y144.804
G1 F6000 X121.595 Y153.84 E685.07976
G0 F15000 X122.161 Y153.84
G1 F6000 X112.56 Y144.238 E685.53138
G0 F15000 X112.56 Y143.673
G1 F6000 X122.727 Y153.84 E686.00961
G0 F15000 X123.293 Y153.84
G1 F6000 X112.56 Y143.107 E686.51445
G0 F15000 X112.56 Y142.541
G1 F6000 X123.858 Y153.84 E687.0459
G0 F15000 X124.424 Y153.84
G1 F6000 X112.56 Y141.976 E687.60395
G0 F15000 X112.56 Y141.41
G1 F6000 X124.44 Y153.29 E688.16274
G0 F15000 X124.44 Y152.724
G1 F6000 X112.56 Y140.844 E688.72154
G0 F15000 X112.56 Y140.279
G1 F6000 X124.44 Y152.159 E689.28034
G0 F15000 X124.44 Y151.593
G1 F6000 X112.56 Y139.713 E689.83914
G0 F15000 X112.56 Y139.147
G1 F6000 X124.44 Y151.027 E690.39794
G0 F15000 X124.44 Y150.462
G1 F6000 X112.56 Y138.582 E690.95674
G0 F15000 X112.56 Y138.016
G1 F6000 X124.44 Y149.896 E691.51554
G0 F15000 X124.44 Y149.33
G1 F6000 X112.56 Y137.45 E692.07434
G0 F15000 X112.56 Y136.885
G1 F6000 X124.44 Y148.765 E692.63313
G0 F15000 X124.44 Y148.199
G1 F6000 X112.56 Y136.319 E693.19193
G0 F15000 X112.56 Y135.753
G1 F6000 X124.44 Y147.633 E693.75073
G0 F15000 X124.44 Y147.068
G1 F6000 X112.56 Y135.188 E694.30953
G0 F15000 X112.56 Y134.622
G1 F6000 X124.44 Y146.502 E694.86833
G0 F15000 X124.44 Y145.936
G1 F6000 X112.56 Y134.056 E695.42713
G0 F15000 X112.56 Y133.49
G1 F6000 X124.44 Y145.371 E695.98595
G0 F15000 X124.44 Y144.805
G1 F6000 X112.56 Y132.925 E696.54475
G0 F15000 X112.56 Y132.359
G1 F6000 X124.44 Y144.239 E697.10355
G0 F15000 X124.44 Y143.673
G1 F6000 X112.56 Y131.793 E697.66235
G0 F15000 X112.56 Y131.228
G1 F6000 X124.44 Y143.108 E698.22115
G0 F15000 X124.44 Y142.542
G1 F6000 X112.56 Y130.662 E698.77994
G0 F15000 X112.56 Y130.096
G1 F6000 X124.44 Y141.976 E699.33874
G0 F15000 X124.44 Y141.411
G1 F6000 X112.56 Y129.531 E699.89754
G0 F15000 X112.56 Y128.965
G1 F6000 X124.44 Y140.845 E700.45634
G0 F15000 X124.44 Y140.279
G1 F6000 X112.56 Y128.399 E701.01514
G0 F15000 X112.56 Y127.834
G1 F6000 X124.44 Y139.714 E701.57394
G0 F15000 X124.44 Y139.148
G1 F6000 X112.56 Y127.268 E702.13274
G0 F15000 X112.56 Y126.702
G1 F6000 X124.44 Y138.582 E702.69154
G0 F15000 X124.44 Y138.017
G1 F6000 X112.584 Y126.161 E703.24921
G0 F15000 X113.15 Y126.161
G1 F6000 X124.44 Y137.451 E703.78025
G0 F15000 X124.44 Y136.885
G1 F6000 X113.715 Y126.161 E704.2847
G0 F15000 X114.281 Y126.161
G1 F6000 X124.44 Y136.32 E704.76255
G0 F15000 X124.44 Y135.754
G1 F6000 X114.847 Y126.161 E705.21377
G0 F15000 X115.413 Y126.161
G1 F6000 X124.44 Y135.188 E705.63838
G0 F15000 X124.44 Y134.623
G1 F6000 X115.978 Y126.161 E706.0364
G0 F15000 X116.544 Y126.161
G1 F6000 X124.44 Y134.057 E706.40781
G0 F15000 X124.44 Y133.491
G1 F6000 X117.11 Y126.161 E706.75259
G0 F15000 X117.675 Y126.161
G1 F6000 X124.44 Y132.925 E707.07077
G0 F15000 X124.44 Y132.36
G1 F6000 X118.241 Y126.161 E707.36235
G0 F15000 X118.807 Y126.161
G1 F6000 X124.44 Y131.794 E707.62731
G0 F15000 X124.44 Y131.228
G1 F6000 X119.372 Y126.161 E707.86567
G0 F15000 X119.938 Y126.161
G1 F6000 X124.44 Y130.663 E708.07743
G0 F15000 X124.44 Y130.097
G1 F6000 X120.504 Y126.161 E708.26257
G0 F15000 X121.069 Y126.161
G1 F6000 X124.44 Y129.531 E708.42111
G0 F15000 X124.44 Y128.966
G1 F6000 X121.635 Y126.161 E708.55304
G0 F15000 X122.201 Y126.161
G1 F6000 X124.44 Y128.4 E708.65836
G0 F15000 X124.44 Y127.834
G1 F6000 X122.766 Y126.161 E708.73708
G0 F15000 X123.332 Y126.161
G1 F6000 X124.44 Y127.269 E708.78919
G0 F15000 X124.44 Y126.703
G1 F6000 X123.898 Y126.161 E708.81469
G1 F2400 E708.31469
G0 F15000 X123.898 Y125.7
G0 X124.828 Y125.772
G0 X125.173 Y154.228
G0 X132.728 Y154.228
G0 X132.8 Y151.141
G0 X132.49 Y151.141
G1 F2400 E708.81469
G1 F4829 X132.493 Y151.822 E708.84283
G0 F15000 X132.8 Y151.822
G0 X132.8 Y153.565
G0 X132.133 Y153.565
G1 F4363.6 X132.099 Y153.624 E708.84594
G1 X132.031 Y153.624 E708.84905
G1 X131.997 Y153.565 E708.85217
G1 X132.031 Y153.506 E708.85528
G1 X132.099 Y153.506 E708.85839
G1 X132.133 Y153.565 E708.86151
G0 F15000 X132.54 Y154.04
G1 F6000 X130.959 Y154.04 E708.91409
G1 F5333.3 X130.343 Y153.99 E708.93722
G1 X130.978 Y153.765 E708.96242
G1 F6000 X131.482 Y153.469 E708.98186
G1 X131.934 Y153.031 E709.0028
G1 X132.269 Y152.474 E709.02442
G1 F5369.1 X132.493 Y151.822 E709.05004
G1 X132.54 Y152.453 E709.07356
G1 F6000 X132.54 Y154.04 E709.12634
G1 F2400 E708.62634
G0 F15000 X132.8 Y154.04
G0 X132.7 Y153.689
G0 X131.396 Y153.312
G0 X130.343 Y153.99
G1 F2400 E709.12634
G1 F4800 X129.641 Y153.99 E709.15553
G1 F5333.3 X129.041 Y154.04 E709.17806
G1 F6000 X125.361 Y154.039 E709.30045
G1 X125.361 Y125.961 E710.23433
G1 X132.54 Y125.96 E710.47311
G1 X132.54 Y128.541 E710.55895
G1 F5333.3 X132.49 Y129.141 E710.58148
G1 X132.269 Y128.522 E710.60607
G1 F6000 X131.969 Y128.014 E710.62569
G1 X131.507 Y127.54 E710.64771
G1 X130.92 Y127.206 E710.67017
G1 X130.344 Y127.054 E710.68999
G1 X129.685 Y127.05 E710.71191
G1 X129.264 Y127.153 E710.72632
G1 X128.787 Y127.347 E710.74345
G1 X128.496 Y127.537 E710.75501
G1 X128.061 Y127.971 E710.77544
G1 X127.731 Y128.522 E710.79681
G1 X127.554 Y129.147 E710.81841
G1 X127.551 Y129.803 E710.84023
G1 X127.725 Y130.455 E710.86267
G1 X128.034 Y131.002 E710.88357
G1 X128.485 Y131.449 E710.90469
G1 X129.075 Y131.787 E710.92731
G1 X129.675 Y131.948 E710.94797
G1 X130.343 Y131.942 E710.97019
G1 X130.951 Y131.783 E710.99109
G1 X131.482 Y131.469 E711.01161
G1 X131.934 Y131.031 E711.03254
G1 X132.269 Y130.474 E711.05416
G1 F5369.1 X132.493 Y129.822 E711.07978
G1 X132.54 Y130.453 E711.1033
G1 F6000 X132.54 Y150.541 E711.77143
G1 F5333.3 X132.49 Y151.141 E711.79396
G1 X132.269 Y150.522 E711.81855
G1 F6000 X131.969 Y150.014 E711.83817
G1 X131.509 Y149.536 E711.86024
G1 X130.944 Y149.212 E711.8819
G1 X130.344 Y149.054 E711.90254
G1 X129.66 Y149.051 E711.92529
G1 X129.069 Y149.209 E711.94564
G1 X128.507 Y149.534 E711.96723
G1 X128.048 Y149.979 E711.98849
G1 X127.709 Y150.571 E712.01118
G1 X127.554 Y151.148 E712.03105
G1 X127.551 Y151.823 E712.0535
G1 X127.711 Y152.431 E712.07441
G1 X128.04 Y153.008 E712.09651
G1 X128.479 Y153.439 E712.11697
G1 X129.021 Y153.768 E712.13806
G1 F5333.3 X129.641 Y153.99 E712.1627
G0 F15000 X129.641 Y154.3
G0 X132.728 Y154.228
G0 X132.8 Y129.822
G0 X132.493 Y129.822
G1 F4829 X132.49 Y129.141 E712.19084
G0 F15000 X132.8 Y129.141
G0 X132.8 Y126.683
G0 X132.34 Y126.683
G1 F6000 X131.817 Y126.161 E712.21542
G0 F15000 X131.252 Y126.161
G1 F6000 X132.34 Y127.249 E712.26659
G0 F15000 X132.34 Y127.815
G1 F6000 X130.686 Y126.161 E712.34439
G0 F15000 X130.12 Y126.161
G1 F6000 X130.973 Y127.013 E712.38449
G0 F15000 X130.243 Y126.849
G1 F6000 X129.555 Y126.161 E712.41685
G0 F15000 X128.989 Y126.161
G1 F6000 X129.681 Y126.853 E712.4494
G0 F15000 X129.22 Y126.957
G1 F6000 X128.423 Y126.161 E712.48687
G0 F15000 X127.858 Y126.161
G1 F6000 X128.816 Y127.119 E712.53193
G0 F15000 X128.457 Y127.325
G1 F6000 X127.292 Y126.161 E712.5867
G0 F15000 X126.726 Y126.161
G1 F6000 X128.157 Y127.591 E712.65399
G0 F15000 X127.877 Y127.877
G1 F6000 X126.161 Y126.161 E712.7347
G0 F15000 X125.595 Y126.161
G1 F6000 X127.668 Y128.234 E712.83221
G0 F15000 X127.491 Y128.622
G1 F6000 X125.561 Y126.692 E712.92299
G0 F15000 X125.561 Y127.258
G1 F6000 X127.369 Y129.066 E713.00804
G0 F15000 X127.352 Y129.615
G1 F6000 X125.561 Y127.824 E713.09228
G0 F15000 X125.561 Y128.389
G1 F6000 X127.473 Y130.301 E713.18221
G1 F2400 E712.68221
G0 F15000 X127.917 Y130.189
G0 X127.727 Y129.773
G0 X127.189 Y125.76
G0 X125.174 Y125.772
G0 X125.102 Y130.085
G0 X125.561 Y130.086
G1 F2400 E713.18221
G1 F6000 X132.34 Y136.865 E713.50108
G0 F15000 X132.34 Y136.3
G1 F6000 X125.561 Y129.521 E713.81994
G0 F15000 X125.561 Y128.955
G1 F6000 X132.34 Y135.734 E714.1388
G0 F15000 X132.34 Y135.168
G1 F6000 X129.2 Y132.028 E714.2865
G0 F15000 X129.886 Y132.148
G1 F6000 X132.34 Y134.603 E714.40195
G0 F15000 X132.34 Y134.037
G1 F6000 X130.429 Y132.126 E714.49184
G0 F15000 X130.878 Y132.009
G1 F6000 X132.34 Y133.471 E714.56061
G0 F15000 X132.34 Y132.906
G1 F6000 X131.264 Y131.83 E714.61122
G0 F15000 X131.62 Y131.62
G1 F6000 X132.34 Y132.34 E714.64509
G0 F15000 X132.34 Y131.774
G1 F6000 X131.907 Y131.341 E714.66545
G0 F15000 X132.169 Y131.037
G1 F6000 X132.34 Y131.209 E714.67352
G0 F15000 X132.8 Y131.209
G0 X132.8 Y137.431
G0 X132.34 Y137.431
G1 F6000 X125.561 Y130.652 E714.99238
G0 F15000 X125.561 Y131.218
G1 F6000 X132.34 Y137.997 E715.31125
G0 F15000 X132.34 Y138.563
G1 F6000 X125.561 Y131.783 E715.63013
G0 F15000 X125.561 Y132.349
G1 F6000 X132.34 Y139.128 E715.949
G0 F15000 X132.34 Y139.694
G1 F6000 X125.561 Y132.915 E716.26786
G0 F15000 X125.561 Y133.481
G1 F6000 X132.34 Y140.26 E716.58672
G0 F15000 X132.34 Y140.825
G1 F6000 X125.561 Y134.046 E716.90559
G0 F15000 X125.561 Y134.612
G1 F6000 X132.34 Y141.391 E717.22445
G0 F15000 X132.34 Y141.957
G1 F6000 X125.561 Y135.178 E717.54331
G0 F15000 X125.561 Y135.743
G1 F6000 X132.34 Y142.522 E717.86218
G0 F15000 X132.34 Y143.088
G1 F6000 X125.561 Y136.309 E718.18104
G0 F15000 X125.561 Y136.875
G1 F6000 X132.34 Y143.654 E718.4999
G0 F15000 X132.34 Y144.219
G1 F6000 X125.561 Y137.44 E718.81877
G0 F15000 X125.561 Y138.006
G1 F6000 X132.34 Y144.785 E719.13763
G0 F15000 X132.34 Y145.351
G1 F6000 X125.561 Y138.572 E719.45649
G0 F15000 X125.561 Y139.137
G1 F6000 X132.34 Y145.916 E719.77536
G0 F15000 X132.34 Y146.482
G1 F6000 X125.561 Y139.703 E720.09422
G0 F15000 X125.561 Y140.269
G1 F6000 X132.34 Y147.048 E720.41308
G0 F15000 X132.34 Y147.613
G1 F6000 X125.561 Y140.834 E720.73195
G0 F15000 X125.561 Y141.4
G1 F6000 X132.34 Y148.179 E721.05081
G0 F15000 X132.34 Y148.745
G1 F6000 X125.561 Y141.966 E721.36967
G0 F15000 X125.561 Y142.532
G1 F6000 X132.34 Y149.311 E721.68854
G0 F15000 X132.34 Y149.876
G1 F6000 X125.561 Y143.097 E722.0074
G0 F15000 X125.561 Y143.663
G1 F6000 X130.889 Y148.991 E722.25801
G0 F15000 X130.18 Y148.848
G1 F6000 X125.561 Y144.229 E722.47528
G0 F15000 X125.561 Y144.794
G1 F6000 X129.621 Y148.854 E722.66625
G0 F15000 X129.175 Y148.974
G1 F6000 X125.561 Y145.36 E722.83624
G0 F15000 X125.561 Y145.926
G1 F6000 X128.78 Y149.145 E722.98765
G0 F15000 X128.421 Y149.352
G1 F6000 X125.561 Y146.491 E723.1222
G0 F15000 X125.561 Y147.057
G1 F6000 X128.125 Y149.621 E723.2428
G0 F15000 X127.854 Y149.916
G1 F6000 X125.561 Y147.623 E723.35066
G0 F15000 X125.561 Y148.188
G1 F6000 X127.648 Y150.275 E723.44882
G0 F15000 X127.476 Y150.669
G1 F6000 X125.561 Y148.754 E723.5389
G0 F15000 X125.561 Y149.32
G1 F6000 X127.356 Y151.115 E723.62333
G0 F15000 X127.353 Y151.677
G1 F6000 X125.561 Y149.885 E723.70762
G0 F15000 X125.561 Y150.451
G1 F6000 X127.492 Y152.382 E723.79845
G0 F15000 X127.936 Y152.265
G0 X128.414 Y153.123
G0 X128.414 Y154.2
G0 X127.252 Y153.84
G1 F6000 X125.561 Y152.148 E723.87801
G0 F15000 X125.561 Y152.714
G1 F6000 X126.687 Y153.84 E723.93098
G0 F15000 X126.121 Y153.84
G1 F6000 X125.561 Y153.28 E723.95732
G0 F15000 X125.102 Y153.279
G0 X125.102 Y151.581
G0 X125.561 Y151.582
G1 F6000 X127.818 Y153.84 E724.0635
G0 F15000 X128.384 Y153.84
G1 F6000 X125.561 Y151.017 E724.19629
G1 F2400 E723.69629
G0 F15000 X125.102 Y151.016
G0 X124.828 Y154.228
G0 X112.172 Y154.228
G0 X111.825 Y125.772
G0 X104.272 Y125.772
G0 X104.2 Y129.135
G0 X104.508 Y129.135
G1 F2400 E724.19629
G1 F4829 X104.508 Y129.842 E724.22551
G1 F2400 E723.72551
G0 F15000 X104.807 Y129.776
G0 X105.185 Y130.899
G0 X104.3 Y130.899
G0 X104.508 Y151.135
G1 F2400 E724.22551
G1 F4829 X104.508 Y151.842 E724.25472
G0 F15000 X104.807 Y151.776
G0 X105.483 Y153.079
G0 X105 Y153.568
G1 F4395.6 X104.966 Y153.627 E724.25781
G1 X104.898 Y153.627 E724.2609
G1 X104.864 Y153.568 E724.26399
G1 X104.898 Y153.509 E724.26708
G1 X104.966 Y153.509 E724.27017
G1 X105 Y153.568 E724.27326
G1 F2400 E723.77326
G0 F15000 X105.483 Y153.079
G0 X106.701 Y153.769
G0 X106.701 Y154.2
G0 X106.641 Y153.99
G1 F2400 E724.27326
G1 F5333.3 X106.041 Y154.04 E724.29579
G1 F6000 X104.46 Y154.04 E724.34838
G1 X104.46 Y152.446 E724.40139
G1 F5357.1 X104.508 Y151.842 E724.42396
G1 X104.726 Y152.464 E724.44852
G1 F6000 X105.04 Y153.013 E724.46955
G1 X105.48 Y153.44 E724.48994
G1 X106.021 Y153.768 E724.51099
G1 F5333.3 X106.641 Y153.99 E724.53563
G1 F4800 X107.342 Y153.99 E724.56477
G1 F2400 E724.06477
G0 F15000 X107.276 Y153.689
G0 X108.397 Y153.312
G0 X107.974 Y154.24
G0 X111.827 Y154.228
G0 X111.636 Y154.04
G1 F2400 E724.56477
G1 F6000 X107.953 Y154.04 E724.68727
G1 F5333.3 X107.342 Y153.99 E724.71021
G1 X107.975 Y153.768 E724.73531
G1 F6000 X108.487 Y153.465 E724.7551
G1 X108.956 Y153.007 E724.7769
G1 X109.285 Y152.434 E724.79887
G1 X109.446 Y151.827 E724.81976
G1 X109.442 Y151.152 E724.84221
G1 X109.294 Y150.6 E724.86122
G1 X108.974 Y150.028 E724.88302
G1 X108.514 Y149.545 E724.9052
G1 X107.924 Y149.21 E724.92777
G1 X107.321 Y149.048 E724.94854
G1 X106.648 Y149.054 E724.97092
G1 X106.055 Y149.213 E724.99134
G1 X105.488 Y149.54 E725.01311
G1 X105.061 Y149.971 E725.03329
G1 X104.731 Y150.522 E725.05465
G1 F5345.2 X104.508 Y151.135 E725.07901
G1 X104.461 Y150.538 E725.10136
G1 F6000 X104.46 Y130.446 E725.76963
G1 F5357.1 X104.508 Y129.842 E725.7922
G1 X104.726 Y130.464 E725.81675
G1 F6000 X105.04 Y131.013 E725.83779
G1 X105.48 Y131.44 E725.85818
G1 X106.045 Y131.783 E725.88016
G1 X106.653 Y131.942 E725.90106
G1 X107.332 Y131.944 E725.92365
G1 X107.921 Y131.791 E725.94389
G1 X108.535 Y131.425 E725.96766
G1 X108.935 Y131.021 E725.98657
G1 X109.274 Y130.463 E726.00829
G1 X109.438 Y129.831 E726.03
G1 X109.448 Y129.182 E726.05159
G1 X109.283 Y128.546 E726.07345
G1 X108.968 Y128.017 E726.09392
G1 X108.51 Y127.541 E726.11589
G1 X107.92 Y127.206 E726.13846
G1 X107.344 Y127.054 E726.15827
G1 X106.681 Y127.05 E726.18033
G1 X106.055 Y127.213 E726.20184
G1 X105.488 Y127.54 E726.22361
G1 X105.061 Y127.971 E726.24379
G1 X104.731 Y128.522 E726.26515
G1 F5345.2 X104.508 Y129.135 E726.28951
G1 X104.461 Y128.538 E726.31186
G1 F6000 X104.46 Y125.96 E726.39761
G1 X111.636 Y125.96 E726.63628
G1 X111.636 Y154.04 E727.57023
G1 F2400 E727.07023
G0 F15000 X111.899 Y154.04
G0 X107.974 Y154.24
G0 X108.812 Y152.897
G0 X108.459 Y153.714
G1 F2400 E727.57023
G1 F6000 X108.585 Y153.84 E727.57615
G0 F15000 X108.778 Y153.467
G1 F6000 X109.15 Y153.84 E727.59368
G0 F15000 X109.716 Y153.84
G1 F6000 X109.061 Y153.185 E727.62448
G0 F15000 X109.283 Y152.841
G1 F6000 X110.282 Y153.84 E727.67147
G0 F15000 X110.847 Y153.84
G1 F6000 X109.48 Y152.472 E727.7358
G0 F15000 X109.599 Y152.026
G1 F6000 X111.413 Y153.84 E727.82112
G0 F15000 X111.436 Y153.297
G1 F6000 X109.645 Y151.506 E727.90537
G0 F15000 X109.573 Y150.868
G1 F6000 X111.436 Y152.732 E727.99302
G0 F15000 X111.436 Y152.166
G1 F6000 X104.66 Y145.39 E728.31174
G0 F15000 X104.66 Y145.955
G1 F6000 X107.628 Y148.923 E728.45135
G0 F15000 X106.987 Y148.848
G1 F6000 X104.66 Y146.521 E728.5608
G0 F15000 X104.66 Y147.087
G1 F6000 X106.468 Y148.895 E728.64584
G0 F15000 X106.022 Y149.014
G1 F6000 X104.66 Y147.652 E728.70991
G0 F15000 X104.66 Y148.218
G1 F6000 X105.654 Y149.212 E728.75666
G0 F15000 X105.312 Y149.435
G1 F6000 X104.66 Y148.784 E728.78731
G0 F15000 X104.66 Y149.349
G1 F6000 X105.03 Y149.719 E728.80471
G0 F15000 X104.783 Y150.038
G1 F6000 X104.66 Y149.915 E728.8105
G0 F15000 X104.2 Y149.915
G0 X104.2 Y144.824
G0 X104.66 Y144.824
G1 F6000 X111.436 Y151.6 E729.12922
G0 F15000 X111.436 Y151.034
G1 F6000 X104.66 Y144.258 E729.44794
G0 F15000 X104.66 Y143.693
G1 F6000 X111.436 Y150.469 E729.76666
G0 F15000 X111.436 Y149.903
G1 F6000 X104.66 Y143.127 E730.08539
G0 F15000 X104.66 Y142.561
G1 F6000 X111.436 Y149.337 E730.40411
G0 F15000 X111.436 Y148.772
G1 F6000 X104.66 Y141.996 E730.72283
G0 F15000 X104.66 Y141.43
G1 F6000 X111.436 Y148.206 E731.04155
G0 F15000 X111.436 Y147.64
G1 F6000 X104.66 Y140.864 E731.36028
G0 F15000 X104.66 Y140.298
G1 F6000 X111.436 Y147.075 E731.67902
G0 F15000 X111.436 Y146.509
G1 F6000 X104.66 Y139.733 E731.99774
G0 F15000 X104.66 Y139.167
G1 F6000 X111.436 Y145.943 E732.31647
G0 F15000 X111.436 Y145.378
G1 F6000 X104.66 Y138.601 E732.63521
G0 F15000 X104.66 Y138.036
G1 F6000 X111.436 Y144.812 E732.95393
G0 F15000 X111.436 Y144.246
G1 F6000 X104.66 Y137.47 E733.27266
G0 F15000 X104.66 Y136.904
G1 F6000 X111.436 Y143.681 E733.5914
G0 F15000 X111.436 Y143.115
G1 F6000 X104.66 Y136.339 E733.91012
G0 F15000 X104.66 Y135.773
G1 F6000 X111.436 Y142.549 E734.22885
G0 F15000 X111.436 Y141.984
G1 F6000 X104.66 Y135.207 E734.54759
G0 F15000 X104.66 Y134.642
G1 F6000 X111.436 Y141.418 E734.86631
G0 F15000 X111.436 Y140.852
G1 F6000 X104.66 Y134.076 E735.18504
G0 F15000 X104.66 Y133.51
G1 F6000 X111.436 Y140.286 E735.50376
G0 F15000 X111.436 Y139.721
G1 F6000 X104.66 Y132.945 E735.82248
G0 F15000 X104.66 Y132.379
G1 F6000 X111.436 Y139.155 E736.1412
G0 F15000 X111.436 Y138.589
G1 F6000 X104.66 Y131.813 E736.45993
G0 F15000 X104.66 Y131.248
G1 F6000 X111.436 Y138.024 E736.77865
G0 F15000 X111.436 Y137.458
G1 F6000 X105.918 Y131.94 E737.0382
G0 F15000 X106.692 Y132.148
G1 F6000 X111.436 Y136.892 E737.26134
G0 F15000 X111.436 Y136.327
G1 F6000 X107.257 Y132.148 E737.45791
G0 F15000 X107.725 Y132.049
G1 F6000 X111.436 Y135.761 E737.63249
G0 F15000 X111.436 Y135.195
G1 F6000 X108.138 Y131.897 E737.78761
G0 F15000 X108.495 Y131.688
G1 F6000 X111.436 Y134.63 E737.92597
G0 F15000 X111.436 Y134.064
G1 F6000 X108.807 Y131.434 E738.04966
G0 F15000 X109.089 Y131.151
G1 F6000 X111.436 Y133.498 E738.16005
G0 F15000 X111.436 Y132.933
G1 F6000 X109.305 Y130.801 E738.26031
G0 F15000 X109.491 Y130.422
G1 F6000 X111.436 Y132.367 E738.3518
G0 F15000 X111.436 Y131.801
G1 F6000 X109.607 Y129.972 E738.43783
G0 F15000 X109.643 Y129.442
G1 F6000 X111.436 Y131.235 E738.52217
G0 F15000 X111.436 Y130.67
G1 F6000 X109.552 Y128.785 E738.61081
G1 F2400 E738.11081
G0 F15000 X109.107 Y128.901
G0 X109.27 Y129.206
G0 X109.96 Y125.76
G0 X111.825 Y125.772
G0 X111.898 Y128.973
G0 X111.436 Y128.973
G1 F2400 E738.61081
G1 F6000 X108.624 Y126.16 E738.7431
G0 F15000 X109.189 Y126.16
G1 F6000 X111.436 Y128.407 E738.84879
G0 F15000 X111.436 Y127.841
G1 F6000 X109.755 Y126.16 E738.92786
G0 F15000 X110.321 Y126.16
G1 F6000 X111.436 Y127.276 E738.98033
G0 F15000 X111.436 Y126.71
G1 F6000 X110.886 Y126.16 E739.0062
G0 F15000 X110.886 Y125.7
G0 X108.058 Y125.7
G0 X108.058 Y126.16
G1 F6000 X111.436 Y129.538 E739.16509
G0 F15000 X111.436 Y130.104
G1 F6000 X107.492 Y126.16 E739.3506
G0 F15000 X106.927 Y126.16
G1 F6000 X107.711 Y126.945 E739.3875
G0 F15000 X107.05 Y126.849
G1 F6000 X106.361 Y126.16 E739.41991
G0 F15000 X105.795 Y126.16
G1 F6000 X106.52 Y126.885 E739.45401
G0 F15000 X106.07 Y127.001
G1 F6000 X105.23 Y126.16 E739.49355
G0 F15000 X104.664 Y126.16
G1 F6000 X105.694 Y127.19 E739.542
G0 F15000 X105.343 Y127.404
G1 F6000 X104.66 Y126.721 E739.57412
G0 F15000 X104.66 Y127.288
G1 F6000 X105.061 Y127.688 E739.59296
G0 F15000 X104.806 Y127.999
G1 F6000 X104.661 Y127.854 E739.59978
G1 F2400 E739.09978
;MESH:NONMESH
G0 F300 X104.661 Y127.854 Z2.8
G0 F15000 X104.2 Y127.854
G0 X104.272 Y125.772
G0 X111.825 Y125.772
G0 X112.172 Y154.228
G0 X114 Y154.57
G0 X114.653 Y155.653
G0 X114.737 Y166.273
G0 X114 Y166.788
;TIME_ELAPSED:887.262984
;LAYER:13
;TYPE:SUPPORT
G1 F2400 E739.59978
G1 F6000 X114.184 Y167.125 E739.61255
G1 X114.466 Y167.459 E739.62709
G1 X114.818 Y167.741 E739.64209
G1 X114.849 Y167.752 E739.64319
G1 X115.066 Y167.926 E739.65244
G1 X115.413 Y168.393 E739.67179
G1 X115.467 Y168.445 E739.67428
G1 X115.721 Y168.979 E739.69395
G1 X115.799 Y169.29 E739.70461
G1 X115.796 Y170.797 E739.75474
G1 X115.552 Y171.437 E739.77752
G1 X115.192 Y171.85 E739.79574
G1 X114.778 Y172.126 E739.81229
G1 X114.448 Y172.396 E739.82647
G1 X114.167 Y172.74 E739.84125
G1 X114 Y173.055 E739.8531
G1 X114 Y166.788 E740.06154
G1 X113.972 Y166.736 E740.06351
G1 X113.842 Y166.318 E740.07807
G1 X113.8 Y165.893 E740.09227
G1 X113.8 Y156.2 E740.41466
G1 X113.6 Y156.2 E740.42132
G1 X113.6 Y175.6 E741.06656
G1 X112 Y175.6 E741.11978
G1 X112 Y175.8 E741.12643
G1 X110.2 Y175.8 E741.1863
G1 X110.2 Y173.961 E741.24746
G1 X110.158 Y173.536 E741.26167
G1 X110.028 Y173.117 E741.27626
G1 X109.816 Y172.73 E741.29094
G1 X109.533 Y172.395 E741.30552
G1 X109.133 Y172.088 E741.32229
G1 X109.009 Y172.014 E741.3271
G1 X108.506 Y171.519 E741.35057
G1 X108.258 Y170.974 E741.37048
G1 X108.201 Y170.713 E741.37937
G1 X108.204 Y169.203 E741.42959
G1 X108.46 Y168.533 E741.45345
G1 X108.791 Y168.161 E741.47001
G1 X109.234 Y167.866 E741.48771
G1 X109.56 Y167.597 E741.50177
G1 X109.834 Y167.26 E741.51621
G1 X110 Y166.946 E741.52803
G1 X110 Y173.065 E741.73155
G1 F2400 E741.23155
G0 F15000 X109.228 Y173.455
G0 X109.347 Y176.653
G0 X114.653 Y176.653
G0 X121.394 Y172.622
G0 X122 Y172.005
G1 F2400 E741.73155
G1 F6000 X122 Y168.021 E741.86405
G1 X121.792 Y168.161 E741.87239
G1 X121.46 Y168.533 E741.88898
G1 X121.204 Y169.203 E741.91283
G1 X121.201 Y170.713 E741.96306
G1 X121.258 Y170.974 E741.97194
G1 X121.506 Y171.519 E741.99186
G1 X122.009 Y172.014 E742.01533
G1 X122.133 Y172.088 E742.02013
G1 X122.533 Y172.395 E742.0369
G1 X122.816 Y172.73 E742.05149
G1 X123.028 Y173.117 E742.06616
G1 X123.158 Y173.536 E742.08076
G1 X123.2 Y173.961 E742.09496
G1 X123.2 Y175.8 E742.15613
G1 X124 Y175.8 E742.18273
G1 X124 Y175.6 E742.18939
G1 X126 Y175.6 E742.25591
G1 X126 Y175.8 E742.26256
G1 X126.8 Y175.8 E742.28917
G1 X126.8 Y173.943 E742.35093
G1 X126.837 Y173.55 E742.36406
G1 X126.963 Y173.124 E742.37884
G1 X127.167 Y172.74 E742.3933
G1 X127.448 Y172.396 E742.40807
G1 X127.778 Y172.126 E742.42225
G1 X128.192 Y171.85 E742.4388
G1 X128.552 Y171.437 E742.45702
G1 X128.796 Y170.797 E742.47981
G1 X128.799 Y169.29 E742.52993
G1 X128.736 Y169.019 E742.53918
G1 X128.48 Y168.46 E742.55963
G1 X128 Y167.994 E742.58188
G1 X128 Y171.978 E742.71439
G1 F2400 E742.21439
G0 F15000 X126.4 Y172.282
;TYPE:SUPPORT-INTERFACE
G1 F2400 E742.71439
G1 F6000 X123.6 Y175.082 E742.84609
G0 F15000 X123.6 Y174.512
G1 F6000 X124.488 Y175.4 E742.88786
G1 F2400 E742.38786
G0 F15000 X126.401 Y173.919
G1 F2400 E742.88786
G1 F6000 X123.6 Y171.118 E743.01961
G0 F15000 X123.6 Y171.688
G1 F6000 X126.4 Y168.888 E743.15132
G1 F2400 E742.65132
G0 F15000 X126.401 Y170.524
G1 F2400 E743.15132
G1 F6000 X123.6 Y167.724 E743.28304
G0 F15000 X123.6 Y168.294
G1 F6000 X126.4 Y165.493 E743.41477
G1 F2400 E742.91477
G0 F15000 X126.401 Y167.13
G1 F2400 E743.41477
G1 F6000 X123.6 Y164.329 E743.54652
G0 F15000 X123.6 Y164.899
G1 F6000 X126.4 Y162.099 E743.67822
G1 F2400 E743.17822
G0 F15000 X126.401 Y163.736
G1 F2400 E743.67822
G1 F6000 X123.6 Y160.935 E743.80998
G0 F15000 X123.6 Y161.505
G1 F6000 X126.4 Y158.705 E743.94168
G1 F2400 E743.44168
G0 F15000 X126.401 Y160.342
G1 F2400 E743.94168
G1 F6000 X123.6 Y157.541 E744.07343
G0 F15000 X123.6 Y158.111
G1 F6000 X125.912 Y155.8 E744.18215
G0 F15000 X125.253 Y155.8
G1 F6000 X126.401 Y156.948 E744.23615
G1 F2400 E743.73615
G0 F15000 X127.666 Y156.948
G0 X129.663 Y169.192
G0 X129.66 Y170.957
G0 X127.653 Y176.653
G0 X122.347 Y176.653
G0 X114.665 Y157.524
G0 X113.4 Y157.524
G1 F2400 E744.23615
G1 F6000 X111.677 Y155.8 E744.31722
G0 F15000 X112.335 Y155.8
G1 F6000 X110.6 Y157.535 E744.39883
G0 F15000 X110.599 Y158.117
G1 F6000 X113.4 Y160.918 E744.53058
G0 F15000 X113.399 Y161.524
G1 F6000 X110.6 Y164.323 E744.66224
G0 F15000 X110.599 Y164.905
G1 F6000 X113.4 Y167.706 E744.79399
G0 F15000 X113.399 Y168.312
G1 F6000 X110.6 Y171.111 E744.92564
G0 F15000 X110.599 Y171.693
G1 F6000 X113.4 Y174.494 E745.05739
G0 F15000 X113.399 Y175.1
G1 F6000 X113.099 Y175.401 E745.07153
G1 F2400 E744.57153
G0 F15000 X110.912 Y175.4
G1 F2400 E745.07153
G1 F6000 X110.599 Y175.087 E745.08625
G0 F15000 X110.6 Y174.505
G1 F6000 X113.399 Y171.706 E745.21791
G0 F15000 X113.4 Y171.1
G1 F6000 X110.599 Y168.299 E745.34966
G0 F15000 X110.6 Y167.717
G1 F6000 X113.399 Y164.918 E745.48132
G0 F15000 X113.4 Y164.312
G1 F6000 X110.599 Y161.511 E745.61307
G0 F15000 X110.6 Y160.929
G1 F6000 X113.399 Y158.13 E745.74472
G1 F2400 E745.24472
;MESH:Limiter bracketV2.stl
G0 F15000 X114.665 Y158.13
G0 X114.653 Y155.653
G0 X119.424 Y154.4
;TYPE:WALL-INNER
G1 F2400 E745.74472
G1 F6000 X132.9 Y154.4 E746.19294
G1 X132.9 Y125.6 E747.15083
G1 X104.1 Y125.6 E748.10872
G1 X104.1 Y154.4 E749.06661
G1 X119.424 Y154.4 E749.57629
G1 F2400 E749.07629
G0 F15000 X130.265 Y154.57
G0 X130.265 Y153.768
G0 X130.265 Y153.588
G1 F2400 E749.57629
G1 F6000 X129.723 Y153.588 E749.59432
G1 X129.191 Y153.448 E749.61261
G1 X128.713 Y153.166 E749.63107
G1 X128.33 Y152.789 E749.64895
G1 X128.052 Y152.306 E749.66748
G1 X127.908 Y151.771 E749.68591
G1 X127.908 Y151.218 E749.7043
G1 X128.061 Y150.686 E749.72271
G1 X128.336 Y150.206 E749.74111
G1 X128.715 Y149.829 E749.75889
G1 X129.186 Y149.561 E749.77692
G1 X129.718 Y149.408 E749.79533
G1 X130.275 Y149.408 E749.81386
G1 X130.806 Y149.552 E749.83215
G1 X131.288 Y149.83 E749.85066
G1 X131.666 Y150.212 E749.86854
G1 X131.945 Y150.686 E749.88683
G1 X132.088 Y151.222 E749.90528
G1 X132.088 Y151.765 E749.92334
G1 X131.947 Y152.311 E749.9421
G1 X131.665 Y152.789 E749.96055
G1 X131.289 Y153.165 E749.97824
G1 X130.809 Y153.448 E749.99677
G1 X130.265 Y153.588 E750.01546
G1 F2400 E749.51546
G0 F15000 X131.191 Y153.051
G0 X131.551 Y152.691
G0 X131.806 Y152.248
G0 X131.939 Y151.755
G0 X131.939 Y151.245
G0 X131.806 Y150.752
G0 X131.551 Y150.309
G0 X130.271 Y149.228
G0 X130.271 Y131.768
G0 X130.271 Y131.588
G1 F2400 E750.01546
G1 F6000 X129.719 Y131.588 E750.03382
G1 X129.185 Y131.439 E750.05226
G1 X128.721 Y131.173 E750.07004
G1 X128.329 Y130.785 E750.08839
G1 X128.05 Y130.289 E750.10732
G1 X127.914 Y129.778 E750.1249
G1 X127.907 Y129.226 E750.14327
G1 X128.053 Y128.691 E750.16171
G1 X128.327 Y128.217 E750.17992
G1 X128.725 Y127.814 E750.19876
G1 X128.923 Y127.681 E750.20669
G1 X129.379 Y127.493 E750.2231
G1 X129.738 Y127.408 E750.23537
G1 X130.275 Y127.408 E750.25323
G1 X130.806 Y127.552 E750.27153
G1 X131.288 Y127.83 E750.29003
G1 X131.666 Y128.212 E750.30791
G1 X131.945 Y128.686 E750.3262
G1 X132.088 Y129.222 E750.34465
G1 X132.088 Y129.765 E750.36271
G1 X131.947 Y130.311 E750.38147
G1 X131.665 Y130.789 E750.39993
G1 X131.287 Y131.167 E750.41771
G1 X130.81 Y131.448 E750.43612
G1 X130.271 Y131.588 E750.45464
G1 F2400 E749.95464
G0 F15000 X128.599 Y131.308
G0 X108.403 Y131.306
G0 X107.275 Y131.588
G1 F2400 E750.45464
G1 F6000 X106.723 Y131.588 E750.473
G1 X106.19 Y131.448 E750.49133
G1 X105.715 Y131.169 E750.50965
G1 X105.33 Y130.788 E750.52767
G1 X105.051 Y130.305 E750.54622
G1 X104.908 Y129.766 E750.56477
G1 X104.908 Y129.222 E750.58286
G1 X105.053 Y128.691 E750.60117
G1 X105.329 Y128.213 E750.61953
G1 X105.713 Y127.829 E750.63759
G1 X106.193 Y127.552 E750.65602
G1 X106.734 Y127.408 E750.67464
G1 X107.275 Y127.408 E750.69264
G1 X107.806 Y127.552 E750.71094
G1 X108.288 Y127.83 E750.72944
G1 X108.669 Y128.215 E750.74746
G1 X108.948 Y128.69 E750.76578
G1 X109.089 Y129.226 E750.78421
G1 X109.083 Y129.774 E750.80244
G1 X108.941 Y130.321 E750.82124
G1 X108.662 Y130.792 E750.83945
G1 X108.279 Y131.173 E750.85741
G1 X107.814 Y131.439 E750.87523
G1 X107.275 Y131.588 E750.89383
G1 F2400 E750.39383
G0 F15000 X107.265 Y149.228
G0 X107.265 Y153.588
G1 F2400 E750.89383
G1 F6000 X106.723 Y153.588 E750.91186
G1 X106.191 Y153.448 E750.93016
G1 X105.713 Y153.166 E750.94861
G1 X105.33 Y152.789 E750.96649
G1 X105.051 Y152.305 E750.98507
G1 X104.908 Y151.766 E751.00362
G1 X104.908 Y151.222 E751.02171
G1 X105.053 Y150.691 E751.04002
G1 X105.329 Y150.213 E751.05838
G1 X105.713 Y149.829 E751.07644
G1 X106.191 Y149.553 E751.0948
G1 X106.722 Y149.408 E751.11311
G1 X107.279 Y149.408 E751.13163
G1 X107.814 Y149.56 E751.15013
G1 X108.286 Y149.83 E751.16822
G1 X108.676 Y150.226 E751.1867
G1 X108.939 Y150.685 E751.2043
G1 X109.088 Y151.219 E751.22274
G1 X109.088 Y151.771 E751.2411
G1 X108.948 Y152.31 E751.25962
G1 X108.667 Y152.787 E751.27803
G1 X108.289 Y153.165 E751.29581
G1 X107.809 Y153.448 E751.31434
G1 X107.265 Y153.588 E751.33303
G0 F15000 X107.227 Y153.186
;TYPE:WALL-OUTER
G1 F6000 X106.753 Y153.182 E751.34879
G1 X106.344 Y153.074 E751.36286
G1 X105.943 Y152.831 E751.37846
G1 X105.647 Y152.539 E751.39229
G1 X105.418 Y152.129 E751.40791
G1 X105.31 Y151.727 E751.42175
G1 X105.308 Y151.276 E751.43675
G1 X105.438 Y150.824 E751.45239
G1 X105.666 Y150.442 E751.46719
G1 X105.942 Y150.166 E751.48017
G1 X106.324 Y149.938 E751.49497
G1 X106.777 Y149.808 E751.51064
G1 X107.245 Y149.814 E751.52621
G1 X107.629 Y149.918 E751.53944
G1 X108.029 Y150.142 E751.55469
G1 X108.342 Y150.455 E751.56941
G1 X108.572 Y150.844 E751.58444
G1 X108.682 Y151.253 E751.59853
G1 X108.688 Y151.719 E751.61403
G1 X108.575 Y152.156 E751.62904
G1 X108.33 Y152.558 E751.6447
G1 X108.018 Y152.861 E751.65917
G1 X107.654 Y153.075 E751.67321
G1 X107.227 Y153.186 E751.68789
G1 F2400 E751.18789
G0 F15000 X107.308 Y153.488
G0 X108.812 Y152.897
G0 X108.812 Y154.57
G0 X119.508 Y154.8
G1 F2400 E751.68789
G1 F6000 X133.3 Y154.8 E752.14661
G1 X133.3 Y125.2 E753.13111
G1 X103.7 Y125.2 E754.11561
G1 X103.7 Y154.8 E755.10011
G1 X119.508 Y154.8 E755.62589
G1 F2400 E755.12589
G0 F15000 X119.508 Y154.49
G0 X130.308 Y154.57
G0 X130.286 Y153.769
G0 X130.227 Y153.186
G1 F2400 E755.62589
G1 F6000 X129.753 Y153.182 E755.64165
G1 X129.344 Y153.074 E755.65572
G1 X128.943 Y152.831 E755.67132
G1 X128.647 Y152.539 E755.68515
G1 X128.418 Y152.129 E755.70077
G1 X128.308 Y151.719 E755.71488
G1 X128.308 Y151.276 E755.72962
G1 X128.428 Y150.844 E755.74453
G1 X128.644 Y150.468 E755.75895
G1 X128.96 Y150.15 E755.77386
G1 X129.344 Y149.928 E755.78862
G1 X129.778 Y149.808 E755.80359
G1 X130.245 Y149.814 E755.81913
G1 X130.629 Y149.918 E755.83236
G1 X131.04 Y150.148 E755.84802
G1 X131.361 Y150.482 E755.86343
G1 X131.575 Y150.845 E755.87745
G1 X131.682 Y151.253 E755.89148
G1 X131.686 Y151.727 E755.90724
G1 X131.575 Y152.156 E755.92198
G1 X131.33 Y152.558 E755.93764
G1 X131.018 Y152.861 E755.9521
G1 X130.654 Y153.075 E755.96615
G1 X130.227 Y153.186 E755.98082
G1 F2400 E755.48082
G0 F15000 X130.308 Y153.488
G0 X131.191 Y153.051
G0 X131.551 Y152.691
G0 X131.806 Y152.248
G0 X131.939 Y151.755
G0 X131.939 Y151.245
G0 X131.806 Y150.752
G0 X131.551 Y150.309
G0 X130.3 Y149.227
G0 X130.296 Y131.769
G0 X130.243 Y131.182
G1 F2400 E755.98082
G1 F6000 X129.777 Y131.188 E755.99632
G1 X129.345 Y131.075 E756.01117
G1 X128.97 Y130.853 E756.02567
G1 X128.648 Y130.538 E756.04065
G1 X128.431 Y130.163 E756.05506
G1 X128.314 Y129.745 E756.0695
G1 X128.308 Y129.277 E756.08506
G1 X128.438 Y128.824 E756.10074
G1 X128.665 Y128.443 E756.11549
G1 X129.038 Y128.066 E756.13313
G1 X129.567 Y127.852 E756.15211
G1 X129.769 Y127.811 E756.15896
G1 X130.245 Y127.814 E756.1748
G1 X130.629 Y127.918 E756.18803
G1 X131.04 Y128.148 E756.20369
G1 X131.361 Y128.482 E756.2191
G1 X131.575 Y128.845 E756.23312
G1 X131.682 Y129.253 E756.24715
G1 X131.686 Y129.727 E756.26291
G1 X131.575 Y130.156 E756.27765
G1 X131.33 Y130.558 E756.29331
G1 X131.018 Y130.861 E756.30777
G1 X130.654 Y131.075 E756.32182
G1 X130.243 Y131.182 E756.33594
G1 F2400 E755.83594
G0 F15000 X130.324 Y131.484
G0 X128.599 Y131.308
G0 X108.403 Y131.306
G0 X107.243 Y131.182
G1 F2400 E756.33594
G1 F6000 X106.777 Y131.188 E756.35144
G1 X106.344 Y131.074 E756.36634
G1 X105.943 Y130.831 E756.38193
G1 X105.647 Y130.539 E756.39576
G1 X105.418 Y130.129 E756.41138
G1 X105.31 Y129.727 E756.42522
G1 X105.308 Y129.276 E756.44023
G1 X105.438 Y128.824 E756.45587
G1 X105.666 Y128.442 E756.47066
G1 X105.942 Y128.166 E756.48365
G1 X106.324 Y127.938 E756.49844
G1 X106.769 Y127.811 E756.51383
G1 X107.245 Y127.814 E756.52967
G1 X107.629 Y127.918 E756.5429
G1 X108.04 Y128.148 E756.55856
G1 X108.361 Y128.482 E756.57397
G1 X108.575 Y128.845 E756.58799
G1 X108.682 Y129.253 E756.60202
G1 X108.687 Y129.72 E756.61755
G1 X108.576 Y130.147 E756.63222
G1 X108.348 Y130.538 E756.64728
G1 X108.049 Y130.838 E756.66136
G1 X107.656 Y131.072 E756.67658
G1 X107.243 Y131.182 E756.69079
G1 F2400 E756.19079
G0 F15000 X107.324 Y131.484
G0 X108.191 Y131.051
G0 X108.551 Y130.691
G0 X109.27 Y129.206
G0 X109.96 Y125.76
G0 X111.825 Y125.772
G0 X111.898 Y129.063
G0 X111.677 Y129.063
;TYPE:FILL
G1 F2400 E756.69079
G1 F12000 X112.32 Y129.707 E756.72106
G0 F15000 X112.319 Y128.857
G1 F12000 X111.678 Y129.029 E756.74314
G0 F15000 X111.898 Y129.029
G0 X112.1 Y134.509
G0 X112.32 Y134.509
G1 F12000 X111.678 Y136.903 E756.82557
G0 F15000 X111.678 Y137.311
G1 F12000 X112.32 Y137.139 E756.84768
G0 F15000 X112.1 Y137.139
G0 X111.899 Y140.378
G0 X111.678 Y140.378
G1 F12000 X112.32 Y141.02 E756.87788
G0 F15000 X112.1 Y141.02
G0 X112.1 Y145.422
G0 X112.319 Y145.422
G1 F12000 X111.679 Y145.593 E756.89991
G0 F15000 X111.899 Y145.593
G0 X111.899 Y151.692
G0 X111.678 Y151.692
G1 F12000 X112.32 Y152.334 E756.93011
G0 F15000 X112.1 Y152.334
G0 X112.1 Y153.704
G0 X112.32 Y153.704
G1 F12000 X111.679 Y153.875 E756.95217
G0 F15000 X111.899 Y153.875
G0 X112.172 Y154.228
G0 X124.828 Y154.228
G0 X124.9 Y153.38
G0 X124.68 Y153.38
G1 F12000 X125.322 Y154.022 E756.98237
G0 F15000 X125.102 Y154.021
G0 X124.9 Y150.392
G0 X124.681 Y150.392
G1 F12000 X125.321 Y150.22 E757.00441
G0 F15000 X124.68 Y150.198
G1 F12000 X125.321 Y147.806 E757.08678
G0 F15000 X125.102 Y147.805
G0 X125.102 Y142.707
G0 X125.322 Y142.708
G1 F12000 X124.68 Y142.066 E757.11698
G1 X124.68 Y142.11
G1 X125.32 Y141.938 E757.13902
G0 F15000 X125.102 Y141.937
G0 X124.9 Y133.827
G0 X124.68 Y133.827
G1 F12000 X125.321 Y133.656 E757.16108
G0 F15000 X125.102 Y133.655
G0 X125.102 Y131.394
G0 X125.322 Y131.395
G1 F12000 X124.68 Y130.753 E757.19128
G0 F15000 X124.9 Y130.753
G0 X124.828 Y154.228
G0 X119.348 Y154.3
G0 X119.348 Y154.04
;TYPE:SKIN
G1 F6000 X112.36 Y154.04 E757.4237
G1 X112.36 Y125.96 E758.35765
G1 X124.64 Y125.96 E758.76608
G1 X124.64 Y154.04 E759.70003
G1 X119.348 Y154.04 E759.87604
G0 F15000 X119.348 Y154.3
G0 X123.911 Y154.3
G0 X123.911 Y153.84
G1 F6000 X124.44 Y153.311 E759.90092
G0 F15000 X124.44 Y152.746
G1 F6000 X123.346 Y153.84 E759.95238
G0 F15000 X122.78 Y153.84
G1 F6000 X124.44 Y152.18 E760.03046
G0 F15000 X124.44 Y151.614
G1 F6000 X122.214 Y153.84 E760.13517
G0 F15000 X121.649 Y153.84
G1 F6000 X124.44 Y151.049 E760.26645
G0 F15000 X124.44 Y150.483
G1 F6000 X121.083 Y153.84 E760.42435
G0 F15000 X120.517 Y153.84
G1 F6000 X124.44 Y149.917 E760.60887
G0 F15000 X124.44 Y149.352
G1 F6000 X119.951 Y153.84 E760.82
G0 F15000 X119.386 Y153.84
G1 F6000 X124.44 Y148.786 E761.05772
G0 F15000 X124.44 Y148.22
G1 F6000 X118.82 Y153.84 E761.32207
G0 F15000 X118.254 Y153.84
G1 F6000 X124.44 Y147.655 E761.61302
G0 F15000 X124.44 Y147.089
G1 F6000 X117.689 Y153.84 E761.93057
G0 F15000 X117.123 Y153.84
G1 F6000 X124.44 Y146.523 E762.27473
G0 F15000 X124.44 Y145.957
G1 F6000 X116.557 Y153.84 E762.64553
G0 F15000 X115.992 Y153.84
G1 F6000 X124.44 Y145.392 E763.04289
G0 F15000 X124.44 Y144.826
G1 F6000 X115.426 Y153.84 E763.46689
G0 F15000 X114.86 Y153.84
G1 F6000 X124.44 Y144.26 E763.9175
G0 F15000 X124.44 Y143.695
G1 F6000 X114.295 Y153.84 E764.39469
G0 F15000 X113.729 Y153.84
G1 F6000 X124.44 Y143.129 E764.8985
G0 F15000 X124.44 Y142.563
G1 F6000 X113.163 Y153.84 E765.42894
G0 F15000 X112.598 Y153.84
G1 F6000 X124.44 Y141.998 E765.98595
G0 F15000 X124.44 Y141.432
G1 F6000 X112.56 Y153.312 E766.54475
G0 F15000 X112.56 Y152.746
G1 F6000 X124.44 Y140.866 E767.10355
G0 F15000 X124.44 Y140.301
G1 F6000 X112.56 Y152.181 E767.66234
G0 F15000 X112.56 Y151.615
G1 F6000 X124.44 Y139.735 E768.22114
G0 F15000 X124.44 Y139.169
G1 F6000 X112.56 Y151.049 E768.77994
G0 F15000 X112.56 Y150.484
G1 F6000 X124.44 Y138.604 E769.33874
G0 F15000 X124.44 Y138.038
G1 F6000 X112.56 Y149.918 E769.89754
G0 F15000 X112.56 Y149.352
G1 F6000 X124.44 Y137.472 E770.45634
G0 F15000 X124.44 Y136.906
G1 F6000 X112.56 Y148.787 E771.01516
G0 F15000 X112.56 Y148.221
G1 F6000 X124.44 Y136.341 E771.57396
G0 F15000 X124.44 Y135.775
G1 F6000 X112.56 Y147.655 E772.13276
G0 F15000 X112.56 Y147.09
G1 F6000 X124.44 Y135.209 E772.69158
G0 F15000 X124.44 Y134.644
G1 F6000 X112.56 Y146.524 E773.25038
G0 F15000 X112.56 Y145.958
G1 F6000 X124.44 Y134.078 E773.80918
G0 F15000 X124.44 Y133.512
G1 F6000 X112.56 Y145.392 E774.36798
G0 F15000 X112.56 Y144.827
G1 F6000 X124.44 Y132.947 E774.92678
G0 F15000 X124.44 Y132.381
G1 F6000 X112.56 Y144.261 E775.48557
G0 F15000 X112.56 Y143.695
G1 F6000 X124.44 Y131.815 E776.04437
G0 F15000 X124.44 Y131.25
G1 F6000 X112.56 Y143.13 E776.60317
G0 F15000 X112.56 Y142.564
G1 F6000 X124.44 Y130.684 E777.16197
G0 F15000 X124.44 Y130.118
G1 F6000 X112.56 Y141.998 E777.72077
G0 F15000 X112.56 Y141.433
G1 F6000 X124.44 Y129.553 E778.27957
G0 F15000 X124.44 Y128.987
G1 F6000 X112.56 Y140.867 E778.83837
G0 F15000 X112.56 Y140.301
G1 F6000 X124.44 Y128.421 E779.39717
G0 F15000 X124.44 Y127.856
G1 F6000 X112.56 Y139.736 E779.95597
G0 F15000 X112.56 Y139.17
G1 F6000 X124.44 Y127.29 E780.51476
G0 F15000 X124.44 Y126.724
G1 F6000 X112.56 Y138.604 E781.07356
G0 F15000 X112.56 Y138.039
G1 F6000 X124.439 Y126.16 E781.63231
G0 F15000 X123.873 Y126.16
G1 F6000 X112.56 Y137.473 E782.16444
G0 F15000 X112.56 Y136.907
G1 F6000 X123.307 Y126.16 E782.66995
G0 F15000 X122.742 Y126.16
G1 F6000 X112.56 Y136.342 E783.14888
G0 F15000 X112.56 Y135.776
G1 F6000 X122.176 Y126.16 E783.60119
G0 F15000 X121.61 Y126.16
G1 F6000 X112.56 Y135.21 E784.02687
G0 F15000 X112.56 Y134.644
G1 F6000 X121.045 Y126.16 E784.42596
G0 F15000 X120.479 Y126.16
G1 F6000 X112.56 Y134.079 E784.79844
G0 F15000 X112.56 Y133.513
G1 F6000 X119.913 Y126.16 E785.1443
G0 F15000 X119.348 Y126.16
G1 F6000 X112.56 Y132.947 E785.46357
G0 F15000 X112.56 Y132.382
G1 F6000 X118.782 Y126.16 E785.75623
G0 F15000 X118.216 Y126.16
G1 F6000 X112.56 Y131.816 E786.02227
G0 F15000 X112.56 Y131.25
G1 F6000 X117.651 Y126.16 E786.26171
G0 F15000 X117.085 Y126.16
G1 F6000 X112.56 Y130.685 E786.47456
G0 F15000 X112.56 Y130.119
G1 F6000 X116.519 Y126.16 E786.66077
G0 F15000 X115.953 Y126.16
G1 F6000 X112.56 Y129.553 E786.82037
G0 F15000 X112.56 Y128.988
G1 F6000 X115.388 Y126.16 E786.95339
G0 F15000 X114.822 Y126.16
G1 F6000 X112.56 Y128.422 E787.05979
G0 F15000 X112.56 Y127.856
G1 F6000 X114.256 Y126.16 E787.13956
G0 F15000 X113.691 Y126.16
G1 F6000 X112.56 Y127.291 E787.19276
G0 F15000 X112.56 Y126.725
G1 F6000 X113.125 Y126.16 E787.21934
G1 F2400 E786.71934
G0 F15000 X113.125 Y125.7
G0 X124.828 Y125.772
G0 X125.173 Y154.228
G0 X132.728 Y154.228
G0 X132.8 Y151.141
G0 X132.49 Y151.141
G1 F2400 E787.21934
G1 F4829 X132.493 Y151.822 E787.24748
G0 F15000 X132.8 Y151.822
G0 X132.8 Y153.565
G0 X132.133 Y153.565
G1 F4363.6 X132.099 Y153.624 E787.2506
G1 X132.031 Y153.624 E787.25371
G1 X131.997 Y153.565 E787.25682
G1 X132.031 Y153.506 E787.25993
G1 X132.099 Y153.506 E787.26304
G1 X132.133 Y153.565 E787.26616
G0 F15000 X132.54 Y154.04
G1 F6000 X130.959 Y154.04 E787.31874
G1 F5333.3 X130.343 Y153.99 E787.34187
G1 X130.978 Y153.765 E787.36707
G1 F6000 X131.482 Y153.469 E787.38651
G1 X131.934 Y153.031 E787.40745
G1 X132.269 Y152.474 E787.42907
G1 F5369.1 X132.493 Y151.822 E787.45469
G1 X132.54 Y152.453 E787.47821
G1 F6000 X132.54 Y154.04 E787.53099
G1 F2400 E787.03099
G0 F15000 X132.8 Y154.04
G0 X132.7 Y153.689
G0 X131.396 Y153.312
G0 X130.343 Y153.99
G1 F2400 E787.53099
G1 F4800 X129.641 Y153.99 E787.56018
G1 F5333.3 X129.041 Y154.04 E787.58271
G1 F6000 X125.361 Y154.039 E787.7051
G1 X125.361 Y125.961 E788.63898
G1 X132.54 Y125.96 E788.87776
G1 X132.54 Y128.541 E788.9636
G1 F5333.3 X132.49 Y129.141 E788.98613
G1 X132.269 Y128.522 E789.01072
G1 F6000 X131.969 Y128.014 E789.03035
G1 X131.507 Y127.54 E789.05236
G1 X130.92 Y127.206 E789.07482
G1 X130.344 Y127.054 E789.09464
G1 X129.685 Y127.05 E789.11656
G1 X129.264 Y127.153 E789.13097
G1 X128.787 Y127.347 E789.1481
G1 X128.496 Y127.537 E789.15966
G1 X128.061 Y127.971 E789.1801
G1 X127.731 Y128.522 E789.20146
G1 X127.554 Y129.147 E789.22306
G1 X127.551 Y129.803 E789.24488
G1 X127.725 Y130.455 E789.26733
G1 X128.034 Y131.002 E789.28822
G1 X128.485 Y131.449 E789.30934
G1 X129.075 Y131.787 E789.33196
G1 X129.675 Y131.948 E789.35262
G1 X130.343 Y131.942 E789.37484
G1 X130.951 Y131.783 E789.39574
G1 X131.482 Y131.469 E789.41626
G1 X131.934 Y131.031 E789.43719
G1 X132.269 Y130.474 E789.45881
G1 F5369.1 X132.493 Y129.822 E789.48443
G1 X132.54 Y130.453 E789.50795
G1 F6000 X132.54 Y150.541 E790.17608
G1 F5333.3 X132.49 Y151.141 E790.19861
G1 X132.269 Y150.522 E790.2232
G1 F6000 X131.969 Y150.014 E790.24283
G1 X131.509 Y149.536 E790.26489
G1 X130.944 Y149.212 E790.28655
G1 X130.344 Y149.054 E790.30719
G1 X129.66 Y149.051 E790.32994
G1 X129.069 Y149.209 E790.35029
G1 X128.507 Y149.534 E790.37188
G1 X128.048 Y149.979 E790.39314
G1 X127.709 Y150.571 E790.41583
G1 X127.554 Y151.148 E790.4357
G1 X127.551 Y151.823 E790.45815
G1 X127.711 Y152.431 E790.47907
G1 X128.04 Y153.008 E790.50116
G1 X128.479 Y153.439 E790.52162
G1 X129.021 Y153.768 E790.54271
G1 F5333.3 X129.641 Y153.99 E790.56735
G0 F15000 X129.641 Y154.3
G0 X132.728 Y154.228
G0 X132.8 Y129.822
G0 X132.493 Y129.822
G1 F4829 X132.49 Y129.141 E790.59549
G0 F15000 X132.8 Y129.141
G0 X132.728 Y125.772
G0 X126.135 Y125.7
G0 X126.135 Y126.161
G1 F6000 X125.561 Y126.735 E790.62249
G0 F15000 X125.561 Y127.3
G1 F6000 X126.701 Y126.161 E790.67609
G0 F15000 X127.266 Y126.161
G1 F6000 X125.561 Y127.866 E790.75629
G0 F15000 X125.561 Y128.432
G1 F6000 X127.832 Y126.161 E790.86311
G0 F15000 X128.398 Y126.161
G1 F6000 X125.561 Y128.997 E790.99653
G0 F15000 X125.561 Y129.563
G1 F6000 X128.964 Y126.161 E791.15657
G0 F15000 X129.53 Y126.16
G1 F6000 X125.561 Y130.129 E791.34326
G0 F15000 X125.561 Y130.695
G1 F6000 X127.435 Y128.82 E791.43143
G0 F15000 X127.35 Y129.471
G1 F6000 X125.561 Y131.26 E791.51558
G0 F15000 X125.561 Y131.826
G1 F6000 X127.394 Y129.993 E791.6018
G0 F15000 X127.509 Y130.444
G1 F6000 X125.561 Y132.392 E791.69343
G0 F15000 X125.561 Y132.957
G1 F6000 X127.7 Y130.818 E791.79404
G0 F15000 X127.917 Y131.167
G1 F6000 X125.561 Y133.523 E791.90486
G0 F15000 X125.561 Y134.089
G1 F6000 X128.201 Y131.449 E792.02904
G0 F15000 X128.517 Y131.698
G1 F6000 X125.561 Y134.654 E792.16808
G0 F15000 X125.561 Y135.22
G1 F6000 X128.877 Y131.904 E792.32405
G0 F15000 X129.294 Y132.052
G1 F6000 X125.561 Y135.786 E792.49966
G0 F15000 X125.561 Y136.351
G1 F6000 X129.765 Y132.148 E792.69738
G0 F15000 X130.33 Y132.148
G1 F6000 X125.561 Y136.917 E792.9217
G0 F15000 X125.561 Y137.483
G1 F6000 X131.143 Y131.901 E793.18426
G0 F15000 X130.911 Y131.504
G0 X131.396 Y131.312
G0 X132.7 Y131.312
G0 X132.34 Y131.835
G1 F6000 X125.561 Y138.614 E793.50313
G0 F15000 X125.561 Y139.18
G1 F6000 X132.34 Y132.401 E793.82199
G0 F15000 X132.34 Y132.966
G1 F6000 X125.561 Y139.746 E794.14088
G0 F15000 X125.561 Y140.311
G1 F6000 X132.34 Y133.532 E794.45974
G0 F15000 X132.34 Y134.098
G1 F6000 X125.561 Y140.877 E794.7786
G0 F15000 X125.561 Y141.443
G1 F6000 X132.34 Y134.664 E795.09747
G0 F15000 X132.34 Y135.229
G1 F6000 X125.561 Y142.008 E795.41633
G0 F15000 X125.561 Y142.574
G1 F6000 X132.34 Y135.795 E795.73519
G0 F15000 X132.34 Y136.361
G1 F6000 X125.561 Y143.14 E796.05406
G0 F15000 X125.561 Y143.705
G1 F6000 X132.34 Y136.926 E796.37292
G0 F15000 X132.34 Y137.492
G1 F6000 X125.561 Y144.271 E796.69178
G0 F15000 X125.561 Y144.837
G1 F6000 X132.34 Y138.058 E797.01065
G0 F15000 X132.34 Y138.623
G1 F6000 X125.561 Y145.402 E797.32951
G0 F15000 X125.561 Y145.968
G1 F6000 X132.34 Y139.189 E797.64837
G0 F15000 X132.34 Y139.755
G1 F6000 X125.561 Y146.534 E797.96724
G0 F15000 X125.561 Y147.099
G1 F6000 X132.34 Y140.32 E798.2861
G0 F15000 X132.34 Y140.886
G1 F6000 X125.561 Y147.665 E798.60496
G0 F15000 X125.561 Y148.231
G1 F6000 X132.34 Y141.452 E798.92383
G0 F15000 X132.34 Y142.017
G1 F6000 X125.561 Y148.796 E799.24269
G0 F15000 X125.561 Y149.362
G1 F6000 X132.34 Y142.583 E799.56155
G0 F15000 X132.34 Y143.149
G1 F6000 X125.561 Y149.928 E799.88042
G0 F15000 X125.561 Y150.494
G1 F6000 X132.34 Y143.715 E800.19928
G0 F15000 X132.34 Y144.28
G1 F6000 X125.561 Y151.059 E800.51814
G0 F15000 X125.561 Y151.625
G1 F6000 X132.34 Y144.846 E800.83701
G0 F15000 X132.34 Y145.412
G1 F6000 X128.369 Y149.383 E801.02379
G0 F15000 X127.876 Y149.876
G1 F6000 X125.561 Y152.191 E801.13268
G0 F15000 X125.561 Y152.756
G1 F6000 X127.412 Y150.905 E801.21975
G0 F15000 X127.351 Y151.532
G1 F6000 X125.561 Y153.322 E801.30394
G0 F15000 X125.609 Y153.84
G1 F6000 X127.403 Y152.046 E801.38833
G0 F15000 X127.52 Y152.494
G1 F6000 X126.175 Y153.84 E801.45162
G0 F15000 X126.74 Y153.84
G1 F6000 X127.724 Y152.856 E801.4979
G0 F15000 X127.947 Y153.198
G1 F6000 X127.306 Y153.84 E801.52807
G0 F15000 X127.872 Y153.84
G1 F6000 X128.234 Y153.478 E801.5451
G0 F15000 X128.554 Y153.723
G1 F6000 X128.437 Y153.84 E801.5506
G1 F2400 E801.0506
G0 F15000 X128.437 Y154.3
G0 X129.525 Y154.2
G0 X129.644 Y153.753
G0 X129.404 Y148.913
G1 F2400 E801.5506
G1 F6000 X132.34 Y145.977 E801.68871
G0 F15000 X132.34 Y146.543
G1 F6000 X130.035 Y148.848 E801.79713
G0 F15000 X130.547 Y148.902
G1 F6000 X132.34 Y147.109 E801.88146
G0 F15000 X132.34 Y147.674
G1 F6000 X130.995 Y149.019 E801.94473
G0 F15000 X131.359 Y149.221
G1 F6000 X132.34 Y148.24 E801.99087
G0 F15000 X132.34 Y148.806
G1 F6000 X131.701 Y149.445 E802.02093
G0 F15000 X131.98 Y149.731
G1 F6000 X132.34 Y149.371 E802.03786
G0 F15000 X132.34 Y149.937
G1 F6000 X132.224 Y150.053 E802.04332
G1 F2400 E801.54332
G0 F15000 X131.826 Y150.286
G0 X130.3 Y149.227
G0 X132.74 Y146.852
G0 X132.728 Y154.228
G0 X125.173 Y154.228
G0 X125.102 Y138.047
G0 X125.561 Y138.048
G1 F2400 E802.04332
G1 F6000 X132.34 Y131.269 E802.36218
G1 F2400 E801.86218
G0 F15000 X132.8 Y131.269
G0 X132.7 Y128.247
G0 X132.119 Y128.588
G0 X132.201 Y128.014
G1 F2400 E802.36218
G1 F6000 X132.34 Y127.875 E802.36872
G0 F15000 X131.95 Y127.7
G1 F6000 X132.34 Y127.31 E802.38706
G0 F15000 X132.34 Y126.744
G1 F6000 X131.668 Y127.416 E802.41867
G0 F15000 X131.319 Y127.199
G1 F6000 X132.34 Y126.178 E802.4667
G0 F15000 X131.793 Y126.16
G1 F6000 X130.946 Y127.007 E802.50654
G0 F15000 X130.498 Y126.889
G1 F6000 X131.227 Y126.16 E802.54083
G0 F15000 X130.661 Y126.16
G1 F6000 X129.97 Y126.851 E802.57333
G0 F15000 X129.322 Y126.933
G1 F6000 X130.096 Y126.16 E802.60971
G1 F2400 E802.10971
G0 F15000 X130.096 Y125.7
G0 X112.172 Y125.772
G0 X111.827 Y154.228
G0 X104.272 Y154.228
G0 X104.2 Y151.135
G0 X104.508 Y151.135
G1 F2400 E802.60971
G1 F4829 X104.508 Y151.842 E802.63893
G0 F15000 X104.807 Y151.776
G0 X105.483 Y153.079
G0 X105 Y153.568
G1 F4395.6 X104.966 Y153.627 E802.64202
G1 X104.898 Y153.627 E802.64511
G1 X104.864 Y153.568 E802.6482
G1 X104.898 Y153.509 E802.65129
G1 X104.966 Y153.509 E802.65438
G1 X105 Y153.568 E802.65747
G1 F2400 E802.15747
G0 F15000 X105.483 Y153.079
G0 X106.701 Y153.769
G0 X106.701 Y154.2
G0 X106.641 Y153.99
G1 F2400 E802.65747
G1 F5333.3 X106.041 Y154.04 E802.68
G1 F6000 X104.46 Y154.04 E802.73258
G1 X104.46 Y152.446 E802.7856
G1 F5357.1 X104.508 Y151.842 E802.80817
G1 X104.726 Y152.464 E802.83272
G1 F6000 X105.04 Y153.013 E802.85376
G1 X105.48 Y153.44 E802.87415
G1 X106.021 Y153.768 E802.89519
G1 F5333.3 X106.641 Y153.99 E802.91983
G1 F4800 X107.342 Y153.99 E802.94898
G1 F2400 E802.44898
G0 F15000 X107.276 Y153.689
G0 X108.397 Y153.312
G0 X107.974 Y154.24
G0 X111.827 Y154.228
G0 X111.636 Y154.04
G1 F2400 E802.94898
G1 F6000 X107.953 Y154.04 E803.07148
G1 F5333.3 X107.342 Y153.99 E803.09441
G1 X107.975 Y153.768 E803.11951
G1 F6000 X108.487 Y153.465 E803.1393
G1 X108.956 Y153.007 E803.1611
G1 X109.285 Y152.434 E803.18308
G1 X109.446 Y151.827 E803.20397
G1 X109.442 Y151.152 E803.22642
G1 X109.294 Y150.6 E803.24543
G1 X108.974 Y150.028 E803.26723
G1 X108.514 Y149.545 E803.28941
G1 X107.924 Y149.21 E803.31198
G1 X107.321 Y149.048 E803.33274
G1 X106.648 Y149.054 E803.35513
G1 X106.055 Y149.213 E803.37555
G1 X105.488 Y149.54 E803.39732
G1 X105.061 Y149.971 E803.4175
G1 X104.731 Y150.522 E803.43886
G1 F5345.2 X104.508 Y151.135 E803.46321
G1 X104.461 Y150.538 E803.48557
G1 F6000 X104.46 Y130.446 E804.15383
G1 F5357.1 X104.508 Y129.842 E804.1764
G1 X104.726 Y130.464 E804.20096
G1 F6000 X105.04 Y131.013 E804.22199
G1 X105.48 Y131.44 E804.24238
G1 X106.045 Y131.783 E804.26437
G1 X106.653 Y131.942 E804.28527
G1 X107.332 Y131.944 E804.30785
G1 X107.921 Y131.791 E804.32809
G1 X108.535 Y131.425 E804.35187
G1 X108.935 Y131.021 E804.37078
G1 X109.274 Y130.463 E804.39249
G1 X109.438 Y129.831 E804.41421
G1 X109.448 Y129.182 E804.4358
G1 X109.283 Y128.546 E804.45765
G1 X108.968 Y128.017 E804.47813
G1 X108.51 Y127.541 E804.5001
G1 X107.92 Y127.206 E804.52267
G1 X107.344 Y127.054 E804.54248
G1 X106.681 Y127.05 E804.56453
G1 X106.055 Y127.213 E804.58605
G1 X105.488 Y127.54 E804.60782
G1 X105.061 Y127.971 E804.628
G1 X104.731 Y128.522 E804.64936
G1 F5345.2 X104.508 Y129.135 E804.67371
G1 X104.461 Y128.538 E804.69607
G1 F6000 X104.46 Y125.96 E804.78181
G1 X111.636 Y125.96 E805.02049
G1 X111.636 Y154.04 E805.95443
G1 F2400 E805.45443
G0 F15000 X111.899 Y154.04
G0 X104.272 Y154.228
G0 X104.26 Y140.496
G0 X109.262 Y129.741
G0 X104.508 Y129.842
G1 F2400 E805.95443
G1 F4829 X104.508 Y129.135 E805.98365
G0 F15000 X104.2 Y129.135
G0 X104.2 Y126.705
G0 X104.66 Y126.705
G1 F6000 X105.205 Y126.16 E806.00929
G0 F15000 X105.771 Y126.16
G1 F6000 X104.661 Y127.27 E806.0615
G0 F15000 X104.661 Y127.836
G1 F6000 X106.337 Y126.16 E806.14033
G0 F15000 X106.903 Y126.16
G1 F6000 X106.058 Y127.005 E806.18008
G0 F15000 X106.776 Y126.852
G1 F6000 X107.468 Y126.16 E806.21263
G0 F15000 X108.034 Y126.16
G1 F6000 X107.345 Y126.849 E806.24504
G0 F15000 X107.793 Y126.967
G1 F6000 X108.6 Y126.16 E806.28299
G0 F15000 X109.165 Y126.16
G1 F6000 X108.197 Y127.129 E806.32855
G0 F15000 X108.554 Y127.336
G1 F6000 X109.731 Y126.16 E806.38389
G0 F15000 X110.297 Y126.16
G1 F6000 X108.852 Y127.604 E806.45183
G0 F15000 X109.128 Y127.894
G1 F6000 X110.862 Y126.16 E806.5334
G0 F15000 X111.428 Y126.16
G1 F6000 X109.339 Y128.249 E806.63166
G0 F15000 X109.515 Y128.639
G1 F6000 X111.436 Y126.718 E806.72201
G0 F15000 X111.436 Y127.283
G1 F6000 X109.631 Y129.088 E806.80691
G0 F15000 X109.64 Y129.645
G1 F6000 X111.436 Y127.849 E806.89139
G0 F15000 X111.436 Y128.415
G1 F6000 X109.514 Y130.337 E806.9818
G1 F2400 E806.4818
G0 F15000 X109.07 Y130.223
G0 X109.262 Y129.799
G0 X109.96 Y125.76
G0 X111.825 Y125.772
G0 X111.898 Y130.112
G0 X111.436 Y130.112
G1 F2400 E806.9818
G1 F6000 X104.661 Y136.887 E807.30047
G0 F15000 X104.661 Y137.452
G1 F6000 X111.436 Y130.678 E807.61913
G0 F15000 X111.436 Y131.243
G1 F6000 X104.661 Y138.018 E807.9378
G0 F15000 X104.661 Y138.584
G1 F6000 X111.436 Y131.809 E808.25648
G0 F15000 X111.436 Y132.375
G1 F6000 X104.661 Y139.149 E808.57513
G0 F15000 X104.661 Y139.715
G1 F6000 X111.436 Y132.94 E808.8938
G0 F15000 X111.436 Y133.506
G1 F6000 X104.661 Y140.281 E809.21248
G0 F15000 X104.661 Y140.846
G1 F6000 X111.436 Y134.072 E809.53113
G0 F15000 X111.436 Y134.637
G1 F6000 X104.661 Y141.412 E809.8498
G0 F15000 X104.661 Y141.978
G1 F6000 X111.436 Y135.203 E810.16848
G0 F15000 X111.436 Y135.769
G1 F6000 X104.661 Y142.544 E810.48716
G0 F15000 X104.661 Y143.109
G1 F6000 X111.436 Y136.334 E810.80583
G0 F15000 X111.436 Y136.9
G1 F6000 X104.661 Y143.675 E811.12451
G0 F15000 X104.661 Y144.241
G1 F6000 X111.436 Y137.466 E811.44318
G0 F15000 X111.436 Y138.031
G1 F6000 X104.661 Y144.806 E811.76186
G0 F15000 X104.661 Y145.372
G1 F6000 X111.436 Y138.597 E812.08053
G0 F15000 X111.436 Y139.163
G1 F6000 X104.661 Y145.938 E812.39921
G0 F15000 X104.661 Y146.503
G1 F6000 X111.436 Y139.729 E812.71786
G0 F15000 X111.436 Y140.294
G1 F6000 X104.661 Y147.069 E813.03653
G0 F15000 X104.661 Y147.635
G1 F6000 X111.436 Y140.86 E813.35521
G0 F15000 X111.436 Y141.426
G1 F6000 X104.661 Y148.2 E813.67386
G0 F15000 X104.661 Y148.766
G1 F6000 X111.436 Y141.991 E813.99254
G0 F15000 X111.436 Y142.557
G1 F6000 X104.661 Y149.332 E814.31121
G0 F15000 X104.661 Y149.897
G1 F6000 X111.436 Y143.123 E814.62986
G0 F15000 X111.436 Y143.688
G1 F6000 X106.141 Y148.983 E814.87892
G0 F15000 X106.842 Y148.848
G1 F6000 X111.436 Y144.254 E815.09501
G0 F15000 X111.436 Y144.82
G1 F6000 X107.395 Y148.861 E815.28509
G0 F15000 X107.84 Y148.981
G1 F6000 X111.436 Y145.385 E815.45423
G0 F15000 X111.436 Y145.951
G1 F6000 X108.235 Y149.152 E815.6048
G0 F15000 X108.592 Y149.361
G1 F6000 X111.436 Y146.517 E815.73857
G0 F15000 X111.436 Y147.082
G1 F6000 X108.881 Y149.637 E815.85875
G0 F15000 X109.15 Y149.934
G1 F6000 X111.436 Y147.648 E815.96628
G0 F15000 X111.436 Y148.214
G1 F6000 X109.357 Y150.293 E816.06407
G0 F15000 X109.526 Y150.689
G1 F6000 X111.436 Y148.78 E816.15388
G0 F15000 X111.436 Y149.345
G1 F6000 X109.645 Y151.136 E816.23813
G0 F15000 X109.645 Y151.702
G1 F6000 X111.436 Y149.911 E816.32237
G0 F15000 X111.436 Y150.477
G1 F6000 X109.495 Y152.417 E816.41364
G0 F15000 X109.055 Y152.302
G0 X108.589 Y153.119
G0 X108.589 Y154.2
G0 X109.77 Y153.84
G1 F6000 X111.436 Y152.174 E816.49201
G0 F15000 X111.436 Y152.739
G1 F6000 X110.336 Y153.84 E816.54377
G0 F15000 X110.901 Y153.84
G1 F6000 X111.436 Y153.305 E816.56894
G0 F15000 X111.899 Y153.305
G0 X111.899 Y151.608
G0 X111.436 Y151.608
G1 F6000 X109.204 Y153.84 E816.67392
G0 F15000 X108.638 Y153.84
G1 F6000 X111.436 Y151.042 E816.80553
G0 F15000 X111.899 Y151.042
G0 X111.827 Y154.228
G0 X104.272 Y154.228
G0 X104.2 Y136.321
G0 X104.661 Y136.321
G1 F6000 X111.436 Y129.546 E817.12421
G0 F15000 X111.436 Y128.981
G1 F6000 X104.661 Y135.755 E817.44286
G0 F15000 X104.661 Y135.19
G1 F6000 X107.829 Y132.022 E817.59187
G0 F15000 X107.137 Y132.148
G1 F6000 X104.661 Y134.624 E817.70834
G0 F15000 X104.661 Y134.058
G1 F6000 X106.589 Y132.131 E817.799
G0 F15000 X106.14 Y132.014
G1 F6000 X104.661 Y133.493 E817.86857
G0 F15000 X104.661 Y132.927
G1 F6000 X105.749 Y131.839 E817.91974
G0 F15000 X105.395 Y131.627
G1 F6000 X104.661 Y132.361 E817.95427
G0 F15000 X104.661 Y131.796
G1 F6000 X105.104 Y131.352 E817.97513
G0 F15000 X104.834 Y131.057
G1 F6000 X104.661 Y131.23 E817.98327
G1 F2400 E817.48327
;MESH:NONMESH
G0 F300 X104.661 Y131.23 Z3
G0 F15000 X104.2 Y131.23
G0 X104.272 Y154.228
G0 X110 Y154.57
G0 X109.346 Y155.653
G0 X107.34 Y169.043
G0 X107.337 Y170.804
G0 X107.435 Y171.249
G0 X107.786 Y172.022
G0 X108.56 Y172.726
G0 X108.931 Y173.021
G0 X110 Y172.049
;TIME_ELAPSED:985.041605
;LAYER:14
;TYPE:SUPPORT
G1 F2400 E817.98327
G1 F6000 X109.8 Y172.219 E817.992
G1 X109.8 Y172.285 E817.99419
G1 X109.645 Y172.346 E817.99973
G1 X109.513 Y172.317 E818.00423
G1 X109.011 Y172.016 E818.0237
G1 X108.506 Y171.519 E818.04726
G1 X108.258 Y170.974 E818.06718
G1 X108.201 Y170.713 E818.07606
G1 X108.204 Y169.203 E818.12629
G1 X108.46 Y168.533 E818.15014
G1 X108.793 Y168.16 E818.16677
G1 X109.47 Y167.708 E818.19385
G1 X109.654 Y167.67 E818.2001
G1 X109.8 Y167.731 E818.20536
G1 X109.801 Y167.801 E818.20769
G1 X110 Y167.944 E818.21584
G1 X110 Y172.049 E818.35237
G1 F2400 E817.85237
G0 F15000 X110.661 Y172.616
G0 X111.26 Y172.145
G0 X112.74 Y167.676
G0 X113.34 Y167.285
G0 X114 Y167.881
G1 F2400 E818.35237
G1 F6000 X114.2 Y167.751 E818.3603
G1 X114.2 Y167.623 E818.36456
G1 X114.691 Y167.693 E818.38106
G1 X114.849 Y167.753 E818.38668
G1 X115.066 Y167.926 E818.39591
G1 X115.413 Y168.393 E818.41526
G1 X115.467 Y168.445 E818.41775
G1 X115.721 Y168.979 E818.43742
G1 X115.799 Y169.29 E818.44808
G1 X115.796 Y170.797 E818.49821
G1 X115.552 Y171.437 E818.52099
G1 X115.19 Y171.854 E818.53936
G1 X114.524 Y172.294 E818.5659
G1 X114.34 Y172.333 E818.57216
G1 X114.197 Y172.269 E818.57737
G1 X114.197 Y172.234 E818.57853
G1 X114 Y172.05 E818.5875
G1 X114 Y167.881 E818.72616
G1 F2400 E818.22616
G0 F15000 X113.34 Y167.285
G0 X113.349 Y166.643
G0 X114.903 Y166.851
G0 X115.281 Y166.993
G0 X121.394 Y172.622
G0 X122 Y172.005
G1 F2400 E818.72616
G1 F6000 X121.506 Y171.519 E818.74921
G1 X121.258 Y170.974 E818.76913
G1 X121.201 Y170.713 E818.77801
G1 X121.204 Y169.203 E818.82823
G1 X121.46 Y168.533 E818.85209
G1 X121.791 Y168.161 E818.86865
G1 X122 Y168.021 E818.87702
G1 X122.477 Y167.703 E818.89609
G1 X122.66 Y167.666 E818.9023
G1 X122.859 Y167.753 E818.90952
G1 X122.897 Y167.818 E818.91202
G1 X123.4 Y168.104 E818.93127
G1 X123.4 Y171.709 E819.05117
G1 X122.8 Y172.219 E819.07736
G1 X122.8 Y172.285 E819.07956
G1 X122.645 Y172.346 E819.0851
G1 X122.513 Y172.317 E819.08959
G1 X122.011 Y172.016 E819.10906
G1 X122 Y172.005 E819.10958
G1 X122 Y168.021 E819.24209
G1 F2400 E818.74209
G0 F15000 X121.52 Y167.303
G0 X122.139 Y166.891
G0 X122.757 Y166.766
G0 X127.294 Y166.753
G0 X127.713 Y166.849
G0 X128.366 Y167.203
G0 X128 Y167.995
G1 F2400 E819.24209
G1 F6000 X128.48 Y168.46 E819.26431
G1 X128.736 Y169.019 E819.28476
G1 X128.799 Y169.29 E819.29402
G1 X128.796 Y170.797 E819.34414
G1 X128.552 Y171.437 E819.36692
G1 X128.19 Y171.854 E819.38529
G1 X128 Y171.98 E819.39287
G1 X127.524 Y172.294 E819.41184
G1 X127.34 Y172.333 E819.41809
G1 X127.197 Y172.269 E819.4233
G1 X127.197 Y172.234 E819.42447
G1 X126.6 Y171.678 E819.4516
G1 X126.6 Y168.057 E819.57204
G1 X127.2 Y167.749 E819.59447
G1 X127.2 Y167.714 E819.59563
G1 X127.356 Y167.654 E819.60119
G1 X127.484 Y167.684 E819.60556
G1 X127.993 Y167.988 E819.62528
G1 X128 Y167.995 E819.62561
G1 X128 Y171.98 E819.75815
G1 F2400 E819.25815
;MESH:Limiter bracketV2.stl
G0 F15000 X130.296 Y153.749
G0 X130.278 Y153.588
;TYPE:WALL-INNER
G1 F2400 E819.75815
G1 F6000 X129.723 Y153.588 E819.77661
G1 X129.191 Y153.448 E819.79491
G1 X128.713 Y153.166 E819.81337
G1 X128.329 Y152.788 E819.83129
G1 X128.041 Y152.289 E819.85045
G1 X127.964 Y152.065 E819.85833
G1 X127.873 Y151.353 E819.88221
G1 X128.06 Y150.687 E819.90521
G1 X128.336 Y150.206 E819.92366
G1 X128.715 Y149.829 E819.94144
G1 X129.322 Y149.478 E819.96476
G1 X130.137 Y149.373 E819.99209
G1 X130.804 Y149.552 E820.01506
G1 X131.284 Y149.826 E820.03344
G1 X131.672 Y150.214 E820.05169
G1 X131.946 Y150.685 E820.06982
G1 X132.088 Y151.211 E820.08794
G1 X132.088 Y151.765 E820.10636
G1 X131.947 Y152.311 E820.12512
G1 X131.665 Y152.789 E820.14358
G1 X131.282 Y153.172 E820.16159
G1 X130.81 Y153.448 E820.17978
G1 X130.278 Y153.588 E820.19808
G1 F2400 E819.69808
G0 F15000 X128.605 Y153.313
G0 X128.605 Y154.57
G0 X119.424 Y154.4
G1 F2400 E820.19808
G1 F6000 X132.9 Y154.4 E820.64629
G1 X132.9 Y125.6 E821.60418
G1 X104.1 Y125.6 E822.56207
G1 X104.1 Y154.4 E823.51997
G1 X119.424 Y154.4 E824.02964
G1 F2400 E823.52964
G0 F15000 X107.278 Y154.57
G0 X107.278 Y153.768
G0 X107.278 Y153.588
G1 F2400 E824.02964
G1 F6000 X106.723 Y153.588 E824.0481
G1 X106.195 Y153.449 E824.06626
G1 X105.713 Y153.171 E824.08477
G1 X105.311 Y152.769 E824.10368
G1 X105.181 Y152.575 E824.11145
G1 X104.963 Y152.047 E824.13045
G1 X104.873 Y151.348 E824.15389
G1 X105.053 Y150.692 E824.17651
G1 X105.329 Y150.213 E824.1949
G1 X105.712 Y149.83 E824.21291
G1 X106.177 Y149.556 E824.23086
G1 X106.533 Y149.453 E824.24319
G1 X107.137 Y149.373 E824.26346
G1 X107.813 Y149.554 E824.28673
G1 X108.285 Y149.833 E824.30497
G1 X108.772 Y150.315 E824.32776
G1 X109.026 Y150.939 E824.35017
G1 X109.129 Y151.626 E824.37327
G1 X108.948 Y152.31 E824.3968
G1 X108.667 Y152.787 E824.41522
G1 X108.282 Y153.172 E824.43333
G1 X107.81 Y153.448 E824.45151
G1 X107.278 Y153.588 E824.46981
G1 F2400 E823.96981
G0 F15000 X108.191 Y153.051
G0 X108.551 Y152.691
G0 X108.806 Y152.248
G0 X108.954 Y151.478
G0 X108.887 Y150.987
G0 X108.64 Y150.398
G0 X108.385 Y150.143
G0 X107.145 Y149.188
G0 X107.145 Y131.768
G0 X107.264 Y131.588
G1 F2400 E824.46981
G1 F6000 X106.723 Y131.588 E824.4878
G1 X106.19 Y131.448 E824.50613
G1 X105.713 Y131.167 E824.52454
G1 X105.328 Y130.782 E824.54265
G1 X105.055 Y130.313 E824.5607
G1 X104.908 Y129.779 E824.57912
G1 X104.908 Y129.222 E824.59765
G1 X105.053 Y128.691 E824.61596
G1 X105.328 Y128.215 E824.63424
G1 X105.709 Y127.829 E824.65228
G1 X106.213 Y127.539 E824.67162
G1 X106.408 Y127.468 E824.67852
G1 X107.151 Y127.377 E824.70342
G1 X107.811 Y127.553 E824.72614
G1 X108.278 Y127.826 E824.74413
G1 X108.682 Y128.225 E824.76302
G1 X108.815 Y128.421 E824.7709
G1 X109.032 Y128.943 E824.7897
G1 X109.128 Y129.632 E824.81283
G1 X108.941 Y130.321 E824.83658
G1 X108.667 Y130.787 E824.85456
G1 X108.191 Y131.262 E824.87693
G1 X107.623 Y131.502 E824.89744
G1 X107.264 Y131.588 E824.90971
G1 F2400 E824.40971
G0 F15000 X108.82 Y130.888
G0 X128.626 Y131.331
G0 X130.285 Y131.588
G1 F2400 E824.90971
G1 F6000 X129.719 Y131.588 E824.92854
G1 X129.188 Y131.44 E824.94687
G1 X128.714 Y131.17 E824.96502
G1 X128.226 Y130.676 E824.98811
G1 X127.97 Y130.057 E825.01039
G1 X127.867 Y129.367 E825.0336
G1 X128.053 Y128.691 E825.05691
G1 X128.327 Y128.217 E825.07512
G1 X128.725 Y127.814 E825.09396
G1 X128.924 Y127.68 E825.10194
G1 X129.457 Y127.462 E825.1211
G1 X130.151 Y127.377 E825.14435
G1 X130.807 Y127.552 E825.16693
G1 X131.287 Y127.829 E825.18536
G1 X131.672 Y128.214 E825.20347
G1 X131.946 Y128.685 E825.2216
G1 X132.088 Y129.211 E825.23972
G1 X132.088 Y129.765 E825.25814
G1 X131.947 Y130.311 E825.2769
G1 X131.665 Y130.789 E825.29536
G1 X131.282 Y131.172 E825.31337
G1 X130.811 Y131.447 E825.33151
G1 X130.285 Y131.588 E825.34963
G0 F15000 X130.256 Y131.182
;TYPE:WALL-OUTER
G1 F6000 X129.777 Y131.188 E825.36556
G1 X129.347 Y131.075 E825.38035
G1 X128.971 Y130.858 E825.39479
G1 X128.577 Y130.467 E825.41325
G1 X128.355 Y129.947 E825.43205
G1 X128.275 Y129.391 E825.45074
G1 X128.438 Y128.824 E825.47036
G1 X128.665 Y128.443 E825.48511
G1 X129.039 Y128.065 E825.5028
G1 X129.577 Y127.85 E825.52207
G1 X130.116 Y127.781 E825.54014
G1 X130.628 Y127.918 E825.55777
G1 X131.039 Y128.147 E825.57342
G1 X131.334 Y128.442 E825.58729
G1 X131.575 Y128.843 E825.60285
G1 X131.682 Y129.244 E825.61666
G1 X131.686 Y129.727 E825.63272
G1 X131.575 Y130.156 E825.64746
G1 X131.33 Y130.558 E825.66312
G1 X131.054 Y130.834 E825.6761
G1 X130.654 Y131.075 E825.69163
G1 X130.256 Y131.182 E825.70534
G1 F2400 E825.20534
G0 F15000 X130.336 Y131.481
G0 X130.31 Y131.769
G0 X130.149 Y149.189
G0 X130.239 Y153.186
G1 F2400 E825.70534
G1 F6000 X129.753 Y153.182 E825.72151
G1 X129.344 Y153.074 E825.73558
G1 X128.943 Y152.831 E825.75117
G1 X128.634 Y152.517 E825.76582
G1 X128.366 Y152.052 E825.78367
G1 X128.284 Y151.382 E825.80612
G1 X128.418 Y150.872 E825.82366
G1 X128.644 Y150.468 E825.83906
G1 X128.96 Y150.15 E825.85397
G1 X129.446 Y149.865 E825.87271
G1 X130.106 Y149.784 E825.89483
G1 X130.624 Y149.918 E825.91262
G1 X131.038 Y150.146 E825.92834
G1 X131.334 Y150.442 E825.94226
G1 X131.575 Y150.843 E825.95782
G1 X131.682 Y151.244 E825.97163
G1 X131.686 Y151.727 E825.98769
G1 X131.575 Y152.156 E826.00243
G1 X131.33 Y152.558 E826.01809
G1 X131.054 Y152.834 E826.03107
G1 X130.653 Y153.075 E826.04663
G1 X130.239 Y153.186 E826.06089
G1 F2400 E825.56089
G0 F15000 X130.32 Y153.485
G0 X128.605 Y153.313
G0 X128.605 Y154.57
G0 X119.508 Y154.8
G1 F2400 E826.06089
G1 F6000 X133.3 Y154.8 E826.51961
G1 X133.3 Y125.2 E827.50411
G1 X103.7 Y125.2 E828.48861
G1 X103.7 Y154.8 E829.47311
G1 X119.508 Y154.8 E829.99889
G1 F2400 E829.49889
G0 F15000 X119.508 Y154.49
G0 X107.32 Y154.57
G0 X107.299 Y153.769
G0 X107.239 Y153.186
G1 F2400 E829.99889
G1 F6000 X106.753 Y153.182 E830.01505
G1 X106.345 Y153.075 E830.02908
G1 X105.942 Y152.834 E830.0447
G1 X105.566 Y152.458 E830.06239
G1 X105.349 Y151.92 E830.08168
G1 X105.277 Y151.385 E830.09964
G1 X105.438 Y150.824 E830.11905
G1 X105.666 Y150.442 E830.13384
G1 X105.982 Y150.135 E830.1485
G1 X106.353 Y149.921 E830.16274
G1 X106.549 Y149.857 E830.1696
G1 X107.114 Y149.784 E830.18855
G1 X107.628 Y149.918 E830.20622
G1 X108.036 Y150.15 E830.22183
G1 X108.429 Y150.538 E830.2402
G1 X108.641 Y151.049 E830.2586
G1 X108.716 Y151.601 E830.27712
G1 X108.575 Y152.155 E830.29614
G1 X108.33 Y152.558 E830.31182
G1 X108.054 Y152.834 E830.32481
G1 X107.653 Y153.075 E830.34037
G1 X107.239 Y153.186 E830.35462
G1 F2400 E829.85462
G0 F15000 X107.32 Y153.485
G0 X108.191 Y153.051
G0 X108.551 Y152.691
G0 X108.806 Y152.248
G0 X108.954 Y151.478
G0 X108.887 Y150.987
G0 X108.64 Y150.398
G0 X108.385 Y150.143
G0 X107.145 Y149.188
G0 X107.286 Y131.769
G0 X107.432 Y131.145
G1 F2400 E830.35462
G1 F6000 X107.232 Y131.185 E830.36141
G1 X106.753 Y131.182 E830.37734
G1 X106.344 Y131.074 E830.39141
G1 X105.942 Y130.83 E830.40705
G1 X105.666 Y130.554 E830.42003
G1 X105.439 Y130.177 E830.43467
G1 X105.31 Y129.739 E830.44985
G1 X105.308 Y129.276 E830.46525
G1 X105.438 Y128.824 E830.4809
G1 X105.665 Y128.443 E830.49565
G1 X105.956 Y128.148 E830.50943
G1 X106.447 Y127.866 E830.52826
G1 X107.116 Y127.781 E830.55069
G1 X107.628 Y127.918 E830.56832
G1 X108.053 Y128.165 E830.58467
G1 X108.43 Y128.538 E830.60231
G1 X108.647 Y129.076 E830.6216
G1 X108.721 Y129.604 E830.63934
G1 X108.576 Y130.147 E830.65803
G1 X108.352 Y130.534 E830.6729
G1 X107.955 Y130.931 E830.69158
G1 X107.432 Y131.145 E830.71037
G1 F2400 E830.21037
G0 F15000 X107.492 Y131.45
G0 X108.1 Y131.142
G0 X108.355 Y130.887
G0 X109.313 Y129.642
G0 X109.96 Y125.76
G0 X111.825 Y125.772
G0 X111.898 Y129.176
G0 X111.678 Y129.176
;TYPE:FILL
G1 F2400 E830.71037
G1 F12000 X112.319 Y129.004 E830.73245
G0 F15000 X112.32 Y129.506
G1 F12000 X111.677 Y128.862 E830.76271
G0 F15000 X111.898 Y128.862
G0 X112.1 Y133.96
G0 X112.32 Y133.96
G1 F12000 X111.678 Y136.355 E830.84518
G0 F15000 X111.898 Y136.355
G0 X111.898 Y137.458
G0 X111.678 Y137.458
G1 F12000 X112.32 Y137.286 E830.86729
G0 F15000 X112.1 Y137.286
G0 X111.899 Y140.177
G0 X111.678 Y140.177
G1 F12000 X112.32 Y140.82 E830.89751
G0 F15000 X112.1 Y140.82
G0 X112.1 Y145.569
G0 X112.319 Y145.569
G1 F12000 X111.679 Y145.74 E830.91954
G0 F15000 X111.899 Y145.74
G0 X111.899 Y151.491
G0 X111.678 Y151.491
G1 F12000 X112.32 Y152.133 E830.94974
G0 F15000 X112.1 Y152.133
G0 X112.1 Y153.851
G0 X112.32 Y153.851
G1 F12000 X111.679 Y154.022 E830.97181
G0 F15000 X111.899 Y154.022
G0 X112.172 Y154.228
G0 X124.828 Y154.228
G0 X124.9 Y153.179
G0 X124.68 Y153.179
G1 F12000 X125.322 Y153.821 E831.00201
G0 F15000 X125.102 Y153.82
G0 X124.9 Y150.539
G0 X124.681 Y150.539
G1 F12000 X125.321 Y150.367 E831.02405
G0 F15000 X124.68 Y149.649
G1 F12000 X125.321 Y147.257 E831.10641
G0 F15000 X125.102 Y147.256
G0 X125.102 Y142.506
G0 X125.322 Y142.507
G1 F12000 X124.68 Y141.865 E831.13661
G0 F15000 X124.68 Y142.257
G1 F12000 X125.321 Y142.085 E831.15868
G0 F15000 X125.102 Y142.084
G0 X124.9 Y133.974
G0 X124.681 Y133.974
G1 F12000 X125.321 Y133.803 E831.18072
G0 F15000 X125.102 Y133.802
G0 X125.102 Y131.193
G0 X125.322 Y131.194
G1 F12000 X124.68 Y130.552 E831.21091
G0 F15000 X124.9 Y130.552
G0 X124.828 Y154.228
G0 X119.348 Y154.3
G0 X119.348 Y154.04
;TYPE:SKIN
G1 F6000 X112.36 Y154.04 E831.44334
G1 X112.36 Y125.96 E832.37728
G1 X124.64 Y125.96 E832.78572
G1 X124.64 Y154.04 E833.71966
G1 X119.348 Y154.04 E833.89567
G0 F15000 X119.348 Y154.3
G0 X113.11 Y154.3
G0 X113.11 Y153.84
G1 F6000 X112.56 Y153.289 E833.92157
G0 F15000 X112.56 Y152.724
G1 F6000 X113.676 Y153.84 E833.97406
G0 F15000 X114.242 Y153.84
G1 F6000 X112.56 Y152.158 E834.05318
G0 F15000 X112.56 Y151.592
G1 F6000 X114.807 Y153.84 E834.15889
G0 F15000 X115.373 Y153.84
G1 F6000 X112.56 Y151.027 E834.29121
G0 F15000 X112.56 Y150.461
G1 F6000 X115.939 Y153.84 E834.45014
G0 F15000 X116.504 Y153.84
G1 F6000 X112.56 Y149.895 E834.63568
G0 F15000 X112.56 Y149.33
G1 F6000 X117.07 Y153.84 E834.84782
G0 F15000 X117.636 Y153.84
G1 F6000 X112.56 Y148.764 E835.08658
G0 F15000 X112.56 Y148.198
G1 F6000 X118.201 Y153.84 E835.35194
G0 F15000 X118.767 Y153.84
G1 F6000 X112.56 Y147.633 E835.64389
G0 F15000 X112.56 Y147.067
G1 F6000 X119.333 Y153.84 E835.96248
G0 F15000 X119.898 Y153.84
G1 F6000 X112.56 Y146.501 E836.30766
G0 F15000 X112.56 Y145.936
G1 F6000 X120.464 Y153.84 E836.67944
G0 F15000 X121.03 Y153.84
G1 F6000 X112.56 Y145.37 E837.07784
G0 F15000 X112.56 Y144.804
G1 F6000 X121.595 Y153.84 E837.50284
G0 F15000 X122.161 Y153.84
G1 F6000 X112.56 Y144.238 E837.95447
G0 F15000 X112.56 Y143.673
G1 F6000 X122.727 Y153.84 E838.43269
G0 F15000 X123.293 Y153.84
G1 F6000 X112.56 Y143.107 E838.93754
G0 F15000 X112.56 Y142.541
G1 F6000 X123.858 Y153.84 E839.46899
G0 F15000 X124.424 Y153.84
G1 F6000 X112.56 Y141.976 E840.02703
G0 F15000 X112.56 Y141.41
G1 F6000 X124.44 Y153.29 E840.58583
G0 F15000 X124.44 Y152.724
G1 F6000 X112.56 Y140.844 E841.14463
G0 F15000 X112.56 Y140.279
G1 F6000 X124.44 Y152.159 E841.70343
G0 F15000 X124.44 Y151.593
G1 F6000 X112.56 Y139.713 E842.26223
G0 F15000 X112.56 Y139.147
G1 F6000 X124.44 Y151.027 E842.82103
G0 F15000 X124.44 Y150.462
G1 F6000 X112.56 Y138.582 E843.37982
G0 F15000 X112.56 Y138.016
G1 F6000 X124.44 Y149.896 E843.93862
G0 F15000 X124.44 Y149.33
G1 F6000 X112.56 Y137.45 E844.49742
G0 F15000 X112.56 Y136.885
G1 F6000 X124.44 Y148.765 E845.05622
G0 F15000 X124.44 Y148.199
G1 F6000 X112.56 Y136.319 E845.61502
G0 F15000 X112.56 Y135.753
G1 F6000 X124.44 Y147.633 E846.17382
G0 F15000 X124.44 Y147.068
G1 F6000 X112.56 Y135.188 E846.73262
G0 F15000 X112.56 Y134.622
G1 F6000 X124.44 Y146.502 E847.29142
G0 F15000 X124.44 Y145.936
G1 F6000 X112.56 Y134.056 E847.85021
G0 F15000 X112.56 Y133.49
G1 F6000 X124.44 Y145.371 E848.40904
G0 F15000 X124.44 Y144.805
G1 F6000 X112.56 Y132.925 E848.96784
G0 F15000 X112.56 Y132.359
G1 F6000 X124.44 Y144.239 E849.52663
G0 F15000 X124.44 Y143.673
G1 F6000 X112.56 Y131.793 E850.08543
G0 F15000 X112.56 Y131.228
G1 F6000 X124.44 Y143.108 E850.64423
G0 F15000 X124.44 Y142.542
G1 F6000 X112.56 Y130.662 E851.20303
G0 F15000 X112.56 Y130.096
G1 F6000 X124.44 Y141.976 E851.76183
G0 F15000 X124.44 Y141.411
G1 F6000 X112.56 Y129.531 E852.32063
G0 F15000 X112.56 Y128.965
G1 F6000 X124.44 Y140.845 E852.87943
G0 F15000 X124.44 Y140.279
G1 F6000 X112.56 Y128.399 E853.43823
G0 F15000 X112.56 Y127.834
G1 F6000 X124.44 Y139.714 E853.99702
G0 F15000 X124.44 Y139.148
G1 F6000 X112.56 Y127.268 E854.55582
G0 F15000 X112.56 Y126.702
G1 F6000 X124.44 Y138.582 E855.11462
G0 F15000 X124.44 Y138.017
G1 F6000 X112.584 Y126.161 E855.67229
G0 F15000 X113.15 Y126.161
G1 F6000 X124.44 Y137.451 E856.20334
G0 F15000 X124.44 Y136.885
G1 F6000 X113.715 Y126.161 E856.70779
G0 F15000 X114.281 Y126.161
G1 F6000 X124.44 Y136.32 E857.18563
G0 F15000 X124.44 Y135.754
G1 F6000 X114.847 Y126.161 E857.63686
G0 F15000 X115.413 Y126.161
G1 F6000 X124.44 Y135.188 E858.06146
G0 F15000 X124.44 Y134.623
G1 F6000 X115.978 Y126.161 E858.45949
G0 F15000 X116.544 Y126.161
G1 F6000 X124.44 Y134.057 E858.83089
G0 F15000 X124.44 Y133.491
G1 F6000 X117.11 Y126.161 E859.17567
G0 F15000 X117.675 Y126.161
G1 F6000 X124.44 Y132.925 E859.49385
G0 F15000 X124.44 Y132.36
G1 F6000 X118.241 Y126.161 E859.78544
G0 F15000 X118.807 Y126.161
G1 F6000 X124.44 Y131.794 E860.0504
G0 F15000 X124.44 Y131.228
G1 F6000 X119.372 Y126.161 E860.28876
G0 F15000 X119.938 Y126.161
G1 F6000 X124.44 Y130.663 E860.50052
G0 F15000 X124.44 Y130.097
G1 F6000 X120.504 Y126.161 E860.68565
G0 F15000 X121.069 Y126.161
G1 F6000 X124.44 Y129.531 E860.84419
G0 F15000 X124.44 Y128.966
G1 F6000 X121.635 Y126.161 E860.97613
G0 F15000 X122.201 Y126.161
G1 F6000 X124.44 Y128.4 E861.08145
G0 F15000 X124.44 Y127.834
G1 F6000 X122.766 Y126.161 E861.16016
G0 F15000 X123.332 Y126.161
G1 F6000 X124.44 Y127.269 E861.21228
G0 F15000 X124.44 Y126.703
G1 F6000 X123.898 Y126.161 E861.23777
G1 F2400 E860.73777
G0 F15000 X123.898 Y125.7
G0 X124.828 Y125.772
G0 X125.173 Y154.228
G0 X132.728 Y154.228
G0 X132.8 Y151.127
G0 X132.49 Y151.127
G1 F2400 E861.23777
G1 F4829 X132.493 Y151.822 E861.26649
G0 F15000 X132.8 Y151.822
G0 X132.8 Y154.04
G0 X132.54 Y154.04
G1 F6000 X130.961 Y154.039 E861.31901
G1 F5321.5 X130.357 Y153.99 E861.34174
G1 X130.977 Y153.765 E861.36647
G1 F6000 X131.518 Y153.442 E861.38743
G1 X131.93 Y153.03 E861.40681
G1 X132.269 Y152.47 E861.42858
G1 F5369.1 X132.493 Y151.822 E861.45406
G1 X132.54 Y152.45 E861.47747
G1 F6000 X132.54 Y154.04 E861.53035
G1 F2400 E861.03035
G0 F15000 X132.8 Y154.04
G0 X132.7 Y153.689
G0 X131.394 Y153.314
G0 X130.357 Y153.99
G1 F2400 E861.53035
G1 F4790.4 X129.641 Y153.99 E861.56018
G1 F5333.3 X129.041 Y154.04 E861.58271
G1 F6000 X125.36 Y154.04 E861.70514
G1 X125.361 Y125.961 E862.63905
G1 X132.54 Y125.96 E862.87783
G1 X132.54 Y128.539 E862.9636
G1 F5333.3 X132.49 Y129.127 E862.98568
G1 X132.27 Y128.523 E863.00974
G1 F6000 X131.961 Y127.993 E863.03014
G1 X131.521 Y127.557 E863.05074
G1 X130.947 Y127.213 E863.073
G1 X130.164 Y127.005 E863.09995
G1 X129.385 Y127.105 E863.12607
G1 X128.787 Y127.347 E863.14753
G1 X128.501 Y127.533 E863.15887
G1 X128.039 Y127.989 E863.18046
G1 X127.73 Y128.523 E863.20098
G1 X127.501 Y129.333 E863.22898
G1 X127.605 Y130.1 E863.25472
G1 X127.917 Y130.885 E863.28282
G1 X128.513 Y131.473 E863.31067
G1 X129.103 Y131.794 E863.33301
G1 X129.674 Y131.948 E863.35268
G1 X130.356 Y131.942 E863.37536
G1 X130.95 Y131.783 E863.39581
G1 X131.482 Y131.469 E863.41636
G1 X131.934 Y131.031 E863.43729
G1 X132.269 Y130.474 E863.45891
G1 F5369.1 X132.493 Y129.822 E863.48454
G1 X132.54 Y130.453 E863.50805
G1 F6000 X132.54 Y150.539 E864.17612
G1 F5333.3 X132.49 Y151.127 E864.1982
G1 X132.27 Y150.523 E864.22225
G1 F6000 X131.974 Y150.015 E864.24181
G1 X131.504 Y149.536 E864.26413
G1 X130.941 Y149.213 E864.28571
G1 X130.157 Y149.004 E864.3127
G1 X129.203 Y149.13 E864.34471
G1 X128.536 Y149.514 E864.37031
G1 X128.048 Y149.975 E864.39263
G1 X127.721 Y150.553 E864.41472
G1 X127.505 Y151.326 E864.44142
G1 X127.605 Y152.107 E864.4676
G1 X127.71 Y152.432 E864.47896
G1 X128.041 Y153.009 E864.50109
G1 X128.479 Y153.439 E864.5215
G1 X129.021 Y153.768 E864.54259
G1 F5333.3 X129.641 Y153.99 E864.56723
G0 F15000 X129.641 Y154.3
G0 X132.728 Y154.228
G0 X132.8 Y129.822
G0 X132.493 Y129.822
G1 F4829 X132.49 Y129.127 E864.59595
G0 F15000 X132.8 Y129.127
G0 X132.8 Y126.683
G0 X132.34 Y126.683
G1 F6000 X131.817 Y126.161 E864.62053
G0 F15000 X131.252 Y126.161
G1 F6000 X132.34 Y127.249 E864.67171
G0 F15000 X132.34 Y127.815
G1 F6000 X130.686 Y126.161 E864.74951
G0 F15000 X130.12 Y126.161
G1 F6000 X130.974 Y127.014 E864.78965
G0 F15000 X130.202 Y126.808
G1 F6000 X129.555 Y126.161 E864.82009
G0 F15000 X128.989 Y126.161
G1 F6000 X129.693 Y126.865 E864.8532
G0 F15000 X129.215 Y126.952
G1 F6000 X128.423 Y126.161 E864.89043
G0 F15000 X127.858 Y126.161
G1 F6000 X128.815 Y127.118 E864.93544
G0 F15000 X128.456 Y127.324
G1 F6000 X127.292 Y126.161 E864.99017
G0 F15000 X126.726 Y126.161
G1 F6000 X128.156 Y127.59 E865.05741
G0 F15000 X127.875 Y127.875
G1 F6000 X126.161 Y126.161 E865.13803
G0 F15000 X125.595 Y126.161
G1 F6000 X127.667 Y128.233 E865.23549
G0 F15000 X127.49 Y128.621
G1 F6000 X125.56 Y126.692 E865.32625
G0 F15000 X125.56 Y127.257
G1 F6000 X127.368 Y129.065 E865.41129
G0 F15000 X127.336 Y129.599
G1 F6000 X125.56 Y127.823 E865.49483
G0 F15000 X125.56 Y128.389
G1 F6000 X127.46 Y130.289 E865.5842
G1 F2400 E865.0842
G0 F15000 X127.771 Y129.391
G0 X127.716 Y129.721
G0 X127.189 Y125.76
G0 X125.174 Y125.772
G0 X125.102 Y130.085
G0 X125.56 Y130.086
G1 F2400 E865.5842
G1 F6000 X132.34 Y136.865 E865.90309
G0 F15000 X132.34 Y136.3
G1 F6000 X125.56 Y129.52 E866.222
G0 F15000 X125.56 Y128.954
G1 F6000 X132.34 Y135.734 E866.54091
G0 F15000 X132.34 Y135.168
G1 F6000 X129.198 Y132.027 E866.68867
G0 F15000 X129.885 Y132.148
G1 F6000 X132.34 Y134.603 E866.80415
G0 F15000 X132.34 Y134.037
G1 F6000 X130.432 Y132.129 E866.8939
G0 F15000 X130.878 Y132.01
G1 F6000 X132.34 Y133.471 E866.96264
G0 F15000 X132.34 Y132.906
G1 F6000 X131.265 Y131.831 E867.01321
G0 F15000 X131.62 Y131.62
G1 F6000 X132.34 Y132.34 E867.04707
G0 F15000 X132.34 Y131.774
G1 F6000 X131.907 Y131.341 E867.06744
G0 F15000 X132.169 Y131.037
G1 F6000 X132.34 Y131.209 E867.07551
G0 F15000 X132.8 Y131.209
G0 X132.8 Y137.431
G0 X132.34 Y137.431
G1 F6000 X125.56 Y130.651 E867.39442
G0 F15000 X125.56 Y131.217
G1 F6000 X132.34 Y137.997 E867.71333
G0 F15000 X132.34 Y138.563
G1 F6000 X125.56 Y131.783 E868.03224
G0 F15000 X125.56 Y132.348
G1 F6000 X132.34 Y139.128 E868.35115
G0 F15000 X132.34 Y139.694
G1 F6000 X125.56 Y132.914 E868.67006
G0 F15000 X125.56 Y133.48
G1 F6000 X132.34 Y140.26 E868.98897
G0 F15000 X132.34 Y140.825
G1 F6000 X125.56 Y134.046 E869.30786
G0 F15000 X125.56 Y134.611
G1 F6000 X132.34 Y141.391 E869.62677
G0 F15000 X132.34 Y141.957
G1 F6000 X125.56 Y135.177 E869.94568
G0 F15000 X125.56 Y135.743
G1 F6000 X132.34 Y142.522 E870.26456
G0 F15000 X132.34 Y143.088
G1 F6000 X125.56 Y136.308 E870.58347
G0 F15000 X125.56 Y136.874
G1 F6000 X132.34 Y143.654 E870.90238
G0 F15000 X132.34 Y144.219
G1 F6000 X125.56 Y137.44 E871.22127
G0 F15000 X125.56 Y138.005
G1 F6000 X132.34 Y144.785 E871.54018
G0 F15000 X132.34 Y145.351
G1 F6000 X125.56 Y138.571 E871.85909
G0 F15000 X125.56 Y139.137
G1 F6000 X132.34 Y145.916 E872.17798
G0 F15000 X132.34 Y146.482
G1 F6000 X125.56 Y139.702 E872.49689
G0 F15000 X125.56 Y140.268
G1 F6000 X132.34 Y147.048 E872.8158
G0 F15000 X132.34 Y147.613
G1 F6000 X125.56 Y140.834 E873.13469
G0 F15000 X125.56 Y141.399
G1 F6000 X132.34 Y148.179 E873.4536
G0 F15000 X132.34 Y148.745
G1 F6000 X125.56 Y141.965 E873.77251
G0 F15000 X125.56 Y142.531
G1 F6000 X132.34 Y149.311 E874.09142
G0 F15000 X132.34 Y149.876
G1 F6000 X125.56 Y143.096 E874.41033
G0 F15000 X125.56 Y143.662
G1 F6000 X130.89 Y148.992 E874.66104
G0 F15000 X130.137 Y148.804
G1 F6000 X125.56 Y144.228 E874.8763
G0 F15000 X125.56 Y144.794
G1 F6000 X129.637 Y148.871 E875.06807
G0 F15000 X129.138 Y148.937
G1 F6000 X125.56 Y145.359 E875.23637
G0 F15000 X125.56 Y145.925
G1 F6000 X128.778 Y149.143 E875.38773
G0 F15000 X128.42 Y149.35
G1 F6000 X125.56 Y146.491 E875.52223
G0 F15000 X125.56 Y147.056
G1 F6000 X128.126 Y149.622 E875.64293
G0 F15000 X127.853 Y149.914
G1 F6000 X125.56 Y147.622 E875.75076
G0 F15000 X125.56 Y148.188
G1 F6000 X127.648 Y150.276 E875.84898
G0 F15000 X127.477 Y150.67
G1 F6000 X125.56 Y148.753 E875.93915
G0 F15000 X125.56 Y149.319
G1 F6000 X127.356 Y151.114 E876.0236
G0 F15000 X127.349 Y151.674
G1 F6000 X125.56 Y149.885 E876.10775
G0 F15000 X125.56 Y150.45
G1 F6000 X127.482 Y152.372 E876.19816
G0 F15000 X127.917 Y152.224
G0 X128.415 Y153.124
G0 X128.415 Y154.2
G0 X127.253 Y153.84
G1 F6000 X125.56 Y152.147 E876.27779
G0 F15000 X125.56 Y151.582
G1 F6000 X127.819 Y153.84 E876.38402
G0 F15000 X128.384 Y153.84
G1 F6000 X125.56 Y151.016 E876.51685
G0 F15000 X125.102 Y151.015
G0 X125.102 Y152.712
G0 X125.56 Y152.713
G1 F6000 X126.687 Y153.84 E876.56986
G0 F15000 X126.122 Y153.84
G1 F6000 X125.56 Y153.279 E876.59628
G1 F2400 E876.09628
G0 F15000 X125.102 Y153.278
G0 X125.173 Y154.228
G0 X127.038 Y154.24
G0 X128.182 Y152.896
G0 X131.583 Y153.644
G1 F2400 E876.59628
G1 F6000 X131.778 Y153.84 E876.60547
G0 F15000 X131.873 Y153.369
G1 F6000 X132.34 Y153.836 E876.62744
G0 F15000 X132.34 Y153.27
G1 F6000 X132.143 Y153.074 E876.63668
G1 F2400 E876.13668
G0 F15000 X131.75 Y152.843
G0 X131.939 Y151.755
G0 X131.938 Y151.238
G0 X131.804 Y150.746
G0 X131.551 Y150.309
G0 X131.191 Y149.949
G0 X130.748 Y149.694
G0 X130.127 Y149.528
G0 X129.508 Y149.611
G0 X128.192 Y150.093
G0 X125.173 Y154.228
G0 X104.508 Y129.135
G1 F2400 E876.63668
G1 F4819.3 X104.508 Y129.861 E876.66674
G1 F2400 E876.16674
G0 F15000 X104.2 Y129.861
G0 X104.3 Y151.35
G0 X104.69 Y151.33
G0 X104.488 Y151.271
G1 F2400 E876.66674
G1 F5309.7 X104.484 Y151.332 E876.66904
G1 F4819.3 X104.534 Y152.135 E876.70236
G1 F2400 E876.20236
G0 F15000 X104.775 Y151.353
G0 X105.36 Y152.602
G0 X106.701 Y153.769
G0 X106.701 Y154.2
G0 X106.64 Y153.99
G1 F2400 E876.70236
G1 F5333.3 X106.044 Y154.04 E876.72474
G1 F6000 X104.46 Y154.04 E876.77742
G1 X104.461 Y152.787 E876.8191
G1 F5063.3 X104.534 Y152.135 E876.84495
G1 X104.865 Y152.743 E876.87224
G1 F6000 X105.033 Y152.996 E876.88234
G1 X105.489 Y153.457 E876.90391
G1 X106.027 Y153.769 E876.92459
G1 F5333.3 X106.64 Y153.99 E876.94897
G1 F4809.6 X107.334 Y153.993 E876.97777
G0 F15000 X107.334 Y154.3
G0 X111.827 Y154.228
G0 X111.636 Y154.04
G1 F6000 X107.955 Y154.04 E877.1002
G1 F5345.2 X107.334 Y153.993 E877.12345
G1 X107.974 Y153.769 E877.14877
G1 F6000 X108.508 Y153.456 E877.16935
G1 X108.935 Y153.025 E877.18953
G1 X109.285 Y152.434 E877.21238
G1 X109.492 Y151.647 E877.23944
G1 X109.387 Y150.896 E877.26466
G1 X109.067 Y150.098 E877.29326
G1 X108.481 Y149.53 E877.3204
G1 X107.927 Y149.209 E877.3417
G1 X107.157 Y149.004 E877.3682
G1 X106.481 Y149.093 E877.39088
G1 X106.032 Y149.218 E877.40638
G1 X105.471 Y149.561 E877.42825
G1 X105.04 Y149.988 E877.44843
G1 X104.73 Y150.523 E877.469
G1 F5607.5 X104.488 Y151.271 E877.49697
G1 X104.46 Y150.537 E877.52312
G1 F6000 X104.461 Y130.458 E878.19095
G1 F5345.2 X104.508 Y129.861 E878.2133
G1 X104.73 Y130.473 E878.23761
G1 F6000 X105.04 Y131.008 E878.25817
G1 X105.471 Y131.435 E878.27835
G1 X106.045 Y131.783 E878.30068
G1 X106.653 Y131.942 E878.32158
G1 X107.325 Y131.944 E878.34393
G1 X107.733 Y131.843 E878.35791
G1 X108.39 Y131.574 E878.38153
G1 X108.974 Y130.976 E878.40933
G1 X109.258 Y130.484 E878.42822
G1 X109.493 Y129.652 E878.45698
G1 X109.383 Y128.872 E878.48318
G1 X109.146 Y128.279 E878.50442
G1 X108.958 Y127.995 E878.51574
G1 X108.521 Y127.557 E878.53632
G1 X107.955 Y127.217 E878.55828
G1 X107.164 Y127.005 E878.58552
G1 X106.358 Y127.109 E878.61255
G1 X106.06 Y127.211 E878.62303
G1 X105.484 Y127.54 E878.64509
G1 X105.057 Y127.976 E878.66539
G1 X104.731 Y128.523 E878.68657
G1 F5345.2 X104.508 Y129.135 E878.71088
G1 X104.461 Y128.538 E878.73324
G1 F6000 X104.46 Y125.96 E878.81899
G1 X111.636 Y125.96 E879.05766
G1 X111.636 Y154.04 E879.99161
G0 F15000 X111.899 Y154.04
G0 X104.272 Y154.228
G0 X104.2 Y153.309
G0 X104.66 Y153.309
G1 F6000 X105.191 Y153.84 E880.01658
G1 F2400 E879.51658
G0 F15000 X105.191 Y154.3
G0 X108.229 Y154.2
G0 X107.895 Y153.629
G0 X108.461 Y153.716
G1 F2400 E880.01658
G1 F6000 X108.584 Y153.839 E880.02237
G0 F15000 X108.778 Y153.468
G1 F6000 X109.15 Y153.839 E880.03984
G0 F15000 X109.715 Y153.839
G1 F6000 X109.06 Y153.183 E880.07067
G0 F15000 X109.283 Y152.84
G1 F6000 X110.281 Y153.839 E880.11764
G0 F15000 X110.847 Y153.839
G1 F6000 X109.481 Y152.473 E880.18189
G0 F15000 X109.599 Y152.025
G1 F6000 X111.412 Y153.839 E880.26719
G0 F15000 X111.436 Y153.297
G1 F6000 X109.679 Y151.539 E880.34986
G0 F15000 X109.587 Y150.882
G1 F6000 X111.436 Y152.732 E880.43686
G0 F15000 X111.436 Y152.166
G1 F6000 X104.66 Y145.39 E880.75558
G0 F15000 X104.66 Y145.955
G1 F6000 X107.627 Y148.922 E880.89514
G0 F15000 X106.966 Y148.827
G1 F6000 X104.66 Y146.521 E881.0036
G0 F15000 X104.66 Y147.087
G1 F6000 X106.467 Y148.893 E881.08858
G0 F15000 X106.021 Y149.013
G1 F6000 X104.66 Y147.652 E881.15259
G0 F15000 X104.66 Y148.218
G1 F6000 X105.653 Y149.211 E881.1993
G0 F15000 X105.312 Y149.436
G1 F6000 X104.66 Y148.784 E881.22997
G0 F15000 X104.66 Y149.349
G1 F6000 X105.028 Y149.717 E881.24728
G0 F15000 X104.782 Y150.037
G1 F6000 X104.66 Y149.915 E881.25302
G0 F15000 X104.2 Y149.915
G0 X104.2 Y144.824
G0 X104.66 Y144.824
G1 F6000 X111.436 Y151.6 E881.57174
G0 F15000 X111.436 Y151.034
G1 F6000 X104.66 Y144.258 E881.89046
G0 F15000 X104.66 Y143.693
G1 F6000 X111.436 Y150.469 E882.20919
G0 F15000 X111.436 Y149.903
G1 F6000 X104.66 Y143.127 E882.52791
G0 F15000 X104.66 Y142.561
G1 F6000 X111.436 Y149.337 E882.84663
G0 F15000 X111.436 Y148.772
G1 F6000 X104.66 Y141.996 E883.16535
G0 F15000 X104.66 Y141.43
G1 F6000 X111.436 Y148.206 E883.48407
G0 F15000 X111.436 Y147.64
G1 F6000 X104.66 Y140.864 E883.8028
G0 F15000 X104.66 Y140.298
G1 F6000 X111.436 Y147.075 E884.12154
G0 F15000 X111.436 Y146.509
G1 F6000 X104.66 Y139.733 E884.44026
G0 F15000 X104.66 Y139.167
G1 F6000 X111.436 Y145.943 E884.75899
G0 F15000 X111.436 Y145.378
G1 F6000 X104.66 Y138.601 E885.07773
G0 F15000 X104.66 Y138.036
G1 F6000 X111.436 Y144.812 E885.39645
G0 F15000 X111.436 Y144.246
G1 F6000 X104.66 Y137.47 E885.71518
G0 F15000 X104.66 Y136.904
G1 F6000 X111.436 Y143.681 E886.03392
G0 F15000 X111.436 Y143.115
G1 F6000 X104.66 Y136.339 E886.35265
G0 F15000 X104.66 Y135.773
G1 F6000 X111.436 Y142.549 E886.67137
G0 F15000 X111.436 Y141.984
G1 F6000 X104.66 Y135.207 E886.99011
G0 F15000 X104.66 Y134.642
G1 F6000 X111.436 Y141.418 E887.30884
G0 F15000 X111.436 Y140.852
G1 F6000 X104.66 Y134.076 E887.62756
G0 F15000 X104.66 Y133.51
G1 F6000 X111.436 Y140.286 E887.94628
G0 F15000 X111.436 Y139.721
G1 F6000 X104.66 Y132.945 E888.265
G0 F15000 X104.66 Y132.379
G1 F6000 X111.436 Y139.155 E888.58372
G0 F15000 X111.436 Y138.589
G1 F6000 X104.66 Y131.813 E888.90245
G0 F15000 X104.66 Y131.248
G1 F6000 X111.436 Y138.024 E889.22117
G0 F15000 X111.436 Y137.458
G1 F6000 X105.919 Y131.94 E889.4807
G0 F15000 X106.693 Y132.148
G1 F6000 X111.436 Y136.892 E889.70382
G0 F15000 X111.436 Y136.327
G1 F6000 X107.258 Y132.148 E889.90036
G0 F15000 X107.727 Y132.051
G1 F6000 X111.436 Y135.761 E890.07484
G0 F15000 X111.436 Y135.195
G1 F6000 X108.135 Y131.894 E890.23011
G0 F15000 X108.526 Y131.719
G1 F6000 X111.436 Y134.63 E890.36701
G0 F15000 X111.436 Y134.064
G1 F6000 X108.808 Y131.436 E890.49063
G0 F15000 X109.09 Y131.152
G1 F6000 X111.436 Y133.498 E890.60097
G0 F15000 X111.436 Y132.933
G1 F6000 X109.305 Y130.801 E890.70123
G0 F15000 X109.488 Y130.419
G1 F6000 X111.436 Y132.367 E890.79286
G0 F15000 X111.436 Y131.801
G1 F6000 X109.61 Y129.975 E890.87875
G0 F15000 X109.669 Y129.468
G1 F6000 X111.436 Y131.235 E890.96186
G0 F15000 X111.436 Y130.67
G1 F6000 X109.575 Y128.809 E891.0494
G1 F2400 E890.5494
G0 F15000 X109.228 Y129.624
G0 X109.289 Y129.337
G0 X109.96 Y125.76
G0 X111.825 Y125.772
G0 X111.898 Y128.973
G0 X111.436 Y128.973
G1 F2400 E891.0494
G1 F6000 X108.624 Y126.16 E891.18169
G0 F15000 X109.189 Y126.16
G1 F6000 X111.436 Y128.407 E891.28738
G0 F15000 X111.436 Y127.841
G1 F6000 X109.755 Y126.16 E891.36645
G0 F15000 X110.321 Y126.16
G1 F6000 X111.436 Y127.276 E891.41892
G0 F15000 X111.436 Y126.71
G1 F6000 X110.886 Y126.16 E891.44479
G0 F15000 X110.886 Y125.7
G0 X108.058 Y125.7
G0 X108.058 Y126.16
G1 F6000 X111.436 Y129.538 E891.60368
G0 F15000 X111.436 Y130.104
G1 F6000 X107.492 Y126.16 E891.7892
G0 F15000 X106.927 Y126.16
G1 F6000 X107.711 Y126.945 E891.8261
G0 F15000 X107.023 Y126.822
G1 F6000 X106.361 Y126.16 E891.85724
G0 F15000 X105.795 Y126.16
G1 F6000 X106.523 Y126.887 E891.89146
G0 F15000 X106.067 Y126.997
G1 F6000 X105.23 Y126.16 E891.93083
G0 F15000 X104.664 Y126.16
G1 F6000 X105.694 Y127.19 E891.97927
G0 F15000 X105.34 Y127.402
G1 F6000 X104.66 Y126.721 E892.01128
G0 F15000 X104.66 Y127.287
G1 F6000 X105.06 Y127.687 E892.0301
G0 F15000 X104.806 Y127.999
G1 F6000 X104.66 Y127.853 E892.03696
G1 F2400 E891.53696
;MESH:NONMESH
G0 F300 X104.66 Y127.853 Z3.2
G0 F15000 X104.2 Y127.853
G0 X104.272 Y154.228
G0 X110 Y154.57
G0 X110 Y155.665
G0 X110.653 Y167.353
G0 X110 Y167.944
;TIME_ELAPSED:1073.978566
;LAYER:15
;note -- min layer time used
;TYPE:SUPPORT
G1 F2400 E892.03696
G1 F3523.9 X109.801 Y167.801 E892.04512
G1 X109.8 Y167.731 E892.04744
G1 X109.654 Y167.67 E892.05271
G1 X109.47 Y167.708 E892.05896
G1 X108.793 Y168.16 E892.08603
G1 X108.46 Y168.533 E892.10266
G1 X108.204 Y169.203 E892.12652
G1 X108.201 Y170.713 E892.17674
G1 X108.258 Y170.974 E892.18562
G1 X108.506 Y171.519 E892.20554
G1 X109.011 Y172.016 E892.22911
G1 X109.513 Y172.317 E892.24857
G1 X109.645 Y172.346 E892.25307
G1 X109.8 Y172.285 E892.25861
G1 X109.8 Y172.22 E892.26077
G1 X110 Y172.049 E892.26952
G1 F2400 E891.76952
G0 F15000 X110.353 Y172.979
G0 X110.347 Y175.653
G0 X113.653 Y175.653
G0 X116.305 Y171.887
G0 X116.66 Y170.957
G0 X116.663 Y169.184
G0 X116.538 Y168.685
G0 X116.182 Y167.936
G0 X115.691 Y167.32
G0 X115.282 Y166.993
G0 X114.32 Y166.767
G0 X114.2 Y167.623
G1 F2400 E892.26952
G1 F3523.9 X114.691 Y167.693 E892.28602
G1 X114.849 Y167.753 E892.29164
G1 X115.066 Y167.926 E892.30087
G1 X115.413 Y168.393 E892.32022
G1 X115.467 Y168.445 E892.32271
G1 X115.721 Y168.979 E892.34238
G1 X115.799 Y169.29 E892.35305
G1 X115.796 Y170.797 E892.40317
G1 X115.552 Y171.437 E892.42595
G1 X115.19 Y171.854 E892.44432
G1 X114.524 Y172.294 E892.47087
G1 X114.34 Y172.333 E892.47712
G1 X114.197 Y172.269 E892.48233
G1 X114.197 Y172.233 E892.48353
G1 X114 Y172.048 E892.49252
G1 X114 Y167.882 E892.63108
G1 X114.2 Y167.752 E892.63901
G1 X114.2 Y167.623 E892.6433
G1 F2400 E892.1433
G0 F15000 X114.32 Y166.767
G0 X114.903 Y166.851
G0 X115.282 Y166.993
G0 X121.394 Y172.622
G0 X122 Y172.005
G1 F2400 E892.6433
G1 F3523.9 X121.506 Y171.519 E892.66635
G1 X121.258 Y170.974 E892.68627
G1 X121.201 Y170.713 E892.69515
G1 X121.204 Y169.203 E892.74538
G1 X121.46 Y168.533 E892.76923
G1 X121.791 Y168.161 E892.78579
G1 X122 Y168.021 E892.79416
G1 X122.477 Y167.703 E892.81323
G1 X122.66 Y167.666 E892.81944
G1 X122.859 Y167.754 E892.82668
G1 X123 Y167.876 E892.83288
G1 X123 Y172.049 E892.97167
G1 X122.8 Y172.22 E892.98042
G1 X122.8 Y172.285 E892.98259
G1 X122.645 Y172.346 E892.98813
G1 X122.513 Y172.317 E892.99262
G1 X122.011 Y172.016 E893.01209
G1 X122 Y172.005 E893.01261
G1 X122 Y168.021 E893.14511
G1 F2400 E892.64511
G0 F15000 X121.52 Y167.303
G0 X121.219 Y167.504
G0 X120.709 Y168.078
G0 X120.34 Y169.043
G0 X120.337 Y170.804
G0 X120.435 Y171.249
G0 X120.786 Y172.022
G0 X123.347 Y175.653
G0 X126.653 Y175.653
G0 X129.305 Y171.887
G0 X129.66 Y170.957
G0 X129.663 Y169.192
G0 X129.557 Y168.739
G0 X129.233 Y168.031
G0 X128.445 Y167.25
G0 X128 Y167.995
G1 F2400 E893.14511
G1 F3523.9 X128.48 Y168.46 E893.16734
G1 X128.736 Y169.019 E893.18779
G1 X128.799 Y169.29 E893.19705
G1 X128.796 Y170.797 E893.24717
G1 X128.552 Y171.437 E893.26995
G1 X128.19 Y171.854 E893.28832
G1 X128 Y171.98 E893.2959
G1 X127.524 Y172.294 E893.31487
G1 X127.34 Y172.333 E893.32112
G1 X127.197 Y172.269 E893.32633
G1 X127.197 Y172.233 E893.32753
G1 X127 Y172.049 E893.33649
G1 X127 Y167.853 E893.47605
G1 X127.2 Y167.751 E893.48352
G1 X127.2 Y167.714 E893.48475
G1 X127.356 Y167.654 E893.49031
G1 X127.484 Y167.684 E893.49468
G1 X127.993 Y167.988 E893.5144
G1 X128 Y167.995 E893.51473
G1 X128 Y171.98 E893.64727
G1 F2400 E893.14727
;MESH:Limiter bracketV2.stl
G0 F15000 X125.571 Y171.978
G0 X125.4 Y174.4
;TYPE:WALL-INNER
G1 F2400 E893.64727
G1 F3523.9 X125.4 Y125.7 E895.26704
G1 X124.6 Y125.7 E895.29365
G1 X124.6 Y174.4 E896.91342
G1 X125.4 Y174.4 E896.94003
G0 F15000 X125.8 Y174.8
;TYPE:WALL-OUTER
G1 F3523.9 X125.8 Y125.3 E898.5864
G1 X124.2 Y125.3 E898.63962
G1 X124.2 Y174.8 E900.286
G1 X125.8 Y174.8 E900.33921
G0 F15000 X125.52 Y174.52
G0 X125.228 Y154.172
G0 X125.092 Y153.619
G0 X125.321 Y153.62
;TYPE:FILL
G1 F3523.9 X124.68 Y152.98 E900.36934
G0 F15000 X124.91 Y152.98
G0 X124.91 Y150.685
G0 X124.68 Y150.685
G1 F3523.9 X125.32 Y150.513 E900.39138
G0 F15000 X125.092 Y150.512
G0 X124.91 Y149.104
G0 X124.68 Y149.104
G1 F3523.9 X125.32 Y146.716 E900.47361
G0 F15000 X125.092 Y146.715
G0 X124.91 Y142.402
G0 X124.681 Y142.402
G1 F3523.9 X125.319 Y142.231 E900.49558
G1 X125.321 Y142.307
G1 X124.68 Y141.666 E900.52573
G0 F15000 X124.91 Y141.666
G0 X124.91 Y134.12
G0 X124.68 Y134.12
G1 F3523.9 X125.32 Y133.949 E900.54776
G0 F15000 X125.092 Y133.948
G0 X125.092 Y130.992
G0 X125.321 Y130.993
G1 F3523.9 X124.68 Y130.352 E900.57791
G0 F15000 X124.91 Y130.352
G0 X125 Y126.802
G0 X125 Y126.1
;TYPE:SKIN
G1 F2936.6 X125 Y126.5 E900.59388
G1 F2400 E900.09388
G0 F15000 X125 Y126.802
G0 X124.816 Y148.972
G0 X124.7 Y174
G0 X125 Y174
G1 F2400 E900.59388
G1 F2936.6 X125 Y154.4 E901.37616
G1 F2400 E900.87616
G0 F15000 X125 Y154.1
G0 X124.43 Y174.4
G0 X123.335 Y174.4
G0 X113.665 Y174.4
G0 X112.4 Y174.4
;TYPE:WALL-INNER
G1 F2400 E901.37616
G1 F3523.9 X112.4 Y125.7 E902.99593
G1 X111.596 Y125.7 E903.02267
G1 X111.6 Y174.4 E904.64244
G1 X112.4 Y174.4 E904.66904
G0 F15000 X112.8 Y174.8
;TYPE:WALL-OUTER
G1 F3523.9 X112.8 Y125.3 E906.31542
G1 X111.196 Y125.3 E906.36877
G1 X111.2 Y174.8 E908.01515
G1 X112.8 Y174.8 E908.06836
G0 F15000 X112.52 Y174.52
G0 X112.228 Y154.172
G0 X111.909 Y154.1
G0 X111.679 Y154.168
;TYPE:FILL
G1 F3523.9 X112.32 Y153.997 E908.09043
G0 F15000 X112.09 Y153.997
G0 X112.09 Y151.934
G0 X112.32 Y151.934
G1 F3523.9 X111.678 Y151.291 E908.12065
G0 F15000 X111.909 Y151.291
G0 X111.909 Y145.886
G0 X111.679 Y145.886
G1 F3523.9 X112.32 Y145.715 E908.14271
G0 F15000 X112.09 Y145.715
G0 X112.09 Y140.62
G0 X112.32 Y140.62
G1 F3523.9 X111.677 Y139.977 E908.17296
G0 F15000 X111.908 Y139.977
G0 X111.908 Y137.604
G0 X111.678 Y137.604
G1 F3523.9 X112.319 Y137.433 E908.19502
G0 F15000 X112.09 Y137.433
G0 X111.908 Y135.813
G0 X111.677 Y135.813
G1 F3523.9 X112.32 Y133.414 E908.27763
G0 F15000 X112.09 Y133.414
G0 X112.09 Y129.306
G0 X112.32 Y129.306
G1 F3523.9 X111.676 Y128.662 E908.30792
G0 F15000 X111.676 Y129.323
G1 F3523.9 X112.32 Y129.15 E908.3301
G0 F15000 X112.09 Y129.15
G0 X111.998 Y126.802
G0 X111.998 Y126.102
;TYPE:SKIN
G1 F2912.3 X111.998 Y126.498 E908.34604
G1 F2400 E907.84604
G0 F15000 X111.998 Y126.802
G0 X112.184 Y148.972
G0 X112.3 Y174
G0 X112 Y174
G1 F2400 E908.34604
G1 F2924.4 X111.998 Y154.402 E909.1315
G1 F2400 E908.6315
;MESH:NONMESH
G0 F300 X111.998 Y154.402 Z3.4
G0 F15000 X111.998 Y154.1
G0 X111.409 Y146.083
G0 X109.608 Y146.083
;TIME_ELAPSED:1094.986102
;LAYER:16
;note -- min layer time used
;TYPE:SUPPORT
G1 F2400 E909.1315
G1 F3969.9 X109.998 Y146.249 E909.14559
G1 X109.998 Y149.727 E909.26127
G1 X109.646 Y149.928 E909.27476
G1 X109.267 Y149.703 E909.28941
G1 X108.845 Y149.299 E909.30885
G1 X108.646 Y148.858 E909.32494
G1 X108.601 Y148.655 E909.33185
G1 X108.603 Y147.266 E909.37805
G1 X108.8 Y146.759 E909.39614
G1 X109.074 Y146.454 E909.40978
G1 X109.608 Y146.083 E909.43141
G1 F2400 E908.93141
G0 F15000 X110.166 Y145.38
G0 X110.344 Y124.649
G0 X113.653 Y124.649
G0 X113.992 Y145.309
G0 X114.388 Y146.084
G1 F2400 E909.43141
G1 F3969.9 X114.785 Y146.336 E909.44705
G1 X115.146 Y146.69 E909.46386
G1 X115.354 Y147.141 E909.48038
G1 X115.399 Y147.345 E909.48733
G1 X115.397 Y148.735 E909.53356
G1 X115.204 Y149.232 E909.55129
G1 X114.921 Y149.556 E909.5656
G1 X114.369 Y149.918 E909.58756
G1 X114.2 Y149.834 E909.59383
G1 X114.2 Y149.8 E909.59497
G1 X114 Y149.692 E909.60253
G1 X114 Y146.217 E909.7181
G1 X114.388 Y146.084 E909.73175
G1 F2400 E909.23175
G0 F15000 X114.851 Y145.354
G0 X121.35 Y145.959
G0 X122 Y146.53
G1 F2400 E909.73175
G1 F3969.9 X122.046 Y146.478 E909.73406
G1 X122.633 Y146.082 E909.75761
G1 X123 Y146.285 E909.77156
G1 X123 Y149.872 E909.89086
G1 X122.58 Y149.972 E909.90522
G1 X122 Y149.491 E909.93028
G1 X122 Y146.53 E910.02876
G1 F2400 E909.52876
G0 F15000 X121.506 Y145.798
G0 X123.347 Y124.649
G0 X126.655 Y124.649
G0 X129.263 Y147.256
G0 X129.261 Y148.889
G0 X128.983 Y149.61
G0 X128.65 Y150.035
G0 X128 Y149.465
G1 F2400 E910.02876
G1 F3969.9 X127.924 Y149.551 E910.03258
G1 X127.408 Y149.968 E910.05465
G1 X127.001 Y149.859 E910.06866
G1 X127.001 Y146.272 E910.18797
G1 X127.353 Y146.071 E910.20145
G1 X127.732 Y146.296 E910.21611
G1 X128 Y146.553 E910.22846
G1 X128 Y149.465 E910.32531
G1 F2400 E909.82531
G0 F15000 X128.521 Y150.18
G0 X128.445 Y167.25
G0 X128 Y167.995
G1 F2400 E910.32531
G1 F3969.9 X128.48 Y168.46 E910.34754
G1 X128.736 Y169.019 E910.36799
G1 X128.799 Y169.29 E910.37724
G1 X128.796 Y170.797 E910.42736
G1 X128.552 Y171.437 E910.45015
G1 X128.19 Y171.854 E910.46851
G1 X128 Y171.98 E910.4761
G1 X127.524 Y172.294 E910.49506
G1 X127.34 Y172.333 E910.50132
G1 X127.197 Y172.269 E910.50653
G1 X127.197 Y172.233 E910.50773
G1 X127 Y172.049 E910.51669
G1 X127 Y167.853 E910.65625
G1 X127.2 Y167.751 E910.66372
G1 X127.2 Y167.714 E910.66495
G1 X127.356 Y167.654 E910.67051
G1 X127.484 Y167.684 E910.67488
G1 X127.993 Y167.988 E910.6946
G1 X128 Y167.995 E910.69493
G1 X128 Y171.98 E910.82747
G1 F2400 E910.32747
G0 F15000 X128.477 Y172.7
G0 X126.653 Y175.653
G0 X123.347 Y175.653
G0 X121.555 Y172.75
G0 X122 Y172.005
G1 F2400 E910.82747
G1 F3969.9 X121.506 Y171.519 E910.85052
G1 X121.258 Y170.974 E910.87043
G1 X121.201 Y170.713 E910.87932
G1 X121.204 Y169.203 E910.92954
G1 X121.46 Y168.533 E910.9534
G1 X121.791 Y168.161 E910.96996
G1 X122 Y168.021 E910.97833
G1 X122.477 Y167.703 E910.99739
G1 X122.66 Y167.666 E911.0036
G1 X122.859 Y167.754 E911.01084
G1 X123 Y167.876 E911.01704
G1 X123 Y172.049 E911.15584
G1 X122.8 Y172.22 E911.16459
G1 X122.8 Y172.285 E911.16675
G1 X122.645 Y172.346 E911.17229
G1 X122.513 Y172.317 E911.17679
G1 X122.011 Y172.016 E911.19625
G1 X122 Y172.005 E911.19677
G1 X122 Y168.021 E911.32928
G1 F2400 E910.82928
G0 F15000 X121.219 Y167.504
G0 X114.32 Y166.767
G0 X114.2 Y167.623
G1 F2400 E911.32928
G1 F3969.9 X114.691 Y167.693 E911.34578
G1 X114.849 Y167.753 E911.3514
G1 X115.066 Y167.926 E911.36063
G1 X115.413 Y168.393 E911.37998
G1 X115.467 Y168.445 E911.38247
G1 X115.721 Y168.979 E911.40214
G1 X115.799 Y169.29 E911.4128
G1 X115.796 Y170.797 E911.46293
G1 X115.552 Y171.437 E911.48571
G1 X115.19 Y171.854 E911.50407
G1 X114.524 Y172.294 E911.53062
G1 X114.34 Y172.333 E911.53688
G1 X114.197 Y172.269 E911.54209
G1 X114.197 Y172.233 E911.54329
G1 X114 Y172.048 E911.55228
G1 X114 Y167.882 E911.69084
G1 X114.2 Y167.752 E911.69877
G1 X114.2 Y167.623 E911.70306
G1 F2400 E911.20306
G0 F15000 X114.32 Y166.767
G0 X114.903 Y166.851
G0 X115.282 Y166.993
G0 X115.691 Y167.32
G0 X116.182 Y167.936
G0 X116.538 Y168.685
G0 X116.663 Y169.184
G0 X116.66 Y170.957
G0 X116.305 Y171.887
G0 X113.653 Y175.653
G0 X110.347 Y175.653
G0 X107.786 Y172.022
G0 X107.435 Y171.249
G0 X107.337 Y170.804
G0 X107.34 Y169.043
G0 X107.709 Y168.078
G0 X108.222 Y167.502
G0 X109.132 Y166.897
G0 X109.678 Y166.783
G0 X110.352 Y167.043
G0 X110 Y167.944
G1 F2400 E911.70306
G1 F3969.9 X109.801 Y167.801 E911.71121
G1 X109.8 Y167.731 E911.71354
G1 X109.654 Y167.67 E911.7188
G1 X109.47 Y167.708 E911.72505
G1 X108.793 Y168.16 E911.75213
G1 X108.46 Y168.533 E911.76876
G1 X108.204 Y169.203 E911.79261
G1 X108.201 Y170.713 E911.84284
G1 X108.258 Y170.974 E911.85172
G1 X108.506 Y171.519 E911.87164
G1 X109.011 Y172.016 E911.8952
G1 X109.513 Y172.317 E911.91467
G1 X109.645 Y172.346 E911.91917
G1 X109.8 Y172.285 E911.92471
G1 X109.8 Y172.22 E911.92687
G1 X110 Y172.049 E911.93562
G1 F2400 E911.43562
;MESH:Limiter bracketV2.stl
G0 F15000 X111.41 Y172.049
G0 X112.4 Y174.4
;TYPE:WALL-INNER
G1 F2400 E911.93562
G1 F3969.9 X112.4 Y125.9 E913.54874
G1 X111.596 Y125.9 E913.57548
G1 X111.6 Y174.4 E915.18859
G1 X112.4 Y174.4 E915.2152
G0 F15000 X112.8 Y174.8
;TYPE:WALL-OUTER
G1 F3969.9 X112.8 Y125.5 E916.85493
G1 X111.196 Y125.5 E916.90828
G1 X111.2 Y174.8 E918.548
G1 X112.8 Y174.8 E918.60122
G0 F15000 X112.52 Y174.52
G0 X112.228 Y154.172
G0 X111.879 Y154.1
G0 X111.679 Y154.315
;TYPE:FILL
G1 F3969.9 X112.32 Y154.144 E918.62328
G0 F15000 X112.09 Y154.144
G0 X112.09 Y151.733
G0 X112.32 Y151.733
G1 F3969.9 X111.678 Y151.09 E918.6535
G0 F15000 X111.909 Y151.09
G0 X111.77 Y149.429
G0 X111.77 Y146.571
G0 X111.908 Y146.034
G0 X111.678 Y146.034
G1 F3969.9 X112.319 Y145.862 E918.67558
G0 F15000 X112.09 Y145.862
G0 X112.09 Y140.419
G0 X112.32 Y140.419
G1 F3969.9 X111.676 Y139.775 E918.70587
G0 F15000 X111.908 Y139.775
G0 X111.908 Y137.752
G0 X111.677 Y137.752
G1 F3969.9 X112.319 Y137.58 E918.72798
G0 F15000 X112.09 Y137.58
G0 X111.908 Y135.267
G0 X111.677 Y135.267
G1 F3969.9 X112.319 Y132.868 E918.81057
G0 F15000 X112.09 Y132.868
G0 X111.908 Y129.47
G0 X111.676 Y129.47
G1 F3969.9 X112.32 Y129.297 E918.83275
G1 X112.32 Y129.106
G1 X111.675 Y128.461 E918.86309
G0 F15000 X111.908 Y128.461
G0 X111.998 Y127.002
G0 X111.998 Y126.302
;TYPE:SKIN
G1 F3280.9 X111.998 Y126.698 E918.87903
G0 F15000 X111.998 Y127.002
G0 X111.77 Y146.571
G0 X111.77 Y149.429
G0 X111.998 Y149.196
G1 F3280.9 X111.998 Y146.798 E918.97554
G0 F15000 X111.998 Y146.499
G0 X112.3 Y174
G0 X112 Y174
G1 F3294.5 X111.998 Y154.402 E919.76099
G1 F2400 E919.26099
G0 F15000 X111.998 Y154.1
G0 X112.57 Y174.4
G0 X113.665 Y174.4
G0 X123.335 Y174.4
G0 X125.4 Y174.4
;TYPE:WALL-INNER
G1 F2400 E919.76099
G1 F3969.9 X125.4 Y125.9 E921.37411
G1 X124.6 Y125.9 E921.40072
G1 X124.6 Y174.4 E923.01383
G1 X125.4 Y174.4 E923.04044
G0 F15000 X125.8 Y174.8
;TYPE:WALL-OUTER
G1 F3969.9 X125.8 Y125.5 E924.68017
G1 X124.2 Y125.5 E924.73338
G1 X124.2 Y174.8 E926.37311
G1 X125.8 Y174.8 E926.42632
G0 F15000 X125.52 Y174.52
G0 X125.228 Y154.172
G0 X125.091 Y153.419
G0 X125.32 Y153.419
;TYPE:FILL
G1 F3969.9 X124.68 Y152.779 E926.45643
G0 F15000 X124.91 Y152.779
G0 X124.91 Y150.832
G0 X124.681 Y150.832
G1 F3969.9 X125.32 Y150.66 E926.47844
G0 F15000 X125.091 Y150.66
G0 X125.228 Y149.429
G0 X125.228 Y146.571
G0 X125.172 Y146.719
G1 F3969.9 X125.319 Y146.171 E926.49731
G0 F15000 X125.092 Y146.17
G0 X124.91 Y142.549
G0 X124.681 Y142.549
G1 F3969.9 X125.319 Y142.378 E926.51928
G0 F15000 X125.321 Y142.106
G1 F3969.9 X124.68 Y141.465 E926.54943
G0 F15000 X124.91 Y141.465
G0 X124.91 Y134.267
G0 X124.68 Y134.267
G1 F3969.9 X125.319 Y134.096 E926.57143
G0 F15000 X125.092 Y134.095
G0 X125.092 Y130.791
G0 X125.321 Y130.792
G1 F3969.9 X124.68 Y130.151 E926.60158
G0 F15000 X124.91 Y130.151
G0 X125 Y127.002
G0 X125 Y126.3
;TYPE:SKIN
G1 F3308.3 X125 Y126.7 E926.61755
G0 F15000 X125 Y127.002
G0 X125.228 Y146.571
G0 X125.228 Y149.429
G0 X125 Y149.2
G1 F3308.3 X125 Y146.796 E926.71349
G0 F15000 X125 Y146.499
G0 X124.7 Y174
G0 X125 Y174
G1 F3308.3 X125 Y154.4 E927.49577
G1 F2400 E926.99577
;MESH:NONMESH
G0 F300 X125 Y154.4 Z3.6
G0 F15000 X125 Y154.1
G0 X124.43 Y146.083
G0 X123.355 Y145.515
G0 X113.653 Y124.649
G0 X110.344 Y124.649
G0 X110.166 Y145.38
G0 X109.608 Y146.083
;TIME_ELAPSED:1121.453206
;LAYER:17
;note -- min layer time used
;TYPE:SUPPORT
G1 F2400 E927.49577
G1 F3983.2 X109.998 Y146.249 E927.50987
G1 X109.998 Y149.727 E927.62555
G1 X109.646 Y149.928 E927.63903
G1 X109.267 Y149.703 E927.65369
G1 X108.845 Y149.299 E927.67312
G1 X108.646 Y148.858 E927.68921
G1 X108.601 Y148.655 E927.69613
G1 X108.603 Y147.266 E927.74233
G1 X108.8 Y146.759 E927.76042
G1 X109.074 Y146.454 E927.77405
G1 X109.608 Y146.083 E927.79568
G1 F2400 E927.29568
G0 F15000 X110.166 Y145.38
G0 X110.344 Y124.849
G0 X113.653 Y124.849
G0 X113.992 Y145.309
G0 X114.388 Y146.084
G1 F2400 E927.79568
G1 F3983.2 X114.785 Y146.336 E927.81132
G1 X115.146 Y146.69 E927.82814
G1 X115.354 Y147.141 E927.84466
G1 X115.399 Y147.345 E927.8516
G1 X115.397 Y148.735 E927.89784
G1 X115.204 Y149.232 E927.91557
G1 X114.921 Y149.556 E927.92988
G1 X114.369 Y149.918 E927.95183
G1 X114.2 Y149.834 E927.95811
G1 X114.2 Y149.8 E927.95924
G1 X114 Y149.692 E927.9668
G1 X114 Y146.217 E928.08238
G1 X114.388 Y146.084 E928.09602
G1 F2400 E927.59602
G0 F15000 X114.851 Y145.354
G0 X121.35 Y145.959
G0 X122 Y146.53
G1 F2400 E928.09602
G1 F3983.2 X122.046 Y146.478 E928.09833
G1 X122.633 Y146.082 E928.12188
G1 X123 Y146.285 E928.13583
G1 X123 Y149.872 E928.25514
G1 X122.58 Y149.972 E928.2695
G1 X122 Y149.491 E928.29456
G1 X122 Y146.53 E928.39304
G1 F2400 E927.89304
G0 F15000 X121.506 Y145.798
G0 X123.347 Y124.849
G0 X126.655 Y124.849
G0 X129.263 Y147.256
G0 X129.261 Y148.889
G0 X128.983 Y149.61
G0 X128.65 Y150.035
G0 X128 Y149.465
G1 F2400 E928.39304
G1 F3983.2 X127.924 Y149.551 E928.39686
G1 X127.408 Y149.968 E928.41892
G1 X127.001 Y149.859 E928.43294
G1 X127.001 Y146.272 E928.55224
G1 X127.353 Y146.071 E928.56572
G1 X127.732 Y146.296 E928.58038
G1 X128 Y146.553 E928.59273
G1 X128 Y149.465 E928.68959
G1 F2400 E928.18959
G0 F15000 X128.521 Y150.18
G0 X128.445 Y167.25
G0 X128 Y167.995
G1 F2400 E928.68959
G1 F3983.2 X128.48 Y168.46 E928.71181
G1 X128.736 Y169.019 E928.73226
G1 X128.799 Y169.29 E928.74152
G1 X128.796 Y170.797 E928.79164
G1 X128.552 Y171.437 E928.81442
G1 X128.19 Y171.854 E928.83279
G1 X128 Y171.98 E928.84037
G1 X127.524 Y172.294 E928.85934
G1 X127.34 Y172.333 E928.86559
G1 X127.197 Y172.269 E928.8708
G1 X127.197 Y172.233 E928.872
G1 X127 Y172.049 E928.88097
G1 X127 Y167.853 E929.02053
G1 X127.2 Y167.751 E929.02799
G1 X127.2 Y167.714 E929.02922
G1 X127.356 Y167.654 E929.03478
G1 X127.484 Y167.684 E929.03916
G1 X127.993 Y167.988 E929.05887
G1 X128 Y167.995 E929.0592
G1 X128 Y171.98 E929.19175
G1 F2400 E928.69175
G0 F15000 X128.477 Y172.7
G0 X126.653 Y175.653
G0 X123.347 Y175.653
G0 X121.555 Y172.75
G0 X122 Y172.005
G1 F2400 E929.19175
G1 F3983.2 X121.506 Y171.519 E929.21479
G1 X121.258 Y170.974 E929.23471
G1 X121.201 Y170.713 E929.2436
G1 X121.204 Y169.203 E929.29382
G1 X121.46 Y168.533 E929.31767
G1 X121.791 Y168.161 E929.33424
G1 X122 Y168.021 E929.3426
G1 X122.477 Y167.703 E929.36167
G1 X122.66 Y167.666 E929.36788
G1 X122.859 Y167.754 E929.37512
G1 X123 Y167.876 E929.38132
G1 X123 Y172.049 E929.52011
G1 X122.8 Y172.22 E929.52886
G1 X122.8 Y172.285 E929.53103
G1 X122.645 Y172.346 E929.53657
G1 X122.513 Y172.317 E929.54106
G1 X122.011 Y172.016 E929.56053
G1 X122 Y172.005 E929.56105
G1 X122 Y168.021 E929.69356
G1 F2400 E929.19356
G0 F15000 X121.219 Y167.504
G0 X114.32 Y166.767
G0 X114.2 Y167.623
G1 F2400 E929.69356
G1 F3983.2 X114.691 Y167.693 E929.71005
G1 X114.849 Y167.753 E929.71567
G1 X115.066 Y167.926 E929.7249
G1 X115.413 Y168.393 E929.74425
G1 X115.467 Y168.445 E929.74675
G1 X115.721 Y168.979 E929.76641
G1 X115.799 Y169.29 E929.77708
G1 X115.796 Y170.797 E929.8272
G1 X115.552 Y171.437 E929.84998
G1 X115.19 Y171.854 E929.86835
G1 X114.524 Y172.294 E929.8949
G1 X114.34 Y172.333 E929.90115
G1 X114.197 Y172.269 E929.90637
G1 X114.197 Y172.233 E929.90756
G1 X114 Y172.048 E929.91655
G1 X114 Y167.882 E930.05511
G1 X114.2 Y167.752 E930.06305
G1 X114.2 Y167.623 E930.06734
G1 F2400 E929.56734
G0 F15000 X114.32 Y166.767
G0 X114.903 Y166.851
G0 X115.282 Y166.993
G0 X115.691 Y167.32
G0 X116.182 Y167.936
G0 X116.538 Y168.685
G0 X116.663 Y169.184
G0 X116.66 Y170.957
G0 X116.305 Y171.887
G0 X113.653 Y175.653
G0 X110.347 Y175.653
G0 X107.786 Y172.022
G0 X107.435 Y171.249
G0 X107.337 Y170.804
G0 X107.34 Y169.043
G0 X107.709 Y168.078
G0 X108.222 Y167.502
G0 X109.132 Y166.897
G0 X109.678 Y166.783
G0 X110.352 Y167.043
G0 X110 Y167.944
G1 F2400 E930.06734
G1 F3983.2 X109.801 Y167.801 E930.07549
G1 X109.8 Y167.731 E930.07782
G1 X109.654 Y167.67 E930.08308
G1 X109.47 Y167.708 E930.08933
G1 X108.793 Y168.16 E930.1164
G1 X108.46 Y168.533 E930.13303
G1 X108.204 Y169.203 E930.15689
G1 X108.201 Y170.713 E930.20711
G1 X108.258 Y170.974 E930.216
G1 X108.506 Y171.519 E930.23591
G1 X109.011 Y172.016 E930.25948
G1 X109.513 Y172.317 E930.27895
G1 X109.645 Y172.346 E930.28344
G1 X109.8 Y172.285 E930.28898
G1 X109.8 Y172.22 E930.29114
G1 X110 Y172.049 E930.2999
G1 F2400 E929.7999
;MESH:Limiter bracketV2.stl
G0 F15000 X111.41 Y172.049
G0 X112.4 Y174.4
;TYPE:WALL-INNER
G1 F2400 E930.2999
G1 F3983.2 X112.4 Y126.1 E931.90636
G1 X111.596 Y126.1 E931.9331
G1 X111.6 Y174.4 E933.53957
G1 X112.4 Y174.4 E933.56617
G0 F15000 X112.8 Y174.8
;TYPE:WALL-OUTER
G1 F3983.2 X112.8 Y125.7 E935.19925
G1 X111.196 Y125.7 E935.2526
G1 X111.2 Y174.8 E936.88567
G1 X112.8 Y174.8 E936.93888
G0 F15000 X112.52 Y174.52
G0 X112.228 Y154.172
G0 X112.207 Y154.32
;TYPE:FILL
G1 F3983.2 X112.319 Y154.29 E936.94274
G0 F15000 X112.12 Y154.13
G0 X112.09 Y151.534
G0 X112.32 Y151.534
G1 F3983.2 X111.678 Y150.891 E936.97296
G0 F15000 X111.909 Y150.891
G0 X111.77 Y149.873
G0 X111.77 Y146.127
G0 X111.678 Y146.179
G1 F3983.2 X112.32 Y146.008 E936.99506
G0 F15000 X112.09 Y146.008
G0 X112.09 Y140.219
G0 X112.32 Y140.219
G1 F3983.2 X111.677 Y139.577 E937.02528
G0 F15000 X111.908 Y139.577
G0 X111.908 Y137.898
G0 X111.677 Y137.898
G1 F3983.2 X112.319 Y137.726 E937.04739
G0 F15000 X112.09 Y137.726
G0 X111.908 Y134.722
G0 X111.677 Y134.722
G1 F3983.2 X112.32 Y132.321 E937.13006
G0 F15000 X112.09 Y132.321
G0 X111.908 Y129.616
G0 X111.676 Y129.616
G1 F3983.2 X112.32 Y129.443 E937.15224
G0 F15000 X112.32 Y128.906
G1 F3983.2 X111.676 Y128.262 E937.18253
G0 F15000 X111.908 Y128.262
G0 X111.998 Y127.202
G0 X111.998 Y126.502
;TYPE:SKIN
G1 F3291.9 X111.998 Y126.898 E937.19847
G0 F15000 X111.998 Y127.202
G0 X111.77 Y146.127
G0 X111.77 Y149.873
G0 X111.998 Y149.64
G1 F3291.9 X111.998 Y146.354 E937.33071
G0 F15000 X111.998 Y146.055
G0 X112.3 Y174
G0 X112 Y174
G1 F3305.6 X111.998 Y154.402 E938.11617
G1 F2400 E937.61617
G0 F15000 X111.998 Y154.1
G0 X112.57 Y174.4
G0 X113.665 Y174.4
G0 X123.335 Y174.4
G0 X125.4 Y174.4
;TYPE:WALL-INNER
G1 F2400 E938.11617
G1 F3983.2 X125.4 Y126.1 E939.72263
G1 X124.6 Y126.1 E939.74924
G1 X124.6 Y174.4 E941.35571
G1 X125.4 Y174.4 E941.38231
G0 F15000 X125.8 Y174.8
;TYPE:WALL-OUTER
G1 F3983.2 X125.8 Y125.7 E943.01539
G1 X124.2 Y125.7 E943.0686
G1 X124.2 Y174.8 E944.70168
G1 X125.8 Y174.8 E944.75489
G0 F15000 X125.52 Y174.52
G0 X125.228 Y154.172
G0 X125.091 Y153.219
G0 X125.32 Y153.219
;TYPE:FILL
G1 F3983.2 X124.68 Y152.58 E944.78497
G0 F15000 X124.91 Y152.58
G0 X124.91 Y150.978
G0 X124.68 Y150.978
G1 F3983.2 X125.32 Y150.806 E944.80701
G0 F15000 X125.091 Y150.806
G0 X125.228 Y149.873
G0 X125.228 Y146.127
G0 X125.145 Y146.276
G1 F3983.2 X125.32 Y145.623 E944.8295
G0 F15000 X125.092 Y145.622
G0 X124.91 Y142.695
G0 X124.681 Y142.695
G1 F3983.2 X125.319 Y142.524 E944.85147
G0 F15000 X125.321 Y141.906
G1 F3983.2 X124.68 Y141.266 E944.88159
G0 F15000 X124.91 Y141.266
G0 X124.91 Y134.413
G0 X124.68 Y134.413
G1 F3983.2 X125.32 Y134.242 E944.90363
G0 F15000 X125.092 Y134.241
G0 X125.092 Y130.592
G0 X125.321 Y130.593
G1 F3983.2 X124.68 Y129.952 E944.93378
G0 F15000 X124.91 Y129.952
G0 X125 Y127.202
G0 X125 Y126.5
;TYPE:SKIN
G1 F3319.3 X125 Y126.9 E944.94974
G0 F15000 X125 Y127.202
G0 X125.228 Y146.127
G0 X125.228 Y149.873
G0 X125 Y149.644
G1 F3319.3 X125 Y146.352 E945.08113
G0 F15000 X125 Y146.055
G0 X124.7 Y174
G0 X125 Y174
G1 F3319.3 X125 Y154.4 E945.86341
G1 F2400 E945.36341
;MESH:NONMESH
G0 F300 X125 Y154.4 Z3.8
G0 F15000 X125 Y154.1
G0 X124.43 Y146.305
G0 X123.355 Y145.515
G0 X113.653 Y124.849
G0 X110.344 Y124.849
G0 X110.166 Y145.38
G0 X109.637 Y146.305
;TIME_ELAPSED:1147.844841
;LAYER:18
;note -- min layer time used
;TYPE:SUPPORT
G1 F2400 E945.86341
G1 F3953.3 X109.754 Y146.366 E945.8678
G1 X109.998 Y146.377 E945.87592
G1 X109.998 Y149.552 E945.98153
G1 X109.646 Y149.696 E945.99418
G1 X109.372 Y149.533 E946.00478
G1 X109.012 Y149.184 E946.02146
G1 X108.801 Y148.717 E946.0385
G1 X108.803 Y147.301 E946.0856
G1 X108.973 Y146.864 E946.10119
G1 X109.188 Y146.619 E946.11203
G1 X109.637 Y146.305 E946.13026
G1 F2400 E945.63026
G0 F15000 X109.984 Y145.512
G0 X110.344 Y125.049
G0 X113.653 Y125.049
G0 X113.648 Y145.441
G0 X114.2 Y146.229
G1 F2400 E946.13026
G1 F3953.3 X114.565 Y146.281 E946.14252
G1 X114.891 Y146.722 E946.16076
G1 X114.981 Y146.808 E946.1649
G1 X115.199 Y147.282 E946.18225
G1 X115.197 Y148.697 E946.22932
G1 X115.029 Y149.13 E946.24476
G1 X114.791 Y149.4 E946.25673
G1 X114.358 Y149.685 E946.27398
G1 X114 Y149.536 E946.28687
G1 X114 Y146.346 E946.39297
G1 X114.2 Y146.324 E946.39967
G1 X114.2 Y146.229 E946.40282
G1 F2400 E945.90282
G0 F15000 X114.319 Y145.373
G0 X121.181 Y146.516
G0 X122 Y146.833
G1 F2400 E946.40282
G1 F3953.3 X122.199 Y146.609 E946.41279
G1 X122.642 Y146.319 E946.4304
G1 X123 Y146.465 E946.44326
G1 X123 Y149.752 E946.55259
G1 X122.708 Y149.713 E946.56238
G1 X122.628 Y149.751 E946.56533
G1 X122.064 Y149.284 E946.58968
G1 X122 Y149.145 E946.59477
G1 X122 Y146.833 E946.67167
G1 F2400 E946.17167
G0 F15000 X121.353 Y146.261
G0 X123.347 Y125.049
G0 X126.655 Y125.049
G0 X129.063 Y147.255
G0 X129.061 Y148.852
G0 X128.831 Y149.445
G0 X128.653 Y149.729
G0 X128 Y149.161
G1 F2400 E946.67167
G1 F3953.3 X127.793 Y149.398 E946.68214
G1 X127.311 Y149.787 E946.70274
G1 X127.191 Y149.808 E946.70679
G1 X127.001 Y149.726 E946.71367
G1 X127.001 Y146.45 E946.82263
G1 X127.353 Y146.304 E946.83531
G1 X127.63 Y146.468 E946.84602
G1 X127.987 Y146.816 E946.8626
G1 X128 Y146.845 E946.86365
G1 X128 Y149.161 E946.94068
G1 F2400 E946.44068
G0 F15000 X128.653 Y149.729
G0 X128.445 Y167.25
G0 X128 Y167.995
G1 F2400 E946.94068
G1 F3953.3 X128.48 Y168.46 E946.96291
G1 X128.736 Y169.019 E946.98336
G1 X128.799 Y169.29 E946.99262
G1 X128.796 Y170.797 E947.04274
G1 X128.552 Y171.437 E947.06552
G1 X128.19 Y171.854 E947.08389
G1 X128 Y171.98 E947.09147
G1 X127.524 Y172.294 E947.11044
G1 X127.34 Y172.333 E947.11669
G1 X127.197 Y172.269 E947.1219
G1 X127.197 Y172.233 E947.1231
G1 X127 Y172.049 E947.13207
G1 X127 Y167.853 E947.27162
G1 X127.2 Y167.751 E947.27909
G1 X127.2 Y167.714 E947.28032
G1 X127.356 Y167.654 E947.28588
G1 X127.484 Y167.684 E947.29025
G1 X127.993 Y167.988 E947.30997
G1 X128 Y167.995 E947.3103
G1 X128 Y171.98 E947.44284
G1 F2400 E946.94284
G0 F15000 X128.477 Y172.7
G0 X126.653 Y175.653
G0 X123.347 Y175.653
G0 X121.555 Y172.75
G0 X122 Y172.005
G1 F2400 E947.44284
G1 F3953.3 X121.506 Y171.519 E947.46589
G1 X121.258 Y170.974 E947.48581
G1 X121.201 Y170.713 E947.49469
G1 X121.204 Y169.203 E947.54492
G1 X121.46 Y168.533 E947.56877
G1 X121.791 Y168.161 E947.58533
G1 X122 Y168.021 E947.5937
G1 X122.477 Y167.703 E947.61277
G1 X122.66 Y167.666 E947.61898
G1 X122.859 Y167.754 E947.62621
G1 X123 Y167.876 E947.63242
G1 X123 Y172.047 E947.77114
G1 X122.8 Y172.221 E947.77996
G1 X122.8 Y172.285 E947.78209
G1 X122.645 Y172.346 E947.78763
G1 X122.513 Y172.317 E947.79213
G1 X122.011 Y172.016 E947.81159
G1 X122 Y172.005 E947.81211
G1 X122 Y168.021 E947.94462
G1 F2400 E947.44462
G0 F15000 X121.219 Y167.504
G0 X114.32 Y166.767
G0 X114.2 Y167.623
G1 F2400 E947.94462
G1 F3953.3 X114.691 Y167.693 E947.96111
G1 X114.849 Y167.753 E947.96674
G1 X115.066 Y167.926 E947.97597
G1 X115.413 Y168.393 E947.99532
G1 X115.467 Y168.445 E947.99781
G1 X115.721 Y168.979 E948.01748
G1 X115.799 Y169.29 E948.02814
G1 X115.796 Y170.797 E948.07827
G1 X115.552 Y171.437 E948.10105
G1 X115.19 Y171.854 E948.11941
G1 X114.524 Y172.294 E948.14596
G1 X114.34 Y172.333 E948.15222
G1 X114.197 Y172.269 E948.15743
G1 X114.197 Y172.233 E948.15863
G1 X114 Y172.048 E948.16761
G1 X114 Y167.882 E948.30618
G1 X114.2 Y167.752 E948.31411
G1 X114.2 Y167.623 E948.3184
G1 F2400 E947.8184
G0 F15000 X114.32 Y166.767
G0 X114.903 Y166.851
G0 X115.282 Y166.993
G0 X115.691 Y167.32
G0 X116.182 Y167.936
G0 X116.538 Y168.685
G0 X116.663 Y169.184
G0 X116.66 Y170.957
G0 X116.305 Y171.887
G0 X113.653 Y175.653
G0 X110.347 Y175.653
G0 X107.786 Y172.022
G0 X107.435 Y171.249
G0 X107.337 Y170.804
G0 X107.34 Y169.043
G0 X107.709 Y168.078
G0 X108.222 Y167.502
G0 X109.132 Y166.897
G0 X109.678 Y166.783
G0 X110.352 Y167.043
G0 X110 Y167.944
G1 F2400 E948.3184
G1 F3953.3 X109.801 Y167.801 E948.32655
G1 X109.8 Y167.731 E948.32888
G1 X109.654 Y167.67 E948.33414
G1 X109.47 Y167.708 E948.34039
G1 X108.793 Y168.16 E948.36747
G1 X108.46 Y168.533 E948.3841
G1 X108.204 Y169.203 E948.40795
G1 X108.201 Y170.713 E948.45818
G1 X108.258 Y170.974 E948.46706
G1 X108.506 Y171.519 E948.48698
G1 X109.011 Y172.016 E948.51054
G1 X109.513 Y172.317 E948.53001
G1 X109.645 Y172.346 E948.53451
G1 X109.8 Y172.285 E948.54005
G1 X109.8 Y172.221 E948.54217
G1 X110 Y172.047 E948.55099
G1 F2400 E948.05099
;MESH:Limiter bracketV2.stl
G0 F15000 X111.41 Y172.047
G0 X112.4 Y174.4
;TYPE:WALL-INNER
G1 F2400 E948.55099
G1 F3953.3 X112.4 Y126.3 E950.1508
G1 X111.596 Y126.3 E950.17755
G1 X111.6 Y174.4 E951.77736
G1 X112.4 Y174.4 E951.80397
G0 F15000 X112.8 Y174.8
;TYPE:WALL-OUTER
G1 F3953.3 X112.8 Y125.9 E953.43039
G1 X111.196 Y125.9 E953.48374
G1 X111.2 Y174.8 E955.11016
G1 X112.8 Y174.8 E955.16337
G0 F15000 X112.52 Y174.52
G0 X112.228 Y154.172
G0 X112.09 Y151.333
G0 X112.32 Y151.333
;TYPE:FILL
G1 F3953.3 X111.678 Y150.691 E955.19357
G0 F15000 X111.909 Y150.691
G0 X111.77 Y150.146
G0 X111.77 Y145.855
G0 X111.677 Y146.327
G1 F3953.3 X111.917 Y146.263 E955.20183
G0 F15000 X111.917 Y145.782
G0 X112.09 Y140.018
G0 X112.32 Y140.018
G1 F3953.3 X111.677 Y139.376 E955.23205
G0 F15000 X111.908 Y139.376
G0 X111.908 Y138.044
G0 X111.678 Y138.044
G1 F3953.3 X112.32 Y137.872 E955.25416
G0 F15000 X112.09 Y137.872
G0 X111.908 Y134.173
G0 X111.677 Y134.173
G1 F3953.3 X112.32 Y131.773 E955.3368
G0 F15000 X112.09 Y131.773
G0 X111.908 Y129.762
G0 X111.677 Y129.762
G1 F3953.3 X112.32 Y129.59 E955.35894
G0 F15000 X112.32 Y128.705
G1 F3953.3 X111.676 Y128.061 E955.38923
G0 F15000 X111.908 Y128.061
G0 X111.998 Y127.402
G0 X111.998 Y126.702
;TYPE:SKIN
G1 F3267.2 X111.998 Y127.098 E955.40517
G0 F15000 X111.998 Y127.402
G0 X111.77 Y145.855
G0 X111.77 Y150.146
G0 X111.998 Y149.914
G1 F3267.2 X111.998 Y146.084 E955.5593
G0 F15000 X111.998 Y145.782
G0 X112.3 Y174
G0 X112 Y174
G1 F3280.7 X111.998 Y154.402 E956.34476
G1 F2400 E955.84476
G0 F15000 X111.998 Y154.1
G0 X112.57 Y174.4
G0 X113.665 Y174.4
G0 X123.335 Y174.4
G0 X125.4 Y174.4
;TYPE:WALL-INNER
G1 F2400 E956.34476
G1 F3953.3 X125.4 Y126.3 E957.94457
G1 X124.6 Y126.3 E957.97118
G1 X124.6 Y174.4 E959.57099
G1 X125.4 Y174.4 E959.5976
G0 F15000 X125.8 Y174.8
;TYPE:WALL-OUTER
G1 F3953.3 X125.8 Y125.9 E961.22402
G1 X124.2 Y125.9 E961.27724
G1 X124.2 Y174.8 E962.90366
G1 X125.8 Y174.8 E962.95688
G0 F15000 X125.52 Y174.52
G0 X125.228 Y154.172
G0 X125.091 Y153.019
G0 X125.321 Y153.019
;TYPE:FILL
G1 F3953.3 X124.68 Y152.379 E962.987
G0 F15000 X124.91 Y152.379
G0 X124.91 Y151.125
G0 X124.68 Y151.125
G1 F3953.3 X125.32 Y150.953 E963.00904
G0 F15000 X125.091 Y150.953
G0 X125.228 Y150.145
G0 X125.228 Y145.854
G0 X125.071 Y146.003
G1 F3953.3 X125.32 Y145.075 E963.041
G0 F15000 X125.092 Y145.074
G0 X124.91 Y142.842
G0 X124.681 Y142.842
G1 F3953.3 X125.32 Y142.671 E963.063
G0 F15000 X125.321 Y141.706
G1 F3953.3 X124.68 Y141.065 E963.09315
G0 F15000 X124.91 Y141.065
G0 X124.91 Y134.56
G0 X124.681 Y134.56
G1 F3953.3 X125.32 Y134.389 E963.11515
G0 F15000 X125.092 Y134.388
G0 X125.092 Y130.391
G0 X125.321 Y130.392
G1 F3953.3 X124.68 Y129.751 E963.1453
G0 F15000 X124.91 Y129.751
G0 X125 Y127.402
G0 X125 Y126.7
;TYPE:SKIN
G1 F3294.4 X125 Y127.1 E963.16127
G0 F15000 X125 Y127.402
G0 X125.228 Y145.854
G0 X125.228 Y150.145
G0 X125 Y149.916
G1 F3294.4 X125 Y146.082 E963.31429
G0 F15000 X125 Y145.782
G0 X124.7 Y174
G0 X125 Y174
G1 F3294.4 X125 Y154.4 E964.09657
G1 F2400 E963.59657
;MESH:NONMESH
G0 F300 X125 Y154.4 Z4
G0 F15000 X125 Y154.1
G0 X124.43 Y146.305
G0 X123.351 Y145.677
G0 X113.653 Y125.049
G0 X110.344 Y125.049
G0 X109.984 Y145.512
G0 X109.637 Y146.305
;TIME_ELAPSED:1173.978084
;LAYER:19
;note -- min layer time used
;TYPE:SUPPORT
G1 F2400 E964.09657
G1 F3636.3 X109.788 Y146.384 E964.10224
G1 X109.998 Y146.387 E964.10922
G1 X109.998 Y149.537 E964.21399
G1 X109.646 Y149.696 E964.22684
G1 X109.37 Y149.531 E964.23754
G1 X109.013 Y149.184 E964.25409
G1 X108.801 Y148.716 E964.27118
G1 X108.803 Y147.302 E964.31821
G1 X108.973 Y146.864 E964.33384
G1 X109.188 Y146.619 E964.34468
G1 X109.637 Y146.305 E964.3629
G1 F2400 E963.8629
G0 F15000 X110.005 Y145.524
G0 X110.344 Y125.249
G0 X113.653 Y125.249
G0 X113.994 Y145.511
G0 X114.354 Y146.299
G1 F2400 E964.3629
G1 F3636.3 X114.647 Y146.481 E964.37438
G1 X114.981 Y146.807 E964.3899
G1 X115.199 Y147.284 E964.40734
G1 X115.197 Y148.697 E964.45434
G1 X115.029 Y149.129 E964.46976
G1 X114.791 Y149.4 E964.48175
G1 X114.358 Y149.685 E964.49899
G1 X114 Y149.527 E964.51201
G1 X114 Y146.381 E964.61665
G1 X114.267 Y146.348 E964.62559
G1 X114.354 Y146.299 E964.62891
G1 F2400 E964.12891
G0 F15000 X114.81 Y145.565
G0 X121.181 Y146.517
G0 X122 Y146.833
G1 F2400 E964.62891
G1 F3636.3 X122.199 Y146.609 E964.63888
G1 X122.642 Y146.319 E964.65649
G1 X123 Y146.473 E964.66945
G1 X123 Y149.708 E964.77705
G1 X122.825 Y149.66 E964.78308
G1 X122.629 Y149.751 E964.79027
G1 X122.064 Y149.284 E964.81465
G1 X122 Y149.144 E964.81977
G1 X122 Y146.833 E964.89664
G1 F2400 E964.39664
G0 F15000 X121.353 Y146.261
G0 X123.347 Y125.249
G0 X126.655 Y125.249
G0 X129.063 Y147.256
G0 X129.061 Y148.852
G0 X128.831 Y149.445
G0 X128.652 Y149.73
G0 X128 Y149.162
G1 F2400 E964.89664
G1 F3636.3 X127.797 Y149.395 E964.90691
G1 X127.371 Y149.739 E964.92513
G1 X127.24 Y149.676 E964.92996
G1 X127.001 Y149.726 E964.93808
G1 X127.001 Y146.461 E965.04668
G1 X127.352 Y146.304 E965.05947
G1 X127.631 Y146.469 E965.07025
G1 X127.987 Y146.816 E965.08678
G1 X128 Y146.845 E965.08784
G1 X128 Y149.162 E965.1649
G1 F2400 E964.6649
G0 F15000 X128.652 Y149.73
G0 X128.445 Y167.25
G0 X128 Y167.995
G1 F2400 E965.1649
G1 F3636.3 X128.48 Y168.46 E965.18713
G1 X128.736 Y169.019 E965.20758
G1 X128.799 Y169.29 E965.21683
G1 X128.796 Y170.797 E965.26696
G1 X128.552 Y171.437 E965.28974
G1 X128.19 Y171.854 E965.3081
G1 X128 Y171.98 E965.31569
G1 X127.524 Y172.294 E965.33465
G1 X127.34 Y172.333 E965.34091
G1 X127.197 Y172.269 E965.34612
G1 X127.197 Y172.233 E965.34732
G1 X127 Y172.048 E965.35631
G1 X127 Y167.853 E965.49583
G1 X127.2 Y167.751 E965.5033
G1 X127.2 Y167.714 E965.50453
G1 X127.356 Y167.654 E965.51009
G1 X127.484 Y167.684 E965.51446
G1 X127.993 Y167.988 E965.53418
G1 X128 Y167.995 E965.53451
G1 X128 Y171.98 E965.66705
G1 F2400 E965.16705
G0 F15000 X128.477 Y172.7
G0 X126.653 Y175.653
G0 X123.347 Y175.653
G0 X121.555 Y172.75
G0 X122 Y172.005
G1 F2400 E965.66705
G1 F3636.3 X121.506 Y171.519 E965.6901
G1 X121.258 Y170.974 E965.71002
G1 X121.201 Y170.713 E965.7189
G1 X121.204 Y169.203 E965.76912
G1 X121.46 Y168.533 E965.79298
G1 X121.791 Y168.161 E965.80954
G1 X122 Y168.021 E965.81791
G1 X122.477 Y167.703 E965.83697
G1 X122.66 Y167.666 E965.84318
G1 X122.859 Y167.754 E965.85042
G1 X123 Y167.876 E965.85662
G1 X123 Y172.048 E965.99538
G1 X122.8 Y172.239 E966.00458
G1 X122.8 Y172.285 E966.00611
G1 X122.645 Y172.346 E966.01165
G1 X122.513 Y172.317 E966.01615
G1 X122.011 Y172.016 E966.03562
G1 X122 Y172.005 E966.03613
G1 X122 Y168.021 E966.16864
G1 F2400 E965.66864
G0 F15000 X121.219 Y167.504
G0 X114.32 Y166.767
G0 X114.2 Y167.623
G1 F2400 E966.16864
G1 F3636.3 X114.691 Y167.693 E966.18514
G1 X114.849 Y167.753 E966.19076
G1 X115.066 Y167.926 E966.19999
G1 X115.413 Y168.393 E966.21934
G1 X115.467 Y168.445 E966.22183
G1 X115.721 Y168.979 E966.2415
G1 X115.799 Y169.29 E966.25217
G1 X115.796 Y170.797 E966.30229
G1 X115.552 Y171.437 E966.32507
G1 X115.19 Y171.854 E966.34344
G1 X114.524 Y172.294 E966.36998
G1 X114.34 Y172.333 E966.37624
G1 X114.197 Y172.269 E966.38145
G1 X114.197 Y172.233 E966.38265
G1 X114 Y172.048 E966.39164
G1 X114 Y167.882 E966.5302
G1 X114.2 Y167.752 E966.53813
G1 X114.2 Y167.623 E966.54242
G1 F2400 E966.04242
G0 F15000 X114.32 Y166.767
G0 X114.903 Y166.851
G0 X115.282 Y166.993
G0 X115.691 Y167.32
G0 X116.182 Y167.936
G0 X116.538 Y168.685
G0 X116.663 Y169.184
G0 X116.66 Y170.957
G0 X116.305 Y171.887
G0 X113.653 Y175.653
G0 X110.347 Y175.653
G0 X107.786 Y172.022
G0 X107.435 Y171.249
G0 X107.337 Y170.804
G0 X107.34 Y169.043
G0 X107.709 Y168.078
G0 X108.222 Y167.502
G0 X109.132 Y166.897
G0 X109.678 Y166.783
G0 X110.352 Y167.043
G0 X110 Y167.944
G1 F2400 E966.54242
G1 F3636.3 X109.801 Y167.801 E966.55057
G1 X109.8 Y167.731 E966.5529
G1 X109.654 Y167.67 E966.55817
G1 X109.47 Y167.708 E966.56441
G1 X108.793 Y168.16 E966.59149
G1 X108.46 Y168.533 E966.60812
G1 X108.204 Y169.203 E966.63197
G1 X108.201 Y170.713 E966.6822
G1 X108.258 Y170.974 E966.69108
G1 X108.506 Y171.519 E966.711
G1 X109.011 Y172.016 E966.73456
G1 X109.513 Y172.317 E966.75403
G1 X109.645 Y172.346 E966.75853
G1 X109.8 Y172.285 E966.76407
G1 X109.8 Y172.239 E966.7656
G1 X110 Y172.048 E966.7748
G1 F2400 E966.2748
;MESH:Limiter bracketV2.stl
G0 F15000 X111.41 Y172.048
G0 X112.09 Y174.12
G0 X112.4 Y174.4
;TYPE:WALL-INNER
G1 F2400 E966.7748
G1 F3636.3 X112.4 Y126.5 E968.36796
G1 X111.596 Y126.5 E968.3947
G1 X111.6 Y174.4 E969.98786
G1 X112.4 Y174.4 E970.01447
G0 F15000 X112.8 Y174.8
;TYPE:WALL-OUTER
G1 F3636.3 X112.8 Y126.1 E971.63423
G1 X111.196 Y126.1 E971.68758
G1 X111.2 Y174.8 E973.30735
G1 X112.8 Y174.8 E973.36057
G0 F15000 X112.52 Y174.52
G0 X112.09 Y173.761
G0 X112.32 Y173.761
;TYPE:FILL
G1 F3636.3 X111.68 Y173.12 E973.3907
G0 F15000 X111.91 Y173.12
G0 X111.91 Y171.319
G0 X111.68 Y171.319
G1 F3636.3 X112.319 Y171.147 E973.41271
G0 F15000 X112.09 Y171.147
G0 X111.91 Y164.528
G0 X111.679 Y164.528
G1 F3636.3 X112.32 Y162.138 E973.49501
G0 F15000 X112.32 Y162.447
G1 F3636.3 X111.679 Y161.806 E973.52516
G0 F15000 X111.909 Y161.806
G0 X111.91 Y163.037
G0 X111.679 Y163.037
G1 F3636.3 X112.32 Y162.865 E973.54723
G0 F15000 X112.09 Y162.865
G0 X111.909 Y154.755
G0 X111.679 Y154.755
G1 F3636.3 X112.319 Y154.583 E973.56927
G0 F15000 X112.09 Y154.583
G0 X112.09 Y151.133
G0 X112.32 Y151.133
G1 F3636.3 X111.678 Y150.491 E973.59947
G0 F15000 X111.909 Y150.491
G0 X111.77 Y145.646
G0 X111.678 Y146.472
G1 F3636.3 X111.918 Y146.408 E973.60773
G0 F15000 X111.918 Y145.574
G0 X112.09 Y139.82
G0 X112.32 Y139.82
G1 F3636.3 X111.677 Y139.176 E973.638
G0 F15000 X111.678 Y138.19
G1 F3636.3 X112.32 Y138.018 E973.66011
G0 F15000 X112.09 Y138.018
G0 X111.908 Y133.627
G0 X111.677 Y133.627
G1 F3636.3 X112.32 Y131.227 E973.74275
G0 F15000 X112.09 Y131.227
G0 X111.908 Y129.908
G0 X111.677 Y129.908
G1 F3636.3 X112.319 Y129.736 E973.76485
G0 F15000 X112.09 Y129.736
G0 X112.09 Y128.506
G0 X112.32 Y128.506
G1 F3636.3 X111.676 Y127.862 E973.79514
G0 F15000 X111.908 Y127.862
G0 X111.998 Y127.602
G0 X111.998 Y126.902
;TYPE:SKIN
G1 F3005.2 X111.998 Y127.298 E973.81108
G0 F15000 X111.998 Y127.602
G0 X111.77 Y145.646
G0 X111.77 Y150.354
G0 X111.998 Y150.122
G1 F3005.2 X111.998 Y145.874 E973.98204
G1 F2400 E973.48204
G0 F15000 X111.998 Y145.574
G0 X112.57 Y174.09
G0 X113.665 Y174.09
G0 X123.335 Y174.09
G0 X124.43 Y174.09
G0 X125.12 Y174.09
G0 X125.4 Y174.4
;TYPE:WALL-INNER
G1 F2400 E973.98204
G1 F3636.3 X125.4 Y126.5 E975.5752
G1 X124.6 Y126.5 E975.60181
G1 X124.6 Y174.4 E977.19497
G1 X125.4 Y174.4 E977.22158
G0 F15000 X125.8 Y174.8
;TYPE:WALL-OUTER
G1 F3636.3 X125.8 Y126.1 E978.84135
G1 X124.2 Y126.1 E978.89456
G1 X124.2 Y174.8 E980.51433
G1 X125.8 Y174.8 E980.56755
G0 F15000 X125.52 Y174.52
G0 X124.91 Y167.835
G0 X124.68 Y167.835
;TYPE:FILL
G1 F3636.3 X125.319 Y167.664 E980.58955
G0 F15000 X125.091 Y167.663
G0 X125.091 Y164.133
G0 X125.321 Y164.134
G1 F3636.3 X124.68 Y163.493 E980.6197
G0 F15000 X124.91 Y163.493
G0 X124.91 Y159.553
G0 X124.68 Y159.553
G1 F3636.3 X125.319 Y159.382 E980.6417
G0 F15000 X125.091 Y159.381
G0 X125.091 Y152.819
G0 X125.321 Y152.82
G1 F3636.3 X124.68 Y152.179 E980.67185
G0 F15000 X124.68 Y151.271
G1 F3636.3 X125.32 Y151.099 E980.69389
G0 F15000 X125.091 Y151.098
G0 X125.228 Y150.353
G0 X125.228 Y145.646
G0 X124.981 Y145.574
G0 X124.981 Y145.794
G1 F3636.3 X125.32 Y144.531 E980.73739
G0 F15000 X125.092 Y144.53
G0 X124.91 Y142.989
G0 X124.681 Y142.989
G1 F3636.3 X125.32 Y142.817 E980.7594
G0 F15000 X125.092 Y142.816
G0 X125.092 Y141.505
G0 X125.321 Y141.506
G1 F3636.3 X124.68 Y140.866 E980.78952
G0 F15000 X124.91 Y140.866
G0 X124.91 Y134.706
G0 X124.681 Y134.706
G1 F3636.3 X125.319 Y134.535 E980.81149
G0 F15000 X125.092 Y134.534
G0 X125.092 Y130.192
G0 X125.321 Y130.193
G1 F3636.3 X124.68 Y129.552 E980.84164
G0 F15000 X124.91 Y129.552
G0 X125 Y127.602
G0 X125 Y126.9
;TYPE:SKIN
G1 F3030.3 X125 Y127.3 E980.85761
G0 F15000 X125 Y127.602
G0 X125.228 Y145.646
G0 X125.228 Y150.353
G0 X125 Y150.124
G1 F3030.3 X125 Y145.872 E981.02732
G1 F2400 E980.52732
;MESH:NONMESH
G0 F300 X125 Y145.872 Z4.2
G0 F15000 X125 Y145.574
G0 X124.43 Y146.735
G0 X123.352 Y145.694
G0 X113.653 Y125.249
G0 X110.344 Y125.249
G0 X110.345 Y145.54
G0 X110 Y146.735
;TIME_ELAPSED:1200.383930
;LAYER:20
;note -- min layer time used
;TYPE:SUPPORT
G1 F2400 E981.02732
G1 F3483.3 X109.839 Y146.651 E981.03336
G1 X109.467 Y146.909 E981.04841
G1 X109.322 Y147.075 E981.05574
G1 X109.2 Y147.39 E981.06698
G1 X109.201 Y148.632 E981.10829
G1 X109.345 Y148.95 E981.1199
G1 X109.613 Y149.21 E981.13232
G1 X109.848 Y149.35 E981.14142
G1 X110 Y149.263 E981.14724
G1 F2400 E980.64724
G0 F15000 X110.355 Y150.033
G0 X109.842 Y150.344
G0 X109.084 Y149.901
G0 X108.627 Y149.456
G0 X108.337 Y148.82
G0 X108.336 Y147.229
G0 X110.344 Y125.449
G0 X113.653 Y125.449
G0 X114.3 Y145.805
G0 X114.3 Y146.67
G1 F2400 E981.14724
G1 F3483.3 X114.3 Y146.71 E981.14857
G1 X114.657 Y147.052 E981.16501
G1 X114.799 Y147.366 E981.17648
G1 X114.8 Y148.61 E981.21785
G1 X114.678 Y148.926 E981.22912
G1 X114.528 Y149.094 E981.23661
G1 X114.162 Y149.335 E981.25118
G1 X114 Y149.254 E981.25721
G1 X114 Y146.788 E981.33923
G1 X114.049 Y146.67 E981.34348
G1 X114.3 Y146.67 E981.35183
G1 F2400 E980.85183
G0 F15000 X115.161 Y146.34
G0 X122.365 Y145.942
G0 X122.842 Y146.663
G1 F2400 E981.35183
G1 F3483.3 X123 Y146.748 E981.35779
G1 X123 Y149.312 E981.44307
G1 X122.828 Y149.398 E981.44947
G1 X122.378 Y149.025 E981.46891
G1 X122.201 Y148.633 E981.48321
G1 X122.2 Y147.393 E981.52446
G1 X122.324 Y147.073 E981.53587
G1 X122.469 Y146.909 E981.54315
G1 X122.842 Y146.663 E981.55801
G1 F2400 E981.05801
G0 F15000 X123.355 Y145.979
G0 X123.347 Y125.449
G0 X126.655 Y125.449
G0 X126.645 Y145.967
G0 X127.152 Y146.65
G1 F2400 E981.55801
G1 F3483.3 X127.387 Y146.79 E981.56711
G1 X127.657 Y147.051 E981.5796
G1 X127.799 Y147.367 E981.59112
G1 X127.8 Y148.608 E981.6324
G1 X127.651 Y148.997 E981.64625
G1 X127.169 Y149.386 E981.66686
G1 X127 Y149.305 E981.67309
G1 X127 Y146.737 E981.7585
G1 X127.152 Y146.65 E981.76433
G1 F2400 E981.26433
G0 F15000 X127.591 Y145.906
G0 X127.916 Y146.099
G0 X128.376 Y146.545
G0 X128.663 Y147.183
G0 X128.445 Y167.25
G0 X128 Y167.995
G1 F2400 E981.76433
G1 F3483.3 X128.48 Y168.46 E981.78655
G1 X128.736 Y169.019 E981.807
G1 X128.799 Y169.29 E981.81626
G1 X128.796 Y170.797 E981.86638
G1 X128.552 Y171.437 E981.88916
G1 X128.19 Y171.854 E981.90753
G1 X128 Y171.98 E981.91511
G1 X127.524 Y172.294 E981.93408
G1 X127.34 Y172.333 E981.94033
G1 X127.197 Y172.269 E981.94554
G1 X127.197 Y172.233 E981.94674
G1 X127 Y172.048 E981.95573
G1 X127 Y167.853 E982.09525
G1 X127.2 Y167.751 E982.10272
G1 X127.2 Y167.714 E982.10395
G1 X127.356 Y167.654 E982.10951
G1 X127.484 Y167.684 E982.11388
G1 X127.993 Y167.988 E982.1336
G1 X128 Y167.995 E982.13393
G1 X128 Y171.98 E982.26647
G1 F2400 E981.76647
G0 F15000 X128.477 Y172.7
G0 X126.653 Y175.653
G0 X123.347 Y175.653
G0 X121.555 Y172.75
G0 X122 Y172.005
G1 F2400 E982.26647
G1 F3483.3 X121.506 Y171.519 E982.28952
G1 X121.258 Y170.974 E982.30944
G1 X121.201 Y170.713 E982.31832
G1 X121.204 Y169.203 E982.36855
G1 X121.46 Y168.533 E982.3924
G1 X121.791 Y168.161 E982.40896
G1 X122 Y168.021 E982.41733
G1 X122.477 Y167.703 E982.4364
G1 X122.66 Y167.666 E982.44261
G1 X122.859 Y167.754 E982.44984
G1 X123 Y167.876 E982.45605
G1 X123 Y172.048 E982.59481
G1 X122.8 Y172.239 E982.60401
G1 X122.8 Y172.285 E982.60554
G1 X122.645 Y172.346 E982.61108
G1 X122.513 Y172.317 E982.61557
G1 X122.011 Y172.016 E982.63504
G1 X122 Y172.005 E982.63556
G1 X122 Y168.021 E982.76806
G1 F2400 E982.26806
G0 F15000 X121.219 Y167.504
G0 X114.32 Y166.767
G0 X114.2 Y167.623
G1 F2400 E982.76806
G1 F3483.3 X114.691 Y167.693 E982.78456
G1 X114.849 Y167.753 E982.79018
G1 X115.066 Y167.926 E982.79941
G1 X115.413 Y168.393 E982.81876
G1 X115.467 Y168.445 E982.82126
G1 X115.721 Y168.979 E982.84092
G1 X115.799 Y169.29 E982.85159
G1 X115.796 Y170.797 E982.90171
G1 X115.552 Y171.437 E982.92449
G1 X115.19 Y171.854 E982.94286
G1 X114.524 Y172.294 E982.96941
G1 X114.34 Y172.333 E982.97566
G1 X114.197 Y172.269 E982.98087
G1 X114.197 Y172.233 E982.98207
G1 X114 Y172.048 E982.99106
G1 X114 Y167.882 E983.12962
G1 X114.2 Y167.752 E983.13756
G1 X114.2 Y167.623 E983.14185
G1 F2400 E982.64185
G0 F15000 X114.32 Y166.767
G0 X114.903 Y166.851
G0 X115.282 Y166.993
G0 X115.691 Y167.32
G0 X116.182 Y167.936
G0 X116.538 Y168.685
G0 X116.663 Y169.184
G0 X116.66 Y170.957
G0 X116.305 Y171.887
G0 X113.653 Y175.653
G0 X110.347 Y175.653
G0 X107.786 Y172.022
G0 X107.435 Y171.249
G0 X107.337 Y170.804
G0 X107.34 Y169.043
G0 X107.709 Y168.078
G0 X108.222 Y167.502
G0 X109.132 Y166.897
G0 X109.678 Y166.783
G0 X110.353 Y167.043
G0 X110 Y167.944
G1 F2400 E983.14185
G1 F3483.3 X109.801 Y167.801 E983.15
G1 X109.8 Y167.731 E983.15233
G1 X109.654 Y167.67 E983.15759
G1 X109.47 Y167.708 E983.16384
G1 X108.793 Y168.16 E983.19091
G1 X108.46 Y168.533 E983.20754
G1 X108.204 Y169.203 E983.2314
G1 X108.201 Y170.713 E983.28162
G1 X108.258 Y170.974 E983.29051
G1 X108.506 Y171.519 E983.31042
G1 X109.011 Y172.016 E983.33399
G1 X109.513 Y172.317 E983.35346
G1 X109.645 Y172.346 E983.35795
G1 X109.8 Y172.285 E983.36349
G1 X109.8 Y172.239 E983.36502
G1 X110 Y172.048 E983.37422
G1 F2400 E982.87422
;MESH:Limiter bracketV2.stl
G0 F15000 X111.43 Y172.048
G0 X112.09 Y174.12
G0 X112.4 Y174.4
;TYPE:WALL-INNER
G1 F2400 E983.37422
G1 F3483.3 X112.4 Y149.2 E984.21237
G1 X111.6 Y149.2 E984.23898
G1 X111.6 Y174.4 E985.07714
G1 X112.4 Y174.4 E985.10375
G0 F15000 X112.8 Y174.8
;TYPE:WALL-OUTER
G1 F3483.3 X112.8 Y148.8 E985.96851
G1 X111.2 Y148.8 E986.02173
G1 X111.2 Y174.8 E986.88649
G1 X112.8 Y174.8 E986.93971
G0 F15000 X112.52 Y174.52
G0 X112.09 Y173.561
G0 X112.32 Y173.561
;TYPE:FILL
G1 F3483.3 X111.68 Y172.922 E986.96979
G0 F15000 X111.91 Y172.922
G0 X111.91 Y171.464
G0 X111.681 Y171.464
G1 F3483.3 X112.319 Y171.293 E986.99176
G0 F15000 X112.09 Y171.293
G0 X111.91 Y163.979
G0 X111.68 Y163.979
G1 F3483.3 X112.32 Y161.593 E987.07392
G0 F15000 X111.68 Y161.608
G1 F3483.3 X112.32 Y162.247 E987.104
G0 F15000 X112.32 Y163.011
G1 F3483.3 X111.68 Y163.182 E987.12603
G0 F15000 X111.91 Y163.182
G0 X111.91 Y154.9
G0 X111.681 Y154.9
G1 F3483.3 X112.32 Y154.729 E987.14803
G0 F15000 X112.09 Y154.729
G0 X112.09 Y150.933
G0 X112.32 Y150.933
G1 F3483.3 X111.738 Y150.352 E987.17539
G0 F15000 X112 Y149.6
;TYPE:SKIN
G1 F2902.7 X112 Y150.272 E987.20221
G1 F2400 E986.70221
G0 F15000 X112 Y150.572
G0 X112.57 Y174.12
G0 X113.665 Y174.12
G0 X123.335 Y174.12
G0 X124.43 Y174.12
G0 X125.09 Y174.12
G0 X125.4 Y174.4
;TYPE:WALL-INNER
G1 F2400 E987.20221
G1 F3483.3 X125.4 Y149.2 E988.04036
G1 X124.6 Y149.2 E988.06697
G1 X124.6 Y174.4 E988.90513
G1 X125.4 Y174.4 E988.93173
G0 F15000 X125.8 Y174.8
;TYPE:WALL-OUTER
G1 F3483.3 X125.8 Y148.8 E989.7965
G1 X124.2 Y148.8 E989.84971
G1 X124.2 Y174.8 E990.71448
G1 X125.8 Y174.8 E990.76769
G0 F15000 X125.52 Y174.52
G0 X124.91 Y167.981
G0 X124.68 Y167.981
;TYPE:FILL
G1 F3483.3 X125.319 Y167.81 E990.78969
G0 F15000 X125.09 Y167.81
G0 X125.09 Y163.934
G0 X125.32 Y163.934
G1 F3483.3 X124.68 Y163.294 E990.8198
G0 F15000 X124.91 Y163.294
G0 X124.91 Y159.699
G0 X124.681 Y159.699
G1 F3483.3 X125.319 Y159.528 E990.84177
G0 F15000 X125.09 Y159.528
G0 X125.09 Y152.62
G0 X125.32 Y152.62
G1 F3483.3 X124.68 Y151.98 E990.87187
G0 F15000 X124.681 Y151.417
G1 F3483.3 X125.319 Y151.246 E990.89384
G0 F15000 X125.09 Y151.246
G0 X124.804 Y150.575
G0 X124.7 Y149.6
G0 X125 Y149.6
;TYPE:SKIN
G1 F2902.7 X125 Y150.27 E990.92058
G1 F2400 E990.42058
G0 F15000 X125 Y150.572
G0 X125.4 Y149.031
G0 X125.4 Y146.969
G0 X125.4 Y146.796
;TYPE:WALL-INNER
G1 F2400 E990.92058
G1 F3483.3 X125.4 Y126.7 E991.58898
G1 X124.6 Y126.7 E991.61558
G1 X124.6 Y146.796 E992.28398
G1 X125.4 Y146.796 E992.31059
G0 F15000 X125.8 Y147.196
;TYPE:WALL-OUTER
G1 F3483.3 X125.8 Y126.3 E993.00559
G1 X124.2 Y126.3 E993.05881
G1 X124.2 Y147.196 E993.75381
G1 X125.8 Y147.196 E993.80703
G0 F15000 X125.52 Y146.919
G0 X125.228 Y145.5
G0 X124.91 Y145.428
G0 X124.874 Y145.649
;TYPE:FILL
G1 F3483.3 X125.319 Y143.987 E993.86425
G0 F15000 X125.091 Y143.986
G0 X125.091 Y142.962
G0 X125.319 Y142.963
G1 F3483.3 X124.68 Y143.135 E993.88626
G0 F15000 X124.91 Y143.135
G0 X125.091 Y141.306
G0 X125.321 Y141.307
G1 F3483.3 X124.68 Y140.666 E993.91641
G0 F15000 X124.91 Y140.666
G0 X124.91 Y134.852
G0 X124.681 Y134.852
G1 F3483.3 X125.319 Y134.681 E993.93838
G0 F15000 X125.092 Y134.68
G0 X125.092 Y129.992
G0 X125.321 Y129.993
G1 F3483.3 X124.68 Y129.352 E993.96853
G0 F15000 X124.91 Y129.352
G0 X125 Y127.802
G0 X125 Y127.1
;TYPE:SKIN
G1 F2902.7 X125 Y127.5 E993.9845
G0 F15000 X125 Y127.802
G0 X124.7 Y146.396
G0 X125 Y146.396
G1 F2902.7 X125 Y145.728 E994.01116
G1 F2400 E993.51116
G0 F15000 X125 Y145.428
G0 X124.43 Y146.796
G0 X123.355 Y145.979
G0 X122.854 Y145.695
G0 X113.653 Y145.817
G0 X112.4 Y146.796
;TYPE:WALL-INNER
G1 F2400 E994.01116
G1 F3483.3 X112.4 Y126.7 E994.67956
G1 X111.596 Y126.7 E994.7063
G1 X111.6 Y146.796 E995.37469
G1 X112.4 Y146.796 E995.4013
G0 F15000 X112.8 Y147.196
;TYPE:WALL-OUTER
G1 F3483.3 X112.8 Y126.3 E996.0963
G1 X111.196 Y126.3 E996.14965
G1 X111.2 Y147.196 E996.84466
G1 X112.8 Y147.196 E996.89787
G0 F15000 X112.52 Y146.919
G0 X112.09 Y139.62
G0 X112.32 Y139.62
;TYPE:FILL
G1 F3483.3 X111.678 Y138.978 E996.92807
G0 F15000 X111.678 Y138.336
G1 F3483.3 X112.32 Y138.164 E996.95018
G0 F15000 X112.09 Y138.164
G0 X111.908 Y133.082
G0 X111.677 Y133.082
G1 F3483.3 X112.32 Y130.684 E997.03275
G0 F15000 X112.319 Y129.882
G1 F3483.3 X111.677 Y130.054 E997.05486
G0 F15000 X111.908 Y130.054
G0 X112.09 Y128.307
G0 X112.32 Y128.307
G1 F3483.3 X111.676 Y127.662 E997.08517
G0 F15000 X111.998 Y127.102
;TYPE:SKIN
G1 F2878.7 X111.998 Y127.498 E997.10111
G0 F15000 X111.998 Y127.802
G0 X111.7 Y146.396
G0 X112 Y146.396
G1 F2902.7 X112 Y145.728 E997.12777
G1 F2400 E996.62777
;MESH:NONMESH
G0 F300 X112 Y145.728 Z4.4
G0 F15000 X112 Y145.428
G0 X111.41 Y146.735
G0 X110 Y146.735
;TIME_ELAPSED:1227.334048
;LAYER:21
;note -- min layer time used
;TYPE:SUPPORT
G1 F2400 E997.12777
G1 F3345.3 X109.839 Y146.651 E997.13381
G1 X109.466 Y146.91 E997.14892
G1 X109.321 Y147.076 E997.15625
G1 X109.2 Y147.388 E997.16738
G1 X109.201 Y148.632 E997.20875
G1 X109.345 Y148.95 E997.22036
G1 X109.612 Y149.209 E997.23273
G1 X109.849 Y149.349 E997.24189
G1 X110 Y149.263 E997.24767
G1 F2400 E996.74767
G0 F15000 X110.355 Y150.033
G0 X109.842 Y150.344
G0 X109.011 Y149.831
G0 X108.627 Y149.456
G0 X108.337 Y148.82
G0 X108.336 Y147.229
G0 X110.344 Y125.649
G0 X113.653 Y125.649
G0 X113.645 Y145.962
G0 X114.193 Y146.67
G1 F2400 E997.24767
G1 F3345.3 X114.394 Y146.795 E997.25554
G1 X114.656 Y147.051 E997.26773
G1 X114.799 Y147.368 E997.27929
G1 X114.8 Y148.608 E997.32053
G1 X114.676 Y148.93 E997.33201
G1 X114.534 Y149.09 E997.33913
G1 X114.163 Y149.334 E997.3539
G1 X114 Y149.25 E997.35999
G1 X114 Y146.788 E997.44188
G1 X114.03 Y146.716 E997.44448
G1 X114.193 Y146.67 E997.45011
G1 F2400 E996.95011
G0 F15000 X114.93 Y146.111
G0 X122.165 Y146.074
G0 X122.842 Y146.663
G1 F2400 E997.45011
G1 F3345.3 X123 Y146.748 E997.45608
G1 X123 Y149.31 E997.54129
G1 X122.825 Y149.395 E997.54776
G1 X122.378 Y149.024 E997.56708
G1 X122.201 Y148.632 E997.58139
G1 X122.2 Y147.393 E997.62259
G1 X122.324 Y147.073 E997.63401
G1 X122.468 Y146.91 E997.64124
G1 X122.842 Y146.663 E997.65615
G1 F2400 E997.15615
G0 F15000 X123.355 Y145.978
G0 X123.347 Y125.649
G0 X126.655 Y125.649
G0 X126.645 Y145.967
G0 X127.151 Y146.651
G1 F2400 E997.65615
G1 F3345.3 X127.391 Y146.792 E997.66541
G1 X127.655 Y147.049 E997.67766
G1 X127.799 Y147.367 E997.68927
G1 X127.8 Y148.608 E997.73055
G1 X127.651 Y148.997 E997.7444
G1 X127.169 Y149.386 E997.765
G1 X127 Y149.305 E997.77124
G1 X127 Y146.737 E997.85665
G1 X127.151 Y146.651 E997.86243
G1 F2400 E997.36243
G0 F15000 X127.591 Y145.906
G0 X127.917 Y146.1
G0 X128.375 Y146.545
G0 X128.663 Y147.182
G0 X128.445 Y167.25
G0 X128 Y167.995
G1 F2400 E997.86243
G1 F3345.3 X128.48 Y168.46 E997.88466
G1 X128.736 Y169.019 E997.90511
G1 X128.799 Y169.29 E997.91436
G1 X128.796 Y170.797 E997.96448
G1 X128.552 Y171.437 E997.98726
G1 X128.19 Y171.854 E998.00563
G1 X128 Y171.98 E998.01321
G1 X127.524 Y172.294 E998.03218
G1 X127.34 Y172.333 E998.03844
G1 X127.197 Y172.269 E998.04365
G1 X127.197 Y172.233 E998.04484
G1 X127 Y172.048 E998.05383
G1 X127 Y167.853 E998.19336
G1 X127.2 Y167.751 E998.20083
G1 X127.2 Y167.714 E998.20206
G1 X127.356 Y167.654 E998.20762
G1 X127.484 Y167.684 E998.21199
G1 X127.993 Y167.988 E998.23171
G1 X128 Y167.995 E998.23204
G1 X128 Y171.98 E998.36458
G1 F2400 E997.86458
G0 F15000 X128.477 Y172.7
G0 X126.653 Y175.653
G0 X123.347 Y175.653
G0 X121.555 Y172.75
G0 X122 Y172.005
G1 F2400 E998.36458
G1 F3345.3 X121.506 Y171.519 E998.38763
G1 X121.258 Y170.974 E998.40754
G1 X121.201 Y170.713 E998.41643
G1 X121.204 Y169.203 E998.46665
G1 X121.46 Y168.533 E998.49051
G1 X121.791 Y168.161 E998.50707
G1 X122 Y168.021 E998.51544
G1 X122.477 Y167.703 E998.5345
G1 X122.66 Y167.666 E998.54071
G1 X122.859 Y167.754 E998.54795
G1 X123 Y167.876 E998.55415
G1 X123 Y172.048 E998.69291
G1 X122.8 Y172.239 E998.70211
G1 X122.8 Y172.285 E998.70364
G1 X122.645 Y172.346 E998.70918
G1 X122.513 Y172.317 E998.71368
G1 X122.011 Y172.016 E998.73314
G1 X122 Y172.005 E998.73366
G1 X122 Y168.021 E998.86617
G1 F2400 E998.36617
G0 F15000 X121.219 Y167.504
G0 X114.32 Y166.767
G0 X114.2 Y167.623
G1 F2400 E998.86617
G1 F3345.3 X114.691 Y167.693 E998.88267
G1 X114.849 Y167.753 E998.88829
G1 X115.066 Y167.926 E998.89752
G1 X115.413 Y168.393 E998.91687
G1 X115.467 Y168.445 E998.91936
G1 X115.721 Y168.979 E998.93903
G1 X115.799 Y169.29 E998.94969
G1 X115.796 Y170.797 E998.99982
G1 X115.552 Y171.437 E999.0226
G1 X115.19 Y171.854 E999.04096
G1 X114.524 Y172.294 E999.06751
G1 X114.34 Y172.333 E999.07377
G1 X114.197 Y172.269 E999.07898
G1 X114.197 Y172.233 E999.08018
G1 X114 Y172.048 E999.08917
G1 X114 Y167.882 E999.22773
G1 X114.2 Y167.752 E999.23566
G1 X114.2 Y167.623 E999.23995
G1 F2400 E998.73995
G0 F15000 X114.32 Y166.767
G0 X114.903 Y166.851
G0 X115.282 Y166.993
G0 X115.691 Y167.32
G0 X116.182 Y167.936
G0 X116.538 Y168.685
G0 X116.663 Y169.184
G0 X116.66 Y170.957
G0 X116.305 Y171.887
G0 X113.653 Y175.653
G0 X110.347 Y175.653
G0 X107.786 Y172.022
G0 X107.435 Y171.249
G0 X107.337 Y170.804
G0 X107.34 Y169.043
G0 X107.709 Y168.078
G0 X108.222 Y167.502
G0 X109.132 Y166.897
G0 X109.678 Y166.783
G0 X110.353 Y167.043
G0 X110 Y167.944
G1 F2400 E999.23995
G1 F3345.3 X109.801 Y167.801 E999.2481
G1 X109.8 Y167.731 E999.25043
G1 X109.654 Y167.67 E999.25569
G1 X109.47 Y167.708 E999.26194
G1 X108.793 Y168.16 E999.28902
G1 X108.46 Y168.533 E999.30565
G1 X108.204 Y169.203 E999.3295
G1 X108.201 Y170.713 E999.37973
G1 X108.258 Y170.974 E999.38861
G1 X108.506 Y171.519 E999.40853
G1 X109.011 Y172.016 E999.43209
G1 X109.513 Y172.317 E999.45156
G1 X109.645 Y172.346 E999.45606
G1 X109.8 Y172.285 E999.4616
G1 X109.8 Y172.239 E999.46313
G1 X110 Y172.048 E999.47232
G1 F2400 E998.97232
;MESH:Limiter bracketV2.stl
G0 F15000 X111.43 Y172.048
G0 X112.09 Y174.12
G0 X112.4 Y174.4
;TYPE:WALL-INNER
G1 F2400 E999.47232
G1 F3345.3 X112.4 Y149.644 E1000.29571
G1 X111.6 Y149.644 E1000.32232
G1 X111.6 Y174.4 E1001.14571
G1 X112.4 Y174.4 E1001.17232
G0 F15000 X112.8 Y174.8
;TYPE:WALL-OUTER
G1 F3345.3 X112.8 Y149.244 E1002.02231
G1 X111.2 Y149.244 E1002.07553
G1 X111.2 Y174.8 E1002.92552
G1 X112.8 Y174.8 E1002.97874
G0 F15000 X112.52 Y174.52
G0 X112.09 Y173.36
G0 X112.32 Y173.36
;TYPE:FILL
G1 F3345.3 X111.68 Y172.721 E1003.00882
G0 F15000 X111.91 Y172.721
G0 X111.91 Y171.612
G0 X111.68 Y171.612
G1 F3345.3 X112.319 Y171.44 E1003.03083
G0 F15000 X112.09 Y171.44
G0 X111.91 Y163.432
G0 X111.68 Y163.432
G1 F3345.3 X112.32 Y161.045 E1003.11303
G0 F15000 X111.68 Y161.407
G1 F3345.3 X112.32 Y162.046 E1003.14311
G0 F15000 X112.09 Y162.046
G0 X112.09 Y163.158
G0 X112.32 Y163.158
G1 F3345.3 X111.68 Y163.329 E1003.16514
G0 F15000 X111.91 Y163.329
G0 X111.91 Y155.047
G0 X111.681 Y155.047
G1 F3345.3 X112.319 Y154.876 E1003.18711
G0 F15000 X112.09 Y154.876
G0 X112.09 Y150.733
G0 X112.32 Y150.733
G1 F3345.3 X111.68 Y150.093 E1003.21721
G1 F2400 E1002.71721
G0 F15000 X111.91 Y150.093
G0 X112.57 Y174.12
G0 X113.665 Y174.12
G0 X123.335 Y174.12
G0 X124.43 Y174.12
G0 X125.09 Y174.12
G0 X125.4 Y174.4
;TYPE:WALL-INNER
G1 F2400 E1003.21721
G1 F3345.3 X125.4 Y149.644 E1004.0406
G1 X124.6 Y149.644 E1004.06721
G1 X124.6 Y174.4 E1004.8906
G1 X125.4 Y174.4 E1004.9172
G0 F15000 X125.8 Y174.8
;TYPE:WALL-OUTER
G1 F3345.3 X125.8 Y149.244 E1005.7672
G1 X124.2 Y149.244 E1005.82042
G1 X124.2 Y174.8 E1006.67041
G1 X125.8 Y174.8 E1006.72363
G0 F15000 X125.52 Y174.52
G0 X124.91 Y168.128
G0 X124.68 Y168.128
;TYPE:FILL
G1 F3345.3 X125.319 Y167.957 E1006.74563
G0 F15000 X125.09 Y167.957
G0 X125.09 Y163.733
G0 X125.32 Y163.733
G1 F3345.3 X124.68 Y163.093 E1006.77573
G0 F15000 X124.91 Y163.093
G0 X124.91 Y159.846
G0 X124.681 Y159.846
G1 F3345.3 X125.319 Y159.675 E1006.7977
G0 F15000 X125.09 Y159.675
G0 X125.09 Y152.419
G0 X125.32 Y152.419
G1 F3345.3 X124.68 Y151.779 E1006.82781
G0 F15000 X124.68 Y151.564
G1 F3345.3 X125.319 Y151.393 E1006.84981
G1 F2400 E1006.34981
G0 F15000 X125.09 Y151.393
G0 X125.12 Y149.475
G0 X125.12 Y148.38
G0 X125.12 Y147.62
G0 X125.12 Y146.525
G0 X125.12 Y146.045
G0 X125.4 Y146.352
;TYPE:WALL-INNER
G1 F2400 E1006.84981
G1 F3345.3 X125.4 Y126.9 E1007.49678
G1 X124.6 Y126.9 E1007.52339
G1 X124.6 Y146.352 E1008.17037
G1 X125.4 Y146.352 E1008.19698
G0 F15000 X125.8 Y146.752
;TYPE:WALL-OUTER
G1 F3345.3 X125.8 Y126.5 E1008.87056
G1 X124.2 Y126.5 E1008.92378
G1 X124.2 Y146.752 E1009.59736
G1 X125.8 Y146.752 E1009.65058
G0 F15000 X125.52 Y146.475
G0 X124.91 Y145.823
G0 X124.68 Y145.823
;TYPE:FILL
G1 F3345.3 X125.32 Y143.437 E1009.73274
G0 F15000 X125.32 Y143.11
G1 F3345.3 X124.68 Y143.282 E1009.75478
G0 F15000 X124.91 Y143.282
G0 X125.091 Y141.105
G0 X125.321 Y141.106
G1 F3345.3 X124.68 Y140.465 E1009.78493
G0 F15000 X124.91 Y140.465
G0 X124.91 Y134.999
G0 X124.681 Y134.999
G1 F3345.3 X125.319 Y134.828 E1009.8069
G0 F15000 X125.092 Y134.827
G0 X125.092 Y129.791
G0 X125.321 Y129.792
G1 F3345.3 X124.68 Y129.152 E1009.83703
G0 F15000 X124.91 Y129.152
G0 X125 Y128.002
G0 X125 Y127.3
;TYPE:SKIN
G1 F2787.7 X125 Y127.7 E1009.85299
G1 F2400 E1009.35299
G0 F15000 X125 Y128.002
G0 X124.43 Y146.075
G0 X123.355 Y145.978
G0 X122.798 Y145.663
G0 X113.885 Y145.807
G0 X113.645 Y145.962
G0 X112.57 Y146.075
G0 X112.09 Y146.075
G0 X112.4 Y146.352
;TYPE:WALL-INNER
G1 F2400 E1009.85299
G1 F3345.3 X112.4 Y126.9 E1010.49997
G1 X111.596 Y126.9 E1010.52671
G1 X111.6 Y146.352 E1011.17369
G1 X112.4 Y146.352 E1011.2003
G0 F15000 X112.8 Y146.752
;TYPE:WALL-OUTER
G1 F3345.3 X112.8 Y126.5 E1011.87388
G1 X111.196 Y126.5 E1011.92723
G1 X111.2 Y146.752 E1012.60081
G1 X112.8 Y146.752 E1012.65403
G0 F15000 X112.52 Y146.475
G0 X112.09 Y139.42
G0 X112.32 Y139.42
;TYPE:FILL
G1 F3345.3 X111.678 Y138.777 E1012.68425
G0 F15000 X111.679 Y138.483
G1 F3345.3 X112.32 Y138.311 E1012.70632
G0 F15000 X112.09 Y138.311
G0 X111.908 Y132.533
G0 X111.677 Y132.533
G1 F3345.3 X112.32 Y130.135 E1012.7889
G1 X112.319 Y130.029
G1 X111.677 Y130.201 E1012.81101
G0 F15000 X111.908 Y130.201
G0 X112.09 Y128.106
G0 X112.32 Y128.106
G1 F3345.3 X111.997 Y127.782 E1012.82622
G0 F15000 X111.998 Y127.302
;TYPE:SKIN
G1 F2764.7 X111.998 Y127.698 E1012.84216
G1 F2400 E1012.34216
;MESH:NONMESH
G0 F300 X111.998 Y127.698 Z4.6
G0 F15000 X111.998 Y128.002
G0 X111.424 Y146.531
G0 X111.424 Y147.62
G0 X110.853 Y148.392
G0 X110 Y149.03
;TIME_ELAPSED:1253.613098
;LAYER:22
;note -- min layer time used
;TYPE:SUPPORT
G1 F2400 E1012.84216
G1 F3317.9 X110 Y146.978 E1012.91041
G1 X109.839 Y146.894 E1012.91645
G1 X109.521 Y147.116 E1012.92935
G1 X109.4 Y147.43 E1012.94054
G1 X109.401 Y148.59 E1012.97912
G1 X109.513 Y148.837 E1012.98814
G1 X109.712 Y149.036 E1012.9975
G1 X109.848 Y149.117 E1013.00277
G1 X110 Y149.03 E1013.00859
G1 X110 Y148.318 E1013.03227
G1 X112 Y148.318 E1013.09879
G1 X112 Y147.682 E1013.11995
G1 X114 Y147.682 E1013.18647
G1 X114 Y146.968 E1013.21022
G1 X114.154 Y146.882 E1013.21608
G1 X114.292 Y146.968 E1013.22149
G1 X114.487 Y147.163 E1013.23066
G1 X114.599 Y147.41 E1013.23968
G1 X114.6 Y148.571 E1013.2783
G1 X114.502 Y148.826 E1013.28738
G1 X114.418 Y148.926 E1013.29173
G1 X114.158 Y149.098 E1013.3021
G1 X114 Y149.013 E1013.30806
G1 X114 Y147.682 E1013.35233
G1 F2400 E1012.85233
G0 F15000 X115.464 Y147.681
G0 X122.796 Y145.902
G0 X123.355 Y146.217
G0 X124 Y147.682
G1 F2400 E1013.35233
G1 F3317.9 X124 Y148.318 E1013.37349
G1 X123 Y148.318 E1013.40675
G1 X123 Y149.057 E1013.43133
G1 X122.828 Y149.137 E1013.43764
G1 X122.54 Y148.898 E1013.45008
G1 X122.401 Y148.591 E1013.46129
G1 X122.4 Y147.43 E1013.49991
G1 X122.498 Y147.175 E1013.50899
G1 X122.582 Y147.075 E1013.51334
G1 X122.842 Y146.902 E1013.52372
G1 X123 Y146.987 E1013.52969
G1 X123 Y147.683 E1013.55284
G1 X127 Y147.682 E1013.68588
G1 X127 Y146.97 E1013.70956
G1 X127.152 Y146.883 E1013.71539
G1 X127.288 Y146.964 E1013.72065
G1 X127.487 Y147.163 E1013.73001
G1 X127.599 Y147.41 E1013.73903
G1 X127.6 Y148.571 E1013.77765
G1 X127.483 Y148.876 E1013.78851
G1 X127.17 Y149.128 E1013.80188
G1 X127 Y149.046 E1013.80816
G1 X127 Y148.317 E1013.8324
G1 X126 Y148.318 E1013.86566
G1 X126 Y147.682 E1013.88682
G1 F2400 E1013.38682
G0 F15000 X126.645 Y146.2
G0 X127.158 Y145.889
G0 X127.82 Y146.275
G0 X128.209 Y146.666
G0 X128.463 Y147.224
G0 X129.663 Y169.192
G0 X129.66 Y170.957
G0 X129.305 Y171.887
G0 X126.653 Y175.653
G0 X123.347 Y175.653
G0 X121.394 Y172.622
G0 X122 Y172.005
G1 F2400 E1013.88682
G1 F3317.9 X121.506 Y171.519 E1013.90986
G1 X121.258 Y170.974 E1013.92978
G1 X121.201 Y170.713 E1013.93867
G1 X121.204 Y169.203 E1013.98889
G1 X121.46 Y168.533 E1014.01274
G1 X121.791 Y168.161 E1014.02931
G1 X122 Y168.021 E1014.03767
G1 X122.477 Y167.703 E1014.05674
G1 X122.66 Y167.666 E1014.06295
G1 X122.859 Y167.754 E1014.07019
G1 X123 Y167.876 E1014.07639
G1 X123 Y172.047 E1014.21512
G1 X122.8 Y172.238 E1014.22431
G1 X122.8 Y172.285 E1014.22588
G1 X122.645 Y172.346 E1014.23142
G1 X122.513 Y172.317 E1014.23591
G1 X122.011 Y172.016 E1014.25538
G1 X122 Y172.005 E1014.2559
G1 X122 Y168.021 E1014.38841
G1 F2400 E1013.88841
G0 F15000 X121.52 Y167.303
G0 X121.219 Y167.504
G0 X120.709 Y168.078
G0 X120.34 Y169.043
G0 X120.337 Y170.804
G0 X120.435 Y171.249
G0 X120.786 Y172.022
G0 X123.347 Y175.653
G0 X126.653 Y175.653
G0 X129.305 Y171.887
G0 X129.66 Y170.957
G0 X129.663 Y169.192
G0 X129.557 Y168.739
G0 X129.233 Y168.031
G0 X128.445 Y167.25
G0 X128 Y167.995
G1 F2400 E1014.38841
G1 F3317.9 X128.48 Y168.46 E1014.41063
G1 X128.736 Y169.019 E1014.43108
G1 X128.799 Y169.29 E1014.44034
G1 X128.796 Y170.797 E1014.49046
G1 X128.552 Y171.437 E1014.51324
G1 X128.19 Y171.854 E1014.53161
G1 X128 Y171.98 E1014.53919
G1 X127.524 Y172.294 E1014.55816
G1 X127.34 Y172.333 E1014.56441
G1 X127.197 Y172.269 E1014.56962
G1 X127.197 Y172.233 E1014.57082
G1 X127 Y172.048 E1014.57981
G1 X127 Y167.853 E1014.71934
G1 X127.2 Y167.751 E1014.7268
G1 X127.2 Y167.714 E1014.72803
G1 X127.356 Y167.654 E1014.73359
G1 X127.484 Y167.684 E1014.73797
G1 X127.993 Y167.988 E1014.75768
G1 X128 Y167.995 E1014.75801
G1 X128 Y171.98 E1014.89056
G1 F2400 E1014.39056
G0 F15000 X128.477 Y172.7
G0 X126.653 Y175.653
G0 X123.347 Y175.653
G0 X115.654 Y167.326
G0 X115.282 Y166.993
G0 X114.32 Y166.767
G0 X114.2 Y167.623
G1 F2400 E1014.89056
G1 F3317.9 X114.691 Y167.693 E1014.90705
G1 X114.849 Y167.753 E1014.91267
G1 X115.066 Y167.926 E1014.9219
G1 X115.413 Y168.393 E1014.94125
G1 X115.467 Y168.445 E1014.94375
G1 X115.721 Y168.979 E1014.96341
G1 X115.799 Y169.29 E1014.97408
G1 X115.796 Y170.797 E1015.0242
G1 X115.552 Y171.437 E1015.04698
G1 X115.19 Y171.854 E1015.06535
G1 X114.524 Y172.294 E1015.0919
G1 X114.34 Y172.333 E1015.09815
G1 X114.197 Y172.269 E1015.10337
G1 X114.197 Y172.233 E1015.10456
G1 X114 Y172.048 E1015.11355
G1 X114 Y167.882 E1015.25211
G1 X114.2 Y167.752 E1015.26005
G1 X114.2 Y167.623 E1015.26434
G1 F2400 E1014.76434
G0 F15000 X114.32 Y166.767
G0 X114.903 Y166.851
G0 X115.282 Y166.993
G0 X115.691 Y167.32
G0 X116.182 Y167.936
G0 X116.538 Y168.685
G0 X116.663 Y169.184
G0 X116.66 Y170.957
G0 X116.305 Y171.887
G0 X113.653 Y175.653
G0 X110.347 Y175.653
G0 X107.786 Y172.022
G0 X107.435 Y171.249
G0 X107.337 Y170.804
G0 X107.34 Y169.043
G0 X107.709 Y168.078
G0 X108.222 Y167.502
G0 X109.132 Y166.897
G0 X109.678 Y166.783
G0 X110.353 Y167.043
G0 X110 Y167.944
G1 F2400 E1015.26434
G1 F3317.9 X109.801 Y167.801 E1015.27249
G1 X109.8 Y167.731 E1015.27482
G1 X109.654 Y167.67 E1015.28008
G1 X109.47 Y167.708 E1015.28633
G1 X108.793 Y168.16 E1015.3134
G1 X108.46 Y168.533 E1015.33003
G1 X108.204 Y169.203 E1015.35389
G1 X108.201 Y170.713 E1015.40411
G1 X108.258 Y170.974 E1015.413
G1 X108.506 Y171.519 E1015.43291
G1 X109.011 Y172.016 E1015.45648
G1 X109.513 Y172.317 E1015.47595
G1 X109.645 Y172.346 E1015.48044
G1 X109.8 Y172.285 E1015.48598
G1 X109.8 Y172.238 E1015.48754
G1 X110 Y172.047 E1015.49674
G1 F2400 E1014.99674
;MESH:Limiter bracketV2.stl
G0 F15000 X111.43 Y172.047
G0 X112.09 Y174.12
G0 X112.4 Y174.4
;TYPE:WALL-INNER
G1 F2400 E1015.49674
G1 F3317.9 X112.4 Y149.916 E1016.31108
G1 X111.6 Y149.916 E1016.33769
G1 X111.6 Y174.4 E1017.15203
G1 X112.4 Y174.4 E1017.17864
G0 F15000 X112.8 Y174.8
;TYPE:WALL-OUTER
G1 F3317.9 X112.8 Y149.516 E1018.01959
G1 X111.2 Y149.516 E1018.07281
G1 X111.2 Y174.8 E1018.91376
G1 X112.8 Y174.8 E1018.96697
G0 F15000 X112.52 Y174.52
G0 X112.09 Y173.161
G0 X112.32 Y173.161
;TYPE:FILL
G1 F3317.9 X111.68 Y172.521 E1018.99708
G0 F15000 X111.681 Y171.757
G1 F3317.9 X112.319 Y171.586 E1019.01904
G0 F15000 X112.09 Y171.586
G0 X111.91 Y163.475
G0 X111.681 Y163.475
G1 F3317.9 X112.319 Y163.304 E1019.04101
G0 F15000 X111.68 Y162.887
G1 F3317.9 X112.32 Y160.498 E1019.12327
G0 F15000 X111.68 Y161.207
G1 F3317.9 X112.32 Y161.847 E1019.15338
G0 F15000 X112.09 Y161.847
G0 X111.91 Y155.193
G0 X111.68 Y155.193
G1 F3317.9 X112.32 Y155.022 E1019.17541
G0 F15000 X112.09 Y155.022
G0 X112.09 Y150.533
G0 X112.32 Y150.533
G1 F3317.9 X111.783 Y149.996 E1019.20067
G1 F2400 E1018.70067
G0 F15000 X111.91 Y150.198
G0 X112.57 Y174.12
G0 X113.665 Y174.12
G0 X123.335 Y174.12
G0 X124.43 Y174.12
G0 X125.09 Y174.12
G0 X125.4 Y174.4
;TYPE:WALL-INNER
G1 F2400 E1019.20067
G1 F3317.9 X125.4 Y149.916 E1020.01501
G1 X124.6 Y149.916 E1020.04162
G1 X124.6 Y174.4 E1020.85596
G1 X125.4 Y174.4 E1020.88257
G0 F15000 X125.8 Y174.8
;TYPE:WALL-OUTER
G1 F3317.9 X125.8 Y149.516 E1021.72352
G1 X124.2 Y149.516 E1021.77673
G1 X124.2 Y174.8 E1022.61768
G1 X125.8 Y174.8 E1022.6709
G0 F15000 X125.181 Y174.32
;TYPE:FILL
G1 F3317.9 X125.32 Y173.802 E1022.68874
G0 F15000 X124.792 Y174.319
G1 F3317.9 X124.68 Y174.207 E1022.69401
G0 F15000 X124.88 Y174.12
G0 X124.91 Y168.274
G0 X124.68 Y168.274
G1 F3317.9 X125.319 Y168.103 E1022.71601
G0 F15000 X125.09 Y168.103
G0 X125.09 Y163.533
G0 X125.32 Y163.533
G1 F3317.9 X124.68 Y162.893 E1022.74611
G0 F15000 X124.91 Y162.893
G0 X124.91 Y159.992
G0 X124.68 Y159.992
G1 F3317.9 X125.319 Y159.821 E1022.76811
G0 F15000 X125.09 Y159.821
G0 X125.09 Y152.22
G0 X125.32 Y152.22
G1 F3317.9 X124.68 Y151.58 E1022.79822
G1 X124.681 Y151.71
G1 X125.319 Y151.539 E1022.82018
G1 F2400 E1022.32018
G0 F15000 X125.09 Y151.539
G0 X125.124 Y149.728
G0 X126.646 Y149.814
G0 X127.287 Y150.136
G0 X128.025 Y149.549
G0 X128.257 Y149.268
G0 X128.464 Y148.732
G0 X128.463 Y147.224
G0 X128.209 Y146.666
G0 X127.82 Y146.275
G0 X127.158 Y145.889
G0 X126.645 Y146.2
G0 X125.122 Y146.272
G0 X125.121 Y145.772
G0 X125.4 Y146.08
;TYPE:WALL-INNER
G1 F2400 E1022.82018
G1 F3317.9 X125.4 Y127.1 E1023.45146
G1 X124.6 Y127.1 E1023.47807
G1 X124.6 Y146.08 E1024.10935
G1 X125.4 Y146.08 E1024.13596
G0 F15000 X125.8 Y146.48
;TYPE:WALL-OUTER
G1 F3317.9 X125.8 Y126.7 E1024.79384
G1 X124.2 Y126.7 E1024.84706
G1 X124.2 Y146.48 E1025.50494
G1 X125.8 Y146.48 E1025.55816
G0 F15000 X125.52 Y146.202
G0 X124.91 Y145.281
G0 X124.68 Y145.281
;TYPE:FILL
G1 F3317.9 X125.319 Y142.894 E1025.64035
G0 F15000 X125.32 Y143.256
G1 F3317.9 X124.68 Y143.428 E1025.66239
G0 F15000 X124.91 Y143.428
G0 X125.091 Y140.906
G0 X125.321 Y140.907
G1 F3317.9 X124.68 Y140.266 E1025.69254
G0 F15000 X124.91 Y140.266
G0 X124.91 Y135.145
G0 X124.681 Y135.145
G1 F3317.9 X125.32 Y134.974 E1025.71454
G0 F15000 X125.092 Y134.973
G0 X125.092 Y129.592
G0 X125.321 Y129.593
G1 F3317.9 X124.68 Y128.952 E1025.74469
G0 F15000 X124.91 Y128.952
G0 X125 Y128.202
G0 X125 Y127.5
;TYPE:SKIN
G1 F2764.9 X125 Y127.9 E1025.76065
G1 F2400 E1025.26065
G0 F15000 X125 Y128.202
G0 X124.43 Y145.802
G0 X123.335 Y145.802
G0 X113.665 Y145.802
G0 X112.57 Y145.802
G0 X112.09 Y145.802
G0 X112.4 Y146.08
;TYPE:WALL-INNER
G1 F2400 E1025.76065
G1 F3317.9 X112.4 Y127.1 E1026.39193
G1 X111.596 Y127.1 E1026.41867
G1 X111.6 Y146.08 E1027.04995
G1 X112.4 Y146.08 E1027.07656
G0 F15000 X112.8 Y146.48
;TYPE:WALL-OUTER
G1 F3317.9 X112.8 Y126.7 E1027.73444
G1 X111.196 Y126.7 E1027.78779
G1 X111.2 Y146.48 E1028.44568
G1 X112.8 Y146.48 E1028.4989
G0 F15000 X112.52 Y146.202
G0 X112.09 Y139.22
G0 X112.32 Y139.22
;TYPE:FILL
G1 F3317.9 X111.678 Y138.577 E1028.52912
G1 X111.679 Y138.629
G1 X112.32 Y138.457 E1028.55119
G0 F15000 X112.09 Y138.457
G0 X111.908 Y131.989
G0 X111.677 Y131.989
G1 F3317.9 X112.32 Y129.59 E1028.6338
G0 F15000 X112.32 Y130.175
G1 F3317.9 X111.678 Y130.347 E1028.6559
G0 F15000 X111.908 Y130.347
G0 X111.998 Y128.202
G0 X111.998 Y127.502
;TYPE:SKIN
G1 F2742.1 X111.998 Y127.898 E1028.67184
G1 F2400 E1028.17184
;MESH:NONMESH
G0 F300 X111.998 Y127.898 Z4.8
G0 F15000 X111.998 Y128.202
G0 X111.424 Y146.259
G0 X110.355 Y146.209
G0 X109.775 Y145.893
G0 X108.988 Y146.434
G0 X108.742 Y146.736
G0 X108.536 Y147.269
G0 X108.537 Y148.776
G0 X108.791 Y149.334
G0 X109.18 Y149.725
G0 X109.842 Y150.111
G0 X110.355 Y149.8
G0 X110 Y149.03
;TIME_ELAPSED:1280.045931
;LAYER:23
;note -- min layer time used
;TYPE:SUPPORT
G1 F2400 E1028.67184
G1 F3292.4 X110 Y146.978 E1028.74009
G1 X109.839 Y146.894 E1028.74613
G1 X109.521 Y147.116 E1028.75903
G1 X109.4 Y147.43 E1028.77022
G1 X109.401 Y148.59 E1028.8088
G1 X109.513 Y148.837 E1028.81782
G1 X109.712 Y149.036 E1028.82718
G1 X109.848 Y149.117 E1028.83245
G1 X110 Y149.03 E1028.83827
G1 X110 Y148.526 E1028.85504
G1 X112 Y148.526 E1028.92156
G1 X112 Y147.474 E1028.95655
G1 X114 Y147.474 E1029.02307
G1 X114 Y146.968 E1029.0399
G1 X114.154 Y146.882 E1029.04576
G1 X114.292 Y146.968 E1029.05117
G1 X114.487 Y147.163 E1029.06034
G1 X114.599 Y147.41 E1029.06936
G1 X114.6 Y148.571 E1029.10798
G1 X114.502 Y148.826 E1029.11707
G1 X114.418 Y148.926 E1029.12141
G1 X114.158 Y149.098 E1029.13178
G1 X114 Y149.013 E1029.13775
G1 X114 Y147.474 E1029.18893
G1 F2400 E1028.68893
G0 F15000 X115.307 Y146.88
G0 X122.796 Y145.902
G0 X123.355 Y146.217
G0 X124 Y147.474
G1 F2400 E1029.18893
G1 F3292.4 X124 Y148.526 E1029.22392
G1 X123 Y148.526 E1029.25718
G1 X123 Y149.057 E1029.27484
G1 X122.828 Y149.137 E1029.28115
G1 X122.541 Y148.898 E1029.29358
G1 X122.401 Y148.59 E1029.30483
G1 X122.4 Y147.43 E1029.34341
G1 X122.498 Y147.175 E1029.3525
G1 X122.582 Y147.075 E1029.35684
G1 X122.842 Y146.902 E1029.36723
G1 X123 Y146.987 E1029.37319
G1 X123 Y147.474 E1029.38939
G1 X127 Y147.474 E1029.52243
G1 X127 Y146.97 E1029.5392
G1 X127.152 Y146.883 E1029.54502
G1 X127.288 Y146.964 E1029.55029
G1 X127.487 Y147.163 E1029.55965
G1 X127.599 Y147.41 E1029.56867
G1 X127.6 Y148.571 E1029.60728
G1 X127.483 Y148.876 E1029.61815
G1 X127.17 Y149.128 E1029.63151
G1 X127 Y149.046 E1029.63779
G1 X127 Y148.525 E1029.65512
G1 X126 Y148.526 E1029.68838
G1 X126 Y147.474 E1029.72337
G1 F2400 E1029.22337
G0 F15000 X126.645 Y146.2
G0 X127.158 Y145.889
G0 X127.82 Y146.275
G0 X128.209 Y146.666
G0 X128.463 Y147.224
G0 X129.663 Y169.192
G0 X129.66 Y170.957
G0 X129.305 Y171.887
G0 X126.653 Y175.653
G0 X123.347 Y175.653
G0 X121.394 Y172.622
G0 X122 Y172.005
G1 F2400 E1029.72337
G1 F3292.4 X121.506 Y171.519 E1029.74642
G1 X121.258 Y170.974 E1029.76633
G1 X121.201 Y170.713 E1029.77522
G1 X121.204 Y169.203 E1029.82544
G1 X121.46 Y168.533 E1029.8493
G1 X121.791 Y168.161 E1029.86586
G1 X122 Y168.021 E1029.87422
G1 X122.477 Y167.703 E1029.89329
G1 X122.66 Y167.666 E1029.8995
G1 X122.859 Y167.754 E1029.90674
G1 X123 Y167.876 E1029.91294
G1 X123 Y172.046 E1030.05163
G1 X122.8 Y172.239 E1030.06088
G1 X122.8 Y172.285 E1030.06241
G1 X122.645 Y172.346 E1030.06795
G1 X122.513 Y172.317 E1030.07244
G1 X122.011 Y172.016 E1030.09191
G1 X122 Y172.005 E1030.09243
G1 X122 Y168.021 E1030.22494
G1 F2400 E1029.72494
G0 F15000 X121.52 Y167.303
G0 X121.219 Y167.504
G0 X120.709 Y168.078
G0 X120.34 Y169.043
G0 X120.337 Y170.804
G0 X120.435 Y171.249
G0 X120.786 Y172.022
G0 X123.347 Y175.653
G0 X126.653 Y175.653
G0 X129.305 Y171.887
G0 X129.66 Y170.957
G0 X129.663 Y169.192
G0 X129.557 Y168.739
G0 X129.233 Y168.031
G0 X128.445 Y167.25
G0 X128 Y167.995
G1 F2400 E1030.22494
G1 F3292.4 X128.48 Y168.46 E1030.24717
G1 X128.736 Y169.019 E1030.26761
G1 X128.799 Y169.29 E1030.27687
G1 X128.796 Y170.797 E1030.32699
G1 X128.552 Y171.437 E1030.34977
G1 X128.19 Y171.854 E1030.36814
G1 X128 Y171.98 E1030.37572
G1 X127.524 Y172.294 E1030.39469
G1 X127.34 Y172.333 E1030.40094
G1 X127.197 Y172.269 E1030.40615
G1 X127.197 Y172.233 E1030.40735
G1 X127 Y172.048 E1030.41634
G1 X127 Y167.853 E1030.55587
G1 X127.2 Y167.751 E1030.56333
G1 X127.2 Y167.714 E1030.56456
G1 X127.356 Y167.654 E1030.57012
G1 X127.484 Y167.684 E1030.5745
G1 X127.993 Y167.988 E1030.59422
G1 X128 Y167.995 E1030.59454
G1 X128 Y171.98 E1030.72709
G1 F2400 E1030.22709
G0 F15000 X128.477 Y172.7
G0 X126.653 Y175.653
G0 X123.347 Y175.653
G0 X115.654 Y167.326
G0 X115.282 Y166.993
G0 X114.32 Y166.767
G0 X114.2 Y167.623
G1 F2400 E1030.72709
G1 F3292.4 X114.691 Y167.693 E1030.74358
G1 X114.849 Y167.753 E1030.7492
G1 X115.066 Y167.926 E1030.75843
G1 X115.413 Y168.393 E1030.77778
G1 X115.467 Y168.445 E1030.78028
G1 X115.721 Y168.979 E1030.79995
G1 X115.799 Y169.29 E1030.81061
G1 X115.796 Y170.797 E1030.86073
G1 X115.552 Y171.437 E1030.88351
G1 X115.19 Y171.854 E1030.90188
G1 X114.524 Y172.294 E1030.92843
G1 X114.34 Y172.333 E1030.93469
G1 X114.197 Y172.269 E1030.9399
G1 X114.197 Y172.233 E1030.94109
G1 X114 Y172.048 E1030.95008
G1 X114 Y167.882 E1031.08864
G1 X114.2 Y167.752 E1031.09658
G1 X114.2 Y167.623 E1031.10087
G1 F2400 E1030.60087
G0 F15000 X114.32 Y166.767
G0 X114.903 Y166.851
G0 X115.282 Y166.993
G0 X115.691 Y167.32
G0 X116.182 Y167.936
G0 X116.538 Y168.685
G0 X116.663 Y169.184
G0 X116.66 Y170.957
G0 X116.305 Y171.887
G0 X113.653 Y175.653
G0 X110.347 Y175.653
G0 X107.786 Y172.022
G0 X107.435 Y171.249
G0 X107.337 Y170.804
G0 X107.34 Y169.043
G0 X107.709 Y168.078
G0 X108.222 Y167.502
G0 X109.132 Y166.897
G0 X109.678 Y166.783
G0 X110.353 Y167.043
G0 X110 Y167.944
G1 F2400 E1031.10087
G1 F3292.4 X109.801 Y167.801 E1031.10902
G1 X109.8 Y167.731 E1031.11135
G1 X109.654 Y167.67 E1031.11661
G1 X109.47 Y167.708 E1031.12286
G1 X108.793 Y168.16 E1031.14993
G1 X108.46 Y168.533 E1031.16656
G1 X108.204 Y169.203 E1031.19042
G1 X108.201 Y170.713 E1031.24064
G1 X108.258 Y170.974 E1031.24953
G1 X108.506 Y171.519 E1031.26944
G1 X109.011 Y172.016 E1031.29301
G1 X109.513 Y172.317 E1031.31248
G1 X109.645 Y172.346 E1031.31697
G1 X109.8 Y172.285 E1031.32251
G1 X109.8 Y172.239 E1031.32404
G1 X110 Y172.046 E1031.33329
G1 F2400 E1030.83329
;MESH:Limiter bracketV2.stl
G0 F15000 X111.43 Y172.046
G0 X112.09 Y174.12
G0 X112.4 Y174.4
;TYPE:WALL-INNER
G1 F2400 E1031.33329
G1 F3292.4 X112.4 Y150.124 E1032.14071
G1 X111.6 Y150.124 E1032.16732
G1 X111.6 Y174.4 E1032.97474
G1 X112.4 Y174.4 E1033.00135
G0 F15000 X112.8 Y174.8
;TYPE:WALL-OUTER
G1 F3292.4 X112.8 Y149.724 E1033.83538
G1 X111.2 Y149.724 E1033.8886
G1 X111.2 Y174.8 E1034.72263
G1 X112.8 Y174.8 E1034.77584
G0 F15000 X112.52 Y174.52
G0 X112.09 Y172.96
G0 X112.32 Y172.96
;TYPE:FILL
G1 F3292.4 X111.68 Y172.32 E1034.80595
G0 F15000 X111.681 Y171.904
G1 F3292.4 X112.319 Y171.733 E1034.82792
G0 F15000 X112.09 Y171.733
G0 X111.91 Y163.622
G0 X111.68 Y163.622
G1 F3292.4 X112.319 Y163.451 E1034.84992
G0 F15000 X112.09 Y163.451
G0 X111.91 Y162.338
G0 X111.68 Y162.338
G1 F3292.4 X112.32 Y159.952 E1034.93208
G0 F15000 X112.09 Y159.952
G0 X111.91 Y161.006
G0 X111.68 Y161.006
G1 F3292.4 X112.32 Y161.647 E1034.96221
G0 F15000 X112.09 Y161.647
G0 X111.91 Y155.34
G0 X111.68 Y155.34
G1 F3292.4 X112.319 Y155.169 E1034.98421
G0 F15000 X112.09 Y155.169
G0 X112.12 Y150.406
G0 X112.32 Y150.333
G1 F3292.4 X112.192 Y150.204 E1034.99025
G1 F2400 E1034.49025
G0 F15000 X112.12 Y150.436
G0 X112.57 Y174.12
G0 X113.665 Y174.12
G0 X123.335 Y174.12
G0 X124.43 Y174.12
G0 X125.09 Y174.12
G0 X125.4 Y174.4
;TYPE:WALL-INNER
G1 F2400 E1034.99025
G1 F3292.4 X125.4 Y150.124 E1035.79768
G1 X124.6 Y150.124 E1035.82429
G1 X124.6 Y174.4 E1036.63171
G1 X125.4 Y174.4 E1036.65832
G0 F15000 X125.8 Y174.8
;TYPE:WALL-OUTER
G1 F3292.4 X125.8 Y149.724 E1037.49235
G1 X124.2 Y149.724 E1037.54556
G1 X124.2 Y174.8 E1038.37959
G1 X125.8 Y174.8 E1038.43281
G0 F15000 X125.034 Y174.321
;TYPE:FILL
G1 F3292.4 X125.32 Y173.255 E1038.46952
G0 F15000 X124.68 Y174.006
G1 F3292.4 X124.993 Y174.319 E1038.48424
G0 F15000 X124.993 Y174.09
G0 X124.91 Y168.421
G0 X124.68 Y168.421
G1 F3292.4 X125.319 Y168.25 E1038.50624
G0 F15000 X125.09 Y168.25
G0 X125.09 Y163.332
G0 X125.32 Y163.332
G1 F3292.4 X124.68 Y162.693 E1038.53632
G0 F15000 X124.91 Y162.693
G0 X124.91 Y160.139
G0 X124.68 Y160.139
G1 F3292.4 X125.319 Y159.968 E1038.55833
G0 F15000 X125.09 Y159.968
G0 X125.09 Y152.019
G0 X125.32 Y152.019
G1 F3292.4 X124.68 Y151.379 E1038.58843
G0 F15000 X124.681 Y151.857
G1 F3292.4 X125.319 Y151.686 E1038.6104
G1 F2400 E1038.1104
G0 F15000 X125.09 Y151.686
G0 X125.123 Y149.936
G0 X126.646 Y149.814
G0 X127.287 Y150.136
G0 X128.025 Y149.549
G0 X128.257 Y149.268
G0 X128.464 Y148.732
G0 X128.463 Y147.224
G0 X128.209 Y146.666
G0 X127.82 Y146.275
G0 X127.158 Y145.889
G0 X126.645 Y146.2
G0 X125.123 Y146.044
G0 X125.12 Y145.564
G0 X125.4 Y145.872
;TYPE:WALL-INNER
G1 F2400 E1038.6104
G1 F3292.4 X125.4 Y127.3 E1039.2281
G1 X124.6 Y127.3 E1039.25471
G1 X124.6 Y145.872 E1039.87242
G1 X125.4 Y145.872 E1039.89903
G0 F15000 X125.8 Y146.272
;TYPE:WALL-OUTER
G1 F3292.4 X125.8 Y126.9 E1040.54334
G1 X124.2 Y126.9 E1040.59656
G1 X124.2 Y146.272 E1041.24088
G1 X125.8 Y146.272 E1041.29409
G0 F15000 X125.52 Y145.994
G0 X124.91 Y144.733
G0 X124.68 Y144.733
;TYPE:FILL
G1 F3292.4 X125.32 Y142.342 E1041.37642
G0 F15000 X125.091 Y142.341
G0 X125.091 Y143.402
G0 X125.32 Y143.403
G1 F3292.4 X124.68 Y143.575 E1041.39846
G0 F15000 X124.91 Y143.575
G0 X125.091 Y140.704
G0 X125.32 Y140.705
G1 F3292.4 X124.68 Y140.065 E1041.42856
G0 F15000 X124.91 Y140.065
G0 X124.91 Y135.292
G0 X124.681 Y135.292
G1 F3292.4 X125.32 Y135.121 E1041.45056
G0 F15000 X125.092 Y135.12
G0 X125.092 Y129.39
G0 X125.32 Y129.391
G1 F3292.4 X124.68 Y128.751 E1041.48067
G0 F15000 X124.91 Y128.751
G0 X125 Y128.402
G0 X125 Y127.7
;TYPE:SKIN
G1 F2743.7 X125 Y128.1 E1041.49663
G1 F2400 E1040.99663
G0 F15000 X125 Y128.402
G0 X124.43 Y145.594
G0 X123.335 Y145.594
G0 X113.665 Y145.594
G0 X112.57 Y145.594
G0 X112.09 Y145.594
G0 X112.4 Y145.872
;TYPE:WALL-INNER
G1 F2400 E1041.49663
G1 F3292.4 X112.4 Y127.3 E1042.11434
G1 X111.596 Y127.3 E1042.14108
G1 X111.6 Y145.872 E1042.75879
G1 X112.4 Y145.872 E1042.78539
G0 F15000 X112.8 Y146.272
;TYPE:WALL-OUTER
G1 F3292.4 X112.8 Y126.9 E1043.42971
G1 X111.196 Y126.9 E1043.48306
G1 X111.2 Y146.272 E1044.12737
G1 X112.8 Y146.272 E1044.18059
G0 F15000 X112.52 Y145.994
G0 X112.09 Y139.019
G0 X112.32 Y139.019
;TYPE:FILL
G1 F3292.4 X111.678 Y138.377 E1044.21079
G0 F15000 X111.679 Y138.776
G1 F3292.4 X112.32 Y138.604 E1044.23286
G0 F15000 X112.09 Y138.604
G0 X111.908 Y131.44
G0 X111.677 Y131.44
G1 F3292.4 X112.32 Y129.041 E1044.31547
G0 F15000 X112.09 Y129.041
G0 X112.09 Y130.322
G0 X112.32 Y130.322
G1 F3292.4 X111.677 Y130.494 E1044.33761
G0 F15000 X111.908 Y130.494
G0 X111.998 Y128.402
G0 X111.998 Y127.702
;TYPE:SKIN
G1 F2721 X111.998 Y128.098 E1044.35355
G1 F2400 E1043.85355
;MESH:NONMESH
G0 F300 X111.998 Y128.098 Z5
G0 F15000 X111.998 Y128.402
G0 X111.424 Y146.05
G0 X110.355 Y146.209
G0 X109.775 Y145.893
G0 X108.988 Y146.434
G0 X108.742 Y146.736
G0 X108.536 Y147.269
G0 X108.537 Y148.776
G0 X108.791 Y149.334
G0 X109.18 Y149.725
G0 X109.842 Y150.111
G0 X110.355 Y149.8
G0 X110 Y149.03
;TIME_ELAPSED:1306.763792
;LAYER:24
;note -- min layer time used
;TYPE:SUPPORT
G1 F2400 E1044.35355
G1 F3258.7 X110 Y146.978 E1044.42179
G1 X109.839 Y146.894 E1044.42783
G1 X109.521 Y147.116 E1044.44073
G1 X109.4 Y147.43 E1044.45193
G1 X109.401 Y148.59 E1044.49051
G1 X109.513 Y148.837 E1044.49953
G1 X109.712 Y149.036 E1044.50889
G1 X109.848 Y149.117 E1044.51415
G1 X110 Y149.03 E1044.51998
G1 X110 Y148.672 E1044.53189
G1 X112 Y148.672 E1044.59841
G1 X112 Y147.328 E1044.64311
G1 X114 Y147.328 E1044.70963
G1 X114 Y146.968 E1044.7216
G1 X114.154 Y146.882 E1044.72747
G1 X114.292 Y146.968 E1044.73288
G1 X114.487 Y147.163 E1044.74205
G1 X114.599 Y147.41 E1044.75107
G1 X114.6 Y148.571 E1044.78968
G1 X114.502 Y148.826 E1044.79877
G1 X114.418 Y148.926 E1044.80311
G1 X114.158 Y149.098 E1044.81348
G1 X114 Y149.013 E1044.81945
G1 X114 Y147.328 E1044.87549
G1 F2400 E1044.37549
G0 F15000 X115.252 Y146.759
G0 X122.796 Y145.902
G0 X123.355 Y146.217
G0 X124 Y147.328
G1 F2400 E1044.87549
G1 F3258.7 X124 Y148.672 E1044.92019
G1 X123 Y148.672 E1044.95345
G1 X123 Y149.052 E1044.96609
G1 X122.829 Y149.133 E1044.97239
G1 X122.54 Y148.897 E1044.9848
G1 X122.401 Y148.59 E1044.99601
G1 X122.4 Y147.43 E1045.03459
G1 X122.498 Y147.175 E1045.04367
G1 X122.582 Y147.075 E1045.04802
G1 X122.842 Y146.902 E1045.0584
G1 X123 Y146.987 E1045.06437
G1 X123 Y147.328 E1045.07571
G1 X127 Y147.328 E1045.20875
G1 X127 Y146.97 E1045.22066
G1 X127.152 Y146.883 E1045.22649
G1 X127.288 Y146.964 E1045.23175
G1 X127.487 Y147.163 E1045.24111
G1 X127.599 Y147.41 E1045.25013
G1 X127.6 Y148.571 E1045.28875
G1 X127.483 Y148.876 E1045.29961
G1 X127.17 Y149.128 E1045.31298
G1 X127 Y149.046 E1045.31925
G1 X127 Y148.671 E1045.33173
G1 X126 Y148.672 E1045.36499
G1 X126 Y147.328 E1045.40969
G1 F2400 E1044.90969
G0 F15000 X126.645 Y146.2
G0 X127.158 Y145.889
G0 X127.82 Y146.275
G0 X128.209 Y146.666
G0 X128.463 Y147.224
G0 X129.663 Y169.192
G0 X129.66 Y170.957
G0 X129.305 Y171.887
G0 X126.653 Y175.653
G0 X123.347 Y175.653
G0 X121.394 Y172.622
G0 X122 Y172.005
G1 F2400 E1045.40969
G1 F3258.7 X121.506 Y171.519 E1045.43274
G1 X121.258 Y170.974 E1045.45265
G1 X121.201 Y170.713 E1045.46154
G1 X121.204 Y169.203 E1045.51176
G1 X121.46 Y168.533 E1045.53562
G1 X121.791 Y168.161 E1045.55218
G1 X122 Y168.021 E1045.56055
G1 X122.477 Y167.703 E1045.57961
G1 X122.66 Y167.666 E1045.58582
G1 X122.859 Y167.754 E1045.59306
G1 X123 Y167.876 E1045.59926
G1 X123 Y172.045 E1045.73792
G1 X122.8 Y172.237 E1045.74714
G1 X122.8 Y172.285 E1045.74874
G1 X122.645 Y172.346 E1045.75428
G1 X122.513 Y172.317 E1045.75878
G1 X122.011 Y172.016 E1045.77824
G1 X122 Y172.005 E1045.77876
G1 X122 Y168.021 E1045.91127
G1 F2400 E1045.41127
G0 F15000 X121.52 Y167.303
G0 X121.219 Y167.504
G0 X120.709 Y168.078
G0 X120.34 Y169.043
G0 X120.337 Y170.804
G0 X120.435 Y171.249
G0 X120.786 Y172.022
G0 X123.347 Y175.653
G0 X126.653 Y175.653
G0 X129.305 Y171.887
G0 X129.66 Y170.957
G0 X129.663 Y169.192
G0 X129.557 Y168.739
G0 X129.233 Y168.031
G0 X128.445 Y167.25
G0 X128 Y167.995
G1 F2400 E1045.91127
G1 F3258.7 X128.48 Y168.46 E1045.9335
G1 X128.736 Y169.019 E1045.95395
G1 X128.799 Y169.29 E1045.9632
G1 X128.796 Y170.797 E1046.01332
G1 X128.552 Y171.437 E1046.0361
G1 X128.19 Y171.854 E1046.05447
G1 X128 Y171.98 E1046.06205
G1 X127.524 Y172.294 E1046.08102
G1 X127.34 Y172.333 E1046.08728
G1 X127.197 Y172.269 E1046.09249
G1 X127.197 Y172.233 E1046.09368
G1 X127 Y172.048 E1046.10267
G1 X127 Y167.853 E1046.2422
G1 X127.2 Y167.751 E1046.24967
G1 X127.2 Y167.714 E1046.2509
G1 X127.356 Y167.654 E1046.25646
G1 X127.484 Y167.684 E1046.26083
G1 X127.993 Y167.988 E1046.28055
G1 X128 Y167.995 E1046.28088
G1 X128 Y171.98 E1046.41342
G1 F2400 E1045.91342
G0 F15000 X128.477 Y172.7
G0 X126.653 Y175.653
G0 X123.347 Y175.653
G0 X115.654 Y167.326
G0 X115.282 Y166.993
G0 X114.32 Y166.767
G0 X114.2 Y167.623
G1 F2400 E1046.41342
G1 F3258.7 X114.691 Y167.693 E1046.42991
G1 X114.849 Y167.753 E1046.43554
G1 X115.066 Y167.926 E1046.44477
G1 X115.413 Y168.393 E1046.46412
G1 X115.467 Y168.445 E1046.46661
G1 X115.721 Y168.979 E1046.48628
G1 X115.799 Y169.29 E1046.49694
G1 X115.796 Y170.797 E1046.54707
G1 X115.552 Y171.437 E1046.56985
G1 X115.19 Y171.854 E1046.58821
G1 X114.524 Y172.294 E1046.61476
G1 X114.34 Y172.333 E1046.62102
G1 X114.197 Y172.269 E1046.62623
G1 X114.197 Y172.233 E1046.62743
G1 X114 Y172.048 E1046.63641
G1 X114 Y167.882 E1046.77498
G1 X114.2 Y167.752 E1046.78291
G1 X114.2 Y167.623 E1046.7872
G1 F2400 E1046.2872
G0 F15000 X114.32 Y166.767
G0 X114.903 Y166.851
G0 X115.282 Y166.993
G0 X115.691 Y167.32
G0 X116.182 Y167.936
G0 X116.538 Y168.685
G0 X116.663 Y169.184
G0 X116.66 Y170.957
G0 X116.305 Y171.887
G0 X113.653 Y175.653
G0 X110.347 Y175.653
G0 X107.786 Y172.022
G0 X107.435 Y171.249
G0 X107.337 Y170.804
G0 X107.34 Y169.043
G0 X107.709 Y168.078
G0 X108.222 Y167.502
G0 X109.132 Y166.897
G0 X109.678 Y166.783
G0 X110.353 Y167.043
G0 X110 Y167.944
G1 F2400 E1046.7872
G1 F3258.7 X109.801 Y167.801 E1046.79535
G1 X109.8 Y167.731 E1046.79768
G1 X109.654 Y167.67 E1046.80294
G1 X109.47 Y167.708 E1046.80919
G1 X108.793 Y168.16 E1046.83627
G1 X108.46 Y168.533 E1046.8529
G1 X108.204 Y169.203 E1046.87675
G1 X108.201 Y170.713 E1046.92697
G1 X108.258 Y170.974 E1046.93586
G1 X108.506 Y171.519 E1046.95578
G1 X109.011 Y172.016 E1046.97934
G1 X109.513 Y172.317 E1046.99881
G1 X109.645 Y172.346 E1047.0033
G1 X109.8 Y172.285 E1047.00884
G1 X109.8 Y172.237 E1047.01044
G1 X110 Y172.045 E1047.01966
G1 F2400 E1046.51966
;MESH:Limiter bracketV2.stl
G0 F15000 X111.43 Y172.045
G0 X112.09 Y174.12
G0 X112.4 Y174.4
;TYPE:WALL-INNER
G1 F2400 E1047.01966
G1 F3258.7 X112.4 Y150.272 E1047.82216
G1 X111.6 Y150.272 E1047.84877
G1 X111.6 Y174.4 E1048.65127
G1 X112.4 Y174.4 E1048.67788
G0 F15000 X112.8 Y174.8
;TYPE:WALL-OUTER
G1 F3258.7 X112.8 Y149.872 E1049.50699
G1 X111.2 Y149.872 E1049.5602
G1 X111.2 Y174.8 E1050.38931
G1 X112.8 Y174.8 E1050.44253
G0 F15000 X112.52 Y174.52
G0 X112.09 Y172.76
G0 X112.32 Y172.76
;TYPE:FILL
G1 F3258.7 X111.68 Y172.121 E1050.47261
G1 X111.68 Y172.05
G1 X112.319 Y171.879 E1050.49461
G0 F15000 X112.09 Y171.879
G0 X111.91 Y163.768
G0 X111.681 Y163.768
G1 F3258.7 X112.319 Y163.597 E1050.51658
G0 F15000 X112.09 Y163.597
G0 X111.91 Y161.793
G0 X111.68 Y161.793
G1 F3258.7 X112.32 Y159.405 E1050.59881
G0 F15000 X112.09 Y159.405
G0 X111.91 Y160.807
G0 X111.68 Y160.807
G1 F3258.7 X112.32 Y161.447 E1050.62891
G0 F15000 X112.09 Y161.447
G0 X111.91 Y155.486
G0 X111.681 Y155.486
G1 F3258.7 X112.32 Y155.315 E1050.65091
G1 F2400 E1050.15091
G0 F15000 X112.09 Y155.315
G0 X112.57 Y174.12
G0 X113.665 Y174.12
G0 X123.335 Y174.12
G0 X124.43 Y174.12
G0 X125.09 Y174.12
G0 X125.4 Y174.4
;TYPE:WALL-INNER
G1 F2400 E1050.65091
G1 F3258.7 X125.4 Y150.27 E1051.45348
G1 X124.6 Y150.271 E1051.48009
G1 X124.6 Y174.4 E1052.28262
G1 X125.4 Y174.4 E1052.30923
G0 F15000 X125.8 Y174.8
;TYPE:WALL-OUTER
G1 F3258.7 X125.8 Y149.869 E1053.13844
G1 X124.2 Y149.872 E1053.19165
G1 X124.2 Y174.8 E1054.02076
G1 X125.8 Y174.8 E1054.07398
G0 F15000 X125.193 Y174.319
;TYPE:FILL
G1 F3258.7 X124.68 Y173.807 E1054.09809
G0 F15000 X124.888 Y174.321
G1 F3258.7 X125.32 Y172.709 E1054.15359
G0 F15000 X125.09 Y172.709
G0 X124.91 Y168.567
G0 X124.681 Y168.567
G1 F3258.7 X125.319 Y168.396 E1054.17556
G0 F15000 X125.09 Y168.396
G0 X125.09 Y163.133
G0 X125.32 Y163.133
G1 F3258.7 X124.68 Y162.493 E1054.20567
G0 F15000 X124.91 Y162.493
G0 X124.91 Y160.285
G0 X124.68 Y160.285
G1 F3258.7 X125.319 Y160.114 E1054.22767
G0 F15000 X125.09 Y160.114
G0 X124.91 Y152.003
G0 X124.681 Y152.003
G1 F3258.7 X125.319 Y151.832 E1054.24964
G1 X125.32 Y151.819
G1 X124.68 Y151.179 E1054.27974
G1 F2400 E1053.77974
G0 F15000 X124.91 Y151.179
G0 X125.123 Y150.082
G0 X126.646 Y149.814
G0 X127.287 Y150.136
G0 X128.025 Y149.549
G0 X128.257 Y149.268
G0 X128.464 Y148.732
G0 X128.463 Y147.224
G0 X128.209 Y146.666
G0 X127.82 Y146.275
G0 X127.158 Y145.889
G0 X126.645 Y146.2
G0 X125.123 Y145.898
G0 X125.12 Y145.418
G0 X125.4 Y145.728
;TYPE:WALL-INNER
G1 F2400 E1054.27974
G1 F3258.7 X125.4 Y127.5 E1054.886
G1 X124.6 Y127.5 E1054.91261
G1 X124.6 Y145.728 E1055.51888
G1 X125.4 Y145.728 E1055.54549
G0 F15000 X125.8 Y146.128
;TYPE:WALL-OUTER
G1 F3258.7 X125.8 Y127.1 E1056.17836
G1 X124.2 Y127.1 E1056.23158
G1 X124.2 Y146.128 E1056.86445
G1 X125.8 Y146.128 E1056.91767
G0 F15000 X125.52 Y145.848
G0 X124.91 Y144.188
G0 X124.68 Y144.188
;TYPE:FILL
G1 F3258.7 X125.32 Y141.8 E1056.99989
G0 F15000 X125.091 Y141.799
G0 X125.091 Y140.505
G0 X125.32 Y140.506
G1 F3258.7 X124.68 Y139.866 E1057.03
G0 F15000 X124.91 Y139.866
G0 X125.091 Y143.548
G0 X125.319 Y143.549
G1 F3258.7 X124.68 Y143.721 E1057.05201
G0 F15000 X124.91 Y143.721
G0 X124.91 Y135.438
G0 X124.68 Y135.438
G1 F3258.7 X125.319 Y135.267 E1057.07401
G0 F15000 X125.092 Y135.266
G0 X125.092 Y129.191
G0 X125.32 Y129.192
G1 F3258.7 X124.68 Y128.552 E1057.10411
G0 F15000 X125 Y127.9
;TYPE:SKIN
G1 F2715.6 X125 Y128.3 E1057.12008
G1 F2400 E1056.62008
G0 F15000 X125 Y128.602
G0 X124.43 Y145.448
G0 X123.335 Y145.448
G0 X113.665 Y145.448
G0 X112.57 Y145.448
G0 X112.09 Y145.448
G0 X112.4 Y145.728
;TYPE:WALL-INNER
G1 F2400 E1057.12008
G1 F3258.7 X112.4 Y127.5 E1057.72634
G1 X111.596 Y127.5 E1057.75308
G1 X111.6 Y145.728 E1058.35935
G1 X112.4 Y145.728 E1058.38596
G0 F15000 X112.8 Y146.128
;TYPE:WALL-OUTER
G1 F3258.7 X112.8 Y127.1 E1059.01883
G1 X111.196 Y127.1 E1059.07218
G1 X111.2 Y146.128 E1059.70506
G1 X112.8 Y146.128 E1059.75827
G0 F15000 X112.52 Y145.848
G0 X111.909 Y138.922
G0 X111.679 Y138.922
;TYPE:FILL
G1 F3258.7 X112.319 Y138.75 E1059.78031
G1 X112.32 Y138.82
G1 X111.678 Y138.177 E1059.81053
G0 F15000 X111.909 Y138.177
G0 X111.908 Y130.898
G0 X111.676 Y130.898
G1 F3258.7 X112.319 Y128.498 E1059.89317
G0 F15000 X112.12 Y128.572
G0 X112.09 Y130.468
G0 X112.32 Y130.468
G1 F3258.7 X111.677 Y130.64 E1059.91531
G0 F15000 X111.908 Y130.64
G0 X111.998 Y128.602
G0 X111.998 Y127.902
;TYPE:SKIN
G1 F2693.2 X111.998 Y128.298 E1059.93125
G1 F2400 E1059.43125
;MESH:NONMESH
G0 F300 X111.998 Y128.298 Z5.2
G0 F15000 X111.998 Y128.602
G0 X111.424 Y145.904
G0 X110.355 Y146.209
G0 X109.775 Y145.893
G0 X108.988 Y146.434
G0 X108.742 Y146.736
G0 X108.536 Y147.269
G0 X108.537 Y148.776
G0 X108.791 Y149.334
G0 X109.18 Y149.725
G0 X109.842 Y150.111
G0 X110.355 Y149.8
G0 X110 Y149.03
;TIME_ELAPSED:1333.132564
;LAYER:25
;note -- min layer time used
;TYPE:SUPPORT
G1 F2400 E1059.93125
G1 F3207.8 X110 Y146.978 E1059.9995
G1 X109.839 Y146.894 E1060.00554
G1 X109.521 Y147.116 E1060.01844
G1 X109.4 Y147.43 E1060.02963
G1 X109.401 Y148.59 E1060.06821
G1 X109.513 Y148.837 E1060.07723
G1 X109.712 Y149.036 E1060.08659
G1 X109.848 Y149.117 E1060.09186
G1 X110 Y149.03 E1060.09768
G1 X110 Y148.79 E1060.10567
G1 X112 Y148.79 E1060.17219
G1 X112 Y147.21 E1060.22474
G1 X114 Y147.21 E1060.29126
G1 X114 Y146.968 E1060.29931
G1 X114.154 Y146.882 E1060.30517
G1 X114.292 Y146.968 E1060.31058
G1 X114.487 Y147.163 E1060.31975
G1 X114.599 Y147.41 E1060.32877
G1 X114.6 Y148.571 E1060.36739
G1 X114.502 Y148.826 E1060.37647
G1 X114.418 Y148.926 E1060.38082
G1 X114.158 Y149.098 E1060.39119
G1 X114 Y149.013 E1060.39715
G1 X114 Y147.21 E1060.45712
G1 F2400 E1059.95712
G0 F15000 X114.879 Y146.333
G0 X122.796 Y145.902
G0 X123.355 Y146.217
G0 X124 Y147.21
G1 F2400 E1060.45712
G1 F3207.8 X124 Y148.79 E1060.50967
G1 X123 Y148.79 E1060.54293
G1 X123 Y149.049 E1060.55155
G1 X122.823 Y149.128 E1060.55799
G1 X122.541 Y148.898 E1060.5701
G1 X122.401 Y148.589 E1060.58138
G1 X122.4 Y147.43 E1060.61993
G1 X122.498 Y147.175 E1060.62902
G1 X122.582 Y147.075 E1060.63336
G1 X122.842 Y146.902 E1060.64375
G1 X123 Y146.987 E1060.64971
G1 X123 Y147.21 E1060.65713
G1 X127 Y147.21 E1060.79017
G1 X127 Y146.97 E1060.79815
G1 X127.152 Y146.883 E1060.80398
G1 X127.288 Y146.964 E1060.80924
G1 X127.487 Y147.163 E1060.8186
G1 X127.599 Y147.41 E1060.82762
G1 X127.6 Y148.571 E1060.86624
G1 X127.483 Y148.876 E1060.8771
G1 X127.17 Y149.128 E1060.89047
G1 X127 Y149.046 E1060.89675
G1 X127 Y148.79 E1060.90526
G1 X126 Y148.79 E1060.93852
G1 X126 Y147.21 E1060.99107
G1 F2400 E1060.49107
G0 F15000 X126.645 Y146.2
G0 X127.158 Y145.889
G0 X127.82 Y146.275
G0 X128.209 Y146.666
G0 X128.463 Y147.224
G0 X129.663 Y169.192
G0 X129.66 Y170.957
G0 X129.305 Y171.887
G0 X126.653 Y175.653
G0 X123.347 Y175.653
G0 X121.394 Y172.622
G0 X122 Y172.005
G1 F2400 E1060.99107
G1 F3207.8 X121.506 Y171.519 E1061.01412
G1 X121.258 Y170.974 E1061.03404
G1 X121.201 Y170.713 E1061.04292
G1 X121.204 Y169.203 E1061.09315
G1 X121.46 Y168.533 E1061.117
G1 X121.791 Y168.161 E1061.13356
G1 X122 Y168.021 E1061.14193
G1 X122.477 Y167.703 E1061.161
G1 X122.66 Y167.666 E1061.16721
G1 X122.859 Y167.754 E1061.17444
G1 X123 Y167.876 E1061.18065
G1 X123 Y172.042 E1061.31921
G1 X122.8 Y172.238 E1061.32852
G1 X122.8 Y172.285 E1061.33008
G1 X122.645 Y172.346 E1061.33562
G1 X122.513 Y172.317 E1061.34012
G1 X122.011 Y172.016 E1061.35959
G1 X122 Y172.005 E1061.3601
G1 X122 Y168.021 E1061.49261
G1 F2400 E1060.99261
G0 F15000 X121.52 Y167.303
G0 X121.219 Y167.504
G0 X120.709 Y168.078
G0 X120.34 Y169.043
G0 X120.337 Y170.804
G0 X120.435 Y171.249
G0 X120.786 Y172.022
G0 X123.347 Y175.653
G0 X126.653 Y175.653
G0 X129.305 Y171.887
G0 X129.66 Y170.957
G0 X129.663 Y169.192
G0 X129.557 Y168.739
G0 X129.233 Y168.031
G0 X128.445 Y167.25
G0 X128 Y167.995
G1 F2400 E1061.49261
G1 F3207.8 X128.48 Y168.46 E1061.51484
G1 X128.736 Y169.019 E1061.53529
G1 X128.799 Y169.29 E1061.54454
G1 X128.796 Y170.797 E1061.59467
G1 X128.552 Y171.437 E1061.61745
G1 X128.19 Y171.854 E1061.63581
G1 X128 Y171.98 E1061.6434
G1 X127.524 Y172.294 E1061.66236
G1 X127.34 Y172.333 E1061.66862
G1 X127.197 Y172.269 E1061.67383
G1 X127.197 Y172.233 E1061.67503
G1 X127 Y172.048 E1061.68402
G1 X127 Y167.853 E1061.82354
G1 X127.2 Y167.751 E1061.83101
G1 X127.2 Y167.714 E1061.83224
G1 X127.356 Y167.654 E1061.8378
G1 X127.484 Y167.684 E1061.84217
G1 X127.993 Y167.988 E1061.86189
G1 X128 Y167.995 E1061.86222
G1 X128 Y171.98 E1061.99476
G1 F2400 E1061.49476
G0 F15000 X128.477 Y172.7
G0 X126.653 Y175.653
G0 X123.347 Y175.653
G0 X115.654 Y167.326
G0 X115.282 Y166.993
G0 X114.32 Y166.767
G0 X114.2 Y167.623
G1 F2400 E1061.99476
G1 F3207.8 X114.691 Y167.693 E1062.01126
G1 X114.849 Y167.753 E1062.01688
G1 X115.066 Y167.926 E1062.02611
G1 X115.413 Y168.393 E1062.04546
G1 X115.467 Y168.445 E1062.04795
G1 X115.721 Y168.979 E1062.06762
G1 X115.799 Y169.29 E1062.07829
G1 X115.796 Y170.797 E1062.12841
G1 X115.552 Y171.437 E1062.15119
G1 X115.19 Y171.854 E1062.16956
G1 X114.524 Y172.294 E1062.19611
G1 X114.34 Y172.333 E1062.20236
G1 X114.197 Y172.269 E1062.20757
G1 X114.197 Y172.233 E1062.20877
G1 X114 Y172.048 E1062.21776
G1 X114 Y167.882 E1062.35632
G1 X114.2 Y167.752 E1062.36425
G1 X114.2 Y167.623 E1062.36854
G1 F2400 E1061.86854
G0 F15000 X114.32 Y166.767
G0 X114.903 Y166.851
G0 X115.282 Y166.993
G0 X115.691 Y167.32
G0 X116.182 Y167.936
G0 X116.538 Y168.685
G0 X116.663 Y169.184
G0 X116.66 Y170.957
G0 X116.305 Y171.887
G0 X113.653 Y175.653
G0 X110.347 Y175.653
G0 X107.786 Y172.022
G0 X107.435 Y171.249
G0 X107.337 Y170.804
G0 X107.34 Y169.043
G0 X107.709 Y168.078
G0 X108.222 Y167.502
G0 X109.132 Y166.897
G0 X109.678 Y166.783
G0 X110.353 Y167.043
G0 X110 Y167.944
G1 F2400 E1062.36854
G1 F3207.8 X109.801 Y167.801 E1062.37669
G1 X109.8 Y167.731 E1062.37902
G1 X109.654 Y167.67 E1062.38429
G1 X109.47 Y167.708 E1062.39053
G1 X108.793 Y168.16 E1062.41761
G1 X108.46 Y168.533 E1062.43424
G1 X108.204 Y169.203 E1062.4581
G1 X108.201 Y170.713 E1062.50832
G1 X108.258 Y170.974 E1062.5172
G1 X108.506 Y171.519 E1062.53712
G1 X109.011 Y172.016 E1062.56069
G1 X109.513 Y172.317 E1062.58015
G1 X109.645 Y172.346 E1062.58465
G1 X109.8 Y172.285 E1062.59019
G1 X109.8 Y172.238 E1062.59175
G1 X110 Y172.042 E1062.60107
G1 F2400 E1062.10107
;MESH:Limiter bracketV2.stl
G0 F15000 X111.43 Y172.042
G0 X112.09 Y174.12
G0 X112.4 Y174.4
;TYPE:WALL-INNER
G1 F2400 E1062.60107
G1 F3207.8 X112.4 Y150.388 E1063.39971
G1 X111.6 Y150.388 E1063.42632
G1 X111.6 Y174.4 E1064.22496
G1 X112.4 Y174.4 E1064.25157
G0 F15000 X112.8 Y174.8
;TYPE:WALL-OUTER
G1 F3207.8 X112.8 Y149.988 E1065.07682
G1 X111.2 Y149.988 E1065.13003
G1 X111.2 Y174.8 E1065.95528
G1 X112.8 Y174.8 E1066.0085
G0 F15000 X112.52 Y174.52
G0 X112.09 Y172.561
G0 X112.32 Y172.561
;TYPE:FILL
G1 F3207.8 X111.68 Y171.922 E1066.03858
G0 F15000 X111.68 Y172.197
G1 F3207.8 X112.32 Y172.025 E1066.06062
G0 F15000 X112.09 Y172.025
G0 X111.91 Y163.914
G0 X111.681 Y163.914
G1 F3207.8 X112.319 Y163.743 E1066.08259
G0 F15000 X112.09 Y163.743
G0 X112.09 Y161.247
G0 X112.32 Y161.247
G1 F3207.8 X111.68 Y160.608 E1066.11267
G0 F15000 X111.681 Y161.247
G1 F3207.8 X112.32 Y158.861 E1066.19483
G0 F15000 X112.09 Y158.861
G0 X111.91 Y155.632
G0 X111.681 Y155.632
G1 F3207.8 X112.319 Y155.461 E1066.21679
G1 F2400 E1065.71679
G0 F15000 X112.09 Y155.461
G0 X112.57 Y174.12
G0 X113.665 Y174.12
G0 X123.335 Y174.12
G0 X124.43 Y174.12
G0 X125.09 Y174.12
G0 X125.4 Y174.4
;TYPE:WALL-INNER
G1 F2400 E1066.21679
G1 F3207.8 X125.4 Y150.388 E1067.01544
G1 X124.6 Y150.388 E1067.04205
G1 X124.6 Y174.4 E1067.84069
G1 X125.4 Y174.4 E1067.8673
G0 F15000 X125.8 Y174.8
;TYPE:WALL-OUTER
G1 F3207.8 X125.8 Y149.988 E1068.69255
G1 X124.2 Y149.988 E1068.74576
G1 X124.2 Y174.8 E1069.57101
G1 X125.8 Y174.8 E1069.62423
G0 F15000 X125.321 Y174.248
;TYPE:FILL
G1 F3207.8 X124.68 Y173.607 E1069.65438
G0 F15000 X124.742 Y174.32
G1 F3207.8 X125.32 Y172.164 E1069.72862
G0 F15000 X125.09 Y172.164
G0 X124.91 Y168.713
G0 X124.681 Y168.713
G1 F3207.8 X125.319 Y168.542 E1069.75059
G0 F15000 X125.09 Y168.542
G0 X125.09 Y162.934
G0 X125.321 Y162.934
G1 F3207.8 X124.68 Y162.294 E1069.78072
G0 F15000 X124.91 Y162.294
G0 X124.91 Y160.431
G0 X124.681 Y160.431
G1 F3207.8 X125.319 Y160.26 E1069.80269
G0 F15000 X125.09 Y160.26
G0 X124.91 Y152.149
G0 X124.68 Y152.149
G1 F3207.8 X125.32 Y151.977 E1069.82473
G0 F15000 X125.321 Y151.621
G1 F3207.8 X124.68 Y150.98 E1069.85488
G1 F2400 E1069.35488
G0 F15000 X124.91 Y150.98
G0 X125.12 Y150.22
G0 X126.646 Y149.814
G0 X127.287 Y150.136
G0 X128.025 Y149.549
G0 X128.257 Y149.268
G0 X128.464 Y148.732
G0 X128.463 Y147.224
G0 X128.209 Y146.666
G0 X127.82 Y146.275
G0 X127.158 Y145.889
G0 X126.645 Y146.2
G0 X125.12 Y145.78
G0 X125.12 Y145.3
G0 X125.4 Y145.608
;TYPE:WALL-INNER
G1 F2400 E1069.85488
G1 F3207.8 X125.4 Y127.7 E1070.4505
G1 X124.6 Y127.7 E1070.47711
G1 X124.6 Y145.608 E1071.07273
G1 X125.4 Y145.608 E1071.09934
G0 F15000 X125.8 Y146.008
;TYPE:WALL-OUTER
G1 F3207.8 X125.8 Y127.3 E1071.72157
G1 X124.2 Y127.3 E1071.77479
G1 X124.2 Y146.008 E1072.39702
G1 X125.8 Y146.008 E1072.45023
G0 F15000 X125.52 Y145.73
G0 X125.091 Y143.694
G0 X125.319 Y143.695
;TYPE:FILL
G1 F3207.8 X124.681 Y143.866 E1072.4722
G0 F15000 X124.68 Y143.642
G1 F3207.8 X125.32 Y141.255 E1072.5544
G0 F15000 X125.32 Y140.306
G1 F3207.8 X124.68 Y139.666 E1072.5845
G0 F15000 X124.91 Y139.666
G0 X124.91 Y135.584
G0 X124.68 Y135.584
G1 F3207.8 X125.319 Y135.413 E1072.6065
G0 F15000 X125.092 Y135.412
G0 X125.092 Y128.992
G0 X125.32 Y128.993
G1 F3207.8 X124.91 Y128.582 E1072.62581
G0 F15000 X125 Y128.1
;TYPE:SKIN
G1 F2673.1 X125 Y128.5 E1072.64178
G1 F2400 E1072.14178
G0 F15000 X125 Y128.802
G0 X124.43 Y145.33
G0 X123.335 Y145.33
G0 X113.665 Y145.33
G0 X112.57 Y145.33
G0 X112.09 Y145.33
G0 X112.4 Y145.608
;TYPE:WALL-INNER
G1 F2400 E1072.64178
G1 F3207.8 X112.4 Y127.7 E1073.2374
G1 X111.596 Y127.7 E1073.26414
G1 X111.6 Y145.608 E1073.85976
G1 X112.4 Y145.608 E1073.88637
G0 F15000 X112.8 Y146.008
;TYPE:WALL-OUTER
G1 F3207.8 X112.8 Y127.3 E1074.5086
G1 X111.196 Y127.3 E1074.56195
G1 X111.2 Y146.008 E1075.18418
G1 X112.8 Y146.008 E1075.2374
G0 F15000 X112.52 Y145.73
G0 X111.909 Y139.068
G0 X111.679 Y139.068
;TYPE:FILL
G1 F3207.8 X112.319 Y138.896 E1075.25944
G0 F15000 X112.32 Y138.62
G1 F3207.8 X111.678 Y137.978 E1075.28964
G0 F15000 X111.909 Y137.978
G0 X111.908 Y130.786
G0 X111.677 Y130.786
G1 F3207.8 X112.32 Y130.614 E1075.31178
G0 F15000 X111.676 Y130.354
G1 F3207.8 X112.151 Y128.581 E1075.37283
G0 F15000 X111.998 Y128.102
;TYPE:SKIN
G1 F2651 X111.998 Y128.498 E1075.38876
G1 F2400 E1074.88876
;MESH:NONMESH
G0 F300 X111.998 Y128.498 Z5.4
G0 F15000 X111.998 Y128.802
G0 X111.424 Y145.786
G0 X110.335 Y145.787
G0 X109.775 Y145.893
G0 X108.988 Y146.434
G0 X108.742 Y146.736
G0 X108.536 Y147.269
G0 X108.537 Y148.776
G0 X108.791 Y149.334
G0 X109.18 Y149.725
G0 X109.842 Y150.111
G0 X110.355 Y149.8
G0 X110 Y149.03
;TIME_ELAPSED:1358.896746
;LAYER:26
;note -- min layer time used
;TYPE:SUPPORT
G1 F2400 E1075.38876
G1 F3177.7 X110 Y146.978 E1075.45701
G1 X109.839 Y146.894 E1075.46305
G1 X109.521 Y147.116 E1075.47595
G1 X109.4 Y147.43 E1075.48714
G1 X109.401 Y148.59 E1075.52572
G1 X109.513 Y148.837 E1075.53475
G1 X109.712 Y149.036 E1075.54411
G1 X109.848 Y149.117 E1075.54937
G1 X110 Y149.03 E1075.5552
G1 X110 Y148.879 E1075.56022
G1 X112 Y148.879 E1075.62674
G1 X112 Y147.121 E1075.68521
G1 X114 Y147.121 E1075.75173
G1 X114 Y146.968 E1075.75682
G1 X114.154 Y146.882 E1075.76269
G1 X114.292 Y146.968 E1075.76809
G1 X114.487 Y147.163 E1075.77727
G1 X114.599 Y147.41 E1075.78629
G1 X114.6 Y148.571 E1075.8249
G1 X114.502 Y148.826 E1075.83399
G1 X114.418 Y148.926 E1075.83833
G1 X114.158 Y149.098 E1075.8487
G1 X114 Y149.013 E1075.85467
G1 X114 Y147.121 E1075.91759
G1 F2400 E1075.41759
G0 F15000 X114.834 Y146.288
G0 X122.796 Y145.902
G0 X123.355 Y146.217
G0 X124 Y147.121
G1 F2400 E1075.91759
G1 F3177.7 X124 Y148.879 E1075.97607
G1 X123 Y148.879 E1076.00933
G1 X123 Y149.044 E1076.01481
G1 X122.831 Y149.126 E1076.02106
G1 X122.539 Y148.896 E1076.03342
G1 X122.401 Y148.59 E1076.04459
G1 X122.4 Y147.43 E1076.08317
G1 X122.498 Y147.175 E1076.09226
G1 X122.582 Y147.075 E1076.0966
G1 X122.842 Y146.902 E1076.10699
G1 X123 Y146.987 E1076.11296
G1 X123 Y147.121 E1076.11741
G1 X127 Y147.121 E1076.25045
G1 X127 Y146.97 E1076.25548
G1 X127.152 Y146.883 E1076.2613
G1 X127.288 Y146.964 E1076.26657
G1 X127.487 Y147.163 E1076.27593
G1 X127.599 Y147.41 E1076.28495
G1 X127.6 Y148.571 E1076.32356
G1 X127.483 Y148.876 E1076.33443
G1 X127.17 Y149.128 E1076.34779
G1 X127 Y149.046 E1076.35407
G1 X127 Y148.879 E1076.35962
G1 X126 Y148.879 E1076.39288
G1 X126 Y147.121 E1076.45135
G1 F2400 E1075.95135
G0 F15000 X126.645 Y146.2
G0 X127.158 Y145.889
G0 X127.82 Y146.275
G0 X128.209 Y146.666
G0 X128.463 Y147.224
G0 X129.663 Y169.192
G0 X129.66 Y170.957
G0 X129.305 Y171.887
G0 X126.653 Y175.653
G0 X123.347 Y175.653
G0 X121.394 Y172.622
G0 X122 Y172.005
G1 F2400 E1076.45135
G1 F3177.7 X121.506 Y171.519 E1076.4744
G1 X121.258 Y170.974 E1076.49432
G1 X121.201 Y170.713 E1076.5032
G1 X121.204 Y169.203 E1076.55343
G1 X121.46 Y168.533 E1076.57728
G1 X121.791 Y168.161 E1076.59384
G1 X122 Y168.021 E1076.60221
G1 X122.477 Y167.703 E1076.62128
G1 X122.66 Y167.666 E1076.62749
G1 X122.859 Y167.754 E1076.63473
G1 X123 Y167.876 E1076.64093
G1 X123 Y172.031 E1076.77912
G1 X122.737 Y172.31 E1076.79188
G1 X122.645 Y172.346 E1076.79516
G1 X122.513 Y172.317 E1076.79966
G1 X122.011 Y172.016 E1076.81912
G1 X122 Y172.005 E1076.81964
G1 X122 Y168.021 E1076.95215
G1 F2400 E1076.45215
G0 F15000 X121.52 Y167.303
G0 X121.219 Y167.504
G0 X120.709 Y168.078
G0 X120.34 Y169.043
G0 X120.337 Y170.804
G0 X120.435 Y171.249
G0 X120.786 Y172.022
G0 X123.347 Y175.653
G0 X126.653 Y175.653
G0 X129.305 Y171.887
G0 X129.66 Y170.957
G0 X129.663 Y169.192
G0 X129.557 Y168.739
G0 X129.233 Y168.031
G0 X128.445 Y167.25
G0 X128 Y167.995
G1 F2400 E1076.95215
G1 F3177.7 X128.48 Y168.46 E1076.97438
G1 X128.736 Y169.019 E1076.99483
G1 X128.799 Y169.29 E1077.00408
G1 X128.796 Y170.797 E1077.0542
G1 X128.552 Y171.437 E1077.07699
G1 X128.19 Y171.854 E1077.09535
G1 X128 Y171.98 E1077.10293
G1 X127.524 Y172.294 E1077.1219
G1 X127.34 Y172.333 E1077.12816
G1 X127.197 Y172.269 E1077.13337
G1 X127.197 Y172.233 E1077.13456
G1 X127 Y172.048 E1077.14355
G1 X127 Y167.853 E1077.28308
G1 X127.2 Y167.751 E1077.29055
G1 X127.2 Y167.714 E1077.29178
G1 X127.356 Y167.654 E1077.29734
G1 X127.484 Y167.684 E1077.30171
G1 X127.993 Y167.988 E1077.32143
G1 X128 Y167.995 E1077.32176
G1 X128 Y171.98 E1077.4543
G1 F2400 E1076.9543
G0 F15000 X128.477 Y172.7
G0 X126.653 Y175.653
G0 X123.347 Y175.653
G0 X115.654 Y167.326
G0 X115.282 Y166.993
G0 X114.32 Y166.767
G0 X114.2 Y167.623
G1 F2400 E1077.4543
G1 F3177.7 X114.691 Y167.693 E1077.47079
G1 X114.849 Y167.753 E1077.47642
G1 X115.066 Y167.926 E1077.48565
G1 X115.413 Y168.393 E1077.505
G1 X115.467 Y168.445 E1077.50749
G1 X115.721 Y168.979 E1077.52716
G1 X115.799 Y169.29 E1077.53782
G1 X115.796 Y170.797 E1077.58795
G1 X115.552 Y171.437 E1077.61073
G1 X115.19 Y171.854 E1077.62909
G1 X114.524 Y172.294 E1077.65564
G1 X114.34 Y172.333 E1077.6619
G1 X114.197 Y172.269 E1077.66711
G1 X114.197 Y172.233 E1077.66831
G1 X114 Y172.048 E1077.67729
G1 X114 Y167.882 E1077.81586
G1 X114.2 Y167.752 E1077.82379
G1 X114.2 Y167.623 E1077.82808
G1 F2400 E1077.32808
G0 F15000 X114.32 Y166.767
G0 X114.903 Y166.851
G0 X115.282 Y166.993
G0 X115.691 Y167.32
G0 X116.182 Y167.936
G0 X116.538 Y168.685
G0 X116.663 Y169.184
G0 X116.66 Y170.957
G0 X116.305 Y171.887
G0 X113.653 Y175.653
G0 X110.347 Y175.653
G0 X107.786 Y172.022
G0 X107.435 Y171.249
G0 X107.337 Y170.804
G0 X107.34 Y169.043
G0 X107.709 Y168.078
G0 X108.222 Y167.502
G0 X109.132 Y166.897
G0 X109.678 Y166.783
G0 X110.353 Y167.043
G0 X110 Y167.944
G1 F2400 E1077.82808
G1 F3177.7 X109.801 Y167.801 E1077.83623
G1 X109.8 Y167.731 E1077.83856
G1 X109.654 Y167.67 E1077.84382
G1 X109.47 Y167.708 E1077.85007
G1 X108.793 Y168.16 E1077.87715
G1 X108.46 Y168.533 E1077.89378
G1 X108.204 Y169.203 E1077.91763
G1 X108.201 Y170.713 E1077.96786
G1 X108.258 Y170.974 E1077.97674
G1 X108.506 Y171.519 E1077.99666
G1 X109.011 Y172.016 E1078.02022
G1 X109.513 Y172.317 E1078.03969
G1 X109.645 Y172.346 E1078.04419
G1 X109.737 Y172.31 E1078.04747
G1 X110 Y172.031 E1078.06022
G1 F2400 E1077.56022
;MESH:Limiter bracketV2.stl
G0 F15000 X111.43 Y172.031
G0 X112.09 Y174.12
G0 X112.4 Y174.4
;TYPE:WALL-INNER
G1 F2400 E1078.06022
G1 F3177.7 X112.4 Y150.476 E1078.85594
G1 X111.6 Y150.476 E1078.88255
G1 X111.6 Y174.4 E1079.67826
G1 X112.4 Y174.4 E1079.70487
G0 F15000 X112.8 Y174.8
;TYPE:WALL-OUTER
G1 F3177.7 X112.8 Y150.076 E1080.52719
G1 X111.2 Y150.076 E1080.58041
G1 X111.2 Y174.8 E1081.40273
G1 X112.8 Y174.8 E1081.45595
G0 F15000 X112.52 Y174.52
G0 X112.09 Y172.36
G0 X112.32 Y172.36
;TYPE:FILL
G1 F3177.7 X111.68 Y171.721 E1081.48603
G0 F15000 X111.68 Y172.344
G1 F3177.7 X112.32 Y172.172 E1081.50807
G0 F15000 X112.09 Y172.172
G0 X111.91 Y164.061
G0 X111.681 Y164.061
G1 F3177.7 X112.319 Y163.89 E1081.53004
G0 F15000 X112.09 Y163.89
G0 X112.09 Y161.046
G0 X112.32 Y161.046
G1 F3177.7 X111.68 Y160.407 E1081.56012
G0 F15000 X111.68 Y160.701
G1 F3177.7 X112.32 Y158.312 E1081.64238
G0 F15000 X112.09 Y158.312
G0 X111.91 Y155.779
G0 X111.681 Y155.779
G1 F3177.7 X112.319 Y155.608 E1081.66435
G1 F2400 E1081.16435
G0 F15000 X112.09 Y155.608
G0 X112.57 Y174.12
G0 X113.665 Y174.12
G0 X123.335 Y174.12
G0 X124.43 Y174.12
G0 X125.09 Y174.12
G0 X125.4 Y174.4
;TYPE:WALL-INNER
G1 F2400 E1081.66435
G1 F3177.7 X125.4 Y150.476 E1082.46007
G1 X124.6 Y150.476 E1082.48667
G1 X124.6 Y174.4 E1083.28239
G1 X125.4 Y174.4 E1083.309
G0 F15000 X125.8 Y174.8
;TYPE:WALL-OUTER
G1 F3177.7 X125.8 Y150.076 E1084.13132
G1 X124.2 Y150.076 E1084.18454
G1 X124.2 Y174.8 E1085.00686
G1 X125.8 Y174.8 E1085.06008
G0 F15000 X125.32 Y174.047
;TYPE:FILL
G1 F3177.7 X124.68 Y173.407 E1085.09018
G0 F15000 X124.68 Y174.003
G1 F3177.7 X125.32 Y171.616 E1085.17238
G0 F15000 X125.09 Y171.616
G0 X124.91 Y168.86
G0 X124.681 Y168.86
G1 F3177.7 X125.319 Y168.689 E1085.19435
G0 F15000 X125.09 Y168.689
G0 X125.09 Y162.733
G0 X125.32 Y162.733
G1 F3177.7 X124.68 Y162.093 E1085.22445
G0 F15000 X124.91 Y162.093
G0 X124.91 Y160.578
G0 X124.68 Y160.578
G1 F3177.7 X125.319 Y160.407 E1085.24645
G0 F15000 X125.09 Y160.407
G0 X124.91 Y152.296
G0 X124.68 Y152.296
G1 F3177.7 X125.32 Y152.124 E1085.26849
G0 F15000 X125.32 Y151.419
G1 F3177.7 X124.68 Y150.779 E1085.2986
G1 F2400 E1084.7986
G0 F15000 X124.91 Y150.789
G0 X125.12 Y150.309
G0 X126.665 Y150.309
G0 X127.287 Y150.136
G0 X128.025 Y149.549
G0 X128.257 Y149.268
G0 X128.464 Y148.732
G0 X128.463 Y147.224
G0 X128.209 Y146.666
G0 X127.82 Y146.275
G0 X127.445 Y146.057
G0 X126.666 Y145.691
G0 X125.12 Y145.691
G0 X125.12 Y145.211
G0 X125.4 Y145.52
;TYPE:WALL-INNER
G1 F2400 E1085.2986
G1 F3177.7 X125.4 Y127.9 E1085.88464
G1 X124.6 Y127.9 E1085.91125
G1 X124.6 Y145.52 E1086.49729
G1 X125.4 Y145.52 E1086.5239
G0 F15000 X125.8 Y145.92
;TYPE:WALL-OUTER
G1 F3177.7 X125.8 Y127.5 E1087.13655
G1 X124.2 Y127.5 E1087.18977
G1 X124.2 Y145.92 E1087.80242
G1 X125.8 Y145.92 E1087.85564
G0 F15000 X125.52 Y145.641
G0 X125.091 Y143.841
G0 X125.319 Y143.842
;TYPE:FILL
G1 F3177.7 X124.681 Y144.013 E1087.8776
G0 F15000 X124.68 Y143.094
G1 F3177.7 X125.32 Y140.707 E1087.9598
G0 F15000 X125.32 Y140.105
G1 F3177.7 X124.68 Y139.465 E1087.9899
G0 F15000 X124.91 Y139.465
G0 X124.91 Y135.731
G0 X124.68 Y135.731
G1 F3177.7 X125.32 Y135.56 E1088.01194
G0 F15000 X125.092 Y135.559
G0 X125 Y129.002
G0 X125 Y128.3
;TYPE:SKIN
G1 F2648.1 X125 Y128.7 E1088.0279
G1 F2400 E1087.5279
G0 F15000 X125 Y129.002
G0 X124.43 Y145.241
G0 X123.335 Y145.241
G0 X113.665 Y145.241
G0 X112.57 Y145.241
G0 X112.09 Y145.241
G0 X112.4 Y145.52
;TYPE:WALL-INNER
G1 F2400 E1088.0279
G1 F3177.7 X112.4 Y127.9 E1088.61395
G1 X111.596 Y127.9 E1088.64069
G1 X111.6 Y145.52 E1089.22673
G1 X112.4 Y145.52 E1089.25334
G0 F15000 X112.8 Y145.92
;TYPE:WALL-OUTER
G1 F3177.7 X112.8 Y127.5 E1089.86599
G1 X111.196 Y127.5 E1089.91934
G1 X111.2 Y145.92 E1090.53199
G1 X112.8 Y145.92 E1090.58521
G0 F15000 X112.52 Y145.641
G0 X111.909 Y139.215
G0 X111.679 Y139.215
;TYPE:FILL
G1 F3177.7 X112.319 Y139.043 E1090.60725
G0 F15000 X112.32 Y138.42
G1 F3177.7 X111.678 Y137.777 E1090.63747
G0 F15000 X111.909 Y137.777
G0 X111.908 Y130.933
G0 X111.676 Y130.933
G1 F3177.7 X112.32 Y130.761 E1090.65964
G0 F15000 X112.09 Y130.761
G0 X111.908 Y129.805
G0 X111.676 Y129.805
G1 F3177.7 X111.951 Y128.781 E1090.69491
G0 F15000 X111.998 Y128.302
;TYPE:SKIN
G1 F2626.2 X111.998 Y128.698 E1090.71084
G1 F2400 E1090.21084
;MESH:NONMESH
G0 F300 X111.998 Y128.698 Z5.6
G0 F15000 X111.998 Y129.002
G0 X111.424 Y145.697
G0 X110.335 Y145.698
G0 X109.775 Y145.893
G0 X108.988 Y146.434
G0 X108.742 Y146.736
G0 X108.536 Y147.269
G0 X108.537 Y148.776
G0 X108.791 Y149.334
G0 X109.18 Y149.725
G0 X109.842 Y150.111
G0 X110.355 Y149.8
G0 X110 Y149.027
;TIME_ELAPSED:1384.419003
;LAYER:27
;note -- min layer time used
;TYPE:SUPPORT
G1 F2400 E1090.71084
G1 F3152.6 X110 Y146.981 E1090.77889
G1 X109.838 Y146.895 E1090.78499
G1 X109.521 Y147.116 E1090.79785
G1 X109.4 Y147.43 E1090.80904
G1 X109.401 Y148.59 E1090.84762
G1 X109.513 Y148.837 E1090.85664
G1 X109.712 Y149.036 E1090.866
G1 X109.847 Y149.116 E1090.87122
G1 X110.146 Y148.941 E1090.88274
G1 X112 Y148.941 E1090.94441
G1 X112 Y147.059 E1091.007
G1 X113.836 Y147.059 E1091.06807
G1 X114.154 Y146.882 E1091.08017
G1 X114.292 Y146.968 E1091.08558
G1 X114.487 Y147.163 E1091.09475
G1 X114.599 Y147.41 E1091.10377
G1 X114.6 Y148.571 E1091.14239
G1 X114.502 Y148.826 E1091.15148
G1 X114.418 Y148.926 E1091.15582
G1 X114.157 Y149.098 E1091.16622
G1 X114 Y149.013 E1091.17215
G1 X114 Y146.967 E1091.2402
G1 F2400 E1090.7402
G0 F15000 X114.829 Y146.284
G0 X122.796 Y145.902
G0 X123.347 Y146.207
G0 X124 Y147.059
G1 F2400 E1091.2402
G1 F3152.6 X124 Y148.941 E1091.3028
G1 X123 Y148.941 E1091.33606
G1 X123 Y149.044 E1091.33949
G1 X122.831 Y149.126 E1091.34573
G1 X122.539 Y148.896 E1091.3581
G1 X122.401 Y148.59 E1091.36926
G1 X122.4 Y147.43 E1091.40784
G1 X122.498 Y147.175 E1091.41693
G1 X122.582 Y147.075 E1091.42127
G1 X122.842 Y146.902 E1091.43166
G1 X123.137 Y147.06 E1091.44279
G1 X126.854 Y147.059 E1091.56642
G1 X127.153 Y146.884 E1091.57794
G1 X127.288 Y146.964 E1091.58316
G1 X127.487 Y147.163 E1091.59252
G1 X127.599 Y147.41 E1091.60154
G1 X127.6 Y148.571 E1091.64016
G1 X127.482 Y148.878 E1091.65109
G1 X127.169 Y149.126 E1091.66438
G1 X127 Y149.045 E1091.67061
G1 X127 Y148.941 E1091.67407
G1 X126 Y148.941 E1091.70733
G1 X126 Y147.059 E1091.76992
G1 F2400 E1091.26992
G0 F15000 X126.645 Y146.2
G0 X127.158 Y145.889
G0 X127.82 Y146.275
G0 X128.209 Y146.666
G0 X128.463 Y147.224
G0 X129.663 Y169.192
G0 X129.66 Y170.957
G0 X129.305 Y171.887
G0 X126.653 Y175.653
G0 X123.347 Y175.653
G0 X121.394 Y172.622
G0 X122 Y172.005
G1 F2400 E1091.76992
G1 F3152.6 X121.506 Y171.519 E1091.79297
G1 X121.258 Y170.974 E1091.81289
G1 X121.201 Y170.713 E1091.82177
G1 X121.204 Y169.203 E1091.872
G1 X121.46 Y168.533 E1091.89585
G1 X121.791 Y168.161 E1091.91241
G1 X122 Y168.021 E1091.92078
G1 X122.477 Y167.703 E1091.93985
G1 X122.66 Y167.666 E1091.94606
G1 X122.859 Y167.754 E1091.9533
G1 X123 Y167.876 E1091.9595
G1 X123 Y172.022 E1092.09739
G1 X122.8 Y172.191 E1092.1061
G1 X122.8 Y172.285 E1092.10923
G1 X122.645 Y172.346 E1092.11477
G1 X122.513 Y172.317 E1092.11926
G1 X122.011 Y172.016 E1092.13873
G1 X122 Y172.005 E1092.13925
G1 X122 Y168.021 E1092.27176
G1 F2400 E1091.77176
G0 F15000 X121.52 Y167.303
G0 X121.219 Y167.504
G0 X120.709 Y168.078
G0 X120.34 Y169.043
G0 X120.337 Y170.804
G0 X120.435 Y171.249
G0 X120.786 Y172.022
G0 X123.347 Y175.653
G0 X126.653 Y175.653
G0 X129.305 Y171.887
G0 X129.66 Y170.957
G0 X129.663 Y169.192
G0 X129.557 Y168.739
G0 X129.233 Y168.031
G0 X128.445 Y167.25
G0 X128 Y167.995
G1 F2400 E1092.27176
G1 F3152.6 X128.48 Y168.46 E1092.29399
G1 X128.736 Y169.019 E1092.31443
G1 X128.799 Y169.29 E1092.32369
G1 X128.796 Y170.797 E1092.37381
G1 X128.552 Y171.437 E1092.39659
G1 X128.19 Y171.854 E1092.41496
G1 X128 Y171.98 E1092.42254
G1 X127.524 Y172.294 E1092.44151
G1 X127.34 Y172.333 E1092.44776
G1 X127.197 Y172.269 E1092.45297
G1 X127.197 Y172.233 E1092.45417
G1 X127 Y172.048 E1092.46316
G1 X127 Y167.853 E1092.60269
G1 X127.2 Y167.751 E1092.61015
G1 X127.2 Y167.714 E1092.61138
G1 X127.356 Y167.654 E1092.61694
G1 X127.484 Y167.684 E1092.62132
G1 X127.993 Y167.988 E1092.64104
G1 X128 Y167.995 E1092.64136
G1 X128 Y171.98 E1092.77391
G1 F2400 E1092.27391
G0 F15000 X128.477 Y172.7
G0 X126.653 Y175.653
G0 X123.347 Y175.653
G0 X115.654 Y167.326
G0 X115.282 Y166.993
G0 X114.32 Y166.767
G0 X114.2 Y167.623
G1 F2400 E1092.77391
G1 F3152.6 X114.691 Y167.693 E1092.7904
G1 X114.849 Y167.753 E1092.79602
G1 X115.066 Y167.926 E1092.80525
G1 X115.413 Y168.393 E1092.8246
G1 X115.467 Y168.445 E1092.8271
G1 X115.721 Y168.979 E1092.84677
G1 X115.799 Y169.29 E1092.85743
G1 X115.796 Y170.797 E1092.90755
G1 X115.552 Y171.437 E1092.93033
G1 X115.19 Y171.854 E1092.9487
G1 X114.524 Y172.294 E1092.97525
G1 X114.34 Y172.333 E1092.98151
G1 X114.197 Y172.269 E1092.98672
G1 X114.197 Y172.233 E1092.98791
G1 X114 Y172.048 E1092.9969
G1 X114 Y167.882 E1093.13546
G1 X114.2 Y167.752 E1093.1434
G1 X114.2 Y167.623 E1093.14769
G1 F2400 E1092.64769
G0 F15000 X114.32 Y166.767
G0 X114.903 Y166.851
G0 X115.282 Y166.993
G0 X115.691 Y167.32
G0 X116.182 Y167.936
G0 X116.538 Y168.685
G0 X116.663 Y169.184
G0 X116.66 Y170.957
G0 X116.305 Y171.887
G0 X113.653 Y175.653
G0 X110.347 Y175.653
G0 X107.786 Y172.022
G0 X107.435 Y171.249
G0 X107.337 Y170.804
G0 X107.34 Y169.043
G0 X107.709 Y168.078
G0 X108.222 Y167.502
G0 X109.132 Y166.897
G0 X109.678 Y166.783
G0 X110.353 Y167.043
G0 X110 Y167.944
G1 F2400 E1093.14769
G1 F3152.6 X109.801 Y167.801 E1093.15584
G1 X109.8 Y167.731 E1093.15817
G1 X109.654 Y167.67 E1093.16343
G1 X109.47 Y167.708 E1093.16968
G1 X108.793 Y168.16 E1093.19675
G1 X108.46 Y168.533 E1093.21338
G1 X108.204 Y169.203 E1093.23724
G1 X108.201 Y170.713 E1093.28746
G1 X108.258 Y170.974 E1093.29635
G1 X108.506 Y171.519 E1093.31626
G1 X109.011 Y172.016 E1093.33983
G1 X109.513 Y172.317 E1093.3593
G1 X109.645 Y172.346 E1093.36379
G1 X109.8 Y172.285 E1093.36933
G1 X109.8 Y172.191 E1093.37246
G1 X110 Y172.022 E1093.38117
G1 F2400 E1092.88117
;MESH:Limiter bracketV2.stl
G0 F15000 X111.43 Y172.022
G0 X112.09 Y174.12
G0 X112.4 Y174.4
;TYPE:WALL-INNER
G1 F2400 E1093.38117
G1 F3152.6 X112.4 Y150.54 E1094.17476
G1 X111.6 Y150.54 E1094.20136
G1 X111.6 Y174.4 E1094.99495
G1 X112.4 Y174.4 E1095.02156
G0 F15000 X112.8 Y174.8
;TYPE:WALL-OUTER
G1 F3152.6 X112.8 Y150.14 E1095.84175
G1 X111.2 Y150.14 E1095.89497
G1 X111.2 Y174.8 E1096.71516
G1 X112.8 Y174.8 E1096.76838
G0 F15000 X112.52 Y174.52
G0 X112.09 Y172.318
G0 X112.319 Y172.318
;TYPE:FILL
G1 F3152.6 X111.68 Y172.49 E1096.79039
G0 F15000 X112.32 Y172.161
G1 F3152.6 X111.68 Y171.521 E1096.82049
G0 F15000 X111.91 Y171.521
G0 X111.91 Y164.207
G0 X111.68 Y164.207
G1 F3152.6 X112.319 Y164.036 E1096.84249
G0 F15000 X112.09 Y164.036
G0 X112.09 Y160.848
G0 X112.32 Y160.848
G1 F3152.6 X111.68 Y160.207 E1096.87262
G1 X111.68 Y160.155
G1 X112.32 Y157.768 E1096.95482
G0 F15000 X112.09 Y157.768
G0 X111.91 Y155.925
G0 X111.681 Y155.925
G1 F3152.6 X112.319 Y155.754 E1096.97679
G1 F2400 E1096.47679
G0 F15000 X112.09 Y155.754
G0 X112.57 Y174.12
G0 X113.665 Y174.12
G0 X123.335 Y174.12
G0 X124.43 Y174.12
G0 X125.09 Y174.12
G0 X125.4 Y174.4
;TYPE:WALL-INNER
G1 F2400 E1096.97679
G1 F3152.6 X125.4 Y150.54 E1097.77037
G1 X124.6 Y150.54 E1097.79698
G1 X124.6 Y174.4 E1098.59057
G1 X125.4 Y174.4 E1098.61718
G0 F15000 X125.8 Y174.8
;TYPE:WALL-OUTER
G1 F3152.6 X125.8 Y150.14 E1099.43737
G1 X124.2 Y150.14 E1099.49059
G1 X124.2 Y174.8 E1100.31078
G1 X125.8 Y174.8 E1100.364
G0 F15000 X125.52 Y174.52
G0 X125.09 Y173.847
G0 X125.32 Y173.847
;TYPE:FILL
G1 F3152.6 X124.68 Y173.207 E1100.3941
G0 F15000 X124.68 Y173.458
G1 F3152.6 X125.32 Y171.071 E1100.4763
G0 F15000 X125.09 Y171.071
G0 X124.91 Y169.006
G0 X124.68 Y169.006
G1 F3152.6 X125.319 Y168.835 E1100.4983
G0 F15000 X125.09 Y168.835
G0 X125.09 Y162.533
G0 X125.32 Y162.533
G1 F3152.6 X124.68 Y161.894 E1100.52838
G0 F15000 X124.91 Y161.894
G0 X124.91 Y160.724
G0 X124.68 Y160.724
G1 F3152.6 X125.319 Y160.553 E1100.55038
G0 F15000 X125.09 Y160.553
G0 X124.91 Y152.442
G0 X124.68 Y152.442
G1 F3152.6 X125.319 Y152.271 E1100.57238
G0 F15000 X125.09 Y152.271
G0 X125.09 Y151.22
G0 X125.32 Y151.22
G1 F3152.6 X124.72 Y150.62 E1100.6006
G1 F2400 E1100.1006
G0 F15000 X124.91 Y150.821
G0 X125.121 Y150.371
G0 X126.665 Y150.371
G0 X127.28 Y150.134
G0 X128.023 Y149.552
G0 X128.257 Y149.268
G0 X128.464 Y148.732
G0 X128.463 Y147.224
G0 X128.209 Y146.666
G0 X127.859 Y146.314
G0 X126.666 Y145.649
G0 X125.117 Y145.649
G0 X125.121 Y145.149
G0 X125.4 Y145.457
;TYPE:WALL-INNER
G1 F2400 E1100.6006
G1 F3152.6 X125.4 Y128.1 E1101.1779
G1 X124.6 Y128.1 E1101.20451
G1 X124.6 Y145.458 E1101.78184
G1 X125.4 Y145.457 E1101.80845
G0 F15000 X125.8 Y145.856
;TYPE:WALL-OUTER
G1 F3152.6 X125.8 Y127.7 E1102.41232
G1 X124.2 Y127.7 E1102.46553
G1 X124.2 Y145.859 E1103.0695
G1 X125.8 Y145.856 E1103.12272
G0 F15000 X125.52 Y145.579
G0 X125.091 Y143.987
G0 X125.319 Y143.988
;TYPE:FILL
G1 F3152.6 X124.681 Y144.159 E1103.14469
G0 F15000 X124.91 Y144.159
G0 X124.91 Y142.549
G0 X124.68 Y142.549
G1 F3152.6 X125.32 Y140.161 E1103.22692
G0 F15000 X125.321 Y139.907
G1 F3152.6 X124.68 Y139.266 E1103.25707
G0 F15000 X124.91 Y139.266
G0 X124.91 Y135.877
G0 X124.681 Y135.877
G1 F3152.6 X125.319 Y135.706 E1103.27904
G0 F15000 X125.092 Y135.705
G0 X125 Y129.202
G0 X125 Y128.5
;TYPE:SKIN
G1 F2627.2 X125 Y128.9 E1103.295
G1 F2400 E1102.795
G0 F15000 X125 Y129.202
G0 X124.43 Y145.179
G0 X123.335 Y145.179
G0 X113.665 Y145.179
G0 X112.57 Y145.179
G0 X112.09 Y145.179
G0 X112.4 Y145.457
;TYPE:WALL-INNER
G1 F2400 E1103.295
G1 F3152.6 X112.4 Y128.1 E1103.8723
G1 X111.596 Y128.1 E1103.89904
G1 X111.6 Y145.458 E1104.47637
G1 X112.4 Y145.457 E1104.50298
G0 F15000 X112.8 Y145.856
;TYPE:WALL-OUTER
G1 F3152.6 X112.8 Y127.7 E1105.10685
G1 X111.196 Y127.7 E1105.1602
G1 X111.2 Y145.859 E1105.76417
G1 X112.8 Y145.856 E1105.81738
G0 F15000 X112.52 Y145.579
G0 X111.909 Y139.361
G0 X111.679 Y139.361
;TYPE:FILL
G1 F3152.6 X112.319 Y139.189 E1105.83943
G0 F15000 X112.32 Y138.22
G1 F3152.6 X111.678 Y137.578 E1105.86962
G0 F15000 X111.909 Y137.578
G0 X111.908 Y131.079
G0 X111.677 Y131.079
G1 F3152.6 X112.319 Y130.907 E1105.89173
G0 F15000 X112.09 Y130.907
G0 X111.908 Y129.259
G0 X111.676 Y129.259
G1 F3152.6 X111.751 Y128.981 E1105.90131
G0 F15000 X111.998 Y128.502
;TYPE:SKIN
G1 F2605.5 X111.998 Y128.898 E1105.91724
G1 F2400 E1105.41724
;MESH:NONMESH
G0 F300 X111.998 Y128.898 Z5.8
G0 F15000 X111.998 Y129.202
G0 X111.424 Y145.636
G0 X110.335 Y145.637
G0 X109.775 Y145.893
G0 X108.988 Y146.434
G0 X108.742 Y146.736
G0 X108.536 Y147.269
G0 X108.537 Y148.776
G0 X108.791 Y149.334
G0 X109.18 Y149.725
G0 X109.84 Y150.109
G0 X110.355 Y149.8
G0 X110 Y149.03
;TIME_ELAPSED:1409.881150
;LAYER:28
;note -- min layer time used
;TYPE:SUPPORT
G1 F2400 E1105.91724
G1 F3131.7 X110 Y146.979 E1105.98546
G1 X109.839 Y146.894 E1105.99152
G1 X109.521 Y147.116 E1106.00441
G1 X109.4 Y147.43 E1106.01561
G1 X109.401 Y148.59 E1106.05419
G1 X109.513 Y148.837 E1106.06321
G1 X109.712 Y149.036 E1106.07257
G1 X109.848 Y149.117 E1106.07783
G1 X110.082 Y148.983 E1106.0868
G1 X112 Y148.983 E1106.1506
G1 X112 Y147.016 E1106.21602
G1 X113.914 Y147.016 E1106.27968
G1 X114.154 Y146.883 E1106.2888
G1 X114.29 Y146.966 E1106.2941
G1 X114.487 Y147.163 E1106.30337
G1 X114.599 Y147.41 E1106.31239
G1 X114.6 Y148.571 E1106.35101
G1 X114.502 Y148.826 E1106.36009
G1 X114.418 Y148.926 E1106.36444
G1 X114.157 Y149.098 E1106.37483
G1 X114 Y149.013 E1106.38077
G1 X114 Y146.968 E1106.44879
G1 F2400 E1105.94879
G0 F15000 X114.641 Y146.191
G0 X122.796 Y145.902
G0 X123.347 Y146.164
G0 X124 Y147.016
G1 F2400 E1106.44879
G1 F3131.7 X124 Y148.983 E1106.51421
G1 X123.115 Y148.983 E1106.54364
G1 X122.832 Y149.122 E1106.55413
G1 X122.539 Y148.896 E1106.56644
G1 X122.401 Y148.591 E1106.57757
G1 X122.4 Y147.43 E1106.61619
G1 X122.498 Y147.175 E1106.62527
G1 X122.582 Y147.075 E1106.62962
G1 X122.843 Y146.902 E1106.64003
G1 X123.057 Y147.017 E1106.64811
G1 X126.919 Y147.016 E1106.77656
G1 X127.151 Y146.883 E1106.78546
G1 X127.288 Y146.964 E1106.79075
G1 X127.487 Y147.163 E1106.80011
G1 X127.599 Y147.41 E1106.80913
G1 X127.6 Y148.571 E1106.84775
G1 X127.481 Y148.881 E1106.85879
G1 X127.167 Y149.122 E1106.87196
G1 X126.885 Y148.983 E1106.88241
G1 X126 Y148.983 E1106.91185
G1 X126 Y147.016 E1106.97727
G1 F2400 E1106.47727
G0 F15000 X126.653 Y146.163
G0 X127.158 Y145.889
G0 X127.82 Y146.275
G0 X128.209 Y146.666
G0 X128.463 Y147.224
G0 X129.663 Y169.192
G0 X129.66 Y170.957
G0 X129.305 Y171.887
G0 X126.653 Y175.653
G0 X123.347 Y175.653
G0 X121.394 Y172.622
G0 X122 Y172.005
G1 F2400 E1106.97727
G1 F3131.7 X121.506 Y171.519 E1107.00032
G1 X121.258 Y170.974 E1107.02024
G1 X121.201 Y170.713 E1107.02912
G1 X121.204 Y169.203 E1107.07934
G1 X121.46 Y168.533 E1107.1032
G1 X121.791 Y168.161 E1107.11976
G1 X122 Y168.021 E1107.12813
G1 X122.477 Y167.703 E1107.1472
G1 X122.66 Y167.666 E1107.15341
G1 X122.859 Y167.754 E1107.16064
G1 X123 Y167.876 E1107.16684
G1 X123 Y172.023 E1107.30477
G1 X122.8 Y172.194 E1107.31353
G1 X122.8 Y172.285 E1107.31655
G1 X122.645 Y172.346 E1107.32209
G1 X122.513 Y172.317 E1107.32659
G1 X122.011 Y172.016 E1107.34606
G1 X122 Y172.005 E1107.34657
G1 X122 Y168.021 E1107.47908
G1 F2400 E1106.97908
G0 F15000 X121.52 Y167.303
G0 X121.219 Y167.504
G0 X120.709 Y168.078
G0 X120.34 Y169.043
G0 X120.337 Y170.804
G0 X120.435 Y171.249
G0 X120.786 Y172.022
G0 X123.347 Y175.653
G0 X126.653 Y175.653
G0 X129.305 Y171.887
G0 X129.66 Y170.957
G0 X129.663 Y169.192
G0 X129.557 Y168.739
G0 X129.233 Y168.031
G0 X128.445 Y167.25
G0 X128 Y167.995
G1 F2400 E1107.47908
G1 F3131.7 X128.48 Y168.46 E1107.50131
G1 X128.736 Y169.019 E1107.52176
G1 X128.799 Y169.29 E1107.53101
G1 X128.796 Y170.797 E1107.58114
G1 X128.552 Y171.437 E1107.60392
G1 X128.19 Y171.854 E1107.62228
G1 X128 Y171.98 E1107.62987
G1 X127.524 Y172.294 E1107.64883
G1 X127.34 Y172.333 E1107.65509
G1 X127.197 Y172.269 E1107.6603
G1 X127.197 Y172.233 E1107.6615
G1 X127 Y172.048 E1107.67048
G1 X127 Y167.853 E1107.81001
G1 X127.2 Y167.751 E1107.81748
G1 X127.2 Y167.714 E1107.81871
G1 X127.356 Y167.654 E1107.82427
G1 X127.484 Y167.684 E1107.82864
G1 X127.993 Y167.988 E1107.84836
G1 X128 Y167.995 E1107.84869
G1 X128 Y171.98 E1107.98123
G1 F2400 E1107.48123
G0 F15000 X128.477 Y172.7
G0 X126.653 Y175.653
G0 X123.347 Y175.653
G0 X115.654 Y167.326
G0 X115.282 Y166.993
G0 X114.32 Y166.767
G0 X114.2 Y167.623
G1 F2400 E1107.98123
G1 F3131.7 X114.691 Y167.693 E1107.99773
G1 X114.849 Y167.753 E1108.00335
G1 X115.066 Y167.926 E1108.01258
G1 X115.413 Y168.393 E1108.03193
G1 X115.467 Y168.445 E1108.03442
G1 X115.721 Y168.979 E1108.05409
G1 X115.799 Y169.29 E1108.06475
G1 X115.796 Y170.797 E1108.11488
G1 X115.552 Y171.437 E1108.13766
G1 X115.19 Y171.854 E1108.15602
G1 X114.524 Y172.294 E1108.18257
G1 X114.34 Y172.333 E1108.18883
G1 X114.197 Y172.269 E1108.19404
G1 X114.197 Y172.233 E1108.19524
G1 X114 Y172.048 E1108.20423
G1 X114 Y167.882 E1108.34279
G1 X114.2 Y167.752 E1108.35072
G1 X114.2 Y167.623 E1108.35501
G1 F2400 E1107.85501
G0 F15000 X114.32 Y166.767
G0 X114.903 Y166.851
G0 X115.282 Y166.993
G0 X115.691 Y167.32
G0 X116.182 Y167.936
G0 X116.538 Y168.685
G0 X116.663 Y169.184
G0 X116.66 Y170.957
G0 X116.305 Y171.887
G0 X113.653 Y175.653
G0 X110.347 Y175.653
G0 X107.786 Y172.022
G0 X107.435 Y171.249
G0 X107.337 Y170.804
G0 X107.34 Y169.043
G0 X107.709 Y168.078
G0 X108.222 Y167.502
G0 X109.132 Y166.897
G0 X109.678 Y166.783
G0 X110.353 Y167.043
G0 X110 Y167.944
G1 F2400 E1108.35501
G1 F3131.7 X109.801 Y167.801 E1108.36316
G1 X109.8 Y167.731 E1108.36549
G1 X109.654 Y167.67 E1108.37075
G1 X109.47 Y167.708 E1108.377
G1 X108.793 Y168.16 E1108.40408
G1 X108.46 Y168.533 E1108.42071
G1 X108.204 Y169.203 E1108.44456
G1 X108.201 Y170.713 E1108.49479
G1 X108.258 Y170.974 E1108.50367
G1 X108.506 Y171.519 E1108.52359
G1 X109.011 Y172.016 E1108.54715
G1 X109.513 Y172.317 E1108.56662
G1 X109.645 Y172.346 E1108.57112
G1 X109.8 Y172.285 E1108.57666
G1 X109.8 Y172.194 E1108.57968
G1 X110 Y172.023 E1108.58844
G1 F2400 E1108.08844
;MESH:Limiter bracketV2.stl
G0 F15000 X111.43 Y172.023
G0 X112.09 Y174.12
G0 X112.4 Y174.4
;TYPE:WALL-INNER
G1 F2400 E1108.58844
G1 F3131.7 X112.4 Y150.58 E1109.38069
G1 X111.6 Y150.58 E1109.4073
G1 X111.6 Y174.4 E1110.19956
G1 X112.4 Y174.4 E1110.22616
G0 F15000 X112.8 Y174.8
;TYPE:WALL-OUTER
G1 F3131.7 X112.8 Y150.18 E1111.04503
G1 X111.2 Y150.18 E1111.09825
G1 X111.2 Y174.8 E1111.91711
G1 X112.8 Y174.8 E1111.97033
G0 F15000 X112.52 Y174.52
G0 X112.09 Y172.465
G0 X112.319 Y172.465
;TYPE:FILL
G1 F3131.7 X111.68 Y172.637 E1111.99234
G0 F15000 X112.32 Y171.961
G1 F3131.7 X111.68 Y171.32 E1112.02246
G0 F15000 X111.91 Y171.32
G0 X111.91 Y164.354
G0 X111.68 Y164.354
G1 F3131.7 X112.319 Y164.183 E1112.04446
G0 F15000 X112.09 Y164.183
G0 X112.09 Y160.647
G0 X112.32 Y160.647
G1 F3131.7 X111.68 Y160.006 E1112.07459
G0 F15000 X111.68 Y159.607
G1 F3131.7 X112.32 Y157.221 E1112.15675
G0 F15000 X112.09 Y157.221
G0 X111.91 Y156.072
G0 X111.681 Y156.072
G1 F3131.7 X112.319 Y155.901 E1112.17872
G1 F2400 E1111.67872
G0 F15000 X112.09 Y155.901
G0 X112.57 Y174.12
G0 X113.665 Y174.12
G0 X123.335 Y174.12
G0 X124.43 Y174.12
G0 X125.09 Y174.12
G0 X125.4 Y174.4
;TYPE:WALL-INNER
G1 F2400 E1112.17872
G1 F3131.7 X125.4 Y150.58 E1112.97098
G1 X124.6 Y150.58 E1112.99759
G1 X124.6 Y174.4 E1113.78984
G1 X125.4 Y174.4 E1113.81645
G0 F15000 X125.8 Y174.8
;TYPE:WALL-OUTER
G1 F3131.7 X125.8 Y150.18 E1114.63532
G1 X124.2 Y150.18 E1114.68853
G1 X124.2 Y174.8 E1115.5074
G1 X125.8 Y174.8 E1115.56061
G0 F15000 X125.52 Y174.52
G0 X125.09 Y173.646
G0 X125.32 Y173.646
;TYPE:FILL
G1 F3131.7 X124.68 Y173.006 E1115.59072
G1 X124.68 Y172.909
G1 X125.32 Y170.522 E1115.67291
G0 F15000 X125.09 Y170.522
G0 X124.91 Y169.153
G0 X124.68 Y169.153
G1 F3131.7 X125.319 Y168.982 E1115.69492
G0 F15000 X125.09 Y168.982
G0 X125.09 Y162.333
G0 X125.32 Y162.333
G1 F3131.7 X124.68 Y161.693 E1115.72502
G0 F15000 X124.681 Y160.871
G1 F3131.7 X125.319 Y160.7 E1115.74699
G0 F15000 X125.09 Y160.7
G0 X124.91 Y152.589
G0 X124.68 Y152.589
G1 F3131.7 X125.32 Y152.417 E1115.76903
G0 F15000 X125.09 Y152.417
G0 X125.09 Y151.019
G0 X125.32 Y151.019
G1 F3131.7 X124.961 Y150.66 E1115.78592
G1 F2400 E1115.28592
G0 F15000 X124.961 Y150.893
G0 X125.121 Y150.413
G0 X126.665 Y150.413
G0 X127.267 Y150.127
G0 X128.019 Y149.556
G0 X128.258 Y149.267
G0 X128.464 Y148.732
G0 X128.463 Y147.224
G0 X128.209 Y146.666
G0 X127.894 Y146.349
G0 X126.666 Y145.606
G0 X125.117 Y145.606
G0 X125.121 Y145.106
G0 X125.4 Y145.416
;TYPE:WALL-INNER
G1 F2400 E1115.78592
G1 F3131.7 X125.4 Y128.3 E1116.3552
G1 X124.6 Y128.3 E1116.3818
G1 X124.6 Y145.416 E1116.95108
G1 X125.4 Y145.416 E1116.97769
G0 F15000 X125.8 Y145.816
;TYPE:WALL-OUTER
G1 F3131.7 X125.8 Y127.9 E1117.57358
G1 X124.2 Y127.9 E1117.6268
G1 X124.2 Y145.816 E1118.22269
G1 X125.8 Y145.816 E1118.2759
G0 F15000 X125.52 Y145.536
G0 X125.091 Y144.134
G0 X125.319 Y144.135
;TYPE:FILL
G1 F3131.7 X124.681 Y144.306 E1118.29787
G0 F15000 X124.91 Y144.306
G0 X124.91 Y142.001
G0 X124.68 Y142.001
G1 F3131.7 X125.32 Y139.61 E1118.3802
G1 X125.321 Y139.706
G1 X124.68 Y139.065 E1118.41035
G0 F15000 X124.91 Y139.065
G0 X124.91 Y136.024
G0 X124.681 Y136.024
G1 F3131.7 X125.32 Y135.853 E1118.43235
G0 F15000 X125.092 Y135.852
G0 X125 Y129.402
G0 X125 Y128.7
;TYPE:SKIN
G1 F2609.7 X125 Y129.1 E1118.44831
G1 F2400 E1117.94831
G0 F15000 X125 Y129.402
G0 X124.43 Y145.136
G0 X123.335 Y145.136
G0 X113.665 Y145.136
G0 X112.57 Y145.136
G0 X112.09 Y145.136
G0 X112.4 Y145.416
;TYPE:WALL-INNER
G1 F2400 E1118.44831
G1 F3131.7 X112.4 Y128.3 E1119.01759
G1 X111.596 Y128.3 E1119.04433
G1 X111.6 Y145.416 E1119.61361
G1 X112.4 Y145.416 E1119.64022
G0 F15000 X112.8 Y145.816
;TYPE:WALL-OUTER
G1 F3131.7 X112.8 Y127.9 E1120.23611
G1 X111.196 Y127.9 E1120.28946
G1 X111.2 Y145.816 E1120.88535
G1 X112.8 Y145.816 E1120.93857
G0 F15000 X112.52 Y145.536
G0 X111.909 Y139.508
G0 X111.679 Y139.508
;TYPE:FILL
G1 F3131.7 X112.319 Y139.336 E1120.96061
G0 F15000 X112.09 Y139.336
G0 X112.09 Y138.019
G0 X112.32 Y138.019
G1 F3131.7 X111.678 Y137.377 E1120.9908
G0 F15000 X111.909 Y137.377
G0 X111.908 Y131.226
G0 X111.677 Y131.226
G1 F3131.7 X112.32 Y131.054 E1121.01294
G0 F15000 X112.09 Y131.054
G0 X111.998 Y129.402
G0 X111.998 Y128.702
;TYPE:SKIN
G1 F2588.2 X111.998 Y129.098 E1121.02888
G1 F2400 E1120.52888
;MESH:NONMESH
G0 F300 X111.998 Y129.098 Z6
G0 F15000 X111.998 Y129.402
G0 X111.424 Y145.593
G0 X110.335 Y145.594
G0 X109.775 Y145.893
G0 X108.988 Y146.434
G0 X108.742 Y146.736
G0 X108.536 Y147.269
G0 X108.537 Y148.776
G0 X108.791 Y149.334
G0 X109.18 Y149.725
G0 X109.842 Y150.111
G0 X110.311 Y149.846
G0 X110 Y149.031
;TIME_ELAPSED:1435.165898
;LAYER:29
;note -- min layer time used
;TYPE:SUPPORT
G1 F2400 E1121.02888
G1 F3114.8 X110 Y146.979 E1121.09713
G1 X109.839 Y146.894 E1121.10319
G1 X109.521 Y147.116 E1121.11608
G1 X109.4 Y147.43 E1121.12728
G1 X109.401 Y148.59 E1121.16586
G1 X109.513 Y148.837 E1121.17488
G1 X109.712 Y149.036 E1121.18424
G1 X109.849 Y149.117 E1121.18953
G1 X110.049 Y149.002 E1121.19721
G1 X112 Y149.002 E1121.2621
G1 X112 Y146.997 E1121.32878
G1 X113.949 Y146.997 E1121.39361
G1 X114.152 Y146.883 E1121.40135
G1 X114.29 Y146.966 E1121.40671
G1 X114.487 Y147.163 E1121.41597
G1 X114.599 Y147.41 E1121.42499
G1 X114.6 Y148.571 E1121.46361
G1 X114.502 Y148.826 E1121.47269
G1 X114.418 Y148.926 E1121.47704
G1 X114.157 Y149.098 E1121.48743
G1 X114 Y149.013 E1121.49337
G1 X114 Y146.968 E1121.56139
G1 F2400 E1121.06139
G0 F15000 X114.712 Y146.211
G0 X122.796 Y145.903
G0 X123.347 Y146.144
G0 X124 Y146.997
G1 F2400 E1121.56139
G1 F3114.8 X124 Y149.002 E1121.62808
G1 X123.075 Y149.002 E1121.65884
G1 X122.833 Y149.12 E1121.6678
G1 X122.539 Y148.895 E1121.68011
G1 X122.401 Y148.591 E1121.69121
G1 X122.4 Y147.43 E1121.72983
G1 X122.498 Y147.175 E1121.73892
G1 X122.582 Y147.075 E1121.74326
G1 X122.843 Y146.902 E1121.75367
G1 X123.02 Y146.997 E1121.76036
G1 X126.953 Y146.997 E1121.89117
G1 X127.152 Y146.883 E1121.8988
G1 X127.288 Y146.964 E1121.90406
G1 X127.487 Y147.163 E1121.91342
G1 X127.599 Y147.41 E1121.92244
G1 X127.6 Y148.571 E1121.96106
G1 X127.481 Y148.881 E1121.9721
G1 X127.167 Y149.122 E1121.98527
G1 X126.925 Y149.002 E1121.99425
G1 X126 Y149.002 E1122.02502
G1 X126 Y146.997 E1122.0917
G1 F2400 E1121.5917
G0 F15000 X126.653 Y146.144
G0 X127.158 Y145.889
G0 X127.82 Y146.275
G0 X128.209 Y146.666
G0 X128.463 Y147.224
G0 X129.663 Y169.192
G0 X129.66 Y170.957
G0 X129.305 Y171.887
G0 X126.653 Y175.653
G0 X123.347 Y175.653
G0 X121.394 Y172.622
G0 X122 Y172.005
G1 F2400 E1122.0917
G1 F3114.8 X121.506 Y171.519 E1122.11475
G1 X121.258 Y170.974 E1122.13467
G1 X121.201 Y170.713 E1122.14355
G1 X121.204 Y169.203 E1122.19377
G1 X121.46 Y168.533 E1122.21763
G1 X121.791 Y168.161 E1122.23419
G1 X122 Y168.021 E1122.24256
G1 X122.477 Y167.703 E1122.26163
G1 X122.66 Y167.666 E1122.26784
G1 X122.859 Y167.754 E1122.27507
G1 X123 Y167.876 E1122.28127
G1 X123 Y172.024 E1122.41924
G1 X122.8 Y172.198 E1122.42805
G1 X122.8 Y172.285 E1122.43095
G1 X122.645 Y172.346 E1122.43649
G1 X122.513 Y172.317 E1122.44098
G1 X122.011 Y172.016 E1122.46045
G1 X122 Y172.005 E1122.46097
G1 X122 Y168.021 E1122.59348
G1 F2400 E1122.09348
G0 F15000 X121.52 Y167.303
G0 X121.219 Y167.504
G0 X120.709 Y168.078
G0 X120.34 Y169.043
G0 X120.337 Y170.804
G0 X120.435 Y171.249
G0 X120.786 Y172.022
G0 X123.347 Y175.653
G0 X126.653 Y175.653
G0 X129.305 Y171.887
G0 X129.66 Y170.957
G0 X129.663 Y169.192
G0 X129.557 Y168.739
G0 X129.233 Y168.031
G0 X128.445 Y167.25
G0 X128 Y167.995
G1 F2400 E1122.59348
G1 F3114.8 X128.48 Y168.46 E1122.6157
G1 X128.736 Y169.019 E1122.63615
G1 X128.799 Y169.29 E1122.64541
G1 X128.796 Y170.797 E1122.69553
G1 X128.552 Y171.437 E1122.71831
G1 X128.19 Y171.854 E1122.73668
G1 X128 Y171.98 E1122.74426
G1 X127.524 Y172.294 E1122.76323
G1 X127.34 Y172.333 E1122.76948
G1 X127.197 Y172.269 E1122.77469
G1 X127.197 Y172.232 E1122.77592
G1 X127 Y172.048 E1122.78489
G1 X127 Y167.853 E1122.92442
G1 X127.2 Y167.751 E1122.93188
G1 X127.2 Y167.714 E1122.93311
G1 X127.356 Y167.654 E1122.93867
G1 X127.484 Y167.684 E1122.94305
G1 X127.993 Y167.988 E1122.96277
G1 X128 Y167.995 E1122.96309
G1 X128 Y171.98 E1123.09564
G1 F2400 E1122.59564
G0 F15000 X128.477 Y172.7
G0 X126.653 Y175.653
G0 X123.347 Y175.653
G0 X115.654 Y167.326
G0 X115.282 Y166.993
G0 X114.32 Y166.767
G0 X114.2 Y167.623
G1 F2400 E1123.09564
G1 F3114.8 X114.691 Y167.693 E1123.11213
G1 X114.849 Y167.753 E1123.11775
G1 X115.066 Y167.926 E1123.12698
G1 X115.413 Y168.393 E1123.14633
G1 X115.467 Y168.445 E1123.14883
G1 X115.721 Y168.979 E1123.1685
G1 X115.799 Y169.29 E1123.17916
G1 X115.796 Y170.797 E1123.22928
G1 X115.552 Y171.437 E1123.25206
G1 X115.19 Y171.854 E1123.27043
G1 X114.524 Y172.294 E1123.29698
G1 X114.34 Y172.333 E1123.30324
G1 X114.197 Y172.269 E1123.30845
G1 X114.197 Y172.232 E1123.30968
G1 X114 Y172.048 E1123.31864
G1 X114 Y167.882 E1123.4572
G1 X114.2 Y167.752 E1123.46514
G1 X114.2 Y167.623 E1123.46943
G1 F2400 E1122.96943
G0 F15000 X114.32 Y166.767
G0 X114.903 Y166.851
G0 X115.282 Y166.993
G0 X115.691 Y167.32
G0 X116.182 Y167.936
G0 X116.538 Y168.685
G0 X116.663 Y169.184
G0 X116.66 Y170.957
G0 X116.305 Y171.887
G0 X113.653 Y175.653
G0 X110.347 Y175.653
G0 X107.786 Y172.022
G0 X107.435 Y171.249
G0 X107.337 Y170.804
G0 X107.34 Y169.043
G0 X107.709 Y168.078
G0 X108.222 Y167.502
G0 X109.132 Y166.897
G0 X109.678 Y166.783
G0 X110.353 Y167.043
G0 X110 Y167.944
G1 F2400 E1123.46943
G1 F3114.8 X109.801 Y167.801 E1123.47758
G1 X109.8 Y167.731 E1123.47991
G1 X109.654 Y167.67 E1123.48517
G1 X109.47 Y167.708 E1123.49142
G1 X108.793 Y168.16 E1123.51849
G1 X108.46 Y168.533 E1123.53512
G1 X108.204 Y169.203 E1123.55898
G1 X108.201 Y170.713 E1123.6092
G1 X108.258 Y170.974 E1123.61809
G1 X108.506 Y171.519 E1123.638
G1 X109.011 Y172.016 E1123.66157
G1 X109.513 Y172.317 E1123.68104
G1 X109.645 Y172.346 E1123.68553
G1 X109.8 Y172.285 E1123.69107
G1 X109.8 Y172.198 E1123.69397
G1 X110 Y172.024 E1123.70278
G1 F2400 E1123.20278
;MESH:Limiter bracketV2.stl
G0 F15000 X111.43 Y172.024
G0 X112.09 Y174.12
G0 X112.4 Y174.4
;TYPE:WALL-INNER
G1 F2400 E1123.70278
G1 F3114.8 X112.4 Y150.6 E1124.49437
G1 X111.6 Y150.6 E1124.52098
G1 X111.6 Y174.4 E1125.31257
G1 X112.4 Y174.4 E1125.33918
G0 F15000 X112.8 Y174.8
;TYPE:WALL-OUTER
G1 F3114.8 X112.8 Y150.2 E1126.15738
G1 X111.2 Y150.2 E1126.2106
G1 X111.2 Y174.8 E1127.0288
G1 X112.8 Y174.8 E1127.08201
G0 F15000 X112.52 Y174.52
G0 X112.09 Y172.611
G0 X112.319 Y172.611
;TYPE:FILL
G1 F3114.8 X111.68 Y172.783 E1127.10402
G0 F15000 X111.91 Y172.783
G0 X112.09 Y171.76
G0 X112.32 Y171.76
G1 F3114.8 X111.68 Y171.121 E1127.1341
G0 F15000 X111.91 Y171.121
G0 X111.91 Y164.5
G0 X111.68 Y164.5
G1 F3114.8 X112.32 Y164.329 E1127.15614
G0 F15000 X112.09 Y164.329
G0 X112.09 Y160.447
G0 X112.32 Y160.447
G1 F3114.8 X111.68 Y159.808 E1127.18622
G0 F15000 X111.68 Y159.063
G1 F3114.8 X112.32 Y156.673 E1127.26851
G0 F15000 X112.319 Y156.047
G1 F3114.8 X111.681 Y156.218 E1127.29048
G1 F2400 E1126.79048
G0 F15000 X111.91 Y156.218
G0 X112.57 Y174.12
G0 X113.665 Y174.12
G0 X123.335 Y174.12
G0 X124.43 Y174.12
G0 X125.09 Y174.12
G0 X125.4 Y174.4
;TYPE:WALL-INNER
G1 F2400 E1127.29048
G1 F3114.8 X125.4 Y150.6 E1128.08207
G1 X124.6 Y150.6 E1128.10868
G1 X124.6 Y174.4 E1128.90027
G1 X125.4 Y174.4 E1128.92688
G0 F15000 X125.8 Y174.8
;TYPE:WALL-OUTER
G1 F3114.8 X125.8 Y150.2 E1129.74508
G1 X124.2 Y150.2 E1129.79829
G1 X124.2 Y174.8 E1130.61649
G1 X125.8 Y174.8 E1130.66971
G0 F15000 X125.52 Y174.52
G0 X125.09 Y173.447
G0 X125.32 Y173.447
;TYPE:FILL
G1 F3114.8 X124.68 Y172.807 E1130.69981
G0 F15000 X124.68 Y172.365
G1 F3114.8 X125.32 Y169.977 E1130.78204
G0 F15000 X125.319 Y169.128
G1 F3114.8 X124.68 Y169.299 E1130.80404
G0 F15000 X124.91 Y169.299
G0 X125.09 Y162.133
G0 X125.32 Y162.133
G1 F3114.8 X124.68 Y161.493 E1130.83414
G0 F15000 X124.681 Y161.017
G1 F3114.8 X125.319 Y160.846 E1130.85611
G0 F15000 X125.09 Y160.846
G0 X124.91 Y152.734
G0 X124.681 Y152.734
G1 F3114.8 X125.319 Y152.563 E1130.87808
G0 F15000 X125.09 Y152.563
G0 X125.09 Y150.82
G0 X125.32 Y150.82
G1 F3114.8 X125.181 Y150.68 E1130.88464
G1 F2400 E1130.38464
G0 F15000 X125.09 Y150.912
G0 X125.12 Y150.432
G0 X126.665 Y150.432
G0 X127.268 Y150.127
G0 X128.019 Y149.556
G0 X128.258 Y149.267
G0 X128.464 Y148.732
G0 X128.463 Y147.224
G0 X128.209 Y146.666
G0 X127.894 Y146.349
G0 X126.666 Y145.567
G0 X125.12 Y145.567
G0 X125.12 Y145.087
G0 X125.4 Y145.396
;TYPE:WALL-INNER
G1 F2400 E1130.88464
G1 F3114.8 X125.4 Y128.5 E1131.44661
G1 X124.6 Y128.5 E1131.47322
G1 X124.6 Y145.396 E1132.03518
G1 X125.4 Y145.396 E1132.06179
G0 F15000 X125.8 Y145.796
;TYPE:WALL-OUTER
G1 F3114.8 X125.8 Y128.1 E1132.65036
G1 X124.2 Y128.1 E1132.70357
G1 X124.2 Y145.796 E1133.29215
G1 X125.8 Y145.796 E1133.34536
G0 F15000 X125.52 Y145.517
G0 X125.091 Y144.28
G0 X125.319 Y144.281
;TYPE:FILL
G1 F3114.8 X124.68 Y144.452 E1133.36736
G0 F15000 X124.91 Y144.452
G0 X124.91 Y141.456
G0 X124.68 Y141.456
G1 F3114.8 X125.32 Y139.069 E1133.44956
G0 F15000 X125.321 Y139.507
G1 F3114.8 X124.68 Y138.866 E1133.47971
G0 F15000 X124.91 Y138.866
G0 X124.91 Y136.17
G0 X124.681 Y136.17
G1 F3114.8 X125.319 Y135.999 E1133.50168
G0 F15000 X125.092 Y135.998
G0 X125 Y129.602
G0 X125 Y128.9
;TYPE:SKIN
G1 F2595.7 X125 Y129.3 E1133.51764
G1 F2400 E1133.01764
G0 F15000 X125 Y129.602
G0 X124.43 Y145.117
G0 X123.335 Y145.117
G0 X113.665 Y145.117
G0 X112.57 Y145.117
G0 X112.09 Y145.117
G0 X112.4 Y145.396
;TYPE:WALL-INNER
G1 F2400 E1133.51764
G1 F3114.8 X112.4 Y128.5 E1134.07961
G1 X111.596 Y128.5 E1134.10635
G1 X111.6 Y145.396 E1134.66831
G1 X112.4 Y145.396 E1134.69492
G0 F15000 X112.8 Y145.796
;TYPE:WALL-OUTER
G1 F3114.8 X112.8 Y128.1 E1135.28349
G1 X111.196 Y128.1 E1135.33684
G1 X111.2 Y145.796 E1135.92541
G1 X112.8 Y145.796 E1135.97863
G0 F15000 X112.52 Y145.517
G0 X111.909 Y139.654
G0 X111.678 Y139.654
;TYPE:FILL
G1 F3114.8 X112.319 Y139.482 E1136.0007
G0 F15000 X112.09 Y139.482
G0 X112.09 Y137.819
G0 X112.32 Y137.819
G1 F3114.8 X111.678 Y137.177 E1136.0309
G0 F15000 X111.909 Y137.177
G0 X111.908 Y131.372
G0 X111.677 Y131.372
G1 F3114.8 X112.319 Y131.2 E1136.053
G0 F15000 X112.09 Y131.2
G0 X111.998 Y129.602
G0 X111.998 Y128.902
;TYPE:SKIN
G1 F2574.2 X111.998 Y129.298 E1136.06894
G1 F2400 E1135.56894
;MESH:NONMESH
G0 F300 X111.998 Y129.298 Z6.2
G0 F15000 X111.998 Y129.602
G0 X111.424 Y145.573
G0 X110.335 Y145.574
G0 X108.988 Y146.434
G0 X108.742 Y146.736
G0 X108.536 Y147.269
G0 X108.537 Y148.776
G0 X108.791 Y149.334
G0 X109.18 Y149.725
G0 X109.842 Y150.111
G0 X110.278 Y149.865
G0 X110 Y149.031
;TIME_ELAPSED:1460.424950
;LAYER:30
;note -- min layer time used
;TYPE:SUPPORT
G1 F2400 E1136.06894
G1 F3104.4 X110 Y146.979 E1136.13719
G1 X109.839 Y146.894 E1136.14325
G1 X109.521 Y147.116 E1136.15615
G1 X109.4 Y147.43 E1136.16734
G1 X109.401 Y148.59 E1136.20592
G1 X109.513 Y148.837 E1136.21494
G1 X109.712 Y149.036 E1136.2243
G1 X109.849 Y149.117 E1136.22959
G1 X110.049 Y149.002 E1136.23727
G1 X112 Y149.002 E1136.30216
G1 X112 Y146.997 E1136.36884
G1 X113.952 Y146.997 E1136.43377
G1 X114.152 Y146.884 E1136.44141
G1 X114.292 Y146.968 E1136.44684
G1 X114.487 Y147.163 E1136.45601
G1 X114.599 Y147.41 E1136.46503
G1 X114.6 Y148.571 E1136.50365
G1 X114.502 Y148.826 E1136.51273
G1 X114.418 Y148.926 E1136.51708
G1 X114.157 Y149.098 E1136.52747
G1 X114 Y149.013 E1136.53341
G1 X114 Y146.969 E1136.60139
G1 F2400 E1136.10139
G0 F15000 X114.823 Y146.279
G0 X122.796 Y145.903
G0 X123.347 Y146.144
G0 X124 Y146.997
G1 F2400 E1136.60139
G1 F3104.4 X124 Y149.002 E1136.66808
G1 X123.075 Y149.002 E1136.69885
G1 X122.832 Y149.121 E1136.70785
G1 X122.541 Y148.897 E1136.72006
G1 X122.401 Y148.589 E1136.73131
G1 X122.4 Y147.43 E1136.76986
G1 X122.498 Y147.175 E1136.77895
G1 X122.582 Y147.075 E1136.78329
G1 X122.843 Y146.902 E1136.79371
G1 X123.02 Y146.997 E1136.80039
G1 X126.953 Y146.997 E1136.9312
G1 X127.152 Y146.883 E1136.93883
G1 X127.288 Y146.964 E1136.94409
G1 X127.487 Y147.163 E1136.95345
G1 X127.599 Y147.41 E1136.96247
G1 X127.6 Y148.571 E1137.00109
G1 X127.48 Y148.883 E1137.01221
G1 X127.164 Y149.112 E1137.02519
G1 X126.948 Y149.002 E1137.03325
G1 X126 Y149.002 E1137.06478
G1 X126 Y146.997 E1137.13147
G1 F2400 E1136.63147
G0 F15000 X126.653 Y146.144
G0 X127.158 Y145.889
G0 X127.82 Y146.275
G0 X128.209 Y146.666
G0 X128.463 Y147.224
G0 X129.663 Y169.192
G0 X129.66 Y170.957
G0 X129.305 Y171.887
G0 X126.653 Y175.653
G0 X123.347 Y175.653
G0 X121.394 Y172.622
G0 X122 Y172.005
G1 F2400 E1137.13147
G1 F3104.4 X121.506 Y171.519 E1137.15451
G1 X121.258 Y170.974 E1137.17443
G1 X121.201 Y170.713 E1137.18332
G1 X121.204 Y169.203 E1137.23354
G1 X121.46 Y168.533 E1137.25739
G1 X121.791 Y168.161 E1137.27396
G1 X122 Y168.021 E1137.28232
G1 X122.477 Y167.703 E1137.30139
G1 X122.66 Y167.666 E1137.3076
G1 X122.859 Y167.754 E1137.31484
G1 X123 Y167.876 E1137.32104
G1 X123 Y172.024 E1137.459
G1 X122.8 Y172.198 E1137.46782
G1 X122.8 Y172.285 E1137.47071
G1 X122.645 Y172.346 E1137.47625
G1 X122.513 Y172.317 E1137.48075
G1 X122.011 Y172.016 E1137.50021
G1 X122 Y172.005 E1137.50073
G1 X122 Y168.021 E1137.63324
G1 F2400 E1137.13324
G0 F15000 X121.52 Y167.303
G0 X121.219 Y167.504
G0 X120.709 Y168.078
G0 X120.34 Y169.043
G0 X120.337 Y170.804
G0 X120.435 Y171.249
G0 X120.786 Y172.022
G0 X123.347 Y175.653
G0 X126.653 Y175.653
G0 X129.305 Y171.887
G0 X129.66 Y170.957
G0 X129.663 Y169.192
G0 X129.557 Y168.739
G0 X129.233 Y168.031
G0 X128.445 Y167.25
G0 X128 Y167.995
G1 F2400 E1137.63324
G1 F3104.4 X128.48 Y168.46 E1137.65547
G1 X128.736 Y169.019 E1137.67592
G1 X128.799 Y169.29 E1137.68517
G1 X128.796 Y170.797 E1137.73529
G1 X128.552 Y171.437 E1137.75808
G1 X128.19 Y171.854 E1137.77644
G1 X128 Y171.98 E1137.78402
G1 X127.524 Y172.294 E1137.80299
G1 X127.34 Y172.333 E1137.80925
G1 X127.197 Y172.269 E1137.81446
G1 X127.197 Y172.231 E1137.81572
G1 X127 Y172.047 E1137.82469
G1 X127 Y167.853 E1137.96418
G1 X127.2 Y167.751 E1137.97165
G1 X127.2 Y167.714 E1137.97288
G1 X127.356 Y167.654 E1137.97844
G1 X127.484 Y167.684 E1137.98281
G1 X127.993 Y167.988 E1138.00253
G1 X128 Y167.995 E1138.00286
G1 X128 Y171.98 E1138.1354
G1 F2400 E1137.6354
G0 F15000 X128.477 Y172.7
G0 X126.653 Y175.653
G0 X123.347 Y175.653
G0 X115.654 Y167.326
G0 X115.282 Y166.993
G0 X114.32 Y166.767
G0 X114.2 Y167.623
G1 F2400 E1138.1354
G1 F3104.4 X114.691 Y167.693 E1138.1519
G1 X114.849 Y167.753 E1138.15752
G1 X115.066 Y167.926 E1138.16675
G1 X115.413 Y168.393 E1138.1861
G1 X115.467 Y168.445 E1138.18859
G1 X115.721 Y168.979 E1138.20826
G1 X115.799 Y169.29 E1138.21892
G1 X115.796 Y170.797 E1138.26905
G1 X115.552 Y171.437 E1138.29183
G1 X115.19 Y171.854 E1138.31019
G1 X114.524 Y172.294 E1138.33674
G1 X114.34 Y172.333 E1138.343
G1 X114.197 Y172.269 E1138.34821
G1 X114.197 Y172.231 E1138.34947
G1 X114 Y172.047 E1138.35844
G1 X114 Y167.882 E1138.49697
G1 X114.2 Y167.752 E1138.5049
G1 X114.2 Y167.623 E1138.50919
G1 F2400 E1138.00919
G0 F15000 X114.32 Y166.767
G0 X114.903 Y166.851
G0 X115.282 Y166.993
G0 X115.691 Y167.32
G0 X116.182 Y167.936
G0 X116.538 Y168.685
G0 X116.663 Y169.184
G0 X116.66 Y170.957
G0 X116.305 Y171.887
G0 X113.653 Y175.653
G0 X110.347 Y175.653
G0 X107.786 Y172.022
G0 X107.435 Y171.249
G0 X107.337 Y170.804
G0 X107.34 Y169.043
G0 X107.709 Y168.078
G0 X108.222 Y167.502
G0 X109.132 Y166.897
G0 X109.678 Y166.783
G0 X110.353 Y167.043
G0 X110 Y167.944
G1 F2400 E1138.50919
G1 F3104.4 X109.801 Y167.801 E1138.51734
G1 X109.8 Y167.731 E1138.51967
G1 X109.654 Y167.67 E1138.52493
G1 X109.47 Y167.708 E1138.53118
G1 X108.793 Y168.16 E1138.55826
G1 X108.46 Y168.533 E1138.57489
G1 X108.204 Y169.203 E1138.59874
G1 X108.201 Y170.713 E1138.64897
G1 X108.258 Y170.974 E1138.65785
G1 X108.506 Y171.519 E1138.67777
G1 X109.011 Y172.016 E1138.70133
G1 X109.513 Y172.317 E1138.7208
G1 X109.645 Y172.346 E1138.7253
G1 X109.8 Y172.285 E1138.73084
G1 X109.8 Y172.198 E1138.73373
G1 X110 Y172.024 E1138.74255
G1 F2400 E1138.24255
;MESH:Limiter bracketV2.stl
G0 F15000 X111.43 Y172.024
G0 X112.09 Y174.12
G0 X112.4 Y174.4
;TYPE:WALL-INNER
G1 F2400 E1138.74255
G1 F3104.4 X112.4 Y150.6 E1139.53414
G1 X111.6 Y150.6 E1139.56075
G1 X111.6 Y174.4 E1140.35234
G1 X112.4 Y174.4 E1140.37895
G0 F15000 X112.8 Y174.8
;TYPE:WALL-OUTER
G1 F3104.4 X112.8 Y150.2 E1141.19715
G1 X111.2 Y150.2 E1141.25036
G1 X111.2 Y174.8 E1142.06856
G1 X112.8 Y174.8 E1142.12178
G0 F15000 X112.52 Y174.52
G0 X112.09 Y172.758
G0 X112.319 Y172.758
;TYPE:FILL
G1 F3104.4 X111.68 Y172.93 E1142.14379
G0 F15000 X111.91 Y172.93
G0 X112.09 Y171.56
G0 X112.32 Y171.56
G1 F3104.4 X111.68 Y170.92 E1142.17389
G0 F15000 X111.91 Y170.92
G0 X111.91 Y164.647
G0 X111.68 Y164.647
G1 F3104.4 X112.32 Y164.476 E1142.19592
G0 F15000 X112.09 Y164.476
G0 X112.09 Y160.246
G0 X112.32 Y160.246
G1 F3104.4 X111.68 Y159.607 E1142.226
G0 F15000 X111.91 Y159.607
G0 X111.91 Y158.514
G0 X111.68 Y158.514
G1 F3104.4 X112.32 Y156.124 E1142.3083
G1 X112.319 Y156.194
G1 X111.681 Y156.365 E1142.33027
G1 F2400 E1141.83027
G0 F15000 X111.91 Y156.365
G0 X112.57 Y174.12
G0 X113.665 Y174.12
G0 X123.335 Y174.12
G0 X124.43 Y174.12
G0 X125.09 Y174.12
G0 X125.4 Y174.4
;TYPE:WALL-INNER
G1 F2400 E1142.33027
G1 F3104.4 X125.4 Y150.6 E1143.12186
G1 X124.6 Y150.6 E1143.14846
G1 X124.6 Y174.4 E1143.94006
G1 X125.4 Y174.4 E1143.96666
G0 F15000 X125.8 Y174.8
;TYPE:WALL-OUTER
G1 F3104.4 X125.8 Y150.2 E1144.78486
G1 X124.2 Y150.2 E1144.83808
G1 X124.2 Y174.8 E1145.65628
G1 X125.8 Y174.8 E1145.7095
G0 F15000 X125.52 Y174.52
G0 X125.09 Y173.246
G0 X125.32 Y173.246
;TYPE:FILL
G1 F3104.4 X124.68 Y172.606 E1145.7396
G0 F15000 X124.68 Y171.816
G1 F3104.4 X125.32 Y169.428 E1145.82183
G1 X125.319 Y169.275
G1 X124.68 Y169.446 E1145.84383
G0 F15000 X124.91 Y169.446
G0 X125.09 Y161.932
G0 X125.32 Y161.932
G1 F3104.4 X124.68 Y161.292 E1145.87393
G1 X124.681 Y161.164
G1 X125.319 Y160.993 E1145.8959
G0 F15000 X125.09 Y160.993
G0 X124.91 Y152.881
G0 X124.681 Y152.881
G1 F3104.4 X125.32 Y152.71 E1145.9179
G1 F2400 E1145.4179
G0 F15000 X125.09 Y152.71
G0 X125.12 Y150.432
G0 X126.665 Y150.432
G0 X127.242 Y150.116
G0 X128.012 Y149.565
G0 X128.257 Y149.269
G0 X128.464 Y148.732
G0 X128.463 Y147.224
G0 X128.209 Y146.666
G0 X127.894 Y146.349
G0 X126.666 Y145.567
G0 X125.12 Y145.567
G0 X125.12 Y145.087
G0 X125.4 Y145.396
;TYPE:WALL-INNER
G1 F2400 E1145.9179
G1 F3104.4 X125.4 Y128.7 E1146.47321
G1 X124.6 Y128.7 E1146.49982
G1 X124.6 Y145.396 E1147.05513
G1 X125.4 Y145.396 E1147.08174
G0 F15000 X125.8 Y145.796
;TYPE:WALL-OUTER
G1 F3104.4 X125.8 Y128.3 E1147.66366
G1 X124.2 Y128.3 E1147.71688
G1 X124.2 Y145.796 E1148.2988
G1 X125.8 Y145.796 E1148.35201
G0 F15000 X125.52 Y145.517
G0 X125.091 Y144.427
G0 X125.319 Y144.428
;TYPE:FILL
G1 F3104.4 X124.68 Y144.599 E1148.37401
G0 F15000 X124.91 Y144.599
G0 X124.91 Y140.907
G0 X124.68 Y140.907
G1 F3104.4 X125.32 Y138.519 E1148.45624
G0 F15000 X124.68 Y138.665
G1 F3104.4 X125.321 Y139.306 E1148.48639
G0 F15000 X125.091 Y139.305
G0 X124.91 Y136.317
G0 X124.68 Y136.317
G1 F3104.4 X125.319 Y136.146 E1148.50839
G0 F15000 X125.092 Y136.145
G0 X125 Y129.802
G0 X125 Y129.1
;TYPE:SKIN
G1 F2587 X125 Y129.5 E1148.52436
G1 F2400 E1148.02436
G0 F15000 X125 Y129.802
G0 X124.43 Y145.117
G0 X123.335 Y145.117
G0 X113.665 Y145.117
G0 X112.57 Y145.117
G0 X112.09 Y145.117
G0 X112.4 Y145.396
;TYPE:WALL-INNER
G1 F2400 E1148.52436
G1 F3104.4 X112.4 Y128.7 E1149.07967
G1 X111.596 Y128.7 E1149.10641
G1 X111.6 Y145.396 E1149.66172
G1 X112.4 Y145.396 E1149.68833
G0 F15000 X112.8 Y145.796
;TYPE:WALL-OUTER
G1 F3104.4 X112.8 Y128.3 E1150.27025
G1 X111.196 Y128.3 E1150.3236
G1 X111.2 Y145.796 E1150.90552
G1 X112.8 Y145.796 E1150.95873
G0 F15000 X112.52 Y145.517
G0 X111.909 Y139.801
G0 X111.679 Y139.801
;TYPE:FILL
G1 F3104.4 X112.319 Y139.629 E1150.98078
G0 F15000 X112.09 Y139.629
G0 X112.09 Y137.619
G0 X112.32 Y137.619
G1 F3104.4 X111.678 Y136.976 E1151.011
G0 F15000 X111.909 Y136.976
G0 X111.908 Y131.52
G0 X111.676 Y131.52
G1 F3104.4 X112.319 Y131.347 E1151.03314
G0 F15000 X112.09 Y131.347
G0 X111.998 Y129.802
G0 X111.998 Y129.102
;TYPE:SKIN
G1 F2565.6 X111.998 Y129.498 E1151.04908
G1 F2400 E1150.54908
;MESH:NONMESH
G0 F300 X111.998 Y129.498 Z6.4
G0 F15000 X111.998 Y129.802
G0 X111.424 Y145.573
G0 X110.335 Y145.574
G0 X108.988 Y146.434
G0 X108.742 Y146.736
G0 X108.536 Y147.269
G0 X108.537 Y148.776
G0 X108.791 Y149.334
G0 X109.18 Y149.725
G0 X109.842 Y150.111
G0 X110.278 Y149.865
G0 X110 Y149.03
;TIME_ELAPSED:1485.557303
;LAYER:31
;note -- min layer time used
;TYPE:SUPPORT
G1 F2400 E1151.04908
G1 F3097.1 X110 Y146.979 E1151.1173
G1 X109.839 Y146.894 E1151.12335
G1 X109.521 Y147.116 E1151.13625
G1 X109.4 Y147.43 E1151.14744
G1 X109.401 Y148.59 E1151.18603
G1 X109.513 Y148.837 E1151.19505
G1 X109.712 Y149.036 E1151.20441
G1 X109.848 Y149.117 E1151.20967
G1 X110.082 Y148.983 E1151.21864
G1 X112 Y148.983 E1151.28243
G1 X112 Y147.017 E1151.34782
G1 X113.918 Y147.017 E1151.41161
G1 X114.152 Y146.883 E1151.42058
G1 X114.288 Y146.964 E1151.42585
G1 X114.487 Y147.163 E1151.43521
G1 X114.599 Y147.41 E1151.44423
G1 X114.6 Y148.571 E1151.48284
G1 X114.502 Y148.826 E1151.49193
G1 X114.418 Y148.926 E1151.49627
G1 X114.157 Y149.098 E1151.50667
G1 X114 Y149.013 E1151.51261
G1 X114 Y146.97 E1151.58056
G1 F2400 E1151.08056
G0 F15000 X114.82 Y146.275
G0 X122.796 Y145.902
G0 X123.347 Y146.163
G0 X124 Y147.017
G1 F2400 E1151.58056
G1 F3097.1 X124 Y148.983 E1151.64595
G1 X123.109 Y148.983 E1151.67558
G1 X122.833 Y149.12 E1151.68583
G1 X122.54 Y148.897 E1151.69808
G1 X122.401 Y148.59 E1151.70929
G1 X122.4 Y147.43 E1151.74787
G1 X122.498 Y147.175 E1151.75695
G1 X122.582 Y147.075 E1151.7613
G1 X122.842 Y146.902 E1151.77169
G1 X123.055 Y147.016 E1151.77972
G1 X126.918 Y147.017 E1151.9082
G1 X127.152 Y146.883 E1151.91717
G1 X127.288 Y146.964 E1151.92244
G1 X127.487 Y147.163 E1151.9318
G1 X127.599 Y147.41 E1151.94082
G1 X127.6 Y148.571 E1151.97943
G1 X127.479 Y148.884 E1151.9906
G1 X127.169 Y149.109 E1152.00334
G1 X126.911 Y148.983 E1152.01288
G1 X126 Y148.983 E1152.04318
G1 X126 Y147.017 E1152.10857
G1 F2400 E1151.60857
G0 F15000 X126.653 Y146.164
G0 X127.262 Y145.833
G0 X128.209 Y146.666
G0 X128.463 Y147.224
G0 X129.663 Y169.192
G0 X129.66 Y170.957
G0 X129.305 Y171.887
G0 X126.653 Y175.653
G0 X123.347 Y175.653
G0 X121.394 Y172.622
G0 X122 Y172.005
G1 F2400 E1152.10857
G1 F3097.1 X121.506 Y171.519 E1152.13162
G1 X121.258 Y170.974 E1152.15154
G1 X121.201 Y170.713 E1152.16042
G1 X121.204 Y169.203 E1152.21065
G1 X121.46 Y168.533 E1152.2345
G1 X121.791 Y168.161 E1152.25106
G1 X122 Y168.021 E1152.25943
G1 X122.477 Y167.703 E1152.2785
G1 X122.66 Y167.666 E1152.28471
G1 X122.859 Y167.754 E1152.29195
G1 X123 Y167.876 E1152.29815
G1 X123 Y172.023 E1152.43608
G1 X122.8 Y172.199 E1152.44494
G1 X122.8 Y172.285 E1152.4478
G1 X122.645 Y172.346 E1152.45334
G1 X122.513 Y172.317 E1152.45783
G1 X122.011 Y172.016 E1152.4773
G1 X122 Y172.005 E1152.47782
G1 X122 Y168.021 E1152.61033
G1 F2400 E1152.11033
G0 F15000 X121.52 Y167.303
G0 X121.219 Y167.504
G0 X120.709 Y168.078
G0 X120.34 Y169.043
G0 X120.337 Y170.804
G0 X120.435 Y171.249
G0 X120.786 Y172.022
G0 X123.347 Y175.653
G0 X126.653 Y175.653
G0 X129.305 Y171.887
G0 X129.66 Y170.957
G0 X129.663 Y169.192
G0 X129.557 Y168.739
G0 X129.233 Y168.031
G0 X128.445 Y167.25
G0 X128 Y167.995
G1 F2400 E1152.61033
G1 F3097.1 X128.48 Y168.46 E1152.63255
G1 X128.736 Y169.019 E1152.653
G1 X128.799 Y169.29 E1152.66226
G1 X128.796 Y170.797 E1152.71238
G1 X128.552 Y171.437 E1152.73516
G1 X128.19 Y171.854 E1152.75353
G1 X128 Y171.98 E1152.76111
G1 X127.524 Y172.294 E1152.78008
G1 X127.34 Y172.333 E1152.78633
G1 X127.197 Y172.269 E1152.79154
G1 X127.197 Y172.229 E1152.79287
G1 X127 Y172.045 E1152.80184
G1 X127 Y167.853 E1152.94127
G1 X127.2 Y167.751 E1152.94873
G1 X127.2 Y167.714 E1152.94996
G1 X127.356 Y167.654 E1152.95552
G1 X127.484 Y167.684 E1152.9599
G1 X127.993 Y167.988 E1152.97962
G1 X128 Y167.995 E1152.97994
G1 X128 Y171.98 E1153.11249
G1 F2400 E1152.61249
G0 F15000 X128.477 Y172.7
G0 X126.653 Y175.653
G0 X123.347 Y175.653
G0 X115.654 Y167.326
G0 X115.282 Y166.993
G0 X114.32 Y166.767
G0 X114.2 Y167.623
G1 F2400 E1153.11249
G1 F3097.1 X114.691 Y167.693 E1153.12898
G1 X114.849 Y167.753 E1153.1346
G1 X115.066 Y167.926 E1153.14383
G1 X115.413 Y168.393 E1153.16318
G1 X115.467 Y168.445 E1153.16568
G1 X115.721 Y168.979 E1153.18535
G1 X115.799 Y169.29 E1153.19601
G1 X115.796 Y170.797 E1153.24613
G1 X115.552 Y171.437 E1153.26891
G1 X115.19 Y171.854 E1153.28728
G1 X114.524 Y172.294 E1153.31383
G1 X114.34 Y172.333 E1153.32009
G1 X114.197 Y172.269 E1153.3253
G1 X114.197 Y172.229 E1153.32663
G1 X114 Y172.045 E1153.33559
G1 X114 Y167.882 E1153.47405
G1 X114.2 Y167.752 E1153.48199
G1 X114.2 Y167.623 E1153.48628
G1 F2400 E1152.98628
G0 F15000 X114.32 Y166.767
G0 X114.903 Y166.851
G0 X115.282 Y166.993
G0 X115.691 Y167.32
G0 X116.182 Y167.936
G0 X116.538 Y168.685
G0 X116.663 Y169.184
G0 X116.66 Y170.957
G0 X116.305 Y171.887
G0 X113.653 Y175.653
G0 X110.347 Y175.653
G0 X107.786 Y172.022
G0 X107.435 Y171.249
G0 X107.337 Y170.804
G0 X107.34 Y169.043
G0 X107.709 Y168.078
G0 X108.222 Y167.502
G0 X109.132 Y166.897
G0 X109.678 Y166.783
G0 X110.353 Y167.043
G0 X110 Y167.944
G1 F2400 E1153.48628
G1 F3097.1 X109.801 Y167.801 E1153.49443
G1 X109.8 Y167.731 E1153.49676
G1 X109.654 Y167.67 E1153.50202
G1 X109.47 Y167.708 E1153.50827
G1 X108.793 Y168.16 E1153.53534
G1 X108.46 Y168.533 E1153.55197
G1 X108.204 Y169.203 E1153.57583
G1 X108.201 Y170.713 E1153.62605
G1 X108.258 Y170.974 E1153.63494
G1 X108.506 Y171.519 E1153.65485
G1 X109.011 Y172.016 E1153.67842
G1 X109.513 Y172.317 E1153.69789
G1 X109.645 Y172.346 E1153.70238
G1 X109.8 Y172.285 E1153.70792
G1 X109.8 Y172.199 E1153.71078
G1 X110 Y172.023 E1153.71964
G1 F2400 E1153.21964
;MESH:Limiter bracketV2.stl
G0 F15000 X111.43 Y172.023
G0 X112.09 Y174.12
G0 X112.4 Y174.4
;TYPE:WALL-INNER
G1 F2400 E1153.71964
G1 F3097.1 X112.4 Y150.58 E1154.5119
G1 X111.6 Y150.58 E1154.53851
G1 X111.6 Y174.4 E1155.33077
G1 X112.4 Y174.4 E1155.35737
G0 F15000 X112.8 Y174.8
;TYPE:WALL-OUTER
G1 F3097.1 X112.8 Y150.18 E1156.17624
G1 X111.2 Y150.18 E1156.22945
G1 X111.2 Y174.8 E1157.04832
G1 X112.8 Y174.8 E1157.10153
G0 F15000 X112.52 Y174.52
G0 X112.09 Y172.904
G0 X112.319 Y172.904
;TYPE:FILL
G1 F3097.1 X111.681 Y173.075 E1157.1235
G0 F15000 X111.91 Y173.075
G0 X112.09 Y171.361
G0 X112.32 Y171.361
G1 F3097.1 X111.68 Y170.72 E1157.15363
G0 F15000 X111.91 Y170.72
G0 X111.91 Y164.793
G0 X111.68 Y164.793
G1 F3097.1 X112.319 Y164.622 E1157.17563
G0 F15000 X112.09 Y164.622
G0 X112.09 Y160.047
G0 X112.32 Y160.047
G1 F3097.1 X111.68 Y159.407 E1157.20574
G0 F15000 X111.91 Y159.407
G0 X111.91 Y157.969
G0 X111.68 Y157.969
G1 F3097.1 X112.319 Y155.583 E1157.28789
G0 F15000 X112.319 Y156.34
G1 F3097.1 X111.68 Y156.511 E1157.30989
G1 F2400 E1156.80989
G0 F15000 X111.91 Y156.511
G0 X112.57 Y174.12
G0 X113.665 Y174.12
G0 X123.335 Y174.12
G0 X124.43 Y174.12
G0 X125.09 Y174.12
G0 X125.4 Y174.4
;TYPE:WALL-INNER
G1 F2400 E1157.30989
G1 F3097.1 X125.4 Y150.58 E1158.10215
G1 X124.6 Y150.58 E1158.12876
G1 X124.6 Y174.4 E1158.92101
G1 X125.4 Y174.4 E1158.94762
G0 F15000 X125.8 Y174.8
;TYPE:WALL-OUTER
G1 F3097.1 X125.8 Y150.18 E1159.76649
G1 X124.2 Y150.18 E1159.8197
G1 X124.2 Y174.8 E1160.63857
G1 X125.8 Y174.8 E1160.69178
G0 F15000 X125.52 Y174.52
G0 X125.09 Y173.047
G0 X125.32 Y173.047
;TYPE:FILL
G1 F3097.1 X124.68 Y172.407 E1160.72189
G0 F15000 X124.91 Y172.407
G0 X124.91 Y171.272
G0 X124.68 Y171.272
G1 F3097.1 X125.32 Y168.884 E1160.80411
G0 F15000 X125.319 Y169.421
G1 F3097.1 X124.68 Y169.592 E1160.82612
G0 F15000 X124.91 Y169.592
G0 X125.09 Y161.733
G0 X125.32 Y161.733
G1 F3097.1 X124.68 Y161.093 E1160.85622
G0 F15000 X124.68 Y161.31
G1 F3097.1 X125.319 Y161.139 E1160.87822
G0 F15000 X125.09 Y161.139
G0 X124.91 Y153.028
G0 X124.681 Y153.028
G1 F3097.1 X125.319 Y152.856 E1160.9002
G1 F2400 E1160.4002
G0 F15000 X125.09 Y152.856
G0 X125.12 Y150.413
G0 X126.665 Y150.413
G0 X127.251 Y150.105
G0 X128.004 Y149.574
G0 X128.258 Y149.268
G0 X128.464 Y148.732
G0 X128.463 Y147.224
G0 X128.209 Y146.666
G0 X127.357 Y145.916
G0 X126.666 Y145.587
G0 X125.126 Y145.587
G0 X125.12 Y145.107
G0 X125.4 Y145.416
;TYPE:WALL-INNER
G1 F2400 E1160.9002
G1 F3097.1 X125.4 Y128.9 E1161.44952
G1 X124.6 Y128.9 E1161.47613
G1 X124.6 Y145.416 E1162.02545
G1 X125.4 Y145.416 E1162.05206
G0 F15000 X125.8 Y145.816
;TYPE:WALL-OUTER
G1 F3097.1 X125.8 Y128.5 E1162.628
G1 X124.2 Y128.5 E1162.68121
G1 X124.2 Y145.816 E1163.25714
G1 X125.8 Y145.816 E1163.31036
G0 F15000 X125.52 Y145.537
G0 X125.091 Y144.573
G0 X125.32 Y144.574
;TYPE:FILL
G1 F3097.1 X124.68 Y144.745 E1163.33239
G0 F15000 X124.91 Y144.745
G0 X124.91 Y140.362
G0 X124.68 Y140.362
G1 F3097.1 X125.32 Y137.974 E1163.41462
G0 F15000 X124.68 Y138.466
G1 F3097.1 X125.321 Y139.106 E1163.44475
G0 F15000 X125.091 Y139.105
G0 X124.91 Y136.463
G0 X124.681 Y136.463
G1 F3097.1 X125.319 Y136.292 E1163.46672
G0 F15000 X125.092 Y136.291
G0 X125.001 Y130.003
G0 X125 Y129.3
;TYPE:SKIN
G1 F2581 X125 Y129.702 E1163.48276
G1 F2400 E1162.98276
G0 F15000 X125 Y130.003
G0 X124.43 Y145.137
G0 X123.335 Y145.137
G0 X113.665 Y145.137
G0 X112.57 Y145.137
G0 X112.09 Y145.137
G0 X112.4 Y145.416
;TYPE:WALL-INNER
G1 F2400 E1163.48276
G1 F3097.1 X112.4 Y128.9 E1164.03209
G1 X111.596 Y128.9 E1164.05883
G1 X111.6 Y145.416 E1164.60815
G1 X112.4 Y145.416 E1164.63476
G0 F15000 X112.8 Y145.816
;TYPE:WALL-OUTER
G1 F3097.1 X112.8 Y128.5 E1165.21069
G1 X111.196 Y128.5 E1165.26404
G1 X111.2 Y145.816 E1165.83997
G1 X112.8 Y145.816 E1165.89319
G0 F15000 X112.52 Y145.537
G0 X111.909 Y139.947
G0 X111.679 Y139.947
;TYPE:FILL
G1 F3097.1 X112.32 Y139.775 E1165.91526
G0 F15000 X112.09 Y139.775
G0 X112.09 Y137.42
G0 X112.32 Y137.42
G1 F3097.1 X111.678 Y136.777 E1165.94549
G0 F15000 X111.909 Y136.777
G0 X111.908 Y131.665
G0 X111.677 Y131.665
G1 F3097.1 X112.32 Y131.493 E1165.96762
G0 F15000 X112.09 Y131.493
G0 X111.999 Y130.003
G0 X111.998 Y129.302
;TYPE:SKIN
G1 F2559.6 X111.998 Y129.7 E1165.98364
G1 F2400 E1165.48364
;MESH:NONMESH
G0 F300 X111.998 Y129.7 Z6.6
G0 F15000 X111.998 Y130.003
G0 X111.424 Y145.593
G0 X110.335 Y145.594
G0 X109.775 Y145.892
G0 X108.989 Y146.434
G0 X108.742 Y146.736
G0 X108.536 Y147.269
G0 X108.537 Y148.776
G0 X108.791 Y149.334
G0 X109.738 Y150.167
G0 X110.311 Y149.846
G0 X110 Y149.026
;TIME_ELAPSED:1510.938226
;LAYER:32
;note -- min layer time used
;TYPE:SUPPORT
G1 F2400 E1165.98364
G1 F3097.9 X110 Y146.981 E1166.05166
G1 X109.839 Y146.896 E1166.05771
G1 X109.521 Y147.116 E1166.07058
G1 X109.4 Y147.43 E1166.08177
G1 X109.401 Y148.59 E1166.12035
G1 X109.513 Y148.837 E1166.12937
G1 X109.71 Y149.034 E1166.13864
G1 X109.847 Y149.115 E1166.14393
G1 X110.146 Y148.941 E1166.15544
G1 X112 Y148.941 E1166.2171
G1 X112 Y147.06 E1166.27966
G1 X113.855 Y147.06 E1166.34136
G1 X114.153 Y146.884 E1166.35287
G1 X114.288 Y146.964 E1166.35809
G1 X114.487 Y147.163 E1166.36745
G1 X114.599 Y147.41 E1166.37647
G1 X114.6 Y148.571 E1166.41509
G1 X114.502 Y148.826 E1166.42417
G1 X114.418 Y148.926 E1166.42852
G1 X114.157 Y149.098 E1166.43891
G1 X114 Y149.013 E1166.44485
G1 X114 Y146.974 E1166.51267
G1 F2400 E1166.01267
G0 F15000 X114.82 Y146.275
G0 X122.796 Y145.902
G0 X123.347 Y146.206
G0 X124 Y147.06
G1 F2400 E1166.51267
G1 F3097.9 X124 Y148.941 E1166.57523
G1 X123 Y148.941 E1166.60849
G1 X123 Y149.032 E1166.61152
G1 X122.835 Y149.116 E1166.61767
G1 X122.539 Y148.896 E1166.62994
G1 X122.401 Y148.591 E1166.64108
G1 X122.4 Y147.43 E1166.67969
G1 X122.498 Y147.175 E1166.68878
G1 X122.582 Y147.075 E1166.69312
G1 X122.842 Y146.902 E1166.70351
G1 X123.135 Y147.059 E1166.71456
G1 X126.841 Y147.06 E1166.83783
G1 X127.151 Y146.884 E1166.84968
G1 X127.29 Y146.966 E1166.85505
G1 X127.487 Y147.163 E1166.86432
G1 X127.599 Y147.41 E1166.87334
G1 X127.6 Y148.571 E1166.91195
G1 X127.502 Y148.826 E1166.92104
G1 X127.418 Y148.928 E1166.92543
G1 X127.16 Y149.104 E1166.93582
G1 X126.849 Y148.941 E1166.9475
G1 X126 Y148.941 E1166.97574
G1 X126 Y147.06 E1167.0383
G1 F2400 E1166.5383
G0 F15000 X126.645 Y146.2
G0 X127.161 Y145.892
G0 X127.823 Y146.278
G0 X128.209 Y146.666
G0 X128.463 Y147.224
G0 X129.663 Y169.192
G0 X129.66 Y170.957
G0 X129.305 Y171.887
G0 X126.653 Y175.653
G0 X123.347 Y175.653
G0 X121.394 Y172.622
G0 X122 Y172.005
G1 F2400 E1167.0383
G1 F3097.9 X121.506 Y171.519 E1167.06135
G1 X121.258 Y170.974 E1167.08126
G1 X121.201 Y170.713 E1167.09015
G1 X121.204 Y169.203 E1167.14037
G1 X121.46 Y168.533 E1167.16423
G1 X121.791 Y168.161 E1167.18079
G1 X122 Y168.021 E1167.18916
G1 X122.477 Y167.703 E1167.20822
G1 X122.66 Y167.666 E1167.21443
G1 X122.859 Y167.754 E1167.22167
G1 X123 Y167.876 E1167.22787
G1 X123 Y172.023 E1167.3658
G1 X122.8 Y172.199 E1167.37466
G1 X122.8 Y172.285 E1167.37752
G1 X122.645 Y172.346 E1167.38306
G1 X122.513 Y172.317 E1167.38756
G1 X122.011 Y172.016 E1167.40703
G1 X122 Y172.005 E1167.40754
G1 X122 Y168.021 E1167.54005
G1 F2400 E1167.04005
G0 F15000 X121.52 Y167.303
G0 X121.219 Y167.504
G0 X120.709 Y168.078
G0 X120.34 Y169.043
G0 X120.337 Y170.804
G0 X120.435 Y171.249
G0 X120.786 Y172.022
G0 X123.347 Y175.653
G0 X126.653 Y175.653
G0 X129.305 Y171.887
G0 X129.66 Y170.957
G0 X129.663 Y169.192
G0 X129.557 Y168.739
G0 X129.233 Y168.031
G0 X128.445 Y167.25
G0 X128 Y167.995
G1 F2400 E1167.54005
G1 F3097.9 X128.48 Y168.46 E1167.56228
G1 X128.736 Y169.019 E1167.58273
G1 X128.799 Y169.29 E1167.59198
G1 X128.796 Y170.797 E1167.64211
G1 X128.552 Y171.437 E1167.66489
G1 X128.19 Y171.854 E1167.68325
G1 X128 Y171.98 E1167.69084
G1 X127.524 Y172.294 E1167.7098
G1 X127.34 Y172.333 E1167.71606
G1 X127.197 Y172.269 E1167.72127
G1 X127.197 Y172.228 E1167.72263
G1 X127 Y172.045 E1167.73158
G1 X127 Y167.853 E1167.871
G1 X127.2 Y167.751 E1167.87847
G1 X127.2 Y167.714 E1167.8797
G1 X127.356 Y167.654 E1167.88526
G1 X127.484 Y167.684 E1167.88963
G1 X127.993 Y167.988 E1167.90935
G1 X128 Y167.995 E1167.90968
G1 X128 Y171.98 E1168.04222
G1 F2400 E1167.54222
G0 F15000 X128.477 Y172.7
G0 X126.653 Y175.653
G0 X123.347 Y175.653
G0 X115.654 Y167.326
G0 X115.282 Y166.993
G0 X114.32 Y166.767
G0 X114.2 Y167.623
G1 F2400 E1168.04222
G1 F3097.9 X114.691 Y167.693 E1168.05872
G1 X114.849 Y167.753 E1168.06434
G1 X115.066 Y167.926 E1168.07357
G1 X115.413 Y168.393 E1168.09292
G1 X115.467 Y168.445 E1168.09541
G1 X115.721 Y168.979 E1168.11508
G1 X115.799 Y169.29 E1168.12574
G1 X115.796 Y170.797 E1168.17587
G1 X115.552 Y171.437 E1168.19865
G1 X115.19 Y171.854 E1168.21702
G1 X114.524 Y172.294 E1168.24356
G1 X114.34 Y172.333 E1168.24982
G1 X114.197 Y172.269 E1168.25503
G1 X114.197 Y172.228 E1168.25639
G1 X114 Y172.045 E1168.26534
G1 X114 Y167.882 E1168.4038
G1 X114.2 Y167.752 E1168.41173
G1 X114.2 Y167.623 E1168.41602
G1 F2400 E1167.91602
G0 F15000 X114.32 Y166.767
G0 X114.903 Y166.851
G0 X115.282 Y166.993
G0 X115.691 Y167.32
G0 X116.182 Y167.936
G0 X116.538 Y168.685
G0 X116.663 Y169.184
G0 X116.66 Y170.957
G0 X116.305 Y171.887
G0 X113.653 Y175.653
G0 X110.347 Y175.653
G0 X107.786 Y172.022
G0 X107.435 Y171.249
G0 X107.337 Y170.804
G0 X107.34 Y169.043
G0 X107.709 Y168.078
G0 X108.222 Y167.502
G0 X109.132 Y166.897
G0 X109.678 Y166.783
G0 X110.353 Y167.043
G0 X110 Y167.944
G1 F2400 E1168.41602
G1 F3097.9 X109.801 Y167.801 E1168.42417
G1 X109.8 Y167.731 E1168.4265
G1 X109.654 Y167.67 E1168.43177
G1 X109.47 Y167.708 E1168.43801
G1 X108.793 Y168.16 E1168.46509
G1 X108.46 Y168.533 E1168.48172
G1 X108.204 Y169.203 E1168.50558
G1 X108.201 Y170.713 E1168.5558
G1 X108.258 Y170.974 E1168.56468
G1 X108.506 Y171.519 E1168.5846
G1 X109.011 Y172.016 E1168.60817
G1 X109.513 Y172.317 E1168.62763
G1 X109.645 Y172.346 E1168.63213
G1 X109.8 Y172.285 E1168.63767
G1 X109.8 Y172.199 E1168.64053
G1 X110 Y172.023 E1168.64939
G1 F2400 E1168.14939
;MESH:Limiter bracketV2.stl
G0 F15000 X111.43 Y172.023
G0 X112.09 Y174.12
G0 X112.4 Y174.4
;TYPE:WALL-INNER
G1 F2400 E1168.64939
G1 F3097.9 X112.4 Y150.54 E1169.44298
G1 X111.6 Y150.54 E1169.46958
G1 X111.6 Y174.4 E1170.26317
G1 X112.4 Y174.4 E1170.28978
G0 F15000 X112.8 Y174.8
;TYPE:WALL-OUTER
G1 F3097.9 X112.8 Y150.14 E1171.10997
G1 X111.2 Y150.14 E1171.16319
G1 X111.2 Y174.8 E1171.98339
G1 X112.8 Y174.8 E1172.0366
G0 F15000 X112.52 Y174.52
G0 X112.09 Y173.05
G0 X112.319 Y173.05
;TYPE:FILL
G1 F3097.9 X111.68 Y173.221 E1172.0586
G0 F15000 X111.91 Y173.221
G0 X112.09 Y171.162
G0 X112.32 Y171.162
G1 F3097.9 X111.68 Y170.521 E1172.08873
G0 F15000 X111.91 Y170.521
G0 X111.91 Y164.939
G0 X111.68 Y164.939
G1 F3097.9 X112.319 Y164.768 E1172.11073
G0 F15000 X112.09 Y164.768
G0 X112.09 Y159.848
G0 X112.32 Y159.848
G1 F3097.9 X111.68 Y159.207 E1172.14086
G0 F15000 X111.91 Y159.207
G0 X111.91 Y157.424
G0 X111.68 Y157.424
G1 F3097.9 X112.32 Y155.036 E1172.22309
G0 F15000 X112.09 Y155.036
G0 X112.09 Y156.486
G0 X112.319 Y156.486
G1 F3097.9 X111.68 Y156.657 E1172.24509
G1 F2400 E1171.74509
G0 F15000 X111.91 Y156.657
G0 X112.57 Y174.12
G0 X113.665 Y174.12
G0 X123.335 Y174.12
G0 X124.43 Y174.12
G0 X125.09 Y174.12
G0 X125.4 Y174.4
;TYPE:WALL-INNER
G1 F2400 E1172.24509
G1 F3097.9 X125.4 Y150.54 E1173.03867
G1 X124.6 Y150.54 E1173.06528
G1 X124.6 Y174.4 E1173.85887
G1 X125.4 Y174.4 E1173.88548
G0 F15000 X125.8 Y174.8
;TYPE:WALL-OUTER
G1 F3097.9 X125.8 Y150.14 E1174.70567
G1 X124.2 Y150.14 E1174.75889
G1 X124.2 Y174.8 E1175.57908
G1 X125.8 Y174.8 E1175.6323
G0 F15000 X125.52 Y174.52
G0 X125.09 Y172.847
G0 X125.32 Y172.847
;TYPE:FILL
G1 F3097.9 X124.68 Y172.207 E1175.6624
G0 F15000 X124.91 Y172.207
G0 X124.91 Y170.727
G0 X124.68 Y170.727
G1 F3097.9 X125.32 Y168.339 E1175.74463
G0 F15000 X125.09 Y168.339
G0 X125.09 Y169.567
G0 X125.319 Y169.567
G1 F3097.9 X124.68 Y169.738 E1175.76663
G0 F15000 X124.91 Y169.738
G0 X125.09 Y161.534
G0 X125.32 Y161.534
G1 F3097.9 X124.68 Y160.894 E1175.79674
G0 F15000 X124.68 Y161.456
G1 F3097.9 X125.319 Y161.285 E1175.81874
G0 F15000 X125.09 Y161.285
G0 X124.91 Y153.174
G0 X124.68 Y153.174
G1 F3097.9 X125.319 Y153.002 E1175.84075
G1 F2400 E1175.34075
G0 F15000 X125.09 Y153.002
G0 X125.12 Y150.371
G0 X126.665 Y150.371
G0 X127.098 Y150.183
G0 X128.007 Y149.573
G0 X128.258 Y149.268
G0 X128.464 Y148.732
G0 X128.463 Y147.224
G0 X128.209 Y146.666
G0 X127.768 Y146.274
G0 X126.666 Y145.63
G0 X125.126 Y145.63
G0 X125.12 Y145.15
G0 X125.4 Y145.458
;TYPE:WALL-INNER
G1 F2400 E1175.84075
G1 F3097.9 X125.4 Y129.1 E1176.38482
G1 X124.6 Y129.1 E1176.41142
G1 X124.6 Y145.457 E1176.95546
G1 X125.4 Y145.458 E1176.98207
G0 F15000 X125.8 Y145.859
;TYPE:WALL-OUTER
G1 F3097.9 X125.8 Y128.7 E1177.55278
G1 X124.2 Y128.7 E1177.606
G1 X124.2 Y145.856 E1178.17661
G1 X125.8 Y145.859 E1178.22982
G0 F15000 X125.52 Y145.58
G0 X125.091 Y144.719
G0 X125.319 Y144.72
;TYPE:FILL
G1 F3097.9 X124.68 Y144.891 E1178.25182
G0 F15000 X124.91 Y144.891
G0 X124.91 Y139.817
G0 X124.68 Y139.817
G1 F3097.9 X125.32 Y137.429 E1178.33405
G0 F15000 X125.32 Y136.438
G1 F3097.9 X124.68 Y136.609 E1178.35609
G0 F15000 X124.91 Y136.609
G0 X124.91 Y138.266
G0 X124.68 Y138.266
G1 F3097.9 X125.32 Y138.906 E1178.38619
G0 F15000 X125.091 Y138.905
G0 X125.001 Y130.203
G0 X125 Y129.5
;TYPE:SKIN
G1 F2581.6 X125 Y129.902 E1178.40223
G1 F2400 E1177.90223
G0 F15000 X125 Y130.203
G0 X124.43 Y145.18
G0 X123.335 Y145.18
G0 X113.665 Y145.18
G0 X112.57 Y145.18
G0 X112.09 Y145.18
G0 X112.4 Y145.46
;TYPE:WALL-INNER
G1 F2400 E1178.40223
G1 F3097.9 X112.4 Y129.1 E1178.94637
G1 X111.596 Y129.1 E1178.97311
G1 X111.6 Y145.46 E1179.51725
G1 X112.4 Y145.46 E1179.54385
G0 F15000 X112.8 Y145.86
;TYPE:WALL-OUTER
G1 F3097.9 X112.8 Y128.7 E1180.1146
G1 X111.196 Y128.7 E1180.16795
G1 X111.2 Y145.86 E1180.73869
G1 X112.8 Y145.86 E1180.79191
G0 F15000 X112.52 Y145.58
G0 X111.909 Y140.093
G0 X111.679 Y140.093
;TYPE:FILL
G1 F3097.9 X112.319 Y139.921 E1180.81395
G0 F15000 X112.09 Y139.921
G0 X112.09 Y137.22
G0 X112.32 Y137.22
G1 F3097.9 X111.678 Y136.578 E1180.84415
G0 F15000 X111.909 Y136.578
G0 X111.908 Y131.811
G0 X111.678 Y131.811
G1 F3097.9 X112.32 Y131.639 E1180.86625
G0 F15000 X112.09 Y131.639
G0 X111.999 Y130.203
G0 X111.998 Y129.502
;TYPE:SKIN
G1 F2560.2 X111.998 Y129.9 E1180.88227
G1 F2400 E1180.38227
;MESH:NONMESH
G0 F300 X111.998 Y129.9 Z6.8
G0 F15000 X111.998 Y130.203
G0 X111.424 Y145.636
G0 X110.335 Y145.637
G0 X109.778 Y145.894
G0 X108.992 Y146.43
G0 X108.742 Y146.733
G0 X108.536 Y147.269
G0 X108.537 Y148.776
G0 X108.791 Y149.334
G0 X109.336 Y149.817
G0 X109.839 Y150.108
G0 X110.355 Y149.8
G0 X110 Y149.031
;TIME_ELAPSED:1536.546199
;LAYER:33
;note -- min layer time used
;TYPE:SUPPORT
G1 F2400 E1180.88227
G1 F3095.7 X110 Y146.981 E1180.95045
G1 X109.84 Y146.896 E1180.95648
G1 X109.522 Y147.114 E1180.9693
G1 X109.4 Y147.43 E1180.98057
G1 X109.401 Y148.59 E1181.01915
G1 X109.513 Y148.837 E1181.02817
G1 X109.708 Y149.032 E1181.03734
G1 X109.852 Y149.114 E1181.04286
G1 X110 Y149.031 E1181.0485
G1 X110 Y148.879 E1181.05356
G1 X112 Y148.879 E1181.12008
G1 X112 Y147.122 E1181.17851
G1 X114 Y147.122 E1181.24503
G1 X114 Y146.972 E1181.25002
G1 X114.151 Y146.886 E1181.2558
G1 X114.292 Y146.968 E1181.26123
G1 X114.487 Y147.163 E1181.2704
G1 X114.599 Y147.41 E1181.27942
G1 X114.6 Y148.571 E1181.31804
G1 X114.502 Y148.826 E1181.32712
G1 X114.418 Y148.926 E1181.33146
G1 X114.158 Y149.098 E1181.34183
G1 X114 Y149.013 E1181.3478
G1 X114 Y147.122 E1181.4107
G1 F2400 E1180.9107
G0 F15000 X114.835 Y146.289
G0 X122.796 Y145.902
G0 X123.355 Y146.217
G0 X124 Y147.122
G1 F2400 E1181.4107
G1 F3095.7 X124 Y148.879 E1181.46913
G1 X123 Y148.879 E1181.50239
G1 X123 Y149.027 E1181.50732
G1 X122.838 Y149.11 E1181.51337
G1 X122.539 Y148.896 E1181.5256
G1 X122.401 Y148.591 E1181.53673
G1 X122.4 Y147.43 E1181.57535
G1 X122.498 Y147.175 E1181.58444
G1 X122.582 Y147.075 E1181.58878
G1 X122.842 Y146.902 E1181.59917
G1 X123 Y146.987 E1181.60513
G1 X123 Y147.122 E1181.60962
G1 X127 Y147.122 E1181.74266
G1 X127 Y146.972 E1181.74765
G1 X127.151 Y146.886 E1181.75343
G1 X127.292 Y146.968 E1181.75886
G1 X127.487 Y147.163 E1181.76803
G1 X127.599 Y147.41 E1181.77705
G1 X127.6 Y148.571 E1181.81567
G1 X127.501 Y148.827 E1181.82479
G1 X127.42 Y148.927 E1181.82908
G1 X127.16 Y149.104 E1181.83954
G1 X127 Y149.02 E1181.84555
G1 X127 Y148.878 E1181.85027
G1 X126 Y148.879 E1181.88353
G1 X126 Y147.122 E1181.94197
G1 F2400 E1181.44197
G0 F15000 X126.645 Y146.202
G0 X127.153 Y145.894
G0 X127.821 Y146.276
G0 X128.209 Y146.666
G0 X128.463 Y147.224
G0 X129.663 Y169.192
G0 X129.66 Y170.957
G0 X129.305 Y171.887
G0 X126.653 Y175.653
G0 X123.347 Y175.653
G0 X121.394 Y172.622
G0 X122 Y172.005
G1 F2400 E1181.94197
G1 F3095.7 X121.506 Y171.519 E1181.96502
G1 X121.258 Y170.974 E1181.98493
G1 X121.201 Y170.713 E1181.99382
G1 X121.204 Y169.203 E1182.04404
G1 X121.46 Y168.533 E1182.0679
G1 X121.791 Y168.161 E1182.08446
G1 X122 Y168.021 E1182.09282
G1 X122.477 Y167.703 E1182.11189
G1 X122.66 Y167.666 E1182.1181
G1 X122.859 Y167.754 E1182.12534
G1 X123 Y167.876 E1182.13154
G1 X123 Y172.023 E1182.26947
G1 X122.8 Y172.203 E1182.27842
G1 X122.8 Y172.285 E1182.28115
G1 X122.645 Y172.346 E1182.28669
G1 X122.513 Y172.317 E1182.29118
G1 X122.011 Y172.016 E1182.31065
G1 X122 Y172.005 E1182.31117
G1 X122 Y168.021 E1182.44368
G1 F2400 E1181.94368
G0 F15000 X121.52 Y167.303
G0 X121.219 Y167.504
G0 X120.709 Y168.078
G0 X120.34 Y169.043
G0 X120.337 Y170.804
G0 X120.435 Y171.249
G0 X120.786 Y172.022
G0 X123.347 Y175.653
G0 X126.653 Y175.653
G0 X129.305 Y171.887
G0 X129.66 Y170.957
G0 X129.663 Y169.192
G0 X129.557 Y168.739
G0 X129.233 Y168.031
G0 X128.445 Y167.25
G0 X128 Y167.995
G1 F2400 E1182.44368
G1 F3095.7 X128.48 Y168.46 E1182.4659
G1 X128.736 Y169.019 E1182.48635
G1 X128.799 Y169.29 E1182.49561
G1 X128.796 Y170.797 E1182.54573
G1 X128.552 Y171.437 E1182.56851
G1 X128.19 Y171.854 E1182.58688
G1 X128 Y171.98 E1182.59446
G1 X127.524 Y172.294 E1182.61343
G1 X127.34 Y172.333 E1182.61968
G1 X127.197 Y172.269 E1182.62489
G1 X127.197 Y172.23 E1182.62619
G1 X127 Y172.041 E1182.63527
G1 X127 Y167.853 E1182.77456
G1 X127.2 Y167.751 E1182.78203
G1 X127.2 Y167.714 E1182.78326
G1 X127.356 Y167.654 E1182.78882
G1 X127.484 Y167.684 E1182.79319
G1 X127.993 Y167.988 E1182.81291
G1 X128 Y167.995 E1182.81324
G1 X128 Y171.98 E1182.94578
G1 F2400 E1182.44578
G0 F15000 X128.477 Y172.7
G0 X126.653 Y175.653
G0 X123.347 Y175.653
G0 X115.654 Y167.326
G0 X115.282 Y166.993
G0 X114.32 Y166.767
G0 X114.2 Y167.623
G1 F2400 E1182.94578
G1 F3095.7 X114.691 Y167.693 E1182.96228
G1 X114.849 Y167.753 E1182.9679
G1 X115.066 Y167.926 E1182.97713
G1 X115.413 Y168.393 E1182.99648
G1 X115.467 Y168.445 E1182.99897
G1 X115.721 Y168.979 E1183.01864
G1 X115.799 Y169.29 E1183.02931
G1 X115.796 Y170.797 E1183.07943
G1 X115.552 Y171.437 E1183.10221
G1 X115.19 Y171.854 E1183.12058
G1 X114.524 Y172.294 E1183.14713
G1 X114.34 Y172.333 E1183.15338
G1 X114.197 Y172.269 E1183.15859
G1 X114.197 Y172.23 E1183.15989
G1 X114 Y172.041 E1183.16897
G1 X114 Y167.882 E1183.3073
G1 X114.2 Y167.752 E1183.31523
G1 X114.2 Y167.623 E1183.31952
G1 F2400 E1182.81952
G0 F15000 X114.32 Y166.767
G0 X114.903 Y166.851
G0 X115.282 Y166.993
G0 X115.691 Y167.32
G0 X116.182 Y167.936
G0 X116.538 Y168.685
G0 X116.663 Y169.184
G0 X116.66 Y170.957
G0 X116.305 Y171.887
G0 X113.653 Y175.653
G0 X110.347 Y175.653
G0 X107.786 Y172.022
G0 X107.435 Y171.249
G0 X107.337 Y170.804
G0 X107.34 Y169.043
G0 X107.709 Y168.078
G0 X108.222 Y167.502
G0 X109.132 Y166.897
G0 X109.678 Y166.783
G0 X110.353 Y167.043
G0 X110 Y167.944
G1 F2400 E1183.31952
G1 F3095.7 X109.801 Y167.801 E1183.32767
G1 X109.8 Y167.731 E1183.33
G1 X109.654 Y167.67 E1183.33527
G1 X109.47 Y167.708 E1183.34151
G1 X108.793 Y168.16 E1183.36859
G1 X108.46 Y168.533 E1183.38522
G1 X108.204 Y169.203 E1183.40907
G1 X108.201 Y170.713 E1183.4593
G1 X108.258 Y170.974 E1183.46818
G1 X108.506 Y171.519 E1183.4881
G1 X109.011 Y172.016 E1183.51166
G1 X109.513 Y172.317 E1183.53113
G1 X109.645 Y172.346 E1183.53563
G1 X109.8 Y172.285 E1183.54117
G1 X109.8 Y172.203 E1183.5439
G1 X110 Y172.023 E1183.55284
G1 F2400 E1183.05284
;MESH:Limiter bracketV2.stl
G0 F15000 X111.43 Y172.023
G0 X112.09 Y174.12
G0 X112.4 Y174.4
;TYPE:WALL-INNER
G1 F2400 E1183.55284
G1 F3095.7 X112.4 Y150.476 E1184.34856
G1 X111.6 Y150.476 E1184.37517
G1 X111.6 Y174.4 E1185.17088
G1 X112.4 Y174.4 E1185.19749
G0 F15000 X112.8 Y174.8
;TYPE:WALL-OUTER
G1 F3095.7 X112.8 Y150.076 E1186.01982
G1 X111.2 Y150.076 E1186.07303
G1 X111.2 Y174.8 E1186.89536
G1 X112.8 Y174.8 E1186.94857
G0 F15000 X112.52 Y174.52
G0 X112.09 Y173.197
G0 X112.319 Y173.197
;TYPE:FILL
G1 F3095.7 X111.68 Y173.368 E1186.97057
G0 F15000 X111.91 Y173.368
G0 X112.09 Y170.96
G0 X112.32 Y170.96
G1 F3095.7 X111.68 Y170.321 E1187.00065
G0 F15000 X111.91 Y170.321
G0 X111.91 Y165.086
G0 X111.681 Y165.086
G1 F3095.7 X112.319 Y164.915 E1187.02262
G0 F15000 X112.09 Y164.915
G0 X112.09 Y159.646
G0 X112.32 Y159.646
G1 F3095.7 X111.68 Y159.007 E1187.0527
G0 F15000 X111.91 Y159.007
G0 X111.91 Y156.876
G0 X111.68 Y156.876
G1 F3095.7 X112.32 Y154.486 E1187.13499
G0 F15000 X112.09 Y154.486
G0 X112.09 Y156.633
G0 X112.32 Y156.633
G1 F3095.7 X111.68 Y156.804 E1187.15703
G1 F2400 E1186.65703
G0 F15000 X111.91 Y156.804
G0 X112.57 Y174.12
G0 X113.665 Y174.12
G0 X123.335 Y174.12
G0 X124.43 Y174.12
G0 X125.09 Y174.12
G0 X125.4 Y174.4
;TYPE:WALL-INNER
G1 F2400 E1187.15703
G1 F3095.7 X125.4 Y150.476 E1187.95274
G1 X124.6 Y150.476 E1187.97935
G1 X124.6 Y174.4 E1188.77507
G1 X125.4 Y174.4 E1188.80167
G0 F15000 X125.8 Y174.8
;TYPE:WALL-OUTER
G1 F3095.7 X125.8 Y150.076 E1189.624
G1 X124.2 Y150.076 E1189.67721
G1 X124.2 Y174.8 E1190.49954
G1 X125.8 Y174.8 E1190.55275
G0 F15000 X125.52 Y174.52
G0 X125.09 Y172.646
G0 X125.32 Y172.646
;TYPE:FILL
G1 F3095.7 X124.68 Y172.007 E1190.58283
G0 F15000 X124.91 Y172.007
G0 X124.91 Y170.178
G0 X124.68 Y170.178
G1 F3095.7 X125.32 Y167.79 E1190.66506
G0 F15000 X125.09 Y167.79
G0 X125.09 Y169.714
G0 X125.319 Y169.714
G1 F3095.7 X124.68 Y169.885 E1190.68706
G0 F15000 X124.91 Y169.885
G0 X124.91 Y161.603
G0 X124.68 Y161.603
G1 F3095.7 X125.319 Y161.432 E1190.70906
G1 X125.32 Y161.333
G1 X124.68 Y160.693 E1190.73917
G0 F15000 X124.91 Y160.693
G0 X124.91 Y153.321
G0 X124.681 Y153.321
G1 F3095.7 X125.319 Y153.149 E1190.76115
G1 F2400 E1190.26115
G0 F15000 X125.09 Y153.149
G0 X125.124 Y150.289
G0 X126.665 Y150.289
G0 X127.216 Y150.104
G0 X128.011 Y149.57
G0 X128.258 Y149.264
G0 X128.464 Y148.732
G0 X128.463 Y147.224
G0 X128.209 Y146.666
G0 X127.821 Y146.276
G0 X126.666 Y145.692
G0 X125.124 Y145.692
G0 X125.12 Y145.212
G0 X125.4 Y145.52
;TYPE:WALL-INNER
G1 F2400 E1190.76115
G1 F3095.7 X125.4 Y129.3 E1191.30063
G1 X124.6 Y129.3 E1191.32723
G1 X124.6 Y145.52 E1191.86671
G1 X125.4 Y145.52 E1191.89332
G0 F15000 X125.8 Y145.92
;TYPE:WALL-OUTER
G1 F3095.7 X125.8 Y128.9 E1192.45941
G1 X124.2 Y128.9 E1192.51262
G1 X124.2 Y145.92 E1193.07871
G1 X125.8 Y145.92 E1193.13193
G0 F15000 X125.52 Y145.642
G0 X125.091 Y144.866
G0 X125.32 Y144.867
;TYPE:FILL
G1 F3095.7 X124.68 Y145.038 E1193.15396
G0 F15000 X124.91 Y145.038
G0 X124.91 Y139.27
G0 X124.68 Y139.27
G1 F3095.7 X125.319 Y136.882 E1193.23618
G0 F15000 X125.319 Y136.585
G1 F3095.7 X124.68 Y136.756 E1193.25818
G0 F15000 X124.91 Y136.756
G0 X124.91 Y138.065
G0 X124.68 Y138.065
G1 F3095.7 X125.32 Y138.705 E1193.28829
G0 F15000 X125.091 Y138.704
G0 X125.001 Y130.403
G0 X125 Y129.7
;TYPE:SKIN
G1 F2579.7 X125 Y130.102 E1193.30433
G1 F2400 E1192.80433
G0 F15000 X125 Y130.403
G0 X124.43 Y145.242
G0 X123.335 Y145.242
G0 X113.665 Y145.242
G0 X112.57 Y145.242
G0 X112.09 Y145.242
G0 X112.4 Y145.52
;TYPE:WALL-INNER
G1 F2400 E1193.30433
G1 F3095.7 X112.4 Y129.3 E1193.84381
G1 X111.596 Y129.3 E1193.87055
G1 X111.6 Y145.52 E1194.41003
G1 X112.4 Y145.52 E1194.43664
G0 F15000 X112.8 Y145.92
;TYPE:WALL-OUTER
G1 F3095.7 X112.8 Y128.9 E1195.00273
G1 X111.196 Y128.9 E1195.05608
G1 X111.2 Y145.92 E1195.62216
G1 X112.8 Y145.92 E1195.67538
G0 F15000 X112.52 Y145.642
G0 X111.909 Y140.24
G0 X111.679 Y140.24
;TYPE:FILL
G1 F3095.7 X112.32 Y140.068 E1195.69745
G0 F15000 X112.09 Y140.068
G0 X112.09 Y137.02
G0 X112.32 Y137.02
G1 F3095.7 X111.678 Y136.377 E1195.72767
G0 F15000 X111.909 Y136.377
G0 X111.908 Y131.958
G0 X111.677 Y131.958
G1 F3095.7 X112.319 Y131.786 E1195.74978
G0 F15000 X112.09 Y131.786
G0 X111.999 Y130.403
G0 X111.998 Y129.702
;TYPE:SKIN
G1 F2558.4 X111.998 Y130.1 E1195.7658
G1 F2400 E1195.2658
;MESH:NONMESH
G0 F300 X111.998 Y130.1 Z7
G0 F15000 X111.998 Y130.403
G0 X111.424 Y145.697
G0 X110.335 Y145.698
G0 X109.782 Y145.895
G0 X108.992 Y146.43
G0 X108.742 Y146.733
G0 X108.536 Y147.269
G0 X108.537 Y148.776
G0 X108.791 Y149.334
G0 X109.281 Y149.785
G0 X109.85 Y150.102
G0 X110.355 Y149.8
G0 X110 Y148.789
;TIME_ELAPSED:1562.240667
;LAYER:34
;note -- min layer time used
;TYPE:SUPPORT
G1 F2400 E1195.7658
G1 F3025.7 X110 Y147.212 E1195.81825
G1 X109.955 Y147.211 E1195.81975
G1 X109.833 Y147.388 E1195.8269
G1 X109.8 Y147.509 E1195.83107
G1 X109.8 Y148.479 E1195.86333
G1 X109.956 Y148.789 E1195.87487
G1 X112 Y148.789 E1195.94286
G1 X112 Y147.212 E1195.99531
G1 X114 Y147.212 E1196.06183
G1 X114 Y148.789 E1196.11428
G1 F2400 E1195.61428
G0 F15000 X114.793 Y149.2
G0 X122.461 Y146.353
G0 X123.347 Y146.359
G0 X124 Y147.212
G1 F2400 E1196.11428
G1 F3025.7 X124 Y148.789 E1196.16673
G1 X122.956 Y148.789 E1196.20145
G1 X122.8 Y148.479 E1196.213
G1 X122.8 Y147.509 E1196.24526
G1 X122.833 Y147.388 E1196.24943
G1 X122.953 Y147.212 E1196.25651
G1 X127.045 Y147.212 E1196.39262
G1 X127.2 Y147.521 E1196.40411
G1 X127.2 Y148.489 E1196.43631
G1 X127.166 Y148.619 E1196.44078
G1 X127.053 Y148.788 E1196.44754
G1 X126 Y148.789 E1196.48256
G1 X126 Y147.212 E1196.53501
G1 F2400 E1196.03501
G0 F15000 X126.653 Y146.359
G0 X127.557 Y146.353
G0 X127.852 Y146.827
G0 X128.064 Y147.354
G0 X129.663 Y169.192
G0 X129.66 Y170.957
G0 X129.305 Y171.887
G0 X126.653 Y175.653
G0 X123.347 Y175.653
G0 X121.394 Y172.622
G0 X122 Y172.005
G1 F2400 E1196.53501
G1 F3025.7 X121.506 Y171.519 E1196.55806
G1 X121.258 Y170.974 E1196.57798
G1 X121.201 Y170.713 E1196.58686
G1 X121.204 Y169.203 E1196.63709
G1 X121.46 Y168.533 E1196.66094
G1 X121.791 Y168.161 E1196.6775
G1 X122 Y168.021 E1196.68587
G1 X122.477 Y167.703 E1196.70494
G1 X122.66 Y167.666 E1196.71115
G1 X122.859 Y167.754 E1196.71839
G1 X123 Y167.876 E1196.72459
G1 X123 Y172.022 E1196.86248
G1 X122.8 Y172.205 E1196.8715
G1 X122.8 Y172.285 E1196.87416
G1 X122.645 Y172.346 E1196.8797
G1 X122.513 Y172.317 E1196.8842
G1 X122.011 Y172.016 E1196.90366
G1 X122 Y172.005 E1196.90418
G1 X122 Y168.021 E1197.03669
G1 F2400 E1196.53669
G0 F15000 X121.52 Y167.303
G0 X121.219 Y167.504
G0 X120.709 Y168.078
G0 X120.34 Y169.043
G0 X120.337 Y170.804
G0 X120.435 Y171.249
G0 X120.786 Y172.022
G0 X123.347 Y175.653
G0 X126.653 Y175.653
G0 X129.305 Y171.887
G0 X129.66 Y170.957
G0 X129.663 Y169.192
G0 X129.557 Y168.739
G0 X129.233 Y168.031
G0 X128.445 Y167.25
G0 X128 Y167.995
G1 F2400 E1197.03669
G1 F3025.7 X128.48 Y168.46 E1197.05892
G1 X128.736 Y169.019 E1197.07937
G1 X128.799 Y169.29 E1197.08862
G1 X128.796 Y170.797 E1197.13874
G1 X128.552 Y171.437 E1197.16152
G1 X128.19 Y171.854 E1197.17989
G1 X128 Y171.98 E1197.18747
G1 X127.524 Y172.294 E1197.20644
G1 X127.34 Y172.333 E1197.2127
G1 X127.197 Y172.269 E1197.21791
G1 X127.197 Y172.228 E1197.21927
G1 X127 Y172.04 E1197.22833
G1 X127 Y167.853 E1197.36759
G1 X127.2 Y167.751 E1197.37505
G1 X127.2 Y167.714 E1197.37629
G1 X127.356 Y167.654 E1197.38184
G1 X127.484 Y167.684 E1197.38622
G1 X127.993 Y167.988 E1197.40594
G1 X128 Y167.995 E1197.40627
G1 X128 Y171.98 E1197.53881
G1 F2400 E1197.03881
G0 F15000 X128.477 Y172.7
G0 X126.653 Y175.653
G0 X123.347 Y175.653
G0 X115.654 Y167.326
G0 X115.282 Y166.993
G0 X114.32 Y166.767
G0 X114.2 Y167.623
G1 F2400 E1197.53881
G1 F3025.7 X114.691 Y167.693 E1197.5553
G1 X114.849 Y167.753 E1197.56092
G1 X115.066 Y167.926 E1197.57015
G1 X115.413 Y168.393 E1197.58951
G1 X115.467 Y168.445 E1197.592
G1 X115.721 Y168.979 E1197.61167
G1 X115.799 Y169.29 E1197.62233
G1 X115.796 Y170.797 E1197.67245
G1 X115.552 Y171.437 E1197.69523
G1 X115.19 Y171.854 E1197.7136
G1 X114.524 Y172.294 E1197.74015
G1 X114.34 Y172.333 E1197.74641
G1 X114.197 Y172.269 E1197.75162
G1 X114.197 Y172.228 E1197.75298
G1 X114 Y172.04 E1197.76204
G1 X114 Y167.882 E1197.90033
G1 X114.2 Y167.752 E1197.90827
G1 X114.2 Y167.623 E1197.91256
G1 F2400 E1197.41256
G0 F15000 X114.32 Y166.767
G0 X114.903 Y166.851
G0 X115.282 Y166.993
G0 X115.691 Y167.32
G0 X116.182 Y167.936
G0 X116.538 Y168.685
G0 X116.663 Y169.184
G0 X116.66 Y170.957
G0 X116.305 Y171.887
G0 X113.653 Y175.653
G0 X110.347 Y175.653
G0 X107.786 Y172.022
G0 X107.435 Y171.249
G0 X107.337 Y170.804
G0 X107.34 Y169.043
G0 X107.709 Y168.078
G0 X108.222 Y167.502
G0 X109.132 Y166.897
G0 X109.678 Y166.783
G0 X110.353 Y167.043
G0 X110 Y167.944
G1 F2400 E1197.91256
G1 F3025.7 X109.801 Y167.801 E1197.92071
G1 X109.8 Y167.731 E1197.92304
G1 X109.654 Y167.67 E1197.9283
G1 X109.47 Y167.708 E1197.93455
G1 X108.793 Y168.16 E1197.96162
G1 X108.46 Y168.533 E1197.97825
G1 X108.204 Y169.203 E1198.00211
G1 X108.201 Y170.713 E1198.05233
G1 X108.258 Y170.974 E1198.06122
G1 X108.506 Y171.519 E1198.08113
G1 X109.011 Y172.016 E1198.1047
G1 X109.513 Y172.317 E1198.12417
G1 X109.645 Y172.346 E1198.12866
G1 X109.8 Y172.285 E1198.1342
G1 X109.8 Y172.205 E1198.13686
G1 X110 Y172.022 E1198.14588
G1 F2400 E1197.64588
;MESH:Limiter bracketV2.stl
G0 F15000 X111.43 Y172.022
G0 X112.09 Y174.12
G0 X112.4 Y174.4
;TYPE:WALL-INNER
G1 F2400 E1198.14588
G1 F3025.7 X112.4 Y150.388 E1198.94452
G1 X111.6 Y150.388 E1198.97113
G1 X111.6 Y174.4 E1199.76977
G1 X112.4 Y174.4 E1199.79638
G0 F15000 X112.8 Y174.8
;TYPE:WALL-OUTER
G1 F3025.7 X112.8 Y149.988 E1200.62163
G1 X111.2 Y149.988 E1200.67485
G1 X111.2 Y174.8 E1201.5001
G1 X112.8 Y174.8 E1201.55331
G0 F15000 X112.52 Y174.52
G0 X112.09 Y173.343
G0 X112.319 Y173.343
;TYPE:FILL
G1 F3025.7 X111.68 Y173.514 E1201.57531
G0 F15000 X111.91 Y173.514
G0 X112.09 Y170.761
G0 X112.32 Y170.761
G1 F3025.7 X111.68 Y170.121 E1201.60542
G0 F15000 X111.91 Y170.121
G0 X111.91 Y165.232
G0 X111.681 Y165.232
G1 F3025.7 X112.319 Y165.061 E1201.62739
G0 F15000 X112.09 Y165.061
G0 X112.09 Y159.447
G0 X112.32 Y159.447
G1 F3025.7 X111.68 Y158.808 E1201.65747
G0 F15000 X111.91 Y158.808
G0 X111.91 Y156.95
G0 X111.681 Y156.95
G1 F3025.7 X112.32 Y156.779 E1201.67947
G0 F15000 X111.681 Y156.329
G1 F3025.7 X112.32 Y153.942 E1201.76166
G1 F2400 E1201.26166
G0 F15000 X112.09 Y153.942
G0 X112.57 Y174.12
G0 X113.665 Y174.12
G0 X123.335 Y174.12
G0 X124.43 Y174.12
G0 X125.09 Y174.12
G0 X125.4 Y174.4
;TYPE:WALL-INNER
G1 F2400 E1201.76166
G1 F3025.7 X125.4 Y150.388 E1202.5603
G1 X124.6 Y150.388 E1202.58691
G1 X124.6 Y174.4 E1203.38555
G1 X125.4 Y174.4 E1203.41216
G0 F15000 X125.8 Y174.8
;TYPE:WALL-OUTER
G1 F3025.7 X125.8 Y149.988 E1204.23741
G1 X124.2 Y149.988 E1204.29062
G1 X124.2 Y174.8 E1205.11587
G1 X125.8 Y174.8 E1205.16909
G0 F15000 X125.52 Y174.52
G0 X125.09 Y172.448
G0 X125.321 Y172.448
;TYPE:FILL
G1 F3025.7 X124.68 Y171.807 E1205.19924
G0 F15000 X124.91 Y171.807
G0 X124.91 Y170.031
G0 X124.681 Y170.031
G1 F3025.7 X125.319 Y169.86 E1205.22121
G0 F15000 X124.68 Y169.633
G1 F3025.7 X125.32 Y167.246 E1205.30341
G0 F15000 X125.09 Y167.246
G0 X124.91 Y161.749
G0 X124.68 Y161.749
G1 F3025.7 X125.32 Y161.578 E1205.32544
G0 F15000 X125.321 Y161.134
G1 F3025.7 X124.68 Y160.493 E1205.35559
G0 F15000 X124.91 Y160.493
G0 X124.91 Y153.467
G0 X124.68 Y153.467
G1 F3025.7 X125.32 Y153.295 E1205.37763
G1 F2400 E1204.87763
G0 F15000 X125.09 Y153.295
G0 X125.124 Y150.199
G0 X126.665 Y150.199
G0 X127.548 Y149.647
G0 X127.955 Y149.017
G0 X128.064 Y148.601
G0 X128.064 Y147.354
G0 X127.852 Y146.827
G0 X127.586 Y146.4
G0 X126.666 Y145.782
G0 X125.124 Y145.782
G0 X125.12 Y145.302
G0 X125.4 Y145.612
;TYPE:WALL-INNER
G1 F2400 E1205.37763
G1 F3025.7 X125.4 Y129.5 E1205.91352
G1 X124.6 Y129.5 E1205.94013
G1 X124.6 Y145.612 E1206.47601
G1 X125.4 Y145.612 E1206.50262
G0 F15000 X125.8 Y146.012
;TYPE:WALL-OUTER
G1 F3025.7 X125.8 Y129.1 E1207.06512
G1 X124.2 Y129.1 E1207.11833
G1 X124.2 Y146.012 E1207.68083
G1 X125.8 Y146.012 E1207.73405
G0 F15000 X125.52 Y145.732
G0 X125.091 Y145.012
G0 X125.319 Y145.013
;TYPE:FILL
G1 F3025.7 X124.681 Y145.184 E1207.75601
G0 F15000 X124.91 Y145.184
G0 X124.91 Y138.724
G0 X124.68 Y138.724
G1 F3025.7 X125.32 Y136.337 E1207.83821
G0 F15000 X125.319 Y136.731
G1 F3025.7 X124.68 Y136.902 E1207.86021
G0 F15000 X124.68 Y137.866
G1 F3025.7 X125.321 Y138.507 E1207.89036
G0 F15000 X125.091 Y138.506
G0 X125.001 Y130.603
G0 X125 Y129.9
;TYPE:SKIN
G1 F2521.4 X125 Y130.302 E1207.90641
G1 F2400 E1207.40641
G0 F15000 X125 Y130.603
G0 X124.43 Y145.332
G0 X123.335 Y145.332
G0 X113.665 Y145.332
G0 X112.57 Y145.332
G0 X112.09 Y145.332
G0 X112.4 Y145.61
;TYPE:WALL-INNER
G1 F2400 E1207.90641
G1 F3025.7 X112.4 Y129.5 E1208.44223
G1 X111.596 Y129.5 E1208.46897
G1 X111.6 Y145.609 E1209.00476
G1 X112.4 Y145.61 E1209.03136
G0 F15000 X112.8 Y146.011
;TYPE:WALL-OUTER
G1 F3025.7 X112.8 Y129.1 E1209.59383
G1 X111.196 Y129.1 E1209.64718
G1 X111.2 Y146.008 E1210.20954
G1 X112.8 Y146.011 E1210.26275
G0 F15000 X112.52 Y145.732
G0 X111.909 Y140.386
G0 X111.679 Y140.386
;TYPE:FILL
G1 F3025.7 X112.319 Y140.214 E1210.2848
G0 F15000 X112.09 Y140.214
G0 X112.09 Y136.82
G0 X112.32 Y136.82
G1 F3025.7 X111.677 Y136.177 E1210.31504
G0 F15000 X111.909 Y136.177
G0 X111.908 Y132.104
G0 X111.676 Y132.104
G1 F3025.7 X112.319 Y131.932 E1210.33718
G0 F15000 X112.09 Y131.932
G0 X111.999 Y130.603
G0 X111.998 Y129.902
;TYPE:SKIN
G1 F2500.6 X111.998 Y130.3 E1210.3532
G1 F2400 E1209.8532
;MESH:NONMESH
G0 F300 X111.998 Y130.3 Z7.2
G0 F15000 X111.998 Y130.603
G0 X112.003 Y145.782
G0 X112 Y147.328
;TIME_ELAPSED:1586.958554
;LAYER:35
;note -- min layer time used
;TYPE:SUPPORT
G1 F2400 E1210.3532
G1 F3001.5 X112 Y148.672 E1210.3979
G1 X110.086 Y148.672 E1210.46156
G1 X110 Y148.476 E1210.46868
G1 X110 Y147.528 E1210.50021
G1 X110.089 Y147.328 E1210.50749
G1 X113.914 Y147.328 E1210.63471
G1 X114 Y147.524 E1210.64183
G1 F2400 E1210.14183
G0 F15000 X114.865 Y147.524
G0 X122.538 Y146.47
G0 X123.347 Y146.475
G0 X124 Y147.328
G1 F2400 E1210.64183
G1 F3001.5 X124 Y148.672 E1210.68653
G1 X123.086 Y148.672 E1210.71693
G1 X123 Y148.476 E1210.72405
G1 X123 Y147.525 E1210.75568
G1 X123.09 Y147.328 E1210.76288
G1 X126.914 Y147.328 E1210.89007
G1 X127 Y147.524 E1210.89719
G1 X127 Y148.475 E1210.92882
G1 X126.914 Y148.671 E1210.93594
G1 X126 Y148.672 E1210.96634
G1 X126 Y147.328 E1211.01104
G1 F2400 E1210.51104
G0 F15000 X126.653 Y146.475
G0 X127.472 Y146.47
G0 X127.864 Y147.341
G0 X129.663 Y169.192
G0 X129.66 Y170.957
G0 X129.305 Y171.887
G0 X126.653 Y175.653
G0 X123.347 Y175.653
G0 X121.394 Y172.622
G0 X122 Y172.005
G1 F2400 E1211.01104
G1 F3001.5 X121.506 Y171.519 E1211.03409
G1 X121.258 Y170.974 E1211.054
G1 X121.201 Y170.713 E1211.06289
G1 X121.204 Y169.203 E1211.11311
G1 X121.46 Y168.533 E1211.13697
G1 X121.791 Y168.161 E1211.15353
G1 X122 Y168.021 E1211.1619
G1 X122.477 Y167.703 E1211.18096
G1 X122.66 Y167.666 E1211.18717
G1 X122.859 Y167.754 E1211.19441
G1 X123 Y167.876 E1211.20061
G1 X123 Y172.022 E1211.33851
G1 X122.8 Y172.205 E1211.34752
G1 X122.8 Y172.285 E1211.35018
G1 X122.645 Y172.346 E1211.35572
G1 X122.513 Y172.317 E1211.36022
G1 X122.011 Y172.016 E1211.37969
G1 X122 Y172.005 E1211.38021
G1 X122 Y168.021 E1211.51271
G1 F2400 E1211.01271
G0 F15000 X121.52 Y167.303
G0 X121.219 Y167.504
G0 X120.709 Y168.078
G0 X120.34 Y169.043
G0 X120.337 Y170.804
G0 X120.435 Y171.249
G0 X120.786 Y172.022
G0 X123.347 Y175.653
G0 X126.653 Y175.653
G0 X129.305 Y171.887
G0 X129.66 Y170.957
G0 X129.663 Y169.192
G0 X129.557 Y168.739
G0 X129.233 Y168.031
G0 X128.445 Y167.25
G0 X128 Y167.995
G1 F2400 E1211.51271
G1 F3001.5 X128.48 Y168.46 E1211.53494
G1 X128.736 Y169.019 E1211.55539
G1 X128.799 Y169.29 E1211.56464
G1 X128.796 Y170.797 E1211.61477
G1 X128.552 Y171.437 E1211.63755
G1 X128.19 Y171.854 E1211.65592
G1 X128 Y171.98 E1211.6635
G1 X127.524 Y172.294 E1211.68246
G1 X127.34 Y172.333 E1211.68872
G1 X127.197 Y172.269 E1211.69393
G1 X127.197 Y172.228 E1211.69529
G1 X127 Y172.039 E1211.70437
G1 X127 Y167.853 E1211.8436
G1 X127.2 Y167.751 E1211.85107
G1 X127.2 Y167.714 E1211.8523
G1 X127.356 Y167.654 E1211.85786
G1 X127.484 Y167.684 E1211.86223
G1 X127.993 Y167.988 E1211.88195
G1 X128 Y167.995 E1211.88228
G1 X128 Y171.98 E1212.01482
G1 F2400 E1211.51482
G0 F15000 X128.477 Y172.7
G0 X126.653 Y175.653
G0 X123.347 Y175.653
G0 X115.654 Y167.326
G0 X115.282 Y166.993
G0 X114.32 Y166.767
G0 X114.2 Y167.623
G1 F2400 E1212.01482
G1 F3001.5 X114.691 Y167.693 E1212.03132
G1 X114.849 Y167.753 E1212.03694
G1 X115.066 Y167.926 E1212.04617
G1 X115.413 Y168.393 E1212.06552
G1 X115.467 Y168.445 E1212.06801
G1 X115.721 Y168.979 E1212.08768
G1 X115.799 Y169.29 E1212.09834
G1 X115.796 Y170.797 E1212.14847
G1 X115.552 Y171.437 E1212.17125
G1 X115.19 Y171.854 E1212.18962
G1 X114.524 Y172.294 E1212.21616
G1 X114.34 Y172.333 E1212.22242
G1 X114.197 Y172.269 E1212.22763
G1 X114.197 Y172.228 E1212.22899
G1 X114 Y172.039 E1212.23807
G1 X114 Y167.882 E1212.37634
G1 X114.2 Y167.752 E1212.38427
G1 X114.2 Y167.623 E1212.38856
G1 F2400 E1211.88856
G0 F15000 X114.32 Y166.767
G0 X114.903 Y166.851
G0 X115.282 Y166.993
G0 X115.691 Y167.32
G0 X116.182 Y167.936
G0 X116.538 Y168.685
G0 X116.663 Y169.184
G0 X116.66 Y170.957
G0 X116.305 Y171.887
G0 X113.653 Y175.653
G0 X110.347 Y175.653
G0 X107.786 Y172.022
G0 X107.435 Y171.249
G0 X107.337 Y170.804
G0 X107.34 Y169.043
G0 X107.709 Y168.078
G0 X108.222 Y167.502
G0 X109.132 Y166.897
G0 X109.678 Y166.783
G0 X110.353 Y167.043
G0 X110 Y167.944
G1 F2400 E1212.38856
G1 F3001.5 X109.801 Y167.801 E1212.39671
G1 X109.8 Y167.731 E1212.39904
G1 X109.654 Y167.67 E1212.4043
G1 X109.47 Y167.708 E1212.41055
G1 X108.793 Y168.16 E1212.43763
G1 X108.46 Y168.533 E1212.45426
G1 X108.204 Y169.203 E1212.47811
G1 X108.201 Y170.713 E1212.52834
G1 X108.258 Y170.974 E1212.53722
G1 X108.506 Y171.519 E1212.55714
G1 X109.011 Y172.016 E1212.5807
G1 X109.513 Y172.317 E1212.60017
G1 X109.645 Y172.346 E1212.60467
G1 X109.8 Y172.285 E1212.61021
G1 X109.8 Y172.205 E1212.61287
G1 X110 Y172.022 E1212.62188
G1 F2400 E1212.12188
;MESH:Limiter bracketV2.stl
G0 F15000 X111.43 Y172.022
G0 X112.09 Y174.12
G0 X112.4 Y174.4
;TYPE:WALL-INNER
G1 F2400 E1212.62188
G1 F3001.5 X112.4 Y150.27 E1213.42445
G1 X111.6 Y150.271 E1213.45106
G1 X111.6 Y174.4 E1214.25359
G1 X112.4 Y174.4 E1214.2802
G0 F15000 X112.8 Y174.8
;TYPE:WALL-OUTER
G1 F3001.5 X112.8 Y149.869 E1215.10941
G1 X111.2 Y149.872 E1215.16263
G1 X111.2 Y174.8 E1215.99173
G1 X112.8 Y174.8 E1216.04495
G0 F15000 X112.52 Y174.52
G0 X112.09 Y173.49
G0 X112.319 Y173.49
;TYPE:FILL
G1 F3001.5 X111.68 Y173.661 E1216.06695
G0 F15000 X111.91 Y173.661
G0 X112.09 Y170.561
G0 X112.32 Y170.561
G1 F3001.5 X111.68 Y169.92 E1216.09708
G0 F15000 X111.91 Y169.92
G0 X111.91 Y165.379
G0 X111.681 Y165.379
G1 F3001.5 X112.319 Y165.208 E1216.11905
G0 F15000 X112.09 Y165.208
G0 X112.09 Y159.247
G0 X112.32 Y159.247
G1 F3001.5 X111.68 Y158.606 E1216.14917
G0 F15000 X111.91 Y158.606
G0 X111.91 Y157.097
G0 X111.68 Y157.097
G1 F3001.5 X112.32 Y156.926 E1216.17121
G0 F15000 X112.09 Y156.926
G0 X111.91 Y155.782
G0 X111.68 Y155.782
G1 F3001.5 X112.32 Y153.394 E1216.25344
G1 F2400 E1215.75344
G0 F15000 X112.09 Y153.394
G0 X112.57 Y174.12
G0 X113.665 Y174.12
G0 X123.335 Y174.12
G0 X124.43 Y174.12
G0 X125.09 Y174.12
G0 X125.4 Y174.4
;TYPE:WALL-INNER
G1 F2400 E1216.25344
G1 F3001.5 X125.4 Y150.27 E1217.056
G1 X124.6 Y150.271 E1217.08261
G1 X124.6 Y174.4 E1217.88514
G1 X125.4 Y174.4 E1217.91175
G0 F15000 X125.8 Y174.8
;TYPE:WALL-OUTER
G1 F3001.5 X125.8 Y149.869 E1218.74096
G1 X124.2 Y149.872 E1218.79418
G1 X124.2 Y174.8 E1219.62329
G1 X125.8 Y174.8 E1219.6765
G0 F15000 X125.52 Y174.52
G0 X125.09 Y172.246
G0 X125.32 Y172.246
;TYPE:FILL
G1 F3001.5 X124.68 Y171.606 E1219.70661
G0 F15000 X124.91 Y171.606
G0 X124.91 Y170.178
G0 X124.681 Y170.178
G1 F3001.5 X125.319 Y170.007 E1219.72858
G0 F15000 X125.09 Y170.007
G0 X124.91 Y169.085
G0 X124.68 Y169.085
G1 F3001.5 X125.32 Y166.697 E1219.8108
G0 F15000 X125.09 Y166.697
G0 X124.91 Y161.896
G0 X124.68 Y161.896
G1 F3001.5 X125.319 Y161.725 E1219.8328
G0 F15000 X125.32 Y160.933
G1 F3001.5 X124.68 Y160.293 E1219.86291
G0 F15000 X124.91 Y160.293
G0 X124.91 Y153.614
G0 X124.681 Y153.614
G1 F3001.5 X125.319 Y153.442 E1219.88489
G1 F2400 E1219.38489
G0 F15000 X125.09 Y153.442
G0 X125.123 Y150.082
G0 X126.665 Y150.082
G0 X127.472 Y149.529
G0 X127.864 Y148.658
G0 X127.864 Y147.341
G0 X127.472 Y146.47
G0 X126.666 Y145.898
G0 X125.123 Y145.898
G0 X125.12 Y145.418
G0 X125.4 Y145.728
;TYPE:WALL-INNER
G1 F2400 E1219.88489
G1 F3001.5 X125.4 Y129.7 E1220.41798
G1 X124.6 Y129.7 E1220.44459
G1 X124.6 Y145.728 E1220.97768
G1 X125.4 Y145.728 E1221.00429
G0 F15000 X125.8 Y146.128
;TYPE:WALL-OUTER
G1 F3001.5 X125.8 Y129.3 E1221.56399
G1 X124.2 Y129.3 E1221.61721
G1 X124.2 Y146.128 E1222.17691
G1 X125.8 Y146.128 E1222.23012
G0 F15000 X125.52 Y145.848
G0 X125.091 Y145.159
G0 X125.319 Y145.16
;TYPE:FILL
G1 F3001.5 X124.68 Y145.332 E1222.25213
G0 F15000 X124.91 Y145.332
G0 X125.091 Y138.304
G0 X125.32 Y138.305
G1 F3001.5 X124.68 Y137.665 E1222.28224
G0 F15000 X124.68 Y138.175
G1 F3001.5 X125.32 Y135.787 E1222.36447
G0 F15000 X125.092 Y135.786
G0 X125.092 Y136.877
G0 X125.32 Y136.878
G1 F3001.5 X124.68 Y137.049 E1222.3865
G0 F15000 X124.91 Y137.049
G0 X125.001 Y130.803
G0 X125 Y130.1
;TYPE:SKIN
G1 F2501.3 X125 Y130.502 E1222.40254
G1 F2400 E1221.90254
G0 F15000 X125 Y130.803
G0 X124.43 Y145.448
G0 X123.335 Y145.448
G0 X113.665 Y145.448
G0 X112.57 Y145.448
G0 X112.09 Y145.448
G0 X112.4 Y145.728
;TYPE:WALL-INNER
G1 F2400 E1222.40254
G1 F3001.5 X112.4 Y129.7 E1222.93564
G1 X111.596 Y129.7 E1222.96238
G1 X111.6 Y145.728 E1223.49547
G1 X112.4 Y145.728 E1223.52208
G0 F15000 X112.8 Y146.128
;TYPE:WALL-OUTER
G1 F3001.5 X112.8 Y129.3 E1224.08178
G1 X111.196 Y129.3 E1224.13513
G1 X111.2 Y146.128 E1224.69483
G1 X112.8 Y146.128 E1224.74805
G0 F15000 X112.52 Y145.848
G0 X111.91 Y140.533
G0 X111.679 Y140.533
;TYPE:FILL
G1 F3001.5 X112.319 Y140.361 E1224.77009
G0 F15000 X112.09 Y140.361
G0 X112.09 Y136.619
G0 X112.32 Y136.619
G1 F3001.5 X111.677 Y135.976 E1224.80033
G0 F15000 X111.909 Y135.976
G0 X111.909 Y132.251
G0 X111.676 Y132.251
G1 F3001.5 X112.32 Y132.079 E1224.82251
G0 F15000 X112.09 Y132.079
G0 X111.999 Y130.803
G0 X111.998 Y130.102
;TYPE:SKIN
G1 F2480.6 X111.998 Y130.5 E1224.83852
G1 F2400 E1224.33852
;MESH:NONMESH
G0 F300 X111.998 Y130.5 Z7.4
G0 F15000 X111.998 Y130.803
G0 X112 Y145.898
G0 X112 Y148.526
;TIME_ELAPSED:1611.664841
;LAYER:36
;note -- min layer time used
;TYPE:SUPPORT
G1 F2400 E1224.83852
G1 F3014.4 X110.2 Y148.526 E1224.89839
G1 X110.2 Y147.474 E1224.93338
G1 X112 Y147.474 E1224.99325
G1 X113.8 Y147.474 E1225.05312
G1 X113.8 Y148.525 E1225.08807
G1 X112 Y148.526 E1225.14794
G1 X112 Y147.474 E1225.18293
G1 F2400 E1224.68293
G0 F15000 X113.653 Y146.621
G0 X123.347 Y146.621
G0 X124 Y147.474
G1 F2400 E1225.18293
G1 F3014.4 X124 Y148.526 E1225.21792
G1 X123.2 Y148.526 E1225.24453
G1 X123.2 Y147.474 E1225.27952
G1 X126.8 Y147.474 E1225.39926
G1 X126.8 Y148.525 E1225.43421
G1 X126 Y148.526 E1225.46082
G1 X126 Y147.474 E1225.49581
G1 F2400 E1224.99581
G0 F15000 X126.653 Y146.621
G0 X127.653 Y146.621
G0 X129.663 Y169.192
G0 X129.66 Y170.957
G0 X129.305 Y171.887
G0 X126.653 Y175.653
G0 X123.347 Y175.653
G0 X121.394 Y172.622
G0 X122 Y172.005
G1 F2400 E1225.49581
G1 F3014.4 X121.506 Y171.519 E1225.51886
G1 X121.258 Y170.974 E1225.53877
G1 X121.201 Y170.713 E1225.54766
G1 X121.204 Y169.203 E1225.59788
G1 X121.46 Y168.533 E1225.62174
G1 X121.791 Y168.161 E1225.6383
G1 X122 Y168.021 E1225.64667
G1 X122.477 Y167.703 E1225.66573
G1 X122.66 Y167.666 E1225.67194
G1 X122.859 Y167.754 E1225.67918
G1 X123 Y167.876 E1225.68538
G1 X123 Y172.021 E1225.82324
G1 X122.8 Y172.204 E1225.83226
G1 X122.8 Y172.285 E1225.83496
G1 X122.645 Y172.346 E1225.8405
G1 X122.513 Y172.317 E1225.84499
G1 X122.011 Y172.016 E1225.86446
G1 X122 Y172.005 E1225.86498
G1 X122 Y168.021 E1225.99748
G1 F2400 E1225.49748
G0 F15000 X121.52 Y167.303
G0 X121.219 Y167.504
G0 X120.709 Y168.078
G0 X120.34 Y169.043
G0 X120.337 Y170.804
G0 X120.435 Y171.249
G0 X120.786 Y172.022
G0 X123.347 Y175.653
G0 X126.653 Y175.653
G0 X129.305 Y171.887
G0 X129.66 Y170.957
G0 X129.663 Y169.192
G0 X129.557 Y168.739
G0 X129.233 Y168.031
G0 X128.445 Y167.25
G0 X128 Y167.995
G1 F2400 E1225.99748
G1 F3014.4 X128.48 Y168.46 E1226.01971
G1 X128.736 Y169.019 E1226.04016
G1 X128.799 Y169.29 E1226.04942
G1 X128.796 Y170.797 E1226.09954
G1 X128.552 Y171.437 E1226.12232
G1 X128.19 Y171.854 E1226.14069
G1 X128 Y171.98 E1226.14827
G1 X127.524 Y172.294 E1226.16724
G1 X127.34 Y172.333 E1226.17349
G1 X127.197 Y172.269 E1226.1787
G1 X127.197 Y172.228 E1226.18007
G1 X127 Y172.039 E1226.18915
G1 X127 Y167.853 E1226.32837
G1 X127.2 Y167.751 E1226.33584
G1 X127.2 Y167.714 E1226.33707
G1 X127.356 Y167.654 E1226.34263
G1 X127.484 Y167.684 E1226.347
G1 X127.993 Y167.988 E1226.36672
G1 X128 Y167.995 E1226.36705
G1 X128 Y171.98 E1226.49959
G1 F2400 E1225.99959
G0 F15000 X128.477 Y172.7
G0 X126.653 Y175.653
G0 X123.347 Y175.653
G0 X115.654 Y167.326
G0 X115.282 Y166.993
G0 X114.32 Y166.767
G0 X114.2 Y167.623
G1 F2400 E1226.49959
G1 F3014.4 X114.691 Y167.693 E1226.51609
G1 X114.849 Y167.753 E1226.52171
G1 X115.066 Y167.926 E1226.53094
G1 X115.413 Y168.393 E1226.55029
G1 X115.467 Y168.445 E1226.55278
G1 X115.721 Y168.979 E1226.57245
G1 X115.799 Y169.29 E1226.58312
G1 X115.796 Y170.797 E1226.63324
G1 X115.552 Y171.437 E1226.65602
G1 X115.19 Y171.854 E1226.67439
G1 X114.524 Y172.294 E1226.70094
G1 X114.34 Y172.333 E1226.70719
G1 X114.197 Y172.269 E1226.7124
G1 X114.197 Y172.228 E1226.71377
G1 X114 Y172.039 E1226.72285
G1 X114 Y167.882 E1226.86111
G1 X114.2 Y167.752 E1226.86904
G1 X114.2 Y167.623 E1226.87333
G1 F2400 E1226.37333
G0 F15000 X114.32 Y166.767
G0 X114.903 Y166.851
G0 X115.282 Y166.993
G0 X115.691 Y167.32
G0 X116.182 Y167.936
G0 X116.538 Y168.685
G0 X116.663 Y169.184
G0 X116.66 Y170.957
G0 X116.305 Y171.887
G0 X113.653 Y175.653
G0 X110.347 Y175.653
G0 X107.786 Y172.022
G0 X107.435 Y171.249
G0 X107.337 Y170.804
G0 X107.34 Y169.043
G0 X107.709 Y168.078
G0 X108.222 Y167.502
G0 X109.132 Y166.897
G0 X109.678 Y166.783
G0 X110.353 Y167.043
G0 X110 Y167.944
G1 F2400 E1226.87333
G1 F3014.4 X109.801 Y167.801 E1226.88148
G1 X109.8 Y167.731 E1226.88381
G1 X109.654 Y167.67 E1226.88907
G1 X109.47 Y167.708 E1226.89532
G1 X108.793 Y168.16 E1226.9224
G1 X108.46 Y168.533 E1226.93903
G1 X108.204 Y169.203 E1226.96288
G1 X108.201 Y170.713 E1227.01311
G1 X108.258 Y170.974 E1227.02199
G1 X108.506 Y171.519 E1227.04191
G1 X109.011 Y172.016 E1227.06547
G1 X109.513 Y172.317 E1227.08494
G1 X109.645 Y172.346 E1227.08944
G1 X109.8 Y172.285 E1227.09498
G1 X109.8 Y172.204 E1227.09767
G1 X110 Y172.021 E1227.10669
G1 F2400 E1226.60669
;MESH:Limiter bracketV2.stl
G0 F15000 X111.43 Y172.021
G0 X112.09 Y174.12
G0 X112.4 Y174.4
;TYPE:WALL-INNER
G1 F2400 E1227.10669
G1 F3014.4 X112.4 Y150.124 E1227.91411
G1 X111.6 Y150.124 E1227.94072
G1 X111.6 Y174.4 E1228.74814
G1 X112.4 Y174.4 E1228.77475
G0 F15000 X112.8 Y174.8
;TYPE:WALL-OUTER
G1 F3014.4 X112.8 Y149.724 E1229.60878
G1 X111.2 Y149.724 E1229.662
G1 X111.2 Y174.8 E1230.49603
G1 X112.8 Y174.8 E1230.54924
G0 F15000 X112.52 Y174.52
G0 X112.09 Y173.636
G0 X112.32 Y173.636
;TYPE:FILL
G1 F3014.4 X111.68 Y173.807 E1230.57128
G0 F15000 X111.91 Y173.807
G0 X112.09 Y170.361
G0 X112.32 Y170.361
G1 F3014.4 X111.68 Y169.72 E1230.6014
G0 F15000 X111.91 Y169.72
G0 X111.91 Y165.525
G0 X111.68 Y165.525
G1 F3014.4 X112.319 Y165.354 E1230.62341
G0 F15000 X112.09 Y165.354
G0 X112.09 Y159.047
G0 X112.32 Y159.047
G1 F3014.4 X111.68 Y158.407 E1230.65351
G0 F15000 X111.91 Y158.407
G0 X111.91 Y157.243
G0 X111.681 Y157.243
G1 F3014.4 X112.319 Y157.072 E1230.67548
G0 F15000 X112.09 Y157.072
G0 X111.91 Y155.237
G0 X111.68 Y155.237
G1 F3014.4 X112.32 Y152.851 E1230.75764
G1 F2400 E1230.25764
G0 F15000 X112.09 Y152.851
G0 X112.57 Y174.12
G0 X113.665 Y174.12
G0 X123.335 Y174.12
G0 X124.43 Y174.12
G0 X125.09 Y174.12
G0 X125.4 Y174.4
;TYPE:WALL-INNER
G1 F2400 E1230.75764
G1 F3014.4 X125.4 Y150.124 E1231.56507
G1 X124.6 Y150.124 E1231.59167
G1 X124.6 Y174.4 E1232.3991
G1 X125.4 Y174.4 E1232.4257
G0 F15000 X125.8 Y174.8
;TYPE:WALL-OUTER
G1 F3014.4 X125.8 Y149.724 E1233.25974
G1 X124.2 Y149.724 E1233.31295
G1 X124.2 Y174.8 E1234.14698
G1 X125.8 Y174.8 E1234.2002
G0 F15000 X125.52 Y174.52
G0 X125.09 Y172.047
G0 X125.32 Y172.047
;TYPE:FILL
G1 F3014.4 X124.68 Y171.407 E1234.2303
G0 F15000 X124.91 Y171.407
G0 X124.91 Y170.324
G0 X124.68 Y170.324
G1 F3014.4 X125.319 Y170.153 E1234.2523
G0 F15000 X125.09 Y170.153
G0 X124.91 Y168.539
G0 X124.68 Y168.539
G1 F3014.4 X125.32 Y166.153 E1234.33447
G0 F15000 X125.09 Y166.153
G0 X124.91 Y162.042
G0 X124.68 Y162.042
G1 F3014.4 X125.319 Y161.871 E1234.35647
G0 F15000 X125.09 Y161.871
G0 X125.09 Y160.733
G0 X125.32 Y160.733
G1 F3014.4 X124.68 Y160.093 E1234.38657
G0 F15000 X124.91 Y160.093
G0 X124.91 Y153.76
G0 X124.68 Y153.76
G1 F3014.4 X125.32 Y153.588 E1234.40861
G1 F2400 E1233.90861
G0 F15000 X125.09 Y153.588
G0 X125.123 Y149.936
G0 X126.665 Y149.936
G0 X127.653 Y149.378
G0 X127.653 Y146.621
G0 X126.666 Y146.044
G0 X125.123 Y146.044
G0 X125.12 Y145.564
G0 X125.4 Y145.872
;TYPE:WALL-INNER
G1 F2400 E1234.40861
G1 F3014.4 X125.4 Y129.9 E1234.93985
G1 X124.6 Y129.9 E1234.96645
G1 X124.6 Y145.872 E1235.49768
G1 X125.4 Y145.872 E1235.52429
G0 F15000 X125.8 Y146.272
;TYPE:WALL-OUTER
G1 F3014.4 X125.8 Y129.5 E1236.08213
G1 X124.2 Y129.5 E1236.13535
G1 X124.2 Y146.272 E1236.69319
G1 X125.8 Y146.272 E1236.7464
G0 F15000 X125.52 Y145.994
G0 X125.091 Y145.305
G0 X125.319 Y145.306
;TYPE:FILL
G1 F3014.4 X124.681 Y145.477 E1236.76837
G0 F15000 X124.91 Y145.477
G0 X125.092 Y138.105
G0 X125.32 Y138.106
G1 F3014.4 X124.681 Y137.467 E1236.79843
G1 X124.68 Y137.63
G1 X125.32 Y135.241 E1236.88069
G0 F15000 X125.092 Y135.24
G0 X125.092 Y137.023
G0 X125.32 Y137.024
G1 F3014.4 X124.681 Y137.195 E1236.90269
G0 F15000 X124.91 Y137.195
G0 X125.001 Y131.003
G0 X125 Y130.3
;TYPE:SKIN
G1 F2512 X125 Y130.702 E1236.91873
G1 F2400 E1236.41873
G0 F15000 X125 Y131.003
G0 X124.43 Y145.594
G0 X123.335 Y145.594
G0 X113.665 Y145.594
G0 X112.57 Y145.594
G0 X112.09 Y145.594
G0 X112.4 Y145.872
;TYPE:WALL-INNER
G1 F2400 E1236.91873
G1 F3014.4 X112.4 Y129.9 E1237.44997
G1 X111.596 Y129.9 E1237.47671
G1 X111.6 Y145.872 E1238.00794
G1 X112.4 Y145.872 E1238.03455
G0 F15000 X112.8 Y146.272
;TYPE:WALL-OUTER
G1 F3014.4 X112.8 Y129.5 E1238.59238
G1 X111.196 Y129.5 E1238.64573
G1 X111.2 Y146.272 E1239.20357
G1 X112.8 Y146.272 E1239.25679
G0 F15000 X112.52 Y145.994
G0 X111.91 Y140.679
G0 X111.68 Y140.679
;TYPE:FILL
G1 F3014.4 X112.319 Y140.507 E1239.2788
G0 F15000 X112.09 Y140.507
G0 X112.09 Y136.42
G0 X112.32 Y136.42
G1 F3014.4 X111.676 Y135.776 E1239.30909
G0 F15000 X111.909 Y135.776
G0 X111.909 Y132.397
G0 X111.677 Y132.397
G1 F3014.4 X112.32 Y132.225 E1239.33123
G0 F15000 X112.09 Y132.225
G0 X111.999 Y131.003
G0 X111.998 Y130.302
;TYPE:SKIN
G1 F2491.2 X111.998 Y130.7 E1239.34725
G1 F2400 E1238.84725
;MESH:NONMESH
G0 F300 X111.998 Y130.7 Z7.6
G0 F15000 X111.998 Y131.003
G0 X112 Y146.044
G0 X112 Y148.318
;TIME_ELAPSED:1636.618408
;LAYER:37
;note -- min layer time used
;TYPE:SUPPORT
G1 F2400 E1239.34725
G1 F2999.4 X110.2 Y148.318 E1239.40711
G1 X110.2 Y147.683 E1239.42823
G1 X112 Y147.682 E1239.4881
G1 X113.8 Y147.682 E1239.54797
G1 X113.8 Y148.318 E1239.56912
G1 X112 Y148.318 E1239.62899
G1 X112 Y147.682 E1239.65015
G1 F2400 E1239.15015
G0 F15000 X113.653 Y146.829
G0 X123.347 Y146.83
G0 X124 Y147.682
G1 F2400 E1239.65015
G1 F2999.4 X124 Y148.318 E1239.6713
G1 X123.2 Y148.318 E1239.69791
G1 X123.2 Y147.683 E1239.71903
G1 X126.8 Y147.682 E1239.83876
G1 X126.8 Y148.318 E1239.85992
G1 X126 Y148.318 E1239.88653
G1 X126 Y147.682 E1239.90768
G1 F2400 E1239.40768
G0 F15000 X126.653 Y146.829
G0 X127.653 Y146.829
G0 X129.663 Y169.192
G0 X129.66 Y170.957
G0 X129.305 Y171.887
G0 X126.653 Y175.653
G0 X123.347 Y175.653
G0 X121.394 Y172.622
G0 X122 Y172.005
G1 F2400 E1239.90768
G1 F2999.4 X121.506 Y171.519 E1239.93073
G1 X121.258 Y170.974 E1239.95064
G1 X121.201 Y170.713 E1239.95953
G1 X121.204 Y169.203 E1240.00975
G1 X121.46 Y168.533 E1240.03361
G1 X121.791 Y168.161 E1240.05017
G1 X122 Y168.021 E1240.05854
G1 X122.477 Y167.703 E1240.0776
G1 X122.66 Y167.666 E1240.08381
G1 X122.859 Y167.754 E1240.09105
G1 X123 Y167.876 E1240.09725
G1 X123 Y172.02 E1240.23508
G1 X122.8 Y172.206 E1240.24417
G1 X122.8 Y172.285 E1240.24679
G1 X122.645 Y172.346 E1240.25233
G1 X122.513 Y172.317 E1240.25683
G1 X122.011 Y172.016 E1240.2763
G1 X122 Y172.005 E1240.27681
G1 X122 Y168.021 E1240.40932
G1 F2400 E1239.90932
G0 F15000 X121.52 Y167.303
G0 X121.219 Y167.504
G0 X120.709 Y168.078
G0 X120.34 Y169.043
G0 X120.337 Y170.804
G0 X120.435 Y171.249
G0 X120.786 Y172.022
G0 X123.347 Y175.653
G0 X126.653 Y175.653
G0 X129.305 Y171.887
G0 X129.66 Y170.957
G0 X129.663 Y169.192
G0 X129.557 Y168.739
G0 X129.233 Y168.031
G0 X128.445 Y167.25
G0 X128 Y167.995
G1 F2400 E1240.40932
G1 F2999.4 X128.48 Y168.46 E1240.43155
G1 X128.736 Y169.019 E1240.452
G1 X128.799 Y169.29 E1240.46125
G1 X128.796 Y170.797 E1240.51138
G1 X128.552 Y171.437 E1240.53416
G1 X128.19 Y171.854 E1240.55252
G1 X128 Y171.98 E1240.56011
G1 X127.524 Y172.294 E1240.57907
G1 X127.34 Y172.333 E1240.58533
G1 X127.197 Y172.269 E1240.59054
G1 X127.197 Y172.228 E1240.5919
G1 X127 Y172.039 E1240.60098
G1 X127 Y167.853 E1240.74021
G1 X127.2 Y167.751 E1240.74768
G1 X127.2 Y167.714 E1240.74891
G1 X127.356 Y167.654 E1240.75447
G1 X127.484 Y167.684 E1240.75884
G1 X127.993 Y167.988 E1240.77856
G1 X128 Y167.995 E1240.77889
G1 X128 Y171.98 E1240.91143
G1 F2400 E1240.41143
G0 F15000 X128.477 Y172.7
G0 X126.653 Y175.653
G0 X123.347 Y175.653
G0 X115.654 Y167.326
G0 X115.282 Y166.993
G0 X114.32 Y166.767
G0 X114.2 Y167.623
G1 F2400 E1240.91143
G1 F2999.4 X114.691 Y167.693 E1240.92793
G1 X114.849 Y167.753 E1240.93355
G1 X115.066 Y167.926 E1240.94278
G1 X115.413 Y168.393 E1240.96213
G1 X115.467 Y168.445 E1240.96462
G1 X115.721 Y168.979 E1240.98429
G1 X115.799 Y169.29 E1240.99495
G1 X115.796 Y170.797 E1241.04508
G1 X115.552 Y171.437 E1241.06786
G1 X115.19 Y171.854 E1241.08622
G1 X114.524 Y172.294 E1241.11277
G1 X114.34 Y172.333 E1241.11903
G1 X114.197 Y172.269 E1241.12424
G1 X114.197 Y172.228 E1241.1256
G1 X114 Y172.039 E1241.13468
G1 X114 Y167.882 E1241.27295
G1 X114.2 Y167.752 E1241.28088
G1 X114.2 Y167.623 E1241.28517
G1 F2400 E1240.78517
G0 F15000 X114.32 Y166.767
G0 X114.903 Y166.851
G0 X115.282 Y166.993
G0 X115.691 Y167.32
G0 X116.182 Y167.936
G0 X116.538 Y168.685
G0 X116.663 Y169.184
G0 X116.66 Y170.957
G0 X116.305 Y171.887
G0 X113.653 Y175.653
G0 X110.347 Y175.653
G0 X107.786 Y172.022
G0 X107.435 Y171.249
G0 X107.337 Y170.804
G0 X107.34 Y169.043
G0 X107.709 Y168.078
G0 X108.222 Y167.502
G0 X109.132 Y166.897
G0 X109.678 Y166.783
G0 X110.353 Y167.043
G0 X110 Y167.944
G1 F2400 E1241.28517
G1 F2999.4 X109.801 Y167.801 E1241.29332
G1 X109.8 Y167.731 E1241.29565
G1 X109.654 Y167.67 E1241.30091
G1 X109.47 Y167.708 E1241.30716
G1 X108.793 Y168.16 E1241.33424
G1 X108.46 Y168.533 E1241.35087
G1 X108.204 Y169.203 E1241.37472
G1 X108.201 Y170.713 E1241.42494
G1 X108.258 Y170.974 E1241.43383
G1 X108.506 Y171.519 E1241.45375
G1 X109.011 Y172.016 E1241.47731
G1 X109.513 Y172.317 E1241.49678
G1 X109.645 Y172.346 E1241.50127
G1 X109.8 Y172.285 E1241.50681
G1 X109.8 Y172.206 E1241.50944
G1 X110 Y172.02 E1241.51853
G1 F2400 E1241.01853
;MESH:Limiter bracketV2.stl
G0 F15000 X111.43 Y172.02
G0 X112.09 Y174.12
G0 X112.4 Y174.4
;TYPE:WALL-INNER
G1 F2400 E1241.51853
G1 F2999.4 X112.4 Y149.916 E1242.33287
G1 X111.6 Y149.916 E1242.35948
G1 X111.6 Y174.4 E1243.17382
G1 X112.4 Y174.4 E1243.20042
G0 F15000 X112.8 Y174.8
;TYPE:WALL-OUTER
G1 F2999.4 X112.8 Y149.516 E1244.04137
G1 X111.2 Y149.516 E1244.09459
G1 X111.2 Y174.8 E1244.93554
G1 X112.8 Y174.8 E1244.98876
G0 F15000 X112.52 Y174.52
G0 X112.09 Y173.783
G0 X112.32 Y173.783
;TYPE:FILL
G1 F2999.4 X111.68 Y173.954 E1245.01079
G0 F15000 X111.91 Y173.954
G0 X112.09 Y170.16
G0 X112.32 Y170.16
G1 F2999.4 X111.68 Y169.52 E1245.04089
G0 F15000 X111.91 Y169.52
G0 X111.91 Y165.672
G0 X111.681 Y165.672
G1 F2999.4 X112.319 Y165.501 E1245.06286
G0 F15000 X112.09 Y165.501
G0 X112.09 Y158.846
G0 X112.32 Y158.846
G1 F2999.4 X111.68 Y158.206 E1245.09297
G0 F15000 X111.681 Y157.39
G1 F2999.4 X112.319 Y157.219 E1245.11493
G0 F15000 X112.09 Y157.219
G0 X111.91 Y154.69
G0 X111.68 Y154.69
G1 F2999.4 X112.32 Y152.299 E1245.19726
G1 F2400 E1244.69726
G0 F15000 X112.09 Y152.299
G0 X112.57 Y174.12
G0 X113.665 Y174.12
G0 X123.335 Y174.12
G0 X124.43 Y174.12
G0 X125.09 Y174.12
G0 X125.4 Y174.4
;TYPE:WALL-INNER
G1 F2400 E1245.19726
G1 F2999.4 X125.4 Y149.916 E1246.0116
G1 X124.6 Y149.916 E1246.03821
G1 X124.6 Y174.4 E1246.85255
G1 X125.4 Y174.4 E1246.87916
G0 F15000 X125.8 Y174.8
;TYPE:WALL-OUTER
G1 F2999.4 X125.8 Y149.516 E1247.72011
G1 X124.2 Y149.516 E1247.77332
G1 X124.2 Y174.8 E1248.61427
G1 X125.8 Y174.8 E1248.66749
G0 F15000 X125.52 Y174.52
G0 X125.09 Y171.846
G0 X125.32 Y171.846
;TYPE:FILL
G1 F2999.4 X124.68 Y171.206 E1248.69759
G0 F15000 X124.681 Y170.471
G1 F2999.4 X125.319 Y170.3 E1248.71956
G0 F15000 X125.09 Y170.3
G0 X124.91 Y167.992
G0 X124.68 Y167.992
G1 F2999.4 X125.32 Y165.603 E1248.80182
G0 F15000 X125.09 Y165.603
G0 X124.91 Y162.189
G0 X124.681 Y162.189
G1 F2999.4 X125.319 Y162.018 E1248.82379
G0 F15000 X125.09 Y162.018
G0 X125.09 Y160.532
G0 X125.32 Y160.532
G1 F2999.4 X124.68 Y159.892 E1248.85389
G0 F15000 X124.91 Y159.892
G0 X124.91 Y153.907
G0 X124.68 Y153.907
G1 F2999.4 X125.32 Y153.735 E1248.87594
G1 F2400 E1248.37594
G0 F15000 X125.09 Y153.735
G0 X125.121 Y149.748
G0 X126.665 Y149.748
G0 X127.653 Y149.171
G0 X127.653 Y146.829
G0 X126.666 Y146.272
G0 X125.119 Y146.272
G0 X125.121 Y145.772
G0 X125.4 Y146.08
;TYPE:WALL-INNER
G1 F2400 E1248.87594
G1 F2999.4 X125.4 Y130.1 E1249.40743
G1 X124.6 Y130.1 E1249.43404
G1 X124.6 Y146.08 E1249.96554
G1 X125.4 Y146.08 E1249.99215
G0 F15000 X125.8 Y146.48
;TYPE:WALL-OUTER
G1 F2999.4 X125.8 Y129.7 E1250.55025
G1 X124.2 Y129.7 E1250.60347
G1 X124.2 Y146.48 E1251.16157
G1 X125.8 Y146.48 E1251.21479
G0 F15000 X125.52 Y146.202
G0 X125.091 Y145.452
G0 X125.319 Y145.453
;TYPE:FILL
G1 F2999.4 X124.681 Y145.624 E1251.23676
G0 F15000 X124.91 Y145.624
G0 X125.092 Y137.904
G0 X125.32 Y137.905
G1 F2999.4 X124.68 Y137.265 E1251.26686
G1 X124.68 Y137.342
G1 X125.32 Y137.171 E1251.28889
G0 F15000 X124.68 Y137.081
G1 F2999.4 X125.319 Y134.696 E1251.37102
G0 F15000 X125.092 Y134.695
G0 X125.001 Y131.203
G0 X125 Y130.5
;TYPE:SKIN
G1 F2499.5 X125 Y130.902 E1251.38706
G1 F2400 E1250.88706
G0 F15000 X125 Y131.203
G0 X124.43 Y145.802
G0 X123.335 Y145.802
G0 X113.665 Y145.802
G0 X112.57 Y145.802
G0 X112.09 Y145.802
G0 X112.4 Y146.08
;TYPE:WALL-INNER
G1 F2400 E1251.38706
G1 F2999.4 X112.4 Y130.1 E1251.91856
G1 X111.596 Y130.1 E1251.9453
G1 X111.6 Y146.08 E1252.4768
G1 X112.4 Y146.08 E1252.50341
G0 F15000 X112.8 Y146.48
;TYPE:WALL-OUTER
G1 F2999.4 X112.8 Y129.7 E1253.06151
G1 X111.196 Y129.7 E1253.11486
G1 X111.2 Y146.48 E1253.67296
G1 X112.8 Y146.48 E1253.72618
G0 F15000 X112.52 Y146.202
G0 X111.91 Y140.826
G0 X111.679 Y140.826
;TYPE:FILL
G1 F2999.4 X112.319 Y140.654 E1253.74822
G0 F15000 X112.09 Y140.654
G0 X112.09 Y136.219
G0 X112.32 Y136.219
G1 F2999.4 X111.677 Y135.576 E1253.77847
G0 F15000 X111.91 Y135.576
G0 X111.91 Y132.544
G0 X111.677 Y132.544
G1 F2999.4 X112.32 Y132.372 E1253.80061
G0 F15000 X112.09 Y132.372
G0 X111.999 Y131.203
G0 X111.998 Y130.502
;TYPE:SKIN
G1 F2478.8 X111.998 Y130.9 E1253.81662
G1 F2400 E1253.31662
;MESH:NONMESH
G0 F300 X111.998 Y130.9 Z7.8
G0 F15000 X111.998 Y131.203
G0 X111.424 Y146.259
G0 X110 Y167.944
;TIME_ELAPSED:1661.413542
;LAYER:38
;note -- min layer time used
;TYPE:SUPPORT
G1 F2400 E1253.81662
G1 F2892.5 X109.801 Y167.801 E1253.82477
G1 X109.8 Y167.731 E1253.8271
G1 X109.654 Y167.67 E1253.83236
G1 X109.47 Y167.708 E1253.83861
G1 X108.793 Y168.16 E1253.86569
G1 X108.46 Y168.533 E1253.88232
G1 X108.204 Y169.203 E1253.90617
G1 X108.201 Y170.713 E1253.9564
G1 X108.258 Y170.974 E1253.96528
G1 X108.506 Y171.519 E1253.9852
G1 X109.011 Y172.016 E1254.00876
G1 X109.513 Y172.317 E1254.02823
G1 X109.645 Y172.346 E1254.03273
G1 X109.8 Y172.285 E1254.03827
G1 X109.8 Y172.224 E1254.0403
G1 X110 Y172.02 E1254.0498
G1 F2400 E1253.5498
G0 F15000 X110.353 Y172.979
G0 X110.347 Y175.653
G0 X113.653 Y175.653
G0 X116.305 Y171.887
G0 X116.66 Y170.957
G0 X116.663 Y169.184
G0 X116.538 Y168.685
G0 X116.182 Y167.936
G0 X115.691 Y167.32
G0 X115.282 Y166.993
G0 X114.32 Y166.767
G0 X114.2 Y167.623
G1 F2400 E1254.0498
G1 F2892.5 X114.691 Y167.693 E1254.06629
G1 X114.849 Y167.753 E1254.07192
G1 X115.066 Y167.926 E1254.08115
G1 X115.413 Y168.393 E1254.1005
G1 X115.467 Y168.445 E1254.10299
G1 X115.721 Y168.979 E1254.12266
G1 X115.799 Y169.29 E1254.13332
G1 X115.796 Y170.797 E1254.18345
G1 X115.552 Y171.437 E1254.20623
G1 X115.19 Y171.854 E1254.22459
G1 X114.524 Y172.294 E1254.25114
G1 X114.34 Y172.333 E1254.2574
G1 X114.197 Y172.269 E1254.26261
G1 X114.197 Y172.227 E1254.26401
G1 X114 Y172.038 E1254.27309
G1 X114 Y167.882 E1254.41131
G1 X114.2 Y167.752 E1254.41925
G1 X114.2 Y167.623 E1254.42354
G1 F2400 E1253.92354
G0 F15000 X114.32 Y166.767
G0 X114.903 Y166.851
G0 X115.282 Y166.993
G0 X121.394 Y172.622
G0 X122 Y172.005
G1 F2400 E1254.42354
G1 F2892.5 X121.506 Y171.519 E1254.44659
G1 X121.258 Y170.974 E1254.4665
G1 X121.201 Y170.713 E1254.47539
G1 X121.204 Y169.203 E1254.52561
G1 X121.46 Y168.533 E1254.54947
G1 X121.791 Y168.161 E1254.56603
G1 X122 Y168.021 E1254.5744
G1 X122.477 Y167.703 E1254.59346
G1 X122.66 Y167.666 E1254.59967
G1 X122.859 Y167.754 E1254.60691
G1 X123 Y167.876 E1254.61311
G1 X123 Y172.02 E1254.75094
G1 X122.8 Y172.224 E1254.76044
G1 X122.8 Y172.285 E1254.76247
G1 X122.645 Y172.346 E1254.76801
G1 X122.513 Y172.317 E1254.77251
G1 X122.011 Y172.016 E1254.79197
G1 X122 Y172.005 E1254.79249
G1 X122 Y168.021 E1254.925
G1 F2400 E1254.425
G0 F15000 X121.52 Y167.303
G0 X121.219 Y167.504
G0 X120.709 Y168.078
G0 X120.34 Y169.043
G0 X120.337 Y170.804
G0 X120.435 Y171.249
G0 X120.786 Y172.022
G0 X123.347 Y175.653
G0 X126.653 Y175.653
G0 X129.305 Y171.887
G0 X129.66 Y170.957
G0 X129.663 Y169.192
G0 X129.557 Y168.739
G0 X129.233 Y168.031
G0 X128.445 Y167.25
G0 X128 Y167.995
G1 F2400 E1254.925
G1 F2892.5 X128.48 Y168.46 E1254.94723
G1 X128.736 Y169.019 E1254.96768
G1 X128.799 Y169.29 E1254.97693
G1 X128.796 Y170.797 E1255.02705
G1 X128.552 Y171.437 E1255.04984
G1 X128.19 Y171.854 E1255.0682
G1 X128 Y171.98 E1255.07579
G1 X127.524 Y172.294 E1255.09475
G1 X127.34 Y172.333 E1255.10101
G1 X127.197 Y172.269 E1255.10622
G1 X127.197 Y172.227 E1255.10761
G1 X127 Y172.038 E1255.11669
G1 X127 Y167.853 E1255.25589
G1 X127.2 Y167.751 E1255.26336
G1 X127.2 Y167.714 E1255.26459
G1 X127.356 Y167.654 E1255.27015
G1 X127.484 Y167.684 E1255.27452
G1 X127.993 Y167.988 E1255.29424
G1 X128 Y167.995 E1255.29457
G1 X128 Y171.98 E1255.42711
G1 F2400 E1254.92711
;MESH:Limiter bracketV2.stl
G0 F15000 X125.57 Y171.98
G0 X125.09 Y174.12
G0 X125.4 Y174.4
;TYPE:WALL-INNER
G1 F2400 E1255.42711
G1 F2892.5 X125.4 Y149.644 E1256.2505
G1 X124.6 Y149.644 E1256.2771
G1 X124.6 Y174.4 E1257.10049
G1 X125.4 Y174.4 E1257.1271
G0 F15000 X125.8 Y174.8
;TYPE:WALL-OUTER
G1 F2892.5 X125.8 Y149.244 E1257.9771
G1 X124.2 Y149.244 E1258.03031
G1 X124.2 Y174.8 E1258.88031
G1 X125.8 Y174.8 E1258.93352
G0 F15000 X125.52 Y174.52
G0 X125.09 Y171.647
G0 X125.32 Y171.647
;TYPE:FILL
G1 F2892.5 X124.68 Y171.007 E1258.96363
G0 F15000 X124.68 Y170.617
G1 F2892.5 X125.319 Y170.446 E1258.98563
G0 F15000 X125.09 Y170.446
G0 X124.91 Y167.446
G0 X124.68 Y167.446
G1 F2892.5 X125.32 Y165.059 E1259.06783
G0 F15000 X125.09 Y165.059
G0 X124.91 Y162.335
G0 X124.681 Y162.335
G1 F2892.5 X125.319 Y162.164 E1259.08979
G0 F15000 X125.09 Y162.164
G0 X125.09 Y160.333
G0 X125.32 Y160.333
G1 F2892.5 X124.68 Y159.693 E1259.1199
G0 F15000 X124.91 Y159.693
G0 X124.91 Y154.053
G0 X124.68 Y154.053
G1 F2892.5 X125.319 Y153.882 E1259.1419
G1 F2400 E1258.6419
G0 F15000 X125.09 Y153.882
G0 X124.43 Y174.12
G0 X123.335 Y174.12
G0 X113.665 Y174.12
G0 X112.57 Y174.12
G0 X112.09 Y174.12
G0 X112.4 Y174.4
;TYPE:WALL-INNER
G1 F2400 E1259.1419
G1 F2892.5 X112.4 Y149.644 E1259.96529
G1 X111.6 Y149.644 E1259.99189
G1 X111.6 Y174.4 E1260.81528
G1 X112.4 Y174.4 E1260.84189
G0 F15000 X112.8 Y174.8
;TYPE:WALL-OUTER
G1 F2892.5 X112.8 Y149.244 E1261.69189
G1 X111.2 Y149.244 E1261.7451
G1 X111.2 Y174.8 E1262.5951
G1 X112.8 Y174.8 E1262.64832
G0 F15000 X112.319 Y173.929
;TYPE:FILL
G1 F2892.5 X111.68 Y174.1 E1262.67032
G0 F15000 X111.91 Y174.1
G0 X112.09 Y169.96
G0 X112.32 Y169.96
G1 F2892.5 X111.68 Y169.321 E1262.7004
G0 F15000 X111.91 Y169.321
G0 X111.91 Y165.818
G0 X111.68 Y165.818
G1 F2892.5 X112.319 Y165.647 E1262.7224
G0 F15000 X112.09 Y165.647
G0 X112.09 Y158.646
G0 X112.32 Y158.646
G1 F2892.5 X111.68 Y158.007 E1262.75248
G0 F15000 X111.681 Y157.536
G1 F2892.5 X112.319 Y157.365 E1262.77445
G0 F15000 X112.09 Y157.365
G0 X111.91 Y154.143
G0 X111.68 Y154.143
G1 F2892.5 X112.319 Y151.757 E1262.8566
G1 F2400 E1262.3566
G0 F15000 X112.09 Y151.757
G0 X112.09 Y149.475
G0 X112.09 Y148.38
G0 X112.09 Y147.62
G0 X112.09 Y146.525
G0 X112.09 Y146.075
G0 X112.4 Y146.352
;TYPE:WALL-INNER
G1 F2400 E1262.8566
G1 F2892.5 X112.4 Y130.3 E1263.39049
G1 X111.596 Y130.3 E1263.41723
G1 X111.6 Y146.352 E1263.95113
G1 X112.4 Y146.352 E1263.97773
G1 F2400 E1263.47773
G0 F15000 X112.09 Y146.075
G0 X112.52 Y130.182
G0 X112.8 Y129.9
;TYPE:WALL-OUTER
G1 F2400 E1263.97773
G1 F2892.5 X111.196 Y129.9 E1264.03108
G1 X111.2 Y146.752 E1264.59158
G1 X112.8 Y146.752 E1264.6448
G1 X112.8 Y129.9 E1265.2053
G0 F15000 X112.52 Y130.182
G0 X112.09 Y132.518
G0 X112.319 Y132.518
;TYPE:FILL
G1 F2892.5 X111.677 Y132.69 E1265.22741
G0 F15000 X111.91 Y132.69
G0 X111.91 Y135.376
G0 X111.676 Y135.376
G1 F2892.5 X112.32 Y136.02 E1265.2577
G0 F15000 X112.09 Y136.02
G0 X112.09 Y140.8
G0 X112.319 Y140.8
G1 F2892.5 X111.68 Y140.972 E1265.27971
G0 F15000 X111.91 Y140.972
G0 X111.999 Y131.403
G0 X111.998 Y130.702
;TYPE:SKIN
G1 F2390.5 X111.998 Y131.1 E1265.29572
G1 F2400 E1264.79572
G0 F15000 X111.998 Y131.403
G0 X112.57 Y146.045
G0 X113.665 Y146.045
G0 X123.335 Y146.045
G0 X124.43 Y146.045
G0 X125.12 Y146.045
G0 X125.4 Y146.352
;TYPE:WALL-INNER
G1 F2400 E1265.29572
G1 F2892.5 X125.4 Y130.3 E1265.82962
G1 X124.6 Y130.3 E1265.85622
G1 X124.6 Y146.352 E1266.39012
G1 X125.4 Y146.352 E1266.41672
G1 F2400 E1265.91672
G0 F15000 X125.12 Y146.045
G0 X125.522 Y130.182
G0 X125.8 Y129.9
;TYPE:WALL-OUTER
G1 F2400 E1266.41672
G1 F2892.5 X124.2 Y129.9 E1266.46994
G1 X124.2 Y146.752 E1267.03044
G1 X125.8 Y146.752 E1267.08366
G1 X125.8 Y129.9 E1267.64416
G0 F15000 X125.522 Y130.182
G0 X125.092 Y134.148
G0 X125.32 Y134.149
;TYPE:FILL
G1 F2892.5 X124.68 Y136.536 E1267.72635
G0 F15000 X124.68 Y137.066
G1 F2892.5 X125.321 Y137.706 E1267.75648
G0 F15000 X125.319 Y137.317
G1 F2892.5 X124.681 Y137.488 E1267.77845
G0 F15000 X124.91 Y137.488
G0 X125.091 Y145.598
G0 X125.32 Y145.599
G1 F2892.5 X124.681 Y145.77 E1267.80045
G0 F15000 X124.91 Y145.77
G0 X125.001 Y131.403
G0 X125 Y130.7
;TYPE:SKIN
G1 F2410.4 X125 Y131.102 E1267.81649
G1 F2400 E1267.31649
;MESH:NONMESH
G0 F300 X125 Y131.102 Z8
G0 F15000 X125 Y131.403
G0 X124.424 Y146.531
G0 X124.424 Y147.62
G0 X123.347 Y148.392
G0 X116.66 Y170.957
G0 X116.305 Y171.887
G0 X113.653 Y175.653
G0 X110.347 Y175.653
G0 X107.786 Y172.022
G0 X107.435 Y171.249
G0 X107.337 Y170.804
G0 X107.34 Y169.043
G0 X107.709 Y168.078
G0 X108.222 Y167.502
G0 X109.132 Y166.897
G0 X109.678 Y166.783
G0 X110.353 Y167.043
G0 X110 Y167.944
;TIME_ELAPSED:1685.114307
;LAYER:39
;note -- min layer time used
;TYPE:SUPPORT
G1 F2400 E1267.81649
G1 F2972.4 X109.801 Y167.801 E1267.82464
G1 X109.8 Y167.731 E1267.82697
G1 X109.654 Y167.67 E1267.83224
G1 X109.47 Y167.708 E1267.83849
G1 X108.793 Y168.16 E1267.86556
G1 X108.46 Y168.533 E1267.88219
G1 X108.204 Y169.203 E1267.90605
G1 X108.201 Y170.713 E1267.95627
G1 X108.258 Y170.974 E1267.96515
G1 X108.506 Y171.519 E1267.98507
G1 X109.011 Y172.016 E1268.00864
G1 X109.513 Y172.317 E1268.0281
G1 X109.645 Y172.346 E1268.0326
G1 X109.8 Y172.285 E1268.03814
G1 X109.8 Y172.224 E1268.04017
G1 X110 Y172.02 E1268.04967
G1 F2400 E1267.54967
G0 F15000 X110.353 Y172.979
G0 X110.347 Y175.653
G0 X113.653 Y175.653
G0 X116.305 Y171.887
G0 X116.66 Y170.957
G0 X116.663 Y169.184
G0 X116.538 Y168.685
G0 X116.182 Y167.936
G0 X115.691 Y167.32
G0 X115.282 Y166.993
G0 X114.32 Y166.767
G0 X114.2 Y167.623
G1 F2400 E1268.04967
G1 F2972.4 X114.691 Y167.693 E1268.06617
G1 X114.849 Y167.753 E1268.07179
G1 X115.066 Y167.926 E1268.08102
G1 X115.413 Y168.393 E1268.10037
G1 X115.467 Y168.445 E1268.10286
G1 X115.721 Y168.979 E1268.12253
G1 X115.799 Y169.29 E1268.13319
G1 X115.796 Y170.797 E1268.18332
G1 X115.552 Y171.437 E1268.2061
G1 X115.19 Y171.854 E1268.22446
G1 X114.524 Y172.294 E1268.25101
G1 X114.336 Y172.334 E1268.25741
G1 X114.2 Y172.265 E1268.26248
G1 X114.2 Y172.228 E1268.26371
G1 X114 Y172.036 E1268.27293
G1 X114 Y167.882 E1268.41109
G1 X114.2 Y167.752 E1268.41903
G1 X114.2 Y167.623 E1268.42332
G1 F2400 E1267.92332
G0 F15000 X114.32 Y166.767
G0 X114.903 Y166.851
G0 X115.282 Y166.993
G0 X121.394 Y172.622
G0 X122 Y172.005
G1 F2400 E1268.42332
G1 F2972.4 X121.506 Y171.519 E1268.44637
G1 X121.258 Y170.974 E1268.46628
G1 X121.201 Y170.713 E1268.47517
G1 X121.204 Y169.203 E1268.52539
G1 X121.46 Y168.533 E1268.54925
G1 X121.791 Y168.161 E1268.56581
G1 X122 Y168.021 E1268.57417
G1 X122.477 Y167.703 E1268.59324
G1 X122.66 Y167.666 E1268.59945
G1 X122.859 Y167.754 E1268.60669
G1 X123 Y167.876 E1268.61289
G1 X123 Y172.02 E1268.75072
G1 X122.8 Y172.224 E1268.76022
G1 X122.8 Y172.285 E1268.76225
G1 X122.645 Y172.346 E1268.76779
G1 X122.513 Y172.317 E1268.77229
G1 X122.011 Y172.016 E1268.79175
G1 X122 Y172.005 E1268.79227
G1 X122 Y168.021 E1268.92478
G1 F2400 E1268.42478
G0 F15000 X121.52 Y167.303
G0 X121.219 Y167.504
G0 X120.709 Y168.078
G0 X120.34 Y169.043
G0 X120.337 Y170.804
G0 X120.435 Y171.249
G0 X120.786 Y172.022
G0 X123.347 Y175.653
G0 X126.653 Y175.653
G0 X129.305 Y171.887
G0 X129.66 Y170.957
G0 X129.663 Y169.192
G0 X129.557 Y168.739
G0 X129.233 Y168.031
G0 X128.445 Y167.25
G0 X128 Y167.995
G1 F2400 E1268.92478
G1 F2972.4 X128.48 Y168.46 E1268.94701
G1 X128.736 Y169.019 E1268.96746
G1 X128.799 Y169.29 E1268.97671
G1 X128.796 Y170.797 E1269.02683
G1 X128.552 Y171.437 E1269.04961
G1 X128.19 Y171.854 E1269.06798
G1 X128 Y171.98 E1269.07556
G1 X127.524 Y172.294 E1269.09453
G1 X127.336 Y172.334 E1269.10092
G1 X127.2 Y172.265 E1269.10599
G1 X127.2 Y172.228 E1269.10723
G1 X127 Y172.036 E1269.11645
G1 X127 Y167.853 E1269.25557
G1 X127.2 Y167.751 E1269.26304
G1 X127.2 Y167.714 E1269.26427
G1 X127.356 Y167.654 E1269.26983
G1 X127.484 Y167.684 E1269.2742
G1 X127.993 Y167.988 E1269.29392
G1 X128 Y167.995 E1269.29425
G1 X128 Y171.98 E1269.42679
G1 F2400 E1268.92679
;MESH:Limiter bracketV2.stl
G0 F15000 X125.57 Y171.98
G0 X125.09 Y174.12
G0 X125.4 Y174.4
;TYPE:WALL-INNER
G1 F2400 E1269.42679
G1 F2972.4 X125.4 Y149.2 E1270.26495
G1 X124.6 Y149.2 E1270.29156
G1 X124.6 Y174.4 E1271.12971
G1 X125.4 Y174.4 E1271.15632
G0 F15000 X125.8 Y174.8
;TYPE:WALL-OUTER
G1 F2972.4 X125.8 Y148.8 E1272.02108
G1 X124.2 Y148.8 E1272.0743
G1 X124.2 Y174.8 E1272.93906
G1 X125.8 Y174.8 E1272.99228
G0 F15000 X125.52 Y174.52
G0 X125.09 Y171.447
G0 X125.32 Y171.447
;TYPE:FILL
G1 F2972.4 X124.68 Y170.807 E1273.02238
G1 X124.68 Y170.763
G1 X125.319 Y170.592 E1273.04438
G0 F15000 X125.09 Y170.592
G0 X124.91 Y166.901
G0 X124.68 Y166.901
G1 F2972.4 X125.32 Y164.514 E1273.12658
G0 F15000 X125.09 Y164.514
G0 X124.91 Y162.481
G0 X124.68 Y162.481
G1 F2972.4 X125.319 Y162.31 E1273.14858
G0 F15000 X125.09 Y162.31
G0 X125.09 Y160.134
G0 X125.32 Y160.134
G1 F2972.4 X124.68 Y159.494 E1273.17869
G0 F15000 X124.91 Y159.494
G0 X124.91 Y154.198
G0 X124.681 Y154.198
G1 F2972.4 X125.319 Y154.027 E1273.20065
G0 F15000 X125.09 Y154.027
G0 X124.7 Y149.6
G0 X125 Y149.6
;TYPE:SKIN
G1 F2477 X125 Y150.27 E1273.2274
G1 F2400 E1272.7274
G0 F15000 X125 Y150.572
G0 X124.43 Y174.12
G0 X123.335 Y174.12
G0 X113.665 Y174.12
G0 X112.57 Y174.12
G0 X112.09 Y174.12
G0 X112.4 Y174.4
;TYPE:WALL-INNER
G1 F2400 E1273.2274
G1 F2972.4 X112.4 Y149.2 E1274.06555
G1 X111.6 Y149.2 E1274.09216
G1 X111.6 Y174.4 E1274.93031
G1 X112.4 Y174.4 E1274.95692
G0 F15000 X112.8 Y174.8
;TYPE:WALL-OUTER
G1 F2972.4 X112.8 Y148.8 E1275.82169
G1 X111.2 Y148.8 E1275.8749
G1 X111.2 Y174.8 E1276.73967
G1 X112.8 Y174.8 E1276.79288
G0 F15000 X112.319 Y174.075
;TYPE:FILL
G1 F2972.4 X111.681 Y174.246 E1276.81485
G0 F15000 X111.88 Y174.12
G0 X112.09 Y169.761
G0 X112.32 Y169.761
G1 F2972.4 X111.68 Y169.122 E1276.84493
G0 F15000 X111.91 Y169.122
G0 X111.91 Y165.964
G0 X111.68 Y165.964
G1 F2972.4 X112.32 Y165.793 E1276.86696
G0 F15000 X112.09 Y165.793
G0 X112.09 Y158.447
G0 X112.32 Y158.447
G1 F2972.4 X111.68 Y157.808 E1276.89704
G1 X111.68 Y157.682
G1 X112.319 Y157.511 E1276.91905
G0 F15000 X112.09 Y157.511
G0 X111.91 Y153.598
G0 X111.68 Y153.598
G1 F2972.4 X112.319 Y151.213 E1277.00117
G0 F15000 X112.09 Y151.213
G0 X111.804 Y150.571
G0 X111.7 Y149.6
G0 X112 Y149.6
;TYPE:SKIN
G1 F2477 X112 Y150.27 E1277.02791
G1 F2400 E1276.52791
G0 F15000 X112 Y150.572
G0 X112.4 Y149.031
G0 X112.399 Y146.989
G0 X112.4 Y146.797
;TYPE:WALL-INNER
G1 F2400 E1277.02791
G1 F2972.4 X112.4 Y130.5 E1277.56995
G1 X111.596 Y130.5 E1277.59669
G1 X111.6 Y146.798 E1278.13876
G1 X112.4 Y146.797 E1278.16537
G1 F2400 E1277.66537
G0 F15000 X112.52 Y130.382
G0 X112.8 Y130.1
;TYPE:WALL-OUTER
G1 F2400 E1278.16537
G1 F2972.4 X111.196 Y130.1 E1278.21872
G1 X111.2 Y147.199 E1278.78744
G1 X112.8 Y147.196 E1278.84065
G1 X112.8 Y130.1 E1279.40927
G0 F15000 X112.52 Y130.382
G0 X112.09 Y132.664
G0 X112.32 Y132.664
;TYPE:FILL
G1 F2972.4 X111.677 Y132.836 E1279.43141
G0 F15000 X111.91 Y132.836
G0 X111.91 Y135.177
G0 X111.677 Y135.177
G1 F2972.4 X112.32 Y135.82 E1279.46165
G0 F15000 X112.09 Y135.82
G0 X112.09 Y140.946
G0 X112.32 Y140.946
G1 F2972.4 X111.679 Y141.118 E1279.48373
G0 F15000 X111.91 Y141.118
G0 X111.7 Y146.396
G0 X112 Y146.396
;TYPE:SKIN
G1 F2477 X112 Y145.728 E1279.51039
G0 F15000 X112 Y145.428
G0 X111.999 Y131.603
G0 X111.998 Y130.902
G1 F2456.6 X111.998 Y131.3 E1279.5264
G1 F2400 E1279.0264
G0 F15000 X111.998 Y131.603
G0 X112.57 Y146.796
G0 X113.665 Y146.796
G0 X123.335 Y146.796
G0 X125.4 Y146.796
;TYPE:WALL-INNER
G1 F2400 E1279.5264
G1 F2972.4 X125.4 Y130.5 E1280.06841
G1 X124.6 Y130.5 E1280.09502
G1 X124.6 Y146.796 E1280.63703
G1 X125.4 Y146.796 E1280.66363
G1 F2400 E1280.16363
G0 F15000 X125.522 Y130.382
G0 X125.8 Y130.1
;TYPE:WALL-OUTER
G1 F2400 E1280.66363
G1 F2972.4 X124.2 Y130.1 E1280.71685
G1 X124.2 Y147.196 E1281.28547
G1 X125.8 Y147.196 E1281.33868
G1 X125.8 Y130.1 E1281.9073
G0 F15000 X125.522 Y130.382
G0 X125.092 Y133.604
G0 X125.32 Y133.605
;TYPE:FILL
G1 F2972.4 X124.68 Y135.992 E1281.98949
G0 F15000 X124.68 Y136.866
G1 F2972.4 X125.321 Y137.507 E1282.01964
G1 X125.319 Y137.463
G1 X124.681 Y137.634 E1282.04161
G0 F15000 X124.91 Y137.634
G0 X125.001 Y131.603
G0 X125 Y130.9
;TYPE:SKIN
G1 F2477 X125 Y131.302 E1282.05766
G0 F15000 X125 Y131.603
G0 X124.7 Y146.396
G0 X125 Y146.396
G1 F2477 X125 Y145.728 E1282.08432
G1 F2400 E1281.58432
;MESH:NONMESH
G0 F300 X125 Y145.728 Z8.2
G0 F15000 X125 Y145.428
G0 X124.424 Y146.975
G0 X123.335 Y146.975
G0 X116.66 Y170.957
G0 X116.305 Y171.887
G0 X113.653 Y175.653
G0 X110.347 Y175.653
G0 X107.786 Y172.022
G0 X107.435 Y171.249
G0 X107.337 Y170.804
G0 X107.34 Y169.043
G0 X107.709 Y168.078
G0 X108.222 Y167.502
G0 X109.132 Y166.897
G0 X109.678 Y166.783
G0 X110.353 Y167.043
G0 X110 Y167.944
;TIME_ELAPSED:1709.133494
;LAYER:40
;note -- min layer time used
;TYPE:SUPPORT
G1 F2400 E1282.08432
G1 F2951.7 X109.801 Y167.801 E1282.09247
G1 X109.8 Y167.731 E1282.0948
G1 X109.654 Y167.67 E1282.10006
G1 X109.47 Y167.708 E1282.10631
G1 X108.793 Y168.16 E1282.13338
G1 X108.46 Y168.533 E1282.15002
G1 X108.204 Y169.203 E1282.17387
G1 X108.201 Y170.713 E1282.22409
G1 X108.258 Y170.974 E1282.23298
G1 X108.506 Y171.519 E1282.25289
G1 X109.011 Y172.016 E1282.27646
G1 X109.513 Y172.317 E1282.29593
G1 X109.645 Y172.346 E1282.30042
G1 X109.8 Y172.285 E1282.30596
G1 X109.8 Y172.227 E1282.30789
G1 X110 Y172.01 E1282.31771
G1 F2400 E1281.81771
G0 F15000 X110.353 Y172.979
G0 X110.347 Y175.653
G0 X113.653 Y175.653
G0 X116.305 Y171.887
G0 X116.66 Y170.957
G0 X116.663 Y169.184
G0 X116.538 Y168.685
G0 X116.182 Y167.936
G0 X115.691 Y167.32
G0 X115.282 Y166.993
G0 X114.32 Y166.767
G0 X114.2 Y167.623
G1 F2400 E1282.31771
G1 F2951.7 X114.691 Y167.693 E1282.3342
G1 X114.849 Y167.753 E1282.33983
G1 X115.066 Y167.926 E1282.34906
G1 X115.413 Y168.393 E1282.36841
G1 X115.467 Y168.445 E1282.3709
G1 X115.721 Y168.979 E1282.39057
G1 X115.799 Y169.29 E1282.40123
G1 X115.796 Y170.797 E1282.45136
G1 X115.552 Y171.437 E1282.47414
G1 X115.19 Y171.854 E1282.4925
G1 X114.524 Y172.294 E1282.51905
G1 X114.336 Y172.334 E1282.52544
G1 X114.2 Y172.265 E1282.53052
G1 X114.2 Y172.228 E1282.53175
G1 X114 Y172.034 E1282.54102
G1 X114 Y167.882 E1282.67911
G1 X114.2 Y167.752 E1282.68704
G1 X114.2 Y167.623 E1282.69134
G1 F2400 E1282.19134
G0 F15000 X114.32 Y166.767
G0 X114.903 Y166.851
G0 X115.282 Y166.993
G0 X121.394 Y172.622
G0 X122 Y172.005
G1 F2400 E1282.69134
G1 F2951.7 X121.506 Y171.519 E1282.71438
G1 X121.258 Y170.974 E1282.7343
G1 X121.201 Y170.713 E1282.74319
G1 X121.204 Y169.203 E1282.79341
G1 X121.46 Y168.533 E1282.81726
G1 X121.791 Y168.161 E1282.83383
G1 X122 Y168.021 E1282.84219
G1 X122.477 Y167.703 E1282.86126
G1 X122.66 Y167.666 E1282.86747
G1 X122.859 Y167.754 E1282.87471
G1 X123 Y167.876 E1282.88091
G1 X123 Y172.01 E1283.01841
G1 X122.8 Y172.227 E1283.02822
G1 X122.8 Y172.285 E1283.03015
G1 X122.645 Y172.346 E1283.03569
G1 X122.513 Y172.317 E1283.04018
G1 X122.011 Y172.016 E1283.05965
G1 X122 Y172.005 E1283.06017
G1 X122 Y168.021 E1283.19268
G1 F2400 E1282.69268
G0 F15000 X121.52 Y167.303
G0 X121.219 Y167.504
G0 X120.709 Y168.078
G0 X120.34 Y169.043
G0 X120.337 Y170.804
G0 X120.435 Y171.249
G0 X120.786 Y172.022
G0 X123.347 Y175.653
G0 X126.653 Y175.653
G0 X129.305 Y171.887
G0 X129.66 Y170.957
G0 X129.663 Y169.192
G0 X129.557 Y168.739
G0 X129.233 Y168.031
G0 X128.445 Y167.25
G0 X128 Y167.995
G1 F2400 E1283.19268
G1 F2951.7 X128.48 Y168.46 E1283.21491
G1 X128.736 Y169.019 E1283.23536
G1 X128.799 Y169.29 E1283.24461
G1 X128.796 Y170.797 E1283.29473
G1 X128.552 Y171.437 E1283.31751
G1 X128.19 Y171.854 E1283.33588
G1 X128 Y171.98 E1283.34346
G1 X127.524 Y172.294 E1283.36243
G1 X127.336 Y172.334 E1283.36882
G1 X127.2 Y172.265 E1283.37389
G1 X127.2 Y172.228 E1283.37512
G1 X127 Y172.035 E1283.38437
G1 X127 Y167.853 E1283.52346
G1 X127.2 Y167.751 E1283.53093
G1 X127.2 Y167.714 E1283.53216
G1 X127.356 Y167.654 E1283.53772
G1 X127.484 Y167.684 E1283.54209
G1 X127.993 Y167.988 E1283.56181
G1 X128 Y167.995 E1283.56214
G1 X128 Y171.98 E1283.69468
G1 F2400 E1283.19468
;MESH:Limiter bracketV2.stl
G0 F15000 X125.571 Y171.978
G0 X125.12 Y174.09
G0 X125.4 Y174.4
;TYPE:WALL-INNER
G1 F2400 E1283.69468
G1 F2951.7 X125.4 Y130.7 E1285.14815
G1 X124.6 Y130.7 E1285.17476
G1 X124.6 Y174.4 E1286.62823
G1 X125.4 Y174.4 E1286.65483
G0 F15000 X125.8 Y174.8
;TYPE:WALL-OUTER
G1 F2951.7 X125.8 Y130.3 E1288.13491
G1 X124.2 Y130.3 E1288.18813
G1 X124.2 Y174.8 E1289.6682
G1 X125.8 Y174.8 E1289.72142
G0 F15000 X125.52 Y174.52
G0 X125.091 Y171.246
G0 X125.321 Y171.247
;TYPE:FILL
G1 F2951.7 X124.68 Y170.606 E1289.75157
G0 F15000 X124.68 Y170.91
G1 F2951.7 X125.319 Y170.739 E1289.77357
G0 F15000 X125.091 Y170.738
G0 X124.91 Y166.353
G0 X124.68 Y166.353
G1 F2951.7 X125.32 Y163.965 E1289.8558
G0 F15000 X125.091 Y163.964
G0 X124.91 Y162.628
G0 X124.681 Y162.628
G1 F2951.7 X125.319 Y162.457 E1289.87777
G0 F15000 X125.091 Y162.456
G0 X125.091 Y159.932
G0 X125.321 Y159.933
G1 F2951.7 X124.68 Y159.293 E1289.90789
G0 F15000 X124.91 Y159.293
G0 X124.91 Y154.346
G0 X124.68 Y154.346
G1 F2951.7 X125.319 Y154.174 E1289.9299
G0 F15000 X125.091 Y154.173
G0 X125.228 Y150.353
G0 X125.228 Y146.117
G0 X124.91 Y137.781
G0 X124.68 Y137.781
G1 F2951.7 X125.32 Y137.61 E1289.95194
G0 F15000 X125.321 Y137.306
G1 F2951.7 X124.68 Y136.665 E1289.98209
G0 F15000 X124.91 Y136.665
G0 X124.91 Y135.443
G0 X124.68 Y135.443
G1 F2951.7 X125.32 Y133.055 E1290.06432
G0 F15000 X125.092 Y133.054
G0 X125.001 Y131.803
G0 X125 Y131.1
;TYPE:SKIN
G1 F2459.7 X125 Y131.502 E1290.08036
G0 F15000 X125 Y131.803
G0 X125.228 Y145.646
G0 X125.228 Y150.353
G0 X125 Y150.124
G1 F2459.7 X125 Y145.872 E1290.25007
G1 F2400 E1289.75007
G0 F15000 X125 Y145.574
G0 X124.43 Y174.12
G0 X123.335 Y174.12
G0 X113.665 Y174.12
G0 X112.57 Y174.12
G0 X112.09 Y174.12
G0 X112.4 Y174.4
;TYPE:WALL-INNER
G1 F2400 E1290.25007
G1 F2951.7 X112.4 Y130.7 E1291.70354
G1 X111.596 Y130.7 E1291.73028
G1 X111.6 Y174.4 E1293.18374
G1 X112.4 Y174.4 E1293.21035
G0 F15000 X112.8 Y174.8
;TYPE:WALL-OUTER
G1 F2951.7 X112.8 Y130.3 E1294.69043
G1 X111.196 Y130.3 E1294.74378
G1 X111.2 Y174.8 E1296.22385
G1 X112.8 Y174.8 E1296.27707
G0 F15000 X112.319 Y174.222
;TYPE:FILL
G1 F2951.7 X111.953 Y174.32 E1296.28967
G0 F15000 X111.953 Y174.09
G0 X112.09 Y169.56
G0 X112.32 Y169.56
G1 F2951.7 X111.68 Y168.92 E1296.31978
G0 F15000 X111.91 Y168.92
G0 X111.91 Y166.111
G0 X111.679 Y166.111
G1 F2951.7 X112.32 Y165.94 E1296.34184
G0 F15000 X112.09 Y165.94
G0 X112.09 Y158.246
G0 X112.32 Y158.246
G1 F2951.7 X111.678 Y157.605 E1296.37202
G0 F15000 X111.679 Y157.829
G1 F2951.7 X112.319 Y157.658 E1296.39405
G0 F15000 X112.09 Y157.658
G0 X111.91 Y153.058
G0 X111.678 Y153.058
G1 F2951.7 X112.32 Y150.661 E1296.47658
G0 F15000 X112.09 Y150.661
G0 X111.919 Y150.426
G0 X111.917 Y149.483
G1 F2951.7 X111.678 Y149.547 E1296.48481
G0 F15000 X111.878 Y150.426
G0 X111.697 Y146.53
G0 X111.917 Y146.53
G1 F2951.7 X111.678 Y146.29 E1296.49608
G0 F15000 X111.879 Y145.604
G0 X111.909 Y141.265
G0 X111.677 Y141.265
G1 F2951.7 X112.32 Y141.093 E1296.51822
G0 F15000 X112.09 Y141.093
G0 X112.09 Y135.62
G0 X112.32 Y135.62
G1 F2951.7 X111.676 Y134.975 E1296.54853
G0 F15000 X111.909 Y134.975
G0 X111.909 Y132.983
G0 X111.677 Y132.983
G1 F2951.7 X112.319 Y132.811 E1296.57064
G0 F15000 X112.09 Y132.811
G0 X111.999 Y131.803
G0 X111.998 Y131.102
;TYPE:SKIN
G1 F2439.4 X111.998 Y131.5 E1296.58666
G0 F15000 X111.998 Y131.803
G0 X111.769 Y145.646
G0 X111.77 Y150.354
G0 X111.998 Y150.122
G1 F2439.4 X111.998 Y145.874 E1296.75761
G1 F2400 E1296.25761
;MESH:NONMESH
G0 F300 X111.998 Y145.874 Z8.4
G0 F15000 X111.998 Y145.574
G0 X111.41 Y167.944
G0 X110 Y167.944
;TIME_ELAPSED:1730.083594
;LAYER:41
;note -- min layer time used
;TYPE:SUPPORT
G1 F2400 E1296.75761
G1 F2926.4 X109.801 Y167.801 E1296.76577
G1 X109.8 Y167.731 E1296.76809
G1 X109.654 Y167.67 E1296.77336
G1 X109.47 Y167.708 E1296.77961
G1 X108.793 Y168.16 E1296.80668
G1 X108.46 Y168.533 E1296.82331
G1 X108.204 Y169.203 E1296.84717
G1 X108.201 Y170.713 E1296.89739
G1 X108.258 Y170.974 E1296.90627
G1 X108.506 Y171.519 E1296.92619
G1 X109.011 Y172.016 E1296.94976
G1 X109.513 Y172.317 E1296.96922
G1 X109.645 Y172.346 E1296.97372
G1 X109.8 Y172.285 E1296.97926
G1 X109.8 Y172.185 E1296.98259
G1 X110 Y172.006 E1296.99151
G1 F2400 E1296.49151
G0 F15000 X110.353 Y172.979
G0 X110.347 Y175.653
G0 X113.653 Y175.653
G0 X116.305 Y171.887
G0 X116.66 Y170.957
G0 X116.663 Y169.184
G0 X116.538 Y168.685
G0 X116.182 Y167.936
G0 X115.691 Y167.32
G0 X115.282 Y166.993
G0 X114.32 Y166.767
G0 X114.2 Y167.623
G1 F2400 E1296.99151
G1 F2926.4 X114.691 Y167.693 E1297.00801
G1 X114.849 Y167.753 E1297.01363
G1 X115.066 Y167.926 E1297.02286
G1 X115.413 Y168.393 E1297.04221
G1 X115.467 Y168.445 E1297.0447
G1 X115.721 Y168.979 E1297.06437
G1 X115.799 Y169.29 E1297.07504
G1 X115.796 Y170.797 E1297.12516
G1 X115.552 Y171.437 E1297.14794
G1 X115.19 Y171.854 E1297.16631
G1 X114.524 Y172.294 E1297.19286
G1 X114.336 Y172.334 E1297.19925
G1 X114.2 Y172.265 E1297.20432
G1 X114.2 Y172.228 E1297.20555
G1 X114 Y172.033 E1297.21484
G1 X114 Y167.882 E1297.35291
G1 X114.2 Y167.752 E1297.36084
G1 X114.2 Y167.623 E1297.36513
G1 F2400 E1296.86513
G0 F15000 X114.32 Y166.767
G0 X114.903 Y166.851
G0 X115.282 Y166.993
G0 X121.394 Y172.622
G0 X122 Y172.005
G1 F2400 E1297.36513
G1 F2926.4 X121.506 Y171.519 E1297.38818
G1 X121.258 Y170.974 E1297.40809
G1 X121.201 Y170.713 E1297.41698
G1 X121.204 Y169.203 E1297.4672
G1 X121.46 Y168.533 E1297.49106
G1 X121.791 Y168.161 E1297.50762
G1 X122 Y168.021 E1297.51599
G1 X122.477 Y167.703 E1297.53505
G1 X122.66 Y167.666 E1297.54126
G1 X122.859 Y167.754 E1297.5485
G1 X123 Y167.876 E1297.5547
G1 X123 Y172.006 E1297.69207
G1 X122.8 Y172.185 E1297.70099
G1 X122.8 Y172.285 E1297.70432
G1 X122.645 Y172.346 E1297.70986
G1 X122.513 Y172.317 E1297.71435
G1 X122.011 Y172.016 E1297.73382
G1 X122 Y172.005 E1297.73434
G1 X122 Y168.021 E1297.86685
G1 F2400 E1297.36685
G0 F15000 X121.52 Y167.303
G0 X121.219 Y167.504
G0 X120.709 Y168.078
G0 X120.34 Y169.043
G0 X120.337 Y170.804
G0 X120.435 Y171.249
G0 X120.786 Y172.022
G0 X123.347 Y175.653
G0 X126.653 Y175.653
G0 X129.305 Y171.887
G0 X129.66 Y170.957
G0 X129.663 Y169.192
G0 X129.557 Y168.739
G0 X129.233 Y168.031
G0 X128.445 Y167.25
G0 X128 Y167.995
G1 F2400 E1297.86685
G1 F2926.4 X128.48 Y168.46 E1297.88908
G1 X128.736 Y169.019 E1297.90953
G1 X128.799 Y169.29 E1297.91878
G1 X128.796 Y170.797 E1297.9689
G1 X128.552 Y171.437 E1297.99168
G1 X128.19 Y171.854 E1298.01005
G1 X128 Y171.98 E1298.01763
G1 X127.524 Y172.294 E1298.0366
G1 X127.336 Y172.334 E1298.04299
G1 X127.2 Y172.265 E1298.04806
G1 X127.2 Y172.228 E1298.04929
G1 X127 Y172.033 E1298.05859
G1 X127 Y167.853 E1298.19761
G1 X127.2 Y167.751 E1298.20508
G1 X127.2 Y167.714 E1298.20631
G1 X127.356 Y167.654 E1298.21187
G1 X127.484 Y167.684 E1298.21624
G1 X127.993 Y167.988 E1298.23596
G1 X128 Y167.995 E1298.23629
G1 X128 Y171.98 E1298.36883
G1 F2400 E1297.86883
;MESH:Limiter bracketV2.stl
G0 F15000 X125.571 Y171.978
G0 X125.12 Y174.09
G0 X125.4 Y174.4
;TYPE:WALL-INNER
G1 F2400 E1298.36883
G1 F2926.4 X125.4 Y130.9 E1299.81565
G1 X124.6 Y130.9 E1299.84226
G1 X124.6 Y174.4 E1301.28907
G1 X125.4 Y174.4 E1301.31568
G0 F15000 X125.8 Y174.8
;TYPE:WALL-OUTER
G1 F2926.4 X125.8 Y130.5 E1302.7891
G1 X124.2 Y130.5 E1302.84232
G1 X124.2 Y174.8 E1304.31574
G1 X125.8 Y174.8 E1304.36896
G0 F15000 X125.52 Y174.52
G0 X125.091 Y171.046
G0 X125.32 Y171.047
;TYPE:FILL
G1 F2926.4 X124.68 Y170.407 E1304.39906
G0 F15000 X124.68 Y171.056
G1 F2926.4 X125.319 Y170.885 E1304.42106
G0 F15000 X125.091 Y170.884
G0 X124.91 Y165.808
G0 X124.68 Y165.808
G1 F2926.4 X125.32 Y163.422 E1304.50323
G0 F15000 X125.319 Y162.603
G1 F2926.4 X124.68 Y162.774 E1304.52523
G0 F15000 X124.91 Y162.774
G0 X125.091 Y159.732
G0 X125.32 Y159.733
G1 F2926.4 X124.68 Y159.093 E1304.55533
G0 F15000 X124.91 Y159.093
G0 X124.91 Y154.491
G0 X124.681 Y154.491
G1 F2926.4 X125.319 Y154.32 E1304.5773
G0 F15000 X125.091 Y154.319
G0 X125.228 Y150.146
G0 X125.228 Y146.283
G0 X124.91 Y137.927
G0 X124.681 Y137.927
G1 F2926.4 X125.32 Y137.756 E1304.5993
G0 F15000 X125.321 Y137.107
G1 F2926.4 X124.68 Y136.466 E1304.62945
G0 F15000 X124.91 Y136.466
G0 X124.91 Y134.897
G0 X124.68 Y134.897
G1 F2926.4 X125.32 Y132.508 E1304.71171
G0 F15000 X125.092 Y132.507
G0 X125.001 Y132.003
G0 X125 Y131.3
;TYPE:SKIN
G1 F2438.7 X125 Y131.702 E1304.72776
G0 F15000 X125 Y132.003
G0 X124.772 Y145.855
G0 X124.772 Y150.146
G0 X125 Y149.916
G1 F2438.7 X125 Y146.082 E1304.88078
G1 F2400 E1304.38078
G0 F15000 X125 Y145.782
G0 X124.43 Y174.12
G0 X123.335 Y174.12
G0 X113.665 Y174.12
G0 X112.57 Y174.12
G0 X112.09 Y174.12
G0 X112.4 Y174.4
;TYPE:WALL-INNER
G1 F2400 E1304.88078
G1 F2926.4 X112.4 Y130.9 E1306.3276
G1 X111.596 Y130.9 E1306.35434
G1 X111.6 Y174.4 E1307.80116
G1 X112.4 Y174.4 E1307.82776
G0 F15000 X112.8 Y174.8
;TYPE:WALL-OUTER
G1 F2926.4 X112.8 Y130.5 E1309.30119
G1 X111.196 Y130.5 E1309.35454
G1 X111.2 Y174.8 E1310.82796
G1 X112.8 Y174.8 E1310.88118
G0 F15000 X112.52 Y174.52
G0 X112.09 Y169.361
G0 X112.32 Y169.361
;TYPE:FILL
G1 F2926.4 X111.68 Y168.721 E1310.91128
G0 F15000 X111.91 Y168.721
G0 X111.91 Y166.257
G0 X111.68 Y166.257
G1 F2926.4 X112.319 Y166.086 E1310.93328
G0 F15000 X112.09 Y166.086
G0 X112.09 Y158.048
G0 X112.32 Y158.048
G1 F2926.4 X111.678 Y157.406 E1310.96348
G0 F15000 X111.678 Y157.975
G1 F2926.4 X112.319 Y157.804 E1310.98554
G0 F15000 X112.09 Y157.804
G0 X111.91 Y152.512
G0 X111.678 Y152.512
G1 F2926.4 X112.32 Y150.118 E1311.06798
G0 F15000 X111.917 Y149.629
G1 F2926.4 X111.678 Y149.693 E1311.07621
G0 F15000 X111.91 Y150.218
G0 X111.769 Y145.855
G0 X111.918 Y146.332
G1 F2926.4 X111.678 Y146.091 E1311.08752
G0 F15000 X111.879 Y145.813
G0 X111.909 Y141.411
G0 X111.677 Y141.411
G1 F2926.4 X112.32 Y141.239 E1311.10966
G0 F15000 X112.09 Y141.239
G0 X112.09 Y135.419
G0 X112.32 Y135.419
G1 F2926.4 X111.676 Y134.776 E1311.13993
G0 F15000 X111.909 Y134.776
G0 X111.909 Y133.129
G0 X111.677 Y133.129
G1 F2926.4 X112.319 Y132.957 E1311.16204
G0 F15000 X112.09 Y132.957
G0 X111.999 Y132.003
G0 X111.998 Y131.302
;TYPE:SKIN
G1 F2418.5 X111.998 Y131.7 E1311.17805
G0 F15000 X111.998 Y132.003
G0 X111.769 Y145.855
G0 X111.77 Y150.146
G0 X111.998 Y149.914
G1 F2418.5 X111.998 Y146.084 E1311.33219
G1 F2400 E1310.83219
;MESH:NONMESH
G0 F300 X111.998 Y146.084 Z8.6
G0 F15000 X111.998 Y145.782
G0 X111.41 Y167.944
G0 X110 Y167.944
;TIME_ELAPSED:1750.935316
;LAYER:42
;note -- min layer time used
;TYPE:SUPPORT
G1 F2400 E1311.33219
G1 F2909.5 X109.801 Y167.801 E1311.34034
G1 X109.8 Y167.731 E1311.34267
G1 X109.654 Y167.67 E1311.34793
G1 X109.47 Y167.708 E1311.35418
G1 X108.793 Y168.16 E1311.38126
G1 X108.46 Y168.533 E1311.39789
G1 X108.204 Y169.203 E1311.42174
G1 X108.201 Y170.713 E1311.47197
G1 X108.258 Y170.974 E1311.48085
G1 X108.506 Y171.519 E1311.50077
G1 X109.011 Y172.016 E1311.52433
G1 X109.513 Y172.317 E1311.5438
G1 X109.645 Y172.346 E1311.5483
G1 X109.8 Y172.285 E1311.55384
G1 X109.8 Y172.185 E1311.55716
G1 X110 Y172.006 E1311.56609
G1 F2400 E1311.06609
G0 F15000 X110.353 Y172.979
G0 X110.347 Y175.653
G0 X113.653 Y175.653
G0 X116.305 Y171.887
G0 X116.66 Y170.957
G0 X116.663 Y169.184
G0 X116.538 Y168.685
G0 X116.182 Y167.936
G0 X115.691 Y167.32
G0 X115.282 Y166.993
G0 X114.32 Y166.767
G0 X114.2 Y167.623
G1 F2400 E1311.56609
G1 F2909.5 X114.691 Y167.693 E1311.58259
G1 X114.849 Y167.753 E1311.58821
G1 X115.066 Y167.926 E1311.59744
G1 X115.413 Y168.393 E1311.61679
G1 X115.467 Y168.445 E1311.61928
G1 X115.721 Y168.979 E1311.63895
G1 X115.799 Y169.29 E1311.64961
G1 X115.796 Y170.797 E1311.69974
G1 X115.552 Y171.437 E1311.72252
G1 X115.19 Y171.854 E1311.74088
G1 X114.524 Y172.294 E1311.76743
G1 X114.336 Y172.334 E1311.77383
G1 X114.2 Y172.265 E1311.7789
G1 X114.2 Y172.228 E1311.78013
G1 X114 Y172.033 E1311.78942
G1 X114 Y167.882 E1311.92748
G1 X114.2 Y167.752 E1311.93542
G1 X114.2 Y167.623 E1311.93971
G1 F2400 E1311.43971
G0 F15000 X114.32 Y166.767
G0 X114.903 Y166.851
G0 X115.282 Y166.993
G0 X121.394 Y172.622
G0 X122 Y172.005
G1 F2400 E1311.93971
G1 F2909.5 X121.506 Y171.519 E1311.96276
G1 X121.258 Y170.974 E1311.98267
G1 X121.201 Y170.713 E1311.99156
G1 X121.204 Y169.203 E1312.04178
G1 X121.46 Y168.533 E1312.06563
G1 X121.791 Y168.161 E1312.0822
G1 X122 Y168.021 E1312.09056
G1 X122.477 Y167.703 E1312.10963
G1 X122.66 Y167.666 E1312.11584
G1 X122.859 Y167.754 E1312.12308
G1 X123 Y167.876 E1312.12928
G1 X123 Y172.006 E1312.26664
G1 X122.8 Y172.185 E1312.27557
G1 X122.8 Y172.285 E1312.2789
G1 X122.645 Y172.346 E1312.28444
G1 X122.513 Y172.317 E1312.28893
G1 X122.011 Y172.016 E1312.3084
G1 X122 Y172.005 E1312.30892
G1 X122 Y168.021 E1312.44143
G1 F2400 E1311.94143
G0 F15000 X121.52 Y167.303
G0 X121.219 Y167.504
G0 X120.709 Y168.078
G0 X120.34 Y169.043
G0 X120.337 Y170.804
G0 X120.435 Y171.249
G0 X120.786 Y172.022
G0 X123.347 Y175.653
G0 X126.653 Y175.653
G0 X129.305 Y171.887
G0 X129.66 Y170.957
G0 X129.663 Y169.192
G0 X129.557 Y168.739
G0 X129.233 Y168.031
G0 X128.445 Y167.25
G0 X128 Y167.995
G1 F2400 E1312.44143
G1 F2909.5 X128.48 Y168.46 E1312.46365
G1 X128.736 Y169.019 E1312.4841
G1 X128.799 Y169.29 E1312.49336
G1 X128.796 Y170.797 E1312.54348
G1 X128.552 Y171.437 E1312.56626
G1 X128.19 Y171.854 E1312.58463
G1 X128 Y171.98 E1312.59221
G1 X127.524 Y172.294 E1312.61118
G1 X127.336 Y172.334 E1312.61757
G1 X127.2 Y172.265 E1312.62264
G1 X127.2 Y172.228 E1312.62387
G1 X127 Y172.033 E1312.63316
G1 X127 Y167.853 E1312.77219
G1 X127.2 Y167.751 E1312.77966
G1 X127.2 Y167.714 E1312.78089
G1 X127.356 Y167.654 E1312.78645
G1 X127.484 Y167.684 E1312.79082
G1 X127.993 Y167.988 E1312.81054
G1 X128 Y167.995 E1312.81087
G1 X128 Y171.98 E1312.94341
G1 F2400 E1312.44341
;MESH:Limiter bracketV2.stl
G0 F15000 X125.571 Y171.978
G0 X125.12 Y174.09
G0 X125.4 Y174.4
;TYPE:WALL-INNER
G1 F2400 E1312.94341
G1 F2909.5 X125.4 Y131.1 E1314.38357
G1 X124.6 Y131.1 E1314.41018
G1 X124.6 Y174.4 E1315.85034
G1 X125.4 Y174.4 E1315.87695
G0 F15000 X125.8 Y174.8
;TYPE:WALL-OUTER
G1 F2909.5 X125.8 Y130.7 E1317.34372
G1 X124.2 Y130.7 E1317.39694
G1 X124.2 Y174.8 E1318.86371
G1 X125.8 Y174.8 E1318.91693
G0 F15000 X125.52 Y174.52
G0 X124.91 Y171.203
G0 X124.68 Y171.203
;TYPE:FILL
G1 F2909.5 X125.319 Y171.032 E1318.93893
G1 X125.32 Y170.846
G1 X124.68 Y170.206 E1318.96903
G0 F15000 X124.91 Y170.206
G0 X124.91 Y165.26
G0 X124.68 Y165.26
G1 F2909.5 X125.32 Y162.871 E1319.05129
G1 X125.319 Y162.75
G1 X124.68 Y162.921 E1319.0733
G0 F15000 X124.91 Y162.921
G0 X125.091 Y159.531
G0 X125.32 Y159.532
G1 F2909.5 X124.68 Y158.893 E1319.10338
G0 F15000 X124.91 Y158.893
G0 X124.91 Y154.638
G0 X124.681 Y154.638
G1 F2909.5 X125.319 Y154.467 E1319.12534
G0 F15000 X125.091 Y154.466
G0 X125.228 Y149.873
G0 X125.228 Y146.127
G0 X124.984 Y146.055
G0 X124.984 Y146.275
G1 F2909.5 X125.32 Y146.185 E1319.13691
G0 F15000 X125.121 Y146.085
G0 X124.91 Y138.074
G0 X124.681 Y138.074
G1 F2909.5 X125.319 Y137.903 E1319.15888
G0 F15000 X125.321 Y136.906
G1 F2909.5 X124.68 Y136.265 E1319.18903
G0 F15000 X124.91 Y136.265
G0 X124.91 Y134.35
G0 X124.68 Y134.35
G1 F2909.5 X125.315 Y131.982 E1319.27058
G0 F15000 X125 Y131.5
;TYPE:SKIN
G1 F2424.6 X125 Y131.902 E1319.28662
G0 F15000 X125 Y132.203
G0 X125.228 Y146.127
G0 X125.228 Y149.873
G0 X125 Y149.644
G1 F2424.6 X125 Y146.352 E1319.41801
G1 F2400 E1318.91801
G0 F15000 X125 Y146.055
G0 X124.43 Y174.12
G0 X123.335 Y174.12
G0 X113.665 Y174.12
G0 X112.57 Y174.12
G0 X112.09 Y174.12
G0 X112.4 Y174.4
;TYPE:WALL-INNER
G1 F2400 E1319.41801
G1 F2909.5 X112.4 Y131.1 E1320.85818
G1 X111.596 Y131.1 E1320.88492
G1 X111.6 Y174.4 E1322.32508
G1 X112.4 Y174.4 E1322.35169
G0 F15000 X112.8 Y174.8
;TYPE:WALL-OUTER
G1 F2909.5 X112.8 Y130.7 E1323.81846
G1 X111.196 Y130.7 E1323.87181
G1 X111.2 Y174.8 E1325.33858
G1 X112.8 Y174.8 E1325.3918
G0 F15000 X112.52 Y174.52
G0 X112.09 Y169.16
G0 X112.32 Y169.16
;TYPE:FILL
G1 F2909.5 X111.68 Y168.52 E1325.4219
G0 F15000 X111.91 Y168.52
G0 X111.91 Y166.404
G0 X111.68 Y166.404
G1 F2909.5 X112.319 Y166.233 E1325.4439
G0 F15000 X112.09 Y166.233
G0 X111.91 Y158.122
G0 X111.678 Y158.122
G1 F2909.5 X112.32 Y157.951 E1325.466
G1 X112.32 Y157.847
G1 X111.678 Y157.205 E1325.4962
G0 F15000 X111.91 Y157.205
G0 X111.91 Y151.965
G0 X111.678 Y151.965
G1 F2909.5 X112.278 Y149.724 E1325.57336
G1 X112.108 Y149.725
G1 X111.678 Y149.84 E1325.58816
G0 F15000 X111.91 Y149.945
G0 X111.769 Y146.127
G0 X112.062 Y146.055
G0 X112.062 Y146.275
G1 F2909.5 X111.677 Y145.89 E1325.60627
G0 F15000 X111.909 Y145.89
G0 X111.909 Y141.558
G0 X111.677 Y141.558
G1 F2909.5 X112.32 Y141.386 E1325.62841
G0 F15000 X112.09 Y141.386
G0 X112.09 Y135.219
G0 X112.32 Y135.219
G1 F2909.5 X111.676 Y134.575 E1325.6587
G0 F15000 X111.909 Y134.575
G0 X111.909 Y133.276
G0 X111.677 Y133.276
G1 F2909.5 X112.319 Y133.104 E1325.68081
G0 F15000 X112.09 Y133.104
G0 X111.999 Y132.203
G0 X111.998 Y131.502
;TYPE:SKIN
G1 F2404.6 X111.998 Y131.9 E1325.69683
G0 F15000 X111.998 Y132.203
G0 X111.769 Y146.127
G0 X111.77 Y149.873
G0 X111.998 Y149.642
G1 F2404.6 X111.998 Y146.354 E1325.82915
G1 F2400 E1325.32915
;MESH:NONMESH
G0 F300 X111.998 Y146.354 Z8.8
G0 F15000 X111.998 Y146.055
G0 X111.41 Y167.944
G0 X110 Y167.944
;TIME_ELAPSED:1771.728547
;LAYER:43
;note -- min layer time used
;TYPE:SUPPORT
G1 F2400 E1325.82915
G1 F2882.9 X109.801 Y167.801 E1325.8373
G1 X109.8 Y167.731 E1325.83963
G1 X109.654 Y167.67 E1325.84489
G1 X109.47 Y167.708 E1325.85114
G1 X108.793 Y168.16 E1325.87822
G1 X108.46 Y168.533 E1325.89485
G1 X108.204 Y169.203 E1325.9187
G1 X108.201 Y170.713 E1325.96893
G1 X108.258 Y170.974 E1325.97781
G1 X108.506 Y171.519 E1325.99773
G1 X109.011 Y172.016 E1326.02129
G1 X109.513 Y172.317 E1326.04076
G1 X109.645 Y172.346 E1326.04526
G1 X109.8 Y172.285 E1326.0508
G1 X109.8 Y172.185 E1326.05412
G1 X110 Y172.006 E1326.06305
G1 F2400 E1325.56305
G0 F15000 X110.353 Y172.979
G0 X110.347 Y175.653
G0 X113.653 Y175.653
G0 X116.305 Y171.887
G0 X116.66 Y170.957
G0 X116.663 Y169.184
G0 X116.538 Y168.685
G0 X116.182 Y167.936
G0 X115.691 Y167.32
G0 X115.282 Y166.993
G0 X114.32 Y166.767
G0 X114.2 Y167.623
G1 F2400 E1326.06305
G1 F2882.9 X114.691 Y167.693 E1326.07954
G1 X114.849 Y167.753 E1326.08517
G1 X115.066 Y167.926 E1326.0944
G1 X115.413 Y168.393 E1326.11375
G1 X115.467 Y168.445 E1326.11624
G1 X115.721 Y168.979 E1326.13591
G1 X115.799 Y169.29 E1326.14657
G1 X115.796 Y170.797 E1326.1967
G1 X115.552 Y171.437 E1326.21948
G1 X115.19 Y171.854 E1326.23784
G1 X114.524 Y172.294 E1326.26439
G1 X114.336 Y172.334 E1326.27078
G1 X114.2 Y172.265 E1326.27586
G1 X114.2 Y172.226 E1326.27715
G1 X114 Y172.032 E1326.28642
G1 X114 Y167.882 E1326.42445
G1 X114.2 Y167.752 E1326.43239
G1 X114.2 Y167.623 E1326.43668
G1 F2400 E1325.93668
G0 F15000 X114.32 Y166.767
G0 X114.903 Y166.851
G0 X115.282 Y166.993
G0 X121.394 Y172.622
G0 X122 Y172.005
G1 F2400 E1326.43668
G1 F2882.9 X121.506 Y171.519 E1326.45972
G1 X121.258 Y170.974 E1326.47964
G1 X121.201 Y170.713 E1326.48853
G1 X121.204 Y169.203 E1326.53875
G1 X121.46 Y168.533 E1326.5626
G1 X121.791 Y168.161 E1326.57917
G1 X122 Y168.021 E1326.58753
G1 X122.477 Y167.703 E1326.6066
G1 X122.66 Y167.666 E1326.61281
G1 X122.859 Y167.754 E1326.62005
G1 X123 Y167.876 E1326.62625
G1 X123 Y172.006 E1326.76361
G1 X122.8 Y172.185 E1326.77254
G1 X122.8 Y172.285 E1326.77587
G1 X122.645 Y172.346 E1326.78141
G1 X122.513 Y172.317 E1326.7859
G1 X122.011 Y172.016 E1326.80537
G1 X122 Y172.005 E1326.80589
G1 X122 Y168.021 E1326.93839
G1 F2400 E1326.43839
G0 F15000 X121.52 Y167.303
G0 X121.219 Y167.504
G0 X120.709 Y168.078
G0 X120.34 Y169.043
G0 X120.337 Y170.804
G0 X120.435 Y171.249
G0 X120.786 Y172.022
G0 X123.347 Y175.653
G0 X126.653 Y175.653
G0 X129.305 Y171.887
G0 X129.66 Y170.957
G0 X129.663 Y169.192
G0 X129.557 Y168.739
G0 X129.233 Y168.031
G0 X128.445 Y167.25
G0 X128 Y167.995
G1 F2400 E1326.93839
G1 F2882.9 X128.48 Y168.46 E1326.96062
G1 X128.736 Y169.019 E1326.98107
G1 X128.799 Y169.29 E1326.99033
G1 X128.796 Y170.797 E1327.04045
G1 X128.552 Y171.437 E1327.06323
G1 X128.19 Y171.854 E1327.0816
G1 X128 Y171.98 E1327.08918
G1 X127.524 Y172.294 E1327.10814
G1 X127.336 Y172.334 E1327.11454
G1 X127.2 Y172.265 E1327.11961
G1 X127.2 Y172.226 E1327.12091
G1 X127 Y172.032 E1327.13017
G1 X127 Y167.853 E1327.26917
G1 X127.2 Y167.751 E1327.27664
G1 X127.2 Y167.714 E1327.27787
G1 X127.356 Y167.654 E1327.28343
G1 X127.484 Y167.684 E1327.2878
G1 X127.993 Y167.988 E1327.30752
G1 X128 Y167.995 E1327.30785
G1 X128 Y171.98 E1327.44039
G1 F2400 E1326.94039
;MESH:Limiter bracketV2.stl
G0 F15000 X125.571 Y171.978
G0 X125.12 Y174.09
G0 X125.4 Y174.4
;TYPE:WALL-INNER
G1 F2400 E1327.44039
G1 F2882.9 X125.4 Y131.3 E1328.8739
G1 X124.6 Y131.3 E1328.90051
G1 X124.6 Y174.4 E1330.33402
G1 X125.4 Y174.4 E1330.36063
G0 F15000 X125.8 Y174.8
;TYPE:WALL-OUTER
G1 F2882.9 X125.8 Y130.9 E1331.82075
G1 X124.2 Y130.9 E1331.87396
G1 X124.2 Y174.8 E1333.33408
G1 X125.8 Y174.8 E1333.3873
G0 F15000 X125.52 Y174.52
G0 X124.91 Y171.349
G0 X124.681 Y171.349
;TYPE:FILL
G1 F2882.9 X125.319 Y171.178 E1333.40927
G0 F15000 X125.32 Y170.647
G1 F2882.9 X124.68 Y170.007 E1333.43937
G0 F15000 X124.91 Y170.007
G0 X124.91 Y164.715
G0 X124.68 Y164.715
G1 F2882.9 X125.32 Y162.326 E1333.52163
G0 F15000 X125.32 Y162.895
G1 F2882.9 X124.68 Y163.067 E1333.54368
G0 F15000 X124.91 Y163.067
G0 X125.091 Y159.332
G0 X125.32 Y159.333
G1 F2882.9 X124.68 Y158.693 E1333.57378
G0 F15000 X124.91 Y158.693
G0 X124.91 Y154.784
G0 X124.681 Y154.784
G1 F2882.9 X125.319 Y154.613 E1333.59575
G0 F15000 X125.091 Y154.612
G0 X124.772 Y149.429
G0 X124.772 Y146.571
G0 X124.681 Y146.502
G1 F2882.9 X125.319 Y146.331 E1333.61772
G0 F15000 X125.092 Y146.33
G0 X124.91 Y138.22
G0 X124.68 Y138.22
G1 F2882.9 X125.32 Y138.049 E1333.63975
G0 F15000 X125.092 Y138.048
G0 X125.092 Y136.705
G0 X125.321 Y136.706
G1 F2882.9 X124.68 Y136.066 E1333.66988
G0 F15000 X124.91 Y136.066
G0 X124.91 Y133.805
G0 X124.68 Y133.805
G1 F2882.9 X125.115 Y132.182 E1333.72576
G0 F15000 X125 Y131.7
;TYPE:SKIN
G1 F2402.4 X125 Y132.102 E1333.74181
G0 F15000 X125 Y132.403
G0 X125.228 Y146.571
G0 X125.228 Y149.429
G0 X125 Y149.2
G1 F2402.4 X125 Y146.796 E1333.83776
G1 F2400 E1333.33776
G0 F15000 X125 Y146.499
G0 X124.43 Y174.12
G0 X123.335 Y174.12
G0 X113.665 Y174.12
G0 X112.57 Y174.12
G0 X112.09 Y174.12
G0 X112.4 Y174.4
;TYPE:WALL-INNER
G1 F2400 E1333.83776
G1 F2882.9 X112.4 Y131.3 E1335.27127
G1 X111.596 Y131.3 E1335.29801
G1 X111.6 Y174.4 E1336.73152
G1 X112.4 Y174.4 E1336.75813
G0 F15000 X112.8 Y174.8
;TYPE:WALL-OUTER
G1 F2882.9 X112.8 Y130.9 E1338.21825
G1 X111.196 Y130.9 E1338.2716
G1 X111.2 Y174.8 E1339.73172
G1 X112.8 Y174.8 E1339.78494
G0 F15000 X112.52 Y174.52
G0 X112.09 Y168.961
G0 X112.32 Y168.961
;TYPE:FILL
G1 F2882.9 X111.68 Y168.32 E1339.81506
G0 F15000 X111.91 Y168.32
G0 X111.91 Y166.55
G0 X111.68 Y166.55
G1 F2882.9 X112.319 Y166.379 E1339.83706
G0 F15000 X112.09 Y166.379
G0 X111.91 Y158.268
G0 X111.679 Y158.268
G1 F2882.9 X112.32 Y158.097 E1339.85913
G0 F15000 X112.32 Y157.647
G1 F2882.9 X111.678 Y157.005 E1339.88933
G0 F15000 X111.91 Y157.005
G0 X111.91 Y151.42
G0 X111.678 Y151.42
G1 F2882.9 X112.251 Y149.28 E1339.96301
G0 F15000 X112.319 Y149.815
G1 F2882.9 X111.678 Y149.986 E1339.98508
G0 F15000 X111.91 Y149.986
G0 X112.228 Y149.429
G0 X112.228 Y146.571
G0 X112.09 Y146.333
G0 X112.32 Y146.333
G1 F2882.9 X111.677 Y145.69 E1340.01532
G0 F15000 X111.909 Y145.69
G0 X111.909 Y141.704
G0 X111.677 Y141.704
G1 F2882.9 X112.319 Y141.532 E1340.03743
G0 F15000 X112.09 Y141.532
G0 X112.09 Y135.019
G0 X112.32 Y135.019
G1 F2882.9 X111.675 Y134.375 E1340.06774
G0 F15000 X111.677 Y133.422
G1 F2882.9 X112.32 Y133.25 E1340.08988
G0 F15000 X112.09 Y133.25
G0 X111.999 Y132.403
G0 X111.998 Y131.702
;TYPE:SKIN
G1 F2382.6 X111.998 Y132.1 E1340.1059
G0 F15000 X111.998 Y132.403
G0 X111.769 Y146.572
G0 X111.77 Y149.429
G0 X111.998 Y149.198
G1 F2382.6 X111.998 Y146.8 E1340.2024
G1 F2400 E1339.7024
;MESH:NONMESH
G0 F300 X111.998 Y146.8 Z9
G0 F15000 X111.998 Y146.499
G0 X111.769 Y147.382
G0 X111.41 Y167.944
G0 X110 Y167.944
;TIME_ELAPSED:1792.624091
;LAYER:44
;note -- min layer time used
;TYPE:SUPPORT
G1 F2400 E1340.2024
G1 F2819.9 X109.801 Y167.801 E1340.21055
G1 X109.8 Y167.731 E1340.21288
G1 X109.654 Y167.67 E1340.21815
G1 X109.47 Y167.708 E1340.2244
G1 X108.793 Y168.16 E1340.25147
G1 X108.46 Y168.533 E1340.2681
G1 X108.204 Y169.203 E1340.29196
G1 X108.201 Y170.713 E1340.34218
G1 X108.258 Y170.974 E1340.35106
G1 X108.506 Y171.519 E1340.37098
G1 X109.011 Y172.016 E1340.39455
G1 X109.513 Y172.317 E1340.41401
G1 X109.645 Y172.346 E1340.41851
G1 X109.8 Y172.285 E1340.42405
G1 X109.8 Y172.184 E1340.42741
G1 X110 Y172.005 E1340.43634
G1 F2400 E1339.93634
G0 F15000 X110.353 Y172.979
G0 X110.347 Y175.653
G0 X113.653 Y175.653
G0 X116.305 Y171.887
G0 X116.66 Y170.957
G0 X116.663 Y169.184
G0 X116.538 Y168.685
G0 X116.182 Y167.936
G0 X115.691 Y167.32
G0 X115.282 Y166.993
G0 X114.32 Y166.767
G0 X114.2 Y167.623
G1 F2400 E1340.43634
G1 F2819.9 X114.691 Y167.693 E1340.45283
G1 X114.849 Y167.753 E1340.45845
G1 X115.066 Y167.926 E1340.46768
G1 X115.413 Y168.393 E1340.48703
G1 X115.467 Y168.445 E1340.48953
G1 X115.721 Y168.979 E1340.50919
G1 X115.799 Y169.29 E1340.51986
G1 X115.796 Y170.797 E1340.56998
G1 X115.552 Y171.437 E1340.59276
G1 X115.19 Y171.854 E1340.61113
G1 X114.524 Y172.294 E1340.63768
G1 X114.336 Y172.334 E1340.64407
G1 X114.2 Y172.265 E1340.64914
G1 X114.2 Y172.226 E1340.65044
G1 X114 Y172.03 E1340.65975
G1 X114 Y167.882 E1340.79772
G1 X114.2 Y167.752 E1340.80565
G1 X114.2 Y167.623 E1340.80994
G1 F2400 E1340.30994
G0 F15000 X114.32 Y166.767
G0 X114.903 Y166.851
G0 X115.282 Y166.993
G0 X121.394 Y172.622
G0 X122 Y172.005
G1 F2400 E1340.80994
G1 F2819.9 X121.506 Y171.519 E1340.83299
G1 X121.258 Y170.974 E1340.85291
G1 X121.201 Y170.713 E1340.86179
G1 X121.204 Y169.203 E1340.91201
G1 X121.46 Y168.533 E1340.93587
G1 X121.791 Y168.161 E1340.95243
G1 X122 Y168.021 E1340.9608
G1 X122.477 Y167.703 E1340.97987
G1 X122.66 Y167.666 E1340.98608
G1 X122.859 Y167.754 E1340.99331
G1 X123 Y167.876 E1340.99951
G1 X123 Y172.005 E1341.13685
G1 X122.8 Y172.184 E1341.14577
G1 X122.8 Y172.285 E1341.14913
G1 X122.645 Y172.346 E1341.15467
G1 X122.513 Y172.317 E1341.15917
G1 X122.011 Y172.016 E1341.17864
G1 X122 Y172.005 E1341.17915
G1 X122 Y168.021 E1341.31166
G1 F2400 E1340.81166
G0 F15000 X121.52 Y167.303
G0 X121.219 Y167.504
G0 X120.709 Y168.078
G0 X120.34 Y169.043
G0 X120.337 Y170.804
G0 X120.435 Y171.249
G0 X120.786 Y172.022
G0 X123.347 Y175.653
G0 X126.653 Y175.653
G0 X129.305 Y171.887
G0 X129.66 Y170.957
G0 X129.663 Y169.192
G0 X129.557 Y168.739
G0 X129.233 Y168.031
G0 X128.445 Y167.25
G0 X128 Y167.995
G1 F2400 E1341.31166
G1 F2819.9 X128.48 Y168.46 E1341.33389
G1 X128.736 Y169.019 E1341.35434
G1 X128.799 Y169.29 E1341.36359
G1 X128.796 Y170.797 E1341.41372
G1 X128.552 Y171.437 E1341.4365
G1 X128.19 Y171.854 E1341.45486
G1 X128 Y171.98 E1341.46245
G1 X127.524 Y172.294 E1341.48141
G1 X127.336 Y172.334 E1341.4878
G1 X127.2 Y172.265 E1341.49288
G1 X127.2 Y172.226 E1341.49417
G1 X127 Y172.031 E1341.50346
G1 X127 Y167.853 E1341.64243
G1 X127.2 Y167.751 E1341.64989
G1 X127.2 Y167.714 E1341.65112
G1 X127.356 Y167.654 E1341.65668
G1 X127.484 Y167.684 E1341.66105
G1 X127.993 Y167.988 E1341.68077
G1 X128 Y167.995 E1341.6811
G1 X128 Y171.98 E1341.81364
G1 F2400 E1341.31364
;MESH:Limiter bracketV2.stl
G0 F15000 X125.571 Y171.978
G0 X125.12 Y174.09
G0 X125.4 Y174.4
;TYPE:WALL-INNER
G1 F2400 E1341.81364
G1 F2819.9 X125.4 Y131.5 E1343.2405
G1 X124.6 Y131.5 E1343.26711
G1 X124.6 Y174.4 E1344.69397
G1 X125.4 Y174.4 E1344.72058
G0 F15000 X125.8 Y174.8
;TYPE:WALL-OUTER
G1 F2819.9 X125.8 Y131.1 E1346.17405
G1 X124.2 Y131.1 E1346.22726
G1 X124.2 Y174.8 E1347.68073
G1 X125.8 Y174.8 E1347.73395
G0 F15000 X125.52 Y174.52
G0 X124.91 Y171.495
G0 X124.681 Y171.495
;TYPE:FILL
G1 F2819.9 X125.319 Y171.324 E1347.75592
G0 F15000 X125.32 Y170.447
G1 F2819.9 X124.68 Y169.807 E1347.78602
G0 F15000 X124.91 Y169.807
G0 X124.91 Y164.17
G0 X124.68 Y164.17
G1 F2819.9 X125.32 Y161.783 E1347.86822
G0 F15000 X125.091 Y161.782
G0 X125.091 Y163.04
G0 X125.319 Y163.041
G1 F2819.9 X124.68 Y163.213 E1347.89023
G0 F15000 X124.91 Y163.213
G0 X125.091 Y159.133
G0 X125.32 Y159.134
G1 F2819.9 X124.68 Y158.494 E1347.92033
G0 F15000 X124.91 Y158.494
G0 X124.91 Y154.93
G0 X124.68 Y154.93
G1 F2819.9 X125.319 Y154.759 E1347.94233
G0 F15000 X125.091 Y154.758
G0 X125.092 Y147.819
G0 X125.32 Y147.82
G1 F2819.9 X124.68 Y147.18 E1347.97244
G0 F15000 X124.68 Y146.648
G1 F2819.9 X125.319 Y146.477 E1347.99444
G0 F15000 X125.092 Y146.476
G0 X124.91 Y138.366
G0 X124.68 Y138.366
G1 F2819.9 X125.32 Y138.195 E1348.01647
G0 F15000 X125.092 Y138.194
G0 X125.092 Y136.505
G0 X125.32 Y136.506
G1 F2819.9 X124.68 Y135.866 E1348.04657
G0 F15000 X124.91 Y135.866
G0 X124.91 Y133.26
G0 X124.68 Y133.26
G1 F2819.9 X124.915 Y132.382 E1348.0768
G0 F15000 X125 Y131.9
;TYPE:SKIN
G1 F2349.9 X125 Y132.302 E1348.09285
G1 F2400 E1347.59285
G0 F15000 X125 Y132.603
G0 X124.43 Y174.12
G0 X123.335 Y174.12
G0 X113.665 Y174.12
G0 X112.57 Y174.12
G0 X112.09 Y174.12
G0 X112.4 Y174.4
;TYPE:WALL-INNER
G1 F2400 E1348.09285
G1 F2819.9 X112.4 Y131.5 E1349.51971
G1 X111.596 Y131.5 E1349.54645
G1 X111.6 Y174.4 E1350.97331
G1 X112.4 Y174.4 E1350.99992
G0 F15000 X112.8 Y174.8
;TYPE:WALL-OUTER
G1 F2819.9 X112.8 Y131.1 E1352.45339
G1 X111.196 Y131.1 E1352.50673
G1 X111.2 Y174.8 E1353.9602
G1 X112.8 Y174.8 E1354.01342
G0 F15000 X112.52 Y174.52
G0 X112.09 Y168.761
G0 X112.32 Y168.761
;TYPE:FILL
G1 F2819.9 X111.68 Y168.121 E1354.04352
G0 F15000 X111.91 Y168.121
G0 X111.91 Y166.696
G0 X111.68 Y166.696
G1 F2819.9 X112.319 Y166.525 E1354.06552
G0 F15000 X112.09 Y166.525
G0 X111.91 Y158.414
G0 X111.679 Y158.414
G1 F2819.9 X112.319 Y158.243 E1354.08756
G0 F15000 X112.32 Y157.447
G1 F2819.9 X111.678 Y156.806 E1354.11773
G0 F15000 X111.91 Y156.806
G0 X111.91 Y150.875
G0 X111.678 Y150.875
G1 F2819.9 X112.32 Y148.48 E1354.2002
G0 F15000 X112.09 Y148.48
G0 X112.09 Y149.96
G0 X112.32 Y149.96
G1 F2819.9 X111.677 Y150.132 E1354.22234
G0 F15000 X111.91 Y150.132
G0 X112.09 Y146.134
G0 X112.32 Y146.134
G1 F2819.9 X111.677 Y145.491 E1354.25258
G0 F15000 X111.91 Y145.491
G0 X111.91 Y141.85
G0 X111.677 Y141.85
G1 F2819.9 X112.319 Y141.678 E1354.27469
G0 F15000 X112.09 Y141.678
G0 X112.09 Y134.82
G0 X112.32 Y134.82
G1 F2819.9 X111.676 Y134.176 E1354.30498
G0 F15000 X111.676 Y133.568
G1 F2819.9 X112.32 Y133.396 E1354.32715
G0 F15000 X112.09 Y133.396
G0 X111.999 Y132.603
G0 X111.998 Y131.902
;TYPE:SKIN
G1 F2330.5 X111.998 Y132.3 E1354.34317
G1 F2400 E1353.84317
;MESH:NONMESH
G0 F300 X111.998 Y132.3 Z9.2
G0 F15000 X111.998 Y132.603
G0 X111.41 Y167.944
G0 X110 Y167.944
;TIME_ELAPSED:1813.076160
;LAYER:45
;note -- min layer time used
;TYPE:SUPPORT
G1 F2400 E1354.34317
G1 F2864.8 X109.801 Y167.801 E1354.35132
G1 X109.8 Y167.731 E1354.35365
G1 X109.654 Y167.67 E1354.35891
G1 X109.47 Y167.708 E1354.36516
G1 X108.793 Y168.16 E1354.39223
G1 X108.46 Y168.533 E1354.40887
G1 X108.204 Y169.203 E1354.43272
G1 X108.201 Y170.713 E1354.48294
G1 X108.258 Y170.974 E1354.49183
G1 X108.506 Y171.519 E1354.51174
G1 X109.011 Y172.016 E1354.53531
G1 X109.513 Y172.317 E1354.55478
G1 X109.645 Y172.346 E1354.55927
G1 X109.8 Y172.285 E1354.56481
G1 X109.8 Y172.187 E1354.56807
G1 X110 Y172.004 E1354.57709
G1 F2400 E1354.07709
G0 F15000 X110.353 Y172.979
G0 X110.347 Y175.653
G0 X113.653 Y175.653
G0 X116.305 Y171.887
G0 X116.66 Y170.957
G0 X116.663 Y169.184
G0 X116.538 Y168.685
G0 X116.182 Y167.936
G0 X115.691 Y167.32
G0 X115.282 Y166.993
G0 X114.32 Y166.767
G0 X114.2 Y167.623
G1 F2400 E1354.57709
G1 F2864.8 X114.691 Y167.693 E1354.59359
G1 X114.849 Y167.753 E1354.59921
G1 X115.066 Y167.926 E1354.60844
G1 X115.413 Y168.393 E1354.62779
G1 X115.467 Y168.445 E1354.63028
G1 X115.721 Y168.979 E1354.64995
G1 X115.799 Y169.29 E1354.66061
G1 X115.796 Y170.797 E1354.71074
G1 X115.552 Y171.437 E1354.73352
G1 X115.19 Y171.854 E1354.75188
G1 X114.524 Y172.294 E1354.77843
G1 X114.336 Y172.334 E1354.78483
G1 X114.2 Y172.265 E1354.7899
G1 X114.2 Y172.226 E1354.7912
G1 X114 Y172.03 E1354.80051
G1 X114 Y167.882 E1354.93847
G1 X114.2 Y167.752 E1354.94641
G1 X114.2 Y167.623 E1354.9507
G1 F2400 E1354.4507
G0 F15000 X114.32 Y166.767
G0 X114.903 Y166.851
G0 X115.282 Y166.993
G0 X121.394 Y172.622
G0 X122 Y172.005
G1 F2400 E1354.9507
G1 F2864.8 X121.506 Y171.519 E1354.97375
G1 X121.258 Y170.974 E1354.99366
G1 X121.201 Y170.713 E1355.00255
G1 X121.204 Y169.203 E1355.05277
G1 X121.46 Y168.533 E1355.07662
G1 X121.791 Y168.161 E1355.09319
G1 X122 Y168.021 E1355.10155
G1 X122.477 Y167.703 E1355.12062
G1 X122.66 Y167.666 E1355.12683
G1 X122.859 Y167.754 E1355.13407
G1 X123 Y167.876 E1355.14027
G1 X123 Y172.004 E1355.27757
G1 X122.8 Y172.187 E1355.28658
G1 X122.8 Y172.285 E1355.28984
G1 X122.645 Y172.346 E1355.29538
G1 X122.513 Y172.317 E1355.29988
G1 X122.011 Y172.016 E1355.31935
G1 X122 Y172.005 E1355.31986
G1 X122 Y168.021 E1355.45237
G1 F2400 E1354.95237
G0 F15000 X121.52 Y167.303
G0 X121.219 Y167.504
G0 X120.709 Y168.078
G0 X120.34 Y169.043
G0 X120.337 Y170.804
G0 X120.435 Y171.249
G0 X120.786 Y172.022
G0 X123.347 Y175.653
G0 X126.653 Y175.653
G0 X129.305 Y171.887
G0 X129.66 Y170.957
G0 X129.663 Y169.192
G0 X129.557 Y168.739
G0 X129.233 Y168.031
G0 X128.445 Y167.25
G0 X128 Y167.995
G1 F2400 E1355.45237
G1 F2864.8 X128.48 Y168.46 E1355.4746
G1 X128.736 Y169.019 E1355.49505
G1 X128.799 Y169.29 E1355.5043
G1 X128.796 Y170.797 E1355.55443
G1 X128.552 Y171.437 E1355.57721
G1 X128.19 Y171.854 E1355.59557
G1 X128 Y171.98 E1355.60316
G1 X127.524 Y172.294 E1355.62212
G1 X127.336 Y172.334 E1355.62852
G1 X127.2 Y172.265 E1355.63359
G1 X127.2 Y172.226 E1355.63488
G1 X127 Y172.03 E1355.6442
G1 X127 Y167.853 E1355.78313
G1 X127.2 Y167.751 E1355.79059
G1 X127.2 Y167.714 E1355.79182
G1 X127.356 Y167.654 E1355.79738
G1 X127.484 Y167.684 E1355.80176
G1 X127.993 Y167.988 E1355.82147
G1 X128 Y167.995 E1355.8218
G1 X128 Y171.98 E1355.95435
G1 F2400 E1355.45435
;MESH:Limiter bracketV2.stl
G0 F15000 X125.571 Y171.978
G0 X125.12 Y174.09
G0 X125.4 Y174.4
;TYPE:WALL-INNER
G1 F2400 E1355.95435
G1 F2864.8 X125.4 Y131.7 E1357.37455
G1 X124.6 Y131.7 E1357.40116
G1 X124.6 Y174.4 E1358.82137
G1 X125.4 Y174.4 E1358.84798
G0 F15000 X125.8 Y174.8
;TYPE:WALL-OUTER
G1 F2864.8 X125.8 Y131.3 E1360.29479
G1 X124.2 Y131.3 E1360.34801
G1 X124.2 Y174.8 E1361.79483
G1 X125.8 Y174.8 E1361.84804
G0 F15000 X125.52 Y174.52
G0 X124.91 Y171.642
G0 X124.681 Y171.642
;TYPE:FILL
G1 F2864.8 X125.319 Y171.471 E1361.87001
G0 F15000 X125.091 Y171.47
G0 X125.091 Y170.246
G0 X125.32 Y170.247
G1 F2864.8 X124.68 Y169.607 E1361.90011
G0 F15000 X124.91 Y169.607
G0 X124.91 Y163.621
G0 X124.68 Y163.621
G1 F2864.8 X125.32 Y161.233 E1361.98234
G0 F15000 X125.091 Y161.232
G0 X125.091 Y163.187
G0 X125.319 Y163.188
G1 F2864.8 X124.68 Y163.36 E1362.00435
G0 F15000 X124.91 Y163.36
G0 X125.091 Y158.932
G0 X125.32 Y158.933
G1 F2864.8 X124.68 Y158.293 E1362.03446
G0 F15000 X124.91 Y158.293
G0 X124.91 Y155.077
G0 X124.68 Y155.077
G1 F2864.8 X125.319 Y154.906 E1362.05646
G0 F15000 X125.091 Y154.905
G0 X125.092 Y147.618
G0 X125.32 Y147.619
G1 F2864.8 X124.68 Y146.979 E1362.08656
G1 X124.681 Y146.795
G1 X125.319 Y146.624 E1362.10853
G0 F15000 X125.092 Y146.623
G0 X124.91 Y138.513
G0 X124.681 Y138.513
G1 F2864.8 X125.32 Y138.342 E1362.13053
G0 F15000 X125.092 Y138.341
G0 X125.092 Y136.304
G0 X125.32 Y136.305
G1 F2864.8 X124.68 Y135.666 E1362.16061
G0 F15000 X124.91 Y135.666
G0 X124.91 Y132.711
G0 X124.68 Y132.711
G1 F2864.8 X124.714 Y132.583 E1362.16502
G0 F15000 X125 Y132.1
;TYPE:SKIN
G1 F2387.4 X125 Y132.502 E1362.18106
G1 F2400 E1361.68106
G0 F15000 X125 Y132.803
G0 X124.43 Y174.12
G0 X123.335 Y174.12
G0 X113.665 Y174.12
G0 X112.57 Y174.12
G0 X112.09 Y174.12
G0 X112.4 Y174.4
;TYPE:WALL-INNER
G1 F2400 E1362.18106
G1 F2864.8 X112.4 Y131.7 E1363.60127
G1 X111.596 Y131.7 E1363.62801
G1 X111.6 Y174.4 E1365.04822
G1 X112.4 Y174.4 E1365.07482
G0 F15000 X112.8 Y174.8
;TYPE:WALL-OUTER
G1 F2864.8 X112.8 Y131.3 E1366.52164
G1 X111.196 Y131.3 E1366.57499
G1 X111.2 Y174.8 E1368.02181
G1 X112.8 Y174.8 E1368.07502
G0 F15000 X112.52 Y174.52
G0 X112.09 Y168.561
G0 X112.32 Y168.561
;TYPE:FILL
G1 F2864.8 X111.68 Y167.92 E1368.10515
G0 F15000 X111.91 Y167.92
G0 X111.91 Y166.843
G0 X111.68 Y166.843
G1 F2864.8 X112.319 Y166.672 E1368.12715
G0 F15000 X112.09 Y166.672
G0 X111.91 Y158.561
G0 X111.679 Y158.561
G1 F2864.8 X112.319 Y158.39 E1368.14918
G0 F15000 X112.09 Y158.39
G0 X112.09 Y157.247
G0 X112.32 Y157.247
G1 F2864.8 X111.678 Y156.605 E1368.17938
G0 F15000 X111.91 Y156.605
G0 X111.91 Y150.326
G0 X111.678 Y150.326
G1 F2864.8 X112.32 Y147.93 E1368.26188
G0 F15000 X112.09 Y147.93
G0 X112.09 Y145.933
G0 X112.32 Y145.933
G1 F2864.8 X111.677 Y145.29 E1368.29213
G0 F15000 X111.91 Y145.29
G0 X111.91 Y141.997
G0 X111.678 Y141.997
G1 F2864.8 X112.319 Y141.825 E1368.3142
G0 F15000 X112.09 Y141.825
G0 X112.09 Y134.62
G0 X112.32 Y134.62
G1 F2864.8 X111.676 Y133.976 E1368.34449
G0 F15000 X111.676 Y133.715
G1 F2864.8 X112.32 Y133.543 E1368.36666
G0 F15000 X112.09 Y133.543
G0 X112.09 Y150.107
G0 X112.32 Y150.107
G1 F2864.8 X111.678 Y150.279 E1368.38877
G0 F15000 X111.91 Y150.279
G0 X111.999 Y132.803
G0 X111.998 Y132.102
;TYPE:SKIN
G1 F2367.6 X111.998 Y132.5 E1368.40479
G1 F2400 E1367.90479
;MESH:NONMESH
G0 F300 X111.998 Y132.5 Z9.4
G0 F15000 X111.998 Y132.803
G0 X111.41 Y167.944
G0 X110 Y167.944
;TIME_ELAPSED:1833.937171
;LAYER:46
;note -- min layer time used
;TYPE:SUPPORT
G1 F2400 E1368.40479
G1 F2804.3 X109.801 Y167.801 E1368.41294
G1 X109.8 Y167.731 E1368.41527
G1 X109.654 Y167.67 E1368.42053
G1 X109.47 Y167.708 E1368.42678
G1 X108.793 Y168.16 E1368.45385
G1 X108.46 Y168.533 E1368.47048
G1 X108.204 Y169.203 E1368.49434
G1 X108.201 Y170.713 E1368.54456
G1 X108.258 Y170.974 E1368.55345
G1 X108.506 Y171.519 E1368.57336
G1 X109.011 Y172.016 E1368.59693
G1 X109.513 Y172.317 E1368.6164
G1 X109.645 Y172.346 E1368.62089
G1 X109.8 Y172.285 E1368.62643
G1 X109.8 Y172.189 E1368.62963
G1 X110 Y172.003 E1368.63871
G1 F2400 E1368.13871
G0 F15000 X110.353 Y172.979
G0 X110.347 Y175.653
G0 X113.653 Y175.653
G0 X116.305 Y171.887
G0 X116.66 Y170.957
G0 X116.663 Y169.184
G0 X116.538 Y168.685
G0 X116.182 Y167.936
G0 X115.691 Y167.32
G0 X115.282 Y166.993
G0 X114.32 Y166.767
G0 X114.2 Y167.623
G1 F2400 E1368.63871
G1 F2804.3 X114.691 Y167.693 E1368.65521
G1 X114.849 Y167.753 E1368.66083
G1 X115.066 Y167.926 E1368.67006
G1 X115.413 Y168.393 E1368.68941
G1 X115.467 Y168.445 E1368.6919
G1 X115.721 Y168.979 E1368.71157
G1 X115.799 Y169.29 E1368.72223
G1 X115.796 Y170.797 E1368.77236
G1 X115.552 Y171.437 E1368.79514
G1 X115.19 Y171.854 E1368.8135
G1 X114.524 Y172.294 E1368.84005
G1 X114.336 Y172.334 E1368.84645
G1 X114.2 Y172.265 E1368.85152
G1 X114.2 Y172.224 E1368.85288
G1 X114 Y172.029 E1368.86217
G1 X114 Y167.882 E1369.0001
G1 X114.2 Y167.752 E1369.00804
G1 X114.2 Y167.623 E1369.01233
G1 F2400 E1368.51233
G0 F15000 X114.32 Y166.767
G0 X114.903 Y166.851
G0 X115.282 Y166.993
G0 X121.394 Y172.622
G0 X122 Y172.005
G1 F2400 E1369.01233
G1 F2804.3 X121.506 Y171.519 E1369.03538
G1 X121.258 Y170.974 E1369.05529
G1 X121.201 Y170.713 E1369.06418
G1 X121.204 Y169.203 E1369.1144
G1 X121.46 Y168.533 E1369.13825
G1 X121.791 Y168.161 E1369.15482
G1 X122 Y168.021 E1369.16318
G1 X122.477 Y167.703 E1369.18225
G1 X122.66 Y167.666 E1369.18846
G1 X122.859 Y167.754 E1369.1957
G1 X123 Y167.876 E1369.2019
G1 X123 Y172.003 E1369.33916
G1 X122.8 Y172.189 E1369.34825
G1 X122.8 Y172.285 E1369.35144
G1 X122.645 Y172.346 E1369.35698
G1 X122.513 Y172.317 E1369.36148
G1 X122.011 Y172.016 E1369.38094
G1 X122 Y172.005 E1369.38146
G1 X122 Y168.021 E1369.51397
G1 F2400 E1369.01397
G0 F15000 X121.52 Y167.303
G0 X121.219 Y167.504
G0 X120.709 Y168.078
G0 X120.34 Y169.043
G0 X120.337 Y170.804
G0 X120.435 Y171.249
G0 X120.786 Y172.022
G0 X123.347 Y175.653
G0 X126.653 Y175.653
G0 X129.305 Y171.887
G0 X129.66 Y170.957
G0 X129.663 Y169.192
G0 X129.557 Y168.739
G0 X129.233 Y168.031
G0 X128.445 Y167.25
G0 X128 Y167.995
G1 F2400 E1369.51397
G1 F2804.3 X128.48 Y168.46 E1369.5362
G1 X128.736 Y169.019 E1369.55665
G1 X128.799 Y169.29 E1369.5659
G1 X128.796 Y170.797 E1369.61602
G1 X128.552 Y171.437 E1369.6388
G1 X128.19 Y171.854 E1369.65717
G1 X128 Y171.98 E1369.66475
G1 X127.524 Y172.294 E1369.68372
G1 X127.336 Y172.334 E1369.69011
G1 X127.2 Y172.265 E1369.69518
G1 X127.2 Y172.223 E1369.69658
G1 X127 Y172.029 E1369.70585
G1 X127 Y167.853 E1369.84474
G1 X127.2 Y167.751 E1369.85221
G1 X127.2 Y167.714 E1369.85344
G1 X127.356 Y167.654 E1369.859
G1 X127.484 Y167.684 E1369.86337
G1 X127.993 Y167.988 E1369.88309
G1 X128 Y167.995 E1369.88342
G1 X128 Y171.98 E1370.01596
G1 F2400 E1369.51596
;MESH:Limiter bracketV2.stl
G0 F15000 X125.571 Y171.978
G0 X125.12 Y174.09
G0 X125.4 Y174.4
;TYPE:WALL-INNER
G1 F2400 E1370.01596
G1 F2804.3 X125.4 Y131.9 E1371.42952
G1 X124.6 Y131.9 E1371.45613
G1 X124.6 Y174.4 E1372.86968
G1 X125.4 Y174.4 E1372.89629
G0 F15000 X125.8 Y174.8
;TYPE:WALL-OUTER
G1 F2804.3 X125.8 Y131.5 E1374.33645
G1 X124.2 Y131.5 E1374.38967
G1 X124.2 Y174.8 E1375.82983
G1 X125.8 Y174.8 E1375.88305
G0 F15000 X125.52 Y174.52
G0 X124.91 Y171.788
G0 X124.68 Y171.788
;TYPE:FILL
G1 F2804.3 X125.319 Y171.617 E1375.90505
G0 F15000 X125.091 Y171.616
G0 X125.091 Y170.047
G0 X125.321 Y170.048
G1 F2804.3 X124.68 Y169.407 E1375.9352
G0 F15000 X124.91 Y169.407
G0 X124.91 Y163.506
G0 X124.681 Y163.506
G1 F2804.3 X125.319 Y163.334 E1375.95718
G0 F15000 X124.68 Y163.077
G1 F2804.3 X125.32 Y160.689 E1376.03941
G0 F15000 X125.091 Y160.688
G0 X125.091 Y158.733
G0 X125.321 Y158.734
G1 F2804.3 X124.68 Y158.094 E1376.06954
G0 F15000 X124.91 Y158.094
G0 X124.91 Y155.224
G0 X124.68 Y155.224
G1 F2804.3 X125.319 Y155.052 E1376.09155
G0 F15000 X125.091 Y155.051
G0 X125.092 Y147.419
G0 X125.321 Y147.42
G1 F2804.3 X124.68 Y146.78 E1376.12167
G1 X124.681 Y146.941
G1 X125.319 Y146.77 E1376.14364
G0 F15000 X125.092 Y146.769
G0 X124.91 Y138.659
G0 X124.681 Y138.659
G1 F2804.3 X125.319 Y138.488 E1376.16561
G0 F15000 X125.092 Y138.487
G0 X125.092 Y136.106
G0 X125.321 Y136.107
G1 F2804.3 X124.68 Y135.466 E1376.19576
G0 F15000 X124.91 Y135.466
G0 X125.001 Y133.003
G0 X125 Y132.3
;TYPE:SKIN
G1 F2336.9 X125 Y132.702 E1376.21181
G1 F2400 E1375.71181
G0 F15000 X125 Y133.003
G0 X124.43 Y174.12
G0 X123.335 Y174.12
G0 X113.665 Y174.12
G0 X112.57 Y174.12
G0 X112.09 Y174.12
G0 X112.4 Y174.4
;TYPE:WALL-INNER
G1 F2400 E1376.21181
G1 F2804.3 X112.4 Y131.9 E1377.62536
G1 X111.596 Y131.9 E1377.6521
G1 X111.6 Y174.4 E1379.06566
G1 X112.4 Y174.4 E1379.09227
G0 F15000 X112.8 Y174.8
;TYPE:WALL-OUTER
G1 F2804.3 X112.8 Y131.5 E1380.53243
G1 X111.196 Y131.5 E1380.58578
G1 X111.2 Y174.8 E1382.02594
G1 X112.8 Y174.8 E1382.07916
G0 F15000 X112.52 Y174.52
G0 X112.09 Y168.361
G0 X112.32 Y168.361
;TYPE:FILL
G1 F2804.3 X111.68 Y167.721 E1382.10926
G0 F15000 X111.679 Y166.989
G1 F2804.3 X112.319 Y166.818 E1382.1313
G0 F15000 X112.09 Y166.818
G0 X111.91 Y158.707
G0 X111.679 Y158.707
G1 F2804.3 X112.319 Y158.536 E1382.15333
G0 F15000 X112.09 Y158.536
G0 X112.09 Y157.047
G0 X112.32 Y157.047
G1 F2804.3 X111.678 Y156.406 E1382.1835
G0 F15000 X111.91 Y156.406
G0 X111.91 Y150.425
G0 X111.678 Y150.425
G1 F2804.3 X112.32 Y150.253 E1382.20561
G0 F15000 X111.678 Y149.781
G1 F2804.3 X112.319 Y147.388 E1382.28801
G0 F15000 X112.09 Y147.388
G0 X112.09 Y145.733
G0 X112.32 Y145.733
G1 F2804.3 X111.677 Y145.091 E1382.31823
G0 F15000 X111.91 Y145.091
G0 X111.91 Y142.143
G0 X111.678 Y142.143
G1 F2804.3 X112.319 Y141.971 E1382.3403
G0 F15000 X112.09 Y141.971
G0 X112.09 Y134.42
G0 X112.32 Y134.42
G1 F2804.3 X111.676 Y133.776 E1382.37059
G1 X111.676 Y133.861
G1 X112.319 Y133.689 E1382.39273
G0 F15000 X112.09 Y133.689
G0 X111.999 Y133.003
G0 X111.998 Y132.302
;TYPE:SKIN
G1 F2317.6 X111.998 Y132.7 E1382.40875
G1 F2400 E1381.90875
;MESH:NONMESH
G0 F300 X111.998 Y132.7 Z9.6
G0 F15000 X111.998 Y133.003
G0 X111.41 Y167.944
G0 X110 Y167.944
;TIME_ELAPSED:1853.990487
;LAYER:47
;note -- min layer time used
;TYPE:SUPPORT
G1 F2400 E1382.40875
G1 F2793.7 X109.801 Y167.801 E1382.4169
G1 X109.8 Y167.731 E1382.41923
G1 X109.654 Y167.67 E1382.42449
G1 X109.47 Y167.708 E1382.43074
G1 X108.793 Y168.16 E1382.45781
G1 X108.46 Y168.533 E1382.47445
G1 X108.204 Y169.203 E1382.4983
G1 X108.201 Y170.713 E1382.54852
G1 X108.258 Y170.974 E1382.55741
G1 X108.506 Y171.519 E1382.57732
G1 X109.011 Y172.016 E1382.60089
G1 X109.513 Y172.317 E1382.62036
G1 X109.645 Y172.346 E1382.62485
G1 X109.8 Y172.285 E1382.63039
G1 X109.8 Y172.189 E1382.63359
G1 X110 Y172.003 E1382.64267
G1 F2400 E1382.14267
G0 F15000 X110.353 Y172.979
G0 X110.347 Y175.653
G0 X113.653 Y175.653
G0 X116.305 Y171.887
G0 X116.66 Y170.957
G0 X116.663 Y169.184
G0 X116.538 Y168.685
G0 X116.182 Y167.936
G0 X115.691 Y167.32
G0 X115.282 Y166.993
G0 X114.32 Y166.767
G0 X114.2 Y167.623
G1 F2400 E1382.64267
G1 F2793.7 X114.691 Y167.693 E1382.65917
G1 X114.849 Y167.753 E1382.66479
G1 X115.066 Y167.926 E1382.67402
G1 X115.413 Y168.393 E1382.69337
G1 X115.467 Y168.445 E1382.69586
G1 X115.721 Y168.979 E1382.71553
G1 X115.799 Y169.29 E1382.7262
G1 X115.796 Y170.797 E1382.77632
G1 X115.552 Y171.437 E1382.7991
G1 X115.19 Y171.854 E1382.81747
G1 X114.524 Y172.294 E1382.84401
G1 X114.336 Y172.334 E1382.85041
G1 X114.2 Y172.265 E1382.85548
G1 X114.2 Y172.225 E1382.85681
G1 X114 Y172.027 E1382.86617
G1 X114 Y167.882 E1383.00403
G1 X114.2 Y167.752 E1383.01197
G1 X114.2 Y167.623 E1383.01626
G1 F2400 E1382.51626
G0 F15000 X114.32 Y166.767
G0 X114.903 Y166.851
G0 X115.282 Y166.993
G0 X121.394 Y172.622
G0 X122 Y172.005
G1 F2400 E1383.01626
G1 F2793.7 X121.506 Y171.519 E1383.03931
G1 X121.258 Y170.974 E1383.05922
G1 X121.201 Y170.713 E1383.06811
G1 X121.204 Y169.203 E1383.11833
G1 X121.46 Y168.533 E1383.14219
G1 X121.791 Y168.161 E1383.15875
G1 X122 Y168.021 E1383.16711
G1 X122.477 Y167.703 E1383.18618
G1 X122.66 Y167.666 E1383.19239
G1 X122.859 Y167.754 E1383.19963
G1 X123 Y167.876 E1383.20583
G1 X123 Y172.003 E1383.3431
G1 X122.8 Y172.189 E1383.35218
G1 X122.8 Y172.285 E1383.35537
G1 X122.645 Y172.346 E1383.36091
G1 X122.513 Y172.317 E1383.36541
G1 X122.011 Y172.016 E1383.38488
G1 X122 Y172.005 E1383.38539
G1 X122 Y168.021 E1383.5179
G1 F2400 E1383.0179
G0 F15000 X121.52 Y167.303
G0 X121.219 Y167.504
G0 X120.709 Y168.078
G0 X120.34 Y169.043
G0 X120.337 Y170.804
G0 X120.435 Y171.249
G0 X120.786 Y172.022
G0 X123.347 Y175.653
G0 X126.653 Y175.653
G0 X129.305 Y171.887
G0 X129.66 Y170.957
G0 X129.663 Y169.192
G0 X129.557 Y168.739
G0 X129.233 Y168.031
G0 X128.445 Y167.25
G0 X128 Y167.995
G1 F2400 E1383.5179
G1 F2793.7 X128.48 Y168.46 E1383.54013
G1 X128.736 Y169.019 E1383.56058
G1 X128.799 Y169.29 E1383.56983
G1 X128.796 Y170.797 E1383.61996
G1 X128.552 Y171.437 E1383.64274
G1 X128.19 Y171.854 E1383.6611
G1 X128 Y171.98 E1383.66869
G1 X127.524 Y172.294 E1383.68765
G1 X127.336 Y172.334 E1383.69404
G1 X127.2 Y172.265 E1383.69912
G1 X127.2 Y172.224 E1383.70048
G1 X127 Y172.028 E1383.70979
G1 X127 Y167.853 E1383.84866
G1 X127.2 Y167.751 E1383.85612
G1 X127.2 Y167.714 E1383.85735
G1 X127.356 Y167.654 E1383.86291
G1 X127.484 Y167.684 E1383.86729
G1 X127.993 Y167.988 E1383.887
G1 X128 Y167.995 E1383.88733
G1 X128 Y171.98 E1384.01987
G1 F2400 E1383.51987
;MESH:Limiter bracketV2.stl
G0 F15000 X125.571 Y171.978
G0 X125.12 Y174.09
G0 X125.4 Y174.4
;TYPE:WALL-INNER
G1 F2400 E1384.01987
G1 F2793.7 X125.4 Y132.1 E1385.42678
G1 X124.6 Y132.1 E1385.45339
G1 X124.6 Y174.4 E1386.86029
G1 X125.4 Y174.4 E1386.8869
G0 F15000 X125.8 Y174.8
;TYPE:WALL-OUTER
G1 F2793.7 X125.8 Y131.7 E1388.32041
G1 X124.2 Y131.7 E1388.37363
G1 X124.2 Y174.8 E1389.80714
G1 X125.8 Y174.8 E1389.86035
G0 F15000 X125.52 Y174.52
G0 X125.091 Y171.763
G0 X125.319 Y171.764
;TYPE:FILL
G1 F2793.7 X124.68 Y171.935 E1389.88236
G0 F15000 X124.91 Y171.935
G0 X125.091 Y169.845
G0 X125.32 Y169.846
G1 F2793.7 X124.68 Y169.206 E1389.91246
G0 F15000 X124.91 Y169.206
G0 X124.91 Y163.653
G0 X124.68 Y163.653
G1 F2793.7 X125.319 Y163.481 E1389.93447
G0 F15000 X125.091 Y163.48
G0 X124.91 Y162.528
G0 X124.68 Y162.528
G1 F2793.7 X125.32 Y160.141 E1390.01667
G0 F15000 X125.091 Y160.14
G0 X125.091 Y158.532
G0 X125.32 Y158.533
G1 F2793.7 X124.68 Y157.893 E1390.04677
G0 F15000 X124.91 Y157.893
G0 X124.91 Y155.371
G0 X124.68 Y155.371
G1 F2793.7 X125.32 Y155.199 E1390.06881
G0 F15000 X125.091 Y155.198
G0 X125.092 Y147.218
G0 X125.32 Y147.219
G1 F2793.7 X124.68 Y146.579 E1390.09891
G0 F15000 X124.681 Y147.088
G1 F2793.7 X125.32 Y146.917 E1390.12092
G0 F15000 X125.092 Y146.916
G0 X124.91 Y138.806
G0 X124.68 Y138.806
G1 F2793.7 X125.319 Y138.635 E1390.14292
G0 F15000 X125.092 Y138.634
G0 X125.092 Y135.904
G0 X125.32 Y135.905
G1 F2793.7 X124.68 Y135.265 E1390.17302
G0 F15000 X124.91 Y135.265
G0 X125.001 Y133.203
G0 X125 Y132.5
;TYPE:SKIN
G1 F2328 X125 Y132.902 E1390.18906
G1 F2400 E1389.68906
G0 F15000 X125 Y133.203
G0 X124.43 Y174.12
G0 X123.335 Y174.12
G0 X113.665 Y174.12
G0 X112.57 Y174.12
G0 X112.09 Y174.12
G0 X112.4 Y174.4
;TYPE:WALL-INNER
G1 F2400 E1390.18906
G1 F2793.7 X112.4 Y132.1 E1391.59597
G1 X111.596 Y132.1 E1391.62271
G1 X111.6 Y174.4 E1393.02961
G1 X112.4 Y174.4 E1393.05622
G0 F15000 X112.8 Y174.8
;TYPE:WALL-OUTER
G1 F2793.7 X112.8 Y131.7 E1394.48973
G1 X111.196 Y131.7 E1394.54308
G1 X111.2 Y174.8 E1395.97659
G1 X112.8 Y174.8 E1396.02981
G0 F15000 X112.52 Y174.52
G0 X112.09 Y168.161
G0 X112.32 Y168.161
;TYPE:FILL
G1 F2793.7 X111.68 Y167.52 E1396.05994
G0 F15000 X111.679 Y167.136
G1 F2793.7 X112.319 Y166.965 E1396.08197
G0 F15000 X112.09 Y166.965
G0 X111.91 Y158.854
G0 X111.679 Y158.854
G1 F2793.7 X112.319 Y158.683 E1396.104
G0 F15000 X112.09 Y158.683
G0 X112.09 Y156.847
G0 X112.32 Y156.847
G1 F2793.7 X111.678 Y156.205 E1396.1342
G0 F15000 X111.91 Y156.205
G0 X111.91 Y150.572
G0 X111.678 Y150.572
G1 F2793.7 X112.32 Y150.4 E1396.15631
G0 F15000 X112.09 Y150.4
G0 X111.91 Y149.234
G0 X111.678 Y149.234
G1 F2793.7 X112.32 Y146.838 E1396.23881
G0 F15000 X112.09 Y146.838
G0 X112.09 Y145.533
G0 X112.32 Y145.533
G1 F2793.7 X111.677 Y144.89 E1396.26906
G0 F15000 X111.91 Y144.89
G0 X111.91 Y142.29
G0 X111.678 Y142.29
G1 F2793.7 X112.32 Y142.118 E1396.29116
G0 F15000 X112.09 Y142.118
G0 X112.09 Y134.219
G0 X112.32 Y134.219
G1 F2793.7 X111.676 Y133.575 E1396.32145
G0 F15000 X111.676 Y134.008
G1 F2793.7 X112.319 Y133.836 E1396.34359
G0 F15000 X112.09 Y133.836
G0 X111.999 Y133.203
G0 X111.998 Y132.502
;TYPE:SKIN
G1 F2308.8 X111.998 Y132.9 E1396.35961
G1 F2400 E1395.85961
;MESH:NONMESH
G0 F300 X111.998 Y132.9 Z9.8
G0 F15000 X111.998 Y133.203
G0 X111.41 Y167.944
G0 X110 Y167.944
;TIME_ELAPSED:1874.189612
;LAYER:48
;note -- min layer time used
;TYPE:SUPPORT
G1 F2400 E1396.35961
G1 F2779.7 X109.801 Y167.801 E1396.36776
G1 X109.8 Y167.731 E1396.37009
G1 X109.654 Y167.67 E1396.37535
G1 X109.47 Y167.708 E1396.3816
G1 X108.793 Y168.16 E1396.40867
G1 X108.46 Y168.533 E1396.4253
G1 X108.204 Y169.203 E1396.44916
G1 X108.201 Y170.713 E1396.49938
G1 X108.258 Y170.974 E1396.50827
G1 X108.506 Y171.519 E1396.52818
G1 X109.011 Y172.016 E1396.55175
G1 X109.513 Y172.317 E1396.57122
G1 X109.645 Y172.346 E1396.57571
G1 X109.8 Y172.285 E1396.58125
G1 X109.8 Y172.186 E1396.58455
G1 X110 Y172.003 E1396.59356
G1 F2400 E1396.09356
G0 F15000 X110.353 Y172.979
G0 X110.347 Y175.653
G0 X113.653 Y175.653
G0 X116.305 Y171.887
G0 X116.66 Y170.957
G0 X116.663 Y169.184
G0 X116.538 Y168.685
G0 X116.182 Y167.936
G0 X115.691 Y167.32
G0 X115.282 Y166.993
G0 X114.32 Y166.767
G0 X114.2 Y167.623
G1 F2400 E1396.59356
G1 F2779.7 X114.691 Y167.693 E1396.61006
G1 X114.849 Y167.753 E1396.61568
G1 X115.066 Y167.926 E1396.62491
G1 X115.413 Y168.393 E1396.64426
G1 X115.467 Y168.445 E1396.64675
G1 X115.721 Y168.979 E1396.66642
G1 X115.799 Y169.29 E1396.67709
G1 X115.796 Y170.797 E1396.72721
G1 X115.552 Y171.437 E1396.74999
G1 X115.19 Y171.854 E1396.76836
G1 X114.524 Y172.294 E1396.79491
G1 X114.336 Y172.334 E1396.8013
G1 X114.2 Y172.265 E1396.80637
G1 X114.2 Y172.221 E1396.80783
G1 X114 Y172.025 E1396.81715
G1 X114 Y167.882 E1396.95494
G1 X114.2 Y167.752 E1396.96288
G1 X114.2 Y167.623 E1396.96717
G1 F2400 E1396.46717
G0 F15000 X114.32 Y166.767
G0 X114.903 Y166.851
G0 X115.282 Y166.993
G0 X121.394 Y172.622
G0 X122 Y172.005
G1 F2400 E1396.96717
G1 F2779.7 X121.506 Y171.519 E1396.99022
G1 X121.258 Y170.974 E1397.01013
G1 X121.201 Y170.713 E1397.01902
G1 X121.204 Y169.203 E1397.06924
G1 X121.46 Y168.533 E1397.0931
G1 X121.791 Y168.161 E1397.10966
G1 X122 Y168.021 E1397.11803
G1 X122.477 Y167.703 E1397.13709
G1 X122.66 Y167.666 E1397.1433
G1 X122.859 Y167.754 E1397.15054
G1 X123 Y167.876 E1397.15674
G1 X123 Y172.003 E1397.29401
G1 X122.8 Y172.186 E1397.30302
G1 X122.8 Y172.285 E1397.30632
G1 X122.645 Y172.346 E1397.31186
G1 X122.513 Y172.317 E1397.31635
G1 X122.011 Y172.016 E1397.33582
G1 X122 Y172.005 E1397.33634
G1 X122 Y168.021 E1397.46884
G1 F2400 E1396.96884
G0 F15000 X121.52 Y167.303
G0 X121.219 Y167.504
G0 X120.709 Y168.078
G0 X120.34 Y169.043
G0 X120.337 Y170.804
G0 X120.435 Y171.249
G0 X120.786 Y172.022
G0 X123.347 Y175.653
G0 X126.653 Y175.653
G0 X129.305 Y171.887
G0 X129.66 Y170.957
G0 X129.663 Y169.192
G0 X129.557 Y168.739
G0 X129.233 Y168.031
G0 X128.445 Y167.25
G0 X128 Y167.995
G1 F2400 E1397.46884
G1 F2779.7 X128.48 Y168.46 E1397.49107
G1 X128.736 Y169.019 E1397.51152
G1 X128.799 Y169.29 E1397.52078
G1 X128.796 Y170.797 E1397.5709
G1 X128.552 Y171.437 E1397.59368
G1 X128.19 Y171.854 E1397.61205
G1 X128 Y171.98 E1397.61963
G1 X127.524 Y172.294 E1397.63859
G1 X127.336 Y172.334 E1397.64499
G1 X127.2 Y172.265 E1397.65006
G1 X127.2 Y172.221 E1397.65152
G1 X127 Y172.025 E1397.66084
G1 X127 Y167.853 E1397.7996
G1 X127.2 Y167.751 E1397.80707
G1 X127.2 Y167.714 E1397.8083
G1 X127.356 Y167.654 E1397.81386
G1 X127.484 Y167.684 E1397.81823
G1 X127.993 Y167.988 E1397.83795
G1 X128 Y167.995 E1397.83828
G1 X128 Y171.98 E1397.97082
G1 F2400 E1397.47082
;MESH:Limiter bracketV2.stl
G0 F15000 X125.571 Y171.978
G0 X125.12 Y174.09
G0 X125.4 Y174.4
;TYPE:WALL-INNER
G1 F2400 E1397.97082
G1 F2779.7 X125.4 Y132.3 E1399.37107
G1 X124.6 Y132.3 E1399.39768
G1 X124.6 Y174.4 E1400.79793
G1 X125.4 Y174.4 E1400.82454
G0 F15000 X125.8 Y174.8
;TYPE:WALL-OUTER
G1 F2779.7 X125.8 Y131.9 E1402.2514
G1 X124.2 Y131.9 E1402.30461
G1 X124.2 Y174.8 E1403.73147
G1 X125.8 Y174.8 E1403.78469
G0 F15000 X125.52 Y174.52
G0 X125.091 Y171.909
G0 X125.319 Y171.91
;TYPE:FILL
G1 F2779.7 X124.68 Y172.081 E1403.80669
G0 F15000 X124.91 Y172.081
G0 X125.091 Y169.647
G0 X125.321 Y169.648
G1 F2779.7 X124.68 Y169.007 E1403.83684
G0 F15000 X124.91 Y169.007
G0 X124.91 Y163.799
G0 X124.681 Y163.799
G1 F2779.7 X125.319 Y163.628 E1403.85881
G0 F15000 X125.091 Y163.627
G0 X124.91 Y161.983
G0 X124.68 Y161.983
G1 F2779.7 X125.32 Y159.595 E1403.94104
G0 F15000 X125.091 Y159.594
G0 X125.091 Y158.333
G0 X125.321 Y158.334
G1 F2779.7 X124.68 Y157.693 E1403.97119
G0 F15000 X124.91 Y157.693
G0 X124.91 Y155.517
G0 X124.68 Y155.517
G1 F2779.7 X125.319 Y155.345 E1403.9932
G0 F15000 X125.091 Y155.344
G0 X124.91 Y147.234
G0 X124.68 Y147.234
G1 F2779.7 X125.32 Y147.063 E1404.01523
G1 X125.321 Y147.02
G1 X124.68 Y146.38 E1404.04536
G0 F15000 X124.91 Y146.38
G0 X124.91 Y138.952
G0 X124.68 Y138.952
G1 F2779.7 X125.319 Y138.781 E1404.06736
G0 F15000 X125.092 Y138.78
G0 X125.092 Y135.706
G0 X125.321 Y135.707
G1 F2779.7 X124.68 Y135.066 E1404.09751
G0 F15000 X124.91 Y135.066
G0 X125.001 Y133.403
G0 X125 Y132.7
;TYPE:SKIN
G1 F2316.4 X125 Y133.102 E1404.11356
G1 F2400 E1403.61356
G0 F15000 X125 Y133.403
G0 X124.43 Y174.12
G0 X123.335 Y174.12
G0 X113.665 Y174.12
G0 X112.57 Y174.12
G0 X112.09 Y174.12
G0 X112.4 Y174.4
;TYPE:WALL-INNER
G1 F2400 E1404.11356
G1 F2779.7 X112.4 Y132.3 E1405.51381
G1 X111.596 Y132.3 E1405.54055
G1 X111.6 Y174.4 E1406.9408
G1 X112.4 Y174.4 E1406.96741
G0 F15000 X112.8 Y174.8
;TYPE:WALL-OUTER
G1 F2779.7 X112.8 Y131.9 E1408.39427
G1 X111.196 Y131.9 E1408.44762
G1 X111.2 Y174.8 E1409.87448
G1 X112.8 Y174.8 E1409.92769
G0 F15000 X112.52 Y174.52
G0 X112.09 Y167.96
G0 X112.32 Y167.96
;TYPE:FILL
G1 F2779.7 X111.679 Y167.32 E1409.95782
G1 X111.679 Y167.282
G1 X112.32 Y167.111 E1409.97989
G0 F15000 X112.09 Y167.111
G0 X111.91 Y159
G0 X111.679 Y159
G1 F2779.7 X112.319 Y158.829 E1410.00192
G0 F15000 X112.09 Y158.829
G0 X112.09 Y156.647
G0 X112.32 Y156.647
G1 F2779.7 X111.678 Y156.005 E1410.03212
G0 F15000 X111.91 Y156.005
G0 X111.91 Y150.718
G0 X111.678 Y150.718
G1 F2779.7 X112.319 Y150.546 E1410.05419
G0 F15000 X112.09 Y150.546
G0 X111.91 Y148.69
G0 X111.678 Y148.69
G1 F2779.7 X112.32 Y146.292 E1410.13676
G0 F15000 X112.32 Y145.333
G1 F2779.7 X111.676 Y144.69 E1410.16703
G0 F15000 X111.91 Y144.69
G0 X111.91 Y142.436
G0 X111.678 Y142.436
G1 F2779.7 X112.32 Y142.264 E1410.18913
G0 F15000 X112.09 Y142.264
G0 X111.91 Y134.154
G0 X111.676 Y134.154
G1 F2779.7 X112.319 Y133.982 E1410.21127
G1 X112.32 Y134.019
G1 X111.675 Y133.375 E1410.24158
G0 F15000 X111.998 Y132.702
;TYPE:SKIN
G1 F2297.3 X111.998 Y133.1 E1410.2576
G1 F2400 E1409.7576
;MESH:NONMESH
G0 F300 X111.998 Y133.1 Z10
G0 F15000 X111.998 Y133.403
G0 X111.41 Y167.944
G0 X110 Y167.944
;TIME_ELAPSED:1894.143362
;LAYER:49
;note -- min layer time used
;TYPE:SUPPORT
G1 F2400 E1410.2576
G1 F2765.7 X109.801 Y167.801 E1410.26575
G1 X109.8 Y167.731 E1410.26808
G1 X109.654 Y167.67 E1410.27334
G1 X109.47 Y167.708 E1410.27959
G1 X108.793 Y168.16 E1410.30667
G1 X108.46 Y168.533 E1410.3233
G1 X108.204 Y169.203 E1410.34715
G1 X108.201 Y170.713 E1410.39738
G1 X108.258 Y170.974 E1410.40626
G1 X108.506 Y171.519 E1410.42618
G1 X109.011 Y172.016 E1410.44974
G1 X109.513 Y172.317 E1410.46921
G1 X109.645 Y172.346 E1410.47371
G1 X109.8 Y172.285 E1410.47925
G1 X109.8 Y172.185 E1410.48257
G1 X110 Y172.002 E1410.49159
G1 F2400 E1409.99159
G0 F15000 X110.353 Y172.979
G0 X110.347 Y175.653
G0 X113.653 Y175.653
G0 X116.305 Y171.887
G0 X116.66 Y170.957
G0 X116.663 Y169.184
G0 X116.538 Y168.685
G0 X116.182 Y167.936
G0 X115.691 Y167.32
G0 X115.282 Y166.993
G0 X114.32 Y166.767
G0 X114.2 Y167.623
G1 F2400 E1410.49159
G1 F2765.7 X114.691 Y167.693 E1410.50809
G1 X114.849 Y167.753 E1410.51371
G1 X115.066 Y167.926 E1410.52294
G1 X115.413 Y168.393 E1410.54229
G1 X115.467 Y168.445 E1410.54478
G1 X115.721 Y168.979 E1410.56445
G1 X115.799 Y169.29 E1410.57511
G1 X115.796 Y170.797 E1410.62524
G1 X115.552 Y171.437 E1410.64802
G1 X115.19 Y171.854 E1410.66638
G1 X114.524 Y172.294 E1410.69293
G1 X114.336 Y172.334 E1410.69933
G1 X114.2 Y172.265 E1410.7044
G1 X114.2 Y172.22 E1410.70589
G1 X114 Y172.021 E1410.71528
G1 X114 Y167.882 E1410.85294
G1 X114.2 Y167.752 E1410.86088
G1 X114.2 Y167.623 E1410.86517
G1 F2400 E1410.36517
G0 F15000 X114.32 Y166.767
G0 X114.903 Y166.851
G0 X115.282 Y166.993
G0 X121.394 Y172.622
G0 X122 Y172.005
G1 F2400 E1410.86517
G1 F2765.7 X121.506 Y171.519 E1410.88822
G1 X121.258 Y170.974 E1410.90813
G1 X121.201 Y170.713 E1410.91702
G1 X121.204 Y169.203 E1410.96724
G1 X121.46 Y168.533 E1410.99109
G1 X121.791 Y168.161 E1411.00766
G1 X122 Y168.021 E1411.01602
G1 X122.477 Y167.703 E1411.03509
G1 X122.66 Y167.666 E1411.0413
G1 X122.859 Y167.754 E1411.04854
G1 X123 Y167.876 E1411.05474
G1 X123 Y172.002 E1411.19197
G1 X122.8 Y172.185 E1411.20099
G1 X122.8 Y172.285 E1411.20431
G1 X122.645 Y172.346 E1411.20985
G1 X122.513 Y172.317 E1411.21435
G1 X122.011 Y172.016 E1411.23382
G1 X122 Y172.005 E1411.23433
G1 X122 Y168.021 E1411.36684
G1 F2400 E1410.86684
G0 F15000 X121.52 Y167.303
G0 X121.219 Y167.504
G0 X120.709 Y168.078
G0 X120.34 Y169.043
G0 X120.337 Y170.804
G0 X120.435 Y171.249
G0 X120.786 Y172.022
G0 X123.347 Y175.653
G0 X126.653 Y175.653
G0 X129.305 Y171.887
G0 X129.66 Y170.957
G0 X129.663 Y169.192
G0 X129.557 Y168.739
G0 X129.233 Y168.031
G0 X128.445 Y167.25
G0 X128 Y167.995
G1 F2400 E1411.36684
G1 F2765.7 X128.48 Y168.46 E1411.38907
G1 X128.736 Y169.019 E1411.40952
G1 X128.799 Y169.29 E1411.41877
G1 X128.796 Y170.797 E1411.4689
G1 X128.552 Y171.437 E1411.49168
G1 X128.19 Y171.854 E1411.51004
G1 X128 Y171.98 E1411.51763
G1 X127.524 Y172.294 E1411.53659
G1 X127.336 Y172.334 E1411.54298
G1 X127.2 Y172.265 E1411.54806
G1 X127.2 Y172.22 E1411.54955
G1 X127 Y172.021 E1411.55894
G1 X127 Y167.853 E1411.69757
G1 X127.2 Y167.751 E1411.70503
G1 X127.2 Y167.714 E1411.70626
G1 X127.356 Y167.654 E1411.71182
G1 X127.484 Y167.684 E1411.7162
G1 X127.993 Y167.988 E1411.73591
G1 X128 Y167.995 E1411.73624
G1 X128 Y171.98 E1411.86879
G1 F2400 E1411.36879
;MESH:Limiter bracketV2.stl
G0 F15000 X125.571 Y171.978
G0 X125.12 Y174.09
G0 X125.4 Y174.4
;TYPE:WALL-INNER
G1 F2400 E1411.86879
G1 F2765.7 X125.4 Y132.5 E1413.26239
G1 X124.6 Y132.5 E1413.28899
G1 X124.6 Y174.4 E1414.68259
G1 X125.4 Y174.4 E1414.7092
G0 F15000 X125.8 Y174.8
;TYPE:WALL-OUTER
G1 F2765.7 X125.8 Y132.1 E1416.12941
G1 X124.2 Y132.1 E1416.18263
G1 X124.2 Y174.8 E1417.60283
G1 X125.8 Y174.8 E1417.65605
G0 F15000 X125.52 Y174.52
G0 X125.091 Y172.056
G0 X125.319 Y172.057
;TYPE:FILL
G1 F2765.7 X124.68 Y172.228 E1417.67805
G0 F15000 X124.91 Y172.228
G0 X125.091 Y169.445
G0 X125.32 Y169.446
G1 F2765.7 X124.68 Y168.806 E1417.70815
G0 F15000 X124.91 Y168.806
G0 X124.91 Y163.946
G0 X124.681 Y163.946
G1 F2765.7 X125.319 Y163.775 E1417.73012
G0 F15000 X125.091 Y163.774
G0 X124.91 Y161.434
G0 X124.68 Y161.434
G1 F2765.7 X125.32 Y159.047 E1417.81232
G0 F15000 X125.32 Y158.132
G1 F2765.7 X124.68 Y157.492 E1417.84242
G0 F15000 X124.91 Y157.492
G0 X124.91 Y155.663
G0 X124.681 Y155.663
G1 F2765.7 X125.319 Y155.492 E1417.86439
G0 F15000 X125.091 Y155.491
G0 X124.91 Y147.381
G0 X124.68 Y147.381
G1 F2765.7 X125.319 Y147.21 E1417.88639
G0 F15000 X125.32 Y146.819
G1 F2765.7 X124.68 Y146.179 E1417.9165
G0 F15000 X124.91 Y146.179
G0 X124.91 Y139.099
G0 X124.681 Y139.099
G1 F2765.7 X125.319 Y138.928 E1417.93847
G0 F15000 X125.091 Y138.927
G0 X125.091 Y135.504
G0 X125.32 Y135.505
G1 F2765.7 X124.68 Y134.865 E1417.96857
G0 F15000 X124.91 Y134.865
G0 X125.001 Y133.603
G0 X125 Y132.9
;TYPE:SKIN
G1 F2304.7 X125 Y133.302 E1417.98461
G1 F2400 E1417.48461
G0 F15000 X125 Y133.603
G0 X124.43 Y174.12
G0 X123.335 Y174.12
G0 X113.665 Y174.12
G0 X112.57 Y174.12
G0 X112.09 Y174.12
G0 X112.4 Y174.4
;TYPE:WALL-INNER
G1 F2400 E1417.98461
G1 F2765.7 X112.4 Y132.5 E1419.37821
G1 X111.596 Y132.5 E1419.40495
G1 X111.6 Y174.4 E1420.79855
G1 X112.4 Y174.4 E1420.82516
G0 F15000 X112.8 Y174.8
;TYPE:WALL-OUTER
G1 F2765.7 X112.8 Y132.1 E1422.24537
G1 X111.196 Y132.1 E1422.29872
G1 X111.2 Y174.8 E1423.71893
G1 X112.8 Y174.8 E1423.77214
G0 F15000 X112.52 Y174.52
G0 X112.09 Y167.76
G0 X112.32 Y167.76
;TYPE:FILL
G1 F2765.7 X111.679 Y167.119 E1423.80229
G0 F15000 X111.679 Y167.429
G1 F2765.7 X112.32 Y167.258 E1423.82436
G0 F15000 X112.09 Y167.258
G0 X111.91 Y159.147
G0 X111.679 Y159.147
G1 F2765.7 X112.319 Y158.976 E1423.84639
G0 F15000 X112.09 Y158.976
G0 X112.09 Y156.447
G0 X112.32 Y156.447
G1 F2765.7 X111.678 Y155.805 E1423.87659
G0 F15000 X111.91 Y155.805
G0 X111.91 Y150.865
G0 X111.678 Y150.865
G1 F2765.7 X112.319 Y150.693 E1423.89866
G0 F15000 X112.09 Y150.693
G0 X111.91 Y148.14
G0 X111.678 Y148.14
G1 F2765.7 X112.32 Y145.744 E1423.98117
G0 F15000 X112.32 Y145.133
G1 F2765.7 X111.677 Y144.489 E1424.01143
G0 F15000 X111.91 Y144.489
G0 X111.91 Y142.583
G0 X111.678 Y142.583
G1 F2765.7 X112.32 Y142.411 E1424.03354
G0 F15000 X112.09 Y142.411
G0 X111.91 Y134.301
G0 X111.677 Y134.301
G1 F2765.7 X112.319 Y134.129 E1424.05565
G0 F15000 X112.32 Y133.819
G1 F2765.7 X111.884 Y133.383 E1424.07615
G0 F15000 X111.998 Y132.902
;TYPE:SKIN
G1 F2285.7 X111.998 Y133.3 E1424.09217
G1 F2400 E1423.59217
;MESH:NONMESH
G0 F300 X111.998 Y133.3 Z10.2
G0 F15000 X111.998 Y133.603
G0 X111.41 Y167.944
G0 X110 Y167.944
;TIME_ELAPSED:1914.110670
;LAYER:50
;note -- min layer time used
;TYPE:SUPPORT
G1 F2400 E1424.09217
G1 F2751.6 X109.801 Y167.801 E1424.10032
G1 X109.8 Y167.731 E1424.10265
G1 X109.654 Y167.67 E1424.10791
G1 X109.47 Y167.708 E1424.11416
G1 X108.793 Y168.16 E1424.14124
G1 X108.46 Y168.533 E1424.15787
G1 X108.204 Y169.203 E1424.18172
G1 X108.201 Y170.713 E1424.23195
G1 X108.258 Y170.974 E1424.24083
G1 X108.506 Y171.519 E1424.26075
G1 X109.011 Y172.016 E1424.28431
G1 X109.513 Y172.317 E1424.30378
G1 X109.645 Y172.346 E1424.30828
G1 X109.8 Y172.285 E1424.31382
G1 X109.8 Y172.191 E1424.31694
G1 X110 Y172 E1424.32614
G1 F2400 E1423.82614
G0 F15000 X110.353 Y172.979
G0 X110.347 Y175.653
G0 X113.653 Y175.653
G0 X116.305 Y171.887
G0 X116.66 Y170.957
G0 X116.663 Y169.184
G0 X116.538 Y168.685
G0 X116.182 Y167.936
G0 X115.691 Y167.32
G0 X115.282 Y166.993
G0 X114.32 Y166.767
G0 X114.2 Y167.623
G1 F2400 E1424.32614
G1 F2751.6 X114.691 Y167.693 E1424.34264
G1 X114.849 Y167.753 E1424.34826
G1 X115.066 Y167.926 E1424.35749
G1 X115.413 Y168.393 E1424.37684
G1 X115.467 Y168.445 E1424.37933
G1 X115.721 Y168.979 E1424.399
G1 X115.799 Y169.29 E1424.40967
G1 X115.796 Y170.797 E1424.45979
G1 X115.552 Y171.437 E1424.48257
G1 X115.19 Y171.854 E1424.50094
G1 X114.524 Y172.294 E1424.52748
G1 X114.336 Y172.334 E1424.53388
G1 X114.2 Y172.265 E1424.53895
G1 X114.2 Y172.221 E1424.54041
G1 X114 Y172.019 E1424.54987
G1 X114 Y167.882 E1424.68746
G1 X114.2 Y167.752 E1424.6954
G1 X114.2 Y167.623 E1424.69969
G1 F2400 E1424.19969
G0 F15000 X114.32 Y166.767
G0 X114.903 Y166.851
G0 X115.282 Y166.993
G0 X121.394 Y172.622
G0 X122 Y172.005
G1 F2400 E1424.69969
G1 F2751.6 X121.506 Y171.519 E1424.72274
G1 X121.258 Y170.974 E1424.74265
G1 X121.201 Y170.713 E1424.75154
G1 X121.204 Y169.203 E1424.80176
G1 X121.46 Y168.533 E1424.82562
G1 X121.791 Y168.161 E1424.84218
G1 X122 Y168.021 E1424.85055
G1 X122.477 Y167.703 E1424.86961
G1 X122.66 Y167.666 E1424.87582
G1 X122.859 Y167.754 E1424.88306
G1 X123 Y167.876 E1424.88926
G1 X123 Y172 E1425.02643
G1 X122.8 Y172.191 E1425.03562
G1 X122.8 Y172.285 E1425.03875
G1 X122.645 Y172.346 E1425.04429
G1 X122.513 Y172.317 E1425.04879
G1 X122.011 Y172.016 E1425.06825
G1 X122 Y172.005 E1425.06877
G1 X122 Y168.021 E1425.20128
G1 F2400 E1424.70128
G0 F15000 X121.52 Y167.303
G0 X121.219 Y167.504
G0 X120.709 Y168.078
G0 X120.34 Y169.043
G0 X120.337 Y170.804
G0 X120.435 Y171.249
G0 X120.786 Y172.022
G0 X123.347 Y175.653
G0 X126.653 Y175.653
G0 X129.305 Y171.887
G0 X129.66 Y170.957
G0 X129.663 Y169.192
G0 X129.557 Y168.739
G0 X129.233 Y168.031
G0 X128.445 Y167.25
G0 X128 Y167.995
G1 F2400 E1425.20128
G1 F2751.6 X128.48 Y168.46 E1425.22351
G1 X128.736 Y169.019 E1425.24396
G1 X128.799 Y169.29 E1425.25321
G1 X128.796 Y170.797 E1425.30333
G1 X128.552 Y171.437 E1425.32612
G1 X128.19 Y171.854 E1425.34448
G1 X128 Y171.98 E1425.35206
G1 X127.524 Y172.294 E1425.37103
G1 X127.336 Y172.334 E1425.37742
G1 X127.2 Y172.265 E1425.3825
G1 X127.2 Y172.221 E1425.38396
G1 X127 Y172.019 E1425.39341
G1 X127 Y167.853 E1425.53198
G1 X127.2 Y167.751 E1425.53944
G1 X127.2 Y167.714 E1425.54067
G1 X127.356 Y167.654 E1425.54623
G1 X127.484 Y167.684 E1425.5506
G1 X127.993 Y167.988 E1425.57032
G1 X128 Y167.995 E1425.57065
G1 X128 Y171.98 E1425.70319
G1 F2400 E1425.20319
;MESH:Limiter bracketV2.stl
G0 F15000 X125.571 Y171.978
G0 X125.12 Y174.09
G0 X125.4 Y174.4
;TYPE:WALL-INNER
G1 F2400 E1425.70319
G1 F2751.6 X125.4 Y132.7 E1427.09014
G1 X124.6 Y132.7 E1427.11675
G1 X124.6 Y174.4 E1428.5037
G1 X125.4 Y174.4 E1428.53031
G0 F15000 X125.8 Y174.8
;TYPE:WALL-OUTER
G1 F2751.6 X125.8 Y132.3 E1429.94386
G1 X124.2 Y132.3 E1429.99708
G1 X124.2 Y174.8 E1431.41063
G1 X125.8 Y174.8 E1431.46385
G0 F15000 X125.52 Y174.52
G0 X125.091 Y172.202
G0 X125.319 Y172.203
;TYPE:FILL
G1 F2751.6 X124.68 Y172.374 E1431.48585
G0 F15000 X124.91 Y172.374
G0 X125.091 Y169.246
G0 X125.32 Y169.247
G1 F2751.6 X124.68 Y168.607 E1431.51595
G0 F15000 X124.91 Y168.607
G0 X124.91 Y164.092
G0 X124.68 Y164.092
G1 F2751.6 X125.319 Y163.921 E1431.53796
G0 F15000 X125.091 Y163.92
G0 X124.91 Y160.89
G0 X124.68 Y160.89
G1 F2751.6 X125.32 Y158.503 E1431.62015
G0 F15000 X125.32 Y157.933
G1 F2751.6 X124.68 Y157.293 E1431.65026
G0 F15000 X124.91 Y157.293
G0 X124.91 Y155.809
G0 X124.681 Y155.809
G1 F2751.6 X125.319 Y155.638 E1431.67222
G0 F15000 X125.091 Y155.637
G0 X124.91 Y147.527
G0 X124.68 Y147.527
G1 F2751.6 X125.32 Y147.356 E1431.69426
G0 F15000 X125.32 Y146.619
G1 F2751.6 X124.68 Y145.979 E1431.72436
G0 F15000 X124.91 Y145.979
G0 X124.91 Y139.245
G0 X124.681 Y139.245
G1 F2751.6 X125.319 Y139.074 E1431.74633
G0 F15000 X125.091 Y139.073
G0 X125.091 Y135.305
G0 X125.32 Y135.306
G1 F2751.6 X124.68 Y134.666 E1431.77643
G0 F15000 X124.91 Y134.666
G0 X125.001 Y133.803
G0 X125 Y133.1
;TYPE:SKIN
G1 F2293 X125 Y133.502 E1431.79248
G1 F2400 E1431.29248
G0 F15000 X125 Y133.803
G0 X124.43 Y174.12
G0 X123.335 Y174.12
G0 X113.665 Y174.12
G0 X112.57 Y174.12
G0 X112.09 Y174.12
G0 X112.4 Y174.4
;TYPE:WALL-INNER
G1 F2400 E1431.79248
G1 F2751.6 X112.4 Y132.7 E1433.17943
G1 X111.596 Y132.7 E1433.20617
G1 X111.6 Y174.4 E1434.59312
G1 X112.4 Y174.4 E1434.61972
G0 F15000 X112.8 Y174.8
;TYPE:WALL-OUTER
G1 F2751.6 X112.8 Y132.3 E1436.03328
G1 X111.196 Y132.3 E1436.08663
G1 X111.2 Y174.8 E1437.50018
G1 X112.8 Y174.8 E1437.5534
G0 F15000 X112.52 Y174.52
G0 X112.09 Y167.56
G0 X112.32 Y167.56
;TYPE:FILL
G1 F2751.6 X111.679 Y166.92 E1437.58353
G0 F15000 X111.68 Y167.575
G1 F2751.6 X112.319 Y167.404 E1437.60553
G0 F15000 X112.09 Y167.404
G0 X111.91 Y159.293
G0 X111.678 Y159.293
G1 F2751.6 X112.319 Y159.122 E1437.62759
G0 F15000 X112.09 Y159.122
G0 X112.09 Y156.247
G0 X112.32 Y156.247
G1 F2751.6 X111.678 Y155.605 E1437.65779
G0 F15000 X111.91 Y155.605
G0 X111.91 Y151.011
G0 X111.678 Y151.011
G1 F2751.6 X112.319 Y150.839 E1437.67987
G0 F15000 X112.09 Y150.839
G0 X111.91 Y147.596
G0 X111.678 Y147.596
G1 F2751.6 X112.319 Y145.201 E1437.76233
G0 F15000 X112.32 Y144.933
G1 F2751.6 X111.676 Y144.289 E1437.79262
G0 F15000 X111.91 Y144.289
G0 X111.91 Y142.729
G0 X111.677 Y142.729
G1 F2751.6 X112.32 Y142.557 E1437.81476
G0 F15000 X112.09 Y142.557
G0 X111.91 Y134.447
G0 X111.677 Y134.447
G1 F2751.6 X112.319 Y134.275 E1437.83686
G0 F15000 X112.09 Y134.275
G0 X111.999 Y133.803
G0 X111.998 Y133.102
;TYPE:SKIN
G1 F2274.1 X111.998 Y133.5 E1437.85288
G1 F2400 E1437.35288
;MESH:NONMESH
G0 F300 X111.998 Y133.5 Z10.4
G0 F15000 X111.998 Y133.803
G0 X111.41 Y167.944
G0 X110 Y167.944
;TIME_ELAPSED:1934.056216
;LAYER:51
;note -- min layer time used
;TYPE:SUPPORT
G1 F2400 E1437.85288
G1 F2740.6 X109.801 Y167.801 E1437.86103
G1 X109.8 Y167.731 E1437.86336
G1 X109.654 Y167.67 E1437.86862
G1 X109.47 Y167.708 E1437.87487
G1 X108.793 Y168.16 E1437.90195
G1 X108.46 Y168.533 E1437.91858
G1 X108.204 Y169.203 E1437.94243
G1 X108.201 Y170.713 E1437.99265
G1 X108.258 Y170.974 E1438.00154
G1 X108.506 Y171.519 E1438.02146
G1 X109.011 Y172.016 E1438.04502
G1 X109.513 Y172.317 E1438.06449
G1 X109.645 Y172.346 E1438.06898
G1 X109.8 Y172.285 E1438.07453
G1 X109.8 Y172.191 E1438.07765
G1 X110 Y172 E1438.08685
G1 F2400 E1437.58685
G0 F15000 X110.353 Y172.979
G0 X110.347 Y175.653
G0 X113.653 Y175.653
G0 X116.305 Y171.887
G0 X116.66 Y170.957
G0 X116.663 Y169.184
G0 X116.538 Y168.685
G0 X116.182 Y167.936
G0 X115.691 Y167.32
G0 X115.282 Y166.993
G0 X114.32 Y166.767
G0 X114.2 Y167.623
G1 F2400 E1438.08685
G1 F2740.6 X114.691 Y167.693 E1438.10335
G1 X114.849 Y167.753 E1438.10897
G1 X115.066 Y167.926 E1438.1182
G1 X115.413 Y168.393 E1438.13755
G1 X115.467 Y168.445 E1438.14004
G1 X115.721 Y168.979 E1438.15971
G1 X115.799 Y169.29 E1438.17037
G1 X115.796 Y170.797 E1438.2205
G1 X115.552 Y171.437 E1438.24328
G1 X115.19 Y171.854 E1438.26164
G1 X114.524 Y172.294 E1438.28819
G1 X114.336 Y172.334 E1438.29459
G1 X114.2 Y172.265 E1438.29966
G1 X114.2 Y172.218 E1438.30122
G1 X114 Y172.017 E1438.31065
G1 X114 Y167.882 E1438.44818
G1 X114.2 Y167.752 E1438.45612
G1 X114.2 Y167.623 E1438.46041
G1 F2400 E1437.96041
G0 F15000 X114.32 Y166.767
G0 X114.903 Y166.851
G0 X115.282 Y166.993
G0 X121.394 Y172.622
G0 X122 Y172.005
G1 F2400 E1438.46041
G1 F2740.6 X121.506 Y171.519 E1438.48346
G1 X121.258 Y170.974 E1438.50337
G1 X121.201 Y170.713 E1438.51226
G1 X121.204 Y169.203 E1438.56248
G1 X121.46 Y168.533 E1438.58634
G1 X121.791 Y168.161 E1438.6029
G1 X122 Y168.021 E1438.61126
G1 X122.477 Y167.703 E1438.63033
G1 X122.66 Y167.666 E1438.63654
G1 X122.859 Y167.754 E1438.64378
G1 X123 Y167.876 E1438.64998
G1 X123 Y172 E1438.78714
G1 X122.8 Y172.191 E1438.79634
G1 X122.8 Y172.285 E1438.79947
G1 X122.645 Y172.346 E1438.80501
G1 X122.513 Y172.317 E1438.8095
G1 X122.011 Y172.016 E1438.82897
G1 X122 Y172.005 E1438.82949
G1 X122 Y168.021 E1438.962
G1 F2400 E1438.462
G0 F15000 X121.52 Y167.303
G0 X121.219 Y167.504
G0 X120.709 Y168.078
G0 X120.34 Y169.043
G0 X120.337 Y170.804
G0 X120.435 Y171.249
G0 X120.786 Y172.022
G0 X123.347 Y175.653
G0 X126.653 Y175.653
G0 X129.305 Y171.887
G0 X129.66 Y170.957
G0 X129.663 Y169.192
G0 X129.557 Y168.739
G0 X129.233 Y168.031
G0 X128.445 Y167.25
G0 X128 Y167.995
G1 F2400 E1438.962
G1 F2740.6 X128.48 Y168.46 E1438.98423
G1 X128.736 Y169.019 E1439.00468
G1 X128.799 Y169.29 E1439.01393
G1 X128.796 Y170.797 E1439.06405
G1 X128.552 Y171.437 E1439.08683
G1 X128.19 Y171.854 E1439.1052
G1 X128 Y171.98 E1439.11278
G1 X127.524 Y172.294 E1439.13175
G1 X127.336 Y172.334 E1439.13814
G1 X127.2 Y172.265 E1439.14321
G1 X127.2 Y172.218 E1439.14478
G1 X127 Y172.017 E1439.15421
G1 X127 Y167.853 E1439.2927
G1 X127.2 Y167.751 E1439.30017
G1 X127.2 Y167.714 E1439.3014
G1 X127.356 Y167.654 E1439.30696
G1 X127.484 Y167.684 E1439.31133
G1 X127.993 Y167.988 E1439.33105
G1 X128 Y167.995 E1439.33138
G1 X128 Y171.98 E1439.46392
G1 F2400 E1438.96392
;MESH:Limiter bracketV2.stl
G0 F15000 X125.571 Y171.978
G0 X125.12 Y174.09
G0 X125.4 Y174.4
;TYPE:WALL-INNER
G1 F2400 E1439.46392
G1 F2740.6 X125.4 Y132.9 E1440.84422
G1 X124.6 Y132.9 E1440.87083
G1 X124.6 Y174.4 E1442.25112
G1 X125.4 Y174.4 E1442.27773
G0 F15000 X125.8 Y174.8
;TYPE:WALL-OUTER
G1 F2740.6 X125.8 Y132.5 E1443.68463
G1 X124.2 Y132.5 E1443.73785
G1 X124.2 Y174.8 E1445.14475
G1 X125.8 Y174.8 E1445.19797
G0 F15000 X125.52 Y174.52
G0 X125.091 Y172.348
G0 X125.319 Y172.349
;TYPE:FILL
G1 F2740.6 X124.68 Y172.52 E1445.21997
G0 F15000 X124.91 Y172.52
G0 X125.091 Y169.046
G0 X125.32 Y169.047
G1 F2740.6 X124.68 Y168.407 E1445.25007
G0 F15000 X124.91 Y168.407
G0 X124.91 Y164.238
G0 X124.68 Y164.238
G1 F2740.6 X125.319 Y164.067 E1445.27208
G0 F15000 X125.091 Y164.066
G0 X124.91 Y160.345
G0 X124.68 Y160.345
G1 F2740.6 X125.32 Y157.957 E1445.3543
G0 F15000 X125.32 Y157.734
G1 F2740.6 X124.68 Y157.094 E1445.38441
G0 F15000 X124.91 Y157.094
G0 X124.91 Y155.955
G0 X124.681 Y155.955
G1 F2740.6 X125.319 Y155.784 E1445.40638
G0 F15000 X125.091 Y155.783
G0 X124.91 Y147.673
G0 X124.68 Y147.673
G1 F2740.6 X125.319 Y147.502 E1445.42838
G0 F15000 X125.091 Y147.501
G0 X125.091 Y146.419
G0 X125.32 Y146.42
G1 F2740.6 X124.68 Y145.78 E1445.45848
G0 F15000 X124.91 Y145.78
G0 X124.91 Y139.391
G0 X124.68 Y139.391
G1 F2740.6 X125.319 Y139.22 E1445.48048
G0 F15000 X125.091 Y139.219
G0 X125.091 Y135.105
G0 X125.32 Y135.106
G1 F2740.6 X124.68 Y134.466 E1445.51059
G0 F15000 X124.91 Y134.466
G0 X125.001 Y134.003
G0 X125 Y133.3
;TYPE:SKIN
G1 F2283.8 X125 Y133.702 E1445.52663
G1 F2400 E1445.02663
G0 F15000 X125 Y134.003
G0 X124.43 Y174.12
G0 X123.335 Y174.12
G0 X113.665 Y174.12
G0 X112.57 Y174.12
G0 X112.09 Y174.12
G0 X112.4 Y174.4
;TYPE:WALL-INNER
G1 F2400 E1445.52663
G1 F2740.6 X112.4 Y132.9 E1446.90693
G1 X111.596 Y132.9 E1446.93367
G1 X111.6 Y174.4 E1448.31396
G1 X112.4 Y174.4 E1448.34057
G0 F15000 X112.8 Y174.8
;TYPE:WALL-OUTER
G1 F2740.6 X112.8 Y132.5 E1449.74747
G1 X111.196 Y132.5 E1449.80082
G1 X111.2 Y174.8 E1451.20773
G1 X112.8 Y174.8 E1451.26094
G0 F15000 X112.52 Y174.52
G0 X111.91 Y167.721
G0 X111.68 Y167.721
;TYPE:FILL
G1 F2740.6 X112.319 Y167.55 E1451.28294
G1 X112.32 Y167.361
G1 X111.679 Y166.72 E1451.3131
G0 F15000 X111.91 Y166.72
G0 X111.91 Y159.439
G0 X111.679 Y159.439
G1 F2740.6 X112.319 Y159.268 E1451.33513
G0 F15000 X112.09 Y159.268
G0 X112.09 Y156.047
G0 X112.32 Y156.047
G1 F2740.6 X111.678 Y155.406 E1451.3653
G0 F15000 X111.91 Y155.406
G0 X111.91 Y151.157
G0 X111.678 Y151.157
G1 F2740.6 X112.319 Y150.985 E1451.38738
G0 F15000 X112.09 Y150.985
G0 X111.91 Y147.053
G0 X111.677 Y147.053
G1 F2740.6 X112.32 Y144.655 E1451.46995
G1 X112.32 Y144.733
G1 X111.677 Y144.091 E1451.50017
G0 F15000 X111.91 Y144.091
G0 X111.91 Y142.875
G0 X111.677 Y142.875
G1 F2740.6 X112.319 Y142.703 E1451.52228
G0 F15000 X112.09 Y142.703
G0 X111.91 Y134.593
G0 X111.677 Y134.593
G1 F2740.6 X112.319 Y134.421 E1451.54439
G0 F15000 X112.09 Y134.421
G0 X111.999 Y134.003
G0 X111.998 Y133.302
;TYPE:SKIN
G1 F2265 X111.998 Y133.7 E1451.5604
G1 F2400 E1451.0604
;MESH:NONMESH
G0 F300 X111.998 Y133.7 Z10.6
G0 F15000 X111.998 Y134.003
G0 X111.41 Y167.944
G0 X110 Y167.944
;TIME_ELAPSED:1953.942368
;LAYER:52
;note -- min layer time used
;TYPE:SUPPORT
G1 F2400 E1451.5604
G1 F2728.1 X109.801 Y167.801 E1451.56855
G1 X109.8 Y167.731 E1451.57088
G1 X109.654 Y167.67 E1451.57614
G1 X109.47 Y167.708 E1451.58239
G1 X108.793 Y168.16 E1451.60947
G1 X108.46 Y168.533 E1451.6261
G1 X108.204 Y169.203 E1451.64995
G1 X108.201 Y170.713 E1451.70018
G1 X108.258 Y170.974 E1451.70906
G1 X108.506 Y171.519 E1451.72898
G1 X109.011 Y172.016 E1451.75254
G1 X109.513 Y172.317 E1451.77201
G1 X109.645 Y172.346 E1451.77651
G1 X109.8 Y172.285 E1451.78205
G1 X109.8 Y172.193 E1451.78511
G1 X110 Y172.001 E1451.79433
G1 F2400 E1451.29433
G0 F15000 X110.353 Y172.979
G0 X110.347 Y175.653
G0 X113.653 Y175.653
G0 X116.305 Y171.887
G0 X116.66 Y170.957
G0 X116.663 Y169.184
G0 X116.538 Y168.685
G0 X116.182 Y167.936
G0 X115.691 Y167.32
G0 X115.282 Y166.993
G0 X114.32 Y166.767
G0 X114.2 Y167.623
G1 F2400 E1451.79433
G1 F2728.1 X114.691 Y167.693 E1451.81082
G1 X114.849 Y167.753 E1451.81645
G1 X115.066 Y167.926 E1451.82568
G1 X115.413 Y168.393 E1451.84503
G1 X115.467 Y168.445 E1451.84752
G1 X115.721 Y168.979 E1451.86719
G1 X115.799 Y169.29 E1451.87785
G1 X115.796 Y170.797 E1451.92798
G1 X115.552 Y171.437 E1451.95076
G1 X115.19 Y171.854 E1451.96912
G1 X114.524 Y172.294 E1451.99567
G1 X114.336 Y172.334 E1452.00206
G1 X114.2 Y172.265 E1452.00714
G1 X114.2 Y172.215 E1452.0088
G1 X114 Y172.013 E1452.01825
G1 X114 Y167.882 E1452.15565
G1 X114.2 Y167.752 E1452.16359
G1 X114.2 Y167.623 E1452.16788
G1 F2400 E1451.66788
G0 F15000 X114.32 Y166.767
G0 X114.903 Y166.851
G0 X115.282 Y166.993
G0 X121.394 Y172.622
G0 X122 Y172.005
G1 F2400 E1452.16788
G1 F2728.1 X121.506 Y171.519 E1452.19093
G1 X121.258 Y170.974 E1452.21084
G1 X121.201 Y170.713 E1452.21973
G1 X121.204 Y169.203 E1452.26995
G1 X121.46 Y168.533 E1452.2938
G1 X121.791 Y168.161 E1452.31037
G1 X122 Y168.021 E1452.31873
G1 X122.477 Y167.703 E1452.3378
G1 X122.66 Y167.666 E1452.34401
G1 X122.859 Y167.754 E1452.35125
G1 X123 Y167.876 E1452.35745
G1 X123 Y172.001 E1452.49465
G1 X122.8 Y172.193 E1452.50387
G1 X122.8 Y172.285 E1452.50693
G1 X122.645 Y172.346 E1452.51247
G1 X122.513 Y172.317 E1452.51696
G1 X122.011 Y172.016 E1452.53643
G1 X122 Y172.005 E1452.53695
G1 X122 Y168.021 E1452.66946
G1 F2400 E1452.16946
G0 F15000 X121.52 Y167.303
G0 X121.219 Y167.504
G0 X120.709 Y168.078
G0 X120.34 Y169.043
G0 X120.337 Y170.804
G0 X120.435 Y171.249
G0 X120.786 Y172.022
G0 X123.347 Y175.653
G0 X126.653 Y175.653
G0 X129.305 Y171.887
G0 X129.66 Y170.957
G0 X129.663 Y169.192
G0 X129.557 Y168.739
G0 X129.233 Y168.031
G0 X128.445 Y167.25
G0 X128 Y167.995
G1 F2400 E1452.66946
G1 F2728.1 X128.48 Y168.46 E1452.69168
G1 X128.736 Y169.019 E1452.71213
G1 X128.799 Y169.29 E1452.72139
G1 X128.796 Y170.797 E1452.77151
G1 X128.552 Y171.437 E1452.79429
G1 X128.19 Y171.854 E1452.81266
G1 X128 Y171.98 E1452.82024
G1 X127.524 Y172.294 E1452.83921
G1 X127.336 Y172.334 E1452.8456
G1 X127.2 Y172.265 E1452.85067
G1 X127.2 Y172.215 E1452.85234
G1 X127 Y172.013 E1452.86179
G1 X127 Y167.853 E1453.00015
G1 X127.2 Y167.751 E1453.00762
G1 X127.2 Y167.714 E1453.00885
G1 X127.356 Y167.654 E1453.01441
G1 X127.484 Y167.684 E1453.01878
G1 X127.993 Y167.988 E1453.0385
G1 X128 Y167.995 E1453.03883
G1 X128 Y171.98 E1453.17137
G1 F2400 E1452.67137
;MESH:Limiter bracketV2.stl
G0 F15000 X125.571 Y171.978
G0 X125.12 Y174.09
G0 X125.4 Y174.4
;TYPE:WALL-INNER
G1 F2400 E1453.17137
G1 F2728.1 X125.4 Y133.1 E1454.54502
G1 X124.6 Y133.1 E1454.57162
G1 X124.6 Y174.4 E1455.94527
G1 X125.4 Y174.4 E1455.97188
G0 F15000 X125.8 Y174.8
;TYPE:WALL-OUTER
G1 F2728.1 X125.8 Y132.7 E1457.37213
G1 X124.2 Y132.7 E1457.42534
G1 X124.2 Y174.8 E1458.82559
G1 X125.8 Y174.8 E1458.87881
G0 F15000 X125.52 Y174.52
G0 X125.091 Y172.495
G0 X125.319 Y172.496
;TYPE:FILL
G1 F2728.1 X124.68 Y172.667 E1458.90081
G0 F15000 X124.91 Y172.667
G0 X125.091 Y168.845
G0 X125.32 Y168.846
G1 F2728.1 X124.68 Y168.207 E1458.93089
G0 F15000 X124.91 Y168.207
G0 X124.91 Y164.385
G0 X124.68 Y164.385
G1 F2728.1 X125.319 Y164.214 E1458.95289
G0 F15000 X125.091 Y164.213
G0 X124.91 Y159.796
G0 X124.68 Y159.796
G1 F2728.1 X125.32 Y157.409 E1459.03509
G1 X125.32 Y157.533
G1 X124.68 Y156.893 E1459.06519
G0 F15000 X124.681 Y156.102
G1 F2728.1 X125.319 Y155.931 E1459.08716
G0 F15000 X125.091 Y155.93
G0 X124.91 Y147.82
G0 X124.68 Y147.82
G1 F2728.1 X125.32 Y147.649 E1459.1092
G0 F15000 X125.091 Y147.648
G0 X125.091 Y146.218
G0 X125.32 Y146.219
G1 F2728.1 X124.68 Y145.579 E1459.1393
G0 F15000 X124.91 Y145.579
G0 X124.91 Y139.538
G0 X124.68 Y139.538
G1 F2728.1 X125.32 Y139.367 E1459.16133
G0 F15000 X125.091 Y139.366
G0 X125.091 Y134.904
G0 X125.32 Y134.905
G1 F2728.1 X124.68 Y134.265 E1459.19144
G0 F15000 X125 Y133.5
;TYPE:SKIN
G1 F2273.4 X125 Y133.902 E1459.20748
G1 F2400 E1458.70748
G0 F15000 X125 Y134.203
G0 X124.43 Y174.12
G0 X123.335 Y174.12
G0 X113.665 Y174.12
G0 X112.57 Y174.12
G0 X112.09 Y174.12
G0 X112.4 Y174.4
;TYPE:WALL-INNER
G1 F2400 E1459.20748
G1 F2728.1 X112.4 Y133.1 E1460.58112
G1 X111.596 Y133.1 E1460.60787
G1 X111.6 Y174.4 E1461.98151
G1 X112.4 Y174.4 E1462.00812
G0 F15000 X112.8 Y174.8
;TYPE:WALL-OUTER
G1 F2728.1 X112.8 Y132.7 E1463.40837
G1 X111.196 Y132.7 E1463.46172
G1 X111.2 Y174.8 E1464.86197
G1 X112.8 Y174.8 E1464.91519
G0 F15000 X112.52 Y174.52
G0 X111.91 Y167.868
G0 X111.68 Y167.868
;TYPE:FILL
G1 F2728.1 X112.319 Y167.697 E1464.93719
G0 F15000 X112.32 Y167.161
G1 F2728.1 X111.679 Y166.519 E1464.96736
G0 F15000 X111.91 Y166.519
G0 X111.91 Y159.586
G0 X111.678 Y159.586
G1 F2728.1 X112.32 Y159.414 E1464.98947
G0 F15000 X112.09 Y159.414
G0 X112.09 Y155.847
G0 X112.32 Y155.847
G1 F2728.1 X111.678 Y155.205 E1465.01966
G0 F15000 X111.91 Y155.205
G0 X111.91 Y151.304
G0 X111.678 Y151.304
G1 F2728.1 X112.319 Y151.132 E1465.04174
G0 F15000 X112.09 Y151.132
G0 X111.91 Y146.504
G0 X111.677 Y146.504
G1 F2728.1 X112.32 Y144.106 E1465.12431
G0 F15000 X112.32 Y144.533
G1 F2728.1 X111.677 Y143.89 E1465.15456
G0 F15000 X111.677 Y143.022
G1 F2728.1 X112.32 Y142.85 E1465.1767
G0 F15000 X112.09 Y142.85
G0 X111.91 Y134.74
G0 X111.677 Y134.74
G1 F2728.1 X112.32 Y134.568 E1465.19884
G0 F15000 X112.09 Y134.568
G0 X111.999 Y134.203
G0 X111.998 Y133.502
;TYPE:SKIN
G1 F2254.6 X111.998 Y133.9 E1465.21485
G1 F2400 E1464.71485
;MESH:NONMESH
G0 F300 X111.998 Y133.9 Z10.8
G0 F15000 X111.998 Y134.203
G0 X111.41 Y167.944
G0 X110 Y167.944
;TIME_ELAPSED:1973.742235
;LAYER:53
;note -- min layer time used
;TYPE:SUPPORT
G1 F2400 E1465.21485
G1 F2717.8 X109.801 Y167.801 E1465.223
G1 X109.8 Y167.731 E1465.22533
G1 X109.654 Y167.67 E1465.23059
G1 X109.47 Y167.708 E1465.23684
G1 X108.793 Y168.16 E1465.26392
G1 X108.46 Y168.533 E1465.28055
G1 X108.204 Y169.203 E1465.3044
G1 X108.201 Y170.713 E1465.35463
G1 X108.258 Y170.974 E1465.36351
G1 X108.506 Y171.519 E1465.38343
G1 X109.011 Y172.016 E1465.40699
G1 X109.513 Y172.317 E1465.42646
G1 X109.645 Y172.346 E1465.43096
G1 X109.8 Y172.285 E1465.4365
G1 X109.8 Y172.196 E1465.43946
G1 X110 Y172.001 E1465.44875
G1 F2400 E1464.94875
G0 F15000 X110.353 Y172.979
G0 X110.347 Y175.653
G0 X113.653 Y175.653
G0 X116.305 Y171.887
G0 X116.66 Y170.957
G0 X116.663 Y169.184
G0 X116.538 Y168.685
G0 X116.182 Y167.936
G0 X115.691 Y167.32
G0 X115.282 Y166.993
G0 X114.32 Y166.767
G0 X114.2 Y167.623
G1 F2400 E1465.44875
G1 F2717.8 X114.691 Y167.693 E1465.46524
G1 X114.849 Y167.753 E1465.47086
G1 X115.066 Y167.926 E1465.4801
G1 X115.413 Y168.393 E1465.49945
G1 X115.467 Y168.445 E1465.50194
G1 X115.721 Y168.979 E1465.52161
G1 X115.799 Y169.29 E1465.53227
G1 X115.796 Y170.797 E1465.58239
G1 X115.552 Y171.437 E1465.60518
G1 X115.19 Y171.854 E1465.62354
G1 X114.524 Y172.294 E1465.65009
G1 X114.336 Y172.334 E1465.65648
G1 X114.2 Y172.265 E1465.66156
G1 X114.2 Y172.216 E1465.66319
G1 X114 Y172.007 E1465.67281
G1 X114 Y167.882 E1465.81001
G1 X114.2 Y167.752 E1465.81794
G1 X114.2 Y167.623 E1465.82223
G1 F2400 E1465.32223
G0 F15000 X114.32 Y166.767
G0 X114.903 Y166.851
G0 X115.282 Y166.993
G0 X121.394 Y172.622
G0 X122 Y172.005
G1 F2400 E1465.82223
G1 F2717.8 X121.506 Y171.519 E1465.84528
G1 X121.258 Y170.974 E1465.86519
G1 X121.201 Y170.713 E1465.87408
G1 X121.204 Y169.203 E1465.9243
G1 X121.46 Y168.533 E1465.94816
G1 X121.791 Y168.161 E1465.96472
G1 X122 Y168.021 E1465.97309
G1 X122.477 Y167.703 E1465.99215
G1 X122.66 Y167.666 E1465.99836
G1 X122.859 Y167.754 E1466.0056
G1 X123 Y167.876 E1466.0118
G1 X123 Y172.001 E1466.149
G1 X122.8 Y172.196 E1466.15829
G1 X122.8 Y172.285 E1466.16125
G1 X122.645 Y172.346 E1466.16679
G1 X122.513 Y172.317 E1466.17129
G1 X122.011 Y172.016 E1466.19075
G1 X122 Y172.005 E1466.19127
G1 X122 Y168.021 E1466.32378
G1 F2400 E1465.82378
G0 F15000 X121.52 Y167.303
G0 X121.219 Y167.504
G0 X120.709 Y168.078
G0 X120.34 Y169.043
G0 X120.337 Y170.804
G0 X120.435 Y171.249
G0 X120.786 Y172.022
G0 X123.347 Y175.653
G0 X126.653 Y175.653
G0 X129.305 Y171.887
G0 X129.66 Y170.957
G0 X129.663 Y169.192
G0 X129.557 Y168.739
G0 X129.233 Y168.031
G0 X128.445 Y167.25
G0 X128 Y167.995
G1 F2400 E1466.32378
G1 F2717.8 X128.48 Y168.46 E1466.34601
G1 X128.736 Y169.019 E1466.36646
G1 X128.799 Y169.29 E1466.37571
G1 X128.796 Y170.797 E1466.42583
G1 X128.552 Y171.437 E1466.44861
G1 X128.19 Y171.854 E1466.46698
G1 X128 Y171.98 E1466.47456
G1 X127.524 Y172.294 E1466.49353
G1 X127.336 Y172.334 E1466.49992
G1 X127.2 Y172.265 E1466.505
G1 X127.2 Y172.216 E1466.50663
G1 X127 Y172.007 E1466.51625
G1 X127 Y167.853 E1466.65441
G1 X127.2 Y167.751 E1466.66188
G1 X127.2 Y167.714 E1466.66311
G1 X127.356 Y167.654 E1466.66867
G1 X127.484 Y167.684 E1466.67304
G1 X127.993 Y167.988 E1466.69276
G1 X128 Y167.995 E1466.69309
G1 X128 Y171.98 E1466.82563
G1 F2400 E1466.32563
;MESH:Limiter bracketV2.stl
G0 F15000 X125.571 Y171.978
G0 X125.12 Y174.09
G0 X125.4 Y174.4
;TYPE:WALL-INNER
G1 F2400 E1466.82563
G1 F2717.8 X125.4 Y133.3 E1468.19262
G1 X124.6 Y133.3 E1468.21923
G1 X124.6 Y174.4 E1469.58622
G1 X125.4 Y174.4 E1469.61283
G0 F15000 X125.8 Y174.8
;TYPE:WALL-OUTER
G1 F2717.8 X125.8 Y132.9 E1471.00643
G1 X124.2 Y132.9 E1471.05964
G1 X124.2 Y174.8 E1472.45324
G1 X125.8 Y174.8 E1472.50646
G0 F15000 X125.52 Y174.52
G0 X125.091 Y172.641
G0 X125.319 Y172.642
;TYPE:FILL
G1 F2717.8 X124.681 Y172.813 E1472.52843
G0 F15000 X124.91 Y172.813
G0 X125.091 Y168.647
G0 X125.321 Y168.648
G1 F2717.8 X124.68 Y168.007 E1472.55858
G0 F15000 X124.91 Y168.007
G0 X124.91 Y164.531
G0 X124.68 Y164.531
G1 F2717.8 X125.319 Y164.359 E1472.58059
G0 F15000 X125.091 Y164.358
G0 X124.91 Y159.251
G0 X124.68 Y159.251
G1 F2717.8 X125.32 Y156.863 E1472.66282
G0 F15000 X125.321 Y157.334
G1 F2717.8 X124.68 Y156.693 E1472.69297
G0 F15000 X124.68 Y156.248
G1 F2717.8 X125.319 Y156.077 E1472.71497
G0 F15000 X125.091 Y156.076
G0 X124.91 Y147.966
G0 X124.681 Y147.966
G1 F2717.8 X125.319 Y147.795 E1472.73694
G0 F15000 X125.091 Y147.794
G0 X125.091 Y146.019
G0 X125.321 Y146.02
G1 F2717.8 X124.68 Y145.38 E1472.76707
G0 F15000 X124.91 Y145.38
G0 X124.91 Y139.684
G0 X124.681 Y139.684
G1 F2717.8 X125.32 Y139.513 E1472.78907
G0 F15000 X125.091 Y139.512
G0 X125.091 Y134.706
G0 X125.321 Y134.707
G1 F2717.8 X124.797 Y134.183 E1472.81371
G0 F15000 X125 Y133.7
;TYPE:SKIN
G1 F2264.8 X125 Y134.102 E1472.82976
G1 F2400 E1472.32976
G0 F15000 X125 Y134.403
G0 X124.43 Y174.12
G0 X123.335 Y174.12
G0 X113.665 Y174.12
G0 X112.57 Y174.12
G0 X112.09 Y174.12
G0 X112.4 Y174.4
;TYPE:WALL-INNER
G1 F2400 E1472.82976
G1 F2717.8 X112.4 Y133.3 E1474.19675
G1 X111.596 Y133.3 E1474.22349
G1 X111.6 Y174.4 E1475.59048
G1 X112.4 Y174.4 E1475.61709
G0 F15000 X112.8 Y174.8
;TYPE:WALL-OUTER
G1 F2717.8 X112.8 Y132.9 E1477.01069
G1 X111.196 Y132.9 E1477.06404
G1 X111.2 Y174.8 E1478.45764
G1 X112.8 Y174.8 E1478.51086
G0 F15000 X112.52 Y174.52
G0 X111.91 Y168.014
G0 X111.68 Y168.014
;TYPE:FILL
G1 F2717.8 X112.319 Y167.843 E1478.53286
G0 F15000 X112.32 Y166.961
G1 F2717.8 X111.679 Y166.32 E1478.56301
G0 F15000 X111.91 Y166.32
G0 X111.91 Y159.732
G0 X111.679 Y159.732
G1 F2717.8 X112.319 Y159.56 E1478.58505
G0 F15000 X112.09 Y159.56
G0 X112.09 Y155.647
G0 X112.32 Y155.647
G1 F2717.8 X111.678 Y155.006 E1478.61522
G0 F15000 X111.91 Y155.006
G0 X111.91 Y151.45
G0 X111.678 Y151.45
G1 F2717.8 X112.319 Y151.278 E1478.6373
G0 F15000 X112.09 Y151.278
G0 X111.91 Y145.959
G0 X111.677 Y145.959
G1 F2717.8 X112.32 Y143.56 E1478.7199
G0 F15000 X112.319 Y142.996
G1 F2717.8 X111.678 Y143.168 E1478.74198
G0 F15000 X111.677 Y143.69
G1 F2717.8 X112.32 Y144.333 E1478.77222
G0 F15000 X112.09 Y144.333
G0 X111.91 Y134.886
G0 X111.677 Y134.886
G1 F2717.8 X112.32 Y134.714 E1478.79436
G0 F15000 X112.09 Y134.714
G0 X111.999 Y134.403
G0 X111.998 Y133.702
;TYPE:SKIN
G1 F2246.1 X111.998 Y134.1 E1478.81038
G1 F2400 E1478.31038
;MESH:NONMESH
G0 F300 X111.998 Y134.1 Z11
G0 F15000 X111.998 Y134.403
G0 X111.41 Y167.944
G0 X110 Y167.944
;TIME_ELAPSED:1993.561394
;LAYER:54
;note -- min layer time used
;TYPE:SUPPORT
G1 F2400 E1478.81038
G1 F2709.4 X109.801 Y167.801 E1478.81853
G1 X109.8 Y167.731 E1478.82086
G1 X109.654 Y167.67 E1478.82612
G1 X109.47 Y167.708 E1478.83237
G1 X108.793 Y168.16 E1478.85944
G1 X108.46 Y168.533 E1478.87607
G1 X108.204 Y169.203 E1478.89993
G1 X108.201 Y170.713 E1478.95015
G1 X108.258 Y170.974 E1478.95904
G1 X108.506 Y171.519 E1478.97895
G1 X109.011 Y172.016 E1479.00252
G1 X109.513 Y172.317 E1479.02199
G1 X109.645 Y172.346 E1479.02648
G1 X109.8 Y172.285 E1479.03202
G1 X109.8 Y172.196 E1479.03498
G1 X110 Y172.001 E1479.04427
G1 F2400 E1478.54427
G0 F15000 X110.353 Y172.979
G0 X110.347 Y175.653
G0 X113.653 Y175.653
G0 X116.305 Y171.887
G0 X116.66 Y170.957
G0 X116.663 Y169.184
G0 X116.538 Y168.685
G0 X116.182 Y167.936
G0 X115.691 Y167.32
G0 X115.282 Y166.993
G0 X114.32 Y166.767
G0 X114.2 Y167.623
G1 F2400 E1479.04427
G1 F2709.4 X114.691 Y167.693 E1479.06077
G1 X114.849 Y167.753 E1479.06639
G1 X115.066 Y167.926 E1479.07562
G1 X115.413 Y168.393 E1479.09497
G1 X115.467 Y168.445 E1479.09747
G1 X115.721 Y168.979 E1479.11713
G1 X115.799 Y169.29 E1479.1278
G1 X115.796 Y170.797 E1479.17792
G1 X115.552 Y171.437 E1479.2007
G1 X115.19 Y171.854 E1479.21907
G1 X114.524 Y172.294 E1479.24562
G1 X114.336 Y172.334 E1479.25201
G1 X114.2 Y172.265 E1479.25708
G1 X114.2 Y172.211 E1479.25888
G1 X114 Y172.006 E1479.2684
G1 X114 Y167.882 E1479.40557
G1 X114.2 Y167.752 E1479.4135
G1 X114.2 Y167.623 E1479.41779
G1 F2400 E1478.91779
G0 F15000 X114.32 Y166.767
G0 X114.903 Y166.851
G0 X115.282 Y166.993
G0 X121.394 Y172.622
G0 X122 Y172.005
G1 F2400 E1479.41779
G1 F2709.4 X121.506 Y171.519 E1479.44084
G1 X121.258 Y170.974 E1479.46076
G1 X121.201 Y170.713 E1479.46964
G1 X121.204 Y169.203 E1479.51987
G1 X121.46 Y168.533 E1479.54372
G1 X121.791 Y168.161 E1479.56028
G1 X122 Y168.021 E1479.56865
G1 X122.477 Y167.703 E1479.58772
G1 X122.66 Y167.666 E1479.59393
G1 X122.859 Y167.754 E1479.60116
G1 X123 Y167.876 E1479.60737
G1 X123 Y172.001 E1479.74456
G1 X122.8 Y172.196 E1479.75385
G1 X122.8 Y172.285 E1479.75681
G1 X122.645 Y172.346 E1479.76235
G1 X122.513 Y172.317 E1479.76685
G1 X122.011 Y172.016 E1479.78632
G1 X122 Y172.005 E1479.78684
G1 X122 Y168.021 E1479.91934
G1 F2400 E1479.41934
G0 F15000 X121.52 Y167.303
G0 X121.219 Y167.504
G0 X120.709 Y168.078
G0 X120.34 Y169.043
G0 X120.337 Y170.804
G0 X120.435 Y171.249
G0 X120.786 Y172.022
G0 X123.347 Y175.653
G0 X126.653 Y175.653
G0 X129.305 Y171.887
G0 X129.66 Y170.957
G0 X129.663 Y169.192
G0 X129.557 Y168.739
G0 X129.233 Y168.031
G0 X128.445 Y167.25
G0 X128 Y167.995
G1 F2400 E1479.91934
G1 F2709.4 X128.48 Y168.46 E1479.94157
G1 X128.736 Y169.019 E1479.96202
G1 X128.799 Y169.29 E1479.97127
G1 X128.796 Y170.797 E1480.0214
G1 X128.552 Y171.437 E1480.04418
G1 X128.19 Y171.854 E1480.06255
G1 X128 Y171.98 E1480.07013
G1 X127.524 Y172.294 E1480.08909
G1 X127.336 Y172.334 E1480.09549
G1 X127.2 Y172.265 E1480.10056
G1 X127.2 Y172.211 E1480.10236
G1 X127 Y172.006 E1480.11188
G1 X127 Y167.853 E1480.25001
G1 X127.2 Y167.751 E1480.25748
G1 X127.2 Y167.714 E1480.25871
G1 X127.356 Y167.654 E1480.26427
G1 X127.484 Y167.684 E1480.26864
G1 X127.993 Y167.988 E1480.28836
G1 X128 Y167.995 E1480.28869
G1 X128 Y171.98 E1480.42123
G1 F2400 E1479.92123
;MESH:Limiter bracketV2.stl
G0 F15000 X125.571 Y171.978
G0 X125.12 Y174.09
G0 X125.4 Y174.4
;TYPE:WALL-INNER
G1 F2400 E1480.42123
G1 F2709.4 X125.4 Y133.5 E1481.78157
G1 X124.6 Y133.5 E1481.80818
G1 X124.6 Y174.4 E1483.16852
G1 X125.4 Y174.4 E1483.19512
G0 F15000 X125.8 Y174.8
;TYPE:WALL-OUTER
G1 F2709.4 X125.8 Y133.1 E1484.58207
G1 X124.2 Y133.1 E1484.63529
G1 X124.2 Y174.8 E1486.02224
G1 X125.8 Y174.8 E1486.07545
G0 F15000 X125.52 Y174.52
G0 X125.091 Y172.788
G0 X125.319 Y172.789
;TYPE:FILL
G1 F2709.4 X124.681 Y172.96 E1486.09742
G0 F15000 X124.91 Y172.96
G0 X125.091 Y168.445
G0 X125.32 Y168.446
G1 F2709.4 X124.68 Y167.806 E1486.12753
G0 F15000 X124.91 Y167.806
G0 X124.91 Y164.678
G0 X124.68 Y164.678
G1 F2709.4 X125.319 Y164.507 E1486.14953
G0 F15000 X125.091 Y164.506
G0 X124.91 Y158.702
G0 X124.68 Y158.702
G1 F2709.4 X125.319 Y156.316 E1486.23168
G1 X125.319 Y156.224
G1 X124.68 Y156.395 E1486.25368
G1 X124.68 Y156.493
G1 X125.32 Y157.133 E1486.28379
G0 F15000 X125.091 Y157.132
G0 X124.91 Y148.113
G0 X124.681 Y148.113
G1 F2709.4 X125.319 Y147.942 E1486.30576
G0 F15000 X125.091 Y147.941
G0 X125.091 Y145.818
G0 X125.32 Y145.819
G1 F2709.4 X124.68 Y145.179 E1486.33586
G0 F15000 X124.91 Y145.179
G0 X124.91 Y139.831
G0 X124.68 Y139.831
G1 F2709.4 X125.319 Y139.66 E1486.35786
G0 F15000 X125.091 Y139.659
G0 X125.091 Y134.504
G0 X125.32 Y134.505
G1 F2709.4 X125.197 Y134.383 E1486.36362
G0 F15000 X125 Y133.9
;TYPE:SKIN
G1 F2257.8 X125 Y134.302 E1486.37967
G1 F2400 E1485.87967
G0 F15000 X125 Y134.603
G0 X124.43 Y174.12
G0 X123.335 Y174.12
G0 X113.665 Y174.12
G0 X112.57 Y174.12
G0 X112.09 Y174.12
G0 X112.4 Y174.4
;TYPE:WALL-INNER
G1 F2400 E1486.37967
G1 F2709.4 X112.4 Y133.5 E1487.74001
G1 X111.596 Y133.5 E1487.76675
G1 X111.6 Y174.4 E1489.12709
G1 X112.4 Y174.4 E1489.1537
G0 F15000 X112.8 Y174.8
;TYPE:WALL-OUTER
G1 F2709.4 X112.8 Y133.1 E1490.54064
G1 X111.196 Y133.1 E1490.59399
G1 X111.2 Y174.8 E1491.98094
G1 X112.8 Y174.8 E1492.03416
G0 F15000 X112.213 Y174.321
;TYPE:FILL
G1 F2709.4 X112.32 Y173.923 E1492.04786
G0 F15000 X112.09 Y173.923
G0 X111.91 Y168.161
G0 X111.68 Y168.161
G1 F2709.4 X112.319 Y167.99 E1492.06986
G0 F15000 X112.09 Y167.99
G0 X112.09 Y166.761
G0 X112.32 Y166.761
G1 F2709.4 X111.679 Y166.119 E1492.10004
G0 F15000 X111.91 Y166.119
G0 X111.91 Y159.879
G0 X111.679 Y159.879
G1 F2709.4 X112.32 Y159.707 E1492.12211
G0 F15000 X112.09 Y159.707
G0 X112.09 Y155.447
G0 X112.32 Y155.447
G1 F2709.4 X111.678 Y154.805 E1492.15231
G0 F15000 X111.91 Y154.805
G0 X111.91 Y151.597
G0 X111.679 Y151.597
G1 F2709.4 X112.319 Y151.425 E1492.17435
G0 F15000 X112.09 Y151.425
G0 X111.91 Y145.41
G0 X111.677 Y145.41
G1 F2709.4 X112.32 Y143.014 E1492.25686
G1 X112.319 Y143.143
G1 X111.677 Y143.315 E1492.27897
G1 X111.677 Y143.49
G1 X112.32 Y144.133 E1492.30921
G0 F15000 X112.09 Y144.133
G0 X111.91 Y135.033
G0 X111.676 Y135.033
G1 F2709.4 X112.32 Y134.861 E1492.33138
G0 F15000 X112.09 Y134.861
G0 X111.999 Y134.603
G0 X111.998 Y133.902
;TYPE:SKIN
G1 F2239.2 X111.998 Y134.3 E1492.3474
G1 F2400 E1491.8474
;MESH:NONMESH
G0 F300 X111.998 Y134.3 Z11.2
G0 F15000 X111.998 Y134.603
G0 X111.41 Y167.944
G0 X110 Y167.944
;TIME_ELAPSED:2013.353715
;LAYER:55
;note -- min layer time used
;TYPE:SUPPORT
G1 F2400 E1492.3474
G1 F2700.1 X109.801 Y167.801 E1492.35555
G1 X109.8 Y167.731 E1492.35788
G1 X109.654 Y167.67 E1492.36314
G1 X109.47 Y167.708 E1492.36939
G1 X108.793 Y168.16 E1492.39647
G1 X108.46 Y168.533 E1492.4131
G1 X108.204 Y169.203 E1492.43695
G1 X108.201 Y170.713 E1492.48718
G1 X108.258 Y170.974 E1492.49606
G1 X108.506 Y171.519 E1492.51598
G1 X109.011 Y172.016 E1492.53954
G1 X109.513 Y172.317 E1492.55901
G1 X109.645 Y172.346 E1492.56351
G1 X109.8 Y172.285 E1492.56905
G1 X109.8 Y172.196 E1492.57201
G1 X110 Y172.001 E1492.5813
G1 F2400 E1492.0813
G0 F15000 X110.353 Y172.979
G0 X110.347 Y175.653
G0 X113.653 Y175.653
G0 X116.305 Y171.887
G0 X116.66 Y170.957
G0 X116.663 Y169.184
G0 X116.538 Y168.685
G0 X116.182 Y167.936
G0 X115.691 Y167.32
G0 X115.282 Y166.993
G0 X114.32 Y166.767
G0 X114.2 Y167.623
G1 F2400 E1492.5813
G1 F2700.1 X114.691 Y167.693 E1492.59779
G1 X114.849 Y167.753 E1492.60341
G1 X115.066 Y167.926 E1492.61264
G1 X115.413 Y168.393 E1492.632
G1 X115.467 Y168.445 E1492.63449
G1 X115.721 Y168.979 E1492.65416
G1 X115.799 Y169.29 E1492.66482
G1 X115.796 Y170.797 E1492.71494
G1 X115.552 Y171.437 E1492.73772
G1 X115.19 Y171.854 E1492.75609
G1 X114.524 Y172.294 E1492.78264
G1 X114.336 Y172.334 E1492.78903
G1 X114.2 Y172.265 E1492.79411
G1 X114.2 Y172.214 E1492.7958
G1 X114 Y171.997 E1492.80562
G1 X114 Y167.882 E1492.94248
G1 X114.2 Y167.752 E1492.95042
G1 X114.2 Y167.623 E1492.95471
G1 F2400 E1492.45471
G0 F15000 X114.32 Y166.767
G0 X114.903 Y166.851
G0 X115.282 Y166.993
G0 X121.394 Y172.622
G0 X122 Y172.005
G1 F2400 E1492.95471
G1 F2700.1 X121.506 Y171.519 E1492.97776
G1 X121.258 Y170.974 E1492.99767
G1 X121.201 Y170.713 E1493.00656
G1 X121.204 Y169.203 E1493.05678
G1 X121.46 Y168.533 E1493.08063
G1 X121.791 Y168.161 E1493.0972
G1 X122 Y168.021 E1493.10556
G1 X122.477 Y167.703 E1493.12463
G1 X122.66 Y167.666 E1493.13084
G1 X122.859 Y167.754 E1493.13808
G1 X123 Y167.876 E1493.14428
G1 X123 Y172.001 E1493.28148
G1 X122.8 Y172.196 E1493.29077
G1 X122.8 Y172.285 E1493.29373
G1 X122.645 Y172.346 E1493.29927
G1 X122.513 Y172.317 E1493.30376
G1 X122.011 Y172.016 E1493.32323
G1 X122 Y172.005 E1493.32375
G1 X122 Y168.021 E1493.45626
G1 F2400 E1492.95626
G0 F15000 X121.52 Y167.303
G0 X121.219 Y167.504
G0 X120.709 Y168.078
G0 X120.34 Y169.043
G0 X120.337 Y170.804
G0 X120.435 Y171.249
G0 X120.786 Y172.022
G0 X123.347 Y175.653
G0 X126.653 Y175.653
G0 X129.305 Y171.887
G0 X129.66 Y170.957
G0 X129.663 Y169.192
G0 X129.557 Y168.739
G0 X129.233 Y168.031
G0 X128.445 Y167.25
G0 X128 Y167.995
G1 F2400 E1493.45626
G1 F2700.1 X128.48 Y168.46 E1493.47848
G1 X128.736 Y169.019 E1493.49893
G1 X128.799 Y169.29 E1493.50819
G1 X128.796 Y170.797 E1493.55831
G1 X128.552 Y171.437 E1493.58109
G1 X128.19 Y171.854 E1493.59946
G1 X128 Y171.98 E1493.60704
G1 X127.524 Y172.294 E1493.62601
G1 X127.336 Y172.334 E1493.6324
G1 X127.2 Y172.265 E1493.63747
G1 X127.2 Y172.214 E1493.63917
G1 X127 Y171.997 E1493.64898
G1 X127 Y167.853 E1493.78681
G1 X127.2 Y167.751 E1493.79428
G1 X127.2 Y167.714 E1493.79551
G1 X127.356 Y167.654 E1493.80107
G1 X127.484 Y167.684 E1493.80544
G1 X127.993 Y167.988 E1493.82516
G1 X128 Y167.995 E1493.82549
G1 X128 Y171.98 E1493.95803
G1 F2400 E1493.45803
;MESH:Limiter bracketV2.stl
G0 F15000 X125.571 Y171.978
G0 X125.12 Y174.09
G0 X125.4 Y174.4
;TYPE:WALL-INNER
G1 F2400 E1493.95803
G1 F2700.1 X125.4 Y133.7 E1495.31172
G1 X124.6 Y133.7 E1495.33833
G1 X124.6 Y174.4 E1496.69202
G1 X125.4 Y174.4 E1496.71862
G0 F15000 X125.8 Y174.8
;TYPE:WALL-OUTER
G1 F2700.1 X125.8 Y133.3 E1498.09892
G1 X124.2 Y133.3 E1498.15214
G1 X124.2 Y174.8 E1499.53243
G1 X125.8 Y174.8 E1499.58565
G0 F15000 X125.52 Y174.52
G0 X125.091 Y172.934
G0 X125.319 Y172.935
;TYPE:FILL
G1 F2700.1 X124.68 Y173.106 E1499.60765
G0 F15000 X124.91 Y173.106
G0 X125.091 Y168.246
G0 X125.32 Y168.247
G1 F2700.1 X124.68 Y167.607 E1499.63775
G0 F15000 X124.91 Y167.607
G0 X124.91 Y164.824
G0 X124.68 Y164.824
G1 F2700.1 X125.319 Y164.652 E1499.65976
G0 F15000 X125.091 Y164.651
G0 X124.91 Y158.159
G0 X124.68 Y158.159
G1 F2700.1 X125.32 Y155.771 E1499.74199
G0 F15000 X125.319 Y156.37
G1 F2700.1 X124.68 Y156.541 E1499.76399
G0 F15000 X124.68 Y156.293
G1 F2700.1 X125.32 Y156.933 E1499.7941
G0 F15000 X125.091 Y156.932
G0 X124.91 Y148.259
G0 X124.681 Y148.259
G1 F2700.1 X125.319 Y148.088 E1499.81606
G0 F15000 X125.091 Y148.087
G0 X125.091 Y145.618
G0 X125.32 Y145.619
G1 F2700.1 X124.68 Y144.98 E1499.84614
G0 F15000 X124.91 Y144.98
G0 X124.91 Y139.977
G0 X124.68 Y139.977
G1 F2700.1 X125.319 Y139.806 E1499.86815
G0 F15000 X125.091 Y139.805
G0 X125.001 Y134.803
G0 X125 Y134.1
;TYPE:SKIN
G1 F2250.1 X125 Y134.502 E1499.88419
G1 F2400 E1499.38419
G0 F15000 X125 Y134.803
G0 X124.43 Y174.12
G0 X123.335 Y174.12
G0 X113.665 Y174.12
G0 X112.57 Y174.12
G0 X112.09 Y174.12
G0 X112.4 Y174.4
;TYPE:WALL-INNER
G1 F2400 E1499.88419
G1 F2700.1 X112.4 Y133.7 E1501.23788
G1 X111.596 Y133.7 E1501.26462
G1 X111.6 Y174.4 E1502.61831
G1 X112.4 Y174.4 E1502.64491
G0 F15000 X112.8 Y174.8
;TYPE:WALL-OUTER
G1 F2700.1 X112.8 Y133.3 E1504.02521
G1 X111.196 Y133.3 E1504.07856
G1 X111.2 Y174.8 E1505.45886
G1 X112.8 Y174.8 E1505.51207
G0 F15000 X112.067 Y174.321
;TYPE:FILL
G1 F2700.1 X112.32 Y173.378 E1505.54455
G0 F15000 X112.09 Y173.378
G0 X111.91 Y168.307
G0 X111.679 Y168.307
G1 F2700.1 X112.319 Y168.136 E1505.56658
G0 F15000 X112.09 Y168.136
G0 X112.09 Y166.56
G0 X112.32 Y166.56
G1 F2700.1 X111.679 Y165.92 E1505.59671
G0 F15000 X111.91 Y165.92
G0 X111.91 Y160.025
G0 X111.679 Y160.025
G1 F2700.1 X112.319 Y159.853 E1505.61875
G0 F15000 X112.09 Y159.853
G0 X112.09 Y155.247
G0 X112.32 Y155.247
G1 F2700.1 X111.678 Y154.605 E1505.64894
G0 F15000 X111.91 Y154.605
G0 X111.91 Y151.743
G0 X111.678 Y151.743
G1 F2700.1 X112.319 Y151.571 E1505.67102
G0 F15000 X112.09 Y151.571
G0 X111.91 Y144.867
G0 X111.677 Y144.867
G1 F2700.1 X112.32 Y142.469 E1505.75359
G0 F15000 X112.319 Y143.289
G1 F2700.1 X111.677 Y143.461 E1505.7757
G1 X111.676 Y143.29
G1 X112.32 Y143.933 E1505.80597
G0 F15000 X112.09 Y143.933
G0 X111.91 Y135.179
G0 X111.676 Y135.179
G1 F2700.1 X112.32 Y135.007 E1505.82814
G0 F15000 X111.998 Y134.102
;TYPE:SKIN
G1 F2231.5 X111.998 Y134.5 E1505.84416
G1 F2400 E1505.34416
;MESH:NONMESH
G0 F300 X111.998 Y134.5 Z11.4
G0 F15000 X111.998 Y134.803
G0 X111.41 Y167.944
G0 X110 Y167.944
;TIME_ELAPSED:2033.217697
;LAYER:56
;note -- min layer time used
;TYPE:SUPPORT
G1 F2400 E1505.84416
G1 F2694.1 X109.801 Y167.801 E1505.85231
G1 X109.8 Y167.731 E1505.85464
G1 X109.654 Y167.67 E1505.8599
G1 X109.47 Y167.708 E1505.86615
G1 X108.793 Y168.16 E1505.89322
G1 X108.46 Y168.533 E1505.90985
G1 X108.204 Y169.203 E1505.93371
G1 X108.201 Y170.713 E1505.98393
G1 X108.258 Y170.974 E1505.99282
G1 X108.506 Y171.519 E1506.01273
G1 X109.011 Y172.016 E1506.0363
G1 X109.513 Y172.317 E1506.05577
G1 X109.645 Y172.346 E1506.06026
G1 X109.8 Y172.285 E1506.0658
G1 X109.8 Y172.196 E1506.06876
G1 X110 Y172.001 E1506.07805
G1 F2400 E1505.57805
G0 F15000 X110.353 Y172.979
G0 X110.347 Y175.653
G0 X113.653 Y175.653
G0 X116.305 Y171.887
G0 X116.66 Y170.957
G0 X116.663 Y169.184
G0 X116.538 Y168.685
G0 X116.182 Y167.936
G0 X115.691 Y167.32
G0 X115.282 Y166.993
G0 X114.32 Y166.767
G0 X114.2 Y167.623
G1 F2400 E1506.07805
G1 F2694.1 X114.691 Y167.693 E1506.09455
G1 X114.849 Y167.753 E1506.10017
G1 X115.066 Y167.926 E1506.1094
G1 X115.413 Y168.393 E1506.12875
G1 X115.467 Y168.445 E1506.13124
G1 X115.721 Y168.979 E1506.15091
G1 X115.799 Y169.29 E1506.16158
G1 X115.796 Y170.797 E1506.2117
G1 X115.552 Y171.437 E1506.23448
G1 X115.19 Y171.854 E1506.25285
G1 X114.524 Y172.294 E1506.27939
G1 X114.336 Y172.334 E1506.28579
G1 X114.2 Y172.265 E1506.29086
G1 X114.2 Y172.17 E1506.29402
G1 X114 Y171.987 E1506.30304
G1 X114 Y167.882 E1506.43957
G1 X114.2 Y167.752 E1506.4475
G1 X114.2 Y167.623 E1506.45179
G1 F2400 E1505.95179
G0 F15000 X114.32 Y166.767
G0 X114.903 Y166.851
G0 X115.282 Y166.993
G0 X121.394 Y172.622
G0 X122 Y172.005
G1 F2400 E1506.45179
G1 F2694.1 X121.506 Y171.519 E1506.47484
G1 X121.258 Y170.974 E1506.49476
G1 X121.201 Y170.713 E1506.50364
G1 X121.204 Y169.203 E1506.55387
G1 X121.46 Y168.533 E1506.57772
G1 X121.791 Y168.161 E1506.59428
G1 X122 Y168.021 E1506.60265
G1 X122.477 Y167.703 E1506.62172
G1 X122.66 Y167.666 E1506.62793
G1 X122.859 Y167.754 E1506.63516
G1 X123 Y167.876 E1506.64137
G1 X123 Y172.001 E1506.77856
G1 X122.8 Y172.196 E1506.78785
G1 X122.8 Y172.285 E1506.79081
G1 X122.645 Y172.346 E1506.79635
G1 X122.513 Y172.317 E1506.80085
G1 X122.011 Y172.016 E1506.82032
G1 X122 Y172.005 E1506.82083
G1 X122 Y168.021 E1506.95334
G1 F2400 E1506.45334
G0 F15000 X121.52 Y167.303
G0 X121.219 Y167.504
G0 X120.709 Y168.078
G0 X120.34 Y169.043
G0 X120.337 Y170.804
G0 X120.435 Y171.249
G0 X120.786 Y172.022
G0 X123.347 Y175.653
G0 X126.653 Y175.653
G0 X129.305 Y171.887
G0 X129.66 Y170.957
G0 X129.663 Y169.192
G0 X129.557 Y168.739
G0 X129.233 Y168.031
G0 X128.445 Y167.25
G0 X128 Y167.995
G1 F2400 E1506.95334
G1 F2694.1 X128.48 Y168.46 E1506.97557
G1 X128.736 Y169.019 E1506.99602
G1 X128.799 Y169.29 E1507.00527
G1 X128.796 Y170.797 E1507.0554
G1 X128.552 Y171.437 E1507.07818
G1 X128.19 Y171.854 E1507.09654
G1 X128 Y171.98 E1507.10413
G1 X127.524 Y172.294 E1507.12309
G1 X127.336 Y172.334 E1507.12949
G1 X127.2 Y172.265 E1507.13456
G1 X127.2 Y172.17 E1507.13772
G1 X127 Y171.987 E1507.14674
G1 X127 Y167.853 E1507.28423
G1 X127.2 Y167.751 E1507.2917
G1 X127.2 Y167.714 E1507.29293
G1 X127.356 Y167.654 E1507.29849
G1 X127.484 Y167.684 E1507.30286
G1 X127.993 Y167.988 E1507.32258
G1 X128 Y167.995 E1507.32291
G1 X128 Y171.98 E1507.45545
G1 F2400 E1506.95545
;MESH:Limiter bracketV2.stl
G0 F15000 X125.571 Y171.978
G0 X125.12 Y174.09
G0 X125.4 Y174.4
;TYPE:WALL-INNER
G1 F2400 E1507.45545
G1 F2694.1 X125.4 Y133.9 E1508.80249
G1 X124.6 Y133.9 E1508.8291
G1 X124.6 Y174.4 E1510.17613
G1 X125.4 Y174.4 E1510.20274
G0 F15000 X125.8 Y174.8
;TYPE:WALL-OUTER
G1 F2694.1 X125.8 Y133.5 E1511.57638
G1 X124.2 Y133.5 E1511.6296
G1 X124.2 Y174.8 E1513.00324
G1 X125.8 Y174.8 E1513.05646
G0 F15000 X125.52 Y174.52
G0 X125.091 Y173.081
G0 X125.319 Y173.082
;TYPE:FILL
G1 F2694.1 X124.68 Y173.253 E1513.07846
G0 F15000 X124.91 Y173.253
G0 X125.091 Y168.045
G0 X125.32 Y168.046
G1 F2694.1 X124.68 Y167.406 E1513.10856
G0 F15000 X124.91 Y167.406
G0 X124.91 Y164.971
G0 X124.68 Y164.971
G1 F2694.1 X125.319 Y164.799 E1513.13057
G0 F15000 X125.091 Y164.798
G0 X124.91 Y157.609
G0 X124.68 Y157.609
G1 F2694.1 X125.32 Y155.222 E1513.21277
G0 F15000 X125.091 Y155.221
G0 X124.91 Y156.092
G0 X124.68 Y156.092
G1 F2694.1 X125.32 Y156.732 E1513.24287
G0 F15000 X125.32 Y156.517
G1 F2694.1 X124.68 Y156.688 E1513.26491
G0 F15000 X124.91 Y156.688
G0 X124.91 Y148.406
G0 X124.681 Y148.406
G1 F2694.1 X125.319 Y148.235 E1513.28688
G0 F15000 X125.091 Y148.234
G0 X125.091 Y145.418
G0 X125.32 Y145.419
G1 F2694.1 X124.68 Y144.779 E1513.31698
G0 F15000 X124.91 Y144.779
G0 X124.91 Y140.124
G0 X124.68 Y140.124
G1 F2694.1 X125.32 Y139.953 E1513.33901
G0 F15000 X125.091 Y139.952
G0 X125.001 Y135.003
G0 X125 Y134.3
;TYPE:SKIN
G1 F2245.1 X125 Y134.702 E1513.35506
G1 F2400 E1512.85506
G0 F15000 X125 Y135.003
G0 X124.43 Y174.12
G0 X123.335 Y174.12
G0 X113.665 Y174.12
G0 X112.57 Y174.12
G0 X112.09 Y174.12
G0 X112.4 Y174.4
;TYPE:WALL-INNER
G1 F2400 E1513.35506
G1 F2694.1 X112.4 Y133.9 E1514.70209
G1 X111.596 Y133.9 E1514.72883
G1 X111.6 Y174.4 E1516.07587
G1 X112.4 Y174.4 E1516.10248
G0 F15000 X112.8 Y174.8
;TYPE:WALL-OUTER
G1 F2694.1 X112.8 Y133.5 E1517.47612
G1 X111.196 Y133.5 E1517.52947
G1 X111.2 Y174.8 E1518.90311
G1 X112.8 Y174.8 E1518.95633
G0 F15000 X112.52 Y174.52
G0 X111.92 Y174.09
G0 X111.92 Y174.321
;TYPE:FILL
G1 F2694.1 X112.32 Y172.829 E1519.00771
G0 F15000 X112.09 Y172.829
G0 X111.91 Y168.454
G0 X111.68 Y168.454
G1 F2694.1 X112.319 Y168.283 E1519.02971
G0 F15000 X112.09 Y168.283
G0 X112.09 Y166.36
G0 X112.32 Y166.36
G1 F2694.1 X111.679 Y165.719 E1519.05986
G0 F15000 X111.91 Y165.719
G0 X111.91 Y160.172
G0 X111.679 Y160.172
G1 F2694.1 X112.319 Y160 E1519.0819
G0 F15000 X112.09 Y160
G0 X112.09 Y155.046
G0 X112.32 Y155.046
G1 F2694.1 X111.678 Y154.404 E1519.1121
G0 F15000 X111.91 Y154.404
G0 X111.91 Y151.89
G0 X111.677 Y151.89
G1 F2694.1 X112.32 Y151.718 E1519.13424
G0 F15000 X112.09 Y151.718
G0 X111.91 Y144.319
G0 X111.677 Y144.319
G1 F2694.1 X112.32 Y141.919 E1519.21687
G0 F15000 X112.09 Y141.919
G0 X111.91 Y143.089
G0 X111.677 Y143.089
G1 F2694.1 X112.32 Y143.732 E1519.24712
G0 F15000 X112.32 Y143.436
G1 F2694.1 X111.677 Y143.608 E1519.26926
G0 F15000 X111.91 Y143.608
G0 X111.91 Y135.326
G0 X111.676 Y135.326
G1 F2694.1 X112.32 Y135.154 E1519.29143
G0 F15000 X111.998 Y134.302
;TYPE:SKIN
G1 F2226.5 X111.998 Y134.7 E1519.30745
G1 F2400 E1518.80745
;MESH:NONMESH
G0 F300 X111.998 Y134.7 Z11.6
G0 F15000 X111.998 Y135.003
G0 X111.41 Y167.944
G0 X110 Y167.944
;TIME_ELAPSED:2053.252797
;LAYER:57
;note -- min layer time used
;TYPE:SUPPORT
G1 F2400 E1519.30745
G1 F2688.7 X109.801 Y167.801 E1519.3156
G1 X109.8 Y167.731 E1519.31792
G1 X109.654 Y167.67 E1519.32319
G1 X109.47 Y167.708 E1519.32944
G1 X108.793 Y168.16 E1519.35651
G1 X108.46 Y168.533 E1519.37314
G1 X108.204 Y169.203 E1519.397
G1 X108.201 Y170.713 E1519.44722
G1 X108.258 Y170.974 E1519.45611
G1 X108.506 Y171.519 E1519.47602
G1 X109.011 Y172.016 E1519.49959
G1 X109.513 Y172.317 E1519.51905
G1 X109.645 Y172.346 E1519.52355
G1 X109.8 Y172.285 E1519.52909
G1 X109.8 Y172.196 E1519.53205
G1 X110 Y172.001 E1519.54134
G1 F2400 E1519.04134
G0 F15000 X110.353 Y172.979
G0 X110.347 Y175.653
G0 X113.653 Y175.653
G0 X116.305 Y171.887
G0 X116.66 Y170.957
G0 X116.663 Y169.184
G0 X116.538 Y168.685
G0 X116.182 Y167.936
G0 X115.691 Y167.32
G0 X115.282 Y166.993
G0 X114.32 Y166.767
G0 X114.2 Y167.623
G1 F2400 E1519.54134
G1 F2688.7 X114.691 Y167.693 E1519.55784
G1 X114.849 Y167.753 E1519.56346
G1 X115.066 Y167.926 E1519.57269
G1 X115.413 Y168.393 E1519.59204
G1 X115.467 Y168.445 E1519.59453
G1 X115.721 Y168.979 E1519.6142
G1 X115.799 Y169.29 E1519.62486
G1 X115.796 Y170.797 E1519.67499
G1 X115.552 Y171.437 E1519.69777
G1 X115.19 Y171.854 E1519.71614
G1 X114.524 Y172.294 E1519.74268
G1 X114.336 Y172.334 E1519.74908
G1 X114.2 Y172.265 E1519.75415
G1 X114.2 Y172.178 E1519.75704
G1 X114 Y171.989 E1519.7662
G1 X114 Y167.882 E1519.90279
G1 X114.2 Y167.752 E1519.91073
G1 X114.2 Y167.623 E1519.91502
G1 F2400 E1519.41502
G0 F15000 X114.32 Y166.767
G0 X114.903 Y166.851
G0 X115.282 Y166.993
G0 X121.394 Y172.622
G0 X122 Y172.005
G1 F2400 E1519.91502
G1 F2688.7 X121.506 Y171.519 E1519.93807
G1 X121.258 Y170.974 E1519.95798
G1 X121.201 Y170.713 E1519.96687
G1 X121.204 Y169.203 E1520.01709
G1 X121.46 Y168.533 E1520.04095
G1 X121.791 Y168.161 E1520.05751
G1 X122 Y168.021 E1520.06588
G1 X122.477 Y167.703 E1520.08494
G1 X122.66 Y167.666 E1520.09115
G1 X122.859 Y167.754 E1520.09839
G1 X123 Y167.876 E1520.10459
G1 X123 Y172.001 E1520.24179
G1 X122.8 Y172.196 E1520.25108
G1 X122.8 Y172.285 E1520.25404
G1 X122.645 Y172.346 E1520.25958
G1 X122.513 Y172.317 E1520.26408
G1 X122.011 Y172.016 E1520.28354
G1 X122 Y172.005 E1520.28406
G1 X122 Y168.021 E1520.41657
G1 F2400 E1519.91657
G0 F15000 X121.52 Y167.303
G0 X121.219 Y167.504
G0 X120.709 Y168.078
G0 X120.34 Y169.043
G0 X120.337 Y170.804
G0 X120.435 Y171.249
G0 X120.786 Y172.022
G0 X123.347 Y175.653
G0 X126.653 Y175.653
G0 X129.305 Y171.887
G0 X129.66 Y170.957
G0 X129.663 Y169.192
G0 X129.557 Y168.739
G0 X129.233 Y168.031
G0 X128.445 Y167.25
G0 X128 Y167.995
G1 F2400 E1520.41657
G1 F2688.7 X128.48 Y168.46 E1520.4388
G1 X128.736 Y169.019 E1520.45925
G1 X128.799 Y169.29 E1520.4685
G1 X128.796 Y170.797 E1520.51862
G1 X128.552 Y171.437 E1520.5414
G1 X128.19 Y171.854 E1520.55977
G1 X128 Y171.98 E1520.56735
G1 X127.524 Y172.294 E1520.58632
G1 X127.336 Y172.334 E1520.59271
G1 X127.2 Y172.265 E1520.59778
G1 X127.2 Y172.178 E1520.60068
G1 X127 Y171.989 E1520.60983
G1 X127 Y167.855 E1520.74733
G1 X127.2 Y167.753 E1520.7548
G1 X127.2 Y167.714 E1520.75609
G1 X127.356 Y167.654 E1520.76165
G1 X127.484 Y167.684 E1520.76602
G1 X127.993 Y167.988 E1520.78574
G1 X128 Y167.995 E1520.78607
G1 X128 Y171.98 E1520.91861
G1 F2400 E1520.41861
;MESH:Limiter bracketV2.stl
G0 F15000 X125.571 Y171.978
G0 X125.12 Y174.09
G0 X125.4 Y174.4
;TYPE:WALL-INNER
G1 F2400 E1520.91861
G1 F2688.7 X125.4 Y134.1 E1522.259
G1 X124.6 Y134.1 E1522.28561
G1 X124.6 Y174.4 E1523.62599
G1 X125.4 Y174.4 E1523.6526
G0 F15000 X125.8 Y174.8
;TYPE:WALL-OUTER
G1 F2688.7 X125.8 Y133.7 E1525.01959
G1 X124.2 Y133.7 E1525.07281
G1 X124.2 Y174.8 E1526.4398
G1 X125.8 Y174.8 E1526.49301
G0 F15000 X125.52 Y174.52
G0 X125.091 Y173.227
G0 X125.319 Y173.228
;TYPE:FILL
G1 F2688.7 X124.68 Y173.399 E1526.51501
G0 F15000 X124.91 Y173.399
G0 X125.091 Y167.846
G0 X125.32 Y167.847
G1 F2688.7 X124.68 Y167.207 E1526.54512
G0 F15000 X124.91 Y167.207
G0 X124.91 Y165.116
G0 X124.681 Y165.116
G1 F2688.7 X125.319 Y164.945 E1526.56709
G0 F15000 X125.091 Y164.944
G0 X124.91 Y157.064
G0 X124.68 Y157.064
G1 F2688.7 X125.32 Y154.677 E1526.64928
G0 F15000 X125.091 Y154.676
G0 X124.91 Y155.893
G0 X124.68 Y155.893
G1 F2688.7 X125.32 Y156.533 E1526.67939
G1 X125.32 Y156.663
G1 X124.68 Y156.834 E1526.70142
G0 F15000 X124.91 Y156.834
G0 X124.91 Y148.552
G0 X124.68 Y148.552
G1 F2688.7 X125.319 Y148.381 E1526.72342
G0 F15000 X125.091 Y148.38
G0 X125.091 Y145.218
G0 X125.32 Y145.219
G1 F2688.7 X124.68 Y144.579 E1526.75352
G0 F15000 X124.91 Y144.579
G0 X124.91 Y140.27
G0 X124.68 Y140.27
G1 F2688.7 X125.319 Y140.099 E1526.77553
G0 F15000 X125.091 Y140.098
G0 X125.001 Y135.203
G0 X125 Y134.5
;TYPE:SKIN
G1 F2240.6 X125 Y134.902 E1526.79157
G1 F2400 E1526.29157
G0 F15000 X125 Y135.203
G0 X124.43 Y174.12
G0 X123.335 Y174.12
G0 X113.665 Y174.12
G0 X112.57 Y174.12
G0 X112.09 Y174.12
G0 X112.4 Y174.4
;TYPE:WALL-INNER
G1 F2400 E1526.79157
G1 F2688.7 X112.4 Y134.1 E1528.13195
G1 X111.596 Y134.1 E1528.15869
G1 X111.6 Y174.4 E1529.49908
G1 X112.4 Y174.4 E1529.52569
G0 F15000 X112.8 Y174.8
;TYPE:WALL-OUTER
G1 F2688.7 X112.8 Y133.7 E1530.89268
G1 X111.196 Y133.7 E1530.94603
G1 X111.2 Y174.8 E1532.31302
G1 X112.8 Y174.8 E1532.36623
G0 F15000 X112.52 Y174.52
G0 X111.88 Y174.09
G0 X111.774 Y174.32
;TYPE:FILL
G1 F2688.7 X112.32 Y172.285 E1532.43631
G0 F15000 X112.09 Y172.285
G0 X111.91 Y168.6
G0 X111.679 Y168.6
G1 F2688.7 X112.319 Y168.429 E1532.45835
G0 F15000 X112.09 Y168.429
G0 X112.09 Y166.161
G0 X112.32 Y166.161
G1 F2688.7 X111.679 Y165.52 E1532.4885
G0 F15000 X111.91 Y165.52
G0 X111.91 Y160.318
G0 X111.679 Y160.318
G1 F2688.7 X112.319 Y160.147 E1532.51053
G0 F15000 X112.09 Y160.147
G0 X112.09 Y154.847
G0 X112.32 Y154.847
G1 F2688.7 X111.678 Y154.204 E1532.54075
G0 F15000 X111.91 Y154.204
G0 X111.91 Y152.036
G0 X111.678 Y152.036
G1 F2688.7 X112.32 Y151.864 E1532.56286
G0 F15000 X112.09 Y151.864
G0 X111.91 Y143.773
G0 X111.677 Y143.773
G1 F2688.7 X112.32 Y141.374 E1532.64546
G0 F15000 X112.09 Y141.374
G0 X111.91 Y142.889
G0 X111.676 Y142.889
G1 F2688.7 X112.32 Y143.533 E1532.67576
G1 X112.32 Y143.582
G1 X111.678 Y143.754 E1532.69786
G0 F15000 X111.91 Y143.754
G0 X111.91 Y135.472
G0 X111.677 Y135.472
G1 F2688.7 X112.319 Y135.3 E1532.71997
G0 F15000 X111.998 Y134.502
;TYPE:SKIN
G1 F2222 X111.998 Y134.9 E1532.73599
G1 F2400 E1532.23599
;MESH:NONMESH
G0 F300 X111.998 Y134.9 Z11.8
G0 F15000 X111.998 Y135.203
G0 X111.41 Y167.944
G0 X110 Y167.944
;TIME_ELAPSED:2073.235611
;LAYER:58
;note -- min layer time used
;TYPE:SUPPORT
G1 F2400 E1532.73599
G1 F2669.3 X109.801 Y167.801 E1532.74414
G1 X109.8 Y167.731 E1532.74646
G1 X109.654 Y167.67 E1532.75173
G1 X109.47 Y167.708 E1532.75798
G1 X108.793 Y168.16 E1532.78505
G1 X108.46 Y168.533 E1532.80168
G1 X108.204 Y169.203 E1532.82554
G1 X108.201 Y170.713 E1532.87576
G1 X108.258 Y170.974 E1532.88465
G1 X108.506 Y171.519 E1532.90456
G1 X109.011 Y172.016 E1532.92813
G1 X109.513 Y172.317 E1532.9476
G1 X109.645 Y172.346 E1532.95209
G1 X109.8 Y172.285 E1532.95763
G1 X109.8 Y172.196 E1532.96059
G1 X110 Y172.001 E1532.96988
G1 F2400 E1532.46988
G0 F15000 X110.353 Y172.979
G0 X110.347 Y175.653
G0 X113.653 Y175.653
G0 X116.305 Y171.887
G0 X116.66 Y170.957
G0 X116.663 Y169.184
G0 X116.538 Y168.685
G0 X116.182 Y167.936
G0 X115.691 Y167.32
G0 X115.282 Y166.993
G0 X114.32 Y166.767
G0 X114.2 Y167.623
G1 F2400 E1532.96988
G1 F2669.3 X114.691 Y167.693 E1532.98638
G1 X114.849 Y167.753 E1532.992
G1 X115.066 Y167.926 E1533.00123
G1 X115.413 Y168.393 E1533.02058
G1 X115.467 Y168.445 E1533.02307
G1 X115.721 Y168.979 E1533.04274
G1 X115.799 Y169.29 E1533.0534
G1 X115.796 Y170.797 E1533.10353
G1 X115.552 Y171.437 E1533.12631
G1 X115.19 Y171.854 E1533.14468
G1 X114.524 Y172.294 E1533.17122
G1 X114.336 Y172.334 E1533.17762
G1 X114.2 Y172.265 E1533.18269
G1 X114.2 Y172.179 E1533.18555
G1 X114 Y171.99 E1533.1947
G1 X114 Y167.882 E1533.33134
G1 X114.2 Y167.752 E1533.33927
G1 X114.2 Y167.623 E1533.34356
G1 F2400 E1532.84356
G0 F15000 X114.32 Y166.767
G0 X114.903 Y166.851
G0 X115.282 Y166.993
G0 X121.394 Y172.622
G0 X122 Y172.005
G1 F2400 E1533.34356
G1 F2669.3 X121.506 Y171.519 E1533.36661
G1 X121.258 Y170.974 E1533.38652
G1 X121.201 Y170.713 E1533.39541
G1 X121.204 Y169.203 E1533.44563
G1 X121.46 Y168.533 E1533.46949
G1 X121.791 Y168.161 E1533.48605
G1 X122 Y168.021 E1533.49442
G1 X122.477 Y167.703 E1533.51348
G1 X122.66 Y167.666 E1533.51969
G1 X122.861 Y167.755 E1533.527
G1 X123 Y167.875 E1533.53311
G1 X123 Y172.001 E1533.67034
G1 X122.8 Y172.196 E1533.67963
G1 X122.8 Y172.285 E1533.68259
G1 X122.645 Y172.346 E1533.68813
G1 X122.513 Y172.317 E1533.69263
G1 X122.011 Y172.016 E1533.7121
G1 X122 Y172.005 E1533.71261
G1 X122 Y168.021 E1533.84512
G1 F2400 E1533.34512
G0 F15000 X121.52 Y167.303
G0 X121.219 Y167.504
G0 X120.709 Y168.078
G0 X120.34 Y169.043
G0 X120.337 Y170.804
G0 X120.435 Y171.249
G0 X120.786 Y172.022
G0 X123.347 Y175.653
G0 X126.653 Y175.653
G0 X129.305 Y171.887
G0 X129.66 Y170.957
G0 X129.663 Y169.192
G0 X129.557 Y168.739
G0 X129.233 Y168.031
G0 X128.445 Y167.25
G0 X128 Y167.995
G1 F2400 E1533.84512
G1 F2669.3 X128.48 Y168.46 E1533.86735
G1 X128.736 Y169.019 E1533.8878
G1 X128.799 Y169.29 E1533.89705
G1 X128.796 Y170.797 E1533.94718
G1 X128.552 Y171.437 E1533.96996
G1 X128.19 Y171.854 E1533.98832
G1 X128 Y171.98 E1533.99591
G1 X127.524 Y172.294 E1534.01487
G1 X127.336 Y172.334 E1534.02127
G1 X127.2 Y172.265 E1534.02634
G1 X127.2 Y172.179 E1534.0292
G1 X127 Y171.99 E1534.03835
G1 X127 Y167.874 E1534.17525
G1 X127.2 Y167.793 E1534.18243
G1 X127.2 Y167.714 E1534.18505
G1 X127.356 Y167.654 E1534.19061
G1 X127.484 Y167.684 E1534.19499
G1 X127.993 Y167.988 E1534.21471
G1 X128 Y167.995 E1534.21503
G1 X128 Y171.98 E1534.34758
G1 F2400 E1533.84758
;MESH:Limiter bracketV2.stl
G0 F15000 X125.571 Y171.978
G0 X125.12 Y174.09
G0 X125.4 Y174.4
;TYPE:WALL-INNER
G1 F2400 E1534.34758
G1 F2669.3 X125.4 Y134.3 E1535.68131
G1 X124.6 Y134.3 E1535.70792
G1 X124.6 Y174.4 E1537.04165
G1 X125.4 Y174.4 E1537.06826
G0 F15000 X125.8 Y174.8
;TYPE:WALL-OUTER
G1 F2669.3 X125.8 Y133.9 E1538.42859
G1 X124.2 Y133.9 E1538.48181
G1 X124.2 Y174.8 E1539.84215
G1 X125.8 Y174.8 E1539.89537
G0 F15000 X125.52 Y174.52
G0 X125.091 Y173.373
G0 X125.319 Y173.374
;TYPE:FILL
G1 F2669.3 X124.68 Y173.545 E1539.91737
G0 F15000 X124.91 Y173.545
G0 X125.091 Y167.647
G0 X125.321 Y167.648
G1 F2669.3 X124.68 Y167.007 E1539.94752
G0 F15000 X124.91 Y167.007
G0 X124.91 Y165.263
G0 X124.68 Y165.263
G1 F2669.3 X125.319 Y165.091 E1539.96953
G0 F15000 X125.091 Y165.09
G0 X124.91 Y156.98
G0 X124.681 Y156.98
G1 F2669.3 X125.319 Y156.809 E1539.9915
G0 F15000 X125.321 Y156.334
G1 F2669.3 X124.68 Y155.694 E1540.02162
G0 F15000 X124.68 Y156.519
G1 F2669.3 X125.32 Y154.131 E1540.10385
G0 F15000 X125.091 Y154.13
G0 X124.91 Y148.698
G0 X124.68 Y148.698
G1 F2669.3 X125.319 Y148.527 E1540.12585
G0 F15000 X125.091 Y148.526
G0 X125.091 Y145.02
G0 X125.321 Y145.021
G1 F2669.3 X124.68 Y144.38 E1540.156
G0 F15000 X124.91 Y144.38
G0 X124.91 Y140.416
G0 X124.681 Y140.416
G1 F2669.3 X125.319 Y140.245 E1540.17797
G0 F15000 X125.091 Y140.244
G0 X125.001 Y135.403
G0 X125 Y134.7
;TYPE:SKIN
G1 F2224.4 X125 Y135.102 E1540.19402
G1 F2400 E1539.69402
G0 F15000 X125 Y135.403
G0 X124.43 Y174.12
G0 X123.335 Y174.12
G0 X113.665 Y174.12
G0 X112.57 Y174.12
G0 X112.09 Y174.12
G0 X112.4 Y174.4
;TYPE:WALL-INNER
G1 F2400 E1540.19402
G1 F2669.3 X112.4 Y134.3 E1541.52775
G1 X111.596 Y134.3 E1541.55449
G1 X111.6 Y174.4 E1542.88822
G1 X112.4 Y174.4 E1542.91483
G0 F15000 X112.8 Y174.8
;TYPE:WALL-OUTER
G1 F2669.3 X112.8 Y133.9 E1544.27517
G1 X111.196 Y133.9 E1544.32852
G1 X111.2 Y174.8 E1545.68886
G1 X112.8 Y174.8 E1545.74207
G0 F15000 X112.52 Y174.52
G0 X111.91 Y174.09
G0 X111.68 Y174.126
;TYPE:FILL
G1 F2669.3 X112.32 Y171.74 E1545.82424
G0 F15000 X112.09 Y171.74
G0 X111.91 Y168.746
G0 X111.68 Y168.746
G1 F2669.3 X112.32 Y168.575 E1545.84627
G0 F15000 X112.09 Y168.575
G0 X112.09 Y165.961
G0 X112.32 Y165.961
G1 F2669.3 X111.679 Y165.32 E1545.87642
G0 F15000 X111.91 Y165.32
G0 X111.91 Y160.464
G0 X111.679 Y160.464
G1 F2669.3 X112.319 Y160.293 E1545.89846
G0 F15000 X112.09 Y160.293
G0 X112.09 Y154.647
G0 X112.32 Y154.647
G1 F2669.3 X111.678 Y154.005 E1545.92865
G0 F15000 X111.91 Y154.005
G0 X111.91 Y152.182
G0 X111.678 Y152.182
G1 F2669.3 X112.319 Y152.01 E1545.95073
G0 F15000 X112.09 Y152.01
G0 X111.91 Y143.9
G0 X111.677 Y143.9
G1 F2669.3 X112.32 Y143.728 E1545.97287
G0 F15000 X112.32 Y143.333
G1 F2669.3 X111.677 Y142.691 E1546.00309
G0 F15000 X111.677 Y143.228
G1 F2669.3 X112.319 Y140.831 E1546.08562
G0 F15000 X112.09 Y140.831
G0 X111.91 Y135.618
G0 X111.677 Y135.618
G1 F2669.3 X112.319 Y135.446 E1546.10773
G0 F15000 X111.998 Y134.702
;TYPE:SKIN
G1 F2206 X111.998 Y135.1 E1546.12374
G1 F2400 E1545.62374
;MESH:NONMESH
G0 F300 X111.998 Y135.1 Z12
G0 F15000 X111.998 Y135.403
G0 X111.41 Y167.944
G0 X110 Y167.944
;TIME_ELAPSED:2093.034970
;LAYER:59
;note -- min layer time used
;TYPE:SUPPORT
G1 F2400 E1546.12374
G1 F2656.8 X109.801 Y167.801 E1546.1319
G1 X109.8 Y167.731 E1546.13422
G1 X109.654 Y167.67 E1546.13949
G1 X109.47 Y167.708 E1546.14574
G1 X108.793 Y168.16 E1546.17281
G1 X108.46 Y168.533 E1546.18944
G1 X108.204 Y169.203 E1546.2133
G1 X108.201 Y170.713 E1546.26352
G1 X108.258 Y170.974 E1546.2724
G1 X108.506 Y171.519 E1546.29232
G1 X109.011 Y172.016 E1546.31589
G1 X109.513 Y172.317 E1546.33535
G1 X109.645 Y172.346 E1546.33985
G1 X109.8 Y172.285 E1546.34539
G1 X109.8 Y172.196 E1546.34835
G1 X110 Y172.001 E1546.35764
G1 F2400 E1545.85764
G0 F15000 X110.353 Y172.979
G0 X110.347 Y175.653
G0 X113.653 Y175.653
G0 X116.305 Y171.887
G0 X116.66 Y170.957
G0 X116.663 Y169.184
G0 X116.538 Y168.685
G0 X116.182 Y167.936
G0 X115.691 Y167.32
G0 X115.282 Y166.993
G0 X114.32 Y166.767
G0 X114.2 Y167.623
G1 F2400 E1546.35764
G1 F2656.8 X114.691 Y167.693 E1546.37414
G1 X114.849 Y167.753 E1546.37976
G1 X115.066 Y167.926 E1546.38899
G1 X115.413 Y168.393 E1546.40834
G1 X115.467 Y168.445 E1546.41083
G1 X115.721 Y168.979 E1546.4305
G1 X115.799 Y169.29 E1546.44116
G1 X115.796 Y170.797 E1546.49129
G1 X115.552 Y171.437 E1546.51407
G1 X115.19 Y171.854 E1546.53243
G1 X114.524 Y172.294 E1546.55898
G1 X114.336 Y172.334 E1546.56538
G1 X114.2 Y172.265 E1546.57045
G1 X114.2 Y172.183 E1546.57318
G1 X114 Y171.989 E1546.58244
G1 X114 Y167.882 E1546.71904
G1 X114.2 Y167.752 E1546.72698
G1 X114.2 Y167.623 E1546.73127
G1 F2400 E1546.23127
G0 F15000 X114.32 Y166.767
G0 X114.903 Y166.851
G0 X115.282 Y166.993
G0 X121.394 Y172.622
G0 X122 Y172.005
G1 F2400 E1546.73127
G1 F2656.8 X121.506 Y171.519 E1546.75432
G1 X121.258 Y170.974 E1546.77423
G1 X121.201 Y170.713 E1546.78312
G1 X121.204 Y169.203 E1546.83334
G1 X121.46 Y168.533 E1546.85719
G1 X121.791 Y168.161 E1546.87376
G1 X122 Y168.021 E1546.88212
G1 X122.477 Y167.703 E1546.90119
G1 X122.66 Y167.666 E1546.9074
G1 X122.862 Y167.756 E1546.91476
G1 X123 Y167.876 E1546.92084
G1 X123 Y172.001 E1547.05804
G1 X122.8 Y172.196 E1547.06733
G1 X122.8 Y172.285 E1547.07029
G1 X122.645 Y172.346 E1547.07583
G1 X122.513 Y172.317 E1547.08032
G1 X122.011 Y172.016 E1547.09979
G1 X122 Y172.005 E1547.10031
G1 X122 Y168.021 E1547.23282
G1 F2400 E1546.73282
G0 F15000 X121.52 Y167.303
G0 X121.219 Y167.504
G0 X120.709 Y168.078
G0 X120.34 Y169.043
G0 X120.337 Y170.804
G0 X120.435 Y171.249
G0 X120.786 Y172.022
G0 X123.347 Y175.653
G0 X126.653 Y175.653
G0 X129.305 Y171.887
G0 X129.66 Y170.957
G0 X129.663 Y169.192
G0 X129.557 Y168.739
G0 X129.233 Y168.031
G0 X128.445 Y167.25
G0 X128 Y167.995
G1 F2400 E1547.23282
G1 F2656.8 X128.48 Y168.46 E1547.25504
G1 X128.736 Y169.019 E1547.27549
G1 X128.799 Y169.29 E1547.28475
G1 X128.796 Y170.797 E1547.33487
G1 X128.552 Y171.437 E1547.35765
G1 X128.19 Y171.854 E1547.37602
G1 X128 Y171.98 E1547.3836
G1 X127.524 Y172.294 E1547.40257
G1 X127.336 Y172.334 E1547.40896
G1 X127.2 Y172.265 E1547.41403
G1 X127.2 Y172.183 E1547.41676
G1 X127 Y171.989 E1547.42603
G1 X127 Y167.861 E1547.56332
G1 X127.2 Y167.754 E1547.57087
G1 X127.2 Y167.714 E1547.5722
G1 X127.356 Y167.654 E1547.57776
G1 X127.484 Y167.684 E1547.58213
G1 X127.993 Y167.988 E1547.60185
G1 X128 Y167.995 E1547.60218
G1 X128 Y171.98 E1547.73472
G1 F2400 E1547.23472
;MESH:Limiter bracketV2.stl
G0 F15000 X125.571 Y171.978
G0 X125.12 Y174.09
G0 X125.4 Y174.4
;TYPE:WALL-INNER
G1 F2400 E1547.73472
G1 F2656.8 X125.4 Y134.5 E1549.0618
G1 X124.6 Y134.5 E1549.08841
G1 X124.6 Y174.4 E1550.41549
G1 X125.4 Y174.4 E1550.4421
G0 F15000 X125.8 Y174.8
;TYPE:WALL-OUTER
G1 F2656.8 X125.8 Y134.1 E1551.79578
G1 X124.2 Y134.1 E1551.849
G1 X124.2 Y174.8 E1553.20269
G1 X125.8 Y174.8 E1553.2559
G0 F15000 X125.52 Y174.52
G0 X125.091 Y173.52
G0 X125.319 Y173.521
;TYPE:FILL
G1 F2656.8 X124.68 Y173.692 E1553.2779
G0 F15000 X124.91 Y173.692
G0 X125.091 Y167.445
G0 X125.32 Y167.446
G1 F2656.8 X124.68 Y166.806 E1553.30801
G0 F15000 X124.91 Y166.806
G0 X124.91 Y165.41
G0 X124.681 Y165.41
G1 F2656.8 X125.319 Y165.238 E1553.32999
G0 F15000 X125.091 Y165.237
G0 X124.91 Y157.127
G0 X124.68 Y157.127
G1 F2656.8 X125.319 Y156.956 E1553.35199
G0 F15000 X125.32 Y156.133
G1 F2656.8 X124.68 Y155.493 E1553.38209
G0 F15000 X124.68 Y155.971
G1 F2656.8 X125.32 Y153.584 E1553.46429
G0 F15000 X125.091 Y153.583
G0 X124.91 Y148.845
G0 X124.68 Y148.845
G1 F2656.8 X125.319 Y148.674 E1553.48629
G0 F15000 X125.091 Y148.673
G0 X125.091 Y144.818
G0 X125.32 Y144.819
G1 F2656.8 X124.68 Y144.179 E1553.51639
G0 F15000 X124.91 Y144.179
G0 X124.91 Y140.563
G0 X124.681 Y140.563
G1 F2656.8 X125.319 Y140.392 E1553.53836
G0 F15000 X125.091 Y140.391
G0 X125.001 Y135.603
G0 X125 Y134.9
;TYPE:SKIN
G1 F2214 X125 Y135.302 E1553.5544
G1 F2400 E1553.0544
G0 F15000 X125 Y135.603
G0 X124.43 Y174.12
G0 X123.335 Y174.12
G0 X113.665 Y174.12
G0 X112.57 Y174.12
G0 X112.09 Y174.12
G0 X112.4 Y174.4
;TYPE:WALL-INNER
G1 F2400 E1553.5544
G1 F2656.8 X112.4 Y134.5 E1554.88148
G1 X111.596 Y134.5 E1554.90822
G1 X111.6 Y174.4 E1556.2353
G1 X112.4 Y174.4 E1556.26191
G0 F15000 X112.8 Y174.8
;TYPE:WALL-OUTER
G1 F2656.8 X112.8 Y134.1 E1557.6156
G1 X111.196 Y134.1 E1557.66895
G1 X111.2 Y174.8 E1559.02264
G1 X112.8 Y174.8 E1559.07585
G0 F15000 X112.52 Y174.52
G0 X111.91 Y173.577
G0 X111.68 Y173.577
;TYPE:FILL
G1 F2656.8 X112.32 Y171.192 E1559.15798
G0 F15000 X112.09 Y171.192
G0 X111.91 Y168.893
G0 X111.68 Y168.893
G1 F2656.8 X112.32 Y168.722 E1559.18002
G0 F15000 X112.09 Y168.722
G0 X112.09 Y165.761
G0 X112.32 Y165.761
G1 F2656.8 X111.679 Y165.119 E1559.21019
G0 F15000 X111.91 Y165.119
G0 X111.91 Y160.611
G0 X111.679 Y160.611
G1 F2656.8 X112.319 Y160.44 E1559.23223
G0 F15000 X112.09 Y160.44
G0 X112.09 Y154.447
G0 X112.32 Y154.447
G1 F2656.8 X111.678 Y153.804 E1559.26245
G0 F15000 X111.91 Y153.804
G0 X111.91 Y152.329
G0 X111.678 Y152.329
G1 F2656.8 X112.319 Y152.157 E1559.28452
G0 F15000 X112.09 Y152.157
G0 X111.91 Y144.047
G0 X111.677 Y144.047
G1 F2656.8 X112.319 Y143.875 E1559.30663
G0 F15000 X112.32 Y143.133
G1 F2656.8 X111.677 Y142.49 E1559.33687
G1 X111.677 Y142.682
G1 X112.32 Y140.281 E1559.41954
G0 F15000 X112.09 Y140.281
G0 X111.91 Y135.765
G0 X111.677 Y135.765
G1 F2656.8 X112.319 Y135.593 E1559.44165
G0 F15000 X111.998 Y134.902
;TYPE:SKIN
G1 F2195.7 X111.998 Y135.3 E1559.45767
G1 F2400 E1558.95767
;MESH:NONMESH
G0 F300 X111.998 Y135.3 Z12.2
G0 F15000 X111.998 Y135.603
G0 X111.41 Y167.944
G0 X110 Y167.944
;TIME_ELAPSED:2112.765208
;LAYER:60
;note -- min layer time used
;TYPE:SUPPORT
G1 F2400 E1559.45767
G1 F2645.4 X109.801 Y167.801 E1559.46582
G1 X109.8 Y167.731 E1559.46815
G1 X109.654 Y167.67 E1559.47341
G1 X109.47 Y167.708 E1559.47966
G1 X108.793 Y168.16 E1559.50673
G1 X108.46 Y168.533 E1559.52336
G1 X108.204 Y169.203 E1559.54722
G1 X108.201 Y170.713 E1559.59744
G1 X108.258 Y170.974 E1559.60633
G1 X108.506 Y171.519 E1559.62624
G1 X109.011 Y172.016 E1559.64981
G1 X109.513 Y172.317 E1559.66928
G1 X109.645 Y172.346 E1559.67377
G1 X109.8 Y172.285 E1559.67931
G1 X109.8 Y172.218 E1559.68154
G1 X110 Y172.004 E1559.69128
G1 F2400 E1559.19128
G0 F15000 X110.353 Y172.979
G0 X110.347 Y175.653
G0 X113.653 Y175.653
G0 X116.305 Y171.887
G0 X116.66 Y170.957
G0 X116.663 Y169.184
G0 X116.538 Y168.685
G0 X116.182 Y167.936
G0 X115.691 Y167.32
G0 X115.282 Y166.993
G0 X114.32 Y166.767
G0 X114.2 Y167.623
G1 F2400 E1559.69128
G1 F2645.4 X114.691 Y167.693 E1559.70778
G1 X114.849 Y167.753 E1559.7134
G1 X115.066 Y167.926 E1559.72263
G1 X115.413 Y168.393 E1559.74198
G1 X115.467 Y168.445 E1559.74447
G1 X115.721 Y168.979 E1559.76414
G1 X115.799 Y169.29 E1559.77481
G1 X115.796 Y170.797 E1559.82493
G1 X115.552 Y171.437 E1559.84771
G1 X115.19 Y171.854 E1559.86608
G1 X114.524 Y172.294 E1559.89262
G1 X114.336 Y172.334 E1559.89902
G1 X114.2 Y172.265 E1559.90409
G1 X114.2 Y172.185 E1559.90675
G1 X114 Y171.99 E1559.91604
G1 X114 Y167.882 E1560.05267
G1 X114.2 Y167.752 E1560.06061
G1 X114.2 Y167.623 E1560.0649
G1 F2400 E1559.5649
G0 F15000 X114.32 Y166.767
G0 X114.903 Y166.851
G0 X115.282 Y166.993
G0 X121.394 Y172.622
G0 X122 Y172.005
G1 F2400 E1560.0649
G1 F2645.4 X121.506 Y171.519 E1560.08795
G1 X121.258 Y170.974 E1560.10786
G1 X121.201 Y170.713 E1560.11675
G1 X121.204 Y169.203 E1560.16697
G1 X121.46 Y168.533 E1560.19083
G1 X121.791 Y168.161 E1560.20739
G1 X122 Y168.021 E1560.21575
G1 X122.477 Y167.703 E1560.23482
G1 X122.66 Y167.666 E1560.24103
G1 X122.861 Y167.755 E1560.24834
G1 X122.92 Y167.852 E1560.25212
G1 X123 Y167.895 E1560.25514
G1 X123 Y172.004 E1560.39181
G1 X122.8 Y172.218 E1560.40155
G1 X122.8 Y172.285 E1560.40378
G1 X122.645 Y172.346 E1560.40932
G1 X122.513 Y172.317 E1560.41381
G1 X122.011 Y172.016 E1560.43328
G1 X122 Y172.005 E1560.4338
G1 X122 Y168.021 E1560.56631
G1 F2400 E1560.06631
G0 F15000 X121.52 Y167.303
G0 X121.219 Y167.504
G0 X120.709 Y168.078
G0 X120.34 Y169.043
G0 X120.337 Y170.804
G0 X120.435 Y171.249
G0 X120.786 Y172.022
G0 X123.347 Y175.653
G0 X126.653 Y175.653
G0 X129.305 Y171.887
G0 X129.66 Y170.957
G0 X129.663 Y169.192
G0 X129.557 Y168.739
G0 X129.233 Y168.031
G0 X128.445 Y167.25
G0 X128 Y167.995
G1 F2400 E1560.56631
G1 F2645.4 X128.48 Y168.46 E1560.58853
G1 X128.736 Y169.019 E1560.60898
G1 X128.799 Y169.29 E1560.61824
G1 X128.796 Y170.797 E1560.66836
G1 X128.552 Y171.437 E1560.69114
G1 X128.19 Y171.854 E1560.70951
G1 X128 Y171.98 E1560.71709
G1 X127.524 Y172.294 E1560.73606
G1 X127.336 Y172.334 E1560.74245
G1 X127.2 Y172.265 E1560.74752
G1 X127.2 Y172.185 E1560.75018
G1 X127 Y171.99 E1560.75947
G1 X127 Y167.871 E1560.89647
G1 X127.2 Y167.714 E1560.90493
G1 X127.356 Y167.654 E1560.91049
G1 X127.484 Y167.684 E1560.91486
G1 X127.993 Y167.988 E1560.93458
G1 X128 Y167.995 E1560.93491
G1 X128 Y171.98 E1561.06745
G1 F2400 E1560.56745
;MESH:Limiter bracketV2.stl
G0 F15000 X125.571 Y171.978
G0 X125.12 Y174.09
G0 X125.4 Y174.4
;TYPE:WALL-INNER
G1 F2400 E1561.06745
G1 F2645.4 X125.4 Y134.7 E1562.38788
G1 X124.6 Y134.7 E1562.41449
G1 X124.6 Y174.4 E1563.73491
G1 X125.4 Y174.4 E1563.76152
G0 F15000 X125.8 Y174.8
;TYPE:WALL-OUTER
G1 F2645.4 X125.8 Y134.3 E1565.10856
G1 X124.2 Y134.3 E1565.16177
G1 X124.2 Y174.8 E1566.50881
G1 X125.8 Y174.8 E1566.56202
G0 F15000 X125.52 Y174.52
G0 X125.091 Y173.666
G0 X125.319 Y173.667
;TYPE:FILL
G1 F2645.4 X124.68 Y173.838 E1566.58403
G0 F15000 X124.91 Y173.838
G0 X125.091 Y167.247
G0 X125.321 Y167.248
G1 F2645.4 X124.68 Y166.607 E1566.61418
G0 F15000 X124.91 Y166.607
G0 X124.91 Y165.556
G0 X124.68 Y165.556
G1 F2645.4 X125.319 Y165.384 E1566.63619
G0 F15000 X125.091 Y165.383
G0 X124.91 Y157.273
G0 X124.681 Y157.273
G1 F2645.4 X125.319 Y157.102 E1566.65815
G0 F15000 X125.091 Y157.101
G0 X125.091 Y155.933
G0 X125.321 Y155.934
G1 F2645.4 X124.68 Y155.293 E1566.68831
G1 X124.68 Y155.427
G1 X125.32 Y153.039 E1566.77053
G0 F15000 X125.091 Y153.038
G0 X124.91 Y148.991
G0 X124.68 Y148.991
G1 F2645.4 X125.32 Y148.82 E1566.79257
G0 F15000 X125.091 Y148.819
G0 X125.091 Y144.619
G0 X125.321 Y144.62
G1 F2645.4 X124.68 Y143.98 E1566.82269
G0 F15000 X124.91 Y143.98
G0 X124.91 Y140.709
G0 X124.681 Y140.709
G1 F2645.4 X125.32 Y140.538 E1566.84469
G0 F15000 X125.091 Y140.537
G0 X125.001 Y135.803
G0 X125 Y135.1
;TYPE:SKIN
G1 F2204.5 X125 Y135.502 E1566.86074
G1 F2400 E1566.36074
G0 F15000 X125 Y135.803
G0 X124.43 Y174.12
G0 X123.335 Y174.12
G0 X113.665 Y174.12
G0 X112.57 Y174.12
G0 X112.09 Y174.12
G0 X112.4 Y174.4
;TYPE:WALL-INNER
G1 F2400 E1566.86074
G1 F2645.4 X112.4 Y134.7 E1568.18117
G1 X111.596 Y134.7 E1568.20791
G1 X111.6 Y174.4 E1569.52834
G1 X112.4 Y174.4 E1569.55494
G0 F15000 X112.8 Y174.8
;TYPE:WALL-OUTER
G1 F2645.4 X112.8 Y134.3 E1570.90198
G1 X111.196 Y134.3 E1570.95533
G1 X111.2 Y174.8 E1572.30236
G1 X112.8 Y174.8 E1572.35558
G0 F15000 X112.52 Y174.52
G0 X111.91 Y173.033
G0 X111.68 Y173.033
;TYPE:FILL
G1 F2645.4 X112.32 Y170.646 E1572.43778
G0 F15000 X112.09 Y170.646
G0 X111.91 Y169.039
G0 X111.68 Y169.039
G1 F2645.4 X112.319 Y168.868 E1572.45978
G0 F15000 X112.09 Y168.868
G0 X112.09 Y165.561
G0 X112.32 Y165.561
G1 F2645.4 X111.679 Y164.92 E1572.48993
G0 F15000 X111.91 Y164.92
G0 X111.91 Y160.757
G0 X111.678 Y160.757
G1 F2645.4 X112.32 Y160.585 E1572.51203
G0 F15000 X112.09 Y160.585
G0 X112.09 Y154.247
G0 X112.32 Y154.247
G1 F2645.4 X111.678 Y153.605 E1572.54223
G0 F15000 X111.91 Y153.605
G0 X111.91 Y152.475
G0 X111.678 Y152.475
G1 F2645.4 X112.319 Y152.303 E1572.56431
G0 F15000 X112.09 Y152.303
G0 X111.91 Y144.193
G0 X111.677 Y144.193
G1 F2645.4 X112.32 Y144.021 E1572.58644
G0 F15000 X112.09 Y144.021
G0 X112.09 Y142.933
G0 X112.32 Y142.933
G1 F2645.4 X111.677 Y142.29 E1572.61669
G1 X111.677 Y142.136
G1 X112.32 Y139.737 E1572.6993
G0 F15000 X112.09 Y139.737
G0 X111.91 Y135.911
G0 X111.677 Y135.911
G1 F2645.4 X112.32 Y135.739 E1572.72143
G0 F15000 X111.998 Y135.102
;TYPE:SKIN
G1 F2186.3 X111.998 Y135.5 E1572.73745
G1 F2400 E1572.23745
;MESH:NONMESH
G0 F300 X111.998 Y135.5 Z12.4
G0 F15000 X111.998 Y135.803
G0 X111.41 Y167.944
G0 X110 Y167.944
;TIME_ELAPSED:2132.485356
;LAYER:61
;note -- min layer time used
;TYPE:SUPPORT
G1 F2400 E1572.73745
G1 F2631.4 X109.801 Y167.801 E1572.7456
G1 X109.8 Y167.731 E1572.74793
G1 X109.654 Y167.67 E1572.75319
G1 X109.47 Y167.708 E1572.75944
G1 X108.793 Y168.16 E1572.78652
G1 X108.46 Y168.533 E1572.80315
G1 X108.204 Y169.203 E1572.827
G1 X108.201 Y170.713 E1572.87723
G1 X108.258 Y170.974 E1572.88611
G1 X108.506 Y171.519 E1572.90603
G1 X109.011 Y172.016 E1572.92959
G1 X109.513 Y172.317 E1572.94906
G1 X109.645 Y172.346 E1572.95356
G1 X109.8 Y172.285 E1572.9591
G1 X109.8 Y172.219 E1572.96129
G1 X110 Y172.002 E1572.97111
G1 F2400 E1572.47111
G0 F15000 X110.353 Y172.979
G0 X110.347 Y175.653
G0 X113.653 Y175.653
G0 X116.305 Y171.887
G0 X116.66 Y170.957
G0 X116.663 Y169.184
G0 X116.538 Y168.685
G0 X116.182 Y167.936
G0 X115.691 Y167.32
G0 X115.282 Y166.993
G0 X114.32 Y166.767
G0 X114.2 Y167.623
G1 F2400 E1572.97111
G1 F2631.4 X114.691 Y167.693 E1572.9876
G1 X114.849 Y167.753 E1572.99322
G1 X115.066 Y167.926 E1573.00245
G1 X115.413 Y168.393 E1573.02181
G1 X115.467 Y168.445 E1573.0243
G1 X115.721 Y168.979 E1573.04397
G1 X115.799 Y169.29 E1573.05463
G1 X115.796 Y170.797 E1573.10475
G1 X115.552 Y171.437 E1573.12753
G1 X115.19 Y171.854 E1573.1459
G1 X114.524 Y172.294 E1573.17245
G1 X114.336 Y172.334 E1573.17884
G1 X114.2 Y172.265 E1573.18392
G1 X114.2 Y172.204 E1573.18594
G1 X114 Y171.987 E1573.19576
G1 X114 Y167.882 E1573.33229
G1 X114.2 Y167.752 E1573.34023
G1 X114.2 Y167.623 E1573.34452
G1 F2400 E1572.84452
G0 F15000 X114.32 Y166.767
G0 X114.903 Y166.851
G0 X115.282 Y166.993
G0 X121.394 Y172.622
G0 X122 Y172.005
G1 F2400 E1573.34452
G1 F2631.4 X121.506 Y171.519 E1573.36757
G1 X121.258 Y170.974 E1573.38748
G1 X121.201 Y170.713 E1573.39637
G1 X121.204 Y169.203 E1573.44659
G1 X121.46 Y168.533 E1573.47044
G1 X121.791 Y168.161 E1573.48701
G1 X122 Y168.021 E1573.49537
G1 X122.477 Y167.703 E1573.51444
G1 X122.653 Y167.667 E1573.52042
G1 X122.8 Y167.716 E1573.52557
G1 X122.8 Y167.788 E1573.52796
G1 X123 Y167.895 E1573.53551
G1 X123 Y172.002 E1573.67211
G1 X122.8 Y172.219 E1573.68192
G1 X122.8 Y172.285 E1573.68412
G1 X122.645 Y172.346 E1573.68966
G1 X122.513 Y172.317 E1573.69415
G1 X122.011 Y172.016 E1573.71362
G1 X122 Y172.005 E1573.71414
G1 X122 Y168.021 E1573.84665
G1 F2400 E1573.34665
G0 F15000 X121.519 Y167.303
G0 X121.219 Y167.504
G0 X120.709 Y168.078
G0 X120.34 Y169.043
G0 X120.337 Y170.804
G0 X120.435 Y171.249
G0 X120.786 Y172.022
G0 X123.347 Y175.653
G0 X126.653 Y175.653
G0 X129.305 Y171.887
G0 X129.66 Y170.957
G0 X129.663 Y169.192
G0 X129.557 Y168.739
G0 X129.233 Y168.031
G0 X128.444 Y167.25
G0 X128 Y167.995
G1 F2400 E1573.84665
G1 F2631.4 X128.48 Y168.46 E1573.86887
G1 X128.736 Y169.019 E1573.88932
G1 X128.799 Y169.29 E1573.89858
G1 X128.796 Y170.797 E1573.9487
G1 X128.552 Y171.437 E1573.97148
G1 X128.19 Y171.854 E1573.98985
G1 X128 Y171.98 E1573.99743
G1 X127.524 Y172.294 E1574.0164
G1 X127.336 Y172.334 E1574.02279
G1 X127.2 Y172.265 E1574.02786
G1 X127.2 Y172.204 E1574.02989
G1 X127 Y171.987 E1574.03971
G1 X127 Y167.878 E1574.17637
G1 X127.329 Y167.648 E1574.18972
G1 X127.485 Y167.684 E1574.19505
G1 X127.993 Y167.988 E1574.21474
G1 X128 Y167.995 E1574.21507
G1 X128 Y171.98 E1574.34761
G1 F2400 E1573.84761
;MESH:Limiter bracketV2.stl
G0 F15000 X125.571 Y171.978
G0 X125.12 Y174.09
G0 X125.4 Y174.4
;TYPE:WALL-INNER
G1 F2400 E1574.34761
G1 F2631.4 X125.4 Y134.9 E1575.66139
G1 X124.6 Y134.9 E1575.68799
G1 X124.6 Y174.4 E1577.00177
G1 X125.4 Y174.4 E1577.02838
G0 F15000 X125.8 Y174.8
;TYPE:WALL-OUTER
G1 F2631.4 X125.8 Y134.5 E1578.36876
G1 X124.2 Y134.5 E1578.42198
G1 X124.2 Y174.8 E1579.76236
G1 X125.8 Y174.8 E1579.81558
G0 F15000 X125.52 Y174.52
G0 X125.091 Y173.813
G0 X125.319 Y173.814
;TYPE:FILL
G1 F2631.4 X124.68 Y173.985 E1579.83758
G0 F15000 X124.91 Y173.985
G0 X125.091 Y167.045
G0 X125.32 Y167.046
G1 F2631.4 X124.68 Y166.406 E1579.86768
G0 F15000 X124.68 Y165.703
G1 F2631.4 X125.319 Y165.531 E1579.88969
G0 F15000 X125.091 Y165.53
G0 X124.91 Y157.42
G0 X124.68 Y157.42
G1 F2631.4 X125.319 Y157.249 E1579.91169
G0 F15000 X125.091 Y157.248
G0 X125.091 Y155.731
G0 X125.32 Y155.732
G1 F2631.4 X124.68 Y155.093 E1579.94177
G0 F15000 X124.68 Y154.878
G1 F2631.4 X125.32 Y152.49 E1580.024
G0 F15000 X125.091 Y152.489
G0 X124.91 Y149.138
G0 X124.68 Y149.138
G1 F2631.4 X125.32 Y148.967 E1580.04603
G0 F15000 X125.091 Y148.966
G0 X125.091 Y144.418
G0 X125.32 Y144.419
G1 F2631.4 X124.68 Y143.779 E1580.07614
G0 F15000 X124.91 Y143.779
G0 X124.91 Y140.856
G0 X124.681 Y140.856
G1 F2631.4 X125.32 Y140.685 E1580.09814
G0 F15000 X125.091 Y140.684
G0 X125.001 Y136.003
G0 X125 Y135.3
;TYPE:SKIN
G1 F2192.8 X125 Y135.702 E1580.11418
G1 F2400 E1579.61418
G0 F15000 X125 Y136.003
G0 X124.43 Y174.12
G0 X123.335 Y174.12
G0 X113.665 Y174.12
G0 X112.57 Y174.12
G0 X112.09 Y174.12
G0 X112.4 Y174.4
;TYPE:WALL-INNER
G1 F2400 E1580.11418
G1 F2631.4 X112.4 Y134.9 E1581.42796
G1 X111.596 Y134.9 E1581.4547
G1 X111.6 Y174.4 E1582.76847
G1 X112.4 Y174.4 E1582.79508
G0 F15000 X112.8 Y174.8
;TYPE:WALL-OUTER
G1 F2631.4 X112.8 Y134.5 E1584.13547
G1 X111.196 Y134.5 E1584.18882
G1 X111.2 Y174.8 E1585.5292
G1 X112.8 Y174.8 E1585.58242
G0 F15000 X112.52 Y174.52
G0 X111.91 Y172.485
G0 X111.68 Y172.485
;TYPE:FILL
G1 F2631.4 X112.32 Y170.097 E1585.66464
G0 F15000 X112.09 Y170.097
G0 X112.09 Y169.015
G0 X112.319 Y169.015
G1 F2631.4 X111.68 Y169.186 E1585.68664
G0 F15000 X111.91 Y169.186
G0 X112.09 Y165.36
G0 X112.32 Y165.36
G1 F2631.4 X111.679 Y164.719 E1585.7168
G0 F15000 X111.91 Y164.719
G0 X111.91 Y160.904
G0 X111.679 Y160.904
G1 F2631.4 X112.32 Y160.732 E1585.73887
G0 F15000 X112.09 Y160.732
G0 X112.09 Y154.047
G0 X112.32 Y154.047
G1 F2631.4 X111.678 Y153.404 E1585.76909
G0 F15000 X111.679 Y152.622
G1 F2631.4 X112.319 Y152.45 E1585.79113
G0 F15000 X112.09 Y152.45
G0 X111.91 Y144.34
G0 X111.677 Y144.34
G1 F2631.4 X112.32 Y144.168 E1585.81327
G0 F15000 X112.09 Y144.168
G0 X112.09 Y142.733
G0 X112.32 Y142.733
G1 F2631.4 X111.676 Y142.089 E1585.84356
G0 F15000 X111.677 Y141.587
G1 F2631.4 X112.32 Y139.187 E1585.9262
G0 F15000 X112.09 Y139.187
G0 X111.91 Y136.058
G0 X111.677 Y136.058
G1 F2631.4 X112.32 Y135.886 E1585.94834
G0 F15000 X111.998 Y135.302
;TYPE:SKIN
G1 F2174.7 X111.998 Y135.7 E1585.96436
G1 F2400 E1585.46436
;MESH:NONMESH
G0 F300 X111.998 Y135.7 Z12.6
G0 F15000 X111.998 Y136.003
G0 X111.41 Y167.944
G0 X110 Y167.944
;TIME_ELAPSED:2152.142344
;LAYER:62
;note -- min layer time used
;TYPE:SUPPORT
G1 F2400 E1585.96436
G1 F2619.1 X109.801 Y167.801 E1585.97251
G1 X109.8 Y167.731 E1585.97484
G1 X109.654 Y167.67 E1585.9801
G1 X109.47 Y167.708 E1585.98635
G1 X108.793 Y168.16 E1586.01342
G1 X108.46 Y168.533 E1586.03005
G1 X108.204 Y169.203 E1586.05391
G1 X108.201 Y170.713 E1586.10413
G1 X108.258 Y170.974 E1586.11302
G1 X108.506 Y171.519 E1586.13293
G1 X109.011 Y172.016 E1586.1565
G1 X109.513 Y172.317 E1586.17597
G1 X109.645 Y172.346 E1586.18046
G1 X109.8 Y172.285 E1586.186
G1 X109.8 Y172.208 E1586.18856
G1 X110 Y171.999 E1586.19818
G1 F2400 E1585.69818
G0 F15000 X110.353 Y172.979
G0 X110.347 Y175.653
G0 X113.653 Y175.653
G0 X116.305 Y171.887
G0 X116.66 Y170.957
G0 X116.663 Y169.184
G0 X116.538 Y168.685
G0 X116.184 Y167.937
G0 X115.691 Y167.32
G0 X115.282 Y166.993
G0 X114.32 Y166.767
G0 X114.2 Y167.623
G1 F2400 E1586.19818
G1 F2619.1 X114.691 Y167.693 E1586.21468
G1 X114.849 Y167.753 E1586.2203
G1 X115.066 Y167.926 E1586.22953
G1 X115.41 Y168.389 E1586.24872
G1 X115.468 Y168.445 E1586.2514
G1 X115.721 Y168.979 E1586.27105
G1 X115.799 Y169.29 E1586.28172
G1 X115.796 Y170.797 E1586.33184
G1 X115.552 Y171.437 E1586.35462
G1 X115.19 Y171.854 E1586.37299
G1 X114.524 Y172.294 E1586.39954
G1 X114.336 Y172.334 E1586.40593
G1 X114.2 Y172.265 E1586.411
G1 X114.2 Y172.204 E1586.41303
G1 X114 Y171.987 E1586.42284
G1 X114 Y167.882 E1586.55938
G1 X114.2 Y167.752 E1586.56731
G1 X114.2 Y167.623 E1586.5716
G1 F2400 E1586.0716
G0 F15000 X114.32 Y166.767
G0 X114.903 Y166.851
G0 X115.282 Y166.993
G0 X121.394 Y172.622
G0 X122 Y172.005
G1 F2400 E1586.5716
G1 F2619.1 X121.506 Y171.519 E1586.59465
G1 X121.258 Y170.974 E1586.61457
G1 X121.201 Y170.713 E1586.62345
G1 X121.204 Y169.203 E1586.67367
G1 X121.46 Y168.533 E1586.69753
G1 X121.791 Y168.161 E1586.71409
G1 X122 Y168.021 E1586.72246
G1 X122.477 Y167.703 E1586.74153
G1 X122.653 Y167.667 E1586.7475
G1 X122.8 Y167.716 E1586.75265
G1 X122.8 Y167.789 E1586.75508
G1 X123 Y167.896 E1586.76263
G1 X123 Y171.999 E1586.89909
G1 X122.8 Y172.208 E1586.90871
G1 X122.8 Y172.285 E1586.91128
G1 X122.645 Y172.346 E1586.91682
G1 X122.513 Y172.317 E1586.92131
G1 X122.011 Y172.016 E1586.94078
G1 X122 Y172.005 E1586.9413
G1 X122 Y168.021 E1587.0738
G1 F2400 E1586.5738
G0 F15000 X121.519 Y167.303
G0 X121.219 Y167.504
G0 X120.709 Y168.078
G0 X120.34 Y169.043
G0 X120.337 Y170.804
G0 X120.435 Y171.249
G0 X120.786 Y172.022
G0 X123.347 Y175.653
G0 X126.653 Y175.653
G0 X129.305 Y171.887
G0 X129.66 Y170.957
G0 X129.663 Y169.192
G0 X129.557 Y168.739
G0 X129.233 Y168.031
G0 X128.445 Y167.25
G0 X128 Y167.995
G1 F2400 E1587.0738
G1 F2619.1 X128.48 Y168.46 E1587.09603
G1 X128.736 Y169.019 E1587.11648
G1 X128.799 Y169.29 E1587.12574
G1 X128.796 Y170.797 E1587.17586
G1 X128.552 Y171.437 E1587.19864
G1 X128.19 Y171.854 E1587.21701
G1 X128 Y171.98 E1587.22459
G1 X127.524 Y172.294 E1587.24356
G1 X127.336 Y172.334 E1587.24995
G1 X127.2 Y172.265 E1587.25502
G1 X127.2 Y172.204 E1587.25705
G1 X127 Y171.987 E1587.26686
G1 X127 Y167.896 E1587.40293
G1 X127.2 Y167.789 E1587.41048
G1 X127.2 Y167.714 E1587.41297
G1 X127.356 Y167.654 E1587.41853
G1 X127.484 Y167.684 E1587.4229
G1 X127.993 Y167.988 E1587.44262
G1 X128 Y167.995 E1587.44295
G1 X128 Y171.98 E1587.57549
G1 F2400 E1587.07549
;MESH:Limiter bracketV2.stl
G0 F15000 X125.571 Y171.978
G0 X125.12 Y174.09
G0 X125.4 Y174.4
;TYPE:WALL-INNER
G1 F2400 E1587.57549
G1 F2619.1 X125.4 Y135.1 E1588.88262
G1 X124.6 Y135.1 E1588.90922
G1 X124.6 Y174.4 E1590.21635
G1 X125.4 Y174.4 E1590.24295
G0 F15000 X125.8 Y174.8
;TYPE:WALL-OUTER
G1 F2619.1 X125.8 Y134.7 E1591.57669
G1 X124.2 Y134.7 E1591.6299
G1 X124.2 Y174.8 E1592.96363
G1 X125.8 Y174.8 E1593.01685
G0 F15000 X125.319 Y173.96
;TYPE:FILL
G1 F2619.1 X124.681 Y174.131 E1593.03882
G0 F15000 X124.91 Y174.131
G0 X125.091 Y166.846
G0 X125.32 Y166.847
G1 F2619.1 X124.68 Y166.207 E1593.06892
G0 F15000 X124.68 Y165.849
G1 F2619.1 X125.319 Y165.677 E1593.09093
G0 F15000 X125.091 Y165.676
G0 X124.91 Y157.566
G0 X124.681 Y157.566
G1 F2619.1 X125.319 Y157.395 E1593.1129
G0 F15000 X125.091 Y157.394
G0 X125.091 Y155.532
G0 X125.32 Y155.533
G1 F2619.1 X124.68 Y154.893 E1593.143
G0 F15000 X124.68 Y154.332
G1 F2619.1 X125.32 Y151.945 E1593.2252
G0 F15000 X125.091 Y151.944
G0 X124.91 Y149.284
G0 X124.681 Y149.284
G1 F2619.1 X125.319 Y149.113 E1593.24717
G0 F15000 X125.091 Y149.112
G0 X125.091 Y144.218
G0 X125.32 Y144.219
G1 F2619.1 X124.68 Y143.579 E1593.27727
G0 F15000 X124.91 Y143.579
G0 X124.91 Y141.002
G0 X124.68 Y141.002
G1 F2619.1 X125.32 Y140.831 E1593.29931
G0 F15000 X125.091 Y140.83
G0 X125.001 Y136.203
G0 X125 Y135.5
;TYPE:SKIN
G1 F2182.6 X125 Y135.902 E1593.31535
G1 F2400 E1592.81535
G0 F15000 X125 Y136.203
G0 X124.43 Y174.12
G0 X123.335 Y174.12
G0 X113.665 Y174.12
G0 X112.57 Y174.12
G0 X112.09 Y174.12
G0 X112.4 Y174.4
;TYPE:WALL-INNER
G1 F2400 E1593.31535
G1 F2619.1 X112.4 Y135.1 E1594.62247
G1 X111.596 Y135.1 E1594.64922
G1 X111.6 Y174.4 E1595.95634
G1 X112.4 Y174.4 E1595.98295
G0 F15000 X112.8 Y174.8
;TYPE:WALL-OUTER
G1 F2619.1 X112.8 Y134.7 E1597.31668
G1 X111.196 Y134.7 E1597.37003
G1 X111.2 Y174.8 E1598.70376
G1 X112.8 Y174.8 E1598.75698
G0 F15000 X112.52 Y174.52
G0 X111.91 Y171.941
G0 X111.68 Y171.941
;TYPE:FILL
G1 F2619.1 X112.32 Y169.553 E1598.8392
G0 F15000 X112.319 Y169.161
G1 F2619.1 X111.68 Y169.332 E1598.8612
G0 F15000 X111.91 Y169.332
G0 X112.09 Y165.16
G0 X112.32 Y165.16
G1 F2619.1 X111.679 Y164.52 E1598.89133
G0 F15000 X111.91 Y164.52
G0 X111.91 Y161.05
G0 X111.679 Y161.05
G1 F2619.1 X112.32 Y160.878 E1598.91341
G0 F15000 X112.09 Y160.878
G0 X112.09 Y153.847
G0 X112.32 Y153.847
G1 F2619.1 X111.678 Y153.205 E1598.9436
G0 F15000 X111.679 Y152.768
G1 F2619.1 X112.319 Y152.596 E1598.96565
G0 F15000 X112.09 Y152.596
G0 X111.91 Y144.486
G0 X111.677 Y144.486
G1 F2619.1 X112.319 Y144.314 E1598.98775
G0 F15000 X112.09 Y144.314
G0 X112.09 Y142.533
G0 X112.32 Y142.533
G1 F2619.1 X111.676 Y141.889 E1599.01804
G0 F15000 X111.677 Y141.042
G1 F2619.1 X112.32 Y138.641 E1599.10072
G0 F15000 X112.09 Y138.641
G0 X111.91 Y136.204
G0 X111.676 Y136.204
G1 F2619.1 X112.32 Y136.032 E1599.12289
G0 F15000 X111.998 Y135.502
;TYPE:SKIN
G1 F2164.5 X111.998 Y135.9 E1599.1389
G1 F2400 E1598.6389
;MESH:NONMESH
G0 F300 X111.998 Y135.9 Z12.8
G0 F15000 X111.998 Y136.203
G0 X111.41 Y167.945
G0 X110 Y167.945
;TIME_ELAPSED:2171.688108
;LAYER:63
;note -- min layer time used
;TYPE:SUPPORT
G1 F2400 E1599.1389
G1 F2594.3 X109.8 Y167.802 E1599.14708
G1 X109.8 Y167.729 E1599.14951
G1 X109.654 Y167.67 E1599.15475
G1 X109.47 Y167.708 E1599.16099
G1 X108.793 Y168.16 E1599.18807
G1 X108.46 Y168.533 E1599.2047
G1 X108.204 Y169.203 E1599.22856
G1 X108.201 Y170.713 E1599.27878
G1 X108.258 Y170.974 E1599.28766
G1 X108.506 Y171.519 E1599.30758
G1 X109.011 Y172.016 E1599.33115
G1 X109.513 Y172.317 E1599.35061
G1 X109.645 Y172.346 E1599.35511
G1 X109.8 Y172.285 E1599.36065
G1 X109.8 Y172.229 E1599.36251
G1 X110 Y171.991 E1599.37285
G1 F2400 E1598.87285
G0 F15000 X114.2 Y167.623
G1 F2400 E1599.37285
G1 F2594.3 X114.691 Y167.693 E1599.38935
G1 X114.849 Y167.753 E1599.39497
G1 X115.065 Y167.925 E1599.40415
G1 X115.403 Y168.382 E1599.42306
G1 X115.469 Y168.446 E1599.42611
G1 X115.721 Y168.979 E1599.44572
G1 X115.799 Y169.29 E1599.45639
G1 X115.796 Y170.797 E1599.50651
G1 X115.552 Y171.437 E1599.52929
G1 X115.19 Y171.854 E1599.54766
G1 X114.524 Y172.294 E1599.57421
G1 X114.336 Y172.334 E1599.5806
G1 X114.2 Y172.265 E1599.58567
G1 X114.2 Y172.181 E1599.58847
G1 X114 Y171.977 E1599.59797
G1 X114 Y167.882 E1599.73417
G1 X114.2 Y167.752 E1599.7421
G1 X114.2 Y167.623 E1599.74639
G1 F2400 E1599.24639
G0 F15000 X114.32 Y166.767
G0 X114.903 Y166.851
G0 X115.282 Y166.993
G0 X121.394 Y172.622
G0 X122 Y172.005
G1 F2400 E1599.74639
G1 F2594.3 X121.506 Y171.519 E1599.76944
G1 X121.258 Y170.974 E1599.78936
G1 X121.201 Y170.713 E1599.79824
G1 X121.204 Y169.203 E1599.84847
G1 X121.46 Y168.533 E1599.87232
G1 X121.791 Y168.161 E1599.88888
G1 X122 Y168.021 E1599.89725
G1 X122.477 Y167.703 E1599.91632
G1 X122.653 Y167.667 E1599.92229
G1 X122.8 Y167.716 E1599.92745
G1 X122.8 Y167.795 E1599.93007
G1 X123 Y167.924 E1599.93799
G1 X123 Y171.991 E1600.07326
G1 X122.8 Y172.229 E1600.0836
G1 X122.8 Y172.285 E1600.08546
G1 X122.645 Y172.346 E1600.091
G1 X122.513 Y172.317 E1600.0955
G1 X122.011 Y172.016 E1600.11496
G1 X122 Y172.005 E1600.11548
G1 X122 Y168.021 E1600.24799
G1 F2400 E1599.74799
G0 F15000 X121.519 Y167.303
G0 X121.219 Y167.504
G0 X120.709 Y168.078
G0 X120.34 Y169.043
G0 X120.337 Y170.804
G0 X120.435 Y171.249
G0 X120.786 Y172.022
G0 X123.347 Y175.653
G0 X126.653 Y175.653
G0 X129.305 Y171.887
G0 X129.66 Y170.957
G0 X129.663 Y169.192
G0 X129.557 Y168.739
G0 X129.233 Y168.031
G0 X128.445 Y167.25
G0 X128 Y167.995
G1 F2400 E1600.24799
G1 F2594.3 X128.48 Y168.46 E1600.27022
G1 X128.736 Y169.019 E1600.29067
G1 X128.799 Y169.29 E1600.29992
G1 X128.796 Y170.797 E1600.35004
G1 X128.552 Y171.437 E1600.37282
G1 X128.19 Y171.854 E1600.39119
G1 X128 Y171.98 E1600.39877
G1 X127.524 Y172.294 E1600.41774
G1 X127.336 Y172.334 E1600.42413
G1 X127.2 Y172.265 E1600.42921
G1 X127.2 Y172.181 E1600.432
G1 X127 Y171.977 E1600.4415
G1 X127 Y167.929 E1600.57614
G1 X127.2 Y167.806 E1600.58395
G1 X127.2 Y167.714 E1600.58701
G1 X127.356 Y167.654 E1600.59257
G1 X127.484 Y167.684 E1600.59694
G1 X127.992 Y167.987 E1600.61661
G1 X128 Y167.995 E1600.61699
G1 X128 Y171.98 E1600.74953
G1 F2400 E1600.24953
;MESH:Limiter bracketV2.stl
G0 F15000 X125.571 Y171.978
G0 X125.12 Y174.09
G0 X125.4 Y174.4
;TYPE:WALL-INNER
G1 F2400 E1600.74953
G1 F2594.3 X125.4 Y135.3 E1602.05
G1 X124.6 Y135.3 E1602.07661
G1 X124.6 Y174.4 E1603.37708
G1 X125.4 Y174.4 E1603.40369
G0 F15000 X125.8 Y174.8
;TYPE:WALL-OUTER
G1 F2594.3 X125.8 Y134.9 E1604.73077
G1 X124.2 Y134.9 E1604.78398
G1 X124.2 Y174.8 E1606.11106
G1 X125.8 Y174.8 E1606.16428
G0 F15000 X125.319 Y174.106
;TYPE:FILL
G1 F2594.3 X124.68 Y174.277 E1606.18628
G0 F15000 X124.88 Y174.12
G0 X125.091 Y166.646
G0 X125.32 Y166.647
G1 F2594.3 X124.68 Y166.007 E1606.21639
G1 X124.68 Y165.995
G1 X125.319 Y165.823 E1606.23839
G0 F15000 X125.091 Y165.822
G0 X124.91 Y157.712
G0 X124.68 Y157.712
G1 F2594.3 X125.319 Y157.541 E1606.2604
G0 F15000 X125.091 Y157.54
G0 X125.091 Y155.333
G0 X125.32 Y155.334
G1 F2594.3 X124.68 Y154.694 E1606.2905
G0 F15000 X124.68 Y153.789
G1 F2594.3 X125.319 Y151.402 E1606.37269
G0 F15000 X125.091 Y151.401
G0 X124.91 Y149.43
G0 X124.681 Y149.43
G1 F2594.3 X125.319 Y149.259 E1606.39466
G0 F15000 X125.091 Y149.258
G0 X125.091 Y144.019
G0 X125.32 Y144.02
G1 F2594.3 X124.68 Y143.38 E1606.42476
G0 F15000 X124.91 Y143.38
G0 X124.91 Y141.148
G0 X124.68 Y141.148
G1 F2594.3 X125.32 Y140.977 E1606.44679
G0 F15000 X125.091 Y140.976
G0 X125.001 Y136.403
G0 X125 Y135.7
;TYPE:SKIN
G1 F2161.9 X125 Y136.102 E1606.46284
G1 F2400 E1605.96284
G0 F15000 X125 Y136.403
G0 X124.43 Y174.12
G0 X123.335 Y174.12
G0 X113.665 Y174.12
G0 X112.57 Y174.12
G0 X112.09 Y174.12
G0 X112.4 Y174.4
;TYPE:WALL-INNER
G1 F2400 E1606.46284
G1 F2594.3 X112.4 Y135.3 E1607.76331
G1 X111.596 Y135.3 E1607.79005
G1 X111.6 Y174.4 E1609.09052
G1 X112.4 Y174.4 E1609.11713
G0 F15000 X112.8 Y174.8
;TYPE:WALL-OUTER
G1 F2594.3 X112.8 Y134.9 E1610.44421
G1 X111.196 Y134.9 E1610.49756
G1 X111.2 Y174.8 E1611.82464
G1 X112.8 Y174.8 E1611.87785
G0 F15000 X112.52 Y174.52
G0 X111.91 Y171.396
G0 X111.68 Y171.396
;TYPE:FILL
G1 F2594.3 X112.32 Y169.008 E1611.96008
G0 F15000 X112.319 Y169.307
G1 F2594.3 X111.68 Y169.478 E1611.98208
G0 F15000 X111.91 Y169.478
G0 X112.09 Y164.961
G0 X112.32 Y164.961
G1 F2594.3 X111.679 Y164.32 E1612.01223
G0 F15000 X111.91 Y164.32
G0 X111.91 Y161.196
G0 X111.679 Y161.196
G1 F2594.3 X112.319 Y161.024 E1612.03428
G0 F15000 X112.09 Y161.024
G0 X112.09 Y153.647
G0 X112.32 Y153.647
G1 F2594.3 X111.678 Y153.005 E1612.06447
G1 X111.678 Y152.914
G1 X112.319 Y152.742 E1612.08655
G0 F15000 X112.09 Y152.742
G0 X111.91 Y144.632
G0 X111.678 Y144.632
G1 F2594.3 X112.319 Y144.46 E1612.10862
G0 F15000 X112.09 Y144.46
G0 X112.09 Y142.334
G0 X112.32 Y142.334
G1 F2594.3 X111.676 Y141.69 E1612.13891
G0 F15000 X111.91 Y141.69
G0 X111.91 Y140.5
G0 X111.676 Y140.5
G1 F2594.3 X112.32 Y138.099 E1612.22159
G0 F15000 X112.09 Y138.099
G0 X111.91 Y136.35
G0 X111.676 Y136.35
G1 F2594.3 X112.304 Y136.182 E1612.24321
G0 F15000 X111.998 Y135.702
;TYPE:SKIN
G1 F2144.1 X111.998 Y136.1 E1612.25923
G1 F2400 E1611.75923
;MESH:NONMESH
G0 F300 X111.998 Y136.1 Z13
G0 F15000 X111.998 Y136.403
G0 X111.41 Y167.946
G0 X110 Y167.946
;TIME_ELAPSED:2190.752113
;LAYER:64
;note -- min layer time used
;TYPE:SUPPORT
G1 F2400 E1612.25923
G1 F2596.1 X109.8 Y167.803 E1612.26741
G1 X109.8 Y167.729 E1612.26987
G1 X109.654 Y167.67 E1612.27511
G1 X109.47 Y167.708 E1612.28136
G1 X108.793 Y168.16 E1612.30843
G1 X108.46 Y168.533 E1612.32506
G1 X108.204 Y169.203 E1612.34892
G1 X108.201 Y170.713 E1612.39914
G1 X108.258 Y170.974 E1612.40803
G1 X108.506 Y171.519 E1612.42794
G1 X109.011 Y172.016 E1612.45151
G1 X109.513 Y172.317 E1612.47098
G1 X109.645 Y172.346 E1612.47547
G1 X109.8 Y172.285 E1612.48101
G1 X109.8 Y172.229 E1612.48287
G1 X110 Y171.991 E1612.49321
G1 F2400 E1611.99321
G0 F15000 X110.353 Y172.979
G0 X110.347 Y175.653
G0 X113.653 Y175.653
G0 X116.305 Y171.887
G0 X116.66 Y170.957
G0 X116.663 Y169.184
G0 X116.538 Y168.685
G0 X116.184 Y167.937
G0 X115.691 Y167.321
G0 X115.282 Y166.993
G0 X114.32 Y166.767
G0 X114.2 Y167.623
G1 F2400 E1612.49321
G1 F2596.1 X114.691 Y167.693 E1612.50971
G1 X114.849 Y167.752 E1612.51532
G1 X115.063 Y167.924 E1612.52445
G1 X115.403 Y168.382 E1612.54342
G1 X115.469 Y168.446 E1612.54648
G1 X115.721 Y168.979 E1612.56609
G1 X115.799 Y169.29 E1612.57675
G1 X115.796 Y170.797 E1612.62688
G1 X115.552 Y171.437 E1612.64966
G1 X115.19 Y171.854 E1612.66802
G1 X114.524 Y172.294 E1612.69457
G1 X114.336 Y172.334 E1612.70097
G1 X114.2 Y172.265 E1612.70604
G1 X114.2 Y172.219 E1612.70757
G1 X114 Y171.978 E1612.71798
G1 X114 Y167.883 E1612.85419
G1 X114.2 Y167.753 E1612.86212
G1 X114.2 Y167.623 E1612.86644
G1 F2400 E1612.36644
G0 F15000 X114.32 Y166.767
G0 X114.903 Y166.851
G0 X115.282 Y166.993
G0 X121.394 Y172.622
G0 X122 Y172.005
G1 F2400 E1612.86644
G1 F2596.1 X121.506 Y171.519 E1612.88949
G1 X121.258 Y170.974 E1612.90941
G1 X121.201 Y170.713 E1612.91829
G1 X121.204 Y169.203 E1612.96852
G1 X121.46 Y168.533 E1612.99237
G1 X121.791 Y168.161 E1613.00893
G1 X122 Y168.021 E1613.0173
G1 X122.477 Y167.703 E1613.03637
G1 X122.653 Y167.667 E1613.04234
G1 X122.8 Y167.716 E1613.0475
G1 X122.8 Y167.786 E1613.04982
G1 X123 Y167.937 E1613.05816
G1 X123 Y171.991 E1613.193
G1 X122.8 Y172.229 E1613.20334
G1 X122.8 Y172.285 E1613.2052
G1 X122.645 Y172.346 E1613.21074
G1 X122.513 Y172.317 E1613.21523
G1 X122.011 Y172.016 E1613.2347
G1 X122 Y172.005 E1613.23522
G1 X122 Y168.021 E1613.36773
G1 F2400 E1612.86773
G0 F15000 X121.519 Y167.303
G0 X121.219 Y167.504
G0 X120.709 Y168.078
G0 X120.34 Y169.043
G0 X120.337 Y170.804
G0 X120.435 Y171.249
G0 X120.786 Y172.022
G0 X123.347 Y175.653
G0 X126.653 Y175.653
G0 X129.305 Y171.887
G0 X129.66 Y170.957
G0 X129.663 Y169.192
G0 X129.557 Y168.739
G0 X129.233 Y168.031
G0 X128.445 Y167.25
G0 X128 Y167.995
G1 F2400 E1613.36773
G1 F2596.1 X128.48 Y168.46 E1613.38995
G1 X128.736 Y169.019 E1613.4104
G1 X128.799 Y169.29 E1613.41966
G1 X128.796 Y170.797 E1613.46978
G1 X128.552 Y171.437 E1613.49256
G1 X128.19 Y171.854 E1613.51093
G1 X128 Y171.98 E1613.51851
G1 X127.524 Y172.294 E1613.53748
G1 X127.336 Y172.334 E1613.54387
G1 X127.2 Y172.265 E1613.54894
G1 X127.2 Y172.219 E1613.55047
G1 X127 Y171.978 E1613.56089
G1 X127 Y167.932 E1613.69546
G1 X127.2 Y167.788 E1613.70366
G1 X127.2 Y167.714 E1613.70612
G1 X127.356 Y167.654 E1613.71168
G1 X127.484 Y167.684 E1613.71605
G1 X127.993 Y167.988 E1613.73577
G1 X128 Y167.995 E1613.7361
G1 X128 Y171.98 E1613.86864
G1 F2400 E1613.36864
;MESH:Limiter bracketV2.stl
G0 F15000 X125.571 Y171.978
G0 X125.12 Y174.09
G0 X125.4 Y174.4
;TYPE:WALL-INNER
G1 F2400 E1613.86864
G1 F2596.1 X125.4 Y135.5 E1615.16246
G1 X124.6 Y135.5 E1615.18907
G1 X124.6 Y174.4 E1616.48289
G1 X125.4 Y174.4 E1616.50949
G0 F15000 X125.8 Y174.8
;TYPE:WALL-OUTER
G1 F2596.1 X125.8 Y135.1 E1617.82992
G1 X124.2 Y135.1 E1617.88314
G1 X124.2 Y174.8 E1619.20356
G1 X125.8 Y174.8 E1619.25678
G0 F15000 X125.319 Y174.253
;TYPE:FILL
G1 F2596.1 X125.067 Y174.32 E1619.26545
G0 F15000 X125.067 Y174.09
G0 X125.091 Y166.446
G0 X125.32 Y166.447
G1 F2596.1 X124.68 Y165.807 E1619.29556
G0 F15000 X124.68 Y166.142
G1 F2596.1 X125.319 Y165.97 E1619.31757
G0 F15000 X125.091 Y165.969
G0 X124.91 Y157.859
G0 X124.68 Y157.859
G1 F2596.1 X125.32 Y157.688 E1619.3396
G0 F15000 X125.091 Y157.687
G0 X125.091 Y155.132
G0 X125.32 Y155.133
G1 F2596.1 X124.68 Y154.493 E1619.3697
G0 F15000 X124.91 Y154.493
G0 X124.91 Y153.239
G0 X124.68 Y153.239
G1 F2596.1 X125.32 Y150.852 E1619.4519
G0 F15000 X125.091 Y150.851
G0 X124.91 Y149.577
G0 X124.68 Y149.577
G1 F2596.1 X125.319 Y149.406 E1619.4739
G0 F15000 X125.091 Y149.405
G0 X125.091 Y143.818
G0 X125.32 Y143.819
G1 F2596.1 X124.68 Y143.179 E1619.504
G0 F15000 X124.91 Y143.179
G0 X124.91 Y141.295
G0 X124.68 Y141.295
G1 F2596.1 X125.32 Y141.124 E1619.52604
G0 F15000 X125.091 Y141.123
G0 X125.001 Y136.603
G0 X125 Y135.9
;TYPE:SKIN
G1 F2163.4 X125 Y136.302 E1619.54208
G1 F2400 E1619.04208
G0 F15000 X125 Y136.603
G0 X124.43 Y174.12
G0 X123.335 Y174.12
G0 X113.665 Y174.12
G0 X112.57 Y174.12
G0 X112.09 Y174.12
G0 X112.4 Y174.4
;TYPE:WALL-INNER
G1 F2400 E1619.54208
G1 F2596.1 X112.4 Y135.5 E1620.8359
G1 X111.596 Y135.5 E1620.86264
G1 X111.6 Y174.4 E1622.15646
G1 X112.4 Y174.4 E1622.18307
G0 F15000 X112.8 Y174.8
;TYPE:WALL-OUTER
G1 F2596.1 X112.8 Y135.1 E1623.5035
G1 X111.196 Y135.1 E1623.55685
G1 X111.2 Y174.8 E1624.87727
G1 X112.8 Y174.8 E1624.93049
G0 F15000 X112.52 Y174.52
G0 X111.91 Y170.847
G0 X111.68 Y170.847
;TYPE:FILL
G1 F2596.1 X112.32 Y168.46 E1625.01269
G0 F15000 X112.319 Y169.454
G1 F2596.1 X111.68 Y169.625 E1625.03469
G0 F15000 X111.91 Y169.625
G0 X112.09 Y164.761
G0 X112.32 Y164.761
G1 F2596.1 X111.679 Y164.119 E1625.06486
G0 F15000 X111.91 Y164.119
G0 X111.91 Y161.343
G0 X111.679 Y161.343
G1 F2596.1 X112.319 Y161.171 E1625.0869
G0 F15000 X112.09 Y161.171
G0 X112.09 Y153.447
G0 X112.32 Y153.447
G1 F2596.1 X111.678 Y152.804 E1625.11712
G0 F15000 X111.678 Y153.061
G1 F2596.1 X112.32 Y152.889 E1625.13923
G0 F15000 X112.09 Y152.889
G0 X111.91 Y144.779
G0 X111.677 Y144.779
G1 F2596.1 X112.319 Y144.607 E1625.16134
G0 F15000 X112.09 Y144.607
G0 X112.09 Y142.133
G0 X112.32 Y142.133
G1 F2596.1 X111.676 Y141.489 E1625.19163
G0 F15000 X111.91 Y141.489
G0 X111.91 Y139.951
G0 X111.676 Y139.951
G1 F2596.1 X112.32 Y137.549 E1625.27434
G0 F15000 X112.09 Y137.549
G0 X112.106 Y136.603
G0 X112.106 Y136.382
G1 F2596.1 X111.676 Y136.497 E1625.28915
G0 F15000 X111.998 Y135.902
;TYPE:SKIN
G1 F2145.5 X111.998 Y136.3 E1625.30516
G1 F2400 E1624.80516
;MESH:NONMESH
G0 F300 X111.998 Y136.3 Z13.2
G0 F15000 X111.998 Y136.603
G0 X111.41 Y167.947
G0 X110 Y167.947
;TIME_ELAPSED:2210.368904
;LAYER:65
;note -- min layer time used
;TYPE:SUPPORT
G1 F2400 E1625.30516
G1 F2584 X109.8 Y167.804 E1625.31334
G1 X109.8 Y167.729 E1625.31583
G1 X109.654 Y167.67 E1625.32107
G1 X109.47 Y167.708 E1625.32732
G1 X108.793 Y168.16 E1625.3544
G1 X108.46 Y168.533 E1625.37103
G1 X108.204 Y169.203 E1625.39488
G1 X108.201 Y170.713 E1625.44511
G1 X108.258 Y170.974 E1625.45399
G1 X108.506 Y171.519 E1625.47391
G1 X109.01 Y172.015 E1625.49743
G1 X109.513 Y172.317 E1625.51694
G1 X109.645 Y172.346 E1625.52143
G1 X109.756 Y172.303 E1625.52539
G1 X110 Y171.956 E1625.5395
G1 F2400 E1625.0395
G0 F15000 X110.363 Y172.893
G0 X110.347 Y175.653
G0 X113.653 Y175.653
G0 X116.305 Y171.887
G0 X116.66 Y170.957
G0 X116.663 Y169.184
G0 X116.538 Y168.685
G0 X116.183 Y167.937
G0 X115.691 Y167.321
G0 X115.282 Y166.993
G0 X114.32 Y166.767
G0 X114.2 Y167.623
G1 F2400 E1625.5395
G1 F2584 X114.691 Y167.693 E1625.556
G1 X114.849 Y167.752 E1625.56161
G1 X115.062 Y167.923 E1625.57069
G1 X115.382 Y168.361 E1625.58873
G1 X115.468 Y168.445 E1625.59273
G1 X115.721 Y168.979 E1625.61239
G1 X115.799 Y169.29 E1625.62305
G1 X115.796 Y170.797 E1625.67317
G1 X115.552 Y171.437 E1625.69595
G1 X115.19 Y171.854 E1625.71432
G1 X114.524 Y172.294 E1625.74087
G1 X114.34 Y172.333 E1625.74713
G1 X114.239 Y172.289 E1625.75079
G1 X114 Y171.935 E1625.765
G1 X114 Y167.897 E1625.8993
G1 X114.2 Y167.742 E1625.90772
G1 X114.2 Y167.623 E1625.91167
G1 F2400 E1625.41167
G0 F15000 X114.32 Y166.767
G0 X114.903 Y166.851
G0 X115.282 Y166.993
G0 X121.394 Y172.622
G0 X122 Y172.005
G1 F2400 E1625.91167
G1 F2584 X121.506 Y171.519 E1625.93472
G1 X121.258 Y170.974 E1625.95464
G1 X121.201 Y170.713 E1625.96352
G1 X121.204 Y169.203 E1626.01375
G1 X121.46 Y168.533 E1626.0376
G1 X121.791 Y168.161 E1626.05416
G1 X122 Y168.021 E1626.06253
G1 X122.477 Y167.703 E1626.0816
G1 X122.653 Y167.667 E1626.08757
G1 X122.8 Y167.716 E1626.09273
G1 X122.8 Y167.772 E1626.09459
G1 X123 Y167.981 E1626.10421
G1 X123 Y171.956 E1626.23642
G1 X122.756 Y172.303 E1626.25053
G1 X122.645 Y172.346 E1626.25449
G1 X122.513 Y172.317 E1626.25898
G1 X122.01 Y172.015 E1626.2785
G1 X122 Y172.005 E1626.27897
G1 X122 Y168.021 E1626.41148
G1 F2400 E1625.91148
G0 F15000 X121.519 Y167.303
G0 X121.219 Y167.504
G0 X120.709 Y168.078
G0 X120.34 Y169.043
G0 X120.337 Y170.804
G0 X120.435 Y171.249
G0 X120.786 Y172.022
G0 X123.347 Y175.653
G0 X126.653 Y175.653
G0 X129.305 Y171.887
G0 X129.66 Y170.957
G0 X129.663 Y169.192
G0 X129.557 Y168.739
G0 X129.235 Y168.033
G0 X128.445 Y167.25
G0 X128 Y167.995
G1 F2400 E1626.41148
G1 F2584 X128.48 Y168.46 E1626.4337
G1 X128.736 Y169.019 E1626.45415
G1 X128.799 Y169.29 E1626.46341
G1 X128.796 Y170.797 E1626.51353
G1 X128.552 Y171.437 E1626.53631
G1 X128.19 Y171.854 E1626.55468
G1 X128 Y171.98 E1626.56226
G1 X127.524 Y172.294 E1626.58123
G1 X127.34 Y172.333 E1626.58748
G1 X127.239 Y172.289 E1626.59115
G1 X127 Y171.935 E1626.60535
G1 X127 Y167.988 E1626.73663
G1 X127.2 Y167.762 E1626.74667
G1 X127.2 Y167.714 E1626.74826
G1 X127.356 Y167.654 E1626.75382
G1 X127.484 Y167.684 E1626.7582
G1 X127.993 Y167.988 E1626.77791
G1 X128 Y167.995 E1626.77824
G1 X128 Y171.98 E1626.91079
G1 F2400 E1626.41079
;MESH:Limiter bracketV2.stl
G0 F15000 X125.571 Y171.978
G0 X125.12 Y174.09
G0 X125.4 Y174.4
;TYPE:WALL-INNER
G1 F2400 E1626.91079
G1 F2584 X125.4 Y135.7 E1628.19795
G1 X124.6 Y135.7 E1628.22456
G1 X124.6 Y174.4 E1629.51173
G1 X125.4 Y174.4 E1629.53834
G0 F15000 X125.8 Y174.8
;TYPE:WALL-OUTER
G1 F2584 X125.8 Y135.3 E1630.85211
G1 X124.2 Y135.3 E1630.90533
G1 X124.2 Y174.8 E1632.2191
G1 X125.8 Y174.8 E1632.27232
G0 F15000 X125.52 Y174.52
G0 X125.091 Y166.247
G0 X125.321 Y166.248
;TYPE:FILL
G1 F2584 X124.68 Y165.607 E1632.30247
G0 F15000 X124.681 Y166.287
G1 F2584 X125.319 Y166.116 E1632.32444
G0 F15000 X125.091 Y166.115
G0 X124.91 Y158.005
G0 X124.68 Y158.005
G1 F2584 X125.32 Y157.834 E1632.34647
G0 F15000 X125.091 Y157.833
G0 X125.091 Y154.933
G0 X125.321 Y154.934
G1 F2584 X124.68 Y154.294 E1632.3766
G0 F15000 X124.91 Y154.294
G0 X124.91 Y152.695
G0 X124.68 Y152.695
G1 F2584 X125.32 Y150.307 E1632.45883
G0 F15000 X125.319 Y149.552
G1 F2584 X124.681 Y149.723 E1632.4808
G0 F15000 X124.91 Y149.723
G0 X125.091 Y143.619
G0 X125.321 Y143.62
G1 F2584 X124.68 Y142.98 E1632.51092
G0 F15000 X124.91 Y142.98
G0 X124.91 Y141.441
G0 X124.68 Y141.441
G1 F2584 X125.319 Y141.27 E1632.53292
G0 F15000 X125.091 Y141.269
G0 X125.001 Y136.803
G0 X125 Y136.1
;TYPE:SKIN
G1 F2153.3 X125 Y136.502 E1632.54897
G1 F2400 E1632.04897
G0 F15000 X125 Y136.803
G0 X124.43 Y174.12
G0 X123.335 Y174.12
G0 X113.665 Y174.12
G0 X112.57 Y174.12
G0 X112.09 Y174.12
G0 X112.4 Y174.4
;TYPE:WALL-INNER
G1 F2400 E1632.54897
G1 F2584 X112.4 Y135.7 E1633.83614
G1 X111.596 Y135.7 E1633.86288
G1 X111.6 Y174.4 E1635.15005
G1 X112.4 Y174.4 E1635.17665
G0 F15000 X112.8 Y174.8
;TYPE:WALL-OUTER
G1 F2584 X112.8 Y135.3 E1636.49043
G1 X111.196 Y135.3 E1636.54378
G1 X111.2 Y174.8 E1637.85755
G1 X112.8 Y174.8 E1637.91077
G0 F15000 X112.52 Y174.52
G0 X111.91 Y170.303
G0 X111.68 Y170.303
;TYPE:FILL
G1 F2584 X112.32 Y167.915 E1637.993
G0 F15000 X112.09 Y167.915
G0 X112.09 Y169.6
G0 X112.319 Y169.6
G1 F2584 X111.679 Y169.771 E1638.01503
G0 F15000 X111.91 Y169.771
G0 X112.09 Y164.561
G0 X112.32 Y164.561
G1 F2584 X111.679 Y163.92 E1638.04518
G0 F15000 X111.91 Y163.92
G0 X111.91 Y161.489
G0 X111.679 Y161.489
G1 F2584 X112.319 Y161.317 E1638.06722
G0 F15000 X112.09 Y161.317
G0 X112.09 Y153.247
G0 X112.32 Y153.247
G1 F2584 X111.678 Y152.605 E1638.09742
G0 F15000 X111.678 Y153.207
G1 F2584 X112.32 Y153.035 E1638.11953
G0 F15000 X112.09 Y153.035
G0 X111.91 Y144.925
G0 X111.677 Y144.925
G1 F2584 X112.32 Y144.753 E1638.14167
G0 F15000 X112.09 Y144.753
G0 X112.09 Y141.933
G0 X112.32 Y141.933
G1 F2584 X111.676 Y141.29 E1638.17193
G0 F15000 X111.91 Y141.29
G0 X111.91 Y139.405
G0 X111.677 Y139.405
G1 F2584 X112.32 Y137.004 E1638.25461
G0 F15000 X111.901 Y136.583
G1 F2584 X111.676 Y136.643 E1638.26235
G0 F15000 X111.998 Y136.102
;TYPE:SKIN
G1 F2135.5 X111.998 Y136.5 E1638.27837
G1 F2400 E1637.77837
;MESH:NONMESH
G0 F300 X111.998 Y136.5 Z13.4
G0 F15000 X111.998 Y136.803
G0 X111.41 Y167.977
G0 X110 Y167.977
;TIME_ELAPSED:2229.873996
;LAYER:66
;note -- min layer time used
;TYPE:SUPPORT
G1 F2400 E1638.27837
G1 F2639.9 X109.8 Y167.788 E1638.28752
G1 X109.8 Y167.753 E1638.28868
G1 X109.676 Y167.691 E1638.2933
G1 X109.39 Y167.763 E1638.3031
G1 X108.795 Y168.159 E1638.32688
G1 X108.452 Y168.553 E1638.34425
G1 X108.204 Y169.203 E1638.36739
G1 X108.201 Y170.709 E1638.41748
G1 X108.266 Y170.984 E1638.42688
G1 X108.505 Y171.519 E1638.44637
G1 X109.009 Y172.013 E1638.46984
G1 X109.434 Y172.266 E1638.48629
G1 X109.647 Y172.318 E1638.49358
G1 X109.768 Y172.273 E1638.49788
G1 X109.834 Y172.159 E1638.50226
G1 X110 Y171.949 E1638.51116
G1 F2400 E1638.01116
G0 F15000 X110.363 Y172.894
G0 X110.347 Y175.653
G0 X113.653 Y175.653
G0 X116.305 Y171.887
G0 X116.66 Y170.957
G0 X116.663 Y169.187
G0 X116.546 Y168.716
G0 X116.185 Y167.938
G0 X115.555 Y167.322
G0 X114.966 Y166.953
G0 X114.599 Y166.823
G0 X114.029 Y166.867
G0 X114.332 Y167.676
G1 F2400 E1638.51116
G1 F2639.9 X114.584 Y167.735 E1638.51977
G1 X115.018 Y168.006 E1638.53679
G1 X115.469 Y168.447 E1638.55777
G1 X115.727 Y169.003 E1638.57815
G1 X115.799 Y169.291 E1638.58803
G1 X115.796 Y170.797 E1638.63812
G1 X115.552 Y171.437 E1638.6609
G1 X115.19 Y171.854 E1638.67927
G1 X114.606 Y172.239 E1638.70253
G1 X114.443 Y172.299 E1638.70831
G1 X114.251 Y172.269 E1638.71477
G1 X114 Y171.924 E1638.72896
G1 X114 Y167.972 E1638.86041
G1 X114.2 Y167.814 E1638.86888
G1 X114.2 Y167.725 E1638.87184
G1 X114.332 Y167.676 E1638.87653
G1 F2400 E1638.37653
G0 F15000 X114.966 Y166.953
G0 X115.443 Y167.252
G0 X121.055 Y172.288
G0 X122 Y172.004
G1 F2400 E1638.87653
G1 F2639.9 X121.505 Y171.519 E1638.89957
G1 X121.266 Y170.984 E1638.91906
G1 X121.201 Y170.709 E1638.92846
G1 X121.204 Y169.203 E1638.97855
G1 X121.452 Y168.553 E1639.00169
G1 X121.795 Y168.159 E1639.01907
G1 X122 Y168.022 E1639.02727
G1 X122.39 Y167.763 E1639.04284
G1 X122.676 Y167.691 E1639.05265
G1 X122.8 Y167.753 E1639.05726
G1 X122.8 Y167.819 E1639.05945
G1 X123 Y168.092 E1639.07071
G1 X123 Y171.949 E1639.19899
G1 X122.834 Y172.159 E1639.2079
G1 X122.768 Y172.273 E1639.21228
G1 X122.647 Y172.318 E1639.21657
G1 X122.434 Y172.266 E1639.22386
G1 X122.009 Y172.013 E1639.24032
G1 X122 Y172.004 E1639.24074
G1 X122 Y168.022 E1639.37318
G1 F2400 E1638.87318
G0 F15000 X121.521 Y167.302
G0 X121.218 Y167.504
G0 X120.7 Y168.103
G0 X120.34 Y169.043
G0 X120.337 Y170.809
G0 X120.442 Y171.257
G0 X120.786 Y172.023
G0 X123.347 Y175.653
G0 X126.653 Y175.653
G0 X129.305 Y171.887
G0 X129.66 Y170.957
G0 X129.663 Y169.192
G0 X129.557 Y168.739
G0 X129.278 Y168.112
G0 X128.442 Y167.248
G0 X128 Y167.996
G1 F2400 E1639.37318
G1 F2639.9 X128.48 Y168.461 E1639.39541
G1 X128.736 Y169.019 E1639.41583
G1 X128.799 Y169.29 E1639.42508
G1 X128.796 Y170.797 E1639.4752
G1 X128.552 Y171.437 E1639.49799
G1 X128.19 Y171.854 E1639.51635
G1 X128 Y171.98 E1639.52393
G1 X127.606 Y172.239 E1639.53962
G1 X127.443 Y172.299 E1639.54539
G1 X127.251 Y172.269 E1639.55186
G1 X127 Y171.924 E1639.56605
G1 X127 Y168.087 E1639.69367
G1 X127.2 Y167.861 E1639.7037
G1 X127.2 Y167.738 E1639.7078
G1 X127.353 Y167.682 E1639.71321
G1 X127.565 Y167.734 E1639.72047
G1 X127.99 Y167.986 E1639.73691
G1 X128 Y167.996 E1639.73738
G1 X128 Y171.98 E1639.86989
G1 F2400 E1639.36989
;MESH:Limiter bracketV2.stl
G0 F15000 X125.571 Y171.978
G0 X125.09 Y174.12
G0 X125.4 Y174.4
;TYPE:WALL-INNER
G1 F2400 E1639.86989
G1 F2639.9 X125.4 Y135.9 E1641.1504
G1 X124.6 Y135.9 E1641.17701
G1 X124.6 Y174.4 E1642.45753
G1 X125.4 Y174.4 E1642.48413
G0 F15000 X125.8 Y174.8
;TYPE:WALL-OUTER
G1 F2639.9 X125.8 Y135.5 E1643.79126
G1 X124.2 Y135.5 E1643.84447
G1 X124.2 Y174.8 E1645.1516
G1 X125.8 Y174.8 E1645.20481
G0 F15000 X125.52 Y174.52
G0 X125.228 Y168.571
G0 X124.91 Y166.434
G0 X124.681 Y166.434
;TYPE:FILL
G1 F2639.9 X125.319 Y166.263 E1645.22678
G0 F15000 X125.32 Y166.046
G1 F2639.9 X124.68 Y165.406 E1645.25689
G0 F15000 X124.91 Y165.406
G0 X124.91 Y158.152
G0 X124.681 Y158.152
G1 F2639.9 X125.32 Y157.981 E1645.27889
G0 F15000 X125.091 Y157.98
G0 X125.091 Y154.732
G0 X125.32 Y154.733
G1 F2639.9 X124.68 Y154.093 E1645.30899
G0 F15000 X124.91 Y154.093
G0 X124.91 Y152.145
G0 X124.68 Y152.145
G1 F2639.9 X125.32 Y149.757 E1645.39122
G1 X125.319 Y149.699
G1 X124.681 Y149.87 E1645.41319
G0 F15000 X124.91 Y149.87
G0 X125.091 Y143.418
G0 X125.32 Y143.419
G1 F2639.9 X124.68 Y142.779 E1645.44329
G0 F15000 X124.91 Y142.779
G0 X124.91 Y141.588
G0 X124.681 Y141.588
G1 F2639.9 X125.319 Y141.417 E1645.46526
G0 F15000 X125.091 Y141.416
G0 X125.001 Y137.003
G0 X125 Y136.3
;TYPE:SKIN
G1 F2199.9 X125 Y136.702 E1645.4813
G1 F2400 E1644.9813
G0 F15000 X125 Y137.003
G0 X124.772 Y171.429
G0 X125 Y171.2
G1 F2400 E1645.4813
G1 F2199.9 X125 Y168.798 E1645.57717
G1 F2400 E1645.07717
G0 F15000 X125 Y168.499
G0 X124.43 Y174.12
G0 X123.335 Y174.12
G0 X113.665 Y174.12
G0 X112.57 Y174.12
G0 X112.09 Y174.12
G0 X112.4 Y174.4
;TYPE:WALL-INNER
G1 F2400 E1645.57717
G1 F2639.9 X112.4 Y135.9 E1646.85769
G1 X111.596 Y135.9 E1646.88443
G1 X111.6 Y174.4 E1648.16494
G1 X112.4 Y174.4 E1648.19155
G0 F15000 X112.8 Y174.8
;TYPE:WALL-OUTER
G1 F2639.9 X112.8 Y135.5 E1649.49868
G1 X111.196 Y135.5 E1649.55203
G1 X111.2 Y174.8 E1650.85915
G1 X112.8 Y174.8 E1650.91236
G0 F15000 X112.52 Y174.52
G0 X111.772 Y171.429
G0 X111.679 Y169.918
;TYPE:FILL
G1 F2639.9 X111.919 Y169.854 E1650.92063
G0 F15000 X111.68 Y169.754
G1 F2639.9 X111.919 Y168.863 E1650.95131
G1 X111.957 Y168.72
G1 X112.32 Y167.366 E1650.99793
G0 F15000 X112.09 Y167.366
G0 X112.09 Y164.361
G0 X112.32 Y164.361
G1 F2639.9 X111.679 Y163.719 E1651.02811
G0 F15000 X111.91 Y163.719
G0 X111.91 Y161.636
G0 X111.679 Y161.636
G1 F2639.9 X112.319 Y161.464 E1651.05015
G0 F15000 X112.09 Y161.464
G0 X111.91 Y153.354
G0 X111.678 Y153.354
G1 F2639.9 X112.32 Y153.182 E1651.07226
G1 X112.32 Y153.047
G1 X111.678 Y152.404 E1651.10248
G0 F15000 X111.91 Y152.404
G0 X111.91 Y145.072
G0 X111.678 Y145.072
G1 F2639.9 X112.32 Y144.9 E1651.12458
G0 F15000 X112.09 Y144.9
G0 X112.09 Y141.733
G0 X112.32 Y141.733
G1 F2639.9 X111.676 Y141.089 E1651.15487
G0 F15000 X111.91 Y141.089
G0 X111.91 Y138.856
G0 X111.677 Y138.856
G1 F2639.9 X112.233 Y136.782 E1651.22629
G0 F15000 X111.998 Y136.302
;TYPE:SKIN
G1 F2181.7 X111.998 Y136.7 E1651.24231
G1 F2400 E1650.74231
G0 F15000 X111.998 Y137.003
G0 X112.228 Y171.429
G0 X112 Y171.2
G1 F2400 E1651.24231
G1 F2190.8 X111.998 Y168.8 E1651.3385
G1 F2400 E1650.8385
;MESH:NONMESH
G0 F300 X111.998 Y168.8 Z13.6
G0 F15000 X111.998 Y168.499
G0 X111.41 Y168.254
G0 X110 Y168.254
;TIME_ELAPSED:2249.553492
;LAYER:67
;note -- min layer time used
;TYPE:SUPPORT
G1 F2400 E1651.3385
G1 F2481.8 X109.63 Y168.083 E1651.35205
G1 X109.062 Y168.459 E1651.37471
G1 X108.8 Y168.758 E1651.38793
G1 X108.603 Y169.265 E1651.40602
G1 X108.601 Y170.655 E1651.45226
G1 X108.646 Y170.858 E1651.45917
G1 X108.844 Y171.297 E1651.47519
G1 X109.268 Y171.702 E1651.49469
G1 X109.649 Y171.929 E1651.50944
G1 X110 Y171.7 E1651.52338
G1 F2400 E1651.02338
G0 F15000 X110.355 Y172.5
G0 X110.347 Y175.653
G0 X113.653 Y175.653
G0 X115.953 Y171.689
G0 X116.261 Y170.896
G0 X116.263 Y169.254
G0 X116.178 Y168.866
G0 X115.865 Y168.184
G0 X115.324 Y167.655
G0 X114.497 Y167.134
G0 X113.991 Y167.31
G0 X114.389 Y168.085
G1 F2400 E1651.52338
G1 F2481.8 X114.785 Y168.336 E1651.53897
G1 X115.147 Y168.69 E1651.55582
G1 X115.355 Y169.143 E1651.57239
G1 X115.399 Y169.345 E1651.57927
G1 X115.397 Y170.735 E1651.6255
G1 X115.204 Y171.232 E1651.64323
G1 X114.921 Y171.556 E1651.65754
G1 X114.369 Y171.918 E1651.6795
G1 X114.2 Y171.834 E1651.68578
G1 X114.2 Y171.792 E1651.68717
G1 X114 Y171.687 E1651.69469
G1 X114 Y168.22 E1651.81
G1 X114.389 Y168.085 E1651.82369
G1 F2400 E1651.32369
G0 F15000 X114.852 Y167.355
G0 X121.35 Y167.96
G0 X122 Y168.53
G1 F2400 E1651.82369
G1 F2481.8 X122.061 Y168.461 E1651.82676
G1 X122.631 Y168.082 E1651.84952
G1 X122.881 Y168.215 E1651.85894
G1 X123 Y168.328 E1651.8644
G1 X123 Y171.7 E1651.97655
G1 X122.649 Y171.929 E1651.99049
G1 X122.268 Y171.702 E1652.00524
G1 X122 Y171.446 E1652.01757
G1 X122 Y168.53 E1652.11456
G1 F2400 E1651.61456
G0 F15000 X121.35 Y167.96
G0 X121.05 Y168.303
G0 X120.739 Y169.105
G0 X120.737 Y170.746
G0 X120.822 Y171.131
G0 X121.128 Y171.807
G0 X123.347 Y175.653
G0 X126.653 Y175.653
G0 X128.651 Y172.035
G0 X128 Y171.466
G1 F2400 E1652.11456
G1 F2481.8 X127.921 Y171.556 E1652.11854
G1 X127.369 Y171.918 E1652.1405
G1 X127.2 Y171.834 E1652.14677
G1 X127.2 Y171.792 E1652.14817
G1 X127 Y171.687 E1652.15568
G1 X127 Y168.303 E1652.26823
G1 X127.114 Y168.205 E1652.27323
G1 X127.351 Y168.071 E1652.28229
G1 X127.732 Y168.298 E1652.29704
G1 X128 Y168.554 E1652.30937
G1 X128 Y171.466 E1652.40622
G1 F2400 E1651.90622
;MESH:Limiter bracketV2.stl
G0 F15000 X125.571 Y171.464
G0 X125.09 Y174.12
G0 X125.4 Y174.4
;TYPE:WALL-INNER
G1 F2400 E1652.40622
G1 F2481.8 X125.4 Y136.1 E1653.68008
G1 X124.6 Y136.1 E1653.70669
G1 X124.6 Y174.4 E1654.98056
G1 X125.4 Y174.4 E1655.00716
G0 F15000 X125.8 Y174.8
;TYPE:WALL-OUTER
G1 F2481.8 X125.8 Y135.7 E1656.30763
G1 X124.2 Y135.7 E1656.36085
G1 X124.2 Y174.8 E1657.66132
G1 X125.8 Y174.8 E1657.71454
G0 F15000 X125.52 Y174.52
G0 X125.228 Y168.127
G0 X124.91 Y166.58
G0 X124.681 Y166.58
;TYPE:FILL
G1 F2481.8 X125.319 Y166.409 E1657.73651
G0 F15000 X125.321 Y165.848
G1 F2481.8 X124.68 Y165.207 E1657.76666
G0 F15000 X124.91 Y165.207
G0 X124.91 Y158.298
G0 X124.681 Y158.298
G1 F2481.8 X125.319 Y158.127 E1657.78863
G0 F15000 X125.091 Y158.126
G0 X125.091 Y154.533
G0 X125.321 Y154.534
G1 F2481.8 X124.68 Y153.893 E1657.81878
G0 F15000 X124.91 Y153.893
G0 X124.91 Y151.603
G0 X124.68 Y151.603
G1 F2481.8 X125.32 Y149.213 E1657.90107
G0 F15000 X125.32 Y149.845
G1 F2481.8 X124.68 Y150.016 E1657.9231
G0 F15000 X124.91 Y150.016
G0 X125.091 Y143.219
G0 X125.321 Y143.22
G1 F2481.8 X124.68 Y142.58 E1657.95323
G0 F15000 X124.681 Y141.734
G1 F2481.8 X125.319 Y141.563 E1657.9752
G0 F15000 X125.091 Y141.562
G0 X125.001 Y137.203
G0 X125 Y136.5
;TYPE:SKIN
G1 F2068.2 X125 Y136.902 E1657.99124
G1 F2400 E1657.49124
G0 F15000 X125 Y137.203
G0 X125.228 Y171.872
G0 X125 Y171.642
G1 F2400 E1657.99124
G1 F2068.2 X125 Y168.352 E1658.12256
G1 F2400 E1657.62256
G0 F15000 X125 Y168.055
G0 X124.43 Y174.12
G0 X123.335 Y174.12
G0 X113.665 Y174.12
G0 X112.57 Y174.12
G0 X112.09 Y174.12
G0 X112.4 Y174.4
;TYPE:WALL-INNER
G1 F2400 E1658.12256
G1 F2481.8 X112.4 Y136.1 E1659.39642
G1 X111.6 Y136.1 E1659.42303
G1 X111.6 Y174.4 E1660.69689
G1 X112.4 Y174.4 E1660.7235
G0 F15000 X112.8 Y174.8
;TYPE:WALL-OUTER
G1 F2481.8 X112.8 Y135.7 E1662.02397
G1 X111.2 Y135.7 E1662.07719
G1 X111.2 Y174.8 E1663.37766
G1 X112.8 Y174.8 E1663.43087
G0 F15000 X112.52 Y174.52
G0 X112.228 Y168.127
G0 X111.93 Y168.055
G0 X111.93 Y168.276
;TYPE:FILL
G1 F2481.8 X112.32 Y166.82 E1663.48101
G0 F15000 X112.09 Y166.82
G0 X112.09 Y164.161
G0 X112.32 Y164.161
G1 F2481.8 X111.68 Y163.521 E1663.51111
G0 F15000 X111.91 Y163.521
G0 X111.91 Y161.782
G0 X111.681 Y161.782
G1 F2481.8 X112.319 Y161.61 E1663.53309
G0 F15000 X112.09 Y161.61
G0 X111.91 Y153.499
G0 X111.681 Y153.499
G1 F2481.8 X112.319 Y153.328 E1663.55506
G0 F15000 X112.32 Y152.847
G1 F2481.8 X111.68 Y152.207 E1663.58516
G0 F15000 X111.91 Y152.207
G0 X111.91 Y145.217
G0 X111.68 Y145.217
G1 F2481.8 X112.32 Y145.046 E1663.60719
G0 F15000 X112.09 Y145.046
G0 X112.09 Y141.534
G0 X112.32 Y141.534
G1 F2481.8 X111.68 Y140.893 E1663.63732
G0 F15000 X111.91 Y140.893
G0 X111.91 Y138.3
G0 X111.68 Y138.3
G1 F2481.8 X112.033 Y136.982 E1663.6827
G0 F15000 X112 Y136.5
;TYPE:SKIN
G1 F2068.2 X112 Y136.902 E1663.69875
G1 F2400 E1663.19875
G0 F15000 X112 Y137.203
G0 X112.228 Y171.872
G0 X112 Y171.642
G1 F2400 E1663.69875
G1 F2068.2 X112 Y168.354 E1663.82998
G1 F2400 E1663.32998
;MESH:NONMESH
G0 F300 X112 Y168.354 Z13.8
G0 F15000 X112 Y168.055
G0 X111.43 Y168.39
G0 X110 Y168.39
;TIME_ELAPSED:2269.110325
;LAYER:68
;note -- min layer time used
;TYPE:SUPPORT
G1 F2400 E1663.82998
G1 F2456.4 X109.778 Y168.391 E1663.83736
G1 X109.643 Y168.318 E1663.84247
G1 X109.195 Y168.612 E1663.86029
G1 X108.975 Y168.86 E1663.87132
G1 X108.803 Y169.305 E1663.88718
G1 X108.801 Y170.717 E1663.93415
G1 X109.012 Y171.184 E1663.95119
G1 X109.372 Y171.532 E1663.96785
G1 X109.648 Y171.696 E1663.97852
G1 X110 Y171.544 E1663.99128
G1 F2400 E1663.49128
G0 F15000 X110.351 Y172.334
G0 X110.347 Y175.653
G0 X113.653 Y175.653
G0 X115.778 Y171.584
G0 X116.061 Y170.859
G0 X116.063 Y169.255
G0 X115.996 Y168.95
G0 X115.699 Y168.302
G0 X115.333 Y167.807
G0 X114.941 Y167.462
G0 X114.055 Y167.338
G0 X113.648 Y167.443
G0 X114.2 Y168.229
G1 F2400 E1663.99128
G1 F2456.4 X114.565 Y168.281 E1664.00354
G1 X114.892 Y168.721 E1664.02177
G1 X114.98 Y168.807 E1664.02586
G1 X115.199 Y169.285 E1664.04335
G1 X115.197 Y170.697 E1664.09031
G1 X115.029 Y171.13 E1664.10576
G1 X114.791 Y171.4 E1664.11773
G1 X114.358 Y171.685 E1664.13497
G1 X114 Y171.536 E1664.14787
G1 X114 Y168.346 E1664.25397
G1 X114.2 Y168.324 E1664.26066
G1 X114.2 Y168.229 E1664.26382
G1 F2400 E1663.76382
G0 F15000 X114.319 Y167.373
G0 X121.181 Y168.515
G0 X122 Y168.831
G1 F2400 E1664.26382
G1 F2456.4 X122.195 Y168.612 E1664.27358
G1 X122.643 Y168.319 E1664.29138
G1 X123 Y168.462 E1664.30417
G1 X123 Y171.544 E1664.40668
G1 X122.648 Y171.696 E1664.41943
G1 X122.372 Y171.532 E1664.43011
G1 X122.012 Y171.184 E1664.44676
G1 X122 Y171.157 E1664.44775
G1 X122 Y168.831 E1664.52511
G1 F2400 E1664.02511
G0 F15000 X121.354 Y168.258
G0 X120.939 Y169.142
G0 X120.937 Y170.749
G0 X121.004 Y171.051
G0 X123.347 Y175.653
G0 X126.653 Y175.653
G0 X128.651 Y171.731
G0 X128 Y171.163
G1 F2400 E1664.52511
G1 F2456.4 X127.791 Y171.4 E1664.53562
G1 X127.358 Y171.685 E1664.55286
G1 X127 Y171.536 E1664.56576
G1 X127 Y168.455 E1664.66823
G1 X127.143 Y168.422 E1664.67311
G1 X127.352 Y168.303 E1664.68111
G1 X127.631 Y168.469 E1664.69191
G1 X127.987 Y168.816 E1664.70845
G1 X128 Y168.845 E1664.7095
G1 X128 Y171.163 E1664.7866
G1 F2400 E1664.2866
;MESH:Limiter bracketV2.stl
G0 F15000 X125.571 Y171.161
G0 X125.09 Y174.12
G0 X125.4 Y174.4
;TYPE:WALL-INNER
G1 F2400 E1664.7866
G1 F2456.4 X125.4 Y136.3 E1666.05381
G1 X124.6 Y136.3 E1666.08042
G1 X124.6 Y174.4 E1667.34763
G1 X125.4 Y174.4 E1667.37424
G0 F15000 X125.8 Y174.8
;TYPE:WALL-OUTER
G1 F2456.4 X125.8 Y135.9 E1668.66806
G1 X124.2 Y135.9 E1668.72127
G1 X124.2 Y174.8 E1670.01509
G1 X125.8 Y174.8 E1670.06831
G0 F15000 X125.52 Y174.52
G0 X125.228 Y167.854
G0 X124.91 Y166.727
G0 X124.681 Y166.727
;TYPE:FILL
G1 F2456.4 X125.32 Y166.556 E1670.09031
G0 F15000 X125.32 Y165.646
G1 F2456.4 X124.68 Y165.006 E1670.12041
G0 F15000 X124.91 Y165.006
G0 X124.91 Y158.445
G0 X124.68 Y158.445
G1 F2456.4 X125.319 Y158.274 E1670.14241
G0 F15000 X125.091 Y158.273
G0 X125.091 Y154.331
G0 X125.32 Y154.332
G1 F2456.4 X124.68 Y153.692 E1670.17252
G0 F15000 X124.91 Y153.692
G0 X124.91 Y151.053
G0 X124.68 Y151.053
G1 F2456.4 X125.32 Y148.665 E1670.25475
G0 F15000 X125.091 Y148.664
G0 X125.091 Y149.991
G0 X125.32 Y149.992
G1 F2456.4 X124.68 Y150.163 E1670.27678
G0 F15000 X124.91 Y150.163
G0 X125.091 Y143.018
G0 X125.32 Y143.019
G1 F2456.4 X124.68 Y142.379 E1670.30688
G0 F15000 X124.681 Y141.881
G1 F2456.4 X125.32 Y141.709 E1670.32889
G0 F15000 X125.091 Y141.708
G0 X125.001 Y137.403
G0 X125 Y136.7
;TYPE:SKIN
G1 F2047 X125 Y137.102 E1670.34494
G1 F2400 E1669.84494
G0 F15000 X125 Y137.403
G0 X125.228 Y167.854
G0 X125.228 Y172.145
G0 X125 Y171.916
G1 F2400 E1670.34494
G1 F2047 X125 Y168.082 E1670.49796
G1 F2400 E1669.99796
G0 F15000 X125 Y167.782
G0 X124.43 Y174.12
G0 X123.335 Y174.12
G0 X113.665 Y174.12
G0 X112.57 Y174.12
G0 X112.09 Y174.12
G0 X112.4 Y174.4
;TYPE:WALL-INNER
G1 F2400 E1670.49796
G1 F2456.4 X112.4 Y136.3 E1671.76517
G1 X111.6 Y136.3 E1671.79178
G1 X111.6 Y174.4 E1673.05899
G1 X112.4 Y174.4 E1673.0856
G0 F15000 X112.8 Y174.8
;TYPE:WALL-OUTER
G1 F2456.4 X112.8 Y135.9 E1674.37942
G1 X111.2 Y135.9 E1674.43264
G1 X111.2 Y174.8 E1675.72645
G1 X112.8 Y174.8 E1675.77967
G0 F15000 X112.52 Y174.52
G0 X112.228 Y167.854
G0 X111.91 Y167.782
G0 X111.856 Y168.003
;TYPE:FILL
G1 F2456.4 X112.32 Y166.272 E1675.83928
G0 F15000 X112.09 Y166.272
G0 X112.09 Y163.96
G0 X112.32 Y163.96
G1 F2456.4 X111.68 Y163.32 E1675.86938
G0 F15000 X111.91 Y163.32
G0 X111.91 Y161.929
G0 X111.68 Y161.929
G1 F2456.4 X112.32 Y161.757 E1675.89142
G0 F15000 X112.09 Y161.757
G0 X111.91 Y153.646
G0 X111.68 Y153.646
G1 F2456.4 X112.319 Y153.475 E1675.91342
G0 F15000 X112.32 Y152.647
G1 F2456.4 X111.68 Y152.006 E1675.94355
G0 F15000 X111.91 Y152.006
G0 X111.91 Y145.364
G0 X111.68 Y145.364
G1 F2456.4 X112.319 Y145.193 E1675.96555
G0 F15000 X112.09 Y145.193
G0 X112.09 Y141.333
G0 X112.32 Y141.333
G1 F2456.4 X111.68 Y140.692 E1675.99568
G0 F15000 X111.91 Y140.692
G0 X111.91 Y137.751
G0 X111.68 Y137.751
G1 F2456.4 X111.832 Y137.183 E1676.01523
G0 F15000 X112 Y136.7
;TYPE:SKIN
G1 F2047 X112 Y137.102 E1676.03128
G1 F2400 E1675.53128
G0 F15000 X112 Y137.403
G0 X112.228 Y167.854
G0 X112.228 Y172.145
G0 X112 Y171.916
G1 F2400 E1676.03128
G1 F2047 X112 Y168.08 E1676.18438
G1 F2400 E1675.68438
;MESH:NONMESH
G0 F300 X112 Y168.08 Z14
G0 F15000 X112 Y167.782
G0 X111.43 Y168.413
G0 X110 Y168.413
;TIME_ELAPSED:2288.736801
;LAYER:69
;note -- min layer time used
;TYPE:SUPPORT
G1 F2400 E1676.18438
G1 F2450.6 X109.848 Y168.425 E1676.18945
G1 X109.644 Y168.318 E1676.19712
G1 X109.194 Y168.613 E1676.21501
G1 X108.974 Y168.862 E1676.22606
G1 X108.803 Y169.303 E1676.2418
G1 X108.801 Y170.716 E1676.28879
G1 X109.013 Y171.184 E1676.30588
G1 X109.369 Y171.531 E1676.32241
G1 X109.648 Y171.696 E1676.3332
G1 X110 Y171.541 E1676.34599
G1 F2400 E1675.84599
G0 F15000 X110.352 Y172.327
G0 X110.347 Y175.653
G0 X113.653 Y175.653
G0 X115.778 Y171.584
G0 X116.061 Y170.859
G0 X116.063 Y169.255
G0 X115.996 Y168.95
G0 X115.699 Y168.302
G0 X115.182 Y167.796
G0 X114.377 Y167.303
G0 X113.994 Y167.511
G0 X114.354 Y168.299
G1 F2400 E1676.34599
G1 F2450.6 X114.646 Y168.481 E1676.35743
G1 X114.98 Y168.808 E1676.37298
G1 X115.199 Y169.285 E1676.39044
G1 X115.197 Y170.697 E1676.4374
G1 X115.029 Y171.13 E1676.45285
G1 X114.791 Y171.4 E1676.46482
G1 X114.358 Y171.685 E1676.48206
G1 X114 Y171.527 E1676.49507
G1 X114 Y168.381 E1676.59971
G1 X114.267 Y168.348 E1676.60866
G1 X114.354 Y168.299 E1676.61198
G1 F2400 E1676.11198
G0 F15000 X114.81 Y167.565
G0 X121.181 Y168.516
G0 X122 Y168.832
G1 F2400 E1676.61198
G1 F2450.6 X122.194 Y168.613 E1676.62171
G1 X122.643 Y168.319 E1676.63956
G1 X123 Y168.463 E1676.65236
G1 X123 Y171.541 E1676.75474
G1 X122.648 Y171.696 E1676.76753
G1 X122.369 Y171.531 E1676.77831
G1 X122.013 Y171.184 E1676.79485
G1 X122 Y171.155 E1676.7959
G1 X122 Y168.832 E1676.87317
G1 F2400 E1676.37317
G0 F15000 X121.35 Y168.262
G0 X120.939 Y169.143
G0 X120.937 Y170.745
G0 X121.003 Y171.05
G0 X123.347 Y175.653
G0 X126.653 Y175.653
G0 X128.651 Y171.731
G0 X128 Y171.163
G1 F2400 E1676.87317
G1 F2450.6 X127.791 Y171.4 E1676.88368
G1 X127.358 Y171.685 E1676.90092
G1 X127 Y171.527 E1676.91393
G1 X127 Y168.46 E1677.01594
G1 X127.352 Y168.303 E1677.02876
G1 X127.631 Y168.469 E1677.03956
G1 X127.987 Y168.816 E1677.0561
G1 X128 Y168.845 E1677.05715
G1 X128 Y171.163 E1677.13425
G1 F2400 E1676.63425
;MESH:Limiter bracketV2.stl
G0 F15000 X125.571 Y171.161
G0 X125.09 Y174.12
G0 X125.4 Y174.4
;TYPE:WALL-INNER
G1 F2400 E1677.13425
G1 F2450.6 X125.4 Y136.5 E1678.39481
G1 X124.6 Y136.5 E1678.42142
G1 X124.6 Y174.4 E1679.68198
G1 X125.4 Y174.4 E1679.70858
G0 F15000 X125.8 Y174.8
;TYPE:WALL-OUTER
G1 F2450.6 X125.8 Y136.1 E1680.99575
G1 X124.2 Y136.1 E1681.04897
G1 X124.2 Y174.8 E1682.33613
G1 X125.8 Y174.8 E1682.38935
G0 F15000 X125.52 Y174.52
G0 X125.228 Y167.646
G0 X124.91 Y166.873
G0 X124.68 Y166.873
;TYPE:FILL
G1 F2450.6 X125.32 Y166.702 E1682.41138
G0 F15000 X125.091 Y166.701
G0 X125.091 Y165.446
G0 X125.32 Y165.447
G1 F2450.6 X124.68 Y164.807 E1682.44149
G0 F15000 X124.91 Y164.807
G0 X124.91 Y158.591
G0 X124.68 Y158.591
G1 F2450.6 X125.32 Y158.42 E1682.46352
G0 F15000 X125.091 Y158.419
G0 X125.091 Y154.132
G0 X125.32 Y154.133
G1 F2450.6 X124.68 Y153.493 E1682.49362
G0 F15000 X124.91 Y153.493
G0 X124.91 Y150.507
G0 X124.68 Y150.507
G1 F2450.6 X125.32 Y148.12 E1682.57582
G0 F15000 X125.091 Y148.119
G0 X125.091 Y150.137
G0 X125.32 Y150.138
G1 F2450.6 X124.68 Y150.309 E1682.59785
G0 F15000 X124.91 Y150.309
G0 X125.091 Y142.818
G0 X125.32 Y142.819
G1 F2450.6 X124.68 Y142.179 E1682.62796
G1 X124.68 Y142.027
G1 X125.32 Y141.855 E1682.65
G0 F15000 X125.091 Y141.854
G0 X125.001 Y137.603
G0 X125 Y136.9
;TYPE:SKIN
G1 F2042.1 X125 Y137.302 E1682.66604
G1 F2400 E1682.16604
G0 F15000 X125 Y137.603
G0 X125.228 Y167.646
G0 X125.228 Y172.354
G0 X125 Y172.124
G1 F2400 E1682.66604
G1 F2042.1 X125 Y167.872 E1682.83575
G1 F2400 E1682.33575
G0 F15000 X125 Y167.574
G0 X124.43 Y174.12
G0 X123.335 Y174.12
G0 X113.665 Y174.12
G0 X112.57 Y174.12
G0 X112.09 Y174.12
G0 X112.4 Y174.4
;TYPE:WALL-INNER
G1 F2400 E1682.83575
G1 F2450.6 X112.4 Y136.5 E1684.09631
G1 X111.6 Y136.5 E1684.12292
G1 X111.6 Y174.4 E1685.38348
G1 X112.4 Y174.4 E1685.41008
G0 F15000 X112.8 Y174.8
;TYPE:WALL-OUTER
G1 F2450.6 X112.8 Y136.1 E1686.69725
G1 X111.2 Y136.1 E1686.75047
G1 X111.2 Y174.8 E1688.03764
G1 X112.8 Y174.8 E1688.09085
G0 F15000 X112.52 Y174.52
G0 X112.228 Y167.646
G0 X111.91 Y167.574
G0 X111.766 Y167.795
;TYPE:FILL
G1 F2450.6 X112.32 Y165.728 E1688.16203
G0 F15000 X112.09 Y165.728
G0 X112.09 Y163.761
G0 X112.32 Y163.761
G1 F2450.6 X111.68 Y163.12 E1688.19215
G0 F15000 X111.91 Y163.12
G0 X111.91 Y162.075
G0 X111.68 Y162.075
G1 F2450.6 X112.32 Y161.903 E1688.2142
G0 F15000 X112.09 Y161.903
G0 X111.91 Y153.792
G0 X111.68 Y153.792
G1 F2450.6 X112.32 Y153.621 E1688.23623
G0 F15000 X112.09 Y153.621
G0 X112.09 Y152.447
G0 X112.32 Y152.447
G1 F2450.6 X111.68 Y151.807 E1688.26633
G0 F15000 X111.91 Y151.807
G0 X111.91 Y145.51
G0 X111.68 Y145.51
G1 F2450.6 X112.32 Y145.339 E1688.28837
G0 F15000 X112.09 Y145.339
G0 X112.09 Y141.134
G0 X112.32 Y141.134
G1 F2450.6 X111.68 Y140.493 E1688.31849
G0 F15000 X111.91 Y140.493
G0 X112.001 Y137.603
G0 X112 Y136.9
;TYPE:SKIN
G1 F2042.1 X112 Y137.302 E1688.33454
G1 F2400 E1687.83454
G0 F15000 X112 Y137.603
G0 X112.228 Y167.646
G0 X112.228 Y172.354
G0 X112 Y172.124
G1 F2400 E1688.33454
G1 F2042.1 X112 Y167.872 E1688.50424
G1 F2400 E1688.00424
;MESH:NONMESH
G0 F300 X112 Y167.872 Z14.2
G0 F15000 X112 Y167.574
G0 X111.43 Y168.747
G0 X110 Y168.747
;TIME_ELAPSED:2308.375773
;LAYER:70
;note -- min layer time used
;TYPE:SUPPORT
G1 F2400 E1688.50424
G1 F2319 X109.842 Y168.662 E1688.51021
G1 X109.469 Y168.908 E1688.52507
G1 X109.324 Y169.072 E1688.53235
G1 X109.2 Y169.392 E1688.54377
G1 X109.201 Y170.632 E1688.58501
G1 X109.345 Y170.95 E1688.59662
G1 X109.613 Y171.21 E1688.60904
G1 X109.848 Y171.35 E1688.61814
G1 X110 Y171.263 E1688.62396
G1 F2400 E1688.12396
G0 F15000 X110.355 Y172.033
G0 X110.347 Y175.653
G0 X113.653 Y175.653
G0 X115.664 Y170.771
G0 X115.663 Y169.184
G0 X115.153 Y167.817
G0 X114.3 Y167.805
G0 X114.3 Y168.67
G1 F2400 E1688.62396
G1 F2319 X114.3 Y168.71 E1688.62529
G1 X114.657 Y169.052 E1688.64174
G1 X114.799 Y169.368 E1688.65326
G1 X114.8 Y170.61 E1688.69457
G1 X114.678 Y170.926 E1688.70583
G1 X114.528 Y171.094 E1688.71333
G1 X114.162 Y171.335 E1688.7279
G1 X114 Y171.254 E1688.73393
G1 X114 Y168.788 E1688.81594
G1 X114.049 Y168.67 E1688.82019
G1 X114.3 Y168.67 E1688.82854
G1 F2400 E1688.32854
G0 F15000 X115.161 Y168.341
G0 X122.365 Y167.941
G0 X122.842 Y168.662
G1 F2400 E1688.82854
G1 F2319 X123 Y168.747 E1688.83451
G1 X123 Y171.263 E1688.91819
G1 X122.848 Y171.35 E1688.92402
G1 X122.613 Y171.21 E1688.93312
G1 X122.345 Y170.95 E1688.94553
G1 X122.201 Y170.632 E1688.95715
G1 X122.2 Y169.392 E1688.99839
G1 X122.324 Y169.072 E1689.0098
G1 X122.469 Y168.908 E1689.01708
G1 X122.842 Y168.662 E1689.03194
G1 F2400 E1688.53194
G0 F15000 X123.355 Y167.978
G0 X122.798 Y167.663
G0 X121.896 Y168.251
G0 X121.574 Y168.616
G0 X121.336 Y169.231
G0 X121.337 Y170.82
G0 X123.347 Y175.653
G0 X126.653 Y175.653
G0 X128.664 Y170.771
G0 X128.663 Y169.182
G0 X128.375 Y168.545
G0 X127.916 Y168.099
G0 X127.158 Y167.656
G0 X126.645 Y167.967
G0 X127.152 Y168.65
G1 F2400 E1689.03194
G1 F2319 X127.39 Y168.791 E1689.04115
G1 X127.655 Y169.049 E1689.05345
G1 X127.799 Y169.367 E1689.06506
G1 X127.8 Y170.61 E1689.1064
G1 X127.678 Y170.926 E1689.11767
G1 X127.528 Y171.094 E1689.12516
G1 X127.162 Y171.335 E1689.13973
G1 X127 Y171.254 E1689.14576
G1 X127 Y168.737 E1689.22947
G1 X127.152 Y168.65 E1689.2353
G1 F2400 E1688.7353
;MESH:Limiter bracketV2.stl
G0 F15000 X125.571 Y168.648
G0 X125.4 Y168.797
;TYPE:WALL-INNER
G1 F2400 E1689.2353
G1 F2319 X125.4 Y136.7 E1690.30285
G1 X124.6 Y136.7 E1690.32946
G1 X124.6 Y168.798 E1691.39704
G1 X125.4 Y168.797 E1691.42365
G0 F15000 X125.8 Y169.196
;TYPE:WALL-OUTER
G1 F2319 X125.8 Y136.3 E1692.51777
G1 X124.2 Y136.3 E1692.57099
G1 X124.2 Y169.199 E1693.66521
G1 X125.8 Y169.196 E1693.71843
G0 F15000 X125.52 Y168.919
G0 X125.091 Y166.847
G0 X125.32 Y166.848
;TYPE:FILL
G1 F2319 X124.68 Y167.019 E1693.74046
G0 F15000 X124.91 Y167.019
G0 X125.091 Y165.247
G0 X125.321 Y165.248
G1 F2319 X124.68 Y164.607 E1693.77061
G0 F15000 X124.91 Y164.607
G0 X124.91 Y158.737
G0 X124.681 Y158.737
G1 F2319 X125.319 Y158.566 E1693.79258
G0 F15000 X125.091 Y158.565
G0 X125.091 Y153.933
G0 X125.321 Y153.934
G1 F2319 X124.68 Y153.294 E1693.82271
G0 F15000 X124.91 Y153.294
G0 X124.91 Y150.455
G0 X124.681 Y150.455
G1 F2319 X125.319 Y150.284 E1693.84468
G0 F15000 X124.68 Y149.962
G1 F2319 X125.32 Y147.575 E1693.92688
G0 F15000 X125.091 Y147.574
G0 X125.091 Y142.62
G0 X125.321 Y142.621
G1 F2319 X124.68 Y141.98 E1693.95703
G1 X124.681 Y142.172
G1 X125.32 Y142.001 E1693.97903
G0 F15000 X125.091 Y142
G0 X125.001 Y137.803
G0 X125 Y137.1
;TYPE:SKIN
G1 F1932.5 X125 Y137.502 E1693.99507
G1 F2400 E1693.49507
G0 F15000 X125 Y137.803
G0 X124.7 Y168.396
G0 X125 Y168.396
G1 F2400 E1693.99507
G1 F1932.5 X125 Y167.728 E1694.02173
G1 F2400 E1693.52173
G0 F15000 X125 Y167.428
G0 X125.228 Y168.625
G0 X125.086 Y168.989
G0 X125.086 Y171.031
G0 X125.228 Y171.372
G0 X125.228 Y172.286
G0 X125.09 Y174.12
G0 X125.4 Y174.4
;TYPE:WALL-INNER
G1 F2400 E1694.02173
G1 F2319 X125.4 Y171.2 E1694.12817
G1 X124.6 Y171.2 E1694.15477
G1 X124.6 Y174.4 E1694.26121
G1 X125.4 Y174.4 E1694.28781
G0 F15000 X125.8 Y174.8
;TYPE:WALL-OUTER
G1 F2319 X125.8 Y170.8 E1694.42085
G1 X124.2 Y170.8 E1694.47407
G1 X124.2 Y174.8 E1694.60711
G1 X125.8 Y174.8 E1694.66033
G0 F15000 X125.52 Y174.52
G0 X124.772 Y172.5
G0 X124.7 Y171.6
G0 X125 Y171.6
;TYPE:SKIN
G1 F1932.5 X125 Y172.272 E1694.68715
G1 F2400 E1694.18715
G0 F15000 X125 Y172.572
G0 X124.43 Y174.12
G0 X123.335 Y174.12
G0 X113.665 Y174.12
G0 X112.57 Y174.12
G0 X112.09 Y174.12
G0 X112.4 Y174.4
;TYPE:WALL-INNER
G1 F2400 E1694.68715
G1 F2319 X112.4 Y171.2 E1694.79358
G1 X111.6 Y171.2 E1694.82019
G1 X111.6 Y174.4 E1694.92662
G1 X112.4 Y174.4 E1694.95323
G0 F15000 X112.8 Y174.8
;TYPE:WALL-OUTER
G1 F2319 X112.8 Y170.8 E1695.08627
G1 X111.2 Y170.8 E1695.13949
G1 X111.2 Y174.8 E1695.27253
G1 X112.8 Y174.8 E1695.32574
G0 F15000 X112.52 Y174.52
G0 X111.91 Y174.12
G0 X111.765 Y174.32
;TYPE:FILL
G1 F2319 X111.68 Y174.235 E1695.32974
G0 F15000 X111.91 Y174.12
G0 X111.7 Y171.6
G0 X112 Y171.6
;TYPE:SKIN
G1 F1932.5 X112 Y172.272 E1695.35656
G1 F2400 E1694.85656
G0 F15000 X112 Y172.572
G0 X112.4 Y171.031
G0 X112.399 Y168.989
G0 X112.4 Y168.797
;TYPE:WALL-INNER
G1 F2400 E1695.35656
G1 F2319 X112.4 Y136.7 E1696.42411
G1 X111.6 Y136.7 E1696.45072
G1 X111.6 Y168.798 E1697.5183
G1 X112.4 Y168.797 E1697.54491
G0 F15000 X112.8 Y169.196
;TYPE:WALL-OUTER
G1 F2319 X112.8 Y136.3 E1698.63904
G1 X111.2 Y136.3 E1698.69225
G1 X111.2 Y169.199 E1699.78648
G1 X112.8 Y169.196 E1699.8397
G0 F15000 X112.52 Y168.919
G0 X112.228 Y167.5
G0 X111.91 Y167.428
G0 X111.68 Y167.571
;TYPE:FILL
G1 F2319 X112.32 Y165.183 E1699.92192
G0 F15000 X112.09 Y165.183
G0 X112.09 Y163.561
G0 X112.32 Y163.561
G1 F2319 X111.68 Y162.922 E1699.952
G0 F15000 X111.68 Y162.221
G1 F2319 X112.32 Y162.049 E1699.97405
G0 F15000 X112.09 Y162.049
G0 X111.91 Y153.938
G0 X111.681 Y153.938
G1 F2319 X112.319 Y153.767 E1699.99602
G0 F15000 X112.09 Y153.767
G0 X112.09 Y152.247
G0 X112.32 Y152.247
G1 F2319 X111.68 Y151.608 E1700.0261
G0 F15000 X111.91 Y151.608
G0 X111.91 Y145.656
G0 X111.68 Y145.656
G1 F2319 X112.319 Y145.485 E1700.0481
G0 F15000 X112.09 Y145.485
G0 X112.09 Y140.933
G0 X112.32 Y140.933
G1 F2319 X111.68 Y140.294 E1700.07818
G0 F15000 X111.91 Y140.294
G0 X112.001 Y137.803
G0 X112 Y137.1
;TYPE:SKIN
G1 F1932.5 X112 Y137.502 E1700.09422
G1 F2400 E1699.59422
G0 F15000 X112 Y137.803
G0 X111.7 Y168.396
G0 X112 Y168.396
G1 F2400 E1700.09422
G1 F1932.5 X112 Y167.728 E1700.12088
G1 F2400 E1699.62088
;MESH:NONMESH
G0 F300 X112 Y167.728 Z14.4
G0 F15000 X112 Y167.428
G0 X111.43 Y168.747
G0 X110 Y168.747
;TIME_ELAPSED:2329.367791
;LAYER:71
;note -- min layer time used
;TYPE:SUPPORT
G1 F2400 E1700.12088
G1 F2200.8 X109.842 Y168.662 E1700.12685
G1 X109.468 Y168.909 E1700.14176
G1 X109.324 Y169.072 E1700.14899
G1 X109.2 Y169.392 E1700.16041
G1 X109.201 Y170.632 E1700.20165
G1 X109.345 Y170.95 E1700.21326
G1 X109.612 Y171.209 E1700.22563
G1 X109.849 Y171.349 E1700.23479
G1 X110 Y171.263 E1700.24057
G1 F2400 E1699.74057
G0 F15000 X110.355 Y172.033
G0 X110.347 Y175.653
G0 X113.653 Y175.653
G0 X115.664 Y170.769
G0 X115.663 Y169.184
G0 X115.375 Y168.547
G0 X114.93 Y168.111
G0 X114.437 Y167.807
G0 X113.94 Y167.807
G0 X113.645 Y167.962
G0 X114.193 Y168.67
G1 F2400 E1700.24057
G1 F2200.8 X114.394 Y168.795 E1700.24844
G1 X114.656 Y169.051 E1700.26062
G1 X114.799 Y169.368 E1700.27219
G1 X114.8 Y170.608 E1700.31343
G1 X114.676 Y170.93 E1700.32491
G1 X114.534 Y171.09 E1700.33202
G1 X114.163 Y171.334 E1700.34679
G1 X114 Y171.25 E1700.35289
G1 X114 Y168.788 E1700.43478
G1 X114.03 Y168.716 E1700.43737
G1 X114.193 Y168.67 E1700.443
G1 F2400 E1699.943
G0 F15000 X114.93 Y168.111
G0 X122.186 Y168.06
G0 X122.842 Y168.662
G1 F2400 E1700.443
G1 F2200.8 X123 Y168.747 E1700.44897
G1 X123 Y171.263 E1700.53265
G1 X122.849 Y171.349 E1700.53843
G1 X122.612 Y171.209 E1700.54759
G1 X122.345 Y170.95 E1700.55996
G1 X122.201 Y170.632 E1700.57157
G1 X122.2 Y169.392 E1700.61281
G1 X122.324 Y169.072 E1700.62423
G1 X122.468 Y168.909 E1700.63146
G1 X122.842 Y168.662 E1700.64637
G1 F2400 E1700.14637
G0 F15000 X123.355 Y167.978
G0 X122.798 Y167.663
G0 X121.895 Y168.252
G0 X121.574 Y168.616
G0 X121.336 Y169.231
G0 X121.337 Y170.82
G0 X123.347 Y175.653
G0 X126.653 Y175.653
G0 X128.664 Y170.769
G0 X128.663 Y169.182
G0 X128.375 Y168.545
G0 X127.917 Y168.1
G0 X127.158 Y167.656
G0 X126.645 Y167.967
G0 X127.151 Y168.651
G1 F2400 E1700.64637
G1 F2200.8 X127.391 Y168.792 E1700.65563
G1 X127.655 Y169.049 E1700.66788
G1 X127.799 Y169.367 E1700.67949
G1 X127.8 Y170.608 E1700.72077
G1 X127.676 Y170.93 E1700.73225
G1 X127.534 Y171.09 E1700.73936
G1 X127.163 Y171.334 E1700.75413
G1 X127 Y171.25 E1700.76023
G1 X127 Y168.737 E1700.84381
G1 X127.151 Y168.651 E1700.84959
G1 F2400 E1700.34959
;MESH:Limiter bracketV2.stl
G0 F15000 X125.576 Y168.531
G0 X125.12 Y168.045
G0 X125.4 Y168.352
;TYPE:WALL-INNER
G1 F2400 E1700.84959
G1 F2200.8 X125.4 Y136.9 E1701.89569
G1 X124.6 Y136.9 E1701.9223
G1 X124.6 Y168.352 E1702.96839
G1 X125.4 Y168.352 E1702.995
G0 F15000 X125.8 Y168.752
;TYPE:WALL-OUTER
G1 F2200.8 X125.8 Y136.5 E1704.06771
G1 X124.2 Y136.5 E1704.12092
G1 X124.2 Y168.752 E1705.19363
G1 X125.8 Y168.752 E1705.24685
G0 F15000 X125.52 Y168.475
G0 X125.091 Y166.994
G0 X125.32 Y166.995
;TYPE:FILL
G1 F2200.8 X124.681 Y167.166 E1705.26885
G0 F15000 X124.91 Y167.166
G0 X125.091 Y165.046
G0 X125.32 Y165.047
G1 F2200.8 X124.68 Y164.407 E1705.29895
G0 F15000 X124.91 Y164.407
G0 X124.91 Y158.884
G0 X124.681 Y158.884
G1 F2200.8 X125.319 Y158.713 E1705.32092
G0 F15000 X125.091 Y158.712
G0 X125.091 Y153.732
G0 X125.32 Y153.733
G1 F2200.8 X124.68 Y153.093 E1705.35102
G0 F15000 X124.91 Y153.093
G0 X124.91 Y150.602
G0 X124.681 Y150.602
G1 F2200.8 X125.319 Y150.431 E1705.37299
G0 F15000 X125.091 Y150.43
G0 X124.91 Y149.415
G0 X124.68 Y149.415
G1 F2200.8 X125.32 Y147.028 E1705.45519
G0 F15000 X125.091 Y147.027
G0 X125.091 Y142.418
G0 X125.32 Y142.419
G1 F2200.8 X124.68 Y141.779 E1705.48529
G0 F15000 X124.68 Y142.32
G1 F2200.8 X125.319 Y142.149 E1705.50729
G0 F15000 X125.091 Y142.148
G0 X125.001 Y138.003
G0 X125 Y137.3
;TYPE:SKIN
G1 F1834 X125 Y137.702 E1705.52334
G1 F2400 E1705.02334
G0 F15000 X125 Y138.003
G0 X125.09 Y168.525
G0 X125.09 Y169.62
G0 X125.091 Y170.38
G0 X125.092 Y171.455
G0 X125.09 Y174.12
G0 X125.4 Y174.4
;TYPE:WALL-INNER
G1 F2400 E1705.52334
G1 F2200.8 X125.4 Y171.644 E1705.615
G1 X124.6 Y171.644 E1705.64161
G1 X124.6 Y174.4 E1705.73328
G1 X125.4 Y174.4 E1705.75988
G0 F15000 X125.8 Y174.8
;TYPE:WALL-OUTER
G1 F2200.8 X125.8 Y171.244 E1705.87816
G1 X124.2 Y171.244 E1705.93137
G1 X124.2 Y174.8 E1706.04965
G1 X125.8 Y174.8 E1706.10286
G1 F2400 E1705.60286
G0 F15000 X125.52 Y174.52
G0 X124.43 Y174.12
G0 X123.335 Y174.12
G0 X113.665 Y174.12
G0 X112.57 Y174.12
G0 X112.09 Y174.12
G0 X112.4 Y174.4
;TYPE:WALL-INNER
G1 F2400 E1706.10286
G1 F2200.8 X112.4 Y171.644 E1706.19453
G1 X111.6 Y171.644 E1706.22114
G1 X111.6 Y174.4 E1706.3128
G1 X112.4 Y174.4 E1706.33941
G0 F15000 X112.8 Y174.8
;TYPE:WALL-OUTER
G1 F2200.8 X112.8 Y171.244 E1706.45768
G1 X111.2 Y171.244 E1706.5109
G1 X111.2 Y174.8 E1706.62917
G1 X112.8 Y174.8 E1706.68239
G0 F15000 X111.966 Y174.32
;TYPE:FILL
G1 F2200.8 X111.68 Y174.034 E1706.69584
G1 F2400 E1706.19584
G0 F15000 X111.91 Y174.034
G0 X112.092 Y171.455
G0 X112.091 Y170.38
G0 X112.091 Y169.62
G0 X112.09 Y168.545
G0 X112.09 Y168.075
G0 X112.4 Y168.353
;TYPE:WALL-INNER
G1 F2400 E1706.69584
G1 F2200.8 X112.4 Y136.9 E1707.74197
G1 X111.6 Y136.9 E1707.76858
G1 X111.6 Y168.354 E1708.81474
G1 X112.4 Y168.353 E1708.84135
G0 F15000 X112.8 Y168.752
;TYPE:WALL-OUTER
G1 F2200.8 X112.8 Y136.5 E1709.91406
G1 X111.2 Y136.5 E1709.96727
G1 X111.2 Y168.755 E1711.04008
G1 X112.8 Y168.752 E1711.0933
G0 F15000 X112.52 Y168.475
G0 X111.91 Y167.021
G0 X111.68 Y167.021
;TYPE:FILL
G1 F2200.8 X112.32 Y164.634 E1711.17549
G0 F15000 X112.09 Y164.634
G0 X112.09 Y163.361
G0 X112.32 Y163.361
G1 F2200.8 X111.68 Y162.72 E1711.20562
G0 F15000 X111.68 Y162.368
G1 F2200.8 X112.32 Y162.196 E1711.22766
G0 F15000 X112.09 Y162.196
G0 X111.91 Y154.085
G0 X111.681 Y154.085
G1 F2200.8 X112.32 Y153.914 E1711.24966
G0 F15000 X112.09 Y153.914
G0 X112.09 Y152.047
G0 X112.32 Y152.047
G1 F2200.8 X111.68 Y151.406 E1711.27979
G0 F15000 X111.91 Y151.406
G0 X111.91 Y145.803
G0 X111.681 Y145.803
G1 F2200.8 X112.319 Y145.632 E1711.30176
G0 F15000 X112.09 Y145.632
G0 X112.09 Y140.733
G0 X112.32 Y140.733
G1 F2200.8 X111.68 Y140.093 E1711.33186
G0 F15000 X111.91 Y140.093
G0 X112.001 Y138.003
G0 X112 Y137.3
;TYPE:SKIN
G1 F1834 X112 Y137.702 E1711.34791
G1 F2400 E1710.84791
;MESH:NONMESH
G0 F300 X112 Y137.702 Z14.6
G0 F15000 X112 Y138.003
G0 X111.424 Y168.532
G0 X111.425 Y169.62
G0 X110.853 Y170.392
G0 X110 Y171.03
;TIME_ELAPSED:2349.317224
;LAYER:72
;note -- min layer time used
;TYPE:SUPPORT
G1 F2400 E1711.34791
G1 F2219.7 X110 Y168.986 E1711.41589
G1 X109.842 Y168.901 E1711.42186
G1 X109.582 Y169.074 E1711.43224
G1 X109.498 Y169.174 E1711.43659
G1 X109.4 Y169.429 E1711.44567
G1 X109.401 Y170.59 E1711.48429
G1 X109.513 Y170.837 E1711.49331
G1 X109.712 Y171.036 E1711.50267
G1 X109.848 Y171.117 E1711.50793
G1 X110 Y171.03 E1711.51376
G1 X110 Y170.318 E1711.53744
G1 X112 Y170.318 E1711.60396
G1 X112 Y169.682 E1711.62511
G1 X114 Y169.682 E1711.69164
G1 X114 Y168.968 E1711.71538
G1 X114.154 Y168.882 E1711.72125
G1 X114.292 Y168.968 E1711.72666
G1 X114.487 Y169.163 E1711.73583
G1 X114.599 Y169.41 E1711.74485
G1 X114.6 Y170.571 E1711.78347
G1 X114.502 Y170.826 E1711.79255
G1 X114.418 Y170.926 E1711.7969
G1 X114.158 Y171.098 E1711.80726
G1 X114 Y171.013 E1711.81323
G1 X114 Y169.682 E1711.8575
G1 F2400 E1711.3575
G0 F15000 X115.464 Y169.681
G0 X122.796 Y167.901
G0 X123.355 Y168.216
G0 X124 Y169.682
G1 F2400 E1711.8575
G1 F2219.7 X124 Y170.318 E1711.87865
G1 X123 Y170.318 E1711.91191
G1 X123 Y171.03 E1711.9356
G1 X122.848 Y171.117 E1711.94142
G1 X122.712 Y171.036 E1711.94669
G1 X122.513 Y170.837 E1711.95605
G1 X122.401 Y170.59 E1711.96507
G1 X122.4 Y169.429 E1712.00368
G1 X122.498 Y169.174 E1712.01277
G1 X122.582 Y169.074 E1712.01711
G1 X122.842 Y168.901 E1712.0275
G1 X123 Y168.986 E1712.03347
G1 X123 Y169.683 E1712.05665
G1 X127 Y169.682 E1712.18969
G1 X127 Y168.97 E1712.21337
G1 X127.152 Y168.883 E1712.21919
G1 X127.288 Y168.964 E1712.22446
G1 X127.487 Y169.163 E1712.23382
G1 X127.599 Y169.41 E1712.24284
G1 X127.6 Y170.571 E1712.28145
G1 X127.502 Y170.826 E1712.29054
G1 X127.418 Y170.926 E1712.29488
G1 X127.158 Y171.098 E1712.30525
G1 X127 Y171.013 E1712.31122
G1 X127 Y170.317 E1712.33437
G1 X126 Y170.318 E1712.36763
G1 X126 Y169.682 E1712.38878
G1 F2400 E1711.88878
;MESH:Limiter bracketV2.stl
G0 F15000 X125.576 Y168.258
G0 X125.121 Y167.772
G0 X125.4 Y168.08
;TYPE:WALL-INNER
G1 F2400 E1712.38878
G1 F2219.7 X125.4 Y137.1 E1713.41918
G1 X124.6 Y137.1 E1713.44579
G1 X124.6 Y168.08 E1714.47619
G1 X125.4 Y168.08 E1714.5028
G0 F15000 X125.8 Y168.48
;TYPE:WALL-OUTER
G1 F2219.7 X125.8 Y136.7 E1715.5598
G1 X124.2 Y136.7 E1715.61302
G1 X124.2 Y168.48 E1716.67003
G1 X125.8 Y168.48 E1716.72324
G0 F15000 X125.52 Y168.202
G0 X125.091 Y167.14
G0 X125.319 Y167.141
;TYPE:FILL
G1 F2219.7 X124.68 Y167.312 E1716.74525
G0 F15000 X124.91 Y167.312
G0 X125.091 Y164.847
G0 X125.321 Y164.848
G1 F2219.7 X124.68 Y164.207 E1716.7754
G0 F15000 X124.91 Y164.207
G0 X124.91 Y159.03
G0 X124.68 Y159.03
G1 F2219.7 X125.319 Y158.859 E1716.7974
G0 F15000 X125.091 Y158.858
G0 X125.091 Y153.533
G0 X125.321 Y153.534
G1 F2219.7 X124.68 Y152.893 E1716.82755
G0 F15000 X124.91 Y152.893
G0 X124.91 Y150.748
G0 X124.681 Y150.748
G1 F2219.7 X125.319 Y150.577 E1716.84952
G0 F15000 X125.091 Y150.576
G0 X124.91 Y148.87
G0 X124.68 Y148.87
G1 F2219.7 X125.32 Y146.482 E1716.93174
G0 F15000 X125.091 Y146.481
G0 X124.91 Y142.466
G0 X124.68 Y142.466
G1 F2219.7 X125.32 Y142.294 E1716.95379
G1 X125.321 Y142.22
G1 X124.68 Y141.58 E1716.98391
G0 F15000 X124.91 Y141.58
G0 X125.001 Y138.203
G0 X125 Y137.5
;TYPE:SKIN
G1 F1849.8 X125 Y137.902 E1716.99996
G1 F2400 E1716.49996
G0 F15000 X125 Y138.203
G0 X125.086 Y168.272
G0 X126.645 Y168.2
G0 X127.158 Y167.889
G0 X127.82 Y168.275
G0 X128.209 Y168.666
G0 X128.463 Y169.224
G0 X128.464 Y170.732
G0 X128.257 Y171.269
G0 X128.002 Y171.576
G0 X127.202 Y172.097
G0 X126.645 Y171.782
G0 X125.088 Y171.728
G0 X125.09 Y174.12
G0 X125.4 Y174.4
;TYPE:WALL-INNER
G1 F2400 E1716.99996
G1 F2219.7 X125.4 Y171.916 E1717.08258
G1 X124.6 Y171.916 E1717.10918
G1 X124.6 Y174.4 E1717.1918
G1 X125.4 Y174.4 E1717.21841
G0 F15000 X125.8 Y174.8
;TYPE:WALL-OUTER
G1 F2219.7 X125.8 Y171.516 E1717.32764
G1 X124.2 Y171.516 E1717.38085
G1 X124.2 Y174.8 E1717.49008
G1 X125.8 Y174.8 E1717.5433
G1 F2400 E1717.0433
G0 F15000 X125.52 Y174.52
G0 X124.43 Y174.12
G0 X123.335 Y174.12
G0 X113.665 Y174.12
G0 X112.57 Y174.12
G0 X112.09 Y174.12
G0 X112.4 Y174.4
;TYPE:WALL-INNER
G1 F2400 E1717.5433
G1 F2219.7 X112.4 Y171.916 E1717.62591
G1 X111.6 Y171.916 E1717.65252
G1 X111.6 Y174.4 E1717.73514
G1 X112.4 Y174.4 E1717.76175
G0 F15000 X112.8 Y174.8
;TYPE:WALL-OUTER
G1 F2219.7 X112.8 Y171.516 E1717.87097
G1 X111.2 Y171.516 E1717.92419
G1 X111.2 Y174.8 E1718.03342
G1 X112.8 Y174.8 E1718.08663
G0 F15000 X112.166 Y174.32
;TYPE:FILL
G1 F2219.7 X111.68 Y173.834 E1718.10949
G1 F2400 E1717.60949
G0 F15000 X111.91 Y173.834
G0 X112.093 Y171.728
G0 X113.645 Y171.782
G0 X114.202 Y172.097
G0 X115.002 Y171.576
G0 X115.257 Y171.269
G0 X115.464 Y170.732
G0 X115.463 Y169.224
G0 X115.209 Y168.666
G0 X114.829 Y168.284
G0 X114.179 Y167.886
G0 X113.645 Y168.198
G0 X112.093 Y168.252
G0 X112.09 Y167.802
G0 X112.4 Y168.08
;TYPE:WALL-INNER
G1 F2400 E1718.10949
G1 F2219.7 X112.4 Y137.1 E1719.13989
G1 X111.6 Y137.1 E1719.1665
G1 X111.6 Y168.08 E1720.1969
G1 X112.4 Y168.08 E1720.22351
G0 F15000 X112.8 Y168.48
;TYPE:WALL-OUTER
G1 F2219.7 X112.8 Y136.7 E1721.28051
G1 X111.2 Y136.7 E1721.33373
G1 X111.2 Y168.48 E1722.39074
G1 X112.8 Y168.48 E1722.44395
G0 F15000 X112.52 Y168.202
G0 X111.91 Y166.477
G0 X111.68 Y166.477
;TYPE:FILL
G1 F2219.7 X112.319 Y164.091 E1722.52611
G0 F15000 X112.32 Y163.161
G1 F2219.7 X111.68 Y162.521 E1722.55621
G1 X111.68 Y162.514
G1 X112.319 Y162.342 E1722.57822
G0 F15000 X112.09 Y162.342
G0 X111.91 Y154.231
G0 X111.68 Y154.231
G1 F2219.7 X112.319 Y154.06 E1722.60022
G0 F15000 X112.09 Y154.06
G0 X112.09 Y151.847
G0 X112.32 Y151.847
G1 F2219.7 X111.68 Y151.207 E1722.63033
G0 F15000 X111.91 Y151.207
G0 X111.91 Y145.949
G0 X111.681 Y145.949
G1 F2219.7 X112.319 Y145.778 E1722.6523
G0 F15000 X112.09 Y145.778
G0 X112.09 Y140.533
G0 X112.32 Y140.533
G1 F2219.7 X111.68 Y139.893 E1722.6824
G0 F15000 X111.91 Y139.893
G0 X112.001 Y138.203
G0 X112 Y137.5
;TYPE:SKIN
G1 F1849.8 X112 Y137.902 E1722.69844
G1 F2400 E1722.19844
;MESH:NONMESH
G0 F300 X112 Y137.902 Z14.8
G0 F15000 X112 Y138.203
G0 X111.424 Y168.258
G0 X110.355 Y168.216
G0 X109.796 Y167.901
G0 X108.999 Y168.424
G0 X108.743 Y168.731
G0 X108.536 Y169.268
G0 X108.537 Y170.776
G0 X108.791 Y171.334
G0 X109.18 Y171.725
G0 X109.842 Y172.111
G0 X110.355 Y171.8
G0 X110 Y171.03
;TIME_ELAPSED:2368.933470
;LAYER:73
;note -- min layer time used
;TYPE:SUPPORT
G1 F2400 E1722.69844
G1 F2188.4 X110 Y168.986 E1722.76643
G1 X109.842 Y168.901 E1722.7724
G1 X109.582 Y169.074 E1722.78278
G1 X109.498 Y169.174 E1722.78713
G1 X109.4 Y169.429 E1722.79621
G1 X109.401 Y170.59 E1722.83483
G1 X109.513 Y170.837 E1722.84385
G1 X109.712 Y171.036 E1722.85321
G1 X109.848 Y171.117 E1722.85847
G1 X110 Y171.03 E1722.8643
G1 X110 Y170.526 E1722.88106
G1 X112 Y170.526 E1722.94758
G1 X112 Y169.474 E1722.98257
G1 X114 Y169.474 E1723.04909
G1 X114 Y168.968 E1723.06592
G1 X114.154 Y168.882 E1723.07179
G1 X114.292 Y168.968 E1723.0772
G1 X114.487 Y169.163 E1723.08637
G1 X114.599 Y169.41 E1723.09539
G1 X114.6 Y170.571 E1723.134
G1 X114.502 Y170.826 E1723.14309
G1 X114.418 Y170.926 E1723.14743
G1 X114.158 Y171.098 E1723.1578
G1 X114 Y171.013 E1723.16377
G1 X114 Y169.474 E1723.21496
G1 F2400 E1722.71496
G0 F15000 X115.307 Y168.88
G0 X122.796 Y167.901
G0 X123.355 Y168.216
G0 X124 Y169.474
G1 F2400 E1723.21496
G1 F2188.4 X124 Y170.526 E1723.24995
G1 X123 Y170.526 E1723.28321
G1 X123 Y171.03 E1723.29997
G1 X122.848 Y171.117 E1723.3058
G1 X122.712 Y171.036 E1723.31106
G1 X122.513 Y170.837 E1723.32042
G1 X122.401 Y170.59 E1723.32944
G1 X122.4 Y169.429 E1723.36806
G1 X122.498 Y169.174 E1723.37714
G1 X122.582 Y169.074 E1723.38149
G1 X122.842 Y168.901 E1723.39187
G1 X123 Y168.986 E1723.39784
G1 X123 Y169.474 E1723.41407
G1 X127 Y169.474 E1723.54711
G1 X127 Y168.97 E1723.56387
G1 X127.152 Y168.883 E1723.5697
G1 X127.288 Y168.964 E1723.57496
G1 X127.487 Y169.163 E1723.58432
G1 X127.599 Y169.41 E1723.59335
G1 X127.6 Y170.571 E1723.63196
G1 X127.502 Y170.826 E1723.64105
G1 X127.418 Y170.926 E1723.64539
G1 X127.158 Y171.098 E1723.65576
G1 X127 Y171.013 E1723.66173
G1 X127 Y170.526 E1723.67792
G1 X126 Y170.526 E1723.71118
G1 X126 Y169.474 E1723.74617
G1 F2400 E1723.24617
;MESH:Limiter bracketV2.stl
G0 F15000 X125.576 Y168.05
G0 X125.12 Y167.564
G0 X125.4 Y167.872
;TYPE:WALL-INNER
G1 F2400 E1723.74617
G1 F2188.4 X125.4 Y137.3 E1724.763
G1 X124.6 Y137.3 E1724.78961
G1 X124.6 Y167.872 E1725.80644
G1 X125.4 Y167.872 E1725.83305
G0 F15000 X125.8 Y168.272
;TYPE:WALL-OUTER
G1 F2188.4 X125.8 Y136.9 E1726.87648
G1 X124.2 Y136.9 E1726.9297
G1 X124.2 Y168.272 E1727.97314
G1 X125.8 Y168.272 E1728.02635
G0 F15000 X125.52 Y167.994
G0 X125.091 Y167.287
G0 X125.32 Y167.288
;TYPE:FILL
G1 F2188.4 X124.681 Y167.459 E1728.04835
G0 F15000 X124.91 Y167.459
G0 X125.091 Y164.645
G0 X125.32 Y164.646
G1 F2188.4 X124.68 Y164.006 E1728.07846
G0 F15000 X124.91 Y164.006
G0 X124.91 Y159.177
G0 X124.68 Y159.177
G1 F2188.4 X125.32 Y159.006 E1728.10049
G0 F15000 X125.091 Y159.005
G0 X125.091 Y153.332
G0 X125.32 Y153.333
G1 F2188.4 X124.68 Y152.693 E1728.1306
G0 F15000 X124.91 Y152.693
G0 X124.91 Y150.895
G0 X124.681 Y150.895
G1 F2188.4 X125.319 Y150.724 E1728.15256
G0 F15000 X125.091 Y150.723
G0 X124.91 Y148.321
G0 X124.68 Y148.321
G1 F2188.4 X125.32 Y145.933 E1728.23479
G0 F15000 X125.091 Y145.932
G0 X124.91 Y142.613
G0 X124.68 Y142.613
G1 F2188.4 X125.32 Y142.441 E1728.25683
G0 F15000 X125.32 Y142.019
G1 F2188.4 X124.68 Y141.379 E1728.28694
G0 F15000 X124.91 Y141.379
G0 X125.001 Y138.403
G0 X125 Y137.7
;TYPE:SKIN
G1 F1823.7 X125 Y138.102 E1728.30298
G1 F2400 E1727.80298
G0 F15000 X125 Y138.403
G0 X125.09 Y168.044
G0 X126.645 Y168.2
G0 X127.158 Y167.889
G0 X127.82 Y168.275
G0 X128.209 Y168.666
G0 X128.463 Y169.224
G0 X128.464 Y170.732
G0 X128.257 Y171.269
G0 X128.002 Y171.576
G0 X127.202 Y172.097
G0 X126.645 Y171.782
G0 X125.09 Y171.956
G0 X125.09 Y174.12
G0 X125.4 Y174.4
;TYPE:WALL-INNER
G1 F2400 E1728.30298
G1 F2188.4 X125.4 Y172.124 E1728.37868
G1 X124.6 Y172.124 E1728.40529
G1 X124.6 Y174.4 E1728.48099
G1 X125.4 Y174.4 E1728.5076
G0 F15000 X125.8 Y174.8
;TYPE:WALL-OUTER
G1 F2188.4 X125.8 Y171.724 E1728.60991
G1 X124.2 Y171.724 E1728.66312
G1 X124.2 Y174.8 E1728.76543
G1 X125.8 Y174.8 E1728.81865
G1 F2400 E1728.31865
G0 F15000 X125.52 Y174.52
G0 X124.43 Y174.12
G0 X123.335 Y174.12
G0 X113.665 Y174.12
G0 X112.57 Y174.12
G0 X112.09 Y174.12
G0 X112.4 Y174.4
;TYPE:WALL-INNER
G1 F2400 E1728.81865
G1 F2188.4 X112.4 Y172.124 E1728.89435
G1 X111.6 Y172.124 E1728.92096
G1 X111.6 Y174.4 E1728.99666
G1 X112.4 Y174.4 E1729.02326
G0 F15000 X112.8 Y174.8
;TYPE:WALL-OUTER
G1 F2188.4 X112.8 Y171.724 E1729.12557
G1 X111.2 Y171.724 E1729.17879
G1 X111.2 Y174.8 E1729.2811
G1 X112.8 Y174.8 E1729.33431
G0 F15000 X112.32 Y174.274
;TYPE:FILL
G1 F2188.4 X111.68 Y173.634 E1729.36442
G1 F2400 E1728.86442
G0 F15000 X111.91 Y173.634
G0 X112.09 Y171.956
G0 X113.645 Y171.782
G0 X114.202 Y172.097
G0 X115.002 Y171.576
G0 X115.257 Y171.269
G0 X115.464 Y170.732
G0 X115.463 Y169.224
G0 X115.209 Y168.666
G0 X114.829 Y168.284
G0 X114.179 Y167.886
G0 X113.645 Y168.198
G0 X112.09 Y168.044
G0 X112.09 Y167.594
G0 X112.4 Y167.872
;TYPE:WALL-INNER
G1 F2400 E1729.36442
G1 F2188.4 X112.4 Y137.3 E1730.38125
G1 X111.6 Y137.3 E1730.40785
G1 X111.6 Y167.872 E1731.42468
G1 X112.4 Y167.872 E1731.45129
G0 F15000 X112.8 Y168.272
;TYPE:WALL-OUTER
G1 F2188.4 X112.8 Y136.9 E1732.49473
G1 X111.2 Y136.9 E1732.54794
G1 X111.2 Y168.272 E1733.59138
G1 X112.8 Y168.272 E1733.6446
G0 F15000 X112.52 Y167.994
G0 X111.91 Y165.93
G0 X111.68 Y165.93
;TYPE:FILL
G1 F2188.4 X112.32 Y163.539 E1733.72692
G0 F15000 X112.32 Y162.961
G1 F2188.4 X111.68 Y162.321 E1733.75702
G0 F15000 X111.681 Y162.66
G1 F2188.4 X112.32 Y162.489 E1733.77903
G0 F15000 X112.09 Y162.489
G0 X111.91 Y154.378
G0 X111.68 Y154.378
G1 F2188.4 X112.32 Y154.207 E1733.80106
G0 F15000 X112.09 Y154.207
G0 X112.09 Y151.647
G0 X112.32 Y151.647
G1 F2188.4 X111.68 Y151.007 E1733.83116
G0 F15000 X111.91 Y151.007
G0 X111.91 Y146.096
G0 X111.68 Y146.096
G1 F2188.4 X112.319 Y145.925 E1733.85316
G0 F15000 X112.09 Y145.925
G0 X112.09 Y140.333
G0 X112.32 Y140.333
G1 F2188.4 X111.68 Y139.693 E1733.88327
G0 F15000 X111.91 Y139.693
G0 X112.001 Y138.403
G0 X112 Y137.7
;TYPE:SKIN
G1 F1823.7 X112 Y138.102 E1733.89931
G1 F2400 E1733.39931
;MESH:NONMESH
G0 F300 X112 Y138.102 Z15
G0 F15000 X112 Y138.403
G0 X111.424 Y168.05
G0 X110.355 Y168.216
G0 X109.796 Y167.901
G0 X108.999 Y168.424
G0 X108.743 Y168.731
G0 X108.536 Y169.268
G0 X108.537 Y170.776
G0 X108.791 Y171.334
G0 X109.18 Y171.725
G0 X109.842 Y172.111
G0 X110.355 Y171.8
G0 X110 Y171.03
;TIME_ELAPSED:2388.573323
;LAYER:74
;note -- min layer time used
;TYPE:SUPPORT
G1 F2400 E1733.89931
G1 F2162.5 X110 Y168.986 E1733.9673
G1 X109.842 Y168.901 E1733.97326
G1 X109.582 Y169.074 E1733.98365
G1 X109.498 Y169.174 E1733.98799
G1 X109.4 Y169.429 E1733.99708
G1 X109.401 Y170.59 E1734.0357
G1 X109.513 Y170.837 E1734.04472
G1 X109.712 Y171.036 E1734.05408
G1 X109.848 Y171.117 E1734.05934
G1 X110 Y171.03 E1734.06517
G1 X110 Y170.672 E1734.07707
G1 X112 Y170.672 E1734.14359
G1 X112 Y169.328 E1734.18829
G1 X114 Y169.328 E1734.25481
G1 X114 Y168.968 E1734.26679
G1 X114.154 Y168.882 E1734.27266
G1 X114.292 Y168.968 E1734.27806
G1 X114.487 Y169.163 E1734.28724
G1 X114.599 Y169.41 E1734.29626
G1 X114.6 Y170.571 E1734.33487
G1 X114.502 Y170.826 E1734.34396
G1 X114.418 Y170.926 E1734.3483
G1 X114.158 Y171.098 E1734.35867
G1 X114 Y171.013 E1734.36464
G1 X114 Y169.328 E1734.42068
G1 F2400 E1733.92068
G0 F15000 X115.252 Y168.759
G0 X122.796 Y167.901
G0 X123.355 Y168.216
G0 X124 Y169.328
G1 F2400 E1734.42068
G1 F2162.5 X124 Y170.672 E1734.46538
G1 X123 Y170.672 E1734.49864
G1 X123 Y171.03 E1734.51055
G1 X122.848 Y171.117 E1734.51637
G1 X122.712 Y171.036 E1734.52164
G1 X122.513 Y170.837 E1734.531
G1 X122.401 Y170.59 E1734.54002
G1 X122.4 Y169.429 E1734.57863
G1 X122.498 Y169.174 E1734.58772
G1 X122.582 Y169.074 E1734.59206
G1 X122.842 Y168.901 E1734.60245
G1 X123 Y168.986 E1734.60842
G1 X123 Y169.328 E1734.61979
G1 X127 Y169.328 E1734.75283
G1 X127 Y168.97 E1734.76474
G1 X127.152 Y168.883 E1734.77057
G1 X127.288 Y168.964 E1734.77583
G1 X127.487 Y169.163 E1734.78519
G1 X127.599 Y169.41 E1734.79421
G1 X127.6 Y170.571 E1734.83283
G1 X127.502 Y170.826 E1734.84191
G1 X127.418 Y170.926 E1734.84626
G1 X127.158 Y171.098 E1734.85663
G1 X127 Y171.013 E1734.86259
G1 X127 Y170.672 E1734.87393
G1 X126 Y170.672 E1734.90719
G1 X126 Y169.328 E1734.9519
G1 F2400 E1734.4519
;MESH:Limiter bracketV2.stl
G0 F15000 X125.576 Y167.904
G0 X125.12 Y167.418
G0 X125.4 Y167.728
;TYPE:WALL-INNER
G1 F2400 E1734.9519
G1 F2162.5 X125.4 Y137.5 E1735.95728
G1 X124.6 Y137.5 E1735.98389
G1 X124.6 Y167.728 E1736.98928
G1 X125.4 Y167.728 E1737.01589
G0 F15000 X125.8 Y168.128
;TYPE:WALL-OUTER
G1 F2162.5 X125.8 Y137.1 E1738.04788
G1 X124.2 Y137.1 E1738.1011
G1 X124.2 Y168.128 E1739.13309
G1 X125.8 Y168.128 E1739.18631
G0 F15000 X125.319 Y167.434
;TYPE:FILL
G1 F2162.5 X124.68 Y167.605 E1739.20831
G0 F15000 X124.88 Y167.448
G0 X125.091 Y164.447
G0 X125.321 Y164.448
G1 F2162.5 X124.68 Y163.807 E1739.23846
G0 F15000 X124.91 Y163.807
G0 X124.91 Y159.323
G0 X124.68 Y159.323
G1 F2162.5 X125.32 Y159.152 E1739.2605
G0 F15000 X125.091 Y159.151
G0 X125.091 Y153.133
G0 X125.321 Y153.134
G1 F2162.5 X124.68 Y152.493 E1739.29065
G0 F15000 X124.91 Y152.493
G0 X124.91 Y151.041
G0 X124.68 Y151.041
G1 F2162.5 X125.319 Y150.87 E1739.31265
G0 F15000 X125.091 Y150.869
G0 X124.91 Y147.776
G0 X124.68 Y147.776
G1 F2162.5 X125.32 Y145.388 E1739.39488
G0 F15000 X125.091 Y145.387
G0 X124.91 Y142.759
G0 X124.68 Y142.759
G1 F2162.5 X125.32 Y142.587 E1739.41692
G0 F15000 X125.321 Y141.82
G1 F2162.5 X124.68 Y141.18 E1739.44704
G0 F15000 X124.91 Y141.18
G0 X125.001 Y138.603
G0 X125 Y137.9
;TYPE:SKIN
G1 F1802.1 X125 Y138.302 E1739.46309
G1 F2400 E1738.96309
G0 F15000 X125 Y138.603
G0 X125.09 Y167.898
G0 X126.645 Y168.2
G0 X127.158 Y167.889
G0 X127.82 Y168.275
G0 X128.209 Y168.666
G0 X128.463 Y169.224
G0 X128.464 Y170.732
G0 X128.257 Y171.269
G0 X128.002 Y171.576
G0 X127.202 Y172.097
G0 X126.645 Y171.782
G0 X125.09 Y172.102
G0 X125.09 Y174.12
G0 X125.4 Y174.4
;TYPE:WALL-INNER
G1 F2400 E1739.46309
G1 F2162.5 X125.4 Y172.272 E1739.53387
G1 X124.6 Y172.272 E1739.56048
G1 X124.6 Y174.4 E1739.63125
G1 X125.4 Y174.4 E1739.65786
G0 F15000 X125.8 Y174.8
;TYPE:WALL-OUTER
G1 F2162.5 X125.8 Y171.872 E1739.75525
G1 X124.2 Y171.872 E1739.80846
G1 X124.2 Y174.8 E1739.90585
G1 X125.8 Y174.8 E1739.95906
G1 F2400 E1739.45906
G0 F15000 X125.52 Y174.52
G0 X124.43 Y174.12
G0 X123.335 Y174.12
G0 X113.665 Y174.12
G0 X112.57 Y174.12
G0 X112.09 Y174.12
G0 X112.4 Y174.4
;TYPE:WALL-INNER
G1 F2400 E1739.95906
G1 F2162.5 X112.4 Y172.272 E1740.02984
G1 X111.6 Y172.272 E1740.05645
G1 X111.6 Y174.4 E1740.12723
G1 X112.4 Y174.4 E1740.15384
G0 F15000 X112.8 Y174.8
;TYPE:WALL-OUTER
G1 F2162.5 X112.8 Y171.872 E1740.25122
G1 X111.2 Y171.872 E1740.30444
G1 X111.2 Y174.8 E1740.40182
G1 X112.8 Y174.8 E1740.45504
G0 F15000 X112.32 Y174.075
;TYPE:FILL
G1 F2162.5 X111.68 Y173.434 E1740.48517
G1 F2400 E1739.98517
G0 F15000 X111.91 Y173.434
G0 X112.09 Y172.102
G0 X113.645 Y171.782
G0 X114.202 Y172.097
G0 X115.002 Y171.576
G0 X115.257 Y171.269
G0 X115.464 Y170.732
G0 X115.463 Y169.224
G0 X115.209 Y168.666
G0 X114.829 Y168.284
G0 X114.179 Y167.886
G0 X113.645 Y168.198
G0 X112.09 Y167.898
G0 X112.09 Y167.448
G0 X112.4 Y167.728
;TYPE:WALL-INNER
G1 F2400 E1740.48517
G1 F2162.5 X112.4 Y137.5 E1741.49055
G1 X111.6 Y137.5 E1741.51716
G1 X111.6 Y167.728 E1742.52255
G1 X112.4 Y167.728 E1742.54916
G0 F15000 X112.8 Y168.128
;TYPE:WALL-OUTER
G1 F2162.5 X112.8 Y137.1 E1743.58115
G1 X111.2 Y137.1 E1743.63437
G1 X111.2 Y168.128 E1744.66636
G1 X112.8 Y168.128 E1744.71958
G0 F15000 X112.52 Y167.848
G0 X111.91 Y165.383
G0 X111.68 Y165.383
;TYPE:FILL
G1 F2162.5 X112.32 Y162.996 E1744.80178
G0 F15000 X112.32 Y162.76
G1 F2162.5 X111.68 Y162.12 E1744.83188
G0 F15000 X111.68 Y162.807
G1 F2162.5 X112.319 Y162.635 E1744.85389
G0 F15000 X112.09 Y162.635
G0 X111.91 Y154.524
G0 X111.68 Y154.524
G1 F2162.5 X112.32 Y154.353 E1744.87592
G0 F15000 X112.09 Y154.353
G0 X112.09 Y151.447
G0 X112.32 Y151.447
G1 F2162.5 X111.68 Y150.807 E1744.90603
G0 F15000 X111.91 Y150.807
G0 X111.91 Y146.242
G0 X111.681 Y146.242
G1 F2162.5 X112.319 Y146.071 E1744.928
G0 F15000 X112.09 Y146.071
G0 X112.09 Y140.133
G0 X112.32 Y140.133
G1 F2162.5 X111.68 Y139.493 E1744.9581
G0 F15000 X111.91 Y139.493
G0 X112.001 Y138.603
G0 X112 Y137.9
;TYPE:SKIN
G1 F1802.1 X112 Y138.302 E1744.97414
G1 F2400 E1744.47414
;MESH:NONMESH
G0 F300 X112 Y138.302 Z15.2
G0 F15000 X112 Y138.603
G0 X111.424 Y167.904
G0 X110.355 Y168.216
G0 X109.796 Y167.901
G0 X108.999 Y168.424
G0 X108.743 Y168.731
G0 X108.536 Y169.268
G0 X108.537 Y170.776
G0 X108.791 Y171.334
G0 X109.18 Y171.725
G0 X109.842 Y172.111
G0 X110.355 Y171.8
G0 X110 Y171.03
;TIME_ELAPSED:2408.117249
;LAYER:75
;note -- min layer time used
;TYPE:SUPPORT
G1 F2400 E1744.97414
G1 F2137.5 X110 Y168.986 E1745.04213
G1 X109.842 Y168.901 E1745.0481
G1 X109.582 Y169.074 E1745.05848
G1 X109.498 Y169.174 E1745.06283
G1 X109.4 Y169.429 E1745.07191
G1 X109.401 Y170.59 E1745.11053
G1 X109.513 Y170.837 E1745.11955
G1 X109.712 Y171.036 E1745.12891
G1 X109.848 Y171.117 E1745.13417
G1 X110 Y171.03 E1745.14
G1 X110 Y170.79 E1745.14798
G1 X112 Y170.79 E1745.2145
G1 X112 Y169.21 E1745.26705
G1 X114 Y169.21 E1745.33357
G1 X114 Y168.968 E1745.34162
G1 X114.154 Y168.882 E1745.34749
G1 X114.292 Y168.968 E1745.3529
G1 X114.487 Y169.163 E1745.36207
G1 X114.599 Y169.41 E1745.37109
G1 X114.6 Y170.571 E1745.4097
G1 X114.502 Y170.826 E1745.41879
G1 X114.418 Y170.926 E1745.42313
G1 X114.158 Y171.098 E1745.4335
G1 X114 Y171.013 E1745.43947
G1 X114 Y169.21 E1745.49944
G1 F2400 E1744.99944
G0 F15000 X114.879 Y168.333
G0 X122.796 Y167.901
G0 X123.355 Y168.216
G0 X124 Y169.21
G1 F2400 E1745.49944
G1 F2137.5 X124 Y170.79 E1745.55199
G1 X123 Y170.79 E1745.58525
G1 X123 Y171.03 E1745.59323
G1 X122.848 Y171.117 E1745.59906
G1 X122.712 Y171.036 E1745.60432
G1 X122.513 Y170.837 E1745.61368
G1 X122.401 Y170.59 E1745.6227
G1 X122.4 Y169.429 E1745.66132
G1 X122.498 Y169.174 E1745.6704
G1 X122.582 Y169.074 E1745.67475
G1 X122.842 Y168.901 E1745.68513
G1 X123 Y168.986 E1745.6911
G1 X123 Y169.21 E1745.69855
G1 X127 Y169.21 E1745.83159
G1 X127 Y168.97 E1745.83957
G1 X127.152 Y168.883 E1745.8454
G1 X127.288 Y168.964 E1745.85066
G1 X127.487 Y169.163 E1745.86002
G1 X127.599 Y169.41 E1745.86904
G1 X127.6 Y170.571 E1745.90766
G1 X127.502 Y170.826 E1745.91675
G1 X127.418 Y170.926 E1745.92109
G1 X127.158 Y171.098 E1745.93146
G1 X127 Y171.013 E1745.93743
G1 X127 Y170.789 E1745.94488
G1 X126 Y170.79 E1745.97814
G1 X126 Y169.21 E1746.03069
G1 F2400 E1745.53069
;MESH:Limiter bracketV2.stl
G0 F15000 X125.576 Y167.786
G0 X125.12 Y167.3
G0 X125.4 Y167.608
;TYPE:WALL-INNER
G1 F2400 E1746.03069
G1 F2137.5 X125.4 Y137.7 E1747.02543
G1 X124.6 Y137.7 E1747.05204
G1 X124.6 Y167.608 E1748.04678
G1 X125.4 Y167.608 E1748.07339
G0 F15000 X125.8 Y168.008
;TYPE:WALL-OUTER
G1 F2137.5 X125.8 Y137.3 E1749.09474
G1 X124.2 Y137.3 E1749.14796
G1 X124.2 Y168.008 E1750.16931
G1 X125.8 Y168.008 E1750.22253
G0 F15000 X125.52 Y167.73
G0 X125.091 Y164.245
G0 X125.32 Y164.246
;TYPE:FILL
G1 F2137.5 X124.68 Y163.606 E1750.25263
G0 F15000 X124.91 Y163.606
G0 X124.91 Y159.47
G0 X124.68 Y159.47
G1 F2137.5 X125.319 Y159.299 E1750.27463
G0 F15000 X125.091 Y159.298
G0 X125.091 Y152.931
G0 X125.32 Y152.932
G1 F2137.5 X124.68 Y152.292 E1750.30474
G0 F15000 X124.91 Y152.292
G0 X124.91 Y151.188
G0 X124.681 Y151.188
G1 F2137.5 X125.319 Y151.017 E1750.32671
G0 F15000 X125.091 Y151.016
G0 X124.91 Y147.226
G0 X124.68 Y147.226
G1 F2137.5 X125.319 Y144.841 E1750.40883
G0 F15000 X125.091 Y144.84
G0 X124.91 Y142.906
G0 X124.68 Y142.906
G1 F2137.5 X125.32 Y142.734 E1750.43087
G0 F15000 X125.091 Y142.733
G0 X125.091 Y141.618
G0 X125.32 Y141.619
G1 F2137.5 X124.68 Y140.979 E1750.46097
G0 F15000 X124.91 Y140.979
G0 X125.001 Y138.803
G0 X125 Y138.1
;TYPE:SKIN
G1 F1781.3 X125 Y138.502 E1750.47702
G1 F2400 E1749.97702
G0 F15000 X125 Y138.803
G0 X125.09 Y167.78
G0 X126.645 Y168.2
G0 X127.158 Y167.889
G0 X127.82 Y168.275
G0 X128.209 Y168.666
G0 X128.463 Y169.224
G0 X128.464 Y170.732
G0 X128.257 Y171.269
G0 X128.002 Y171.576
G0 X127.202 Y172.097
G0 X126.645 Y171.782
G0 X125.093 Y172.2
G0 X125.09 Y174.12
G0 X125.4 Y174.4
;TYPE:WALL-INNER
G1 F2400 E1750.47702
G1 F2137.5 X125.4 Y172.388 E1750.54394
G1 X124.6 Y172.388 E1750.57055
G1 X124.6 Y174.4 E1750.63747
G1 X125.4 Y174.4 E1750.66407
G0 F15000 X125.8 Y174.8
;TYPE:WALL-OUTER
G1 F2137.5 X125.8 Y171.988 E1750.7576
G1 X124.2 Y171.988 E1750.81082
G1 X124.2 Y174.8 E1750.90435
G1 X125.8 Y174.8 E1750.95756
G1 F2400 E1750.45756
G0 F15000 X125.52 Y174.52
G0 X124.43 Y174.12
G0 X123.335 Y174.12
G0 X113.665 Y174.12
G0 X112.57 Y174.12
G0 X112.09 Y174.12
G0 X112.4 Y174.4
;TYPE:WALL-INNER
G1 F2400 E1750.95756
G1 F2137.5 X112.4 Y172.388 E1751.02448
G1 X111.6 Y172.388 E1751.05109
G1 X111.6 Y174.4 E1751.11801
G1 X112.4 Y174.4 E1751.14462
G0 F15000 X112.8 Y174.8
;TYPE:WALL-OUTER
G1 F2137.5 X112.8 Y171.988 E1751.23814
G1 X111.2 Y171.988 E1751.29136
G1 X111.2 Y174.8 E1751.38489
G1 X112.8 Y174.8 E1751.4381
G0 F15000 X112.52 Y174.52
G0 X112.09 Y173.874
G0 X112.32 Y173.874
;TYPE:FILL
G1 F2137.5 X111.68 Y173.233 E1751.46823
G1 F2400 E1750.96823
G0 F15000 X111.91 Y173.233
G0 X112.09 Y172.22
G0 X113.645 Y171.782
G0 X114.202 Y172.097
G0 X115.002 Y171.576
G0 X115.257 Y171.269
G0 X115.464 Y170.732
G0 X115.463 Y169.224
G0 X115.209 Y168.666
G0 X114.829 Y168.284
G0 X114.179 Y167.886
G0 X113.645 Y168.198
G0 X112.09 Y167.78
G0 X112.09 Y167.33
G0 X112.4 Y167.608
;TYPE:WALL-INNER
G1 F2400 E1751.46823
G1 F2137.5 X112.4 Y137.7 E1752.46298
G1 X111.6 Y137.7 E1752.48958
G1 X111.6 Y167.608 E1753.48433
G1 X112.4 Y167.608 E1753.51094
G0 F15000 X112.8 Y168.008
;TYPE:WALL-OUTER
G1 F2137.5 X112.8 Y137.3 E1754.53229
G1 X111.2 Y137.3 E1754.5855
G1 X111.2 Y168.008 E1755.60686
G1 X112.8 Y168.008 E1755.66007
G0 F15000 X112.52 Y167.73
G0 X111.91 Y164.835
G0 X111.68 Y164.835
;TYPE:FILL
G1 F2137.5 X112.32 Y162.448 E1755.74227
G1 X112.32 Y162.56
G1 X111.68 Y161.92 E1755.77237
G0 F15000 X111.91 Y161.92
G0 X111.91 Y162.953
G0 X111.681 Y162.953
G1 F2137.5 X112.319 Y162.782 E1755.79434
G0 F15000 X112.09 Y162.782
G0 X111.91 Y154.671
G0 X111.68 Y154.671
G1 F2137.5 X112.319 Y154.5 E1755.81634
G0 F15000 X112.09 Y154.5
G0 X112.09 Y151.247
G0 X112.32 Y151.247
G1 F2137.5 X111.68 Y150.607 E1755.84645
G0 F15000 X111.91 Y150.607
G0 X111.91 Y146.389
G0 X111.681 Y146.389
G1 F2137.5 X112.319 Y146.218 E1755.86841
G0 F15000 X112.09 Y146.218
G0 X112.09 Y139.933
G0 X112.32 Y139.933
G1 F2137.5 X111.68 Y139.293 E1755.89852
G0 F15000 X111.91 Y139.293
G0 X112.001 Y138.803
G0 X112 Y138.1
;TYPE:SKIN
G1 F1781.3 X112 Y138.502 E1755.91456
G1 F2400 E1755.41456
;MESH:NONMESH
G0 F300 X112 Y138.502 Z15.4
G0 F15000 X112 Y138.803
G0 X111.424 Y167.786
G0 X110.335 Y167.786
G0 X109.796 Y167.901
G0 X108.999 Y168.424
G0 X108.743 Y168.731
G0 X108.536 Y169.268
G0 X108.537 Y170.776
G0 X108.791 Y171.334
G0 X109.18 Y171.725
G0 X109.842 Y172.111
G0 X110.355 Y171.8
G0 X110 Y171.03
;TIME_ELAPSED:2427.613687
;LAYER:76
;note -- min layer time used
;TYPE:SUPPORT
G1 F2400 E1755.91456
G1 F2117 X110 Y168.986 E1755.98255
G1 X109.842 Y168.901 E1755.98851
G1 X109.582 Y169.074 E1755.9989
G1 X109.498 Y169.174 E1756.00324
G1 X109.4 Y169.429 E1756.01233
G1 X109.401 Y170.59 E1756.05095
G1 X109.513 Y170.837 E1756.05997
G1 X109.712 Y171.036 E1756.06933
G1 X109.848 Y171.117 E1756.07459
G1 X110 Y171.03 E1756.08042
G1 X110 Y170.879 E1756.08544
G1 X112 Y170.879 E1756.15196
G1 X112 Y169.121 E1756.21043
G1 X114 Y169.121 E1756.27695
G1 X114 Y168.968 E1756.28204
G1 X114.154 Y168.882 E1756.28791
G1 X114.292 Y168.968 E1756.29331
G1 X114.487 Y169.163 E1756.30249
G1 X114.599 Y169.41 E1756.31151
G1 X114.6 Y170.571 E1756.35012
G1 X114.502 Y170.826 E1756.35921
G1 X114.418 Y170.926 E1756.36355
G1 X114.158 Y171.098 E1756.37392
G1 X114 Y171.013 E1756.37989
G1 X114 Y169.121 E1756.44282
G1 F2400 E1755.94282
G0 F15000 X114.834 Y168.288
G0 X122.796 Y167.901
G0 X123.355 Y168.216
G0 X124 Y169.121
G1 F2400 E1756.44282
G1 F2117 X124 Y170.879 E1756.50129
G1 X123 Y170.879 E1756.53455
G1 X123 Y171.03 E1756.53957
G1 X122.848 Y171.117 E1756.54539
G1 X122.712 Y171.036 E1756.55066
G1 X122.513 Y170.837 E1756.56002
G1 X122.401 Y170.59 E1756.56904
G1 X122.4 Y169.429 E1756.60766
G1 X122.498 Y169.174 E1756.61674
G1 X122.582 Y169.074 E1756.62109
G1 X122.842 Y168.901 E1756.63147
G1 X123 Y168.986 E1756.63744
G1 X123 Y169.121 E1756.64193
G1 X127 Y169.121 E1756.77497
G1 X127 Y168.97 E1756.77999
G1 X127.152 Y168.883 E1756.78582
G1 X127.288 Y168.964 E1756.79108
G1 X127.487 Y169.163 E1756.80044
G1 X127.599 Y169.41 E1756.80946
G1 X127.6 Y170.571 E1756.84808
G1 X127.502 Y170.826 E1756.85716
G1 X127.418 Y170.926 E1756.86151
G1 X127.158 Y171.098 E1756.87188
G1 X127 Y171.013 E1756.87784
G1 X127 Y170.878 E1756.88233
G1 X126 Y170.879 E1756.91559
G1 X126 Y169.121 E1756.97407
G1 F2400 E1756.47407
;MESH:Limiter bracketV2.stl
G0 F15000 X125.576 Y167.697
G0 X125.12 Y167.211
G0 X125.4 Y167.52
;TYPE:WALL-INNER
G1 F2400 E1756.97407
G1 F2117 X125.4 Y137.9 E1757.95923
G1 X124.6 Y137.9 E1757.98584
G1 X124.6 Y167.52 E1758.971
G1 X125.4 Y167.52 E1758.99761
G0 F15000 X125.8 Y167.92
;TYPE:WALL-OUTER
G1 F2117 X125.8 Y137.5 E1760.00939
G1 X124.2 Y137.5 E1760.0626
G1 X124.2 Y167.92 E1761.07437
G1 X125.8 Y167.92 E1761.12759
G0 F15000 X125.52 Y167.641
G0 X125.091 Y164.046
G0 X125.321 Y164.047
;TYPE:FILL
G1 F2117 X124.68 Y163.407 E1761.15772
G0 F15000 X124.91 Y163.407
G0 X124.91 Y159.616
G0 X124.68 Y159.616
G1 F2117 X125.32 Y159.445 E1761.17975
G0 F15000 X125.091 Y159.444
G0 X125.091 Y152.733
G0 X125.321 Y152.734
G1 F2117 X124.68 Y152.093 E1761.2099
G0 F15000 X124.68 Y151.334
G1 F2117 X125.319 Y151.163 E1761.2319
G0 F15000 X125.091 Y151.162
G0 X124.91 Y146.684
G0 X124.68 Y146.684
G1 F2117 X125.32 Y144.296 E1761.31413
G0 F15000 X125.091 Y144.295
G0 X124.91 Y143.052
G0 X124.681 Y143.052
G1 F2117 X125.319 Y142.881 E1761.3361
G0 F15000 X125.091 Y142.88
G0 X125.091 Y141.419
G0 X125.321 Y141.42
G1 F2117 X124.68 Y140.779 E1761.36625
G0 F15000 X124.91 Y140.779
G0 X125.001 Y139.003
G0 X125 Y138.3
;TYPE:SKIN
G1 F1764.2 X125 Y138.702 E1761.3823
G1 F2400 E1760.8823
G0 F15000 X125 Y139.003
G0 X125.09 Y167.691
G0 X126.666 Y167.691
G0 X127.158 Y167.889
G0 X127.82 Y168.275
G0 X128.209 Y168.666
G0 X128.463 Y169.224
G0 X128.464 Y170.732
G0 X128.257 Y171.269
G0 X128.002 Y171.576
G0 X127.354 Y171.998
G0 X126.665 Y172.289
G0 X125.093 Y172.289
G0 X125.09 Y174.12
G0 X125.4 Y174.4
;TYPE:WALL-INNER
G1 F2400 E1761.3823
G1 F2117 X125.4 Y172.476 E1761.44629
G1 X124.6 Y172.476 E1761.4729
G1 X124.6 Y174.4 E1761.53689
G1 X125.4 Y174.4 E1761.5635
G0 F15000 X125.8 Y174.8
;TYPE:WALL-OUTER
G1 F2117 X125.8 Y172.076 E1761.6541
G1 X124.2 Y172.076 E1761.70731
G1 X124.2 Y174.8 E1761.79791
G1 X125.8 Y174.8 E1761.85113
G1 F2400 E1761.35113
G0 F15000 X125.52 Y174.52
G0 X124.43 Y174.12
G0 X123.335 Y174.12
G0 X113.665 Y174.12
G0 X112.57 Y174.12
G0 X112.09 Y174.12
G0 X112.4 Y174.4
;TYPE:WALL-INNER
G1 F2400 E1761.85113
G1 F2117 X112.4 Y172.476 E1761.91512
G1 X111.6 Y172.476 E1761.94173
G1 X111.6 Y174.4 E1762.00572
G1 X112.4 Y174.4 E1762.03233
G0 F15000 X112.8 Y174.8
;TYPE:WALL-OUTER
G1 F2117 X112.8 Y172.076 E1762.12293
G1 X111.2 Y172.076 E1762.17615
G1 X111.2 Y174.8 E1762.26675
G1 X112.8 Y174.8 E1762.31997
G0 F15000 X112.52 Y174.52
G0 X112.09 Y173.675
G0 X112.32 Y173.675
;TYPE:FILL
G1 F2117 X111.68 Y173.034 E1762.35009
G1 F2400 E1761.85009
G0 F15000 X111.91 Y173.034
G0 X112.09 Y172.309
G0 X113.665 Y172.309
G0 X114.202 Y172.097
G0 X115.002 Y171.576
G0 X115.257 Y171.269
G0 X115.464 Y170.732
G0 X115.463 Y169.224
G0 X115.209 Y168.666
G0 X114.829 Y168.284
G0 X114.303 Y167.962
G0 X113.665 Y167.691
G0 X112.09 Y167.691
G0 X112.09 Y167.241
G0 X112.4 Y167.52
;TYPE:WALL-INNER
G1 F2400 E1762.35009
G1 F2117 X112.4 Y137.9 E1763.33526
G1 X111.6 Y137.9 E1763.36187
G1 X111.6 Y167.52 E1764.34703
G1 X112.4 Y167.52 E1764.37364
G0 F15000 X112.8 Y167.92
;TYPE:WALL-OUTER
G1 F2117 X112.8 Y137.5 E1765.38541
G1 X111.2 Y137.5 E1765.43863
G1 X111.2 Y167.92 E1766.4504
G1 X112.8 Y167.92 E1766.50362
G0 F15000 X112.52 Y167.641
G0 X111.91 Y164.291
G0 X111.68 Y164.291
;TYPE:FILL
G1 F2117 X112.32 Y161.903 E1766.58585
G0 F15000 X112.32 Y162.361
G1 F2117 X111.68 Y161.72 E1766.61597
G0 F15000 X111.91 Y161.72
G0 X112.09 Y162.928
G0 X112.319 Y162.928
G1 F2117 X111.681 Y163.099 E1766.63794
G0 F15000 X111.91 Y163.099
G0 X111.91 Y154.817
G0 X111.681 Y154.817
G1 F2117 X112.32 Y154.646 E1766.65994
G0 F15000 X112.09 Y154.646
G0 X112.09 Y151.047
G0 X112.32 Y151.047
G1 F2117 X111.68 Y150.407 E1766.69005
G0 F15000 X111.91 Y150.407
G0 X111.91 Y146.535
G0 X111.68 Y146.535
G1 F2117 X112.319 Y146.364 E1766.71205
G0 F15000 X112.09 Y146.364
G0 X112.09 Y139.733
G0 X112.32 Y139.733
G1 F2117 X111.68 Y139.093 E1766.74215
G0 F15000 X112 Y138.3
;TYPE:SKIN
G1 F1764.2 X112 Y138.702 E1766.7582
G1 F2400 E1766.2582
;MESH:NONMESH
G0 F300 X112 Y138.702 Z15.6
G0 F15000 X112 Y139.003
G0 X111.424 Y167.697
G0 X110.335 Y167.697
G0 X109.796 Y167.901
G0 X108.999 Y168.424
G0 X108.743 Y168.731
G0 X108.536 Y169.268
G0 X108.537 Y170.776
G0 X108.791 Y171.334
G0 X109.18 Y171.725
G0 X109.842 Y172.111
G0 X110.355 Y171.8
G0 X110 Y171.027
;TIME_ELAPSED:2446.785756
;LAYER:77
;note -- min layer time used
;TYPE:SUPPORT
G1 F2400 E1766.7582
G1 F2096.8 X110 Y168.986 E1766.82608
G1 X109.842 Y168.901 E1766.83205
G1 X109.582 Y169.074 E1766.84243
G1 X109.498 Y169.174 E1766.84678
G1 X109.4 Y169.429 E1766.85586
G1 X109.401 Y170.59 E1766.89448
G1 X109.513 Y170.837 E1766.9035
G1 X109.712 Y171.036 E1766.91286
G1 X109.847 Y171.116 E1766.91808
G1 X110.146 Y170.941 E1766.9296
G1 X112 Y170.941 E1766.99127
G1 X112 Y169.059 E1767.05386
G1 X113.836 Y169.059 E1767.11493
G1 X114.154 Y168.882 E1767.12703
G1 X114.292 Y168.968 E1767.13244
G1 X114.487 Y169.163 E1767.14161
G1 X114.599 Y169.41 E1767.15063
G1 X114.6 Y170.571 E1767.18925
G1 X114.502 Y170.826 E1767.19833
G1 X114.418 Y170.926 E1767.20268
G1 X114.157 Y171.098 E1767.21307
G1 X114 Y171.013 E1767.21901
G1 X114 Y168.967 E1767.28706
G1 F2400 E1766.78706
G0 F15000 X114.829 Y168.284
G0 X122.796 Y167.901
G0 X123.347 Y168.206
G0 X124 Y169.059
G1 F2400 E1767.28706
G1 F2096.8 X124 Y170.941 E1767.34966
G1 X123.146 Y170.941 E1767.37806
G1 X122.847 Y171.116 E1767.38959
G1 X122.712 Y171.036 E1767.39481
G1 X122.513 Y170.837 E1767.40417
G1 X122.401 Y170.59 E1767.41319
G1 X122.4 Y169.429 E1767.4518
G1 X122.498 Y169.174 E1767.46089
G1 X122.582 Y169.074 E1767.46523
G1 X122.842 Y168.901 E1767.47562
G1 X123.137 Y169.059 E1767.48675
G1 X126.854 Y169.059 E1767.61038
G1 X127.153 Y168.884 E1767.6219
G1 X127.288 Y168.964 E1767.62712
G1 X127.487 Y169.163 E1767.63648
G1 X127.599 Y169.41 E1767.6455
G1 X127.6 Y170.571 E1767.68411
G1 X127.502 Y170.826 E1767.6932
G1 X127.418 Y170.926 E1767.69754
G1 X127.157 Y171.098 E1767.70794
G1 X126.865 Y170.941 E1767.71897
G1 X126 Y170.941 E1767.74774
G1 X126 Y169.059 E1767.81033
G1 F2400 E1767.31033
;MESH:Limiter bracketV2.stl
G0 F15000 X125.576 Y167.635
G0 X125.12 Y167.149
G0 X125.4 Y167.456
;TYPE:WALL-INNER
G1 F2400 E1767.81033
G1 F2096.8 X125.4 Y138.1 E1768.78672
G1 X124.6 Y138.1 E1768.81333
G1 X124.6 Y167.456 E1769.78971
G1 X125.4 Y167.456 E1769.81632
G0 F15000 X125.8 Y167.856
;TYPE:WALL-OUTER
G1 F2096.8 X125.8 Y137.7 E1770.81931
G1 X124.2 Y137.7 E1770.87253
G1 X124.2 Y167.856 E1771.87552
G1 X125.8 Y167.856 E1771.92874
G0 F15000 X125.52 Y167.579
G0 X125.091 Y163.847
G0 X125.321 Y163.848
;TYPE:FILL
G1 F2096.8 X124.68 Y163.207 E1771.95889
G0 F15000 X124.91 Y163.207
G0 X124.91 Y159.762
G0 X124.681 Y159.762
G1 F2096.8 X125.32 Y159.591 E1771.98089
G0 F15000 X125.091 Y159.59
G0 X125.091 Y152.533
G0 X125.321 Y152.534
G1 F2096.8 X124.68 Y151.894 E1772.01101
G0 F15000 X124.68 Y151.48
G1 F2096.8 X125.32 Y151.309 E1772.03305
G0 F15000 X125.091 Y151.308
G0 X124.91 Y146.138
G0 X124.68 Y146.138
G1 F2096.8 X125.32 Y143.75 E1772.11528
G0 F15000 X125.32 Y143.026
G1 F2096.8 X124.681 Y143.198 E1772.13729
G0 F15000 X124.91 Y143.198
G0 X125.091 Y141.22
G0 X125.321 Y141.221
G1 F2096.8 X124.68 Y140.58 E1772.16744
G0 F15000 X124.91 Y140.58
G0 X125.001 Y139.203
G0 X125 Y138.5
;TYPE:SKIN
G1 F1747.3 X125 Y138.902 E1772.18348
G1 F2400 E1771.68348
G0 F15000 X125 Y139.203
G0 X125.09 Y167.629
G0 X126.666 Y167.629
G0 X127.82 Y168.275
G0 X128.209 Y168.666
G0 X128.463 Y169.224
G0 X128.464 Y170.732
G0 X128.257 Y171.269
G0 X128.002 Y171.576
G0 X127.775 Y171.724
G0 X126.665 Y172.371
G0 X125.09 Y172.371
G0 X125.09 Y174.12
G0 X125.4 Y174.4
;TYPE:WALL-INNER
G1 F2400 E1772.18348
G1 F2096.8 X125.4 Y172.54 E1772.24534
G1 X124.6 Y172.54 E1772.27195
G1 X124.6 Y174.4 E1772.33382
G1 X125.4 Y174.4 E1772.36042
G0 F15000 X125.8 Y174.8
;TYPE:WALL-OUTER
G1 F2096.8 X125.8 Y172.14 E1772.4489
G1 X124.2 Y172.14 E1772.50211
G1 X124.2 Y174.8 E1772.59059
G1 X125.8 Y174.8 E1772.6438
G1 F2400 E1772.1438
G0 F15000 X125.52 Y174.52
G0 X124.43 Y174.12
G0 X123.335 Y174.12
G0 X113.665 Y174.12
G0 X112.57 Y174.12
G0 X112.09 Y174.12
G0 X112.4 Y174.4
;TYPE:WALL-INNER
G1 F2400 E1772.6438
G1 F2096.8 X112.4 Y172.54 E1772.70567
G1 X111.6 Y172.54 E1772.73227
G1 X111.6 Y174.4 E1772.79414
G1 X112.4 Y174.4 E1772.82075
G0 F15000 X112.8 Y174.8
;TYPE:WALL-OUTER
G1 F2096.8 X112.8 Y172.14 E1772.90922
G1 X111.2 Y172.14 E1772.96243
G1 X111.2 Y174.8 E1773.05091
G1 X112.8 Y174.8 E1773.10412
G0 F15000 X112.52 Y174.52
G0 X112.09 Y173.475
G0 X112.32 Y173.475
;TYPE:FILL
G1 F2096.8 X111.68 Y172.835 E1773.13423
G1 F2400 E1772.63423
G0 F15000 X111.91 Y172.851
G0 X112.09 Y172.371
G0 X113.665 Y172.371
G0 X114.202 Y172.097
G0 X115.002 Y171.576
G0 X115.257 Y171.269
G0 X115.464 Y170.732
G0 X115.463 Y169.224
G0 X115.209 Y168.666
G0 X114.829 Y168.284
G0 X114.396 Y168.02
G0 X113.665 Y167.649
G0 X112.086 Y167.649
G0 X112.09 Y167.179
G0 X112.4 Y167.457
;TYPE:WALL-INNER
G1 F2400 E1773.13423
G1 F2096.8 X112.4 Y138.1 E1774.11064
G1 X111.6 Y138.1 E1774.13725
G1 X111.6 Y167.458 E1775.1137
G1 X112.4 Y167.457 E1775.14031
G0 F15000 X112.8 Y167.856
;TYPE:WALL-OUTER
G1 F2096.8 X112.8 Y137.7 E1776.1433
G1 X111.2 Y137.7 E1776.19652
G1 X111.2 Y167.859 E1777.19961
G1 X112.8 Y167.856 E1777.25283
G0 F15000 X112.52 Y167.579
G0 X111.91 Y163.745
G0 X111.68 Y163.745
;TYPE:FILL
G1 F2096.8 X112.32 Y161.358 E1777.33502
G0 F15000 X111.68 Y161.522
G1 F2096.8 X112.32 Y162.162 E1777.36513
G0 F15000 X112.319 Y163.074
G1 F2096.8 X111.68 Y163.245 E1777.38713
G0 F15000 X111.91 Y163.245
G0 X111.91 Y154.963
G0 X111.681 Y154.963
G1 F2096.8 X112.319 Y154.792 E1777.4091
G0 F15000 X112.09 Y154.792
G0 X112.09 Y150.848
G0 X112.32 Y150.848
G1 F2096.8 X111.68 Y150.208 E1777.4392
G0 F15000 X111.91 Y150.208
G0 X111.91 Y146.681
G0 X111.68 Y146.681
G1 F2096.8 X112.32 Y146.51 E1777.46123
G0 F15000 X112.09 Y146.51
G0 X112.09 Y139.534
G0 X112.32 Y139.534
G1 F2096.8 X111.77 Y138.983 E1777.48713
G0 F15000 X112 Y138.5
;TYPE:SKIN
G1 F1747.3 X112 Y138.902 E1777.50317
G1 F2400 E1777.00317
;MESH:NONMESH
G0 F300 X112 Y138.902 Z15.8
G0 F15000 X112 Y139.203
G0 X111.424 Y167.636
G0 X110.335 Y167.636
G0 X109.796 Y167.901
G0 X108.999 Y168.424
G0 X108.743 Y168.731
G0 X108.536 Y169.268
G0 X108.537 Y170.776
G0 X108.791 Y171.334
G0 X109.18 Y171.725
G0 X109.84 Y172.109
G0 X110.355 Y171.8
G0 X110 Y171.03
;TIME_ELAPSED:2465.687403
;LAYER:78
;note -- min layer time used
;TYPE:SUPPORT
G1 F2400 E1777.50317
G1 F2080.4 X110 Y168.986 E1777.57116
G1 X109.843 Y168.901 E1777.57709
G1 X109.582 Y169.074 E1777.58751
G1 X109.498 Y169.174 E1777.59185
G1 X109.4 Y169.429 E1777.60094
G1 X109.401 Y170.59 E1777.63955
G1 X109.513 Y170.837 E1777.64857
G1 X109.712 Y171.036 E1777.65793
G1 X109.848 Y171.117 E1777.6632
G1 X110.082 Y170.983 E1777.67217
G1 X112 Y170.983 E1777.73596
G1 X112 Y169.016 E1777.80138
G1 X113.914 Y169.016 E1777.86504
G1 X114.154 Y168.883 E1777.87417
G1 X114.29 Y168.966 E1777.87947
G1 X114.487 Y169.163 E1777.88874
G1 X114.599 Y169.41 E1777.89776
G1 X114.6 Y170.571 E1777.93637
G1 X114.502 Y170.826 E1777.94546
G1 X114.418 Y170.926 E1777.9498
G1 X114.157 Y171.098 E1777.9602
G1 X114 Y171.013 E1777.96614
G1 X114 Y168.968 E1778.03415
G1 F2400 E1777.53415
G0 F15000 X114.641 Y168.191
G0 X122.796 Y167.901
G0 X123.347 Y168.163
G0 X124 Y169.016
G1 F2400 E1778.03415
G1 F2080.4 X124 Y170.983 E1778.09958
G1 X123.082 Y170.983 E1778.13011
G1 X122.848 Y171.117 E1778.13908
G1 X122.712 Y171.036 E1778.14434
G1 X122.513 Y170.837 E1778.1537
G1 X122.401 Y170.59 E1778.16272
G1 X122.4 Y169.429 E1778.20134
G1 X122.498 Y169.174 E1778.21042
G1 X122.582 Y169.074 E1778.21477
G1 X122.843 Y168.901 E1778.22518
G1 X123.057 Y169.016 E1778.23326
G1 X126.919 Y169.016 E1778.36171
G1 X127.151 Y168.883 E1778.37061
G1 X127.288 Y168.964 E1778.3759
G1 X127.487 Y169.163 E1778.38526
G1 X127.599 Y169.41 E1778.39428
G1 X127.6 Y170.571 E1778.4329
G1 X127.502 Y170.826 E1778.44198
G1 X127.418 Y170.926 E1778.44633
G1 X127.157 Y171.098 E1778.45672
G1 X126.943 Y170.983 E1778.4648
G1 X126 Y170.983 E1778.49617
G1 X126 Y169.016 E1778.56159
G1 F2400 E1778.06159
;MESH:Limiter bracketV2.stl
G0 F15000 X125.576 Y167.592
G0 X125.12 Y167.106
G0 X125.4 Y167.416
;TYPE:WALL-INNER
G1 F2400 E1778.56159
G1 F2080.4 X125.4 Y138.3 E1779.52999
G1 X124.6 Y138.3 E1779.5566
G1 X124.6 Y167.416 E1780.525
G1 X125.4 Y167.416 E1780.55161
G0 F15000 X125.8 Y167.816
;TYPE:WALL-OUTER
G1 F2080.4 X125.8 Y137.9 E1781.54662
G1 X124.2 Y137.9 E1781.59984
G1 X124.2 Y167.816 E1782.59485
G1 X125.8 Y167.816 E1782.64806
G0 F15000 X125.52 Y167.536
G0 X125.091 Y163.645
G0 X125.32 Y163.646
;TYPE:FILL
G1 F2080.4 X124.68 Y163.006 E1782.67817
G0 F15000 X124.91 Y163.006
G0 X124.91 Y159.909
G0 X124.681 Y159.909
G1 F2080.4 X125.319 Y159.738 E1782.70014
G0 F15000 X125.091 Y159.737
G0 X125.091 Y152.332
G0 X125.32 Y152.333
G1 F2080.4 X124.68 Y151.693 E1782.73024
G1 X124.68 Y151.627
G1 X125.32 Y151.456 E1782.75227
G0 F15000 X125.091 Y151.455
G0 X124.91 Y145.589
G0 X124.68 Y145.589
G1 F2080.4 X125.32 Y143.201 E1782.8345
G1 X125.32 Y143.173
G1 X124.68 Y143.345 E1782.85654
G0 F15000 X124.91 Y143.345
G0 X125.091 Y141.018
G0 X125.32 Y141.019
G1 F2080.4 X124.68 Y140.379 E1782.88665
G0 F15000 X124.91 Y140.379
G0 X125.001 Y139.403
G0 X125 Y138.7
;TYPE:SKIN
G1 F1733.7 X125 Y139.102 E1782.90269
G1 F2400 E1782.40269
G0 F15000 X125 Y139.403
G0 X125.09 Y167.586
G0 X126.666 Y167.586
G0 X127.82 Y168.275
G0 X128.209 Y168.666
G0 X128.463 Y169.224
G0 X128.464 Y170.732
G0 X128.257 Y171.269
G0 X128.05 Y171.517
G0 X126.665 Y172.413
G0 X125.09 Y172.413
G0 X125.09 Y174.12
G0 X125.4 Y174.4
;TYPE:WALL-INNER
G1 F2400 E1782.90269
G1 F2080.4 X125.4 Y172.58 E1782.96322
G1 X124.6 Y172.58 E1782.98983
G1 X124.6 Y174.4 E1783.05037
G1 X125.4 Y174.4 E1783.07697
G0 F15000 X125.8 Y174.8
;TYPE:WALL-OUTER
G1 F2080.4 X125.8 Y172.18 E1783.16412
G1 X124.2 Y172.18 E1783.21733
G1 X124.2 Y174.8 E1783.30447
G1 X125.8 Y174.8 E1783.35769
G0 F15000 X125.264 Y174.32
;TYPE:FILL
G1 F2080.4 X125.32 Y174.112 E1783.36485
G1 F2400 E1782.86485
G0 F15000 X125.09 Y174.09
G0 X124.43 Y174.12
G0 X123.335 Y174.12
G0 X113.665 Y174.12
G0 X112.57 Y174.12
G0 X112.09 Y174.12
G0 X112.4 Y174.4
;TYPE:WALL-INNER
G1 F2400 E1783.36485
G1 F2080.4 X112.4 Y172.58 E1783.42539
G1 X111.6 Y172.58 E1783.452
G1 X111.6 Y174.4 E1783.51253
G1 X112.4 Y174.4 E1783.53914
G0 F15000 X112.8 Y174.8
;TYPE:WALL-OUTER
G1 F2080.4 X112.8 Y172.18 E1783.62628
G1 X111.2 Y172.18 E1783.67949
G1 X111.2 Y174.8 E1783.76664
G1 X112.8 Y174.8 E1783.81985
G0 F15000 X112.52 Y174.52
G0 X112.09 Y173.274
G0 X112.32 Y173.274
;TYPE:FILL
G1 F2080.4 X111.706 Y172.66 E1783.84873
G1 F2400 E1783.34873
G0 F15000 X111.91 Y172.863
G0 X112.09 Y172.413
G0 X113.665 Y172.413
G0 X115.002 Y171.576
G0 X115.257 Y171.269
G0 X115.464 Y170.732
G0 X115.463 Y169.224
G0 X115.209 Y168.666
G0 X114.266 Y167.834
G0 X113.665 Y167.606
G0 X112.086 Y167.606
G0 X112.09 Y167.136
G0 X112.4 Y167.416
;TYPE:WALL-INNER
G1 F2400 E1783.84873
G1 F2080.4 X112.4 Y138.3 E1784.81714
G1 X111.6 Y138.3 E1784.84374
G1 X111.6 Y167.416 E1785.81215
G1 X112.4 Y167.416 E1785.83875
G0 F15000 X112.8 Y167.816
;TYPE:WALL-OUTER
G1 F2080.4 X112.8 Y137.9 E1786.83376
G1 X111.2 Y137.9 E1786.88698
G1 X111.2 Y167.816 E1787.88199
G1 X112.8 Y167.816 E1787.93521
G0 F15000 X112.52 Y167.536
G0 X111.91 Y163.392
G0 X111.68 Y163.392
;TYPE:FILL
G1 F2080.4 X112.32 Y163.221 E1787.95724
G0 F15000 X111.68 Y163.197
G1 F2080.4 X112.32 Y160.807 E1788.03953
G0 F15000 X111.68 Y161.32
G1 F2080.4 X112.32 Y161.961 E1788.06966
G0 F15000 X112.09 Y161.961
G0 X111.91 Y155.11
G0 X111.68 Y155.11
G1 F2080.4 X112.319 Y154.939 E1788.09166
G0 F15000 X112.09 Y154.939
G0 X112.09 Y150.647
G0 X112.32 Y150.647
G1 F2080.4 X111.68 Y150.006 E1788.12179
G0 F15000 X111.91 Y150.006
G0 X111.91 Y146.828
G0 X111.68 Y146.828
G1 F2080.4 X112.32 Y146.657 E1788.14382
G0 F15000 X112.09 Y146.657
G0 X112.09 Y139.333
G0 X112.32 Y139.333
G1 F2080.4 X112.17 Y139.183 E1788.15088
G0 F15000 X112 Y138.7
;TYPE:SKIN
G1 F1733.7 X112 Y139.102 E1788.16692
G1 F2400 E1787.66692
;MESH:NONMESH
G0 F300 X112 Y139.102 Z16
G0 F15000 X112 Y139.403
G0 X111.424 Y167.593
G0 X110.335 Y167.593
G0 X108.999 Y168.424
G0 X108.743 Y168.731
G0 X108.536 Y169.268
G0 X108.537 Y170.776
G0 X108.791 Y171.334
G0 X109.18 Y171.725
G0 X109.842 Y172.111
G0 X110.311 Y171.846
G0 X110 Y171.031
;TIME_ELAPSED:2484.518085
;LAYER:79
;note -- min layer time used
;TYPE:SUPPORT
G1 F2400 E1788.16692
G1 F2072.1 X110 Y168.986 E1788.23494
G1 X109.842 Y168.901 E1788.24091
G1 X109.582 Y169.074 E1788.25129
G1 X109.498 Y169.174 E1788.25564
G1 X109.4 Y169.429 E1788.26472
G1 X109.401 Y170.59 E1788.30334
G1 X109.513 Y170.837 E1788.31236
G1 X109.712 Y171.036 E1788.32172
G1 X109.849 Y171.117 E1788.32701
G1 X110.049 Y171.002 E1788.33468
G1 X112 Y171.002 E1788.39958
G1 X112 Y168.997 E1788.46626
G1 X113.949 Y168.997 E1788.53109
G1 X114.152 Y168.883 E1788.53883
G1 X114.29 Y168.966 E1788.54419
G1 X114.487 Y169.163 E1788.55345
G1 X114.599 Y169.41 E1788.56247
G1 X114.6 Y170.571 E1788.60109
G1 X114.502 Y170.826 E1788.61017
G1 X114.418 Y170.926 E1788.61452
G1 X114.157 Y171.098 E1788.62491
G1 X114 Y171.013 E1788.63085
G1 X114 Y168.968 E1788.69887
G1 F2400 E1788.19887
G0 F15000 X114.712 Y168.211
G0 X122.796 Y167.901
G0 X123.347 Y168.144
G0 X124 Y168.997
G1 F2400 E1788.69887
G1 F2072.1 X124 Y171.002 E1788.76555
G1 X123.049 Y171.002 E1788.79719
G1 X122.849 Y171.117 E1788.80486
G1 X122.712 Y171.036 E1788.81015
G1 X122.513 Y170.837 E1788.81951
G1 X122.401 Y170.59 E1788.82853
G1 X122.4 Y169.429 E1788.86715
G1 X122.498 Y169.174 E1788.87623
G1 X122.582 Y169.074 E1788.88058
G1 X122.842 Y168.901 E1788.89096
G1 X123.021 Y168.997 E1788.89772
G1 X126.953 Y168.997 E1789.0285
G1 X127.152 Y168.883 E1789.03613
G1 X127.288 Y168.964 E1789.04139
G1 X127.487 Y169.163 E1789.05075
G1 X127.599 Y169.41 E1789.05977
G1 X127.6 Y170.571 E1789.09839
G1 X127.502 Y170.826 E1789.10747
G1 X127.418 Y170.926 E1789.11182
G1 X127.157 Y171.098 E1789.12221
G1 X126.978 Y171.002 E1789.12897
G1 X126 Y171.002 E1789.1615
G1 X126 Y168.997 E1789.22818
G1 F2400 E1788.72818
;MESH:Limiter bracketV2.stl
G0 F15000 X125.576 Y167.573
G0 X125.12 Y167.087
G0 X125.4 Y167.396
;TYPE:WALL-INNER
G1 F2400 E1789.22818
G1 F2072.1 X125.4 Y138.5 E1790.18927
G1 X124.6 Y138.5 E1790.21588
G1 X124.6 Y167.396 E1791.17696
G1 X125.4 Y167.396 E1791.20357
G0 F15000 X125.8 Y167.796
;TYPE:WALL-OUTER
G1 F2072.1 X125.8 Y138.1 E1792.19126
G1 X124.2 Y138.1 E1792.24448
G1 X124.2 Y167.796 E1793.23217
G1 X125.8 Y167.796 E1793.28539
G0 F15000 X125.52 Y167.517
G0 X125.091 Y163.447
G0 X125.321 Y163.448
;TYPE:FILL
G1 F2072.1 X124.68 Y162.807 E1793.31554
G0 F15000 X124.91 Y162.807
G0 X124.91 Y160.055
G0 X124.681 Y160.055
G1 F2072.1 X125.319 Y159.884 E1793.33751
G0 F15000 X125.091 Y159.883
G0 X125.091 Y152.133
G0 X125.321 Y152.134
G1 F2072.1 X124.68 Y151.493 E1793.36766
G0 F15000 X124.68 Y151.773
G1 F2072.1 X125.32 Y151.602 E1793.38969
G0 F15000 X125.091 Y151.601
G0 X124.91 Y145.043
G0 X124.681 Y145.043
G1 F2072.1 X125.32 Y142.655 E1793.47191
G0 F15000 X125.319 Y143.32
G1 F2072.1 X124.68 Y143.491 E1793.49391
G0 F15000 X124.91 Y143.491
G0 X125.091 Y140.819
G0 X125.321 Y140.82
G1 F2072.1 X124.68 Y140.18 E1793.52404
G0 F15000 X124.91 Y140.18
G0 X125.001 Y139.603
G0 X125 Y138.9
;TYPE:SKIN
G1 F1726.8 X125 Y139.302 E1793.54008
G1 F2400 E1793.04008
G0 F15000 X125 Y139.603
G0 X125.09 Y167.567
G0 X126.666 Y167.567
G0 X127.82 Y168.275
G0 X128.209 Y168.666
G0 X128.463 Y169.224
G0 X128.464 Y170.732
G0 X128.257 Y171.269
G0 X128.05 Y171.517
G0 X126.665 Y172.432
G0 X125.09 Y172.432
G0 X125.09 Y174.12
G0 X125.4 Y174.4
;TYPE:WALL-INNER
G1 F2400 E1793.54008
G1 F2072.1 X125.4 Y172.6 E1793.59995
G1 X124.6 Y172.6 E1793.62656
G1 X124.6 Y174.4 E1793.68643
G1 X125.4 Y174.4 E1793.71304
G0 F15000 X125.8 Y174.8
;TYPE:WALL-OUTER
G1 F2072.1 X125.8 Y172.2 E1793.79951
G1 X124.2 Y172.2 E1793.85273
G1 X124.2 Y174.8 E1793.93921
G1 X125.8 Y174.8 E1793.99242
G0 F15000 X125.118 Y174.321
;TYPE:FILL
G1 F2072.1 X125.32 Y173.566 E1794.01842
G0 F15000 X124.68 Y174.121
G1 F2072.1 X124.879 Y174.319 E1794.02775
G1 F2400 E1793.52775
G0 F15000 X124.91 Y174.09
G0 X124.43 Y174.12
G0 X123.335 Y174.12
G0 X113.665 Y174.12
G0 X112.57 Y174.12
G0 X112.09 Y174.12
G0 X112.4 Y174.4
;TYPE:WALL-INNER
G1 F2400 E1794.02775
G1 F2072.1 X112.4 Y172.6 E1794.08762
G1 X111.6 Y172.6 E1794.11423
G1 X111.6 Y174.4 E1794.1741
G1 X112.4 Y174.4 E1794.20071
G0 F15000 X112.8 Y174.8
;TYPE:WALL-OUTER
G1 F2072.1 X112.8 Y172.2 E1794.28718
G1 X111.2 Y172.2 E1794.3404
G1 X111.2 Y174.8 E1794.42688
G1 X112.8 Y174.8 E1794.48009
G0 F15000 X112.52 Y174.52
G0 X112.09 Y173.074
G0 X112.32 Y173.074
;TYPE:FILL
G1 F2072.1 X111.926 Y172.68 E1794.49862
G1 F2400 E1793.99862
G0 F15000 X111.926 Y172.912
G0 X112.09 Y172.432
G0 X113.665 Y172.432
G0 X115.002 Y171.576
G0 X115.257 Y171.269
G0 X115.464 Y170.732
G0 X115.463 Y169.224
G0 X115.209 Y168.666
G0 X114.36 Y167.917
G0 X113.665 Y167.567
G0 X112.09 Y167.567
G0 X112.09 Y167.117
G0 X112.4 Y167.396
;TYPE:WALL-INNER
G1 F2400 E1794.49862
G1 F2072.1 X112.4 Y138.5 E1795.45971
G1 X111.6 Y138.5 E1795.48632
G1 X111.6 Y167.396 E1796.4474
G1 X112.4 Y167.396 E1796.47401
G0 F15000 X112.8 Y167.796
;TYPE:WALL-OUTER
G1 F2072.1 X112.8 Y138.1 E1797.4617
G1 X111.2 Y138.1 E1797.51492
G1 X111.2 Y167.796 E1798.50261
G1 X112.8 Y167.796 E1798.55583
G0 F15000 X112.52 Y167.517
G0 X111.91 Y163.538
G0 X111.68 Y163.538
;TYPE:FILL
G1 F2072.1 X112.319 Y163.367 E1798.57783
G0 F15000 X111.68 Y162.652
G1 F2072.1 X112.32 Y160.264 E1798.66006
G0 F15000 X112.09 Y160.264
G0 X111.91 Y161.121
G0 X111.68 Y161.121
G1 F2072.1 X112.32 Y161.761 E1798.69016
G0 F15000 X112.09 Y161.761
G0 X111.91 Y155.256
G0 X111.681 Y155.256
G1 F2072.1 X112.319 Y155.085 E1798.71213
G0 F15000 X112.09 Y155.085
G0 X112.09 Y150.448
G0 X112.32 Y150.448
G1 F2072.1 X111.68 Y149.807 E1798.74226
G0 F15000 X111.91 Y149.807
G0 X111.91 Y146.974
G0 X111.681 Y146.974
G1 F2072.1 X112.32 Y146.803 E1798.76426
G0 F15000 X112.09 Y146.803
G0 X112.001 Y139.603
G0 X112 Y138.9
;TYPE:SKIN
G1 F1726.8 X112 Y139.302 E1798.7803
G1 F2400 E1798.2803
;MESH:NONMESH
G0 F300 X112 Y139.302 Z16.2
G0 F15000 X112 Y139.603
G0 X111.424 Y167.573
G0 X110.335 Y167.573
G0 X108.999 Y168.424
G0 X108.743 Y168.731
G0 X108.536 Y169.268
G0 X108.537 Y170.776
G0 X108.791 Y171.334
G0 X109.18 Y171.725
G0 X109.842 Y172.111
G0 X110.278 Y171.865
G0 X110 Y171.031
;TIME_ELAPSED:2503.538018
;LAYER:80
;note -- min layer time used
;TYPE:SUPPORT
G1 F2400 E1798.7803
G1 F2068 X110 Y168.986 E1798.84832
G1 X109.842 Y168.901 E1798.85429
G1 X109.582 Y169.074 E1798.86468
G1 X109.498 Y169.174 E1798.86902
G1 X109.4 Y169.429 E1798.8781
G1 X109.401 Y170.59 E1798.91672
G1 X109.513 Y170.837 E1798.92574
G1 X109.712 Y171.036 E1798.9351
G1 X109.849 Y171.117 E1798.94039
G1 X110.049 Y171.002 E1798.94807
G1 X112 Y171.002 E1799.01296
G1 X112 Y168.997 E1799.07964
G1 X113.952 Y168.997 E1799.14457
G1 X114.152 Y168.884 E1799.15221
G1 X114.292 Y168.968 E1799.15764
G1 X114.487 Y169.163 E1799.16681
G1 X114.599 Y169.41 E1799.17583
G1 X114.6 Y170.571 E1799.21445
G1 X114.502 Y170.826 E1799.22353
G1 X114.418 Y170.926 E1799.22788
G1 X114.157 Y171.098 E1799.23827
G1 X114 Y171.013 E1799.24421
G1 X114 Y168.969 E1799.31219
G1 F2400 E1798.81219
G0 F15000 X114.823 Y168.279
G0 X122.796 Y167.901
G0 X123.347 Y168.144
G0 X124 Y168.997
G1 F2400 E1799.31219
G1 F2068 X124 Y171.002 E1799.37888
G1 X123.049 Y171.002 E1799.41051
G1 X122.849 Y171.117 E1799.41818
G1 X122.712 Y171.036 E1799.42348
G1 X122.513 Y170.837 E1799.43284
G1 X122.401 Y170.59 E1799.44186
G1 X122.4 Y169.429 E1799.48047
G1 X122.498 Y169.174 E1799.48956
G1 X122.582 Y169.074 E1799.4939
G1 X122.842 Y168.901 E1799.50429
G1 X123.021 Y168.997 E1799.51105
G1 X126.953 Y168.997 E1799.64183
G1 X127.152 Y168.883 E1799.64945
G1 X127.288 Y168.964 E1799.65472
G1 X127.487 Y169.163 E1799.66408
G1 X127.599 Y169.41 E1799.6731
G1 X127.6 Y170.571 E1799.71171
G1 X127.502 Y170.826 E1799.7208
G1 X127.418 Y170.926 E1799.72514
G1 X127.157 Y171.098 E1799.73554
G1 X126.978 Y171.002 E1799.7423
G1 X126 Y171.002 E1799.77482
G1 X126 Y168.997 E1799.84151
G1 F2400 E1799.34151
;MESH:Limiter bracketV2.stl
G0 F15000 X125.576 Y167.573
G0 X125.12 Y167.087
G0 X125.4 Y167.396
;TYPE:WALL-INNER
G1 F2400 E1799.84151
G1 F2068 X125.4 Y138.7 E1800.79594
G1 X124.6 Y138.7 E1800.82255
G1 X124.6 Y167.396 E1801.77698
G1 X125.4 Y167.396 E1801.80359
G0 F15000 X125.8 Y167.796
;TYPE:WALL-OUTER
G1 F2068 X125.8 Y138.3 E1802.78463
G1 X124.2 Y138.3 E1802.83785
G1 X124.2 Y167.796 E1803.81889
G1 X125.8 Y167.796 E1803.87211
G0 F15000 X125.52 Y167.517
G0 X125.091 Y163.245
G0 X125.32 Y163.246
;TYPE:FILL
G1 F2068 X124.68 Y162.606 E1803.90221
G0 F15000 X124.91 Y162.606
G0 X124.91 Y160.202
G0 X124.681 Y160.202
G1 F2068 X125.319 Y160.031 E1803.92418
G0 F15000 X125.091 Y160.03
G0 X125.091 Y151.931
G0 X125.32 Y151.932
G1 F2068 X124.68 Y151.293 E1803.95426
G0 F15000 X124.68 Y151.92
G1 F2068 X125.32 Y151.749 E1803.97629
G0 F15000 X125.091 Y151.748
G0 X124.91 Y144.497
G0 X124.68 Y144.497
G1 F2068 X125.32 Y142.109 E1804.05852
G0 F15000 X125.091 Y142.108
G0 X125.091 Y143.466
G0 X125.319 Y143.467
G1 F2068 X124.681 Y143.638 E1804.08049
G0 F15000 X124.91 Y143.638
G0 X125.091 Y140.618
G0 X125.32 Y140.619
G1 F2068 X124.68 Y139.979 E1804.11059
G0 F15000 X125 Y139.1
;TYPE:SKIN
G1 F1723.4 X125 Y139.502 E1804.12664
G1 F2400 E1803.62664
G0 F15000 X125 Y139.803
G0 X125.09 Y167.567
G0 X126.666 Y167.567
G0 X127.82 Y168.275
G0 X128.209 Y168.666
G0 X128.463 Y169.224
G0 X128.464 Y170.732
G0 X128.257 Y171.269
G0 X128.05 Y171.517
G0 X126.665 Y172.432
G0 X125.09 Y172.432
G0 X125.09 Y174.12
G0 X125.4 Y174.4
;TYPE:WALL-INNER
G1 F2400 E1804.12664
G1 F2068 X125.4 Y172.6 E1804.18651
G1 X124.6 Y172.6 E1804.21311
G1 X124.6 Y174.4 E1804.27298
G1 X125.4 Y174.4 E1804.29959
G0 F15000 X125.8 Y174.8
;TYPE:WALL-OUTER
G1 F2068 X125.8 Y172.2 E1804.38607
G1 X124.2 Y172.2 E1804.43928
G1 X124.2 Y174.8 E1804.52576
G1 X125.8 Y174.8 E1804.57898
G0 F15000 X125.079 Y174.319
;TYPE:FILL
G1 F2068 X124.68 Y173.92 E1804.59774
G0 F15000 X124.971 Y174.321
G1 F2068 X125.32 Y173.018 E1804.64261
G1 F2400 E1804.14261
G0 F15000 X125.09 Y173.018
G0 X124.43 Y174.12
G0 X123.335 Y174.12
G0 X113.665 Y174.12
G0 X112.57 Y174.12
G0 X112.09 Y174.12
G0 X112.4 Y174.4
;TYPE:WALL-INNER
G1 F2400 E1804.64261
G1 F2068 X112.4 Y172.6 E1804.70248
G1 X111.6 Y172.6 E1804.72909
G1 X111.6 Y174.4 E1804.78895
G1 X112.4 Y174.4 E1804.81556
G0 F15000 X112.8 Y174.8
;TYPE:WALL-OUTER
G1 F2068 X112.8 Y172.2 E1804.90204
G1 X111.2 Y172.2 E1804.95525
G1 X111.2 Y174.8 E1805.04173
G1 X112.8 Y174.8 E1805.09495
G0 F15000 X112.52 Y174.52
G0 X112.09 Y172.912
G0 X112.32 Y172.873
;TYPE:FILL
G1 F2068 X112.127 Y172.68 E1805.10403
G1 F2400 E1804.60403
G0 F15000 X112.09 Y172.912
G0 X112.09 Y172.432
G0 X113.665 Y172.432
G0 X115.002 Y171.576
G0 X115.257 Y171.269
G0 X115.464 Y170.732
G0 X115.463 Y169.224
G0 X115.209 Y168.666
G0 X114.897 Y168.353
G0 X113.665 Y167.567
G0 X112.09 Y167.567
G0 X112.09 Y167.117
G0 X112.4 Y167.396
;TYPE:WALL-INNER
G1 F2400 E1805.10403
G1 F2068 X112.4 Y138.7 E1806.05846
G1 X111.6 Y138.7 E1806.08507
G1 X111.6 Y167.396 E1807.0395
G1 X112.4 Y167.396 E1807.06611
G0 F15000 X112.8 Y167.796
;TYPE:WALL-OUTER
G1 F2068 X112.8 Y138.3 E1808.04715
G1 X111.2 Y138.3 E1808.10036
G1 X111.2 Y167.796 E1809.08141
G1 X112.8 Y167.796 E1809.13462
G0 F15000 X112.52 Y167.517
G0 X111.91 Y163.685
G0 X111.68 Y163.685
;TYPE:FILL
G1 F2068 X112.319 Y163.514 E1809.15662
G0 F15000 X112.09 Y163.514
G0 X111.91 Y162.103
G0 X111.68 Y162.103
G1 F2068 X112.32 Y159.716 E1809.23882
G0 F15000 X112.09 Y159.716
G0 X111.91 Y160.92
G0 X111.68 Y160.92
G1 F2068 X112.32 Y161.56 E1809.26892
G0 F15000 X112.09 Y161.56
G0 X111.91 Y155.403
G0 X111.681 Y155.403
G1 F2068 X112.319 Y155.232 E1809.29089
G0 F15000 X112.09 Y155.232
G0 X112.09 Y150.247
G0 X112.32 Y150.247
G1 F2068 X111.68 Y149.606 E1809.32102
G0 F15000 X111.91 Y149.606
G0 X111.91 Y147.121
G0 X111.681 Y147.121
G1 F2068 X112.32 Y146.95 E1809.34302
G0 F15000 X112.09 Y146.95
G0 X112.001 Y139.803
G0 X112 Y139.1
;TYPE:SKIN
G1 F1723.4 X112 Y139.502 E1809.35906
G1 F2400 E1808.85906
;MESH:NONMESH
G0 F300 X112 Y139.502 Z16.4
G0 F15000 X112 Y139.803
G0 X111.424 Y167.573
G0 X110.335 Y167.573
G0 X108.999 Y168.424
G0 X108.743 Y168.731
G0 X108.536 Y169.268
G0 X108.537 Y170.776
G0 X108.791 Y171.334
G0 X109.18 Y171.725
G0 X109.842 Y172.111
G0 X110.278 Y171.865
G0 X110 Y171.03
;TIME_ELAPSED:2522.736110
;LAYER:81
;note -- min layer time used
;TYPE:SUPPORT
G1 F2400 E1809.35906
G1 F2065.6 X110 Y168.986 E1809.42705
G1 X109.843 Y168.901 E1809.43299
G1 X109.582 Y169.074 E1809.4434
G1 X109.498 Y169.174 E1809.44774
G1 X109.4 Y169.429 E1809.45683
G1 X109.401 Y170.59 E1809.49545
G1 X109.513 Y170.837 E1809.50447
G1 X109.712 Y171.036 E1809.51383
G1 X109.848 Y171.117 E1809.51909
G1 X110.082 Y170.983 E1809.52806
G1 X112 Y170.983 E1809.59185
G1 X112 Y169.016 E1809.65728
G1 X113.919 Y169.016 E1809.7211
G1 X114.151 Y168.883 E1809.73
G1 X114.288 Y168.964 E1809.73529
G1 X114.487 Y169.163 E1809.74465
G1 X114.599 Y169.41 E1809.75367
G1 X114.6 Y170.571 E1809.79229
G1 X114.502 Y170.826 E1809.80137
G1 X114.418 Y170.926 E1809.80572
G1 X114.157 Y171.098 E1809.81611
G1 X114 Y171.013 E1809.82205
G1 X114 Y168.969 E1809.89003
G1 F2400 E1809.39003
G0 F15000 X114.82 Y168.275
G0 X122.796 Y167.901
G0 X123.347 Y168.163
G0 X124 Y169.016
G1 F2400 E1809.89003
G1 F2065.6 X124 Y170.983 E1809.95546
G1 X123.082 Y170.983 E1809.98599
G1 X122.848 Y171.117 E1809.99496
G1 X122.712 Y171.036 E1810.00022
G1 X122.513 Y170.837 E1810.00958
G1 X122.401 Y170.59 E1810.0186
G1 X122.4 Y169.429 E1810.05722
G1 X122.498 Y169.174 E1810.0663
G1 X122.582 Y169.074 E1810.07065
G1 X122.843 Y168.901 E1810.08106
G1 X123.057 Y169.016 E1810.08914
G1 X126.919 Y169.016 E1810.21759
G1 X127.151 Y168.883 E1810.22649
G1 X127.288 Y168.964 E1810.23178
G1 X127.487 Y169.163 E1810.24114
G1 X127.599 Y169.41 E1810.25016
G1 X127.6 Y170.571 E1810.28878
G1 X127.502 Y170.826 E1810.29786
G1 X127.418 Y170.926 E1810.30221
G1 X127.157 Y171.098 E1810.3126
G1 X126.943 Y170.983 E1810.32068
G1 X126 Y170.983 E1810.35205
G1 X126 Y169.016 E1810.41747
G1 F2400 E1809.91747
;MESH:Limiter bracketV2.stl
G0 F15000 X125.576 Y167.592
G0 X125.12 Y167.106
G0 X125.4 Y167.416
;TYPE:WALL-INNER
G1 F2400 E1810.41747
G1 F2065.6 X125.4 Y138.9 E1811.36592
G1 X124.6 Y138.9 E1811.39252
G1 X124.6 Y167.416 E1812.34097
G1 X125.4 Y167.416 E1812.36758
G0 F15000 X125.8 Y167.816
;TYPE:WALL-OUTER
G1 F2065.6 X125.8 Y138.5 E1813.34263
G1 X124.2 Y138.5 E1813.39585
G1 X124.2 Y167.816 E1814.3709
G1 X125.8 Y167.816 E1814.42412
G0 F15000 X125.52 Y167.536
G0 X125.091 Y163.046
G0 X125.32 Y163.047
;TYPE:FILL
G1 F2065.6 X124.68 Y162.407 E1814.45422
G0 F15000 X124.91 Y162.407
G0 X124.91 Y160.348
G0 X124.681 Y160.348
G1 F2065.6 X125.32 Y160.177 E1814.47622
G0 F15000 X125.091 Y160.176
G0 X124.91 Y152.066
G0 X124.681 Y152.066
G1 F2065.6 X125.319 Y151.895 E1814.49819
G1 X125.32 Y151.733
G1 X124.68 Y151.093 E1814.5283
G0 F15000 X124.91 Y151.093
G0 X124.91 Y143.952
G0 X124.68 Y143.952
G1 F2065.6 X125.32 Y141.564 E1814.61053
G0 F15000 X125.091 Y141.563
G0 X125.091 Y140.418
G0 X125.32 Y140.419
G1 F2065.6 X124.683 Y139.783 E1814.64046
G0 F15000 X124.88 Y139.973
G0 X125.091 Y143.611
G0 X125.32 Y143.612
G1 F2065.6 X124.68 Y143.784 E1814.66251
G0 F15000 X124.91 Y143.784
G0 X125.001 Y140.003
G0 X125 Y139.3
;TYPE:SKIN
G1 F1721.3 X125 Y139.702 E1814.67855
G1 F2400 E1814.17855
G0 F15000 X125 Y140.003
G0 X125.09 Y167.586
G0 X126.666 Y167.586
G0 X127.262 Y167.833
G0 X128.209 Y168.666
G0 X128.463 Y169.224
G0 X128.464 Y170.732
G0 X128.257 Y171.269
G0 X128.05 Y171.517
G0 X126.665 Y172.413
G0 X125.09 Y172.413
G0 X125.09 Y174.12
G0 X125.4 Y174.4
;TYPE:WALL-INNER
G1 F2400 E1814.67855
G1 F2065.6 X125.4 Y172.58 E1814.73908
G1 X124.6 Y172.58 E1814.76569
G1 X124.6 Y174.4 E1814.82623
G1 X125.4 Y174.4 E1814.85283
G0 F15000 X125.8 Y174.8
;TYPE:WALL-OUTER
G1 F2065.6 X125.8 Y172.18 E1814.93998
G1 X124.2 Y172.18 E1814.99319
G1 X124.2 Y174.8 E1815.08033
G1 X125.8 Y174.8 E1815.13355
G0 F15000 X125.279 Y174.319
;TYPE:FILL
G1 F2065.6 X124.68 Y173.721 E1815.1617
G0 F15000 X124.825 Y174.321
G1 F2065.6 X125.27 Y172.66 E1815.21889
G1 F2400 E1814.71889
G0 F15000 X125.12 Y172.893
G0 X124.43 Y174.12
G0 X123.335 Y174.12
G0 X113.665 Y174.12
G0 X112.57 Y174.12
G0 X112.09 Y174.12
G0 X112.4 Y174.4
;TYPE:WALL-INNER
G1 F2400 E1815.21889
G1 F2065.6 X112.4 Y172.58 E1815.27943
G1 X111.6 Y172.58 E1815.30604
G1 X111.6 Y174.4 E1815.36657
G1 X112.4 Y174.4 E1815.39318
G0 F15000 X112.8 Y174.8
;TYPE:WALL-OUTER
G1 F2065.6 X112.8 Y172.18 E1815.48032
G1 X111.2 Y172.18 E1815.53354
G1 X111.2 Y174.8 E1815.62068
G1 X112.8 Y174.8 E1815.67389
G1 F2400 E1815.17389
G0 F15000 X112.52 Y174.52
G0 X112.094 Y172.393
G0 X113.665 Y172.393
G0 X115.002 Y171.576
G0 X115.257 Y171.269
G0 X115.464 Y170.732
G0 X115.463 Y169.224
G0 X115.209 Y168.666
G0 X114.357 Y167.916
G0 X113.665 Y167.586
G0 X112.094 Y167.586
G0 X112.09 Y167.136
G0 X112.4 Y167.416
;TYPE:WALL-INNER
G1 F2400 E1815.67389
G1 F2065.6 X112.4 Y138.9 E1816.62234
G1 X111.6 Y138.9 E1816.64895
G1 X111.6 Y167.416 E1817.59739
G1 X112.4 Y167.416 E1817.624
G0 F15000 X112.8 Y167.816
;TYPE:WALL-OUTER
G1 F2065.6 X112.8 Y138.5 E1818.59906
G1 X111.2 Y138.5 E1818.65227
G1 X111.2 Y167.816 E1819.62733
G1 X112.8 Y167.816 E1819.68054
G0 F15000 X112.52 Y167.536
G0 X111.91 Y163.831
G0 X111.68 Y163.831
;TYPE:FILL
G1 F2065.6 X112.32 Y163.66 E1819.70258
G0 F15000 X112.09 Y163.66
G0 X111.91 Y161.559
G0 X111.68 Y161.559
G1 F2065.6 X112.32 Y159.169 E1819.78487
G0 F15000 X112.09 Y159.169
G0 X111.91 Y160.72
G0 X111.68 Y160.72
G1 F2065.6 X112.32 Y161.361 E1819.81499
G0 F15000 X112.09 Y161.361
G0 X111.91 Y155.549
G0 X111.681 Y155.549
G1 F2065.6 X112.32 Y155.378 E1819.837
G0 F15000 X112.09 Y155.378
G0 X112.09 Y150.047
G0 X112.32 Y150.047
G1 F2065.6 X111.68 Y149.407 E1819.8671
G0 F15000 X111.91 Y149.407
G0 X111.91 Y147.267
G0 X111.681 Y147.267
G1 F2065.6 X112.32 Y147.096 E1819.8891
G0 F15000 X112.09 Y147.096
G0 X112.001 Y140.003
G0 X112 Y139.3
;TYPE:SKIN
G1 F1721.3 X112 Y139.702 E1819.90515
G1 F2400 E1819.40515
;MESH:NONMESH
G0 F300 X112 Y139.702 Z16.6
G0 F15000 X112 Y140.003
G0 X111.424 Y167.592
G0 X110.335 Y167.592
G0 X108.999 Y168.424
G0 X108.743 Y168.731
G0 X108.536 Y169.268
G0 X108.537 Y170.776
G0 X108.791 Y171.334
G0 X109.738 Y172.167
G0 X110.311 Y171.846
G0 X110 Y171.026
;TIME_ELAPSED:2541.906243
;LAYER:82
;note -- min layer time used
;TYPE:SUPPORT
G1 F2400 E1819.90515
G1 F2043 X110 Y168.986 E1819.973
G1 X109.842 Y168.901 E1819.97896
G1 X109.582 Y169.074 E1819.98935
G1 X109.498 Y169.174 E1819.99369
G1 X109.4 Y169.429 E1820.00278
G1 X109.401 Y170.59 E1820.0414
G1 X109.513 Y170.837 E1820.05042
G1 X109.71 Y171.034 E1820.05968
G1 X109.847 Y171.115 E1820.06498
G1 X110.146 Y170.941 E1820.07648
G1 X112 Y170.941 E1820.13815
G1 X112 Y169.059 E1820.20074
G1 X113.854 Y169.059 E1820.26241
G1 X114.153 Y168.884 E1820.27393
G1 X114.288 Y168.964 E1820.27915
G1 X114.487 Y169.163 E1820.28851
G1 X114.599 Y169.41 E1820.29753
G1 X114.6 Y170.571 E1820.33614
G1 X114.502 Y170.826 E1820.34523
G1 X114.418 Y170.926 E1820.34957
G1 X114.157 Y171.098 E1820.35997
G1 X114 Y171.013 E1820.36591
G1 X114 Y168.973 E1820.43376
G1 F2400 E1819.93376
G0 F15000 X114.733 Y168.223
G0 X122.796 Y167.901
G0 X123.347 Y168.206
G0 X124 Y169.059
G1 F2400 E1820.43376
G1 F2043 X124 Y170.941 E1820.49635
G1 X123.146 Y170.941 E1820.52476
G1 X122.847 Y171.115 E1820.53626
G1 X122.71 Y171.034 E1820.54156
G1 X122.513 Y170.837 E1820.55082
G1 X122.401 Y170.59 E1820.55984
G1 X122.4 Y169.429 E1820.59846
G1 X122.498 Y169.174 E1820.60755
G1 X122.582 Y169.074 E1820.61189
G1 X122.842 Y168.901 E1820.62228
G1 X123.137 Y169.059 E1820.63341
G1 X126.854 Y169.059 E1820.75703
G1 X127.153 Y168.885 E1820.76854
G1 X127.29 Y168.966 E1820.77383
G1 X127.487 Y169.163 E1820.7831
G1 X127.599 Y169.41 E1820.79212
G1 X127.6 Y170.571 E1820.83074
G1 X127.502 Y170.826 E1820.83982
G1 X127.418 Y170.926 E1820.84417
G1 X127.157 Y171.098 E1820.85456
G1 X126.865 Y170.941 E1820.86559
G1 X126 Y170.941 E1820.89436
G1 X126 Y169.059 E1820.95695
G1 F2400 E1820.45695
;MESH:Limiter bracketV2.stl
G0 F15000 X125.576 Y167.635
G0 X125.12 Y167.149
G0 X125.4 Y167.456
;TYPE:WALL-INNER
G1 F2400 E1820.95695
G1 F2043 X125.4 Y139.1 E1821.90008
G1 X124.6 Y139.1 E1821.92669
G1 X124.6 Y167.456 E1822.86981
G1 X125.4 Y167.456 E1822.89642
G0 F15000 X125.8 Y167.856
;TYPE:WALL-OUTER
G1 F2043 X125.8 Y138.7 E1823.86615
G1 X124.2 Y138.7 E1823.91937
G1 X124.2 Y167.856 E1824.8891
G1 X125.8 Y167.856 E1824.94232
G0 F15000 X125.52 Y167.579
G0 X125.091 Y162.846
G0 X125.32 Y162.847
;TYPE:FILL
G1 F2043 X124.68 Y162.207 E1824.97242
G0 F15000 X124.91 Y162.207
G0 X124.91 Y160.494
G0 X124.68 Y160.494
G1 F2043 X125.32 Y160.323 E1824.99445
G0 F15000 X125.091 Y160.322
G0 X124.91 Y152.212
G0 X124.681 Y152.212
G1 F2043 X125.32 Y152.04 E1825.01646
G0 F15000 X125.32 Y151.534
G1 F2043 X124.68 Y150.894 E1825.04657
G0 F15000 X124.91 Y150.894
G0 X124.91 Y143.93
G0 X124.68 Y143.93
G1 F2043 X125.32 Y143.758 E1825.06861
G0 F15000 X124.68 Y143.406
G1 F2043 X125.32 Y141.018 E1825.15084
G0 F15000 X125.32 Y140.22
G1 F2043 X125.083 Y139.983 E1825.16198
G0 F15000 X125 Y139.5
;TYPE:SKIN
G1 F1702.5 X125 Y139.902 E1825.17803
G1 F2400 E1824.67803
G0 F15000 X125 Y140.203
G0 X125.09 Y167.629
G0 X126.666 Y167.629
G0 X127.824 Y168.279
G0 X128.209 Y168.666
G0 X128.463 Y169.224
G0 X128.464 Y170.732
G0 X128.257 Y171.269
G0 X128.002 Y171.576
G0 X127.775 Y171.724
G0 X126.665 Y172.371
G0 X125.09 Y172.371
G0 X125.09 Y174.12
G0 X125.4 Y174.4
;TYPE:WALL-INNER
G1 F2400 E1825.17803
G1 F2043 X125.4 Y172.54 E1825.23989
G1 X124.6 Y172.54 E1825.2665
G1 X124.6 Y174.4 E1825.32837
G1 X125.4 Y174.4 E1825.35497
G0 F15000 X125.8 Y174.8
;TYPE:WALL-OUTER
G1 F2043 X125.8 Y172.14 E1825.44345
G1 X124.2 Y172.14 E1825.49666
G1 X124.2 Y174.8 E1825.58513
G1 X125.8 Y174.8 E1825.63835
G0 F15000 X125.32 Y174.161
;TYPE:FILL
G1 F2043 X124.68 Y173.521 E1825.66845
G0 F15000 X124.68 Y174.316
G1 F2043 X125.134 Y172.62 E1825.72685
G1 F2400 E1825.22685
G0 F15000 X125.09 Y172.851
G0 X124.43 Y174.12
G0 X123.335 Y174.12
G0 X113.665 Y174.12
G0 X112.57 Y174.12
G0 X112.09 Y174.12
G0 X112.4 Y174.4
;TYPE:WALL-INNER
G1 F2400 E1825.72685
G1 F2043 X112.4 Y172.54 E1825.78871
G1 X111.6 Y172.54 E1825.81532
G1 X111.6 Y174.4 E1825.87718
G1 X112.4 Y174.4 E1825.90379
G0 F15000 X112.8 Y174.8
;TYPE:WALL-OUTER
G1 F2043 X112.8 Y172.14 E1825.99226
G1 X111.2 Y172.14 E1826.04548
G1 X111.2 Y174.8 E1826.13395
G1 X112.8 Y174.8 E1826.18717
G1 F2400 E1825.68717
G0 F15000 X112.52 Y174.52
G0 X112.094 Y172.351
G0 X113.665 Y172.351
G0 X114.202 Y172.097
G0 X115.002 Y171.576
G0 X115.257 Y171.269
G0 X115.464 Y170.732
G0 X115.463 Y169.224
G0 X115.209 Y168.666
G0 X114.262 Y167.833
G0 X113.665 Y167.629
G0 X112.094 Y167.629
G0 X112.09 Y167.179
G0 X112.4 Y167.456
;TYPE:WALL-INNER
G1 F2400 E1826.18717
G1 F2043 X112.4 Y139.1 E1827.13029
G1 X111.6 Y139.1 E1827.1569
G1 X111.6 Y167.456 E1828.10003
G1 X112.4 Y167.456 E1828.12663
G0 F15000 X112.8 Y167.856
;TYPE:WALL-OUTER
G1 F2043 X112.8 Y138.7 E1829.09637
G1 X111.2 Y138.7 E1829.14958
G1 X111.2 Y167.856 E1830.11932
G1 X112.8 Y167.856 E1830.17253
G0 F15000 X112.52 Y167.579
G0 X111.91 Y163.978
G0 X111.68 Y163.978
;TYPE:FILL
G1 F2043 X112.319 Y163.806 E1830.19454
G0 F15000 X112.09 Y163.806
G0 X112.09 Y161.162
G0 X112.32 Y161.162
G1 F2043 X111.68 Y160.521 E1830.22467
G0 F15000 X111.68 Y161.012
G1 F2043 X112.32 Y158.625 E1830.30686
G0 F15000 X112.09 Y158.625
G0 X111.91 Y155.695
G0 X111.68 Y155.695
G1 F2043 X112.32 Y155.524 E1830.3289
G0 F15000 X112.09 Y155.524
G0 X112.09 Y149.848
G0 X112.32 Y149.848
G1 F2043 X111.68 Y149.207 E1830.35902
G0 F15000 X111.91 Y149.207
G0 X111.91 Y147.413
G0 X111.68 Y147.413
G1 F2043 X112.32 Y147.242 E1830.38106
G0 F15000 X112.09 Y147.242
G0 X112.001 Y140.203
G0 X112 Y139.5
;TYPE:SKIN
G1 F1702.5 X112 Y139.902 E1830.3971
G1 F2400 E1829.8971
;MESH:NONMESH
G0 F300 X112 Y139.902 Z16.8
G0 F15000 X112 Y140.203
G0 X111.424 Y167.635
G0 X110.335 Y167.635
G0 X109.796 Y167.901
G0 X108.999 Y168.424
G0 X108.743 Y168.731
G0 X108.536 Y169.268
G0 X108.537 Y170.776
G0 X108.791 Y171.334
G0 X109.336 Y171.817
G0 X109.839 Y172.108
G0 X110.355 Y171.8
G0 X110 Y171.031
;TIME_ELAPSED:2560.628696
;LAYER:83
;note -- min layer time used
;TYPE:SUPPORT
G1 F2400 E1830.3971
G1 F2035.2 X110 Y168.986 E1830.46512
G1 X109.842 Y168.901 E1830.47109
G1 X109.582 Y169.074 E1830.48147
G1 X109.498 Y169.174 E1830.48582
G1 X109.4 Y169.429 E1830.4949
G1 X109.401 Y170.59 E1830.53352
G1 X109.513 Y170.837 E1830.54254
G1 X109.708 Y171.032 E1830.55171
G1 X109.852 Y171.114 E1830.55722
G1 X110 Y171.031 E1830.56287
G1 X110 Y170.879 E1830.56792
G1 X112 Y170.879 E1830.63444
G1 X112 Y169.121 E1830.69291
G1 X114 Y169.121 E1830.75943
G1 X114 Y168.972 E1830.76439
G1 X114.151 Y168.886 E1830.77017
G1 X114.292 Y168.968 E1830.77559
G1 X114.487 Y169.163 E1830.78477
G1 X114.599 Y169.41 E1830.79379
G1 X114.6 Y170.571 E1830.8324
G1 X114.502 Y170.826 E1830.84149
G1 X114.418 Y170.926 E1830.84583
G1 X114.158 Y171.098 E1830.8562
G1 X114 Y171.013 E1830.86217
G1 X114 Y169.121 E1830.9251
G1 F2400 E1830.4251
G0 F15000 X114.834 Y168.288
G0 X122.796 Y167.901
G0 X123.355 Y168.216
G0 X124 Y169.121
G1 F2400 E1830.9251
G1 F2035.2 X124 Y170.879 E1830.98357
G1 X123 Y170.879 E1831.01683
G1 X123 Y171.031 E1831.02188
G1 X122.852 Y171.114 E1831.02753
G1 X122.708 Y171.032 E1831.03304
G1 X122.513 Y170.837 E1831.04221
G1 X122.401 Y170.59 E1831.05123
G1 X122.4 Y169.429 E1831.08985
G1 X122.498 Y169.174 E1831.09893
G1 X122.582 Y169.074 E1831.10328
G1 X122.842 Y168.901 E1831.11366
G1 X123 Y168.986 E1831.11963
G1 X123 Y169.122 E1831.12415
G1 X127 Y169.121 E1831.25719
G1 X127 Y168.972 E1831.26215
G1 X127.151 Y168.886 E1831.26793
G1 X127.292 Y168.968 E1831.27335
G1 X127.487 Y169.163 E1831.28253
G1 X127.599 Y169.41 E1831.29155
G1 X127.6 Y170.571 E1831.33016
G1 X127.502 Y170.826 E1831.33925
G1 X127.418 Y170.926 E1831.34359
G1 X127.158 Y171.098 E1831.35396
G1 X127 Y171.013 E1831.35993
G1 X127 Y170.878 E1831.36442
G1 X126 Y170.879 E1831.39768
G1 X126 Y169.121 E1831.45615
G1 F2400 E1830.95615
;MESH:Limiter bracketV2.stl
G0 F15000 X125.576 Y167.697
G0 X125.121 Y167.211
G0 X125.4 Y167.52
;TYPE:WALL-INNER
G1 F2400 E1831.45615
G1 F2035.2 X125.4 Y139.3 E1832.39475
G1 X124.6 Y139.3 E1832.42136
G1 X124.6 Y167.52 E1833.35996
G1 X125.4 Y167.52 E1833.38657
G0 F15000 X125.8 Y167.92
;TYPE:WALL-OUTER
G1 F2035.2 X125.8 Y138.9 E1834.35178
G1 X124.2 Y138.9 E1834.40499
G1 X124.2 Y167.92 E1835.3702
G1 X125.8 Y167.92 E1835.42342
G0 F15000 X125.52 Y167.641
G0 X125.091 Y162.646
G0 X125.321 Y162.647
;TYPE:FILL
G1 F2035.2 X124.68 Y162.007 E1835.45355
G0 F15000 X124.91 Y162.007
G0 X124.91 Y160.641
G0 X124.68 Y160.641
G1 F2035.2 X125.32 Y160.47 E1835.47558
G0 F15000 X125.091 Y160.469
G0 X124.91 Y152.359
G0 X124.681 Y152.359
G1 F2035.2 X125.319 Y152.188 E1835.49755
G0 F15000 X125.321 Y151.334
G1 F2035.2 X124.68 Y150.693 E1835.5277
G0 F15000 X124.91 Y150.693
G0 X124.91 Y144.076
G0 X124.681 Y144.076
G1 F2035.2 X125.32 Y143.905 E1835.5497
G0 F15000 X125.091 Y143.904
G0 X124.91 Y142.856
G0 X124.68 Y142.856
G1 F2035.2 X125.32 Y140.469 E1835.6319
G0 F15000 X125 Y139.7
;TYPE:SKIN
G1 F1696 X125 Y140.102 E1835.64794
G1 F2400 E1835.14794
G0 F15000 X125 Y140.403
G0 X125.085 Y167.711
G0 X126.666 Y167.711
G0 X127.153 Y167.894
G0 X127.821 Y168.276
G0 X128.209 Y168.666
G0 X128.463 Y169.224
G0 X128.464 Y170.732
G0 X128.257 Y171.269
G0 X128.002 Y171.576
G0 X127.354 Y171.998
G0 X126.665 Y172.289
G0 X125.088 Y172.289
G0 X125.09 Y174.12
G0 X125.4 Y174.4
;TYPE:WALL-INNER
G1 F2400 E1835.64794
G1 F2035.2 X125.4 Y172.476 E1835.71193
G1 X124.6 Y172.476 E1835.73854
G1 X124.6 Y174.4 E1835.80253
G1 X125.4 Y174.4 E1835.82914
G0 F15000 X125.8 Y174.8
;TYPE:WALL-OUTER
G1 F2035.2 X125.8 Y172.076 E1835.91974
G1 X124.2 Y172.076 E1835.97296
G1 X124.2 Y174.8 E1836.06356
G1 X125.8 Y174.8 E1836.11678
G0 F15000 X125.32 Y173.96
;TYPE:FILL
G1 F2035.2 X124.68 Y173.32 E1836.14688
G0 F15000 X124.68 Y173.768
G1 F2035.2 X125.005 Y172.555 E1836.18865
G1 F2400 E1835.68865
G0 F15000 X125.005 Y172.789
G0 X124.43 Y174.12
G0 X123.335 Y174.12
G0 X113.665 Y174.12
G0 X112.57 Y174.12
G0 X112.09 Y174.12
G0 X112.4 Y174.4
;TYPE:WALL-INNER
G1 F2400 E1836.18865
G1 F2035.2 X112.4 Y172.476 E1836.25264
G1 X111.6 Y172.476 E1836.27925
G1 X111.6 Y174.4 E1836.34324
G1 X112.4 Y174.4 E1836.36985
G0 F15000 X112.8 Y174.8
;TYPE:WALL-OUTER
G1 F2035.2 X112.8 Y172.076 E1836.46045
G1 X111.2 Y172.076 E1836.51366
G1 X111.2 Y174.8 E1836.60427
G1 X112.8 Y174.8 E1836.65748
G1 F2400 E1836.15748
G0 F15000 X112.52 Y174.52
G0 X112.09 Y172.309
G0 X113.665 Y172.309
G0 X114.202 Y172.097
G0 X115.002 Y171.576
G0 X115.257 Y171.269
G0 X115.464 Y170.732
G0 X115.463 Y169.224
G0 X115.209 Y168.666
G0 X114.821 Y168.276
G0 X113.665 Y167.691
G0 X112.09 Y167.691
G0 X112.09 Y167.241
G0 X112.4 Y167.52
;TYPE:WALL-INNER
G1 F2400 E1836.65748
G1 F2035.2 X112.4 Y139.3 E1837.59608
G1 X111.6 Y139.3 E1837.62269
G1 X111.6 Y167.52 E1838.56129
G1 X112.4 Y167.52 E1838.5879
G0 F15000 X112.8 Y167.92
;TYPE:WALL-OUTER
G1 F2035.2 X112.8 Y138.9 E1839.55311
G1 X111.2 Y138.9 E1839.60632
G1 X111.2 Y167.92 E1840.57153
G1 X112.8 Y167.92 E1840.62475
G0 F15000 X112.52 Y167.641
G0 X111.91 Y164.124
G0 X111.681 Y164.124
;TYPE:FILL
G1 F2035.2 X112.319 Y163.953 E1840.64672
G0 F15000 X112.09 Y163.953
G0 X112.09 Y160.961
G0 X112.32 Y160.961
G1 F2035.2 X111.68 Y160.32 E1840.67685
G1 X111.68 Y160.465
G1 X112.32 Y158.078 E1840.75904
G0 F15000 X112.09 Y158.078
G0 X111.91 Y155.842
G0 X111.68 Y155.842
G1 F2035.2 X112.32 Y155.671 E1840.78108
G0 F15000 X112.09 Y155.671
G0 X112.09 Y149.647
G0 X112.32 Y149.647
G1 F2035.2 X111.68 Y149.006 E1840.8112
G0 F15000 X111.91 Y149.006
G0 X111.91 Y147.56
G0 X111.681 Y147.56
G1 F2035.2 X112.319 Y147.389 E1840.83317
G0 F15000 X112.09 Y147.389
G0 X112.001 Y140.403
G0 X112 Y139.7
;TYPE:SKIN
G1 F1696 X112 Y140.102 E1840.84922
G1 F2400 E1840.34922
;MESH:NONMESH
G0 F300 X112 Y140.102 Z17
G0 F15000 X112 Y140.403
G0 X111.424 Y167.697
G0 X110 Y169.211
;TIME_ELAPSED:2579.090788
;LAYER:84
;note -- min layer time used
;TYPE:SUPPORT
G1 F2400 E1840.84922
G1 F1970.9 X110 Y170.789 E1840.9017
G1 X112 Y170.789 E1840.96822
G1 X112 Y169.211 E1841.02071
G1 X114.044 Y169.211 E1841.08869
G1 X114.2 Y169.521 E1841.10023
G1 X114.2 Y170.49 E1841.13246
G1 X114.166 Y170.612 E1841.13667
G1 X114.042 Y170.789 E1841.14386
G1 X114 Y170.789 E1841.14526
G1 X114 Y169.211 E1841.19774
G1 F2400 E1840.69774
G0 F15000 X114.762 Y168.753
G0 X121.007 Y168.429
G0 X123.347 Y168.359
G0 X124 Y169.211
G1 F2400 E1841.19774
G1 F1970.9 X124 Y170.789 E1841.25023
G1 X122.956 Y170.789 E1841.28495
G1 X122.8 Y170.479 E1841.29649
G1 X122.8 Y169.509 E1841.32876
G1 X122.833 Y169.387 E1841.33296
G1 X122.955 Y169.212 E1841.34005
G1 X127.044 Y169.211 E1841.47606
G1 X127.2 Y169.521 E1841.4876
G1 X127.2 Y170.49 E1841.51983
G1 X127.166 Y170.614 E1841.5241
G1 X127.047 Y170.788 E1841.53111
G1 X126 Y170.789 E1841.56594
G1 X126 Y169.211 E1841.61842
G1 F2400 E1841.11842
;MESH:Limiter bracketV2.stl
G0 F15000 X125.576 Y167.787
G0 X125.121 Y167.301
G0 X125.4 Y167.609
;TYPE:WALL-INNER
G1 F2400 E1841.61842
G1 F1970.9 X125.4 Y139.5 E1842.55333
G1 X124.6 Y139.5 E1842.57994
G1 X124.6 Y167.61 E1843.51488
G1 X125.4 Y167.609 E1843.54149
G0 F15000 X125.8 Y168.008
;TYPE:WALL-OUTER
G1 F1970.9 X125.8 Y139.1 E1844.50297
G1 X124.2 Y139.1 E1844.55619
G1 X124.2 Y168.011 E1845.51777
G1 X125.8 Y168.008 E1845.57099
G0 F15000 X125.52 Y167.731
G0 X125.091 Y162.447
G0 X125.321 Y162.448
;TYPE:FILL
G1 F1970.9 X124.68 Y161.807 E1845.60114
G0 F15000 X124.91 Y161.807
G0 X124.91 Y160.787
G0 X124.681 Y160.787
G1 F1970.9 X125.32 Y160.616 E1845.62314
G0 F15000 X125.091 Y160.615
G0 X124.91 Y152.505
G0 X124.681 Y152.505
G1 F1970.9 X125.319 Y152.334 E1845.64511
G0 F15000 X125.091 Y152.333
G0 X125.091 Y151.133
G0 X125.321 Y151.134
G1 F1970.9 X124.68 Y150.494 E1845.67524
G0 F15000 X124.91 Y150.494
G0 X124.91 Y144.222
G0 X124.681 Y144.222
G1 F1970.9 X125.319 Y144.051 E1845.69721
G0 F15000 X125.091 Y144.05
G0 X124.91 Y142.314
G0 X124.68 Y142.314
G1 F1970.9 X125.198 Y140.381 E1845.76377
G0 F15000 X125 Y139.9
;TYPE:SKIN
G1 F1642.4 X125 Y140.302 E1845.77981
G1 F2400 E1845.27981
G0 F15000 X125 Y140.603
G0 X125.085 Y167.801
G0 X126.666 Y167.801
G0 X127.551 Y168.352
G0 X127.852 Y168.828
G0 X128.064 Y169.354
G0 X128.064 Y170.608
G0 X127.95 Y171.02
G0 X127.581 Y171.584
G0 X126.665 Y172.199
G0 X125.088 Y172.199
G0 X125.09 Y174.12
G0 X125.4 Y174.4
;TYPE:WALL-INNER
G1 F2400 E1845.77981
G1 F1970.9 X125.4 Y172.388 E1845.84673
G1 X124.6 Y172.388 E1845.87334
G1 X124.6 Y174.4 E1845.94026
G1 X125.4 Y174.4 E1845.96687
G0 F15000 X125.8 Y174.8
;TYPE:WALL-OUTER
G1 F1970.9 X125.8 Y171.988 E1846.06039
G1 X124.2 Y171.988 E1846.11361
G1 X124.2 Y174.8 E1846.20714
G1 X125.8 Y174.8 E1846.26035
G0 F15000 X125.52 Y174.52
G0 X125.09 Y173.761
G0 X125.32 Y173.761
;TYPE:FILL
G1 F1970.9 X124.68 Y173.121 E1846.29046
G1 X124.68 Y173.222
G1 X124.882 Y172.468 E1846.31642
G1 F2400 E1845.81642
G0 F15000 X124.91 Y172.699
G0 X124.43 Y174.12
G0 X123.335 Y174.12
G0 X113.665 Y174.12
G0 X112.57 Y174.12
G0 X112.09 Y174.12
G0 X112.4 Y174.4
;TYPE:WALL-INNER
G1 F2400 E1846.31642
G1 F1970.9 X112.4 Y172.388 E1846.38334
G1 X111.6 Y172.388 E1846.40995
G1 X111.6 Y174.4 E1846.47687
G1 X112.4 Y174.4 E1846.50348
G0 F15000 X112.8 Y174.8
;TYPE:WALL-OUTER
G1 F1970.9 X112.8 Y171.988 E1846.597
G1 X111.2 Y171.988 E1846.65022
G1 X111.2 Y174.8 E1846.74375
G1 X112.8 Y174.8 E1846.79696
G0 F15000 X112.52 Y174.52
G0 X111.997 Y172.699
G0 X111.997 Y172.468
;TYPE:FILL
G1 F1970.9 X111.68 Y172.553 E1846.80788
G1 F2400 E1846.30788
G0 F15000 X111.91 Y172.669
G0 X112.09 Y172.219
G0 X113.665 Y172.219
G0 X114.53 Y171.648
G0 X114.949 Y171.021
G0 X115.064 Y170.608
G0 X115.064 Y169.354
G0 X114.852 Y168.828
G0 X114.581 Y168.4
G0 X113.665 Y167.781
G0 X112.09 Y167.781
G0 X112.09 Y167.331
G0 X112.4 Y167.608
;TYPE:WALL-INNER
G1 F2400 E1846.80788
G1 F1970.9 X112.4 Y139.5 E1847.74276
G1 X111.6 Y139.5 E1847.76936
G1 X111.6 Y167.608 E1848.70424
G1 X112.4 Y167.608 E1848.73085
G0 F15000 X112.8 Y168.008
;TYPE:WALL-OUTER
G1 F1970.9 X112.8 Y139.1 E1849.69233
G1 X111.2 Y139.1 E1849.74555
G1 X111.2 Y168.008 E1850.70703
G1 X112.8 Y168.008 E1850.76025
G0 F15000 X112.52 Y167.731
G0 X111.91 Y164.27
G0 X111.681 Y164.27
;TYPE:FILL
G1 F1970.9 X112.319 Y164.099 E1850.78222
G0 F15000 X112.09 Y164.099
G0 X112.09 Y160.761
G0 X112.32 Y160.761
G1 F1970.9 X111.68 Y160.121 E1850.81232
G0 F15000 X111.68 Y159.92
G1 F1970.9 X112.32 Y157.533 E1850.89452
G0 F15000 X112.09 Y157.533
G0 X111.91 Y155.988
G0 X111.68 Y155.988
G1 F1970.9 X112.32 Y155.817 E1850.91655
G0 F15000 X112.09 Y155.817
G0 X112.09 Y149.447
G0 X112.32 Y149.447
G1 F1970.9 X111.68 Y148.807 E1850.94665
G0 F15000 X111.91 Y148.807
G0 X111.91 Y147.706
G0 X111.681 Y147.706
G1 F1970.9 X112.319 Y147.535 E1850.96862
G0 F15000 X112.09 Y147.535
G0 X112.001 Y140.603
G0 X112 Y139.9
;TYPE:SKIN
G1 F1642.4 X112 Y140.302 E1850.98467
G1 F2400 E1850.48467
;MESH:NONMESH
G0 F300 X112 Y140.302 Z17.2
G0 F15000 X112 Y140.603
G0 X112 Y167.781
G0 X112 Y169.328
;TIME_ELAPSED:2597.295812
;LAYER:85
;note -- min layer time used
;TYPE:SUPPORT
G1 F2400 E1850.98467
G1 F1944.4 X112 Y170.672 E1851.02937
G1 X110.086 Y170.672 E1851.09303
G1 X110 Y170.476 E1851.10015
G1 X110 Y169.524 E1851.13181
G1 X110.089 Y169.329 E1851.13894
G1 X113.914 Y169.328 E1851.26616
G1 X114 Y169.524 E1851.27328
G1 F2400 E1850.77328
G0 F15000 X114.865 Y169.524
G0 X122.537 Y168.471
G0 X123.347 Y168.476
G0 X124 Y169.328
G1 F2400 E1851.27328
G1 F1944.4 X124 Y170.672 E1851.31798
G1 X123.086 Y170.672 E1851.34838
G1 X123 Y170.476 E1851.3555
G1 X123 Y169.524 E1851.38716
G1 X123.089 Y169.329 E1851.39429
G1 X126.914 Y169.328 E1851.52151
G1 X127 Y169.524 E1851.52863
G1 X127 Y170.475 E1851.56026
G1 X126.912 Y170.672 E1851.56744
G1 X126 Y170.672 E1851.59777
G1 X126 Y169.328 E1851.64247
G1 F2400 E1851.14247
;MESH:Limiter bracketV2.stl
G0 F15000 X125.576 Y167.904
G0 X125.121 Y167.418
G0 X125.4 Y167.728
;TYPE:WALL-INNER
G1 F2400 E1851.64247
G1 F1944.4 X125.4 Y139.7 E1852.57469
G1 X124.6 Y139.7 E1852.6013
G1 X124.6 Y167.728 E1853.53351
G1 X125.4 Y167.728 E1853.56012
G0 F15000 X125.8 Y168.128
;TYPE:WALL-OUTER
G1 F1944.4 X125.8 Y139.3 E1854.51894
G1 X124.2 Y139.3 E1854.57216
G1 X124.2 Y168.128 E1855.53098
G1 X125.8 Y168.128 E1855.5842
G0 F15000 X125.52 Y167.848
G0 X125.091 Y162.246
G0 X125.321 Y162.247
;TYPE:FILL
G1 F1944.4 X124.68 Y161.606 E1855.61435
G0 F15000 X124.68 Y160.934
G1 F1944.4 X125.32 Y160.763 E1855.63638
G0 F15000 X125.091 Y160.762
G0 X124.91 Y152.652
G0 X124.681 Y152.652
G1 F1944.4 X125.32 Y152.48 E1855.65839
G0 F15000 X125.091 Y152.479
G0 X125.091 Y150.932
G0 X125.321 Y150.933
G1 F1944.4 X124.68 Y150.293 E1855.68852
G0 F15000 X124.91 Y150.293
G0 X124.91 Y144.37
G0 X124.68 Y144.37
G1 F1944.4 X125.319 Y144.198 E1855.71053
G0 F15000 X125.091 Y144.197
G0 X124.91 Y141.765
G0 X124.68 Y141.765
G1 F1944.4 X124.997 Y140.582 E1855.75126
G0 F15000 X125 Y140.1
;TYPE:SKIN
G1 F1620.4 X125 Y140.502 E1855.76731
G1 F2400 E1855.26731
G0 F15000 X125 Y140.803
G0 X125.085 Y167.918
G0 X126.666 Y167.918
G0 X127.472 Y168.47
G0 X127.864 Y169.341
G0 X127.864 Y170.66
G0 X127.468 Y171.53
G0 X126.665 Y172.102
G0 X125.085 Y172.102
G0 X125.09 Y174.12
G0 X125.4 Y174.4
;TYPE:WALL-INNER
G1 F2400 E1855.76731
G1 F1944.4 X125.4 Y172.272 E1855.83809
G1 X124.6 Y172.272 E1855.86469
G1 X124.6 Y174.4 E1855.93547
G1 X125.4 Y174.4 E1855.96208
G0 F15000 X125.8 Y174.8
;TYPE:WALL-OUTER
G1 F1944.4 X125.8 Y171.872 E1856.05946
G1 X124.2 Y171.872 E1856.11268
G1 X124.2 Y174.8 E1856.21007
G1 X125.8 Y174.8 E1856.26328
G0 F15000 X125.52 Y174.52
G0 X125.09 Y173.56
G0 X125.32 Y173.56
;TYPE:FILL
G1 F1944.4 X124.68 Y172.92 E1856.29339
G0 F15000 X124.68 Y172.672
G1 F1944.4 X124.766 Y172.352 E1856.30441
G1 F2400 E1855.80441
G0 F15000 X124.91 Y172.552
G0 X124.43 Y174.12
G0 X123.335 Y174.12
G0 X113.665 Y174.12
G0 X112.57 Y174.12
G0 X112.09 Y174.12
G0 X112.4 Y174.4
;TYPE:WALL-INNER
G1 F2400 E1856.30441
G1 F1944.4 X112.4 Y172.27 E1856.37525
G1 X111.6 Y172.271 E1856.40186
G1 X111.6 Y174.4 E1856.47267
G1 X112.4 Y174.4 E1856.49928
G0 F15000 X112.8 Y174.8
;TYPE:WALL-OUTER
G1 F1944.4 X112.8 Y171.869 E1856.59676
G1 X111.2 Y171.872 E1856.64998
G1 X111.2 Y174.8 E1856.74737
G1 X112.8 Y174.8 E1856.80058
G0 F15000 X112.52 Y174.52
G0 X112.089 Y172.582
G0 X112.319 Y172.529
;TYPE:FILL
G1 F1944.4 X111.68 Y172.7 E1856.82258
G1 F2400 E1856.32258
G0 F15000 X111.91 Y172.7
G0 X112.093 Y172.082
G0 X113.665 Y172.082
G0 X114.463 Y171.529
G0 X114.864 Y170.664
G0 X114.864 Y169.341
G0 X114.472 Y168.47
G0 X113.665 Y167.918
G0 X112.09 Y167.918
G0 X112.09 Y167.448
G0 X112.4 Y167.728
;TYPE:WALL-INNER
G1 F2400 E1856.82258
G1 F1944.4 X112.4 Y139.7 E1857.7548
G1 X111.6 Y139.7 E1857.78141
G1 X111.6 Y167.728 E1858.71362
G1 X112.4 Y167.728 E1858.74023
G0 F15000 X112.8 Y168.128
;TYPE:WALL-OUTER
G1 F1944.4 X112.8 Y139.3 E1859.69905
G1 X111.2 Y139.3 E1859.75227
G1 X111.2 Y168.128 E1860.71109
G1 X112.8 Y168.128 E1860.76431
G0 F15000 X112.52 Y167.848
G0 X111.91 Y164.417
G0 X111.681 Y164.417
;TYPE:FILL
G1 F1944.4 X112.319 Y164.246 E1860.78628
G0 F15000 X112.09 Y164.246
G0 X112.09 Y160.561
G0 X112.32 Y160.561
G1 F1944.4 X111.68 Y159.92 E1860.8164
G0 F15000 X111.68 Y159.371
G1 F1944.4 X112.32 Y156.985 E1860.89857
G0 F15000 X112.09 Y156.985
G0 X112.09 Y155.964
G0 X112.319 Y155.964
G1 F1944.4 X111.68 Y156.135 E1860.92057
G0 F15000 X111.91 Y156.135
G0 X112.09 Y149.247
G0 X112.32 Y149.247
G1 F1944.4 X111.68 Y148.606 E1860.9507
G0 F15000 X111.681 Y147.853
G1 F1944.4 X112.319 Y147.682 E1860.97267
G0 F15000 X112.09 Y147.682
G0 X112.001 Y140.803
G0 X112 Y140.1
;TYPE:SKIN
G1 F1620.4 X112 Y140.502 E1860.98871
G1 F2400 E1860.48871
;MESH:NONMESH
G0 F300 X112 Y140.502 Z17.4
G0 F15000 X112 Y140.803
G0 X111.998 Y167.918
G0 X112 Y170.526
;TIME_ELAPSED:2615.378246
;LAYER:86
;note -- min layer time used
;TYPE:SUPPORT
G1 F2400 E1860.98871
G1 F1944.5 X110.2 Y170.526 E1861.04858
G1 X110.2 Y169.475 E1861.08354
G1 X112 Y169.474 E1861.1434
G1 X113.8 Y169.474 E1861.20327
G1 X113.8 Y170.525 E1861.23823
G1 X112 Y170.526 E1861.2981
G1 X112 Y169.474 E1861.33309
G1 F2400 E1860.83309
G0 F15000 X113.653 Y168.621
G0 X123.347 Y168.622
G0 X124 Y169.474
G1 F2400 E1861.33309
G1 F1944.5 X124 Y170.526 E1861.36808
G1 X123.2 Y170.526 E1861.39468
G1 X123.2 Y169.475 E1861.42964
G1 X126.8 Y169.474 E1861.54938
G1 X126.8 Y170.526 E1861.58437
G1 X126 Y170.526 E1861.61097
G1 X126 Y169.474 E1861.64596
G1 F2400 E1861.14596
;MESH:Limiter bracketV2.stl
G0 F15000 X125.576 Y168.05
G0 X125.121 Y167.564
G0 X125.4 Y167.872
;TYPE:WALL-INNER
G1 F2400 E1861.64596
G1 F1944.5 X125.4 Y139.9 E1862.57632
G1 X124.6 Y139.9 E1862.60292
G1 X124.6 Y167.872 E1863.53328
G1 X125.4 Y167.872 E1863.55989
G0 F15000 X125.8 Y168.272
;TYPE:WALL-OUTER
G1 F1944.5 X125.8 Y139.5 E1864.51685
G1 X124.2 Y139.5 E1864.57006
G1 X124.2 Y168.272 E1865.52702
G1 X125.8 Y168.272 E1865.58024
G0 F15000 X125.52 Y167.994
G0 X125.091 Y162.047
G0 X125.321 Y162.048
;TYPE:FILL
G1 F1944.5 X124.68 Y161.407 E1865.61039
G0 F15000 X124.68 Y161.08
G1 F1944.5 X125.319 Y160.909 E1865.63239
G0 F15000 X125.091 Y160.908
G0 X124.91 Y152.798
G0 X124.68 Y152.798
G1 F1944.5 X125.32 Y152.626 E1865.65443
G0 F15000 X125.091 Y152.625
G0 X125.091 Y150.733
G0 X125.321 Y150.734
G1 F1944.5 X124.68 Y150.093 E1865.68458
G0 F15000 X124.91 Y150.093
G0 X124.91 Y144.516
G0 X124.68 Y144.516
G1 F1944.5 X125.319 Y144.344 E1865.70659
G0 F15000 X125.091 Y144.343
G0 X124.91 Y141.219
G0 X124.68 Y141.219
G1 F1944.5 X124.797 Y140.782 E1865.72164
G0 F15000 X125 Y140.3
;TYPE:SKIN
G1 F1620.4 X125 Y140.702 E1865.73768
G1 F2400 E1865.23768
G0 F15000 X125 Y141.003
G0 X125.085 Y168.064
G0 X126.666 Y168.064
G0 X127.653 Y168.621
G0 X127.653 Y171.379
G0 X126.665 Y171.956
G0 X125.085 Y171.956
G0 X125.09 Y174.12
G0 X125.4 Y174.4
;TYPE:WALL-INNER
G1 F2400 E1865.73768
G1 F1944.5 X125.4 Y172.124 E1865.81338
G1 X124.6 Y172.124 E1865.83999
G1 X124.6 Y174.4 E1865.91569
G1 X125.4 Y174.4 E1865.9423
G0 F15000 X125.8 Y174.8
;TYPE:WALL-OUTER
G1 F1944.5 X125.8 Y171.724 E1866.04461
G1 X124.2 Y171.724 E1866.09782
G1 X124.2 Y174.8 E1866.20013
G1 X125.8 Y174.8 E1866.25335
G0 F15000 X125.52 Y174.52
G0 X125.09 Y173.361
G0 X125.32 Y173.361
;TYPE:FILL
G1 F1944.5 X124.68 Y172.721 E1866.28345
G1 F2400 E1865.78345
G0 F15000 X124.91 Y172.721
G0 X124.43 Y174.12
G0 X123.335 Y174.12
G0 X113.665 Y174.12
G0 X112.57 Y174.12
G0 X112.09 Y174.12
G0 X112.4 Y174.4
;TYPE:WALL-INNER
G1 F2400 E1866.28345
G1 F1944.5 X112.4 Y172.124 E1866.35915
G1 X111.6 Y172.124 E1866.38576
G1 X111.6 Y174.4 E1866.46146
G1 X112.4 Y174.4 E1866.48807
G0 F15000 X112.8 Y174.8
;TYPE:WALL-OUTER
G1 F1944.5 X112.8 Y171.724 E1866.59038
G1 X111.2 Y171.724 E1866.64359
G1 X111.2 Y174.8 E1866.7459
G1 X112.8 Y174.8 E1866.79912
G0 F15000 X112.52 Y174.52
G0 X112.09 Y172.674
G0 X112.32 Y172.674
;TYPE:FILL
G1 F1944.5 X111.68 Y172.846 E1866.82116
G1 F2400 E1866.32116
G0 F15000 X111.91 Y172.846
G0 X112.093 Y171.936
G0 X113.665 Y171.936
G0 X114.653 Y171.378
G0 X114.653 Y168.621
G0 X113.665 Y168.064
G0 X112.09 Y168.064
G0 X112.09 Y167.594
G0 X112.4 Y167.872
;TYPE:WALL-INNER
G1 F2400 E1866.82116
G1 F1944.5 X112.4 Y139.9 E1867.75151
G1 X111.6 Y139.9 E1867.77812
G1 X111.6 Y167.872 E1868.70847
G1 X112.4 Y167.872 E1868.73508
G0 F15000 X112.8 Y168.272
;TYPE:WALL-OUTER
G1 F1944.5 X112.8 Y139.5 E1869.69204
G1 X111.2 Y139.5 E1869.74526
G1 X111.2 Y168.272 E1870.70222
G1 X112.8 Y168.272 E1870.75543
G0 F15000 X112.52 Y167.994
G0 X111.91 Y164.563
G0 X111.681 Y164.563
;TYPE:FILL
G1 F1944.5 X112.32 Y164.392 E1870.77744
G0 F15000 X112.09 Y164.392
G0 X112.09 Y160.361
G0 X112.32 Y160.361
G1 F1944.5 X111.68 Y159.721 E1870.80754
G0 F15000 X111.68 Y158.827
G1 F1944.5 X112.32 Y156.437 E1870.88983
G0 F15000 X112.319 Y156.11
G1 F1944.5 X111.681 Y156.281 E1870.9118
G0 F15000 X111.91 Y156.281
G0 X112.09 Y149.047
G0 X112.32 Y149.047
G1 F1944.5 X111.68 Y148.407 E1870.9419
G0 F15000 X111.68 Y147.999
G1 F1944.5 X112.32 Y147.828 E1870.96394
G0 F15000 X112.09 Y147.828
G0 X112.001 Y141.003
G0 X112 Y140.3
;TYPE:SKIN
G1 F1620.4 X112 Y140.702 E1870.97998
G1 F2400 E1870.47998
;MESH:NONMESH
G0 F300 X112 Y140.702 Z17.6
G0 F15000 X112 Y141.003
G0 X111.999 Y168.064
G0 X112 Y170.318
;TIME_ELAPSED:2633.506271
;LAYER:87
;note -- min layer time used
;TYPE:SUPPORT
G1 F2400 E1870.97998
G1 F1935.2 X110.2 Y170.318 E1871.03985
G1 X110.2 Y169.682 E1871.061
G1 X112 Y169.682 E1871.12087
G1 X113.8 Y169.682 E1871.18074
G1 X113.8 Y170.318 E1871.20189
G1 X112 Y170.318 E1871.26176
G1 X112 Y169.682 E1871.28292
G1 F2400 E1870.78292
G0 F15000 X113.653 Y168.829
G0 X123.347 Y168.829
G0 X124 Y169.682
G1 F2400 E1871.28292
G1 F1935.2 X124 Y170.318 E1871.30407
G1 X123.2 Y170.318 E1871.33068
G1 X123.2 Y169.682 E1871.35183
G1 X126.8 Y169.682 E1871.47157
G1 X126.8 Y170.318 E1871.49272
G1 X126 Y170.318 E1871.51933
G1 X126 Y169.682 E1871.54048
G1 F2400 E1871.04048
;MESH:Limiter bracketV2.stl
G0 F15000 X125.576 Y168.258
G0 X125.12 Y167.772
G0 X125.4 Y168.08
;TYPE:WALL-INNER
G1 F2400 E1871.54048
G1 F1935.2 X125.4 Y140.1 E1872.4711
G1 X124.6 Y140.1 E1872.49771
G1 X124.6 Y168.08 E1873.42833
G1 X125.4 Y168.08 E1873.45494
G0 F15000 X125.8 Y168.48
;TYPE:WALL-OUTER
G1 F1935.2 X125.8 Y139.7 E1874.41216
G1 X124.2 Y139.7 E1874.46538
G1 X124.2 Y168.48 E1875.42261
G1 X125.8 Y168.48 E1875.47582
G0 F15000 X125.52 Y168.202
G0 X125.091 Y161.846
G0 X125.321 Y161.847
;TYPE:FILL
G1 F1935.2 X124.68 Y161.206 E1875.50597
G1 X124.681 Y161.227
G1 X125.319 Y161.056 E1875.52794
G0 F15000 X125.091 Y161.055
G0 X124.91 Y152.945
G0 X124.68 Y152.945
G1 F1935.2 X125.32 Y152.773 E1875.54998
G0 F15000 X125.091 Y152.772
G0 X125.091 Y150.532
G0 X125.321 Y150.533
G1 F1935.2 X124.68 Y149.892 E1875.58013
G0 F15000 X124.91 Y149.892
G0 X124.91 Y144.662
G0 X124.681 Y144.662
G1 F1935.2 X125.319 Y144.491 E1875.6021
G0 F15000 X125.091 Y144.49
G0 X125.001 Y141.203
G0 X125 Y140.5
;TYPE:SKIN
G1 F1612.6 X125 Y140.902 E1875.61815
G1 F2400 E1875.11815
G0 F15000 X125 Y141.203
G0 X125.09 Y168.252
G0 X126.666 Y168.252
G0 X127.653 Y168.829
G0 X127.653 Y171.171
G0 X126.665 Y171.748
G0 X125.09 Y171.748
G0 X125.09 Y174.12
G0 X125.4 Y174.4
;TYPE:WALL-INNER
G1 F2400 E1875.61815
G1 F1935.2 X125.4 Y171.916 E1875.70077
G1 X124.6 Y171.916 E1875.72737
G1 X124.6 Y174.4 E1875.80999
G1 X125.4 Y174.4 E1875.8366
G0 F15000 X125.8 Y174.8
;TYPE:WALL-OUTER
G1 F1935.2 X125.8 Y171.516 E1875.94583
G1 X124.2 Y171.516 E1875.99904
G1 X124.2 Y174.8 E1876.10827
G1 X125.8 Y174.8 E1876.16148
G0 F15000 X125.52 Y174.52
G0 X125.09 Y173.16
G0 X125.32 Y173.16
;TYPE:FILL
G1 F1935.2 X124.68 Y172.52 E1876.19159
G1 F2400 E1875.69159
G0 F15000 X124.91 Y172.52
G0 X124.43 Y174.12
G0 X123.335 Y174.12
G0 X113.665 Y174.12
G0 X112.57 Y174.12
G0 X112.09 Y174.12
G0 X112.4 Y174.4
;TYPE:WALL-INNER
G1 F2400 E1876.19159
G1 F1935.2 X112.4 Y171.916 E1876.27421
G1 X111.6 Y171.916 E1876.30081
G1 X111.6 Y174.4 E1876.38343
G1 X112.4 Y174.4 E1876.41004
G0 F15000 X112.8 Y174.8
;TYPE:WALL-OUTER
G1 F1935.2 X112.8 Y171.516 E1876.51927
G1 X111.2 Y171.516 E1876.57248
G1 X111.2 Y174.8 E1876.68171
G1 X112.8 Y174.8 E1876.73493
G0 F15000 X112.52 Y174.52
G0 X112.09 Y172.821
G0 X112.32 Y172.821
;TYPE:FILL
G1 F1935.2 X111.68 Y172.993 E1876.75697
G1 F2400 E1876.25697
G0 F15000 X111.91 Y172.993
G0 X112.09 Y171.748
G0 X113.665 Y171.748
G0 X114.653 Y171.171
G0 X114.653 Y168.829
G0 X113.665 Y168.252
G0 X112.09 Y168.252
G0 X112.09 Y167.802
G0 X112.4 Y168.08
;TYPE:WALL-INNER
G1 F2400 E1876.75697
G1 F1935.2 X112.4 Y140.1 E1877.68759
G1 X111.6 Y140.1 E1877.71419
G1 X111.6 Y168.08 E1878.64481
G1 X112.4 Y168.08 E1878.67142
G0 F15000 X112.8 Y168.48
;TYPE:WALL-OUTER
G1 F1935.2 X112.8 Y139.7 E1879.62865
G1 X111.2 Y139.7 E1879.68186
G1 X111.2 Y168.48 E1880.63909
G1 X112.8 Y168.48 E1880.69231
G0 F15000 X112.52 Y168.202
G0 X111.91 Y164.71
G0 X111.681 Y164.71
;TYPE:FILL
G1 F1935.2 X112.319 Y164.539 E1880.71428
G0 F15000 X112.09 Y164.539
G0 X112.09 Y160.16
G0 X112.32 Y160.16
G1 F1935.2 X111.68 Y159.52 E1880.74438
G0 F15000 X111.91 Y159.52
G0 X111.91 Y158.278
G0 X111.68 Y158.278
G1 F1935.2 X112.32 Y155.89 E1880.82661
G0 F15000 X112.319 Y156.257
G1 F1935.2 X111.681 Y156.428 E1880.84858
G0 F15000 X111.91 Y156.428
G0 X112.09 Y148.847
G0 X112.32 Y148.847
G1 F1935.2 X111.68 Y148.207 E1880.87868
G1 X111.68 Y148.146
G1 X112.32 Y147.975 E1880.90071
G0 F15000 X112.09 Y147.975
G0 X112.001 Y141.203
G0 X112 Y140.5
;TYPE:SKIN
G1 F1612.6 X112 Y140.902 E1880.91676
;MESH:NONMESH
G0 F300 X112 Y140.902 Z17.8
G0 F15000 X112 Y141.203
G0 X112.12 Y167.802
G0 X112.4 Y168.352
;TIME_ELAPSED:2651.453445
;LAYER:88
;note -- min layer time used
;TYPE:WALL-INNER
;MESH:Limiter bracketV2.stl
G1 F1899.3 X112.4 Y140.3 E1881.84977
G1 X111.6 Y140.3 E1881.87638
G1 X111.6 Y168.352 E1882.80939
G1 X112.4 Y168.352 E1882.836
G1 F2400 E1882.336
G0 F15000 X112.09 Y168.075
G0 X112.52 Y140.182
G0 X112.8 Y139.9
;TYPE:WALL-OUTER
G1 F2400 E1882.836
G1 F1899.3 X111.2 Y139.9 E1882.88922
G1 X111.2 Y168.752 E1883.84884
G1 X112.8 Y168.752 E1883.90205
G1 X112.8 Y139.9 E1884.86168
G0 F15000 X112.52 Y140.182
G0 X111.91 Y148.007
G0 X111.68 Y148.007
;TYPE:FILL
G1 F1899.3 X112.32 Y148.647 E1884.89178
G0 F15000 X112.32 Y148.121
G1 F1899.3 X111.681 Y148.292 E1884.91378
G0 F15000 X111.91 Y148.292
G0 X112.09 Y155.346
G0 X112.32 Y155.346
G1 F1899.3 X111.68 Y157.733 E1884.99598
G0 F15000 X111.91 Y157.733
G0 X111.91 Y156.574
G0 X111.681 Y156.574
G1 F1899.3 X112.319 Y156.403 E1885.01795
G0 F15000 X112.09 Y156.403
G0 X111.91 Y159.32
G0 X111.68 Y159.32
G1 F1899.3 X112.32 Y159.961 E1885.04807
G0 F15000 X112.09 Y159.961
G0 X112.09 Y164.685
G0 X112.32 Y164.685
G1 F1899.3 X111.68 Y164.856 E1885.07011
G0 F15000 X111.91 Y164.856
G0 X112.001 Y141.403
G0 X112 Y140.7
;TYPE:SKIN
G1 F1582.8 X112 Y141.102 E1885.08615
G1 F2400 E1884.58615
G0 F15000 X112 Y141.403
G0 X112.09 Y168.525
G0 X112.09 Y169.62
G0 X112.09 Y170.38
G0 X112.09 Y171.475
G0 X112.09 Y174.12
G0 X112.4 Y174.4
;TYPE:WALL-INNER
G1 F2400 E1885.08615
G1 F1899.3 X112.4 Y171.644 E1885.17782
G1 X111.6 Y171.644 E1885.20442
G1 X111.6 Y174.4 E1885.29609
G1 X112.4 Y174.4 E1885.3227
G0 F15000 X112.8 Y174.8
;TYPE:WALL-OUTER
G1 F1899.3 X112.8 Y171.244 E1885.44097
G1 X111.2 Y171.244 E1885.49419
G1 X111.2 Y174.8 E1885.61246
G1 X112.8 Y174.8 E1885.66568
G0 F15000 X112.52 Y174.52
G0 X112.09 Y172.967
G0 X112.319 Y172.967
;TYPE:FILL
G1 F1899.3 X111.68 Y173.139 E1885.68769
G1 F2400 E1885.18769
G0 F15000 X111.91 Y173.139
G0 X112.57 Y174.12
G0 X113.665 Y174.12
G0 X123.335 Y174.12
G0 X124.43 Y174.12
G0 X125.09 Y174.12
G0 X125.4 Y174.4
;TYPE:WALL-INNER
G1 F2400 E1885.68769
G1 F1899.3 X125.4 Y171.644 E1885.77935
G1 X124.6 Y171.644 E1885.80596
G1 X124.6 Y174.4 E1885.89762
G1 X125.4 Y174.4 E1885.92423
G0 F15000 X125.8 Y174.8
;TYPE:WALL-OUTER
G1 F1899.3 X125.8 Y171.244 E1886.0425
G1 X124.2 Y171.244 E1886.09572
G1 X124.2 Y174.8 E1886.21399
G1 X125.8 Y174.8 E1886.26721
G0 F15000 X125.52 Y174.52
G0 X125.09 Y172.96
G0 X125.32 Y172.96
;TYPE:FILL
G1 F1899.3 X124.68 Y172.321 E1886.29729
G1 F2400 E1885.79729
G0 F15000 X124.91 Y172.321
G0 X125.123 Y171.455
G0 X125.122 Y170.38
G0 X125.122 Y169.62
G0 X125.121 Y168.545
G0 X125.121 Y168.045
G0 X125.4 Y168.353
;TYPE:WALL-INNER
G1 F2400 E1886.29729
G1 F1899.3 X125.4 Y140.3 E1887.23034
G1 X124.6 Y140.3 E1887.25694
G1 X124.6 Y168.354 E1888.19002
G1 X125.4 Y168.353 E1888.21663
G1 F2400 E1887.71663
G0 F15000 X125.121 Y168.045
G0 X125.521 Y140.182
G0 X125.8 Y139.9
;TYPE:WALL-OUTER
G1 F2400 E1888.21663
G1 F1899.3 X124.2 Y139.9 E1888.26985
G1 X124.2 Y168.755 E1889.22957
G1 X125.8 Y168.752 E1889.28279
G1 X125.8 Y139.9 E1890.24241
G0 F15000 X125.521 Y140.182
G0 X125.091 Y144.636
G0 X125.319 Y144.637
;TYPE:FILL
G1 F1899.3 X124.681 Y144.809 E1890.26439
G0 F15000 X124.91 Y144.809
G0 X124.91 Y149.693
G0 X124.68 Y149.693
G1 F1899.3 X125.321 Y150.334 E1890.29454
G0 F15000 X125.091 Y150.333
G0 X125.091 Y152.918
G0 X125.32 Y152.919
G1 F1899.3 X124.68 Y153.091 E1890.31658
G0 F15000 X124.91 Y153.091
G0 X124.91 Y161.007
G0 X124.68 Y161.007
G1 F1899.3 X125.321 Y161.647 E1890.3467
G0 F15000 X125.319 Y161.202
G1 F1899.3 X124.681 Y161.373 E1890.36867
G0 F15000 X124.91 Y161.373
G0 X125.001 Y141.403
G0 X125 Y140.7
;TYPE:SKIN
G1 F1582.8 X125 Y141.102 E1890.38472
G1 F2400 E1889.88472
;MESH:NONMESH
G0 F300 X125 Y141.102 Z18
G0 F15000 X125 Y141.403
G0 X124.43 Y168.075
G0 X123.335 Y168.075
G0 X113.665 Y168.075
G0 X112.4 Y168.797
;TIME_ELAPSED:2669.180389
;LAYER:89
;note -- min layer time used
;TYPE:WALL-INNER
;MESH:Limiter bracketV2.stl
G1 F2400 E1890.38472
G1 F1972.9 X112.4 Y140.5 E1891.32588
G1 X111.6 Y140.5 E1891.35249
G1 X111.6 Y168.798 E1892.29368
G1 X112.4 Y168.797 E1892.32029
G1 F2400 E1891.82029
G0 F15000 X112.52 Y140.382
G0 X112.8 Y140.1
;TYPE:WALL-OUTER
G1 F2400 E1892.32029
G1 F1972.9 X111.2 Y140.1 E1892.37351
G1 X111.2 Y169.199 E1893.34134
G1 X112.8 Y169.196 E1893.39456
G1 X112.8 Y140.1 E1894.3623
G0 F15000 X112.52 Y140.382
G0 X111.91 Y147.807
G0 X111.68 Y147.807
;TYPE:FILL
G1 F1972.9 X112.32 Y148.447 E1894.3924
G1 X112.319 Y148.267
G1 X111.68 Y148.438 E1894.4144
G0 F15000 X111.91 Y148.438
G0 X112.09 Y154.801
G0 X112.32 Y154.801
G1 F1972.9 X111.68 Y157.19 E1894.49666
G0 F15000 X111.681 Y156.72
G1 F1972.9 X112.319 Y156.549 E1894.51863
G0 F15000 X112.09 Y156.549
G0 X111.91 Y159.121
G0 X111.68 Y159.121
G1 F1972.9 X112.32 Y159.761 E1894.54874
G0 F15000 X112.09 Y159.761
G0 X112.09 Y164.831
G0 X112.32 Y164.831
G1 F1972.9 X111.68 Y165.002 E1894.57077
G0 F15000 X111.91 Y165.002
G0 X111.7 Y168.396
G0 X112 Y168.396
;TYPE:SKIN
G1 F1644.1 X112 Y167.726 E1894.59751
G0 F15000 X112 Y167.428
G0 X112.001 Y141.603
G0 X112 Y140.9
G1 F1644.1 X112 Y141.302 E1894.61355
G1 F2400 E1894.11355
G0 F15000 X112 Y141.603
G0 X112.228 Y168.625
G0 X112.086 Y168.989
G0 X112.087 Y171.011
G0 X112.228 Y171.372
G0 X112.228 Y172.285
G0 X112.09 Y174.12
G0 X112.4 Y174.4
;TYPE:WALL-INNER
G1 F2400 E1894.61355
G1 F1972.9 X112.4 Y171.2 E1894.71999
G1 X111.6 Y171.2 E1894.7466
G1 X111.6 Y174.4 E1894.85303
G1 X112.4 Y174.4 E1894.87964
G0 F15000 X112.8 Y174.8
;TYPE:WALL-OUTER
G1 F1972.9 X112.8 Y170.8 E1895.01268
G1 X111.2 Y170.8 E1895.06589
G1 X111.2 Y174.8 E1895.19893
G1 X112.8 Y174.8 E1895.25215
G0 F15000 X112.52 Y174.52
G0 X112.09 Y173.113
G0 X112.319 Y173.113
;TYPE:FILL
G1 F1972.9 X111.681 Y173.284 E1895.27412
G0 F15000 X111.91 Y173.284
G0 X111.832 Y172.872
G0 X111.7 Y171.6
G0 X112 Y171.6
;TYPE:SKIN
G1 F1644.1 X112 Y172.27 E1895.30086
G1 F2400 E1894.80086
G0 F15000 X112 Y172.572
G0 X112.57 Y174.12
G0 X113.665 Y174.12
G0 X123.335 Y174.12
G0 X124.43 Y174.12
G0 X125.09 Y174.12
G0 X125.4 Y174.4
;TYPE:WALL-INNER
G1 F2400 E1895.30086
G1 F1972.9 X125.4 Y171.2 E1895.40729
G1 X124.6 Y171.2 E1895.4339
G1 X124.6 Y174.4 E1895.54033
G1 X125.4 Y174.4 E1895.56694
G0 F15000 X125.8 Y174.8
;TYPE:WALL-OUTER
G1 F1972.9 X125.8 Y170.8 E1895.69998
G1 X124.2 Y170.8 E1895.7532
G1 X124.2 Y174.8 E1895.88624
G1 X125.8 Y174.8 E1895.93945
G0 F15000 X125.52 Y174.52
G0 X125.09 Y172.761
G0 X125.32 Y172.761
;TYPE:FILL
G1 F1972.9 X124.911 Y172.352 E1895.95869
G0 F15000 X125 Y171.6
;TYPE:SKIN
G1 F1644.1 X125 Y172.272 E1895.98551
G1 F2400 E1895.48551
G0 F15000 X125 Y172.572
G0 X125.4 Y171.031
G0 X125.4 Y168.969
G0 X125.4 Y168.796
;TYPE:WALL-INNER
G1 F2400 E1895.98551
G1 F1972.9 X125.4 Y140.5 E1896.92664
G1 X124.6 Y140.5 E1896.95325
G1 X124.6 Y168.796 E1897.89438
G1 X125.4 Y168.796 E1897.92099
G1 F2400 E1897.42099
G0 F15000 X125.521 Y140.382
G0 X125.8 Y140.1
;TYPE:WALL-OUTER
G1 F2400 E1897.92099
G1 F1972.9 X124.2 Y140.1 E1897.9742
G1 X124.2 Y169.196 E1898.94194
G1 X125.8 Y169.196 E1898.99516
G1 X125.8 Y140.1 E1899.96289
G0 F15000 X125.521 Y140.382
G0 X125.091 Y144.782
G0 X125.319 Y144.783
;TYPE:FILL
G1 F1972.9 X124.68 Y144.955 E1899.9849
G0 F15000 X124.91 Y144.955
G0 X124.91 Y149.494
G0 X124.68 Y149.494
G1 F1972.9 X125.321 Y150.134 E1900.01503
G0 F15000 X125.091 Y150.133
G0 X125.091 Y153.065
G0 X125.319 Y153.066
G1 F1972.9 X124.681 Y153.237 E1900.037
G0 F15000 X124.91 Y153.237
G0 X124.91 Y160.807
G0 X124.68 Y160.807
G1 F1972.9 X125.321 Y161.448 E1900.06715
G1 X125.319 Y161.348
G1 X124.681 Y161.519 E1900.08912
G0 F15000 X124.91 Y161.519
G0 X124.7 Y168.396
G0 X125 Y168.396
;TYPE:SKIN
G1 F1644.1 X125 Y167.726 E1900.11586
G0 F15000 X125 Y167.428
G0 X125.001 Y141.603
G0 X125 Y140.9
G1 F1644.1 X125 Y141.302 E1900.1319
G1 F2400 E1899.6319
;MESH:NONMESH
G0 F300 X125 Y141.302 Z18.2
G0 F15000 X125 Y141.603
G0 X124.424 Y168.975
G0 X123.335 Y168.975
G0 X113.665 Y171.024
G0 X112.576 Y171.024
G0 X112.09 Y174.12
G0 X112.4 Y174.4
;TIME_ELAPSED:2687.817008
;LAYER:90
;note -- min layer time used
;TYPE:WALL-INNER
;MESH:Limiter bracketV2.stl
G1 F2400 E1900.1319
G1 F1974.4 X112.4 Y140.7 E1901.25277
G1 X111.6 Y140.7 E1901.27938
G1 X111.6 Y174.4 E1902.40025
G1 X112.4 Y174.4 E1902.42685
G0 F15000 X112.8 Y174.8
;TYPE:WALL-OUTER
G1 F1974.4 X112.8 Y140.3 E1903.57433
G1 X111.2 Y140.3 E1903.62754
G1 X111.2 Y174.8 E1904.77502
G1 X112.8 Y174.8 E1904.82824
G0 F15000 X112.52 Y174.52
G0 X112.09 Y173.26
G0 X112.319 Y173.26
;TYPE:FILL
G1 F1974.4 X111.68 Y173.432 E1904.85025
G0 F15000 X111.91 Y173.432
G0 X111.772 Y172.354
G0 X111.772 Y168.118
G0 X111.91 Y165.149
G0 X111.68 Y165.149
G1 F1974.4 X112.32 Y164.978 E1904.87228
G0 F15000 X112.09 Y164.978
G0 X112.09 Y159.561
G0 X112.32 Y159.561
G1 F1974.4 X111.68 Y158.92 E1904.90241
G0 F15000 X111.91 Y158.92
G0 X111.91 Y156.867
G0 X111.681 Y156.867
G1 F1974.4 X112.32 Y156.696 E1904.92441
G0 F15000 X111.68 Y156.64
G1 F1974.4 X112.32 Y154.252 E1905.00663
G0 F15000 X112.09 Y154.252
G0 X111.91 Y148.585
G0 X111.68 Y148.585
G1 F1974.4 X112.319 Y148.414 E1905.02864
G1 X112.32 Y148.247
G1 X111.68 Y147.606 E1905.05876
G0 F15000 X111.91 Y147.606
G0 X112.001 Y141.803
G0 X112 Y141.1
;TYPE:SKIN
G1 F1645.3 X112 Y141.502 E1905.07481
G1 F2400 E1904.57481
G0 F15000 X112 Y141.803
G0 X112.228 Y167.646
G0 X112.228 Y172.353
G0 X112 Y172.124
G1 F2400 E1905.07481
G1 F1645.3 X112 Y167.874 E1905.24443
G1 F2400 E1904.74443
G0 F15000 X112 Y167.574
G0 X112.57 Y174.12
G0 X113.665 Y174.12
G0 X123.335 Y174.12
G0 X124.43 Y174.12
G0 X125.09 Y174.12
G0 X125.4 Y174.4
;TYPE:WALL-INNER
G1 F2400 E1905.24443
G1 F1974.4 X125.4 Y140.7 E1906.3653
G1 X124.6 Y140.7 E1906.39191
G1 X124.6 Y174.4 E1907.51278
G1 X125.4 Y174.4 E1907.53938
G0 F15000 X125.8 Y174.8
;TYPE:WALL-OUTER
G1 F1974.4 X125.8 Y140.3 E1908.68686
G1 X124.2 Y140.3 E1908.74007
G1 X124.2 Y174.8 E1909.88755
G1 X125.8 Y174.8 E1909.94077
G0 F15000 X125.52 Y174.52
G0 X125.09 Y172.561
G0 X125.321 Y172.561
;TYPE:FILL
G1 F1974.4 X124.966 Y172.206 E1909.95746
G0 F15000 X124.966 Y172.426
G0 X125.228 Y172.354
G0 X125.228 Y167.646
G0 X125.256 Y167.794
G1 F1974.4 X125.32 Y167.554 E1909.96573
G0 F15000 X125.091 Y167.553
G0 X124.91 Y161.666
G0 X124.681 Y161.666
G1 F1974.4 X125.32 Y161.495 E1909.98773
G0 F15000 X125.32 Y161.247
G1 F1974.4 X124.68 Y160.607 E1910.01783
G0 F15000 X124.91 Y160.607
G0 X124.91 Y153.384
G0 X124.68 Y153.384
G1 F1974.4 X125.319 Y153.213 E1910.03983
G0 F15000 X125.091 Y153.212
G0 X125.091 Y149.932
G0 X125.32 Y149.933
G1 F1974.4 X124.68 Y149.293 E1910.06993
G0 F15000 X124.91 Y149.293
G0 X124.91 Y145.102
G0 X124.68 Y145.102
G1 F1974.4 X125.32 Y144.93 E1910.09198
G0 F15000 X125.091 Y144.929
G0 X125.001 Y141.803
G0 X125 Y141.1
;TYPE:SKIN
G1 F1645.3 X125 Y141.502 E1910.10802
G1 F2400 E1909.60802
G0 F15000 X125 Y141.803
G0 X124.772 Y167.647
G0 X124.772 Y172.354
G0 X125 Y172.124
G1 F2400 E1910.10802
G1 F1645.3 X125 Y167.874 E1910.27765
G1 F2400 E1909.77765
;MESH:NONMESH
G0 F300 X125 Y167.874 Z18.4
G0 F15000 X125 Y167.574
G0 X124.43 Y174.12
G0 X123.335 Y174.12
G0 X113.665 Y174.12
G0 X112.57 Y174.12
G0 X112.09 Y174.12
G0 X112.4 Y174.4
;TIME_ELAPSED:2704.081405
;LAYER:91
;note -- min layer time used
;TYPE:WALL-INNER
;MESH:Limiter bracketV2.stl
G1 F2400 E1910.27765
G1 F1942.9 X112.4 Y140.9 E1911.39186
G1 X111.6 Y140.9 E1911.41847
G1 X111.6 Y174.4 E1912.53268
G1 X112.4 Y174.4 E1912.55929
G0 F15000 X112.8 Y174.8
;TYPE:WALL-OUTER
G1 F1942.9 X112.8 Y140.5 E1913.70012
G1 X111.2 Y140.5 E1913.75333
G1 X111.2 Y174.8 E1914.89415
G1 X112.8 Y174.8 E1914.94737
G0 F15000 X112.52 Y174.52
G0 X112.09 Y173.406
G0 X112.319 Y173.406
;TYPE:FILL
G1 F1942.9 X111.681 Y173.577 E1914.96934
G0 F15000 X111.91 Y173.577
G0 X111.772 Y172.146
G0 X111.772 Y168.283
G0 X111.91 Y165.295
G0 X111.68 Y165.295
G1 F1942.9 X112.319 Y165.124 E1914.99134
G0 F15000 X112.09 Y165.124
G0 X112.09 Y159.361
G0 X112.32 Y159.361
G1 F1942.9 X111.68 Y158.721 E1915.02144
G0 F15000 X111.91 Y158.721
G0 X111.91 Y157.013
G0 X111.68 Y157.013
G1 F1942.9 X112.32 Y156.842 E1915.04348
G0 F15000 X111.68 Y156.094
G1 F1942.9 X112.32 Y153.706 E1915.12571
G0 F15000 X112.09 Y153.706
G0 X111.91 Y148.731
G0 X111.68 Y148.731
G1 F1942.9 X112.319 Y148.56 E1915.14771
G0 F15000 X112.32 Y148.048
G1 F1942.9 X111.68 Y147.407 E1915.17783
G0 F15000 X111.91 Y147.407
G0 X112.001 Y142.003
G0 X112 Y141.3
;TYPE:SKIN
G1 F1619.1 X112 Y141.702 E1915.19388
G1 F2400 E1914.69388
G0 F15000 X112 Y142.003
G0 X112.228 Y167.854
G0 X112.228 Y172.146
G0 X112 Y171.916
G1 F2400 E1915.19388
G1 F1619.1 X112 Y168.08 E1915.34698
G1 F2400 E1914.84698
G0 F15000 X112 Y167.782
G0 X112.57 Y174.12
G0 X113.665 Y174.12
G0 X123.335 Y174.12
G0 X124.43 Y174.12
G0 X125.09 Y174.12
G0 X125.4 Y174.4
;TYPE:WALL-INNER
G1 F2400 E1915.34698
G1 F1942.9 X125.4 Y140.9 E1916.4612
G1 X124.6 Y140.9 E1916.4878
G1 X124.6 Y174.4 E1917.60202
G1 X125.4 Y174.4 E1917.62863
G0 F15000 X125.8 Y174.8
;TYPE:WALL-OUTER
G1 F1942.9 X125.8 Y140.5 E1918.76945
G1 X124.2 Y140.5 E1918.82267
G1 X124.2 Y174.8 E1919.96349
G1 X125.8 Y174.8 E1920.0167
G0 F15000 X125.52 Y174.52
G0 X125.09 Y172.362
G0 X125.321 Y172.362
;TYPE:FILL
G1 F1942.9 X124.957 Y171.998 E1920.03383
G0 F15000 X124.957 Y172.218
G0 X125.228 Y172.146
G0 X125.228 Y167.854
G0 X125.054 Y168.003
G1 F1942.9 X125.32 Y167.009 E1920.06805
G0 F15000 X125.091 Y167.008
G0 X124.91 Y161.812
G0 X124.68 Y161.812
G1 F1942.9 X125.32 Y161.641 E1920.09008
G0 F15000 X125.321 Y161.048
G1 F1942.9 X124.68 Y160.407 E1920.12023
G0 F15000 X124.91 Y160.407
G0 X124.91 Y153.53
G0 X124.681 Y153.53
G1 F1942.9 X125.319 Y153.359 E1920.1422
G0 F15000 X125.091 Y153.358
G0 X125.091 Y149.733
G0 X125.321 Y149.734
G1 F1942.9 X124.68 Y149.093 E1920.17235
G0 F15000 X124.91 Y149.093
G0 X124.91 Y145.248
G0 X124.68 Y145.248
G1 F1942.9 X125.32 Y145.076 E1920.1944
G0 F15000 X125.091 Y145.075
G0 X125.001 Y142.003
G0 X125 Y141.3
;TYPE:SKIN
G1 F1619.1 X125 Y141.702 E1920.21044
G1 F2400 E1919.71044
G0 F15000 X125 Y142.003
G0 X125.228 Y167.854
G0 X125.228 Y172.146
G0 X125 Y171.916
G1 F2400 E1920.21044
G1 F1619.1 X125 Y168.08 E1920.36354
G1 F2400 E1919.86354
;MESH:NONMESH
G0 F300 X125 Y168.08 Z18.6
G0 F15000 X125 Y167.782
G0 X124.43 Y174.12
G0 X123.335 Y174.12
G0 X113.665 Y174.12
G0 X112.57 Y174.12
G0 X112.09 Y174.12
G0 X112.4 Y174.4
;TIME_ELAPSED:2720.463257
;LAYER:92
;note -- min layer time used
;TYPE:WALL-INNER
;MESH:Limiter bracketV2.stl
G1 F2400 E1920.36354
G1 F1929.4 X112.4 Y141.1 E1921.47111
G1 X111.6 Y141.1 E1921.49771
G1 X111.6 Y174.4 E1922.60528
G1 X112.4 Y174.4 E1922.63188
G0 F15000 X112.8 Y174.8
;TYPE:WALL-OUTER
G1 F1929.4 X112.8 Y140.7 E1923.76605
G1 X111.2 Y140.7 E1923.81927
G1 X111.2 Y174.8 E1924.95344
G1 X112.8 Y174.8 E1925.00666
G0 F15000 X112.52 Y174.52
G0 X112.09 Y173.553
G0 X112.319 Y173.553
;TYPE:FILL
G1 F1929.4 X111.681 Y173.724 E1925.02863
G0 F15000 X111.91 Y173.724
G0 X111.772 Y171.873
G0 X111.772 Y168.502
G0 X111.91 Y165.442
G0 X111.681 Y165.442
G1 F1929.4 X112.319 Y165.271 E1925.0506
G0 F15000 X112.09 Y165.271
G0 X112.09 Y159.161
G0 X112.32 Y159.161
G1 F1929.4 X111.68 Y158.52 E1925.08072
G0 F15000 X111.91 Y158.52
G0 X111.91 Y157.16
G0 X111.68 Y157.16
G1 F1929.4 X112.32 Y156.989 E1925.10276
G0 F15000 X112.09 Y156.989
G0 X111.91 Y155.546
G0 X111.68 Y155.546
G1 F1929.4 X112.32 Y153.159 E1925.18495
G0 F15000 X112.09 Y153.159
G0 X111.91 Y148.878
G0 X111.681 Y148.878
G1 F1929.4 X112.319 Y148.707 E1925.20692
G0 F15000 X112.32 Y147.847
G1 F1929.4 X111.68 Y147.206 E1925.23705
G0 F15000 X111.91 Y147.206
G0 X112.001 Y142.203
G0 X112 Y141.5
;TYPE:SKIN
G1 F1607.9 X112 Y141.902 E1925.25309
G1 F2400 E1924.75309
G0 F15000 X112 Y142.203
G0 X112.228 Y168.127
G0 X112.228 Y171.873
G0 X112 Y171.644
G1 F2400 E1925.25309
G1 F1607.9 X112 Y168.352 E1925.38448
G1 F2400 E1924.88448
G0 F15000 X112 Y168.055
G0 X112.57 Y174.12
G0 X113.665 Y174.12
G0 X123.335 Y174.12
G0 X124.43 Y174.12
G0 X125.09 Y174.12
G0 X125.4 Y174.4
;TYPE:WALL-INNER
G1 F2400 E1925.38448
G1 F1929.4 X125.4 Y141.1 E1926.49205
G1 X124.6 Y141.1 E1926.51865
G1 X124.6 Y174.4 E1927.62622
G1 X125.4 Y174.4 E1927.65282
G0 F15000 X125.8 Y174.8
;TYPE:WALL-OUTER
G1 F1929.4 X125.8 Y140.7 E1928.787
G1 X124.2 Y140.7 E1928.84021
G1 X124.2 Y174.8 E1929.97438
G1 X125.8 Y174.8 E1930.0276
G0 F15000 X125.52 Y174.52
G0 X125.09 Y172.16
G0 X125.32 Y172.16
;TYPE:FILL
G1 F1929.4 X124.885 Y171.725 E1930.04806
G0 F15000 X124.91 Y171.945
G0 X124.772 Y168.128
G0 X124.833 Y168.277
G1 F1929.4 X125.32 Y166.46 E1930.11063
G0 F15000 X125.091 Y166.459
G0 X124.91 Y161.959
G0 X124.681 Y161.959
G1 F1929.4 X125.319 Y161.788 E1930.1326
G0 F15000 X125.32 Y160.846
G1 F1929.4 X124.68 Y160.206 E1930.1627
G0 F15000 X124.91 Y160.206
G0 X124.91 Y153.677
G0 X124.681 Y153.677
G1 F1929.4 X125.319 Y153.506 E1930.18467
G0 F15000 X125.091 Y153.505
G0 X125.091 Y149.532
G0 X125.32 Y149.533
G1 F1929.4 X124.68 Y148.893 E1930.21477
G0 F15000 X124.91 Y148.893
G0 X124.91 Y145.394
G0 X124.681 Y145.394
G1 F1929.4 X125.32 Y145.223 E1930.23677
G0 F15000 X125.091 Y145.222
G0 X125.001 Y142.203
G0 X125 Y141.5
;TYPE:SKIN
G1 F1607.9 X125 Y141.902 E1930.25282
G1 F2400 E1929.75282
G0 F15000 X125 Y142.203
G0 X125.228 Y168.127
G0 X125.228 Y171.872
G0 X125 Y171.642
G1 F2400 E1930.25282
G1 F1607.9 X125 Y168.354 E1930.38405
G1 F2400 E1929.88405
;MESH:NONMESH
G0 F300 X125 Y168.354 Z18.8
G0 F15000 X125 Y168.055
G0 X124.43 Y174.12
G0 X123.335 Y174.12
G0 X113.665 Y174.12
G0 X112.57 Y174.12
G0 X112.09 Y174.12
G0 X112.4 Y174.4
;TIME_ELAPSED:2736.845512
;LAYER:93
;note -- min layer time used
;TYPE:WALL-INNER
;MESH:Limiter bracketV2.stl
G1 F2400 E1930.38405
G1 F1906.5 X112.4 Y141.3 E1931.48496
G1 X111.6 Y141.3 E1931.51157
G1 X111.6 Y174.4 E1932.61248
G1 X112.4 Y174.4 E1932.63909
G0 F15000 X112.8 Y174.8
;TYPE:WALL-OUTER
G1 F1906.5 X112.8 Y140.9 E1933.7666
G1 X111.2 Y140.9 E1933.81982
G1 X111.2 Y174.8 E1934.94734
G1 X112.8 Y174.8 E1935.00056
G0 F15000 X112.52 Y174.52
G0 X112.09 Y173.699
G0 X112.319 Y173.699
;TYPE:FILL
G1 F1906.5 X111.68 Y173.87 E1935.02256
G0 F15000 X111.91 Y173.87
G0 X111.772 Y171.429
G0 X111.772 Y169.115
G0 X111.91 Y165.588
G0 X111.681 Y165.588
G1 F1906.5 X112.319 Y165.417 E1935.04453
G0 F15000 X112.09 Y165.417
G0 X112.09 Y158.961
G0 X112.32 Y158.961
G1 F1906.5 X111.68 Y158.321 E1935.07463
G0 F15000 X111.91 Y158.321
G0 X111.91 Y157.306
G0 X111.68 Y157.306
G1 F1906.5 X112.32 Y157.135 E1935.09666
G0 F15000 X112.09 Y157.135
G0 X111.91 Y155.001
G0 X111.68 Y155.001
G1 F1906.5 X112.32 Y152.615 E1935.17883
G0 F15000 X112.09 Y152.615
G0 X111.91 Y149.024
G0 X111.681 Y149.024
G1 F1906.5 X112.319 Y148.853 E1935.20079
G0 F15000 X112.09 Y148.853
G0 X112.09 Y147.647
G0 X112.32 Y147.647
G1 F1906.5 X111.68 Y147.007 E1935.2309
G0 F15000 X111.91 Y147.007
G0 X112.001 Y142.403
G0 X112 Y141.7
;TYPE:SKIN
G1 F1588.8 X112 Y142.102 E1935.24694
G0 F15000 X112 Y142.403
G0 X112.228 Y171.428
G0 X112 Y171.198
G1 F1588.8 X112 Y168.798 E1935.34273
G1 F2400 E1934.84273
G0 F15000 X112 Y168.499
G0 X112.57 Y174.12
G0 X113.665 Y174.12
G0 X123.335 Y174.12
G0 X124.43 Y174.12
G0 X125.09 Y174.12
G0 X125.4 Y174.4
;TYPE:WALL-INNER
G1 F2400 E1935.34273
G1 F1906.5 X125.4 Y141.3 E1936.44364
G1 X124.6 Y141.3 E1936.47025
G1 X124.6 Y174.4 E1937.57116
G1 X125.4 Y174.4 E1937.59777
G0 F15000 X125.8 Y174.8
;TYPE:WALL-OUTER
G1 F1906.5 X125.8 Y140.9 E1938.72529
G1 X124.2 Y140.9 E1938.7785
G1 X124.2 Y174.8 E1939.90602
G1 X125.8 Y174.8 E1939.95924
G0 F15000 X125.52 Y174.52
G0 X125.09 Y171.961
G0 X125.321 Y171.961
;TYPE:FILL
G1 F1906.5 X124.68 Y171.321 E1939.98937
G0 F15000 X124.91 Y171.501
G0 X124.772 Y168.571
G0 X124.91 Y168.304
G0 X124.68 Y168.304
G1 F1906.5 X125.32 Y165.915 E1940.07163
G0 F15000 X125.091 Y165.914
G0 X124.91 Y162.105
G0 X124.68 Y162.105
G1 F1906.5 X125.32 Y161.934 E1940.09366
G0 F15000 X125.091 Y161.933
G0 X125.091 Y160.646
G0 X125.32 Y160.647
G1 F1906.5 X124.68 Y160.007 E1940.12376
G0 F15000 X124.91 Y160.007
G0 X124.91 Y153.823
G0 X124.681 Y153.823
G1 F1906.5 X125.319 Y153.652 E1940.14573
G0 F15000 X125.091 Y153.651
G0 X125.091 Y149.332
G0 X125.32 Y149.333
G1 F1906.5 X124.68 Y148.693 E1940.17584
G0 F15000 X124.91 Y148.693
G0 X124.91 Y145.54
G0 X124.681 Y145.54
G1 F1906.5 X125.319 Y145.369 E1940.19781
G0 F15000 X125.091 Y145.368
G0 X125.001 Y142.403
G0 X125 Y141.7
;TYPE:SKIN
G1 F1588.8 X125 Y142.102 E1940.21385
G0 F15000 X125 Y142.403
G0 X125.228 Y171.429
G0 X125 Y171.2
G1 F1588.8 X125 Y168.796 E1940.3098
G1 F2400 E1939.8098
;MESH:NONMESH
G0 F300 X125 Y168.796 Z19
G0 F15000 X125 Y168.499
G0 X124.43 Y174.12
G0 X123.335 Y174.12
G0 X113.665 Y174.12
G0 X112.57 Y174.12
G0 X112.09 Y174.12
G0 X112.4 Y174.4
;TIME_ELAPSED:2753.088451
;LAYER:94
;note -- min layer time used
;TYPE:WALL-INNER
;MESH:Limiter bracketV2.stl
G1 F2400 E1940.3098
G1 F1847.8 X112.4 Y141.5 E1941.40406
G1 X111.6 Y141.5 E1941.43067
G1 X111.6 Y174.4 E1942.52492
G1 X112.4 Y174.4 E1942.55153
G0 F15000 X112.8 Y174.8
;TYPE:WALL-OUTER
G1 F1847.8 X112.8 Y141.1 E1943.6724
G1 X111.2 Y141.1 E1943.72561
G1 X111.2 Y174.8 E1944.84648
G1 X112.8 Y174.8 E1944.8997
G0 F15000 X112.52 Y174.52
G0 X112.09 Y173.846
G0 X112.319 Y173.846
;TYPE:FILL
G1 F1847.8 X111.68 Y174.017 E1944.9217
G0 F15000 X111.91 Y174.017
G0 X112.09 Y170.074
G0 X112.32 Y170.074
G1 F1847.8 X111.68 Y169.434 E1944.9518
G0 F15000 X111.91 Y169.434
G0 X111.91 Y165.735
G0 X111.68 Y165.735
G1 F1847.8 X112.319 Y165.564 E1944.9738
G0 F15000 X112.09 Y165.564
G0 X112.09 Y158.76
G0 X112.32 Y158.76
G1 F1847.8 X111.68 Y158.12 E1945.00391
G0 F15000 X111.68 Y157.453
G1 F1847.8 X112.32 Y157.282 E1945.02594
G0 F15000 X112.09 Y157.282
G0 X111.91 Y154.453
G0 X111.68 Y154.453
G1 F1847.8 X112.32 Y152.065 E1945.10817
G0 F15000 X112.09 Y152.065
G0 X111.91 Y149.171
G0 X111.681 Y149.171
G1 F1847.8 X112.32 Y148.999 E1945.13018
G0 F15000 X112.09 Y148.999
G0 X112.09 Y147.447
G0 X112.32 Y147.447
G1 F1847.8 X111.68 Y146.807 E1945.16028
G0 F15000 X111.91 Y146.807
G0 X112.001 Y142.603
G0 X112 Y141.9
;TYPE:SKIN
G1 F1539.9 X112 Y142.302 E1945.17633
G1 F2400 E1944.67633
G0 F15000 X112 Y142.603
G0 X112.57 Y174.12
G0 X113.665 Y174.12
G0 X123.335 Y174.12
G0 X124.43 Y174.12
G0 X125.09 Y174.12
G0 X125.4 Y174.4
;TYPE:WALL-INNER
G1 F2400 E1945.17633
G1 F1847.8 X125.4 Y141.5 E1946.27058
G1 X124.6 Y141.5 E1946.29719
G1 X124.6 Y174.4 E1947.39145
G1 X125.4 Y174.4 E1947.41806
G0 F15000 X125.8 Y174.8
;TYPE:WALL-OUTER
G1 F1847.8 X125.8 Y141.1 E1948.53893
G1 X124.2 Y141.1 E1948.59214
G1 X124.2 Y174.8 E1949.71301
G1 X125.8 Y174.8 E1949.76622
G0 F15000 X125.52 Y174.52
G0 X125.09 Y171.76
G0 X125.32 Y171.76
;TYPE:FILL
G1 F1847.8 X124.68 Y171.12 E1949.79633
G0 F15000 X124.68 Y170.534
G1 F1847.8 X125.319 Y170.363 E1949.81833
G0 F15000 X125.09 Y170.363
G0 X124.91 Y167.756
G0 X124.68 Y167.756
G1 F1847.8 X125.32 Y165.368 E1949.90056
G0 F15000 X125.09 Y165.368
G0 X124.91 Y162.252
G0 X124.68 Y162.252
G1 F1847.8 X125.32 Y162.081 E1949.92259
G0 F15000 X125.09 Y162.081
G0 X125.09 Y160.446
G0 X125.32 Y160.446
G1 F1847.8 X124.68 Y159.806 E1949.95269
G0 F15000 X124.91 Y159.806
G0 X124.91 Y153.97
G0 X124.681 Y153.97
G1 F1847.8 X125.319 Y153.799 E1949.97466
G0 F15000 X125.09 Y153.799
G0 X125.09 Y149.132
G0 X125.32 Y149.132
G1 F1847.8 X124.68 Y148.492 E1950.00477
G0 F15000 X124.91 Y148.492
G0 X124.91 Y145.688
G0 X124.68 Y145.688
G1 F1847.8 X125.32 Y145.516 E1950.02681
G0 F15000 X125.09 Y145.516
G0 X125.001 Y142.603
G0 X125 Y141.9
;TYPE:SKIN
G1 F1539.9 X125 Y142.302 E1950.04285
G1 F2400 E1949.54285
;MESH:NONMESH
G0 F300 X125 Y142.302 Z19.2
G0 F15000 X125 Y142.603
G0 X124.43 Y174.12
G0 X123.335 Y174.12
G0 X113.665 Y174.12
G0 X112.57 Y174.12
G0 X112.09 Y174.12
G0 X112.4 Y174.4
;TIME_ELAPSED:2769.001584
;LAYER:95
;note -- min layer time used
;TYPE:WALL-INNER
;MESH:Limiter bracketV2.stl
G1 F2400 E1950.04285
G1 F1853.1 X112.4 Y141.7 E1951.13046
G1 X111.6 Y141.7 E1951.15707
G1 X111.6 Y174.4 E1952.24467
G1 X112.4 Y174.4 E1952.27128
G0 F15000 X112.8 Y174.8
;TYPE:WALL-OUTER
G1 F1853.1 X112.8 Y141.3 E1953.3855
G1 X111.2 Y141.3 E1953.43871
G1 X111.2 Y174.8 E1954.55293
G1 X112.8 Y174.8 E1954.60614
G0 F15000 X112.319 Y173.992
;TYPE:FILL
G1 F1853.1 X111.68 Y174.164 E1954.62815
G0 F15000 X111.91 Y174.164
G0 X112.09 Y169.875
G0 X112.32 Y169.875
G1 F1853.1 X111.68 Y169.234 E1954.65828
G0 F15000 X111.91 Y169.234
G0 X111.91 Y165.881
G0 X111.681 Y165.881
G1 F1853.1 X112.319 Y165.71 E1954.68025
G0 F15000 X112.09 Y165.71
G0 X112.09 Y158.561
G0 X112.32 Y158.561
G1 F1853.1 X111.68 Y157.92 E1954.71038
G0 F15000 X111.68 Y157.599
G1 F1853.1 X112.32 Y157.428 E1954.73241
G0 F15000 X112.09 Y157.428
G0 X111.91 Y153.907
G0 X111.68 Y153.907
G1 F1853.1 X112.32 Y151.519 E1954.81464
G0 F15000 X112.09 Y151.519
G0 X111.91 Y149.317
G0 X111.68 Y149.317
G1 F1853.1 X112.32 Y149.145 E1954.83668
G0 F15000 X112.09 Y149.145
G0 X112.09 Y147.247
G0 X112.32 Y147.247
G1 F1853.1 X111.68 Y146.607 E1954.86678
G0 F15000 X111.91 Y146.607
G0 X112.001 Y142.803
G0 X112 Y142.1
;TYPE:SKIN
G1 F1544.3 X112 Y142.502 E1954.88283
G1 F2400 E1954.38283
G0 F15000 X112 Y142.803
G0 X112.57 Y174.12
G0 X113.665 Y174.12
G0 X123.335 Y174.12
G0 X124.43 Y174.12
G0 X125.09 Y174.12
G0 X125.4 Y174.4
;TYPE:WALL-INNER
G1 F2400 E1954.88283
G1 F1853.1 X125.4 Y141.7 E1955.97044
G1 X124.6 Y141.7 E1955.99704
G1 X124.6 Y174.4 E1957.08465
G1 X125.4 Y174.4 E1957.11126
G0 F15000 X125.8 Y174.8
;TYPE:WALL-OUTER
G1 F1853.1 X125.8 Y141.3 E1958.22547
G1 X124.2 Y141.3 E1958.27869
G1 X124.2 Y174.8 E1959.3929
G1 X125.8 Y174.8 E1959.44612
G0 F15000 X125.52 Y174.52
G0 X125.09 Y171.56
G0 X125.32 Y171.56
;TYPE:FILL
G1 F1853.1 X124.68 Y170.92 E1959.47622
G0 F15000 X124.681 Y170.68
G1 F1853.1 X125.319 Y170.509 E1959.49819
G0 F15000 X125.09 Y170.509
G0 X124.91 Y167.21
G0 X124.68 Y167.21
G1 F1853.1 X125.32 Y164.823 E1959.58039
G0 F15000 X125.09 Y164.823
G0 X124.91 Y162.398
G0 X124.68 Y162.398
G1 F1853.1 X125.32 Y162.227 E1959.60242
G0 F15000 X125.09 Y162.227
G0 X125.09 Y160.247
G0 X125.32 Y160.247
G1 F1853.1 X124.68 Y159.607 E1959.63252
G0 F15000 X124.91 Y159.607
G0 X124.91 Y154.116
G0 X124.68 Y154.116
G1 F1853.1 X125.319 Y153.945 E1959.65453
G0 F15000 X125.09 Y153.945
G0 X125.09 Y148.933
G0 X125.32 Y148.933
G1 F1853.1 X124.68 Y148.293 E1959.68463
G0 F15000 X124.91 Y148.293
G0 X124.91 Y145.834
G0 X124.68 Y145.834
G1 F1853.1 X125.319 Y145.662 E1959.70664
G0 F15000 X125.09 Y145.662
G0 X125.001 Y142.803
G0 X125 Y142.1
;TYPE:SKIN
G1 F1544.3 X125 Y142.502 E1959.72268
G1 F2400 E1959.22268
;MESH:NONMESH
G0 F300 X125 Y142.502 Z19.4
G0 F15000 X125 Y142.803
G0 X124.43 Y174.12
G0 X123.335 Y174.12
G0 X113.665 Y174.12
G0 X112.57 Y174.12
G0 X112.09 Y174.12
G0 X112.4 Y174.4
;TIME_ELAPSED:2784.768584
;LAYER:96
;note -- min layer time used
;TYPE:WALL-INNER
;MESH:Limiter bracketV2.stl
G1 F2400 E1959.72268
G1 F1843.1 X112.4 Y141.9 E1960.80364
G1 X111.6 Y141.9 E1960.83025
G1 X111.6 Y174.4 E1961.9112
G1 X112.4 Y174.4 E1961.93781
G0 F15000 X112.8 Y174.8
;TYPE:WALL-OUTER
G1 F1843.1 X112.8 Y141.5 E1963.04537
G1 X111.2 Y141.5 E1963.09859
G1 X111.2 Y174.8 E1964.20615
G1 X112.8 Y174.8 E1964.25937
G0 F15000 X112.319 Y174.138
;TYPE:FILL
G1 F1843.1 X111.68 Y174.31 E1964.28138
G0 F15000 X111.88 Y174.12
G0 X112.09 Y169.675
G0 X112.32 Y169.675
G1 F1843.1 X111.68 Y169.035 E1964.31148
G0 F15000 X111.91 Y169.035
G0 X111.91 Y166.027
G0 X111.68 Y166.027
G1 F1843.1 X112.319 Y165.856 E1964.33348
G0 F15000 X112.09 Y165.856
G0 X112.09 Y158.361
G0 X112.32 Y158.361
G1 F1843.1 X111.68 Y157.722 E1964.36356
G1 X111.681 Y157.745
G1 X112.319 Y157.574 E1964.38553
G0 F15000 X112.09 Y157.574
G0 X111.91 Y153.362
G0 X111.68 Y153.362
G1 F1843.1 X112.32 Y150.977 E1964.46766
G0 F15000 X112.09 Y150.977
G0 X111.91 Y149.463
G0 X111.681 Y149.463
G1 F1843.1 X112.32 Y149.292 E1964.48966
G0 F15000 X112.09 Y149.292
G0 X112.09 Y147.047
G0 X112.32 Y147.047
G1 F1843.1 X111.68 Y146.408 E1964.51974
G0 F15000 X111.91 Y146.408
G0 X112.001 Y143.003
G0 X112 Y142.3
;TYPE:SKIN
G1 F1535.9 X112 Y142.702 E1964.53579
G1 F2400 E1964.03579
G0 F15000 X112 Y143.003
G0 X112.57 Y174.12
G0 X113.665 Y174.12
G0 X123.335 Y174.12
G0 X124.43 Y174.12
G0 X125.09 Y174.12
G0 X125.4 Y174.4
;TYPE:WALL-INNER
G1 F2400 E1964.53579
G1 F1843.1 X125.4 Y141.9 E1965.61674
G1 X124.6 Y141.9 E1965.64335
G1 X124.6 Y174.4 E1966.7243
G1 X125.4 Y174.4 E1966.75091
G0 F15000 X125.8 Y174.8
;TYPE:WALL-OUTER
G1 F1843.1 X125.8 Y141.5 E1967.85847
G1 X124.2 Y141.5 E1967.91169
G1 X124.2 Y174.8 E1969.01925
G1 X125.8 Y174.8 E1969.07247
G0 F15000 X125.52 Y174.52
G0 X125.09 Y171.362
G0 X125.321 Y171.362
;TYPE:FILL
G1 F1843.1 X124.68 Y170.721 E1969.10262
G1 X124.68 Y170.826
G1 X125.319 Y170.655 E1969.12462
G0 F15000 X125.09 Y170.655
G0 X124.91 Y166.666
G0 X124.68 Y166.666
G1 F1843.1 X125.32 Y164.278 E1969.20685
G0 F15000 X125.09 Y164.278
G0 X124.91 Y162.544
G0 X124.681 Y162.544
G1 F1843.1 X125.319 Y162.373 E1969.22882
G0 F15000 X125.09 Y162.373
G0 X125.09 Y160.048
G0 X125.321 Y160.048
G1 F1843.1 X124.68 Y159.407 E1969.25897
G0 F15000 X124.91 Y159.407
G0 X124.91 Y154.262
G0 X124.68 Y154.262
G1 F1843.1 X125.32 Y154.09 E1969.28101
G0 F15000 X125.09 Y154.09
G0 X125.09 Y148.734
G0 X125.321 Y148.734
G1 F1843.1 X124.68 Y148.094 E1969.31114
G0 F15000 X124.91 Y148.094
G0 X124.91 Y145.979
G0 X124.681 Y145.979
G1 F1843.1 X125.319 Y145.808 E1969.33311
G0 F15000 X125.09 Y145.808
G0 X125.001 Y143.003
G0 X125 Y142.3
;TYPE:SKIN
G1 F1535.9 X125 Y142.702 E1969.34915
G1 F2400 E1968.84915
;MESH:NONMESH
G0 F300 X125 Y142.702 Z19.6
G0 F15000 X125 Y143.003
G0 X124.43 Y174.12
G0 X123.335 Y174.12
G0 X113.665 Y174.12
G0 X112.57 Y174.12
G0 X112.09 Y174.12
G0 X112.4 Y174.4
;TIME_ELAPSED:2800.454638
;LAYER:97
;note -- min layer time used
;TYPE:WALL-INNER
;MESH:Limiter bracketV2.stl
G1 F2400 E1969.34915
G1 F1829.4 X112.4 Y142.1 E1970.42345
G1 X111.6 Y142.1 E1970.45006
G1 X111.6 Y174.4 E1971.52436
G1 X112.4 Y174.4 E1971.55097
G0 F15000 X112.8 Y174.8
;TYPE:WALL-OUTER
G1 F1829.4 X112.8 Y141.7 E1972.65188
G1 X111.2 Y141.7 E1972.7051
G1 X111.2 Y174.8 E1973.80601
G1 X112.8 Y174.8 E1973.85923
G0 F15000 X112.32 Y174.285
;TYPE:FILL
G1 F1829.4 X112.188 Y174.32 E1973.86377
G0 F15000 X112.188 Y174.09
G0 X112.09 Y169.474
G0 X112.32 Y169.474
G1 F1829.4 X111.68 Y168.834 E1973.89387
G0 F15000 X111.91 Y168.834
G0 X111.91 Y166.174
G0 X111.68 Y166.174
G1 F1829.4 X112.319 Y166.003 E1973.91587
G0 F15000 X112.09 Y166.003
G0 X112.09 Y158.161
G0 X112.32 Y158.161
G1 F1829.4 X111.68 Y157.52 E1973.946
G0 F15000 X111.681 Y157.892
G1 F1829.4 X112.319 Y157.721 E1973.96797
G0 F15000 X112.09 Y157.721
G0 X111.91 Y152.815
G0 X111.68 Y152.815
G1 F1829.4 X112.32 Y150.427 E1974.0502
G0 F15000 X112.32 Y149.439
G1 F1829.4 X111.68 Y149.61 E1974.07223
G0 F15000 X111.91 Y149.61
G0 X112.09 Y146.847
G0 X112.32 Y146.847
G1 F1829.4 X111.68 Y146.206 E1974.10236
G0 F15000 X111.91 Y146.206
G0 X112.001 Y143.203
G0 X112 Y142.5
;TYPE:SKIN
G1 F1524.5 X112 Y142.902 E1974.1184
G1 F2400 E1973.6184
G0 F15000 X112 Y143.203
G0 X112.57 Y174.12
G0 X113.665 Y174.12
G0 X123.335 Y174.12
G0 X124.43 Y174.12
G0 X125.09 Y174.12
G0 X125.4 Y174.4
;TYPE:WALL-INNER
G1 F2400 E1974.1184
G1 F1829.4 X125.4 Y142.1 E1975.1927
G1 X124.6 Y142.1 E1975.21931
G1 X124.6 Y174.4 E1976.29362
G1 X125.4 Y174.4 E1976.32022
G0 F15000 X125.8 Y174.8
;TYPE:WALL-OUTER
G1 F1829.4 X125.8 Y141.7 E1977.42113
G1 X124.2 Y141.7 E1977.47435
G1 X124.2 Y174.8 E1978.57526
G1 X125.8 Y174.8 E1978.62848
G0 F15000 X125.52 Y174.52
G0 X125.09 Y171.16
G0 X125.32 Y171.16
;TYPE:FILL
G1 F1829.4 X124.68 Y170.52 E1978.65858
G0 F15000 X124.68 Y170.973
G1 F1829.4 X125.319 Y170.802 E1978.68058
G0 F15000 X125.09 Y170.802
G0 X124.91 Y166.118
G0 X124.68 Y166.118
G1 F1829.4 X125.32 Y163.73 E1978.76281
G0 F15000 X125.09 Y163.73
G0 X125.09 Y162.52
G0 X125.319 Y162.52
G1 F1829.4 X124.681 Y162.691 E1978.78478
G0 F15000 X124.91 Y162.691
G0 X125.09 Y159.846
G0 X125.32 Y159.846
G1 F1829.4 X124.68 Y159.207 E1978.81486
G0 F15000 X124.91 Y159.207
G0 X124.91 Y154.409
G0 X124.68 Y154.409
G1 F1829.4 X125.319 Y154.238 E1978.83686
G0 F15000 X125.09 Y154.238
G0 X125.09 Y148.533
G0 X125.32 Y148.533
G1 F1829.4 X124.68 Y147.893 E1978.86696
G0 F15000 X124.91 Y147.893
G0 X124.91 Y146.126
G0 X124.681 Y146.126
G1 F1829.4 X125.319 Y145.955 E1978.88893
G0 F15000 X125.09 Y145.955
G0 X125.001 Y143.203
G0 X125 Y142.5
;TYPE:SKIN
G1 F1524.5 X125 Y142.902 E1978.90498
G1 F2400 E1978.40498
;MESH:NONMESH
G0 F300 X125 Y142.902 Z19.8
G0 F15000 X125 Y143.203
G0 X124.43 Y174.12
G0 X123.335 Y174.12
G0 X113.665 Y174.12
G0 X112.57 Y174.12
G0 X112.09 Y174.12
G0 X112.4 Y174.4
;TIME_ELAPSED:2816.117688
;LAYER:98
;note -- min layer time used
;TYPE:WALL-INNER
;MESH:Limiter bracketV2.stl
G1 F2400 E1978.90498
G1 F1816.8 X112.4 Y142.3 E1979.97263
G1 X111.6 Y142.3 E1979.99924
G1 X111.6 Y174.4 E1981.06689
G1 X112.4 Y174.4 E1981.09349
G0 F15000 X112.8 Y174.8
;TYPE:WALL-OUTER
G1 F1816.8 X112.8 Y141.9 E1982.18775
G1 X111.2 Y141.9 E1982.24097
G1 X111.2 Y174.8 E1983.33523
G1 X112.8 Y174.8 E1983.38844
G0 F15000 X112.52 Y174.52
G0 X112.09 Y169.274
G0 X112.32 Y169.274
;TYPE:FILL
G1 F1816.8 X111.68 Y168.634 E1983.41855
G0 F15000 X111.91 Y168.634
G0 X111.91 Y166.32
G0 X111.68 Y166.32
G1 F1816.8 X112.32 Y166.149 E1983.44058
G0 F15000 X112.09 Y166.149
G0 X111.91 Y158.038
G0 X111.681 Y158.038
G1 F1816.8 X112.319 Y157.867 E1983.46255
G1 X112.32 Y157.961
G1 X111.68 Y157.321 E1983.49265
G0 F15000 X111.91 Y157.321
G0 X111.91 Y152.269
G0 X111.68 Y152.269
G1 F1816.8 X112.32 Y149.883 E1983.57482
G0 F15000 X112.32 Y149.585
G1 F1816.8 X111.68 Y149.756 E1983.59685
G0 F15000 X111.91 Y149.756
G0 X112.09 Y146.647
G0 X112.32 Y146.647
G1 F1816.8 X111.68 Y146.007 E1983.62695
G0 F15000 X111.91 Y146.007
G0 X112.001 Y143.403
G0 X112 Y142.7
;TYPE:SKIN
G1 F1514 X112 Y143.102 E1983.643
G1 F2400 E1983.143
G0 F15000 X112 Y143.403
G0 X112.57 Y174.12
G0 X113.665 Y174.12
G0 X123.335 Y174.12
G0 X124.43 Y174.12
G0 X125.09 Y174.12
G0 X125.4 Y174.4
;TYPE:WALL-INNER
G1 F2400 E1983.643
G1 F1816.8 X125.4 Y142.3 E1984.71065
G1 X124.6 Y142.3 E1984.73726
G1 X124.6 Y174.4 E1985.80491
G1 X125.4 Y174.4 E1985.83151
G0 F15000 X125.8 Y174.8
;TYPE:WALL-OUTER
G1 F1816.8 X125.8 Y141.9 E1986.92577
G1 X124.2 Y141.9 E1986.97899
G1 X124.2 Y174.8 E1988.07325
G1 X125.8 Y174.8 E1988.12646
G0 F15000 X125.52 Y174.52
G0 X124.91 Y171.119
G0 X124.68 Y171.119
;TYPE:FILL
G1 F1816.8 X125.319 Y170.948 E1988.14847
G1 X125.321 Y170.961
G1 X124.68 Y170.321 E1988.17859
G0 F15000 X124.91 Y170.321
G0 X124.91 Y165.572
G0 X124.68 Y165.572
G1 F1816.8 X125.32 Y163.186 E1988.26076
G0 F15000 X125.319 Y162.666
G1 F1816.8 X124.681 Y162.837 E1988.28273
G0 F15000 X124.91 Y162.837
G0 X125.09 Y159.648
G0 X125.321 Y159.648
G1 F1816.8 X124.68 Y159.007 E1988.31288
G0 F15000 X124.91 Y159.007
G0 X124.91 Y154.555
G0 X124.68 Y154.555
G1 F1816.8 X125.32 Y154.383 E1988.33492
G0 F15000 X125.09 Y154.383
G0 X125.09 Y148.334
G0 X125.321 Y148.334
G1 F1816.8 X124.68 Y147.693 E1988.36507
G0 F15000 X124.91 Y147.693
G0 X124.91 Y146.272
G0 X124.68 Y146.272
G1 F1816.8 X125.32 Y146.101 E1988.3871
G0 F15000 X125.09 Y146.101
G0 X125.001 Y143.403
G0 X125 Y142.7
;TYPE:SKIN
G1 F1514 X125 Y143.102 E1988.40315
G1 F2400 E1987.90315
;MESH:NONMESH
G0 F300 X125 Y143.102 Z20
G0 F15000 X125 Y143.403
G0 X124.43 Y174.12
G0 X123.335 Y174.12
G0 X113.665 Y174.12
G0 X112.57 Y174.12
G0 X112.09 Y174.12
G0 X112.4 Y174.4
;TIME_ELAPSED:2831.522524
;LAYER:99
;note -- min layer time used
;TYPE:WALL-INNER
;MESH:Limiter bracketV2.stl
G1 F2400 E1988.40315
G1 F1807.1 X112.4 Y142.5 E1989.46414
G1 X111.6 Y142.5 E1989.49075
G1 X111.6 Y174.4 E1990.55175
G1 X112.4 Y174.4 E1990.57836
G0 F15000 X112.8 Y174.8
;TYPE:WALL-OUTER
G1 F1807.1 X112.8 Y142.1 E1991.66597
G1 X111.2 Y142.1 E1991.71918
G1 X111.2 Y174.8 E1992.80679
G1 X112.8 Y174.8 E1992.86
G0 F15000 X112.52 Y174.52
G0 X112.09 Y169.074
G0 X112.32 Y169.074
;TYPE:FILL
G1 F1807.1 X111.68 Y168.434 E1992.89011
G0 F15000 X111.91 Y168.434
G0 X111.91 Y166.467
G0 X111.68 Y166.467
G1 F1807.1 X112.32 Y166.296 E1992.91214
G0 F15000 X112.09 Y166.296
G0 X111.91 Y158.185
G0 X111.68 Y158.185
G1 F1807.1 X112.319 Y158.014 E1992.93414
G0 F15000 X112.32 Y157.76
G1 F1807.1 X111.68 Y157.121 E1992.96422
G0 F15000 X111.91 Y157.121
G0 X111.91 Y151.72
G0 X111.68 Y151.72
G1 F1807.1 X112.32 Y149.333 E1993.04642
G0 F15000 X112.32 Y149.732
G1 F1807.1 X111.68 Y149.903 E1993.06845
G0 F15000 X111.91 Y149.903
G0 X112.09 Y146.447
G0 X112.32 Y146.447
G1 F1807.1 X111.68 Y145.807 E1993.09856
G0 F15000 X111.91 Y145.807
G0 X112.001 Y143.603
G0 X112 Y142.9
;TYPE:SKIN
G1 F1505.9 X112 Y143.302 E1993.1146
G1 F2400 E1992.6146
G0 F15000 X112 Y143.603
G0 X112.57 Y174.12
G0 X113.665 Y174.12
G0 X123.335 Y174.12
G0 X124.43 Y174.12
G0 X125.09 Y174.12
G0 X125.4 Y174.4
;TYPE:WALL-INNER
G1 F2400 E1993.1146
G1 F1807.1 X125.4 Y142.5 E1994.1756
G1 X124.6 Y142.5 E1994.20221
G1 X124.6 Y174.4 E1995.2632
G1 X125.4 Y174.4 E1995.28981
G0 F15000 X125.8 Y174.8
;TYPE:WALL-OUTER
G1 F1807.1 X125.8 Y142.1 E1996.37742
G1 X124.2 Y142.1 E1996.43064
G1 X124.2 Y174.8 E1997.51824
G1 X125.8 Y174.8 E1997.57146
G0 F15000 X125.52 Y174.52
G0 X124.91 Y171.266
G0 X124.68 Y171.266
;TYPE:FILL
G1 F1807.1 X125.319 Y171.095 E1997.59346
G0 F15000 X125.32 Y170.76
G1 F1807.1 X124.68 Y170.12 E1997.62356
G0 F15000 X124.91 Y170.12
G0 X124.91 Y165.024
G0 X124.68 Y165.024
G1 F1807.1 X125.32 Y162.636 E1997.70579
G1 X125.319 Y162.813
G1 X124.68 Y162.984 E1997.72779
G0 F15000 X124.91 Y162.984
G0 X125.09 Y159.446
G0 X125.32 Y159.446
G1 F1807.1 X124.68 Y158.806 E1997.7579
G0 F15000 X124.91 Y158.806
G0 X124.91 Y154.702
G0 X124.68 Y154.702
G1 F1807.1 X125.32 Y154.53 E1997.77994
G0 F15000 X125.09 Y154.53
G0 X125.09 Y148.133
G0 X125.32 Y148.133
G1 F1807.1 X124.68 Y147.493 E1997.81004
G0 F15000 X124.91 Y147.493
G0 X124.91 Y146.419
G0 X124.681 Y146.419
G1 F1807.1 X125.32 Y146.248 E1997.83204
G0 F15000 X125.09 Y146.248
G0 X125.001 Y143.603
G0 X125 Y142.9
;TYPE:SKIN
G1 F1505.9 X125 Y143.302 E1997.84809
G1 F2400 E1997.34809
;MESH:NONMESH
G0 F300 X125 Y143.302 Z20.2
G0 F15000 X125 Y143.603
G0 X124.43 Y174.12
G0 X123.335 Y174.12
G0 X113.665 Y174.12
G0 X112.57 Y174.12
G0 X112.09 Y174.12
G0 X112.4 Y174.4
;TIME_ELAPSED:2846.948701
;LAYER:100
;note -- min layer time used
;TYPE:WALL-INNER
;MESH:Limiter bracketV2.stl
G1 F2400 E1997.84809
G1 F1797.5 X112.4 Y142.7 E1998.90243
G1 X111.6 Y142.7 E1998.92904
G1 X111.6 Y174.4 E1999.98339
G1 X112.4 Y174.4 E2000.01
G0 F15000 X112.8 Y174.8
;TYPE:WALL-OUTER
G1 F1797.5 X112.8 Y142.3 E2001.09095
G1 X111.2 Y142.3 E2001.14417
G1 X111.2 Y174.8 E2002.22512
G1 X112.8 Y174.8 E2002.27834
G0 F15000 X112.52 Y174.52
G0 X112.09 Y168.874
G0 X112.32 Y168.874
;TYPE:FILL
G1 F1797.5 X111.68 Y168.234 E2002.30844
G0 F15000 X111.91 Y168.234
G0 X111.91 Y166.613
G0 X111.68 Y166.613
G1 F1797.5 X112.32 Y166.442 E2002.33047
G0 F15000 X112.09 Y166.442
G0 X111.91 Y158.331
G0 X111.68 Y158.331
G1 F1797.5 X112.319 Y158.16 E2002.35248
G0 F15000 X112.32 Y157.56
G1 F1797.5 X111.68 Y156.92 E2002.38258
G0 F15000 X111.91 Y156.92
G0 X111.91 Y151.175
G0 X111.68 Y151.175
G1 F1797.5 X112.32 Y148.787 E2002.46481
G0 F15000 X112.09 Y148.787
G0 X112.09 Y149.878
G0 X112.319 Y149.878
G1 F1797.5 X111.681 Y150.049 E2002.48678
G0 F15000 X111.91 Y150.049
G0 X112.09 Y146.247
G0 X112.32 Y146.247
G1 F1797.5 X111.68 Y145.607 E2002.51688
G0 F15000 X111.91 Y145.607
G0 X112.001 Y143.803
G0 X112 Y143.1
;TYPE:SKIN
G1 F1497.9 X112 Y143.502 E2002.53292
G1 F2400 E2002.03292
G0 F15000 X112 Y143.803
G0 X112.57 Y174.12
G0 X113.665 Y174.12
G0 X123.335 Y174.12
G0 X124.43 Y174.12
G0 X125.09 Y174.12
G0 X125.4 Y174.4
;TYPE:WALL-INNER
G1 F2400 E2002.53292
G1 F1797.5 X125.4 Y142.7 E2003.58727
G1 X124.6 Y142.7 E2003.61388
G1 X124.6 Y174.4 E2004.66822
G1 X125.4 Y174.4 E2004.69483
G0 F15000 X125.8 Y174.8
;TYPE:WALL-OUTER
G1 F1797.5 X125.8 Y142.3 E2005.77579
G1 X124.2 Y142.3 E2005.829
G1 X124.2 Y174.8 E2006.90996
G1 X125.8 Y174.8 E2006.96317
G0 F15000 X125.52 Y174.52
G0 X124.91 Y171.412
G0 X124.68 Y171.412
;TYPE:FILL
G1 F1797.5 X125.319 Y171.241 E2006.98518
G0 F15000 X125.32 Y170.561
G1 F1797.5 X124.68 Y169.921 E2007.01528
G0 F15000 X124.91 Y169.921
G0 X124.91 Y164.478
G0 X124.68 Y164.478
G1 F1797.5 X125.32 Y162.091 E2007.09747
G0 F15000 X125.319 Y162.959
G1 F1797.5 X124.68 Y163.13 E2007.11948
G0 F15000 X124.91 Y163.13
G0 X125.09 Y159.247
G0 X125.32 Y159.247
G1 F1797.5 X124.68 Y158.607 E2007.14958
G0 F15000 X124.91 Y158.607
G0 X124.91 Y154.848
G0 X124.681 Y154.848
G1 F1797.5 X125.319 Y154.676 E2007.17156
G0 F15000 X125.09 Y154.676
G0 X125.09 Y147.933
G0 X125.32 Y147.933
G1 F1797.5 X124.68 Y147.293 E2007.20166
G0 F15000 X124.68 Y146.565
G1 F1797.5 X125.32 Y146.394 E2007.22369
G0 F15000 X125.09 Y146.394
G0 X125.001 Y143.803
G0 X125 Y143.1
;TYPE:SKIN
G1 F1497.9 X125 Y143.502 E2007.23974
G1 F2400 E2006.73974
;MESH:NONMESH
G0 F300 X125 Y143.502 Z20.4
G0 F15000 X125 Y143.803
G0 X124.43 Y174.12
G0 X123.335 Y174.12
G0 X113.665 Y174.12
G0 X112.57 Y174.12
G0 X112.09 Y174.12
G0 X112.4 Y174.4
;TIME_ELAPSED:2862.474206
;LAYER:101
;note -- min layer time used
;TYPE:WALL-INNER
;MESH:Limiter bracketV2.stl
G1 F2400 E2007.23974
G1 F2058.7 X112.4 Y142.9 E2008.28743
G1 X111.6 Y142.9 E2008.31404
G1 X111.6 Y174.4 E2009.36174
G1 X112.4 Y174.4 E2009.38834
G0 F15000 X112.8 Y174.8
;TYPE:WALL-OUTER
G1 F2058.7 X112.8 Y142.5 E2010.46265
G1 X111.2 Y142.5 E2010.51586
G1 X111.2 Y174.8 E2011.59016
G1 X112.8 Y174.8 E2011.64338
G1 F2400 E2011.14338
G0 F15000 X112.52 Y174.52
G0 X112.228 Y143.072
G0 X111.772 Y143.072
G0 X112 Y143.3
;TYPE:SKIN
G1 F2400 E2011.64338
G1 F1715.5 X112 Y174 E2012.86868
G1 F2400 E2012.36868
G0 F15000 X111.7 Y174
G0 X112.57 Y174.4
G0 X113.665 Y174.4
G0 X123.335 Y174.4
G0 X125.4 Y174.4
;TYPE:WALL-INNER
G1 F2400 E2012.86868
G1 F2058.7 X125.4 Y142.9 E2013.91638
G1 X124.6 Y142.9 E2013.94299
G1 X124.6 Y174.4 E2014.99068
G1 X125.4 Y174.4 E2015.01729
G0 F15000 X125.8 Y174.8
;TYPE:WALL-OUTER
G1 F2058.7 X125.8 Y142.5 E2016.09159
G1 X124.2 Y142.5 E2016.14481
G1 X124.2 Y174.8 E2017.21911
G1 X125.8 Y174.8 E2017.27233
G1 F2400 E2016.77233
G0 F15000 X125.52 Y174.52
G0 X125.228 Y143.072
G0 X124.772 Y143.072
G0 X125 Y143.3
;TYPE:SKIN
G1 F2400 E2017.27233
G1 F1715.5 X125 Y174 E2018.49763
G1 F2400 E2017.99763
;MESH:NONMESH
G0 F300 X125 Y174 Z20.6
G0 F15000 X124.7 Y174
G0 X124.43 Y174.4
G0 X123.335 Y174.4
G0 X113.665 Y174.4
G0 X112.4 Y174.4
;TIME_ELAPSED:2875.599436
;LAYER:102
;note -- min layer time used
;TYPE:WALL-INNER
;MESH:Limiter bracketV2.stl
G1 F2400 E2018.49763
G1 F2028 X112.4 Y143.1 E2019.53867
G1 X111.6 Y143.1 E2019.56528
G1 X111.6 Y174.4 E2020.60632
G1 X112.4 Y174.4 E2020.63293
G0 F15000 X112.8 Y174.8
;TYPE:WALL-OUTER
G1 F2028 X112.8 Y142.7 E2021.70058
G1 X111.2 Y142.7 E2021.7538
G1 X111.2 Y174.8 E2022.82145
G1 X112.8 Y174.8 E2022.87466
G1 F2400 E2022.37466
G0 F15000 X112.52 Y174.52
G0 X112.228 Y143.272
G0 X111.772 Y143.272
G0 X112 Y143.5
;TYPE:SKIN
G1 F2400 E2022.87466
G1 F1690 X112 Y174 E2024.09198
G1 F2400 E2023.59198
G0 F15000 X111.7 Y174
G0 X112.57 Y174.4
G0 X113.665 Y174.4
G0 X123.335 Y174.4
G0 X125.4 Y174.4
;TYPE:WALL-INNER
G1 F2400 E2024.09198
G1 F2028 X125.4 Y143.1 E2025.13303
G1 X124.6 Y143.1 E2025.15963
G1 X124.6 Y174.4 E2026.20068
G1 X125.4 Y174.4 E2026.22728
G0 F15000 X125.8 Y174.8
;TYPE:WALL-OUTER
G1 F2028 X125.8 Y142.7 E2027.29493
G1 X124.2 Y142.7 E2027.34815
G1 X124.2 Y174.8 E2028.4158
G1 X125.8 Y174.8 E2028.46902
G1 F2400 E2027.96902
G0 F15000 X125.52 Y174.52
G0 X125.228 Y143.272
G0 X124.772 Y143.272
G0 X125 Y143.5
;TYPE:SKIN
G1 F2400 E2028.46902
G1 F1690 X125 Y174 E2029.68634
G1 F2400 E2029.18634
;MESH:NONMESH
G0 F300 X125 Y174 Z20.8
G0 F15000 X124.7 Y174
G0 X124.43 Y174.4
G0 X123.335 Y174.4
G0 X113.665 Y174.4
G0 X112.4 Y174.4
;TIME_ELAPSED:2888.795889
;LAYER:103
;note -- min layer time used
;TYPE:WALL-INNER
;MESH:Limiter bracketV2.stl
G1 F2400 E2029.68634
G1 F2015.1 X112.4 Y143.3 E2030.72073
G1 X111.6 Y143.3 E2030.74734
G1 X111.6 Y174.4 E2031.78173
G1 X112.4 Y174.4 E2031.80834
G0 F15000 X112.8 Y174.8
;TYPE:WALL-OUTER
G1 F2015.1 X112.8 Y142.9 E2032.86933
G1 X111.2 Y142.9 E2032.92255
G1 X111.2 Y174.8 E2033.98355
G1 X112.8 Y174.8 E2034.03676
G1 F2400 E2033.53676
G0 F15000 X112.52 Y174.52
G0 X112.228 Y143.472
G0 X111.772 Y143.472
G0 X112 Y143.7
;TYPE:SKIN
G1 F2400 E2034.03676
G1 F1679.3 X112 Y174 E2035.2461
G1 F2400 E2034.7461
G0 F15000 X111.7 Y174
G0 X112.57 Y174.4
G0 X113.665 Y174.4
G0 X123.335 Y174.4
G0 X125.4 Y174.4
;TYPE:WALL-INNER
G1 F2400 E2035.2461
G1 F2015.1 X125.4 Y143.3 E2036.28049
G1 X124.6 Y143.3 E2036.3071
G1 X124.6 Y174.4 E2037.34149
G1 X125.4 Y174.4 E2037.3681
G0 F15000 X125.8 Y174.8
;TYPE:WALL-OUTER
G1 F2015.1 X125.8 Y142.9 E2038.4291
G1 X124.2 Y142.9 E2038.48231
G1 X124.2 Y174.8 E2039.54331
G1 X125.8 Y174.8 E2039.59653
G1 F2400 E2039.09653
G0 F15000 X125.52 Y174.52
G0 X125.228 Y143.472
G0 X124.772 Y143.472
G0 X125 Y143.7
;TYPE:SKIN
G1 F2400 E2039.59653
G1 F1679.3 X125 Y174 E2040.80587
G1 F2400 E2040.30587
;MESH:NONMESH
G0 F300 X125 Y174 Z21
G0 F15000 X124.7 Y174
G0 X124.43 Y174.4
G0 X123.335 Y174.4
G0 X113.665 Y174.4
G0 X112.4 Y174.4
;TIME_ELAPSED:2901.985061
;LAYER:104
;note -- min layer time used
;TYPE:WALL-INNER
;MESH:Limiter bracketV2.stl
G1 F2400 E2040.80587
G1 F2002.3 X112.4 Y143.5 E2041.83361
G1 X111.6 Y143.5 E2041.86021
G1 X111.6 Y174.4 E2042.88795
G1 X112.4 Y174.4 E2042.91456
G0 F15000 X112.8 Y174.8
;TYPE:WALL-OUTER
G1 F2002.3 X112.8 Y143.1 E2043.96891
G1 X111.2 Y143.1 E2044.02212
G1 X111.2 Y174.8 E2045.07647
G1 X112.8 Y174.8 E2045.12968
G1 F2400 E2044.62968
G0 F15000 X112.52 Y174.52
G0 X112.228 Y143.672
G0 X111.772 Y143.672
G1 F2400 E2045.12968
G0 F15000 X112 Y143.9
;TYPE:SKIN
G1 F1668.6 X112 Y174 E2046.33104
G1 F2400 E2045.83104
G0 F15000 X111.7 Y174
G0 X112.57 Y174.4
G0 X113.665 Y174.4
G0 X123.335 Y174.4
G0 X125.4 Y174.4
;TYPE:WALL-INNER
G1 F2400 E2046.33104
G1 F2002.3 X125.4 Y143.5 E2047.35878
G1 X124.6 Y143.5 E2047.38539
G1 X124.6 Y174.4 E2048.41313
G1 X125.4 Y174.4 E2048.43973
G0 F15000 X125.8 Y174.8
;TYPE:WALL-OUTER
G1 F2002.3 X125.8 Y143.1 E2049.49408
G1 X124.2 Y143.1 E2049.5473
G1 X124.2 Y174.8 E2050.60164
G1 X125.8 Y174.8 E2050.65486
G1 F2400 E2050.15486
G0 F15000 X125.52 Y174.52
G0 X125.228 Y143.672
G0 X124.772 Y143.672
G1 F2400 E2050.65486
G0 F15000 X125 Y143.9
;TYPE:SKIN
G1 F1668.6 X125 Y174 E2051.85621
;TIME_ELAPSED:2914.700981
G1 F2400 E2051.35621
M140 S0
M107
END_PRINT
M82 ;absolute extrusion mode
M104 S0
;End of Gcode
;SETTING_3 {"global_quality": "[general]\\nversion = 4\\nname = Standard Quality
;SETTING_3  #2\\ndefinition = creality_k1max\\n\\n[metadata]\\ntype = quality_ch
;SETTING_3 anges\\nquality_type = standard\\nsetting_version = 25\\n\\n[values]\
;SETTING_3 \nadhesion_type = brim\\nmaterial_bed_temperature = 45\\nsupport_enab
;SETTING_3 le = True\\n\\n", "extruder_quality": ["[general]\\nversion = 4\\nnam
;SETTING_3 e = Standard Quality #2\\ndefinition = creality_k1max\\n\\n[metadata]
;SETTING_3 \\ntype = quality_changes\\nquality_type = standard\\nsetting_version
;SETTING_3  = 25\\nposition = 0\\n\\n[values]\\nbrim_width = 4.0\\ninfill_sparse
;SETTING_3 _density = 15.0\\nmaterial_print_temperature = 230.0\\nspeed_print = 
;SETTING_3 200.0\\n\\n"]}
